sample_index,label,anomaly_score
4090,0,0.03762385141906498
32495,0,0.03008811834861326
45844,0,0.031007730306867924
11970,0,0.03867446557384805
24252,0,0.055675793332772526
7432,0,0.039258818902238826
2959,0,0.041171273763413896
14436,0,0.028000055676552324
12998,0,0.03833257114671003
22426,0,0.04102953644387702
35621,0,0.04120686684489297
38448,0,0.05682218469693769
19111,0,0.013995152143248943
21164,0,0.04141486960002528
38861,0,0.04098095246377117
16589,0,0.031248765655661703
18341,0,0.03251714668460041
41847,0,0.029656172851400136
45319,0,0.04019103344288977
20210,0,0.0395463419901223
15548,0,0.041171119883223084
48776,0,0.02236307439762185
36820,0,0.040598346674346183
41592,0,0.04039714977003401
16930,0,0.038606349087591994
41296,0,0.04000629201665412
43744,0,0.031470601664543664
42294,0,0.041216737312047905
46659,0,0.5477308548086748
5165,0,0.040817722388068654
15600,0,0.03977358648820517
18535,0,0.04117665317267966
17706,0,0.0303055986810242
32307,0,0.04138277504469172
21985,0,0.03818606246329133
46126,0,0.02872678621187398
42694,0,0.01668475958230624
35774,0,0.040952578807957406
23010,0,0.041042444107187964
34937,0,0.027160776679848182
3092,0,0.04109347622638655
10873,0,0.011523585706472383
44714,0,0.019361473285440113
45763,0,0.03794407728778684
2355,0,0.02250313531785862
30761,0,0.034239206943596195
28802,0,0.04117417564484338
42411,0,0.0347168117963913
29346,0,0.03012243508783467
23279,0,0.035748177859059704
43586,0,0.04098072836534078
39921,0,0.018473489532873935
27279,0,0.028430955045564598
48547,0,0.03800292189399456
20916,0,0.020958213549607703
15168,0,0.037623952737674625
15723,0,0.054654561740641344
8903,0,0.03767610492172348
29542,0,0.0406493358891788
25038,0,0.03024530535100039
19068,0,0.03817974133857326
3942,0,0.015438384599162134
40602,0,0.015317870918988398
37452,0,0.026944685798748466
35130,0,0.02273334588973161
46240,0,0.034760873165095914
40162,0,0.027942488609679364
38195,0,0.046791689508472574
7593,0,0.046115765963311316
29666,0,0.04122306881431983
26934,0,0.023540693986917
5309,0,0.0135891490639214
39093,0,0.040836172494947434
33129,0,0.04123654208162958
20853,0,0.04128906170452118
11,0,0.03932538910225136
12631,0,0.03840572579938659
36416,0,0.03818677625193824
16175,0,0.03527790689962774
16054,0,0.03755657243106877
27669,0,0.028198898273861205
15622,0,0.029663569153401185
39974,0,0.5476869774346672
40638,0,0.0246122791555047
17304,0,0.030112705860903876
35211,0,0.040906249543902075
44332,0,0.029303070535941195
16321,0,0.03766162285160777
12808,0,0.027630119058891678
14402,0,0.041103526075685175
43077,0,0.03217229961501134
4462,0,0.0384089612886075
35898,0,0.02928422509416012
5910,0,0.037860544562664356
11958,0,0.04115336768784944
16508,0,0.03987209600016083
27566,0,0.04111910971560437
5096,0,0.030245244313955998
32703,0,0.03453424344301722
27643,0,0.04097870991510531
27960,0,0.04115421893474227
43686,0,0.04115785032691956
46020,0,0.12931934912872528
11007,0,0.02650285850061771
17729,0,0.041363406488006946
5601,0,0.02170513810737179
24501,0,0.05753608068114838
19641,0,0.04097304372402438
10678,0,0.027577353701391652
39353,0,0.02704944689086688
15173,0,0.03509048943420745
19258,0,0.032054258372469245
5535,0,0.041213141976424957
21945,0,0.037517051979239636
10002,0,0.03771962820067824
32723,0,0.028213252980931258
1582,0,0.031564161925345564
3232,0,0.03816490845351139
12110,0,0.026851441837475485
9857,0,0.04110291584612425
17472,0,0.03815472740079928
10434,0,0.041154571853645724
33888,0,0.034024722763325375
25811,0,0.031394000052045484
21079,0,0.02981284672487985
24380,0,0.04072135529910285
10741,0,0.032575874893463586
23352,0,0.04087268408186568
25641,0,0.03750350769035584
29024,0,0.03818839361299657
27882,0,0.03120952875130662
4147,0,0.041134198451664106
871,0,0.031121885858445247
36791,0,0.02450295635691046
48991,0,0.027477853245725548
11576,0,0.030976364591946786
36048,0,0.0387986078725689
11148,0,0.03127206517536061
28804,0,0.03935901885783239
6103,0,0.02480116258242625
17551,0,0.040956993064416025
14023,0,0.04104186684439685
1163,0,0.02057972566480442
12126,0,0.03127802974566548
10912,0,0.04007592564846967
13835,0,0.04068814418489977
47479,0,0.0412694925702505
33733,0,0.03134935120865239
5294,0,0.02814036857372028
4731,0,0.037018089920827786
45366,0,0.03528005907069762
13078,0,0.039182514130295915
15356,0,0.040466160971789504
33805,0,0.041183983079129724
39769,0,0.02902377658306544
25369,0,0.025960992746549484
19139,0,0.029732235076689838
24598,0,0.03903717078285591
1778,0,0.04109471112181175
34262,0,0.04069734544765858
37515,0,0.03583738789405887
11552,0,0.039848843200747136
18213,0,0.3823850515413311
22695,0,0.028697267536349567
42248,0,0.038897477534167835
44469,0,0.040387533838929804
7103,0,0.01895265222165772
45332,0,0.0386757756724405
28266,0,0.039314943283299736
44584,0,0.03951684954246648
2913,0,0.027914647540787266
12831,0,0.04111223982673203
13568,0,0.02343262878669848
45257,0,0.028069512388867002
40943,0,0.022222658812547744
44799,0,0.03206714135150494
5339,0,0.035091613162597256
22050,0,0.0402850919396729
39190,0,0.04047268236881026
24462,0,0.03433978641336012
22919,0,0.03449807633520873
36238,0,0.04068257151593997
44619,0,0.038782227783671526
39637,0,0.03941953075793407
42873,0,0.23801506451965
43696,0,0.07012262537072203
24817,0,0.04066453713533974
44576,0,0.03991664938812602
12883,0,0.04096578938359913
41294,0,0.022991039739545627
31168,0,0.029684925076593125
10198,0,0.03180669416844929
107,0,0.04728783492631698
36936,0,0.04116613475156418
35046,0,0.0409852918632523
19485,0,0.03967435734593836
20251,0,0.0401336705656079
47418,0,0.04046592535522479
46113,0,0.019564118520049748
14845,0,0.04106295875801537
9265,0,0.02231956280931701
48315,0,0.04078605514413894
41540,0,0.03757648238675674
48797,0,0.03068363869704586
15208,0,0.04120584109294916
13736,0,0.03697497192300237
30299,0,0.03714622039141474
32933,0,0.03852483597717789
9855,0,0.02282537531708315
39123,0,0.031374203877550806
36017,0,0.04093306633130766
24530,0,0.043908136670920916
43197,0,0.026108572678983928
41416,0,0.03754874679097709
37481,0,0.03981851955288486
6673,0,0.03147053859041527
20184,0,0.040089343172746886
30497,0,0.04033100877914165
41601,0,0.027475104452885916
1924,0,0.0411228402404735
17925,0,0.021973427886158872
23429,0,0.041607282300203996
42261,0,0.029457757053471374
17252,0,0.037726249541249854
19227,0,0.039010008345586114
34989,0,0.034658857723598696
21554,0,0.021576417937597504
271,0,0.04748440478345295
2578,0,0.029963319543901974
1443,0,0.12941889978442855
29215,0,0.03024341892731152
42728,0,0.03510559558100006
14964,0,0.040406455550941835
40129,0,0.03769422369496094
27156,0,0.03137966503680406
28323,0,0.030001526876774414
3015,0,0.03820670391484316
29707,0,0.041305954213894346
21466,0,0.021883073038065585
43608,0,0.03689532737430467
44882,0,0.04069762261482725
2619,0,0.035384520567209976
22381,0,0.019855830398676617
14495,0,0.03036200545925798
8476,0,0.041227530168707775
35460,0,0.03710487130346035
12974,0,0.0316840343426047
13177,0,0.04019256248313937
45541,0,0.03865909674890382
35091,0,0.05569116435159888
13107,0,0.0370961497687248
18028,0,0.041056613000908806
46652,0,0.03228382459790729
38457,0,0.03771122222423219
8493,0,0.03858645385967922
40468,0,0.03731376136446833
9518,0,0.040416447865411105
9899,0,0.030562299125934028
16728,0,0.03816144701995005
15691,0,0.03301743024333562
44849,0,0.02377140494848995
27673,0,0.02686139672091516
12491,0,0.03882850512584378
33692,0,0.028699694585426268
8512,0,0.03149362845914206
8356,0,0.03312651816835004
26136,0,0.028896839557600026
9506,0,0.040201322657892946
40744,0,0.04084738355358655
23464,0,0.03857612990881582
13040,0,0.02337441167333075
24736,0,0.02735650796340379
32778,0,0.05787805546765775
47638,0,0.034546397863991475
3087,0,0.04096251357294689
8386,0,0.03272083794162961
43272,0,0.029213634971887507
35654,0,0.03802892009744729
14393,0,0.011175970166362032
19329,0,0.04010665476334214
43830,0,0.06925019999312036
46199,0,0.03787401014238503
14272,0,0.030609937422844014
11739,0,0.01582635363066265
41904,0,0.04115767301770357
29158,0,0.04061117836162807
20414,0,0.04107297240680448
38239,0,0.039991885901451044
33488,0,0.028126263903214533
11231,0,0.039997146329443733
29425,0,0.04019228793306668
24654,0,0.028188313382863636
8757,0,0.032545536898222184
37583,0,0.029388498842923397
21382,0,0.031138659576433806
40652,0,0.03752896849664671
19181,0,0.0413914959226859
23423,0,0.038932096792031745
1831,0,0.015732377899366518
42236,0,0.0399947776828631
17235,0,0.03702669046094472
40886,0,0.03749248158257076
23596,0,0.029189578420861857
48576,0,0.04079903183403999
22716,0,0.03856414361955623
48495,0,0.01220357063841769
44894,0,0.030237712566600548
11099,0,0.03071283327313804
47096,0,0.02767690111972274
46538,0,0.03245048748925397
48299,0,0.02310187238261183
16017,0,0.03099109920137778
48684,0,0.03258817929874384
46014,0,0.013557806723315967
29154,0,0.0383292950664712
31841,0,0.03051593966988558
6868,0,0.04117589760405332
46352,0,0.031661866065602895
1025,0,0.032511594967348074
26189,0,0.027739218860512557
37757,0,0.04122298087985123
18839,0,0.04087329072304729
15362,0,0.031634890882655045
12713,0,0.0402889613809758
3891,0,0.03768172115392465
16411,0,0.03952557698551361
47272,0,0.04113548652721258
2142,0,0.03195499027873052
32809,0,0.040940999269942484
32940,0,0.020891864386850773
37056,0,0.03937118660824652
35835,0,0.03978351162652883
16649,0,0.020272193612653797
16943,0,0.027042341150701026
41335,0,0.041359276062337066
13094,0,0.034490868246268146
46605,0,0.0371944413916991
44144,0,0.04057710682782236
42864,0,0.01978698270837814
45750,0,0.038663884834119165
42515,0,0.032693526558281824
41919,0,0.04057909666109582
44821,0,0.12946499689873203
23237,0,0.04038381255547579
8372,0,0.03895516586470008
15221,0,0.031681484620799505
30115,0,0.04120745501023808
21225,0,0.03790407177310207
34425,0,0.04096014838817212
29923,0,0.03243489787593952
40257,0,0.03962270496803677
1755,0,0.038295238491817526
30658,0,0.03751544180084954
41120,0,0.041029109111794276
37926,0,0.03959075550073112
3684,0,0.032710223707460774
46094,0,0.04089916317055188
30159,0,0.6464472170321031
46656,0,0.03184004920199827
6785,0,0.0411614829918188
42901,0,0.019303113514611107
40519,0,0.029277525662928953
13017,0,0.032512437885963676
42477,0,0.030529741121785362
7587,0,0.031795786741946754
48121,0,0.0307459952703273
48079,0,0.040429287780334514
28005,0,0.027143361382774542
14127,0,0.04115605145237145
48248,0,0.02355722048414328
28154,0,0.024055254738878307
3636,0,0.12379906784618591
10890,0,0.03429050391526894
3165,0,0.0295557238410691
44111,0,0.034831629083358066
16322,0,0.04039358005673961
42290,0,0.04086545921278061
161,0,0.029025196245898954
33652,0,0.04100104913534016
44204,0,0.037604756281276956
8585,0,0.041096652344148214
15979,0,0.028517585396345708
20102,0,0.03833292284014533
15783,0,0.03257511454985711
18180,0,0.038160509848862385
27822,0,0.03848538009877609
9095,0,0.020936936074174264
37226,0,0.03892475260092089
40320,0,0.03160776597508501
45104,0,0.04103210170078088
33647,0,0.02909710150166721
46102,0,0.03817957972576277
17775,0,0.032503301654510645
44032,0,0.035971947152173986
10418,0,0.041223591896375686
2556,0,0.019828665983666057
40433,0,0.028593098558200292
8411,0,0.020742763399315297
9583,0,0.03160486433707895
31531,0,0.026596630313008372
44678,0,0.02097276011268707
21878,0,0.04139414127233457
24455,0,0.03835189608375725
37628,0,0.03732569825056183
9875,0,0.02550331905472714
3916,0,0.03945852555778542
24333,0,0.03316446315008762
23271,0,0.03761590182304349
18449,0,0.040252614379030355
8483,0,0.03254259412877749
37825,0,0.03297999425644093
12345,0,0.025740317754991426
2445,0,0.04108683316568424
2471,0,0.03228210238611852
43476,0,0.028093462710784646
42624,0,0.03239314388356492
32057,0,0.028015206379497698
19064,0,0.04080721963689702
2286,0,0.03620224181824737
42881,0,0.04020123501886842
8884,0,0.039936878867499345
19788,0,0.029601009007014817
25265,0,0.03506447358573801
17207,0,0.027262914685572993
12589,0,0.12421489909516689
21638,0,0.03793076851986177
21553,0,0.04122671198485833
39558,0,0.02914754531871785
32694,0,0.05074253102316439
35760,0,0.032130775062935
24475,0,0.03249295229555567
44887,0,0.031891593421269064
38001,0,0.03057744516842434
11432,0,0.8407337108408308
27893,0,0.028919772958227563
34725,0,0.04111948818521186
10689,0,0.03847116765954927
44623,0,0.036976051599099245
6169,0,0.03932057556727357
24560,0,0.04067710867205065
28832,0,0.0318604518618335
15219,0,0.039695349915227315
27385,0,0.041035637677553694
22468,0,0.011098193550775222
36464,0,0.029985483734816257
39959,0,0.03781035964362271
35886,0,0.021896311117146697
41065,0,0.041168138351372105
19733,0,0.0275948047116343
26805,0,0.02809846492326864
30634,0,0.02218655790390541
35295,0,0.03753870839944514
18097,0,0.6314313511844496
29550,0,0.029358219469026184
22059,0,0.04109387585905529
34341,0,0.039541434737691124
19172,0,0.05685818920852615
35036,0,0.03828560716961546
38759,0,0.025220758637244347
25745,0,0.02936557001906135
34098,0,0.04025906247341208
42095,0,0.03274048496682708
18542,0,0.020735222816624342
20933,0,0.04103537087634044
39080,0,0.024338334409300555
25676,0,0.01568479136498472
21211,0,0.03193164766045279
3414,0,0.041093550024586735
31843,0,0.037561589436587266
7936,0,0.032515195353404684
46292,0,0.04136549837475315
16201,0,0.03931717925819407
7206,0,0.021450878114306456
23898,0,0.010758265042759844
15881,0,0.03816090276511549
45531,0,0.03165142434985195
16172,0,0.03846650738062428
16753,0,0.039625412538199276
4708,0,0.0359777344892213
26206,0,0.04129799139298123
11496,0,0.041318201365522327
32030,0,0.03517187312001125
1265,0,0.019834922619834282
24359,0,0.028756973156265405
19282,0,0.03996729204770915
6657,0,0.03121239198185094
31457,0,0.03751665232836308
38658,0,0.028083451186988535
25380,0,0.03492540263825186
34828,0,0.030112266565064476
31649,0,0.04119497731848364
5100,0,0.02590988439128316
23101,0,0.029237366798034296
41259,0,0.02990463058522793
47424,0,0.039731720511169376
33179,0,0.04038120026032526
48943,0,0.03186342003531156
3539,0,0.046293787716473585
6293,0,0.022509197984692152
23750,0,0.041143652152846946
2055,0,0.04082055907936158
41023,0,0.04117238576087907
39430,0,0.03751934222325704
37,0,0.03527083759460609
3174,0,0.02924008125826046
5552,0,0.041169160972043574
25935,0,0.031178328520754226
13401,0,0.01883296511277286
23378,0,0.03281594813673337
29318,0,0.03969400931231035
9628,0,0.03165922444747053
12039,0,0.04129047788481836
6937,0,0.028689693454847575
12667,0,0.041174802987991345
2878,0,0.03766329617260258
19690,0,0.041278713074943706
14225,0,0.03894404670598626
29088,0,0.02937344142363873
37716,0,0.0256383194299544
47933,0,0.029255758078155395
5007,0,0.04068129115908863
21916,0,0.03818725567591706
35225,0,0.022330739874588532
9377,0,0.03232349913193372
2991,0,0.0411931925107204
12526,0,0.0216316947302312
29571,0,0.040410114171327775
23074,0,0.022542004891085356
7085,0,0.022857294540812267
20829,0,0.03282858394798387
3887,0,0.0412076280218782
38962,0,0.02858368764846105
13459,0,0.05698568335867121
3996,0,0.04120352375152758
15315,0,0.027596936260352433
32584,0,0.04071676306871843
41878,0,0.030655572971667683
36060,0,0.03969232380437102
16,0,0.03339072273315161
18997,0,0.026538402642586095
11092,0,0.040153863772996096
13209,0,0.032286631263753675
37722,0,0.03135254911524419
17234,0,0.028754104164775456
22111,0,0.04106648911573002
25712,0,0.041279409588458015
13052,0,0.014933703870881552
2732,0,0.032105494646998134
32206,0,0.03959948034213418
28259,0,0.04119069319358572
8499,0,0.022637586198404377
30827,0,0.039814462911195544
24852,0,0.039642941430747584
28054,0,0.03275694902325297
21571,0,0.04122005257877488
28889,0,0.031871836816730746
40605,0,0.02799825310031106
20059,0,0.0412051921015659
34511,0,0.043722859521124424
26530,0,0.04063052519840691
2865,0,0.038912465537356125
8536,0,0.0394204263419977
10379,0,0.027951333509690954
20634,0,0.03833975556224443
529,0,0.7210751575523691
27854,0,0.030007357710049583
16179,0,0.023975958593359364
24013,0,0.04108793665968872
9401,0,0.03133935109171578
37892,0,0.052184263123497755
3731,0,0.040910603485488396
43526,0,0.040898388942835096
12774,0,0.032433373336670825
35345,0,0.03512047653761834
32348,0,0.03176469666963888
31495,0,0.027927403143111398
24809,0,0.041122284464598716
48607,0,0.020599593952168132
23806,0,0.041137360597914306
6884,0,0.03954278937931563
48697,0,0.03495814155363439
31029,0,0.040933304431508444
2962,0,0.041215157087413114
6285,0,0.040481385998717534
13968,0,0.03764105724344698
35803,0,0.04109743097517777
13442,0,0.03181767107354768
1714,0,0.02707453220427716
9792,0,0.03896095358973196
47316,0,0.04121670134769432
18578,0,0.04101654401395662
20265,0,0.05688047472160372
41312,0,0.04080756881339689
48157,0,0.039010764653276006
28868,0,0.026928271621559675
6628,0,0.031503641464328457
40002,0,0.04039145247744127
22420,0,0.026689398563505898
28276,0,0.031476433626101766
17936,0,0.040872186351332024
20140,0,0.03794449282296005
26066,0,0.04109710511013671
11039,0,0.5233819515820155
6528,0,0.03570526228388403
1380,0,0.04466085719844666
13873,0,0.029345195676369968
10188,0,0.02819600145288308
45431,0,0.031469637614448945
4656,0,0.03783907159693453
48385,0,0.04120260088924191
19770,0,0.041715682656228034
11772,0,0.02264077839879116
21416,0,0.032120623881036134
21438,0,0.038353164354890196
1747,0,0.04012726901863621
30228,0,0.04128850421862183
39698,0,0.025877733817078953
33962,0,0.027784342776220498
39716,0,0.0394581409524412
45235,0,0.03979225604597768
8700,0,0.04102886573684726
9205,0,0.020940259216774563
44234,0,0.0409781445524084
28624,0,0.01047206471952479
30508,0,0.031412053582258966
44926,0,0.64571041539246
27748,0,0.029890419447420543
12319,0,0.04462998666395878
36597,0,0.02471522041858236
20371,0,0.04083363392139822
40651,0,0.039576366035007006
14670,0,0.03943614484495687
39589,0,0.02789022551297041
4723,0,0.03181570177548313
12075,0,0.5233463275289219
28125,0,0.04067063044079822
11921,0,0.7633565554291704
37983,0,0.01349518231639173
9402,0,0.04096785233514878
6002,0,0.04070869560517658
27390,0,0.060001175213688356
19187,0,0.037499890348938046
8357,0,0.03932700949877104
44768,0,0.04108290441224222
29978,0,0.040094828398432175
42027,0,0.057303792622327814
29964,0,0.03068215784146806
12493,0,0.04118297294519294
41533,0,0.03891248389414402
36359,0,0.05132349392685611
34350,0,0.04139697962049719
421,0,0.02987516963834392
29569,0,0.040211943234016126
7527,0,0.03252000765142376
844,0,0.04060581385688849
16570,0,0.03243679489106436
38109,0,0.033019133646643474
29971,0,0.03212250622825234
10115,0,0.03207120641732162
13586,0,0.039922301794514795
27741,0,0.040250187503642315
7788,0,0.040832635217242313
11494,0,0.026137822443582516
35392,0,0.029146124493699896
40201,0,0.02908525579105638
10664,0,0.032085208661796184
34610,0,0.026522180165651298
42332,0,0.04096968641104931
12079,0,0.01541115663580189
18297,0,0.03980937182857815
48453,0,0.04051658802325127
37088,0,0.04038855809366645
13805,0,0.03231092885463713
26951,0,0.04086620390756256
29928,0,0.02988039106703951
3326,0,0.03979684032011551
9785,0,0.015205880016938267
24548,0,0.03990577307416601
17312,0,0.04126420555594937
32481,0,0.04108093166791051
31154,0,0.038297433891365966
22670,0,0.03562512802293618
28232,0,0.041110644763755595
24188,0,0.04088400064378667
41705,0,0.0384808781130326
38791,0,0.037602938008823736
26821,0,0.040908512597113915
9267,0,0.03783296763894491
16342,0,0.7905659686641618
12463,0,0.04115815118713368
40548,0,0.0379351870769851
42714,0,0.04123222265983169
28533,0,0.039780495009419714
13310,0,0.015352525697002203
30048,0,0.03911526942511702
13785,0,0.04043055487504859
9502,0,0.03946329132417525
41391,0,0.04056403503072573
2144,0,0.04029931001894043
9540,0,0.04114381940312432
46114,0,0.041170772230036394
28318,0,0.007007726913873209
23928,0,0.0386650943684093
39941,0,0.0326140239835605
16982,0,0.03201246134605817
14194,0,0.033038967689617636
5217,0,0.027591601202970727
36314,0,0.03040226215349238
6467,0,0.0274249172769407
43002,0,0.0384172853683263
15364,0,0.03234120693408306
39131,0,0.015435272792225644
12210,0,0.040715844502548
5731,0,0.037539767480815535
954,0,0.0409042201652641
13254,0,0.041224412876166794
14878,0,0.025701591677861037
10798,0,0.04022513589139641
30517,0,0.02666696721939496
4523,0,0.04121450136046996
4369,0,0.038424255482005606
27163,0,0.039045979162817226
15818,0,0.02803260396546628
31696,0,0.04134520401816038
16020,0,0.02910588004987161
44382,0,0.023180240477517235
7050,0,0.04104001649300427
42011,0,0.04120516811962427
7990,0,0.027332485699163113
12540,0,0.030640100698435105
48152,0,0.04046821957199326
41357,0,0.04062676531424907
15407,0,0.04060781969062376
3208,0,0.03357818297569742
3792,0,0.029215100056383506
45205,0,0.04045872459473867
28574,0,0.02959212209935097
46876,0,0.040470480561977905
37666,0,0.032147232727466425
39962,0,0.04129212940356983
13447,0,0.03236973695894085
43497,0,0.029296726001431527
31100,0,0.04125985095567565
27621,0,0.6456341307558955
31524,0,0.04111569011199263
5728,0,0.027446949588115808
44377,0,0.031926574536924414
36168,0,0.055725060894071435
40149,0,0.03157960703135021
9784,0,0.04122721598189019
46746,0,0.040866984402783565
19933,0,0.03533371927312188
1621,0,0.03894219125470968
16869,0,0.041172461315839994
47003,0,0.03148450305369222
20711,0,0.03978000580753158
33809,0,0.1530557369229579
16057,0,0.040726541331299805
45912,0,0.03774340916698207
31795,0,0.03108418068083286
15603,0,0.03130630241388226
14887,0,0.037561829348794686
31889,0,0.04092252996642574
43215,0,0.03226239701961716
45803,0,0.03181394310657591
39763,0,0.03228566651925152
17863,0,0.03823427926141391
247,0,0.0311330959090581
23358,0,0.0411888040372121
36534,0,0.04121459314472369
42861,0,0.04075503209033109
26524,0,0.04047706121281622
23861,0,0.04383988727098349
1369,0,0.024769581570135146
29250,0,0.04097293373162432
36054,0,0.04009475273691202
38035,0,0.03833958515082265
29405,0,0.04091191363746101
44010,0,0.030754473851176807
29687,0,0.029064583538992713
15278,0,0.03293187541165564
32717,0,0.029239363286941867
28350,0,0.03461393846427666
8992,0,0.04117090367506362
16705,0,0.027801764928529767
27000,0,0.027018085025109793
30183,0,0.018581625698510094
15290,0,0.031853235562808495
8717,0,0.03163948019147015
29407,0,0.032473972064866824
23336,0,0.01997045566552678
33063,0,0.04096682229959024
26723,0,0.0394606766763443
41379,0,0.03556777376958922
1112,0,0.03201509614936174
12962,0,0.03193661801448338
43305,0,0.022220037119156395
25503,0,0.03195716997678421
45608,0,0.0403853333167606
15436,0,0.04078747680706689
9452,0,0.03164099287469596
15679,0,0.03964465347680643
35500,0,0.03560447774402761
23932,0,0.01131365621730116
19950,0,0.04143280496268326
39382,0,0.03270939851372956
41373,0,0.04110694698180212
29437,0,0.03804813453457123
110,0,0.045129328640126164
45475,0,0.040957180533940034
20855,0,0.03956362971745453
43198,0,0.019722140234019678
47677,0,0.038183205631200264
1943,0,0.03859102172325178
43423,0,0.029135542096390733
40508,0,0.04115290043866559
4911,0,0.039957587720394636
25682,0,0.04109905467537563
45658,0,0.04128897063876231
34445,0,0.028640031622430867
29604,0,0.022305767631315948
29464,0,0.030092906071912555
36316,0,0.04090410974144132
25772,0,0.03905209349985115
27659,0,0.02725672463099659
29429,0,0.04116940539442436
26688,0,0.034352662823285675
6418,0,0.039603007767581334
31019,0,0.03246217329042302
47234,0,0.03437685885337225
42287,0,0.03286296705333333
28032,0,0.02734576879750391
17041,0,0.029605460529732393
10229,0,0.03840522093021111
11533,0,0.040837182748506826
25862,0,0.04062443636279541
34439,0,0.04027216798157911
7183,0,0.03836261265628204
18194,0,0.026833245396239696
19943,0,0.04117252646871999
36737,0,0.0316076936851868
46399,0,0.039358238664843136
47312,0,0.03832863035467006
19067,0,0.04117008121286286
33796,0,0.03400422280324212
36634,0,0.016077791716605266
7770,0,0.031918523865739346
14773,0,0.03234383933052006
33814,0,0.0383301818989808
5949,0,0.04127182072234225
32695,0,0.03700816901002828
22641,0,0.03596095709106531
19036,0,0.04025175683333659
45721,0,0.03386818197334739
37197,0,0.6912026030840163
40302,0,0.03973992871326967
32116,0,0.04056704227872419
24229,0,0.03692594964922764
30261,0,0.032546931145064406
8773,0,0.039307337444181335
3397,0,0.028040557660622276
7866,0,0.041098761676544665
18869,0,0.055900182219919235
26657,0,0.04113515161630499
10250,0,0.04461492818872398
8363,0,0.03983762685870049
3323,0,0.12717346569426755
44983,0,0.041158244984092485
24583,0,0.04126943947860073
19843,0,0.03110251545432853
17878,0,0.028465554580758883
25851,0,0.03513577924311462
19549,0,0.0326831296381617
32190,0,0.04120138386470116
33190,0,0.04118787112339163
3868,0,0.039162753781737426
9974,0,0.027557038804943
26904,0,0.037481754941626096
48726,0,0.012156567405929878
33624,0,0.05746645310287694
45906,0,0.03716388995983568
12477,0,0.04119027369808286
33611,0,0.040492980445029116
40718,0,0.019748658146325145
15606,0,0.040475402797170344
30816,0,0.03586575369240204
28378,0,0.039582879524049534
46848,0,0.031318563890426115
27017,0,0.02740926829768228
2993,0,0.02057283447820262
46757,0,0.549477148125028
5864,0,0.03234705899508172
5457,0,0.029464480381974134
23013,0,0.04103748555231552
21940,0,0.03923733793838161
37883,0,0.03824165645778342
3064,0,0.04110652918326421
24818,0,0.028672750402338913
38751,0,0.040303764376867196
23643,0,0.030218705854715134
43662,0,0.04121382260857273
21777,0,0.03929860953667159
43359,0,0.04925603074973668
19804,0,0.037740599623127785
28442,0,0.03247435431428493
4944,0,0.039314238010751915
46943,0,0.041063226932501536
21584,0,0.02131596840853064
47491,0,0.04434243526638144
27181,0,0.039187543165528346
4565,0,0.010947412270033806
31618,0,0.032456395189931875
9037,0,0.040302483636513765
34560,0,0.031301365886713374
16880,0,0.04109945804379265
7001,0,0.031530984999584226
2337,0,0.025501725496298262
19536,0,0.0395192782505903
3489,0,0.041162624203861395
42663,0,0.034767955073698086
2240,0,0.04115226951806991
43258,0,0.04027955045060966
3897,0,0.04064364591771861
25472,0,0.040920368670654086
33051,0,0.030577081086333634
20581,0,0.05693887731521453
7363,0,0.027480371274059535
44835,0,0.03261968139039653
41031,0,0.019406840969322253
29578,0,0.02905707837819544
14340,0,0.010162245376482384
20301,0,0.03966428921356997
6992,0,0.04047432850146561
12928,0,0.02913301255233276
2264,0,0.015358585307908653
2054,0,0.04110150757448811
3990,0,0.027982363866419693
40097,0,0.032269942574400474
35005,0,0.04068763959979231
32569,0,0.04092155193055658
15654,0,0.03042043804483191
24485,0,0.04072429084011412
20883,0,0.0322003936037203
48476,0,0.040668336696841924
17959,0,0.06136007826494501
6895,0,0.041217421967526674
24058,0,0.028878868109714156
27812,0,0.040843702474780065
27100,0,0.027325808829343917
45729,0,0.019848169691665116
29302,0,0.5477162994874425
5837,0,0.03122476338950193
32609,0,0.03116504712759838
37330,0,0.03948539425009099
28813,0,0.037148478229953645
47104,0,0.03200461590296698
10,0,0.034663635552633125
46558,0,0.04010945870006693
8427,0,0.031517786869000516
27843,0,0.013359540694761323
20287,0,0.03171530272103739
35635,0,0.037077624589843414
44666,0,0.0412597267971968
43835,0,0.031699078634836696
15368,0,0.04108371395868027
16895,0,0.026884421770223346
27838,0,0.03580565022221711
9945,0,0.011778146372581634
1119,0,0.04022502764318429
19590,0,0.04000654345588312
38423,0,0.023937586914751733
7674,0,0.055459541814030254
43914,0,0.037088567725524026
8923,0,0.03143430485259263
18279,0,0.04060183410990058
17489,0,0.02846488069531754
28747,0,0.016150637947740284
21707,0,0.01043778603076462
10570,0,0.03494275590134171
18858,0,0.011666801858588996
16770,0,0.013352363402517392
15748,0,0.030865135107623124
7060,0,0.022921582057551633
39361,0,0.041203740018588876
39392,0,0.02755861826929451
32957,0,0.03262136415181215
43502,0,0.030747440261604704
20580,0,0.032408624880369816
25444,0,0.023204882858262613
11441,0,0.012950855702801375
28930,0,0.03796202892470859
28352,0,0.04122279701322342
25496,0,0.013879190811886781
16224,0,0.03827733752934428
22893,0,0.02261921126958092
36027,0,0.031002208486830923
13951,0,0.03899552717047107
22472,0,0.023573535183362148
7892,0,0.7059778108486708
42107,0,0.04088028871244941
33512,0,0.03920523522996699
19629,0,0.04095359926887481
8152,0,0.0412144176902299
28433,0,0.04080785315274814
31163,0,0.03982047115240832
19413,0,0.04035269799120362
4211,0,0.04122925868105216
36922,0,0.03783859819704237
41492,0,0.03069515782257477
44276,0,0.04016395516749122
34009,0,0.03178059648435128
34232,0,0.038017997833132706
46766,0,0.03944326115030169
7960,0,0.03759355930765647
2350,0,0.039113575067888574
38221,0,0.0324587646452336
48812,0,0.027817433951038206
35463,0,0.031450461113227246
14366,0,0.03425825377582661
47106,0,0.04071687246452477
4354,0,0.037711285439512396
2553,0,0.029992964061078937
30822,0,0.03911346484405429
45636,0,0.04116570397808034
47253,0,0.031904217884032623
41064,0,0.03749234582647593
24060,0,0.04120531921041202
42674,0,0.03236973649510193
33579,0,0.03162620098402517
40490,0,0.03928664201233031
6875,0,0.055970590799203364
39218,0,0.025850897714421856
11495,0,0.03000318375629377
37448,0,0.032309262025704534
5604,0,0.027450038883436573
9856,0,0.037476833333523064
23293,0,0.038046414250609326
12370,0,0.026507056275969866
38420,0,0.04038383408534573
710,0,0.040835181559717076
841,0,0.041085738524073614
31171,0,0.0410598684152776
18673,0,0.02386966635833596
3461,0,0.03256430586057634
31241,0,0.0400357354097765
28221,0,0.04024247191094536
35695,0,0.04076064901291478
3453,0,0.04092333728740474
32271,0,0.03861524501489057
39667,0,0.02998566869941617
12478,0,0.03393111495656487
9972,0,0.027998628743269506
3683,0,0.041178970631472786
15141,0,0.04115250506246388
55,0,0.03217105215526139
24931,0,0.026618338245381522
16011,0,0.0410198084433519
33837,0,0.03973105575656482
39729,0,0.02265199939994135
12301,0,0.024858579884164737
22961,0,0.03202911337584228
3036,0,0.021309789024904352
21950,0,0.041176613817093755
28455,0,0.025594522554783547
28056,0,0.03816105231834397
599,0,0.011866028494071727
45864,0,0.0431398301595805
23685,0,0.03834333234769723
11702,0,0.03832791721508136
41938,0,0.03255881019765592
26836,0,0.036032476761946736
13754,0,0.01127427372683051
6241,0,0.02166531240414482
38293,0,0.023053360218620242
36358,0,0.040132332445777956
17950,0,0.031955904158953705
40330,0,0.03102932322700781
31307,0,0.03799029353765694
47679,0,0.03748705291901775
6059,0,0.04126977700072041
13316,0,0.01614962533407152
3470,0,0.033596784972652824
17574,0,0.02735947626048006
15068,0,0.023797393949257284
7670,0,0.03968086258613768
19364,0,0.0324544020053646
26117,0,0.040845444372023844
20043,0,0.027989419831362165
26802,0,0.03249205677631473
33578,0,0.040989648710205
938,0,0.04629405045564437
38330,0,0.04127985871416872
41235,0,0.028440496473881086
669,0,0.04120156211764768
46452,0,0.07244021440882087
34899,0,0.028629170409350008
9618,0,0.04123088070122376
29956,0,0.039492583854557325
14350,0,0.0409421412946304
39405,0,0.7119404593579058
48029,0,0.033028417244836135
37374,0,0.02772934397143211
31125,0,0.04030070124461641
7003,0,0.02252784192170848
25455,0,0.02770908151257985
35185,0,0.041158947923367495
26891,0,0.03762213701579949
14422,0,0.6460005738699346
13301,0,0.0573688394991511
21887,0,0.032546157940443396
9663,0,0.020124110752121463
28646,0,0.03131042495015579
11482,0,0.03783893519690606
4328,0,0.040285368675901004
31418,0,0.04123152890796707
25229,0,0.03019317412859135
3798,0,0.03895656908675488
41992,0,0.03711522913719876
16070,0,0.04111764911991815
26171,0,0.03469270761331105
13911,0,0.04083198215312368
13764,0,0.03146278650289253
22715,0,0.031326864366857575
25012,0,0.02179220203346021
41004,0,0.4144636953847478
2820,0,0.024869652408006176
26466,0,0.01601317075188553
3362,0,0.34700167920213604
41974,0,0.03818150983404195
34269,0,0.8027358793070691
1665,0,0.030723074159169216
5900,0,0.030798532106771474
15949,0,0.039462981510933755
24653,0,0.037634526165720446
14667,0,0.04073647437681741
2146,0,0.02654450713666272
19447,0,0.029977223050775163
5674,0,0.028786629428876064
17716,0,0.03948634835757221
27370,0,0.04121025893788705
32075,0,0.03975877130853234
47820,0,0.02247528841397037
7034,0,0.05596679148012418
9851,0,0.01812665131036021
48139,0,0.032689104601546004
11744,0,0.03887763953347946
47850,0,0.039467147543772084
11914,0,0.021644979431846668
23624,0,0.03832733243840327
13394,0,0.038032888307378235
30161,0,0.031099266201830452
32603,0,0.03167976411203061
9765,0,0.015057722777516892
18240,0,0.03716218448622779
45959,0,0.04086259776481538
14323,0,0.041200479528494566
9100,0,0.05566050777844624
4513,0,0.027165567816838786
8744,0,0.12678872313581427
6897,0,0.04038178031984039
21307,0,0.0404540137155939
25342,0,0.04130645817759821
18029,0,0.02635013814661867
4763,0,0.02792870678459397
13646,0,0.04653827071143802
33452,0,0.04716333001178031
45273,0,0.016213216180960766
31293,0,0.02870157935087474
9190,0,0.03106957880271026
27188,0,0.01867505821576194
13488,0,0.03234245438953672
44278,0,0.041284110895401065
13902,0,0.0325322447916556
40382,0,0.03933920118151421
33047,0,0.02470012983727571
9733,0,0.024405205166063253
43625,0,0.020189345161511815
37253,0,0.041101223103290375
7989,0,0.03768177939437988
39478,0,0.02855864272936307
46127,0,0.015520210506150324
14959,0,0.036550504918765846
48037,0,0.04112062132962018
6724,0,0.0376075440306292
9709,0,0.04115154425963883
6189,0,0.04096811635460853
20408,0,0.039909136045750866
46286,0,0.040946467809782436
19008,0,0.04115121161687806
48960,0,0.03272600516483548
5392,0,0.03127539601101115
36606,0,0.040927398515213716
17113,0,0.036287406626810625
10280,0,0.03843444594321596
43623,0,0.03202422838297782
41080,0,0.040904405938812546
4919,0,0.04115306929688536
30821,0,0.04274591545860179
735,0,0.02998885791749755
48176,0,0.057538817925012316
32813,0,0.02674055116545133
33779,0,0.011011186722291776
6323,0,0.07140477062230069
205,0,0.040909443561805196
33266,0,0.03793109809260165
29114,0,0.04029446487492567
24435,0,0.037519224420255716
45830,0,0.03142639963782158
18261,0,0.06881820915352142
8631,0,0.01617697741875223
32984,0,0.039668951159377346
20710,0,0.03425403493676233
23941,0,0.023514201446381597
9773,0,0.03357187766569974
37015,0,0.02587577121359784
27348,0,0.03193840325845364
22734,0,0.04115528591938549
47320,0,0.04116859029700608
30450,0,0.039986390524445053
35513,0,0.029758364539038233
11344,0,0.032772790202138136
68,0,0.04698004380263013
22112,0,0.029512941405696234
1256,0,0.028100960143531917
13738,0,0.03466059698539021
39325,0,0.031749188192493165
30120,0,0.013622976714533027
31384,0,0.04117487410861186
28770,0,0.05629833768819005
37622,0,0.03015628110299256
24571,0,0.04099379940374939
5614,0,0.08542788079076179
43981,0,0.04091006019211392
3856,0,0.01779368998922941
33810,0,0.0406237697059365
13368,0,0.032259964158469094
16347,0,0.032606704503182794
20384,0,0.029824734643103114
25332,0,0.03251431831681987
9312,0,0.03941957197919454
10376,0,0.0412651949107789
5478,0,0.03985328207188198
27117,0,0.010864919768538301
30039,0,0.04090084794313676
4936,0,0.041116698658204075
10111,0,0.0380243515718506
26512,0,0.039953029555644906
48843,0,0.024099086553938144
1007,0,0.031173256989034434
14797,0,0.04123866150810208
48339,0,0.04114958383778323
45837,0,0.030611886032004102
3861,0,0.04077884746227726
34961,0,0.01950485471772164
16531,0,0.038828322481157106
47611,0,0.04019629262150661
11840,0,0.041265867109718794
41959,0,0.025804482105510212
21108,0,0.028427206250462595
39479,0,0.03927283724427528
11510,0,0.0374909330243733
40230,0,0.038364781457754266
12792,0,0.03129548604896121
3666,0,0.03698837794844707
22372,0,0.03696055878235979
46883,0,0.041196514920970095
19331,0,0.031111941730082616
41160,0,0.03164856438704841
22159,0,0.020155558842904993
19473,0,0.04087317240799305
44224,0,0.021251034540466007
14957,0,0.023054170737103096
13973,0,0.035800321232183165
40880,0,0.024445621991661035
2591,0,0.712052877615678
14042,0,0.05766133160315874
30809,0,0.04090168814001718
26345,0,0.021660652093911353
13116,0,0.015126205886983542
18157,0,0.02199426802500738
34797,0,0.02965341278221207
30918,0,0.0315159564826118
1457,0,0.040446367869426215
24251,0,0.04158967790782211
23170,0,0.03385020761000281
9150,0,0.030595524695348115
7265,0,0.03860109851366412
5644,0,0.025641230814726242
32046,0,0.04019211402727275
44852,0,0.019307061425080402
37075,0,0.04100323154682579
23235,0,0.03196286492793319
44543,0,0.026872462969986865
36938,0,0.014980420703028494
41749,0,0.040795824358705476
48483,0,0.029535778760439956
32067,0,0.055169898339509374
3406,0,0.037889626559750346
27791,0,0.040963886120617264
3491,0,0.021079134251060016
6320,0,0.03851788215647955
17821,0,0.03587170913709337
38678,0,0.04086642355620495
13937,0,0.029181088156470896
21773,0,0.02737285604604223
23341,0,0.028049032873786673
37839,0,0.02898746489011851
8945,0,0.03863977293326104
20343,0,0.040720481299223364
46255,0,0.02996784844313824
36173,0,0.043869875081478715
13280,0,0.03231216420191542
48702,0,0.012022009453986382
43438,0,0.04080022965326892
457,0,0.021510666818587477
16942,0,0.028114652017069162
39291,0,0.0317346295636136
10666,0,0.03454756196344105
20095,0,0.03751346646501753
20379,0,0.028120348848855337
22574,0,0.03940543480254846
27458,0,0.04080715231241965
27340,0,0.04115075354216743
3457,0,0.038238870557296405
35546,0,0.040838212323705284
39180,0,0.025363323008388648
19019,0,0.027469247432977944
20111,0,0.04077064341214469
44024,0,0.04122283157913774
37857,0,0.03580761429636365
26183,0,0.027959963074379146
37482,0,0.04013430941771237
1429,0,0.0064017640982746895
43100,0,0.024407722178860173
12220,0,0.02287424767241307
41567,0,0.030363978126871624
12024,0,0.04118501046981342
487,0,0.03984762428944415
2394,0,0.03380086844613997
36984,0,0.038455375455757924
16879,0,0.03086886692744773
32678,0,0.037669606357051286
46690,0,0.031339798363681184
38499,0,0.021713226993976074
34852,0,0.03802477657990924
24630,0,0.031104452463881896
25594,0,0.03824120597844923
20635,0,0.025573467731417387
31846,0,0.05753627650179873
22173,0,0.04055820988959886
22681,0,0.040779089535137036
43517,0,0.031206444358438865
46693,0,0.030367858076466626
30833,0,0.04110489382948589
20240,0,0.15564750389064716
40437,0,0.030107839768123073
35610,0,0.02102352184726419
42846,0,0.037505901951113745
43566,0,0.032408427011694774
46241,0,0.041190931676481614
33223,0,0.04096238000749255
22218,0,0.04101349670266291
35441,0,0.03028534309001248
22258,0,0.03757836274849022
15090,0,0.034725393215564025
3849,0,0.04092844077311192
61,0,0.9592651027531638
6145,0,0.039574871512927774
5665,0,0.03776853554109524
43452,0,0.022534535435854312
45790,0,0.032507616011329905
2729,0,0.03870302775019664
9112,0,0.04055585443513252
7157,0,0.028038683911642354
23782,0,0.02292389056694826
4274,0,0.037838917839693766
40891,0,0.023567748450763985
30618,0,0.03857730733785883
44173,0,0.032484272383036666
27998,0,0.04085606993576395
16799,0,0.04141048577632534
36952,0,0.030978801415608354
26534,0,0.029627215968873088
23270,0,0.061770011012605
12382,0,0.03776763386900316
5628,0,0.011673736168516838
23541,0,0.04466689028484188
12452,0,0.038586695243957705
45897,0,0.013259952506951877
30292,0,0.04121341698631603
3604,0,0.03992578703831332
16668,0,0.030139807724815608
921,0,0.040793939279354006
43092,0,0.032340899744794135
14567,0,0.03211912230916736
36163,0,0.04051466926583743
40541,0,0.040753973661546684
9238,0,0.032446984130009876
9811,0,0.039245241194647534
20272,0,0.041155709540620915
4618,0,0.011004812184054845
7298,0,0.03830297407227374
16631,0,0.04099154036886318
22861,0,0.03804172303358543
20014,0,0.034705867663164525
20053,0,0.02764401738619211
41395,0,0.038782309010499144
20940,0,0.022343318726924535
19947,0,0.040393690654652765
34588,0,0.011092231681591753
44603,0,0.04613204377895721
16180,0,0.04081789935765283
33495,0,0.039660913683943935
17893,0,0.03752820670602587
30365,0,0.032395049693246435
27953,0,0.055647703173803444
34982,0,0.03018627207874805
33802,0,0.02346821650494076
40189,0,0.04103833208994186
22042,0,0.03213099317086746
27063,0,0.04109523999141327
10080,0,0.03859811611215215
12922,0,0.03186721073378128
34979,0,0.029120441350581044
31025,0,0.04070647226103025
37934,0,0.03968234057113188
28425,0,0.032652826711636336
2852,0,0.04061219992306181
16737,0,0.02973603376177519
15056,0,0.03772462819730059
12583,0,0.041183459149117696
32200,0,0.04105856552795848
19721,0,0.03423816651444254
25528,0,0.04122671004644206
14404,0,0.0351304856641669
6021,0,0.04095968625950049
43700,0,0.027786111124216382
12638,0,0.046868691076882546
47422,0,0.03836365519074123
11139,0,0.028026866751276396
32894,0,0.07042745238912991
6620,0,0.04091162561751434
22896,0,0.013703119576165738
17653,0,0.02609272462024019
29836,0,0.04013425150042639
18837,0,0.027206789183895023
42032,0,0.04029692102152277
2574,0,0.032570249635043604
12068,0,0.04083886767335354
7667,0,0.040474443861904595
41419,0,0.027262572976262965
47754,0,0.04115005499491287
15244,0,0.029420062925176294
845,0,0.01630513503335604
38716,0,0.029463079009180285
25840,0,0.030406488501219745
33164,0,0.031733492016542034
28836,0,0.04136855517470763
47885,0,0.04083507931193743
32924,0,0.039664435724568986
10107,0,0.041102107461005226
2610,0,0.0218538515904911
15623,0,0.041008818490159006
14394,0,0.039776667918134764
18288,0,0.04009150375431532
23120,0,0.020698397836708057
37107,0,0.040830802116295334
1315,0,0.028438577589418985
44272,0,0.011513790176232747
40421,0,0.04053614382600464
11801,0,0.037691289339071114
8567,0,0.041312652868641844
2075,0,0.03285646846849292
37692,0,0.030103629778556833
42341,0,0.040246937150693406
10872,0,0.04122072752185254
48457,0,0.0409975105303553
33684,0,0.04097509298529082
48329,0,0.023873847792135715
22458,0,0.02852470875867474
31769,0,0.039727109820899165
16420,0,0.019003991876449616
26463,0,0.0314827120813821
2744,0,0.016648490451773735
13591,0,0.032263922976161236
9405,0,0.03752072346401727
48957,0,0.032540234153184466
9383,0,0.02871633374725875
47140,0,0.02193156694100627
26697,0,0.04140807021158573
26457,0,0.041235336106400816
31497,0,0.04121879054238191
41214,0,0.039495186538680345
7905,0,0.03181137046389657
42405,0,0.02989742359592999
20244,0,0.03135612489985147
48865,0,0.04011168234083657
11365,0,0.041007896477079094
11243,0,0.03557724925558657
30354,0,0.04018606311374221
30944,0,0.17892667757776318
8819,0,0.02437449375011908
35314,0,0.04022420171365534
1405,0,0.015220551488816144
32418,0,0.04139344911764812
19665,0,0.04122329084392992
19073,0,0.04117679531139529
2454,0,0.03768156359029076
4832,0,0.0408799656504608
9334,0,0.038676168734394244
10227,0,0.040874851085352805
2188,0,0.04094031760148425
39618,0,0.03788451262380356
20025,0,0.04105533836340844
35714,0,0.03874229815388364
28980,0,0.04122933372692951
37373,0,0.040522516777156785
13292,0,0.015583091197097996
34285,0,0.028644993376181326
33542,0,0.04091624451675013
47122,0,0.040670243664608925
39271,0,0.04124661222657121
47975,0,0.022162979766019174
11604,0,0.03956625267179184
13832,0,0.034718627591224606
29259,0,0.04340804170363135
737,0,0.04132448111521781
16028,0,0.03950315423183566
14961,0,0.03761502027728141
3118,0,0.05738011121994691
8429,0,0.03845008570458293
15104,0,0.04111803962275991
38573,0,0.04121912772781079
16333,0,0.04080558319531802
33556,0,0.039020006778421094
39439,0,0.01606580201174581
48077,0,0.02543021138372792
36319,0,0.031127239753381844
9450,0,0.037842657605511434
1793,0,0.032438404972022036
13654,0,0.041477316649725024
35319,0,0.03209355421241395
7703,0,0.06157330837692354
31448,0,0.04005417918046832
5146,0,0.028813783018223155
29129,0,0.041221803511135344
31489,0,0.026905143778679707
43400,0,0.04124134633347125
43329,0,0.041225989630443986
14075,0,0.03772118896018765
7097,0,0.04118250337563347
21403,0,0.034679811167137885
974,0,0.041155978061920784
19457,0,0.04011810945564429
3240,0,0.038973853972385335
44650,0,0.039312054321646264
40133,0,0.030829807071059492
3027,0,0.03991734501048006
48383,0,0.04123337563692078
13877,0,0.03785960778283024
2383,0,0.0830038128871655
35409,0,0.032001461380243665
47464,0,0.04138395703789954
8843,0,0.04115383933343583
19864,0,0.039504041870104
16628,0,0.04313451248915399
47181,0,0.03342044177261567
15488,0,0.02883114406326153
42595,0,0.023025761272691427
10828,0,0.04128034637798237
27453,0,0.040918811468262296
29898,0,0.03179537852194987
4315,0,0.028922412614112866
35597,0,0.039344709697785016
1659,0,0.03229574890882641
5568,0,0.03151204343952674
35413,0,0.03133726853598661
8801,0,0.034002865278307565
31788,0,0.039489224893297786
38801,0,0.03765974955371328
45234,0,0.03413719521495996
35229,0,0.03937266302521226
37728,0,0.015995011859481805
10806,0,0.0280016048983937
1145,0,0.0344242229921145
21071,0,0.03755756250081405
5696,0,0.03249040258961482
31412,0,0.5324209380326487
23097,0,0.04019775289157887
41315,0,0.03339207204267933
27451,0,0.040607789168851285
40837,0,0.030449796764426537
17564,0,0.04070804585402721
6243,0,0.052204498524636676
32971,0,0.03995740313404777
4500,0,0.03101846671432361
11032,0,0.05565395682313401
5863,0,0.015955372415638356
43125,0,0.03760446198440911
5996,0,0.03760932487966626
2180,0,0.01789284085518202
32022,0,0.04096667530774956
8250,0,0.04115414633747356
20576,0,0.041081983868809305
38700,0,0.04055619245438053
25855,0,0.031061872542477685
9021,0,0.040869600355355654
32027,0,0.029348045049496417
46575,0,0.04108132172338383
33597,0,0.0354984044636332
29868,0,0.02259883186510541
30684,0,0.04103939042295462
48415,0,0.02831070489772595
27083,0,0.0315300211582225
10566,0,0.04028873445514385
30330,0,0.03245805951594821
29821,0,0.0414493891337314
12235,0,0.01603611622357157
24569,0,0.020287869398594498
14181,0,0.011687124730846963
7523,0,0.0401936218716157
24536,0,0.03152826240347171
14993,0,0.03215689743190325
29692,0,0.038433885235306955
12881,0,0.04170825460120291
5872,0,0.0402674896947434
40998,0,0.028855519837289678
7463,0,0.041320782283018886
384,0,0.03797335875263123
30896,0,0.04113512054952139
35767,0,0.040976298273576996
11718,0,0.040967431353977346
13148,0,0.041224936839115434
12568,0,0.01223097552831649
7451,0,0.038085356166139256
34929,0,0.0409154756642669
34986,0,0.01872733455395393
41814,0,0.04125105752337793
24474,0,0.02765157792535332
28605,0,0.026458199714200287
20168,0,0.029987566136924177
16122,0,0.039501438497508826
30530,0,0.03952808749534209
31416,0,0.04180773764779629
30799,0,0.010652927659685563
39476,0,0.03841289011731538
7617,0,0.03195283594544607
3670,0,0.057625222697926394
23158,0,0.04123274818106637
6258,0,0.03971579278566926
44859,0,0.032340554773422375
33340,0,0.0374746437624565
21263,0,0.02939750662594552
2089,0,0.039062821563727576
18290,0,0.03750363375243934
24866,0,0.02850137332495739
42576,0,0.030254152613091223
26915,0,0.03245511707902945
22730,0,0.03816797787157526
41616,0,0.03757679448932135
44078,0,0.041219427454363966
16600,0,0.03974157194104609
4898,0,0.03874137136989581
22113,0,0.016122309133102315
44949,0,0.03195848903046584
33651,0,0.039886102486615636
21929,0,0.04110747596626038
15151,0,0.040836439977241
38157,0,0.03963835617280828
16356,0,0.04481332058134604
29059,0,0.02072858114203496
32316,0,0.03255430719812424
7386,0,0.2613082458189771
24509,0,0.027587147701935804
7599,0,0.03748713529683251
16072,0,0.04103796719436338
4492,0,0.031450313466535186
18135,0,0.030203983700809577
26110,0,0.02411249596793468
35215,0,0.028055628601156526
15194,0,0.03752330676105495
10125,0,0.02812749010573974
18008,0,0.032483819974005915
4512,0,0.03265680372894887
22263,0,0.02687404991977265
18742,0,0.028322614627719192
47352,0,0.02825987164632114
5876,0,0.0288744978048579
48549,0,0.03880726639745174
25418,0,0.04121563197703729
32425,0,0.03160650153392679
11645,0,0.04031397099408574
21547,0,0.04117251453153303
30064,0,0.03805909345231894
31945,0,0.041395090452071605
30157,0,0.040185881548696414
26971,0,0.032643699695290296
9099,0,0.04066615342056031
2785,0,0.03986648979160438
27498,0,0.04090046192501058
34600,0,0.03199600025107481
2853,0,0.04077185539528292
9600,0,0.032299333238105146
44656,0,0.04129416382914798
23716,0,0.03889376913075484
36865,0,0.037912517402882775
34499,0,0.020065726831719304
32566,0,0.03044443410128917
26914,0,0.03165140668830038
10110,0,0.032574841170176956
39474,0,0.03129532948916493
27852,0,0.031307735781115176
20620,0,0.03768020149693065
34772,0,0.026384738983281572
35332,0,0.02465811861837393
1879,0,0.10711927202303015
20340,0,0.04118756294579048
19903,0,0.037135375675288976
38646,0,0.03884697814565053
36202,0,0.01397212551471212
2936,0,0.007147432312262367
31740,0,0.028485951573105385
15816,0,0.026877593753706984
20751,0,0.029114612390271046
44370,0,0.04113593466642447
5513,0,0.041120229287449274
44423,0,0.04071176627928522
2668,0,0.03891637264647921
22530,0,0.03249314843738529
41434,0,0.03219533357030459
6896,0,0.041283993413346216
26798,0,0.032415765032774456
23365,0,0.035798113396578526
48205,0,0.025271315864395422
4463,0,0.02058252780228515
13005,0,0.03245070938985491
39491,0,0.04095014533840141
27608,0,0.01078966016860656
26028,0,0.02581671960310505
8018,0,0.03255976553216613
30576,0,0.04103895691340314
48749,0,0.040045319342189016
23453,0,0.040232215182187586
43733,0,0.03159630351837052
31269,0,0.13264976515416974
39014,0,0.041082800479608265
20412,0,0.013369342298472755
24068,0,0.03883116561007521
7297,0,0.027310390437822303
10942,0,0.03925046272906131
37026,0,0.04102369133189164
38590,0,0.040971573322758366
30343,0,0.03780122472727651
1936,0,0.028707943566735988
10327,0,0.03933967927775125
23488,0,0.040948320241700295
36384,0,0.02948187368777923
33843,0,0.035925577619890806
15053,0,0.036349054489043936
1240,0,0.04099049143130787
28098,0,0.0383681683040976
5595,0,0.04061126066359562
41526,0,0.016076368960098005
28688,0,0.03262300861496827
14803,0,0.027446977087573723
5849,0,0.038380635712562096
2328,0,0.0407502267000042
34107,0,0.03246898976498134
12528,0,0.03973823201949976
26279,0,0.03234127464349852
36341,0,0.03236486733587105
33791,0,0.040874506519650085
30986,0,0.029103396432537135
38352,0,0.23790430082935812
27776,0,0.023796379402378585
23606,0,0.043776840885174834
3689,0,0.03833253584571282
43861,0,0.05679080742082041
22067,0,0.04128016997223535
3458,0,0.025931836067435127
47188,0,0.041079174367212624
35661,0,0.02000657047271326
3850,0,0.032577632979254666
13993,0,0.02974689372895457
22417,0,0.03959431163116944
16192,0,0.041172465401083755
16785,0,0.04096675836032722
33024,0,0.026503137325300855
19118,0,0.029178259817221025
42022,0,0.021716712660647435
44683,0,0.040415600833810225
7598,0,0.03013142579117519
31705,0,0.039398595339563275
46231,0,0.04845069978430061
34884,0,0.046221730006051495
37947,0,0.02413173580866224
41604,0,0.0412821480579267
10206,0,0.02819255253311854
42457,0,0.028501318704282436
5282,0,0.041299454551805795
37705,0,0.03472687397805467
31796,0,0.04056436432634347
33278,0,0.03944168136460539
40067,0,0.022696461567548128
28978,0,0.0316013987219478
30718,0,0.04050821276965768
35937,0,0.040292328275707
14072,0,0.01084847928913217
34004,0,0.022341954276528034
5434,0,0.03873949175823756
45313,0,0.03749362242703928
32774,0,0.031167858163203988
17411,0,0.041190645986989814
38454,0,0.03804322730117582
29547,0,0.04109479009117314
23303,0,0.041073012870384576
3371,0,0.03749572096067813
11465,0,0.03738645710188818
43996,0,0.02962729184170289
3387,0,0.028178968256946203
21847,0,0.04121239917836986
7672,0,0.056414016307711895
29373,0,0.022340743521561037
47341,0,0.026464788133627983
32687,0,0.040225136810139644
40596,0,0.04115313794993991
33662,0,0.04123260755844456
25200,0,0.04302748958720439
36727,0,0.037447507565882956
18002,0,0.03753604984547289
922,0,0.0369477518691127
13812,0,0.0317237582486879
5757,0,0.03958041847619734
4387,0,0.03152756644737181
29572,0,0.039870607515996595
13901,0,0.032236185396960555
9201,0,0.04009539717903356
1471,0,0.01658665058302044
41076,0,0.028158094727021177
34023,0,0.028039690507511886
22562,0,0.041230648473445576
3846,0,0.03148321363727961
39653,0,0.037041393674822835
46753,0,0.04038581398755126
5809,0,0.03782933348886281
29448,0,0.02750738290053422
44252,0,0.04115681622480312
18506,0,0.0402988469662198
18843,0,0.03208412005795176
5081,0,0.031029880647684232
14156,0,0.03102587463535278
27658,0,0.03203709357701491
12476,0,0.041090626006176155
48856,0,0.02875422883185436
31278,0,0.041197578011703435
25700,0,0.03816124351229747
48628,0,0.037496571647949055
4554,0,0.011505255317181115
13732,0,0.02995990983413682
1707,0,0.041272400856121105
47171,0,0.037536892238766696
47055,0,0.029019685988362885
45198,0,0.031541068133660914
42791,0,0.03270382202774705
18370,0,0.03285740699362189
13349,0,0.060216675787054946
41172,0,0.011587254854608172
45757,0,0.02975640416299063
24799,0,0.032355195127483694
40446,0,0.03880760117707442
6779,0,0.03155955975426895
612,0,0.04010374448556833
47208,0,0.03910615714787393
3716,0,0.040184815152835715
41348,0,0.04112862417001588
40612,0,0.03836063764041393
41327,0,0.025798479443482306
24876,0,0.03222027475721491
23257,0,0.0411209794044201
19407,0,0.02483664721785112
1771,0,0.03102306214931757
34973,0,0.03849030338501004
10035,0,0.01894359089794737
41949,0,0.03875283388777168
39239,0,0.03187534588303778
1263,0,0.038605663596184045
4840,0,0.031542762178528465
29446,0,0.03473455524825638
9761,0,0.04130648341681951
7381,0,0.028163424751786827
40277,0,0.03206500075803947
32865,0,0.056124280442619065
5520,0,0.038122416948734646
30080,0,0.03955651431676322
18132,0,0.0405058006127917
37424,0,0.03414110878347128
19819,0,0.02816066443062256
1365,0,0.040963836505864236
20066,0,0.04115743170247553
27118,0,0.014601828049334808
42064,0,0.023544284105329737
6135,0,0.029152371814488855
3843,0,0.041188114806234716
25870,0,0.026939922317857037
3107,0,0.02942185031790188
39113,0,0.04121035118506638
37250,0,0.04137765043560977
30467,0,0.030948106643708357
30289,0,0.15378839987810064
12341,0,0.023651182720395326
34393,0,0.0325852493354634
21704,0,0.03893143745651285
12989,0,0.015929552754534494
45141,0,0.04142513375264081
26085,0,0.7215007433557955
32149,0,0.029969916361822474
35884,0,0.03859069016130422
46619,0,0.032556098773952165
29071,0,0.026918790922743557
14475,0,0.05815792743306197
4066,0,0.027988717259012367
23136,0,0.03203641265296094
36603,0,0.04033809804104662
2349,0,0.02225266334640863
18937,0,0.039384177123475486
1791,0,0.032281753325848275
24323,0,0.041318142103628275
14347,0,0.029274599781521977
41483,0,0.032803795028747966
8887,0,0.02954961993877152
5440,0,0.03816091599701631
14933,0,0.03965954908504164
1760,0,0.03764108767285683
23548,0,0.026418172749442425
40415,0,0.03752095933022868
10761,0,0.04133159071069058
35448,0,0.04110668761354502
1063,0,0.0413906557571881
4247,0,0.010890655961272151
46380,0,0.027276399518667387
3017,0,0.027062780060917037
8391,0,0.037795690206396025
906,0,0.03251877013680318
32361,0,0.010850058673060674
25655,0,0.04119699592471144
1670,0,0.022166065744679254
9421,0,0.03964426496527301
46391,0,0.02904881190537957
48182,0,0.03933454728429628
36805,0,0.03761184449965771
13445,0,0.03590520885105053
37503,0,0.03893145730754927
46814,0,0.041258285436224416
46041,0,0.040711655874476275
34353,0,0.02733097239190507
13090,0,0.03185378696024145
14600,0,0.040307641478341115
48295,0,0.039417231237516906
22166,0,0.03412025031700763
32814,0,0.03291982882539282
42763,0,0.03889844976626243
26665,0,0.019681817678412504
32088,0,0.037106769053332524
3468,0,0.031107176017578723
46012,0,0.03830336585155044
4931,0,0.0326372200070945
25126,0,0.0420056023253223
20281,0,0.04131837517489377
20181,0,0.024488563122090978
26587,0,0.027737673633032464
2088,0,0.029347839204008897
32360,0,0.023729274311699116
25101,0,0.0278975886040623
41895,0,0.041171183465230084
17052,0,0.04079188561914025
11492,0,0.03536544111240337
17063,0,0.019889086368646752
14909,0,0.015505705063009271
45098,0,0.05439163856285523
25628,0,0.03159083285926433
41088,0,0.026147454940500265
16740,0,0.03234452580777124
34854,0,0.03982094635809085
35862,0,0.04121441595242625
42770,0,0.04116842601132942
40384,0,0.03968178302372575
3341,0,0.043925996578164324
3178,0,0.039810860634652744
39858,0,0.03786633551979854
20141,0,0.039118035063306744
43836,0,0.03964539062145011
4069,0,0.0395105131237966
1748,0,0.030662528469127415
22605,0,0.02411868659600066
15285,0,0.03252410675896627
44057,0,0.021699878961566308
2805,0,0.04098457670902353
43714,0,0.028408040960545614
17067,0,0.03145553215780377
11331,0,0.03240879002643529
48000,0,0.028666855636258575
34675,0,0.030344413207006524
19337,0,0.05624835711161089
11814,0,0.014905692508693058
24875,0,0.028800484947379395
12317,0,0.04098611199242403
29099,0,0.02457824451360952
44286,0,0.037643939903239415
16001,0,0.041261534848927785
47674,0,0.04008338044928511
42538,0,0.02697121876273338
16602,0,0.040419035971687355
29961,0,0.04117666060933703
13663,0,0.03884930957990681
43369,0,0.038931504217713235
20242,0,0.04018270628558027
25115,0,0.029988431259943566
33177,0,0.03246547946859844
40683,0,0.039490814151923175
9513,0,0.0409566708797279
17793,0,0.07094656901682812
22301,0,0.030767252056588968
28793,0,0.030993464549508885
30931,0,0.022443693983496705
23988,0,0.03253632778328484
20183,0,0.046259456840807255
1246,0,0.056392190261023885
40563,0,0.022773160686224387
35255,0,0.03695468997174428
27877,0,0.022946300658804635
7611,0,0.029737527824638697
16484,0,0.04027941237067929
22986,0,0.037979762227426994
4828,0,0.033043756952704374
1488,0,0.04120915513330332
41322,0,0.03339136308570326
30175,0,0.032402293450188475
4229,0,0.028602520324206755
2891,0,0.04084281042114548
25786,0,0.0397587552165286
15196,0,0.040435047192943295
47641,0,0.03015550043963126
40304,0,0.03985377699535337
31839,0,0.040933740671878736
2743,0,0.0465561319724952
32902,0,0.04007298984355114
1663,0,0.040301637493632435
38113,0,0.03711323465242647
21165,0,0.04085371948104516
21038,0,0.03972529212916786
20629,0,0.03176427912646229
32490,0,0.040432002446523674
9330,0,0.04052061742241431
23175,0,0.03184217571813066
34592,0,0.023951974120090445
8342,0,0.030696043998422608
6056,0,0.023317100741205573
44778,0,0.04022821647241038
3587,0,0.04291108885558119
14508,0,0.040241713261509805
12573,0,0.030872655829921332
46896,0,0.04042453673217023
873,0,0.040636242341585034
27013,0,0.04070183988408192
28919,0,0.029363287778006186
22469,0,0.019654708492266557
24898,0,0.04131948772905809
29186,0,0.02250156946571281
29930,0,0.040488341927952254
41534,0,0.04123360335313824
36380,0,0.04025118383140604
39139,0,0.03749268690755714
26741,0,0.04104083849181813
45041,0,0.040774043478982974
28062,0,0.007294064595746154
16645,0,0.07166889925162905
16510,0,0.04091298834418899
34912,0,0.04123150009539963
2834,0,0.04117177790144057
35918,0,0.027735622118464462
29716,0,0.04025022281040044
47497,0,0.03878351211084143
16129,0,0.04113886844607691
41121,0,0.04127575406501504
12825,0,0.0350909888981573
19685,0,0.041165006274968365
33585,0,0.04491226139870108
35936,0,0.04094696748749169
39297,0,0.019927433499872714
45398,0,0.037681095702617774
4119,0,0.035156503068212365
26494,0,0.038336309920916314
42449,0,0.039294602309351855
5537,0,0.018220865097972067
16488,0,0.03835920704440251
48935,0,0.025438554802276758
24558,0,0.04093214932688254
47492,0,0.030239786997870995
14650,0,0.02992712187035355
47112,0,0.0412322368927668
6457,0,0.034035767149642744
27809,0,0.040723752385271865
30229,0,0.04121530473391904
37861,0,0.0271699255704082
38841,0,0.02989114456596376
42243,0,0.04122032628307515
36415,0,0.84945267147798
42593,0,0.027056641489375057
15520,0,0.0402080153340794
3685,0,0.039883851878553214
36075,0,0.03970535516316186
46055,0,0.035700500771894725
16000,0,0.023691756979828643
24710,0,0.041145186475122233
45333,0,0.015387171171734656
11525,0,0.03290886506042639
33892,0,0.02847759663834473
18040,0,0.019217869256243976
4897,0,0.041229915805996505
31644,0,0.02711614355881778
13429,0,0.04139803192907436
27032,0,0.031435956829131285
13941,0,0.03801114787171423
10523,0,0.038780137204066006
35757,0,0.04103592485656495
44936,0,0.0392040387275773
25856,0,0.040734962910251166
6144,0,0.041399647641824994
27858,0,0.03203651416667286
28812,0,0.028712870080585217
28284,0,0.03948258794928185
2537,0,0.02289373400378618
5716,0,0.022675082923167122
43244,0,0.024240969223341687
48795,0,0.03386455645741079
8054,0,0.03143162629626386
18607,0,0.04129824207816916
2230,0,0.03164622943397398
42642,0,0.04134767997981697
21390,0,0.028157135336837277
14396,0,0.0396934646826109
20155,0,0.03843121893688306
17705,0,0.03799477711375614
34039,0,0.03911497378217247
18995,0,0.039516502102079784
14497,0,0.03897644869587353
25669,0,0.03225888789957262
35507,0,0.03132616188507099
46562,0,0.046703387346239855
3137,0,0.03758455347798099
33748,0,0.03238075191125841
23066,0,0.039167661266990186
29398,0,0.040426341742696895
19236,0,0.04103284482417503
26710,0,0.03254814168408108
25213,0,0.04681583608990591
5608,0,0.04122646165223832
21705,0,0.027684595159022864
31519,0,0.015657713383061163
28155,0,0.02601954576938614
44648,0,0.02282597902398219
25941,0,0.030136182104733886
7267,0,0.03210085640286151
37509,0,0.04080523595198744
31462,0,0.018782351583010927
12055,0,0.040641524066589885
38458,0,0.03936924773478833
47128,0,0.1243413055989274
22021,0,0.037011682687094
28304,0,0.05637337596431438
9424,0,0.03095538639792174
10258,0,0.028191093549268718
24928,0,0.04096190806866366
10692,0,0.027718361091548446
16418,0,0.015974904845532267
42856,0,0.03922893607598421
29301,0,0.030054174294159287
3167,0,0.05063593800225896
19529,0,0.019383237837755318
7673,0,0.02602644042525405
4741,0,0.04019431087506118
47394,0,0.026769752881001703
17284,0,0.05625787776142731
18685,0,0.03766183108627811
41837,0,0.040187160666186536
4948,0,0.04120687449148959
27925,0,0.037750640779961674
40644,0,0.037017464241502526
33182,0,0.03110649266213473
4845,0,0.026923974408169186
3874,0,0.03838154639303376
47344,0,0.039575745432525004
4128,0,0.030328478318484415
17335,0,0.04127106148285232
21353,0,0.04115662780276625
21778,0,0.03816165386366481
2135,0,0.04128197931819709
31808,0,0.02676215218657582
39715,0,0.04129395541777615
34788,0,0.03204008172463221
7420,0,0.04112349030296773
37259,0,0.039002568666653345
32416,0,0.04024008081325498
23035,0,0.0386013070226956
20685,0,0.03978177395757209
21450,0,0.04061692042515379
14119,0,0.039273257099772134
22315,0,0.04155826521496819
10058,0,0.06034054330099385
16066,0,0.040166520729511455
46066,0,0.041421590189349634
38645,0,0.03863108354353678
43350,0,0.041736910804943794
40315,0,0.02819938101798278
34253,0,0.03484987612357963
26116,0,0.04117621913669271
22823,0,0.039570585384775994
44160,0,0.036974109780062714
47267,0,0.03201425324880338
34841,0,0.030523477294673487
32118,0,0.027146261299757883
1074,0,0.0070635537693293894
26098,0,0.2777584450432363
30007,0,0.029744907400134874
36765,0,0.016929324170013263
6385,0,0.037805631410759065
8549,0,0.030668746187667646
48257,0,0.03806883343254894
32993,0,0.03955407802049173
28158,0,0.029627297160924087
58,0,0.041083687437405744
7891,0,0.02756636186038889
35548,0,0.027162882164092485
12393,0,0.03230320176189123
6018,0,0.04112997306889867
25915,0,0.03871459976029561
21001,0,0.031786820734527745
26567,0,0.04113228926404759
29084,0,0.04179302587938286
24764,0,0.032337269446051184
30217,0,0.026375516861333197
41402,0,0.03755301339015831
24891,0,0.04115553252130874
28132,0,0.02756043101285155
35676,0,0.03264570491384692
3787,0,0.03197223005406531
29214,0,0.04102143913978262
26056,0,0.028810445809053495
36065,0,0.03848979896895441
42420,0,0.04077550410534597
15886,0,0.04113794228936878
28703,0,0.04108173641882334
25277,0,0.03893078665654721
31701,0,0.03842093149631746
40325,0,0.04045835227157043
17940,0,0.032511032281433906
22748,0,0.02807911698365359
27301,0,0.04113826925399698
5748,0,0.037862523999326256
9653,0,0.02712445326886778
5486,0,0.029848563680213627
40197,0,0.03888133611616794
41795,0,0.0391331846841245
26950,0,0.03786440631653454
38416,0,0.022073773034451013
30643,0,0.03163298959846003
46832,0,0.029225019087689555
14052,0,0.031253071727568214
6532,0,0.03154305604823333
2443,0,0.05759214250648288
23339,0,0.032367131017812606
37927,0,0.032642397370636435
40026,0,0.08833578331714974
29891,0,0.040773167067992167
11894,0,0.0348568339044281
37371,0,0.04618550516802066
28451,0,0.03000422315485562
27053,0,0.02466071681365182
12628,0,0.026498187129350405
15109,0,0.04067058817969864
27225,0,0.50264117928453
1736,0,0.0413346302306414
1970,0,0.04058675483380326
35688,0,0.03892306077960227
41505,0,0.035268142051473564
17463,0,0.05592022821478023
18078,0,0.02912832447437998
8233,0,0.03595411195683692
18079,0,0.040438356287512064
29426,0,0.03802770822453437
20061,0,0.04122175390429273
21232,0,0.021955141958729087
40143,0,0.04013879459061661
27022,0,0.040917142396539236
25074,0,0.037495511401789784
30680,0,0.04000019075957872
11298,0,0.05665254272422474
4254,0,0.0404748677598001
30906,0,0.041308004643501
17757,0,0.04090335554281977
26247,0,0.026511657817143187
12153,0,0.04145190726454215
14901,0,0.013076088942891423
11427,0,0.041109976033400164
11791,0,0.07241508896759048
22558,0,0.017231117818628607
16149,0,0.03156904927082019
41126,0,0.06886697285565964
32729,0,0.040174913957357
5048,0,0.020764054806371977
17482,0,0.029460580645082605
1225,0,0.040815266903862536
33952,0,0.04075057276117985
6327,0,0.038424963941813266
23510,0,0.040473424647030846
8312,0,0.04071870774338685
36304,0,0.04049871282543136
30564,0,0.04101489166356428
44138,0,0.031405947144027606
26317,0,0.04121346838342774
36462,0,0.040040980044015254
10201,0,0.031704956952399437
7156,0,0.031167198583940438
5075,0,0.040417739462016516
46193,0,0.01994118194143448
19603,0,0.014897044205050556
14079,0,0.04023551415584661
48913,0,0.041313519560452164
42150,0,0.03215940068775166
35064,0,0.041084522636022684
23291,0,0.03884811983437434
48446,0,0.037546621746865655
8177,0,0.04084913102988737
15413,0,0.031582035381475866
47534,0,0.03253692731522375
18766,0,0.031484763576616795
8195,0,0.05215359157575576
28724,0,0.02701400623463088
44719,0,0.03635250684806731
21447,0,0.030833874554227418
40023,0,0.027606650235799727
17123,0,0.04103249019619253
21222,0,0.03963988576271066
26005,0,0.041088828829895965
13555,0,0.027994673732185983
4104,0,0.04043455639641625
24939,0,0.02816331222466517
24219,0,0.01798386296752385
3588,0,0.03964371018624017
926,0,0.03971716904842208
10482,0,0.04047222883798415
40158,0,0.04119795859541414
36623,0,0.03493766920662947
7758,0,0.02230494600788385
10608,0,0.03478808639079012
41510,0,0.041131293113242984
33958,0,0.027536450721891582
31682,0,0.041226875216801
3835,0,0.030833514346654496
45180,0,0.021175073522376756
5626,0,0.020191692913464225
45032,0,0.037563257632845855
17314,0,0.032640414178898014
30806,0,0.029949452110791207
31409,0,0.040904998868275505
9925,0,0.028885539404480364
17889,0,0.03237240654413947
37767,0,0.015312357053397773
7742,0,0.04020117644981381
38491,0,0.030742824298003332
40400,0,0.01604573018340993
174,0,0.021950993905762904
21153,0,0.04250408505112575
44557,0,0.04046548262133367
14683,0,0.0408672637416609
27701,0,0.04067429405599549
26425,0,0.04062156090522383
22243,0,0.03782067461260631
27071,0,0.034386437797717245
34716,0,0.03255902892425796
8211,0,0.033070980303278055
41699,0,0.04438599468614167
27214,0,0.04071768030819372
41501,0,0.04120521675868301
3313,0,0.03814670019865005
47626,0,0.039005896237495605
30496,0,0.02850655171332567
46480,0,0.05739709337274346
47724,0,0.02228309392922289
10793,0,0.03938022041486736
18483,0,0.04106122548284713
39860,0,0.02814733485714686
36731,0,0.02361847888955745
16807,0,0.04129044536473915
45900,0,0.035666336818995927
25806,0,0.040653241226440325
25407,0,0.03008891903862725
21900,0,0.041058233131052425
21492,0,0.024494197374900824
41615,0,0.040570814594800025
18061,0,0.018349130407203647
6775,0,0.038201171630565224
7238,0,0.026642861562957167
11820,0,0.040923770859552566
5359,0,0.04090444473432422
18199,0,0.03258719400973954
33916,0,0.04391480488408634
12172,0,0.0412285247241591
48819,0,0.0411483054116677
27089,0,0.028889388896881998
26378,0,0.028891230199775096
46523,0,0.027037988865716414
7488,0,0.04027738555297333
22155,0,0.041186943837036916
15131,0,0.04074043151811188
15238,0,0.032519921564175935
1370,0,0.026841565953226683
25209,0,0.04112194972680346
18074,0,0.030525988347924117
41320,0,0.038343462514336034
28521,0,0.038631864470068875
26778,0,0.03748550390392338
46653,0,0.03125522556073993
36790,0,0.04085262959499428
338,0,0.035168406166820085
47877,0,0.03187845838306089
34619,0,0.0411455296100448
26705,0,0.032195481143456
9953,0,0.03255581461313043
24397,0,0.02505155288838787
25050,0,0.039984462539971205
3944,0,0.038917813876868095
33012,0,0.032260848976987354
27885,0,0.04047794795600707
43498,0,0.030310639124722066
49016,0,0.039994391416007434
25321,0,0.03906322850606625
30578,0,0.041186824292091584
21528,0,0.010331211094886956
10906,0,0.030815285186503748
47916,0,0.06447981831700562
6589,0,0.04127665735578997
20779,0,0.030503856394625918
25970,0,0.006245942212422095
4729,0,0.03064624401665567
26762,0,0.030776817201126124
136,0,0.041154105619112376
34128,0,0.04115513892309043
29899,0,0.02726400119845888
42621,0,0.0270157743819128
7027,0,0.03936148183508686
41380,0,0.03836628277974146
596,0,0.03929752320567927
36660,0,0.04055266163305347
37049,0,0.04095410941289151
1385,0,0.027103573651488324
24483,0,0.03159378804414905
11061,0,0.03759350733429862
44244,0,0.019264924657350038
48054,0,0.02587678711667249
19391,0,0.03161353612775921
44012,0,0.031039341334666657
18521,0,0.029739713186864924
28133,0,0.05258353886526799
831,0,0.03847819096181217
37549,0,0.038959717906403346
19366,0,0.041423276908086684
10440,0,0.03764377751148656
22940,0,0.041409824043855514
36471,0,0.03251710344857655
6292,0,0.037823276904995796
37411,0,0.032472002832012285
2342,0,0.038166641431052126
13929,0,0.03757599921176856
28277,0,0.02827653282039359
41003,0,0.0413016457004091
36642,0,0.03434853349925744
25615,0,0.037712134880738477
45441,0,0.04050184525151191
23177,0,0.027461473080824514
42514,0,0.04080256005236848
3256,0,0.037494134022084846
47782,0,0.03282981809653291
33737,0,0.03622971049432718
48233,0,0.04109685977317791
19294,0,0.040914721353914135
42546,0,0.03743692653268715
7814,0,0.03774273380393211
18383,0,0.03497008819063732
15100,0,0.04756219545993508
11355,0,0.03269163477372715
23884,0,0.03267398121960589
39761,0,0.022507651102845992
35632,0,0.6839177333519774
22406,0,0.04466101642042471
35301,0,0.024964351062759453
2535,0,0.018121391960096253
33308,0,0.021674340163986526
25578,0,0.04081517755214702
19562,0,0.03157646233340573
7235,0,0.03168061753379899
33580,0,0.03167979618008714
33971,0,0.0391951004180219
15343,0,0.0387490280916927
46208,0,0.03762935397290211
48072,0,0.04111997310057969
26447,0,0.6839536411495034
14379,0,0.02815113952019368
30929,0,0.04694429921287125
37460,0,0.030713358397103496
15390,0,0.038074926417318425
13680,0,0.039342003171788695
48173,0,0.03942194998507338
1373,0,0.03246405415883833
48602,0,0.03268931199810699
45774,0,0.03517042748406296
39065,0,0.03394473604018424
11575,0,0.03949155127979124
42394,0,0.03070326523321744
37372,0,0.02365813985610036
16068,0,0.07295056277953266
7882,0,0.040899828302170274
18426,0,0.04120161257563592
35439,0,0.0405911595477013
46414,0,0.03770540472151285
21427,0,0.028623067949029045
15074,0,0.040675438868339055
30772,0,0.0574050711647162
23156,0,0.041104467356844414
35080,0,0.038694994770125044
10429,0,0.032684525683745705
14048,0,0.040226279375352204
31541,0,0.040828584498138656
6730,0,0.041192273611764835
34322,0,0.040513228496368694
6872,0,0.0398056006289567
25435,0,0.026984174926989846
47077,0,0.07650834684086333
33593,0,0.040272561561439386
37833,0,0.04030592263237031
9530,0,0.7060379056885728
1182,0,0.04077729438750301
31739,0,0.02712286803112068
25520,0,0.03749327375334544
11156,0,0.03144627194985471
31852,0,0.022399950574213612
33458,0,0.027225074602000666
39572,0,0.037761110236533925
12221,0,0.04114778662020283
14215,0,0.0394322819978511
3938,0,0.04041792612292384
25024,0,0.032418429421212015
6813,0,0.04115543889026527
18419,0,0.01376790629872643
35429,0,0.03816451445916178
29986,0,0.14229084499155767
34863,0,0.040085570582396896
41776,0,0.03902935130582015
31836,0,0.02486843710157454
8886,0,0.04000275716242814
46025,0,0.03508120584639267
22115,0,0.026791463011611977
9494,0,0.0412041508594487
45679,0,0.04046897194783421
15693,0,0.0205072326481706
21171,0,0.04102966776770366
16951,0,0.04553158137846093
8289,0,0.026086606383459814
46669,0,0.055630392297624606
23193,0,0.03964499229370903
44324,0,0.03231632633073541
46851,0,0.04071911363670762
2433,0,0.03639730206574519
36432,0,0.026940706758336
24918,0,0.03163417087625269
10516,0,0.06177158806007012
1057,0,0.012829756012215723
38735,0,0.02482042074602582
31362,0,0.026855305123931278
28578,0,0.04075545013905912
19535,0,0.0205744151559474
22412,0,0.02842701023330398
46543,0,0.04985352948625578
41111,0,0.04108445687519613
755,0,0.03963030128130549
25517,0,0.03706600055746353
27277,0,0.027528516896293966
33198,0,0.040731664855370164
13061,0,0.04618764026886373
3120,0,0.040711124265001467
13818,0,0.03138005312129181
36180,0,0.04168553800205894
266,0,0.039864288498001034
18072,0,0.022511548710281704
48905,0,0.03815893744254563
44028,0,0.8502194566378515
15737,0,0.040870012655267796
32880,0,0.022902682302376444
14848,0,0.03835204335846174
19010,0,0.032672798492222134
31868,0,0.026391946992285673
3729,0,0.04079464321803335
50,0,0.026955654366943423
37842,0,0.019780352088054353
39531,0,0.03125542956667194
27115,0,0.017811974918621774
20090,0,0.040255032593182076
12223,0,0.04124448956244933
25334,0,0.02719550802269621
2817,0,0.057727430587207015
22776,0,0.037633378295490086
9895,0,0.0315518901912609
39952,0,0.039296106377906065
48006,0,0.7478415423965252
6435,0,0.04019775560637901
29888,0,0.010829828740233596
48673,0,0.03215843100512954
1239,0,0.037142398440645666
33631,0,0.0329301701907894
13369,0,0.041278967018881334
35555,0,0.040477346058552174
18953,0,0.02870442058559415
46035,0,0.04075615406987376
41967,0,0.033608055651092636
34060,0,0.03506716745561942
3172,0,0.02991358052052018
18929,0,0.01835711315638304
6548,0,0.04123509608353714
2529,0,0.04114285232145972
16152,0,0.03995580049280549
42266,0,0.040723221343478715
11419,0,0.03995818861617089
10240,0,0.14283578992030385
18390,0,0.03833613945048065
43529,0,0.028531973662588063
42139,0,0.042603430382076486
28466,0,0.03992041140604731
6820,0,0.03127137485324198
24628,0,0.041202495092875414
28586,0,0.0383322472942796
45703,0,0.032164488910774836
22180,0,0.04069277388789076
15017,0,0.04095935972248087
38268,0,0.030388782017994335
3568,0,0.02572978156040197
30628,0,0.028083660011022547
36901,0,0.03991469182230754
20041,0,0.029102276831999074
16844,0,0.041172900756446945
28616,0,0.026988526676458888
6864,0,0.03085522129970982
20924,0,0.030628993375586024
26349,0,0.037489127997187933
13824,0,0.03459029959626686
28260,0,0.04117651146591365
3149,0,0.0296487273215233
46985,0,0.057372983232626615
9610,0,0.03186436099425689
9126,0,0.05790606286468779
15660,0,0.03832190999625897
6215,0,0.039957981422358325
22923,0,0.03243482663470893
39853,0,0.5476081808235606
8355,0,0.038537525139976735
25109,0,0.025785582426170853
15909,0,0.028324626291842042
28342,0,0.038613909032578025
43752,0,0.016156906469722794
46225,0,0.02183598506639536
1798,0,0.024555410638570252
47205,0,0.06891615448533783
884,0,0.04111475190291895
26952,0,0.04028621598954997
45536,0,0.031010918789324406
42747,0,0.01603302573462206
30767,0,0.03994613573966254
46081,0,0.04112992217773782
21739,0,0.03757085762617057
22229,0,0.03958581489067684
6998,0,0.029360095181568756
23978,0,0.0402680481611252
4305,0,0.015336732074221468
12036,0,0.03252763116508101
17424,0,0.06882387143882626
36613,0,0.023384893036729845
34659,0,0.04066662214363234
6410,0,0.03782510912448722
21754,0,0.0414397428136707
37635,0,0.03246366837030067
23317,0,0.013550427181184993
24634,0,0.04147894918532878
20780,0,0.023270834089897482
39500,0,0.0399799823801703
7534,0,0.04019487700899103
15231,0,0.041422304313574444
26326,0,0.03689229177877238
43432,0,0.031725427650459125
19859,0,0.04086887557287304
26908,0,0.030917115509785546
6919,0,0.03410097538427709
11553,0,0.04108456633741867
45417,0,0.03139351417316254
38016,0,0.02880652714499215
49033,0,0.04012345119179318
36719,0,0.010558297247624903
15536,0,0.04076927677309386
37144,0,0.02806700770687935
38625,0,0.032658453450802385
45097,0,0.0377446229651167
34320,0,0.039855916376461256
39686,0,0.04096372725055975
33976,0,0.04077177164484381
3718,0,0.041163470028790755
9422,0,0.03899287079250431
19179,0,0.0376140951493108
32527,0,0.03708304417014949
28782,0,0.04077773511397765
9781,0,0.03955687675835295
15558,0,0.0242856818868261
12340,0,0.03609707976639941
21918,0,0.04052960876076228
27597,0,0.02746017735255865
24977,0,0.03937042180329384
48261,0,0.034285256200808266
24913,0,0.026723399942892002
13914,0,0.041008224157436296
419,0,0.5494029942540695
17909,0,0.03961922492100765
35882,0,0.03162073341602541
6479,0,0.041171916431756904
11414,0,0.06894235516295527
14490,0,0.04088792576607491
48196,0,0.04041838692632497
43672,0,0.02867393271079739
468,0,0.028729339777032813
27521,0,0.038901437496399044
3029,0,0.026797427224648535
48975,0,0.05198032147085423
4272,0,0.037166171079612724
22240,0,0.031820809099808965
12150,0,0.02737706625184479
34011,0,0.038339666540843934
19371,0,0.031642951419335694
29897,0,0.03235077884675829
35025,0,0.01325083588232574
19098,0,0.018480639639282346
25534,0,0.022876031861826733
33883,0,0.04067310811512916
22333,0,0.055761173261212195
30296,0,0.03130463890774618
288,0,0.018079095517531837
48410,0,0.035180915250112584
3194,0,0.04080836181676877
28324,0,0.03085268119788371
22365,0,0.04121797647430962
2617,0,0.03262177222551276
6515,0,0.026352721940335905
47649,0,0.04089367226007472
18306,0,0.03241747174153878
26918,0,0.039562359297563854
31162,0,0.026984185469829242
40348,0,0.028892610485028815
8361,0,0.04116416252336145
21062,0,0.015973378747430045
19007,0,0.03972031059288786
39587,0,0.0411587478638151
35923,0,0.03473847297605584
32318,0,0.019935871916739976
22122,0,0.040947493709812814
32393,0,0.04041011214327777
34527,0,0.03768563642678757
4777,0,0.04108360717990399
24626,0,0.040222658305974004
25248,0,0.041106401099129455
40754,0,0.041298201135869114
12549,0,0.038735571849597424
26545,0,0.037660835736243736
17479,0,0.05635961633223773
47667,0,0.041315247720653085
13865,0,0.022907189088251904
2103,0,0.03964533375117301
18617,0,0.07277176728703613
15787,0,0.024204270874018288
17001,0,0.03760942995575493
32209,0,0.04062119704584461
39836,0,0.0376837007717675
14930,0,0.041172286516921945
38168,0,0.031891626599824974
32653,0,0.03977272759412431
24978,0,0.04129359118891757
23722,0,0.04115258805983909
38773,0,0.0150822702779334
19434,0,0.039543547429892224
28144,0,0.04126728367996127
36470,0,0.04046484156598911
9715,0,0.04112917952906437
44783,0,0.030363775204918265
7065,0,0.03142846219507503
34630,0,0.02803515852711983
29842,0,0.04075685869902704
6590,0,0.03140529655897718
6766,0,0.03815405980442207
16653,0,0.029372122202521337
46326,0,0.0306927075548359
22371,0,0.01722318512568433
28731,0,0.029707657093993377
37925,0,0.04121135680709417
37775,0,0.030732505362657387
9287,0,0.041195091568743715
11237,0,0.04014409535381612
3132,0,0.02636444344776371
26154,0,0.026422167793550194
14550,0,0.04038445331885856
40941,0,0.03191476927494066
2565,0,0.03004857526230218
5245,0,0.027639639011331596
33793,0,0.028851685785336287
48414,0,0.04097747648076532
33663,0,0.03890138349023512
30213,0,0.03801924617845914
37654,0,0.040991104565089864
33768,0,0.02018771337736569
46369,0,0.024287048649616727
19355,0,0.030748352793356064
21024,0,0.04122073502433967
21162,0,0.009413436241503134
19915,0,0.04104461006802344
46304,0,0.05657837435216824
20474,0,0.040719144916038355
41216,0,0.02208061580532605
495,0,0.04126447405391847
32222,0,0.02401581438205562
4277,0,0.028109724664899187
42495,0,0.020059381109534258
31161,0,0.041260225500260685
24983,0,0.03288142282415546
13155,0,0.04091190059617245
19001,0,0.041073184718957836
12886,0,0.041154979563534595
16956,0,0.041327912153087384
35206,0,0.041182875795798206
18597,0,0.04039665778825573
13222,0,0.0394267535913615
34597,0,0.0409230981900333
17833,0,0.03588216275097953
19368,0,0.019900129537814185
37355,0,0.03874962663187119
46476,0,0.03912784699408898
19196,0,0.03915789474529184
14392,0,0.05766010429209052
6985,0,0.0411106843722012
46416,0,0.04016530774373038
15442,0,0.040861173092341274
15379,0,0.0397841442824185
38148,0,0.04086521772268764
4007,0,0.03204928560769067
36754,0,0.041423835213533024
40114,0,0.04035739034341911
23857,0,0.02954725154728144
37066,0,0.04103935114379878
23706,0,0.035770315798913155
44396,0,0.04080782619525787
32741,0,0.028657645514296348
3445,0,0.04120695750161168
41624,0,0.01587016585515546
39724,0,0.04072124431668244
35184,0,0.022085617156108982
40458,0,0.031399843972603786
43651,0,0.040302345332530964
21303,0,0.04012606452601604
14129,0,0.03691577117180137
24129,0,0.04117186298929171
47219,0,0.039932431477234916
25253,0,0.793999111897145
39470,0,0.041220147219149794
19347,0,0.032506535717378895
30571,0,0.03774475458234058
1764,0,0.0409210555481725
4366,0,0.038657166715521045
5969,0,0.04130365386100889
47133,0,0.04045591846005482
23471,0,0.041213674627057724
11875,0,0.0391756618027188
45226,0,0.040396804341004906
33314,0,0.04127910836590988
48267,0,0.02986843186161098
13502,0,0.02562235368897128
43609,0,0.04066614066081089
1767,0,0.03862781407961204
48844,0,0.031450612484003486
21774,0,0.04101740495575205
441,0,0.03204767165336754
18096,0,0.031042411697611738
19763,0,0.038626614101880244
33274,0,0.044015246194471
7402,0,0.029368458931779147
26860,0,0.0400656537413774
42531,0,0.037800294960941234
47907,0,0.040649188573290154
2400,0,0.040961195782441506
48300,0,0.03953397876404932
7850,0,0.04130371872751188
38558,0,0.02639056472607247
1809,0,0.04104810270136289
2979,0,0.02366639248655715
28766,0,0.03235751289863086
19655,0,0.03716732958275862
39865,0,0.017340232240499045
35142,0,0.04109359877555358
9170,0,0.041421473156610225
30838,0,0.039820673733299415
23151,0,0.041280918292472074
6712,0,0.041118373013149245
30393,0,0.039037039020179055
19272,0,0.03133050380031655
11349,0,0.04088668113103054
12853,0,0.040772017818995636
11254,0,0.03248735829663793
9055,0,0.03953047480758688
13091,0,0.028016437504903926
22411,0,0.040382986893299756
47047,0,0.007033031041596955
47189,0,0.04108325635894125
24739,0,0.029987438882894363
38138,0,0.040199790250520014
24942,0,0.01968667539721507
17218,0,0.03998632033597802
36099,0,0.027055303611372136
42182,0,0.038925818983086384
4160,0,0.02172078000498141
22015,0,0.028116386801874945
37770,0,0.035534229745207854
22821,0,0.03700214873271964
25282,0,0.031405856773686555
2974,0,0.031810935782607526
8709,0,0.04058805471682753
5592,0,0.041090253732734075
5343,0,0.04120364818025596
43402,0,0.03019323983889723
12979,0,0.03112426732858202
27710,0,0.05403773276623851
38839,0,0.041290434308342325
45859,0,0.03216113303148469
45728,0,0.01898141812228318
7700,0,0.031677525585022195
8015,0,0.03789341246673098
25592,0,0.03801143820838178
2763,0,0.03910391989120495
40955,0,0.06043144748950484
18696,0,0.027513499476152108
36723,0,0.041180440423485606
24339,0,0.04463618025793422
37247,0,0.15434632334806786
8944,0,0.03262459241852786
32156,0,0.03980158623579708
44350,0,0.03937767033286174
12561,0,0.027725557050581474
21087,0,0.0395387224193257
31587,0,0.03529571205930162
7521,0,0.03028495967859858
36008,0,0.04411835243743371
31926,0,0.044656325088752995
25403,0,0.039569984257879644
38809,0,0.04069589263184314
36855,0,0.027869796975716312
14359,0,0.039512352205220286
3003,0,0.04139452350845973
34323,0,0.028361700908724842
3970,0,0.020413037394356646
38290,0,0.028764420660733467
15326,0,0.7908284404673794
23384,0,0.02616109244351226
26663,0,0.04079324793480235
1377,0,0.011425541326384459
44103,0,0.03141255005792914
35470,0,0.03547034028478994
33710,0,0.030405214239772552
18819,0,0.039461130900139516
38925,0,0.027135282641873034
44969,0,0.043743336136176335
27503,0,0.027499325958249166
10946,0,0.03867479812617081
32084,0,0.04124040372953496
22710,0,0.04159811091937337
13676,0,0.03275126969575864
42393,0,0.03963302514417385
23937,0,0.45095598163301254
29553,0,0.04103708761066193
9298,0,0.04095184181266998
43357,0,0.03910995192593808
13940,0,0.02777130722210452
3079,0,0.04118433473337087
25020,0,0.03248969872348261
39654,0,0.041075513509467615
10273,0,0.041022256225981435
35344,0,0.03214806194935899
39081,0,0.021591941077523293
41228,0,0.028709348052006877
25087,0,0.04119393849117725
33869,0,0.037866828949146315
2387,0,0.0411058609494014
16125,0,0.041230346257807825
25484,0,0.04121433247674346
22692,0,0.03774612864276976
19056,0,0.05765872907589857
10675,0,0.040964436165600665
47446,0,0.02119215540808199
2909,0,0.040946977506492926
2774,0,0.021600796587165353
29345,0,0.0024887922124180234
40249,0,0.03102648216526049
28313,0,0.03696245413487646
37845,0,0.04111723642417231
16207,0,0.03074602540450724
39601,0,0.045858934223898196
36306,0,0.02650156270628664
45577,0,0.039609806508355654
21889,0,0.03897979636678945
8146,0,0.04116364391765562
10820,0,0.031985776773201004
31079,0,0.040425933321888596
22578,0,0.01971502912992913
10701,0,0.04132298375241506
43580,0,0.04019176506706543
22866,0,0.04113949256228841
30653,0,0.05561881918237133
45970,0,0.025696568199705176
28931,0,0.04011777134532625
19027,0,0.040713509494076684
9710,0,0.04087304409266666
26175,0,0.03140120099984471
17584,0,0.0412816312168393
31110,0,0.0409537970691349
26228,0,0.04119282000844939
38739,0,0.03753891913529417
23936,0,0.03251513870196333
1954,0,0.04022170227921525
47330,0,0.018352035147715027
16300,0,0.022604067182241824
13251,0,0.016234392112188273
1938,0,0.04103038404609042
10728,0,0.05748361607167342
13083,0,0.03265796168809286
31766,0,0.028007356395403978
2992,0,0.027178477783175815
41733,0,0.02634386072469454
19785,0,0.04128741644808908
23811,0,0.04050272957506888
28717,0,0.03955867681898293
8034,0,0.032645509325415184
18634,0,0.030351006896757297
24964,0,0.03960920321946399
19543,0,0.04134893304185067
7955,0,0.04095265772393389
3975,0,0.041071645411948514
30996,0,0.021241613817728343
10595,0,0.03833753076933996
34275,0,0.02937858861191814
29067,0,0.04083692959896097
27445,0,0.006572767628451131
33250,0,0.04122105571719373
48530,0,0.03254052518966997
40220,0,0.03168378370759472
29518,0,0.030609075709075572
43649,0,0.05437712936763978
43693,0,0.02954030316168792
16254,0,0.03000367978497381
29880,0,0.02697175443223741
11988,0,0.02254143644257574
44249,0,0.03192208774323455
37102,0,0.02999028298452424
7124,0,0.04121974825043435
19703,0,0.03411051505043248
29763,0,0.03745685231606789
30933,0,0.039123991542701714
730,0,0.03238688808970082
18762,0,0.04096617739743021
31891,0,0.03950986213113413
17571,0,0.05554877005482548
493,0,0.03759674294915396
48043,0,0.04111002530139968
14744,0,0.04008354883021423
14966,0,0.03817092371098811
48274,0,0.0411761014696724
33444,0,0.037492284089873484
14823,0,0.037539469845278596
19038,0,0.031011631872100154
47647,0,0.039127049126639786
44126,0,0.03146469059544683
11809,0,0.039115562541704965
6854,0,0.04131128106095167
46743,0,0.9998534688179475
2634,0,0.019730376185605965
17140,0,0.02208660356318559
6888,0,0.04053358633297914
14707,0,0.040970165495114175
22632,0,0.04111632067194487
40166,0,0.03127997923192214
23019,0,0.03096337070874254
34639,0,0.031782668220563366
25052,0,0.018886639248630148
7956,0,0.020966978178458457
2027,0,0.039981641296089866
9960,0,0.04071713838043396
1876,0,0.03929640178874362
13710,0,0.03998489661149789
1886,0,0.04114995615264914
45942,0,0.04133582565391667
15138,0,0.04096146570716494
48018,0,0.046329611713415556
40728,0,0.020296153735689278
10621,0,0.039566328956892965
9821,0,0.013632271398366782
33398,0,0.038071477690131646
36883,0,0.03940265021560048
18262,0,0.03959937952636104
18643,0,0.028156475671057085
20299,0,0.03270409860339742
10253,0,0.0203161163569848
14296,0,0.04099310329671253
16244,0,0.028648954078882165
48953,0,0.03251263653029589
44174,0,0.04026958928280426
16377,0,0.016085100549747735
28021,0,0.028627912637106578
46894,0,0.05611431658609567
26994,0,0.04084190124541685
6847,0,0.04120553517696206
47256,0,0.04091521264396803
3613,0,0.04061945805211704
29144,0,0.03292476372031241
10112,0,0.02947195243425666
5086,0,0.040793179966326074
41629,0,0.018936580543219568
12832,0,0.041370168820308445
18193,0,0.04027652430068596
30200,0,0.04062579706746505
15538,0,0.030256709752348565
6797,0,0.03233701824056823
48422,0,0.02481385781062307
28596,0,0.0385903658525606
8918,0,0.03258412317085078
10907,0,0.019933278384814155
14314,0,0.034704174160176175
1476,0,0.040698517448384715
15985,0,0.03206725378886044
42826,0,0.0377755136525125
16868,0,0.03938757890803348
37002,0,0.0317879209550685
41889,0,0.03190834040026906
37276,0,0.04061202512872836
3177,0,0.03957865426562312
31392,0,0.04099349910059868
11387,0,0.032472806110272055
48626,0,0.020658144248756373
37674,0,0.018296916491550384
6586,0,0.0412317352796963
8754,0,0.04119600025312632
30444,0,0.036935051724170706
2813,0,0.0292796738376915
19275,0,0.03218436473551838
40892,0,0.03788049622124502
36654,0,0.04116399735480276
34628,0,0.038861012262705975
1113,0,0.03002578297773566
13375,0,0.03089966638216958
36155,0,0.03182217801292242
19135,0,0.0244804085062902
8035,0,0.057705018570875725
47293,0,0.031942332586681686
33780,0,0.04303438759419642
13437,0,0.028344157791764545
16676,0,0.029483559776680022
16186,0,0.02758358478383018
6360,0,0.037837812706200236
8905,0,0.04118123340365466
36728,0,0.016073567880158516
5273,0,0.03184993933241761
27774,0,0.03468048031723114
8541,0,0.02686923249752393
48777,0,0.031722277285218994
10131,0,0.037838423319865894
11523,0,0.04118717316674795
1232,0,0.03197179550434787
3913,0,0.04119034417759707
12809,0,0.013173966031149812
47812,0,0.03978397791807905
5371,0,0.04008241450768306
2735,0,0.027394676417919765
41664,0,0.041192891581760656
16953,0,0.04081009710525153
29601,0,0.03340017766696666
23403,0,0.030430332668615504
40241,0,0.03954291689409026
13995,0,0.029243391910188467
43192,0,0.04015080189906234
39115,0,0.041047902612643496
36908,0,0.029500229231993115
29837,0,0.04080568233778504
6387,0,0.07051475720435896
30372,0,0.02753731042625824
7289,0,0.03258684633885749
14467,0,0.03474769550675296
44177,0,0.037747519430743004
22023,0,0.04041116087325879
46550,0,0.04091658166873508
44968,0,0.03748402068992673
48391,0,0.03815847489194886
7040,0,0.02811916996309828
24711,0,0.04128353511940655
39631,0,0.03764232107012785
25014,0,0.025025115812131342
43008,0,0.040994626009216266
39935,0,0.017836617270084152
18140,0,0.04120871315314886
33377,0,0.031359331933713354
14059,0,0.04098121663454238
1658,0,0.03198964113679581
13814,0,0.04030011192665033
9654,0,0.04014524516078192
10328,0,0.029246563735103703
3772,0,0.028515558071399084
38776,0,0.031430278362497
32798,0,0.03787648711856784
8403,0,0.04088076804725549
47706,0,0.03766337478568307
21456,0,0.028285208425449963
40080,0,0.040117474522998256
39824,0,0.04064267796611067
37838,0,0.04071290228310056
15166,0,0.020249179349352237
3948,0,0.03157247582360151
35357,0,0.026669102437707724
24986,0,0.028147994931954166
40734,0,0.041232621415330795
962,0,0.03957069799976507
25981,0,0.03264285452590429
1544,0,0.03747675516020469
47040,0,0.04108031250218062
1219,0,0.03854902991100795
17852,0,0.03958018792491505
35996,0,0.04561861230910458
38011,0,0.041150521742581124
19194,0,0.04013543000171368
13492,0,0.041094403144540013
11222,0,0.016119275405416755
47594,0,0.03251146340958399
28331,0,0.037488349044775666
37687,0,0.01904058089769989
31253,0,0.03915607870712828
18400,0,0.03288115671653192
25384,0,0.03282909500632544
47169,0,0.03596428266084448
14781,0,0.04087097820634418
15655,0,0.05566963114276056
35017,0,0.02774156734861972
20170,0,0.04012650813936374
5452,0,0.04104134160815862
44110,0,0.031338737671821715
22717,0,0.05628891242576939
45300,0,0.03591858723323707
37815,0,0.08793292198375803
912,0,0.03983711336511377
40472,0,0.040120511379883254
9542,0,0.04003779794081993
29762,0,0.039577123137396315
4404,0,0.0322663172419332
41892,0,0.03973394836872649
1193,0,0.04084034937976295
18403,0,0.04082391068782025
13079,0,0.03893147218609196
32287,0,0.04116758757893591
33372,0,0.04115511936104733
37537,0,0.017925789103498964
44077,0,0.05612243528846108
22694,0,0.0408673141917678
8290,0,0.039794361431715476
6893,0,0.02881391210300729
36768,0,0.03765495102064718
28196,0,0.032642058642137595
38096,0,0.04165245366618639
30266,0,0.03165214111399252
1915,0,0.040918995872836816
27361,0,0.0406765222096325
32433,0,0.03011776903640325
19888,0,0.024578608222353478
19285,0,0.02064081012171749
16231,0,0.04019186233108194
11601,0,0.015902144840769527
42250,0,0.032628391742730876
13671,0,0.01976574342541891
37064,0,0.12696730601805956
42604,0,0.040397820880228044
48555,0,0.037832608242610075
21423,0,0.014919708732380245
9928,0,0.030730692737692147
44658,0,0.03859947690868325
2083,0,0.06149666066700687
42891,0,0.039231067088354735
32954,0,0.03071979936069802
16285,0,0.041223377687381484
22884,0,0.028855131045680067
33564,0,0.046222049441321696
6839,0,0.031398214613096026
20209,0,0.0390284934446685
37684,0,0.031036058422927587
1557,0,0.0324100760535399
42299,0,0.03831593610740087
21601,0,0.031458796011702636
6774,0,0.03194121548063357
39255,0,0.01585353065554581
11173,0,0.03246346052461516
29678,0,0.039781162096819145
30617,0,0.03767576650947635
8368,0,0.013358806599353821
24827,0,0.03411605902303367
21227,0,0.04063072669308556
31259,0,0.035861434434409
40670,0,0.041294403112479026
22178,0,0.10520635341258083
31032,0,0.04122570924813428
34980,0,0.04082561570400844
43740,0,0.02692573316538063
4374,0,0.040008955071446105
34949,0,0.5237770419368389
36716,0,0.03797124363395086
24872,0,0.027765381499397238
2241,0,0.043927982458981905
4935,0,0.031209291365013974
39751,0,0.03259758433886378
23655,0,0.041395899358407096
6497,0,0.5023460313862127
18862,0,0.030675751971261045
40696,0,0.03249870288641001
9241,0,0.023129290182281787
45738,0,0.06053552197484365
37638,0,0.038087857650807994
31413,0,0.03824522322023553
20950,0,0.03228939701405611
8405,0,0.02754260422890123
30855,0,0.029413416780656974
15082,0,0.037665365281725496
46354,0,0.031124441224470487
30471,0,0.04080808171719386
22395,0,0.026925527094478187
48208,0,0.029121679735919476
30245,0,0.04130959565994265
3726,0,0.0411587527945928
18143,0,0.0723770836116005
42462,0,0.02260489732733144
24194,0,0.040352103003007275
9203,0,0.02871907330315526
9197,0,0.04008560429371701
18563,0,0.03227466774263764
22317,0,0.01874613906586645
902,0,0.010946757261530708
47565,0,0.03443363802677617
35243,0,0.02134642414492487
22541,0,0.03129255716344928
46288,0,0.057793603894745194
870,0,0.037879077201515614
35379,0,0.03105116887168708
25011,0,0.03045368767072431
7899,0,0.0311407285150309
24859,0,0.03770856630461044
39555,0,0.037027628260947444
17213,0,0.03193551508772301
10725,0,0.040977557596453884
23503,0,0.04118399223691085
20131,0,0.04681389494842829
24413,0,0.03963673779467668
18436,0,0.03072436969128625
31590,0,0.029949637326972145
37679,0,0.04963265379190502
42226,0,0.04116405063164805
24267,0,0.02607351957146018
24580,0,0.03982311305720894
31323,0,0.010881556789323094
32956,0,0.04067271980369089
35447,0,0.04105491630535031
19218,0,0.032507630389756556
11043,0,0.04119808783665451
17708,0,0.03991396679570185
39375,0,0.03111234616430076
45988,0,0.023159450037945173
29394,0,0.03235147020163664
13415,0,0.04087106605328791
10760,0,0.03204910822138968
14035,0,0.041079663268665904
41016,0,0.041194792160826416
13730,0,0.041035521812631495
21362,0,0.040683949140770545
44464,0,0.04104287533291304
25568,0,0.04103529537993307
7741,0,0.04089741433770881
48529,0,0.03581187081880397
10928,0,0.019826980272787193
40452,0,0.0400568222393594
37104,0,0.027799817159626043
2440,0,0.032360934514539245
2046,0,0.020614996770117366
17933,0,0.011452406799567811
12229,0,0.0292360911951028
42577,0,0.03944333878327781
48950,0,0.03824288201463513
45483,0,0.033163092835435615
11047,0,0.02871351947961333
19719,0,0.02970212172986363
35277,0,0.03807413357167646
32610,0,0.031378662595358785
22251,0,0.03836868332546895
29146,0,0.027173274045645058
23764,0,0.039611567780781086
41210,0,0.026352245087125966
15506,0,0.02230542021296559
45533,0,0.04142243107287126
1887,0,0.02586791428794237
36468,0,0.030599141753337354
24319,0,0.04096027123708675
47891,0,0.040090026917987805
41341,0,0.038399043403873664
40473,0,0.03965568313504766
16089,0,0.2598367863113482
2507,0,0.0370074196451927
13135,0,0.03269587334288772
17734,0,0.03426920048699064
27789,0,0.034208679170413314
39553,0,0.01955758070366885
44881,0,0.040791341901426616
37871,0,0.03693273390165536
41313,0,0.04096621662550223
9637,0,0.02588833434420737
7777,0,0.029949790716633198
13949,0,0.0326261043073035
38843,0,0.03907101088101864
38071,0,0.03751941311796836
33908,0,0.04120706276053825
1328,0,0.02348269186492517
17380,0,0.04080748248657083
45335,0,0.04337647831049395
7536,0,0.032491042962760466
40533,0,0.02252206939187768
31102,0,0.04103944336801853
45929,0,0.03218920535342812
24906,0,0.04054411929318196
20849,0,0.03697219627359862
10746,0,0.041296317099329544
29768,0,0.03095515669823127
38578,0,0.022893387391739146
13715,0,0.0380125857566512
5986,0,0.04047890473009648
13507,0,0.03850707456921919
13559,0,0.04076699699894604
22833,0,0.032114068194830286
26174,0,0.051184401151029124
47478,0,0.040758561127646184
10344,0,0.04453911189877574
28851,0,0.041005505289079945
41965,0,0.03776601501835449
21733,0,0.041055504555091125
5013,0,0.016454302610340456
16144,0,0.06826128164609574
29808,0,0.04067856495299809
13816,0,0.03150092108632993
25597,0,0.029294197732260677
2601,0,0.029467905139321772
35284,0,0.03204573326495383
8134,0,0.029373720632513596
46464,0,0.03919491281877237
29461,0,0.03471828418142189
11325,0,0.037686078823510175
40937,0,0.04115213969591907
43931,0,0.03222506764419672
43905,0,0.010889088811314956
34091,0,0.039583523460135925
5869,0,0.03880276798448903
15973,0,0.028384365452388993
44814,0,0.021493709904635592
28047,0,0.061624641842038703
48191,0,0.04128310374203439
43134,0,0.03008397620201813
40430,0,0.041292959811095285
435,0,0.03239705999385363
14758,0,0.032031121163304116
22336,0,0.03282949170403501
15797,0,0.025494286255490557
39240,0,0.04145831769728765
39610,0,0.02905319497272758
24599,0,0.029132090130814813
12784,0,0.032006894701930744
23435,0,0.029454991742492862
25287,0,0.020549319745420076
3653,0,0.024476650617883528
48237,0,0.04102688365420973
19303,0,0.03771378008248928
4219,0,0.02408487072205811
37512,0,0.039169630499638904
17309,0,0.04003625631471688
15067,0,0.04114692498653542
15381,0,0.041159977494020485
15831,0,0.037996586628406416
35097,0,0.031733591471642196
46379,0,0.03231533225038576
16891,0,0.04128746971006188
43444,0,0.03739329392553284
9861,0,0.021307710066245582
2239,0,0.013747364345647365
12986,0,0.040920211396520516
32547,0,0.023035645286391824
18340,0,0.02859567200147112
5622,0,0.038924919437830906
44713,0,0.013415405157228888
47259,0,0.02955680066862591
46117,0,0.06170325743451531
14535,0,0.03873769117217142
32947,0,0.04118358763713996
11858,0,0.038185796840076336
147,0,0.04106378836057252
38510,0,0.03951125323692763
41874,0,0.026999468339640953
26788,0,0.01933512094367781
39917,0,0.04126411604133961
34223,0,0.038516624782015306
341,0,0.04007307682962595
42479,0,0.041178107277421376
1400,0,0.03890311100806416
44536,0,0.05625460898324528
26750,0,0.024894757920524674
20483,0,0.04071615436416807
12572,0,0.042924183230190725
5080,0,0.022706639616188542
12956,0,0.0326509845472432
40993,0,0.04129043108078539
37132,0,0.04686602680834078
28343,0,0.0461046593028686
44083,0,0.028617077902007335
1185,0,0.03762750327247361
26353,0,0.04093531619857123
20397,0,0.04071396444506448
32246,0,0.03169807701598114
23879,0,0.04117687516833697
45777,0,0.032215231708359444
35135,0,0.04103508344501442
336,0,0.010517722957054363
29863,0,0.03749014021814063
4644,0,0.03877034841529677
3895,0,0.04095623787507749
47920,0,0.038801335187785856
29363,0,0.05390867089718675
41883,0,0.028141295797612962
29134,0,0.02647038951440089
847,0,0.03748977298246058
38088,0,0.038634528808782084
10043,0,0.04465526170135938
34081,0,0.04115498566641997
8322,0,0.0377740432781262
14519,0,0.0412583255394269
22000,0,0.037512230070345244
35993,0,0.037560984938322294
46410,0,0.021016303599340622
23515,0,0.030239758357770718
4148,0,0.03990515686128007
45778,0,0.029649902139772404
26273,0,0.037629554579419765
36247,0,0.018279797111811612
19672,0,0.04029459058324624
8669,0,0.040905878657311094
15136,0,0.03245780787940644
9813,0,0.0407060401912712
23848,0,0.040482944623411864
29890,0,0.03962447344594911
47970,0,0.032596845202022114
35474,0,0.029327626516855464
44845,0,0.04087979931674745
23795,0,0.024569140585553498
12239,0,0.031856331713872
38229,0,0.03836652738390983
12116,0,0.05447353070365161
37609,0,0.030645663661279517
30780,0,0.04101685414696245
10980,0,0.04100483898107477
45426,0,0.04050803582454007
20267,0,0.040800539047483396
24963,0,0.0412414238744515
8118,0,0.03979768509087647
31821,0,0.03226487557243889
19382,0,0.041173123778965016
1382,0,0.041176123179557766
40708,0,0.041135250734929595
40781,0,0.028210862446992665
24937,0,0.04072546793140552
9033,0,0.0395882636624697
26057,0,0.04113022214090261
15756,0,0.037577650835904544
2830,0,0.02059378775702928
14893,0,0.04189754699868741
16829,0,0.0409689051264138
36301,0,0.018398862288441422
35700,0,0.04084433766412868
48973,0,0.02399637242168808
19295,0,0.03370794403742113
43857,0,0.020564591258159903
46022,0,0.037576531033258746
10323,0,0.02715396237449023
43860,0,0.02756498927242619
813,0,0.039771452591931676
10193,0,0.027841303460042894
42459,0,0.02928849207435035
42012,0,0.030454552107029444
2167,0,0.04096535426217905
29981,0,0.03245836153489972
2851,0,0.0389186708393586
28150,0,0.041034010766621505
13361,0,0.04116203389073627
1620,0,0.024764646776703616
41692,0,0.02851223289981474
19577,0,0.035184392549841625
7333,0,0.04012227195262656
4292,0,0.057161669449346385
21738,0,0.040757125557257905
38350,0,0.03204586602793891
32846,0,0.03590858525610106
44635,0,0.03901222885637969
30803,0,0.04014486543832569
34407,0,0.029543307327952354
21751,0,0.037662674854815927
2091,0,0.039462902654715144
32929,0,0.02657107825568387
23172,0,0.03849566015709883
25157,0,0.03267957454870254
29258,0,0.04105061766960307
26242,0,0.03158685328045515
13046,0,0.04102569630034143
867,0,0.032507062261106556
33999,0,0.032355341815226646
13380,0,0.03924264937946599
4347,0,0.02309292203241063
20315,0,0.037561942097804384
7004,0,0.0371445374532894
11593,0,0.03756572667177507
29791,0,0.012005635567296226
12524,0,0.032095776635952006
24009,0,0.030896336699530166
956,0,0.038034077451547604
26315,0,0.03955503496094772
22907,0,0.037153692322202427
9327,0,0.032080081371611016
34452,0,0.02640187757755503
33728,0,0.03401786013617307
15135,0,0.03240056255418224
42034,0,0.039899499519674454
42903,0,0.04083212355363861
3310,0,0.027190132354616644
42909,0,0.039163758149701904
5564,0,0.037712330304124006
10651,0,0.03766604301525459
31884,0,0.03275521161271806
47401,0,0.037372636412923974
7685,0,0.04126872479773177
32167,0,0.057555729628339186
1340,0,0.04081137022238136
43970,0,0.040768902861354935
37444,0,0.03131917866283053
36568,0,0.040995351115783486
30329,0,0.03059535210130365
29901,0,0.030623017056096487
39534,0,0.03821454987953002
5387,0,0.028592456620539324
8163,0,0.025658213092000816
5830,0,0.04114526789652917
9385,0,0.02722046703128068
17810,0,0.04072090872087554
3827,0,0.0405807313334878
1030,0,0.029648242422764367
39659,0,0.039765395314941346
24971,0,0.026846708235770896
19221,0,0.03874583103962061
23717,0,0.03946218183780776
8384,0,0.023455299172583224
13192,0,0.0402138190433235
30604,0,0.061361546429952965
25135,0,0.03803047358882437
14027,0,0.03815988348010541
17597,0,0.04114159403839103
43304,0,0.03129818390668611
35402,0,0.03949279926834489
39696,0,0.06880530698627635
37473,0,0.03692689586992638
44637,0,0.02589627391027429
15678,0,0.02667357655050192
39393,0,0.04055860599793811
23285,0,0.03055906399334851
26993,0,0.6689972608632306
48025,0,0.024117992059988325
48075,0,0.0450441252714728
38858,0,0.041309715336754566
21519,0,0.03297490493395139
13142,0,0.07000021197675954
342,0,0.030689369684417125
34752,0,0.039485736460697
1962,0,0.04054898057201123
32751,0,0.039620540426091026
32384,0,0.040297255684266016
30945,0,0.037693876669550805
3388,0,0.021358002034622684
47448,0,0.03250901299133429
5859,0,0.04090502165309473
9624,0,0.037628548372182075
7095,0,0.029126694804755465
6171,0,0.03763005951680868
20421,0,0.029666395507838256
29641,0,0.041027934854656445
22029,0,0.030711942280687004
1579,0,0.027225207395024188
283,0,0.03154610893163832
26961,0,0.032271994476776505
23205,0,0.029396900345607168
45820,0,0.12925798504403593
37760,0,0.031627490141149565
44457,0,0.03833332585645389
16454,0,0.040918643822569406
16153,0,0.06155671960831755
6139,0,0.04116942045490354
12019,0,0.028859355858633053
21042,0,0.040005836203728704
1852,0,0.039060641619540794
931,0,0.03230335412419799
19836,0,0.04082881534818694
28055,0,0.04018257686674164
9958,0,0.01077133503764685
2356,0,0.04135524971821662
19362,0,0.018244830742348832
23536,0,0.029581755233920873
38078,0,0.04030065245870135
47211,0,0.031855163133130464
13499,0,0.04064843113096862
29574,0,0.03211908458052575
40826,0,0.011093987824484099
7595,0,0.04030555887210877
2227,0,0.016090547460973114
43977,0,0.03836393099393983
10303,0,0.029269117549358507
12481,0,0.02582523031446799
11328,0,0.03145644633048199
6257,0,0.013777499697266951
20042,0,0.041438189641167654
10851,0,0.03221967883433003
26620,0,0.01300469053471946
278,0,0.4512322400031283
31886,0,0.035832480652038784
11712,0,0.03566777728553312
26042,0,0.03692303604771679
26376,0,0.026894893201676356
22804,0,0.029449470249545626
37213,0,0.0314009854607594
10225,0,0.02736121700740811
40276,0,0.03785107531073518
36767,0,0.0428853837946639
11674,0,0.04092317862620472
18056,0,0.05699774914802385
40904,0,0.03959586916708354
43062,0,0.021561980144857173
39251,0,0.025644451475957255
30781,0,0.08795792849661789
15197,0,0.019870501451533042
5155,0,0.03747170879815007
5300,0,0.03537576649684541
2598,0,0.03259457356981286
35874,0,0.032230357627691775
19887,0,0.03980533640364695
43910,0,0.03229753073153483
30173,0,0.03410775116124534
33514,0,0.022464301852340413
7314,0,0.023880508740590625
16308,0,0.05581318497737614
42460,0,0.015831542480053928
37003,0,0.04079751838468612
30403,0,0.018278624709075063
34881,0,0.039144920176317995
32540,0,0.02256474108158888
7478,0,0.031535484003437995
19712,0,0.009832920125878868
14410,0,0.03252629131348862
42814,0,0.02951682731491469
35259,0,0.016546820226957158
11676,0,0.04044130654609686
6791,0,0.041447603335563896
22604,0,0.04070309722287752
45501,0,0.039846230516315126
27735,0,0.032236263446646915
40240,0,0.03595505921232488
41654,0,0.022703161229704956
48214,0,0.01717805941381248
38520,0,0.0451971317888335
24519,0,0.04466336623152494
34068,0,0.03176268426050457
43656,0,0.04122317398329823
19540,0,0.04118702929757233
15920,0,0.03165777259005801
25746,0,0.040610757044672555
12214,0,0.032544447621710625
38998,0,0.022407087259987725
1873,0,0.040132092252750426
45013,0,0.041317662197501034
14143,0,0.0326480956848762
43786,0,0.03184680776681686
43503,0,0.04117714958838169
47781,0,0.03187197611601383
33180,0,0.026394079722773668
8509,0,0.042913098934742634
7699,0,0.03974358672978242
29465,0,0.03042310454532788
34078,0,0.03357862063381635
34143,0,0.041233767364457434
2896,0,0.04072687827140196
13760,0,0.03194717210408528
30764,0,0.04126323901429615
24730,0,0.016870790068909538
22096,0,0.040675714037726685
21899,0,0.0385168658191288
18649,0,0.03459609802090441
42068,0,0.027217751737087643
11589,0,0.019606673268280934
37368,0,0.03893561472519548
40687,0,0.03244565452254555
7110,0,0.03966784596803469
30341,0,0.032504117177097815
19659,0,0.04818042473863712
5103,0,0.032011239043621735
26469,0,0.04110114403226448
16759,0,0.029638340834984508
5787,0,0.02281916055887772
28494,0,0.035922114149094936
20525,0,0.03893106920766065
20661,0,0.04029736074858962
33397,0,0.04118295781525583
28443,0,0.04119916427209681
45452,0,0.0406184354053833
34265,0,0.040806286791229794
22611,0,0.038932891162375124
45725,0,0.7284416941131939
45078,0,0.6530648260362675
18736,0,0.04052693728964837
6909,0,0.06911882098841513
10059,0,0.026575160358271965
7841,0,0.0411296553066559
29839,0,0.04117891429035833
39727,0,0.03952213410253519
1706,0,0.041196062255058404
47165,0,0.04115389198387173
35288,0,0.03454293382188406
44629,0,0.040793939887105085
17278,0,0.04005306912870624
9431,0,0.04045471700065454
45055,0,0.03798943134324242
31915,0,0.024390978305458295
42983,0,0.03947833190220119
8977,0,0.028317573918543462
27602,0,0.05661353568253742
38534,0,0.020376079703767952
41943,0,0.041205258815492175
15588,0,0.03510341513717281
41898,0,0.0315886084896062
29357,0,0.026797887797991075
27687,0,0.02752949942562094
5768,0,0.04040086278086539
33010,0,0.04135595388079723
15958,0,0.04128359052564628
17518,0,0.03991596709945996
6070,0,0.04116421782825318
36876,0,0.023903465031071148
7768,0,0.03419698196539234
47715,0,0.028897441847213858
7766,0,0.0342817807773073
10254,0,0.010742164720328294
1133,0,0.03858687892892491
1732,0,0.027309573172862412
25457,0,0.030591464536509332
40122,0,0.039757982962376655
30348,0,0.04087208177043225
9408,0,0.0323956105531352
28843,0,0.021107145030614182
26869,0,0.030409502608123733
16859,0,0.03281348598825856
34208,0,0.029492550092210305
25896,0,0.02638802365216508
1955,0,0.031713885125066316
14223,0,0.032229069475942514
23758,0,0.02842784121315121
28220,0,0.020493797637467996
13470,0,0.03997424674463421
28297,0,0.031484797230757144
4707,0,0.03974905469360445
13718,0,0.024613708628092895
30167,0,0.0283034043025705
18761,0,0.03276327661206971
27224,0,0.04030213877031103
32260,0,0.038631311237822506
40701,0,0.029732883175362927
7950,0,0.027306143848014032
37514,0,0.041226883293697385
31198,0,0.0309755559399906
6758,0,0.032079805859145785
33416,0,0.04121053957676156
36418,0,0.038235289479969965
27863,0,0.03855464643469038
48039,0,0.03141529107925655
21397,0,0.03242715945977844
1725,0,0.022203866963078786
12093,0,0.04099266312128268
29677,0,0.02937505286697261
31199,0,0.037642684650469375
27892,0,0.031095177801888068
10623,0,0.026681195015070682
10554,0,0.032790147089944696
25507,0,0.03735603503582471
20367,0,0.02131182629847381
39964,0,0.04068033163972934
4583,0,0.02342913699019795
10343,0,0.032176704890501125
24811,0,0.03108644815689434
11878,0,0.032484956892989816
678,0,0.03416821412520925
33092,0,0.030341578651817514
31296,0,0.03981457510738367
25338,0,0.041095386597329676
43112,0,0.03832631801881226
34277,0,0.03137997959240858
22757,0,0.026464504329856746
12066,0,0.03634397109624746
37232,0,0.0375671017324631
38575,0,0.03187842308751833
27956,0,0.03433735751888207
40445,0,0.04121890396488969
22025,0,0.03879370704919009
44928,0,0.04046523425579823
17649,0,0.03833766305470158
31308,0,0.02910781459976313
7789,0,0.02119752722062101
28311,0,0.03194074642729859
5012,0,0.039916713543227206
23245,0,0.03282253152450783
27446,0,0.026286679258714696
14990,0,0.03248071438306875
25973,0,0.03951445751152917
47639,0,0.04016184687529025
24525,0,0.041279908174172195
7795,0,0.027986243978399584
29366,0,0.038692083373442945
38426,0,0.03783867505992481
8699,0,0.017144386644940165
31237,0,0.02813104427324378
16251,0,0.039664551255342885
21472,0,0.03762660505268151
45865,0,0.02737064540393133
38666,0,0.040997514648407195
43106,0,0.04127932728278396
28182,0,0.023140453304915983
2362,0,0.02915547221785107
44913,0,0.6311659232151474
23586,0,0.04057744662155494
37721,0,0.04085209053433432
13645,0,0.031827032435475314
20650,0,0.04097132367764576
37610,0,0.03806525687108902
10996,0,0.04089684772107362
14273,0,0.04072484165347805
17621,0,0.010563660288498443
14036,0,0.04086464709436711
18802,0,0.0461660766807397
11302,0,0.032171529294072666
26363,0,0.03206668508795218
48720,0,0.03918816710640842
42635,0,0.03188167258562227
48917,0,0.040873993211108704
40076,0,0.032450822096611584
41449,0,0.037680981633137205
36215,0,0.040139410890926486
28669,0,0.023952861195580436
47075,0,0.027095216519166916
24679,0,0.03089334263059776
3101,0,0.04117386007642093
23347,0,0.7502506459981928
13252,0,0.041042372032569545
21003,0,0.03859227756575656
48430,0,0.038823442913370636
4588,0,0.08670167253413355
30923,0,0.04004544808376623
3922,0,0.04091931186105674
21459,0,0.0405621060493008
11659,0,0.041030160501998966
43751,0,0.039324004564078925
27439,0,0.04105651503123119
21508,0,0.03938322514063013
15360,0,0.032528038637730225
13147,0,0.0398090856914443
39733,0,0.02737273972241184
44212,0,0.04008683251909505
25854,0,0.022186047457297516
8576,0,0.04127191551835398
12697,0,0.027067314201929957
13821,0,0.039915447488354724
2152,0,0.04111537492170491
32083,0,0.031820130850221735
26964,0,0.03444780227352733
21821,0,0.04077671480342868
30256,0,0.040714980284095134
43029,0,0.051340914761486015
29248,0,0.03205325938527838
46847,0,0.03285265991827133
46996,0,0.031879421581333604
3734,0,0.015508733432936345
45040,0,0.04098880779292931
35808,0,0.03879387272867054
7871,0,0.041163817213729324
42853,0,0.03119616883949416
7019,0,0.039493971766562
45955,0,0.03534708417966769
37242,0,0.04041607495614386
47098,0,0.021541723777304105
4735,0,0.02984313012035731
37307,0,0.03205351077142813
12627,0,0.04122599174705988
24203,0,0.0386607022757377
34689,0,0.03921534572076567
41613,0,0.03219678209813723
26693,0,0.03801453175219615
814,0,0.0369381366635038
47809,0,0.032596840373639004
1565,0,0.03942899259723665
5360,0,0.029072111028856946
13137,0,0.02349781424256607
2946,0,0.04116008190160553
37041,0,0.0383085113398106
47757,0,0.008738303306707926
13060,0,0.022834988848287833
39940,0,0.025615309163691813
5180,0,0.04108950145623675
21725,0,0.030394801348000825
40812,0,0.04296124155988131
34590,0,0.034530521707012936
24439,0,0.04096004726883054
15803,0,0.0391781452788892
18656,0,0.03191472138933174
17862,0,0.03998464010382024
789,0,0.04022316341678722
22389,0,0.03918627407211345
16064,0,0.038160694384812475
6276,0,0.06102091400759449
26683,0,0.041299829582688796
3032,0,0.03832563064938647
46554,0,0.04129873258438414
32159,0,0.04111609639504159
17634,0,0.03983914416119901
21836,0,0.040889710211824214
15195,0,0.03203283150811702
28241,0,0.04053747538214847
20871,0,0.03883054930431186
40806,0,0.04077390144028861
18495,0,0.029979206361482384
19846,0,0.041176147583059305
19863,0,0.040718737516150315
36149,0,0.04120321563704329
8464,0,0.0403036789423974
18205,0,0.04057835242054759
7480,0,0.020641610539943882
46715,0,0.04106312716307888
35220,0,0.04039082689453028
9138,0,0.027225817000886172
47794,0,0.05456866403431591
26187,0,0.039067238237079936
35417,0,0.04096219811614728
25689,0,0.04114900195391904
1393,0,0.04019194744265264
17730,0,0.023725316235218823
1971,0,0.03054748055741877
48857,0,0.038924944787826564
20363,0,0.03991551719590563
46988,0,0.0358934623773443
14974,0,0.04120699872294887
43181,0,0.04094154748075768
22247,0,0.03926694946066318
23916,0,0.03971759244080491
35973,0,0.04068824872049707
28137,0,0.02703361163726749
47509,0,0.03957632386196609
2237,0,0.029862043857830686
36904,0,0.04067721628852815
40001,0,0.03236637278592524
37085,0,0.04084202809458382
10243,0,0.03761443024997668
13844,0,0.037477590565194965
693,0,0.04139968977949118
21229,0,0.010592488546152648
20714,0,0.040716575320682326
1266,0,0.11138170406136348
37615,0,0.032232255359561465
21371,0,0.04111706573686155
39599,0,0.02556527986121036
1634,0,0.03851932061981496
777,0,0.011554704037059537
40177,0,0.031144110930200985
34365,0,0.03737061727786635
3631,0,0.0390500488307765
17347,0,0.16263751061455817
33045,0,0.04720174538247557
6598,0,0.04120355811249202
25015,0,0.041187562790198286
27754,0,0.03961856285982702
21565,0,0.03308624115424109
29865,0,0.02775973979753284
28208,0,0.026355246999440324
25134,0,0.04090937443157312
36757,0,0.013327952396785074
49061,0,0.016690080305633327
26505,0,0.03993441302213376
29806,0,0.03698381344452268
11110,0,0.040172172376826014
11512,0,0.03910311089699806
39562,0,0.0557121667406892
11737,0,0.026999958123663396
4092,0,0.03240274694825166
780,0,0.04121308656569151
29457,0,0.027285933544565977
15891,0,0.040938918332927766
34212,0,0.04122632818829569
36277,0,0.04068228326593089
18173,0,0.04132280089742703
9592,0,0.04070867314757652
29696,0,0.04034834401524146
32281,0,0.022138981466501062
24514,0,0.02586733813956191
11337,0,0.07830476262486429
2365,0,0.03562200253879955
18905,0,0.038156455216963925
12959,0,0.04016698712465631
32543,0,0.040127828803408115
33978,0,0.027225350365087133
12534,0,0.041076065491819025
42501,0,0.03187616178242615
12552,0,0.017057764044782642
31800,0,0.0325011811754501
30860,0,0.03862638992755834
22436,0,0.6313502180213014
2033,0,0.02995758782238116
181,0,0.03178944477988161
7270,0,0.01655228395180201
21047,0,0.03939987720592411
34335,0,0.041166849958802904
16655,0,0.034512153238929026
28488,0,0.037491277341569665
31551,0,0.034837212759403
25956,0,0.01608783883134929
19115,0,0.04066481670307097
10382,0,0.040696940669934234
41925,0,0.06023984731130091
5720,0,0.034354583205944096
32294,0,0.03570606743145591
39442,0,0.04086387090808419
12565,0,0.037487844254355786
46475,0,0.03848199699838044
37190,0,0.02713006121704855
31929,0,0.012735750274548272
27712,0,0.026711413104026253
13514,0,0.03741066474259663
34734,0,0.03757842025444748
45009,0,0.011203816134042198
6975,0,0.037665799960863756
39966,0,0.031298108677628736
29662,0,0.03232915914080793
2271,0,0.032427042990639
37290,0,0.0369921475912472
2465,0,0.041135052850468194
41641,0,0.02708736982513886
42650,0,0.041131503686659826
38703,0,0.011563121241616247
19463,0,0.024685947305606047
43293,0,0.03969395740150185
32478,0,0.012988256534482268
40248,0,0.03473304577059526
25803,0,0.023431819936849216
23562,0,0.03089222564707499
34603,0,0.03182880585245231
46054,0,0.027394356770348696
17259,0,0.039849221746640344
13176,0,0.03138511077767712
46857,0,0.022767189802851317
3508,0,0.03234472015512392
23625,0,0.031921360533761156
30719,0,0.04068072086667536
40072,0,0.032427180111755174
7208,0,0.03801797058055712
21505,0,0.027312557326389843
10690,0,0.04115246424444203
31831,0,0.03715655777847845
21802,0,0.04051097779827533
33226,0,0.01582901653413042
1675,0,0.014600420571001539
23829,0,0.03833253637023231
27321,0,0.036523437481323265
40427,0,0.028692980231103924
39640,0,0.02581552036864802
22276,0,0.03232503921876458
20114,0,0.03021913771696496
21470,0,0.03094098114098214
42318,0,0.037486842799971956
1110,0,0.031823573484635846
19259,0,0.03189196758326835
18728,0,0.055956066463829786
41831,0,0.04010160654384571
10988,0,0.0328656749750647
41681,0,0.03774558274601569
48030,0,0.03145163338337463
47377,0,0.02726458938550315
27448,0,0.04115489608178292
26304,0,0.04130346536118743
27782,0,0.04124739970416821
34310,0,0.0412160781198098
27996,0,0.023527192141211545
13026,0,0.024520247690577743
22415,0,0.0385764806592998
35083,0,0.04126861940816507
43379,0,0.032314739944901964
28110,0,0.013228507652575957
14802,0,0.04066948977698169
11923,0,0.02813059940169846
41860,0,0.030881827975245406
3674,0,0.03238960921043763
3929,0,0.03212308338367014
27534,0,0.020470778359370327
41430,0,0.04109336898203444
12605,0,0.03249134439157306
15712,0,0.8043553632766096
35787,0,0.03230866939074768
43549,0,0.03144079517584025
45143,0,0.022606459513597747
25747,0,0.020316192877242206
904,0,0.03110448860385011
35391,0,0.03764251749695714
1556,0,0.04121847875748302
40804,0,0.029651280660325467
31321,0,0.024271353612799564
34334,0,0.013441430887605013
24657,0,0.03818534916479034
47483,0,0.0412359235018662
185,0,0.052296862291936516
32946,0,0.03633604471342335
23388,0,0.015882086465470353
35197,0,0.018656047557026594
22343,0,0.024100792428909897
32234,0,0.022412012008016475
13622,0,0.02944123505331087
14292,0,0.040441632356625415
2666,0,0.03103660184686259
23551,0,0.0393709377304814
39321,0,0.02694126650930828
31434,0,0.03990011732221749
8060,0,0.040328785005889815
47431,0,0.03767825146556598
30829,0,0.03953742990313863
38523,0,0.037858897344337616
45312,0,0.029618146378989692
947,0,0.03243243857154182
25671,0,0.034697484703208235
29935,0,0.03216577347233992
26581,0,0.02550763077956239
26546,0,0.041140335794441936
33422,0,0.03131399494707206
46387,0,0.026750954328666924
9059,0,0.04087534389460956
5839,0,0.04072602638106163
21855,0,0.0403402503232347
758,0,0.03752088835968074
34534,0,0.030272868903344127
26288,0,0.041159377477249015
47553,0,0.02296233794537043
41899,0,0.0327693712144291
32479,0,0.03547960352642615
36403,0,0.03482733772457647
1967,0,0.031075636756356204
43550,0,0.041233114425290956
16249,0,0.040552582688445644
43099,0,0.02855915843977561
42668,0,0.031398094531688805
35584,0,0.041136522977741556
6093,0,0.04097310706078969
12037,0,0.03235934633810908
10568,0,0.03816553237670265
20444,0,0.029984863869926586
35286,0,0.025768251158140867
14343,0,0.03758402037833146
633,0,0.04108191641479293
46745,0,0.02660196922189428
27921,0,0.04073173337868483
15944,0,0.02764857710497814
24244,0,0.02917766233576251
37240,0,0.022467475629782158
44959,0,0.04030095796123238
35375,0,0.03074478511484771
48009,0,0.024787192781241855
5133,0,0.03973020594876074
24287,0,0.38466214113952996
23542,0,0.038831732361643154
33351,0,0.03129867135007057
30611,0,0.04080859836158261
17286,0,0.032643729311913484
22551,0,0.037686717311410364
44088,0,0.0347358911417826
263,0,0.03064207880433952
46345,0,0.0242254210028369
46823,0,0.03910388762725712
21135,0,0.03937183195825672
4762,0,0.03997041385184371
39890,0,0.03289211413420061
5543,0,0.7477340215620452
12281,0,0.061160153342471865
16190,0,0.04118230797622792
10562,0,0.04078128659024107
20411,0,0.018031687984610845
38192,0,0.04112694819523552
6670,0,0.055551498676452225
32485,0,0.011540901541480141
44794,0,0.02187136612412134
37996,0,0.03884624547501698
26130,0,0.027846128177100325
22918,0,0.041334336287423015
3833,0,0.032850336216232005
42049,0,0.04107920476336547
45174,0,0.04042350878910292
39806,0,0.040926887068748544
45240,0,0.041188135963414335
15071,0,0.04063090718242835
17419,0,0.08753819601795354
38329,0,0.032649879807913576
3873,0,0.03994763766512582
41014,0,0.018258602483288592
12849,0,0.03245763503399023
31179,0,0.03224582907723106
44351,0,0.0315973496812493
34002,0,0.0326571236775619
38976,0,0.041215142708185847
13534,0,0.03228127804865316
22888,0,0.034730228804723665
23810,0,0.057874637995878025
41995,0,0.0412730572830377
29411,0,0.03373689697747149
42245,0,0.041146295072087884
26241,0,0.04113379342324447
42211,0,0.036909307692888055
23792,0,0.041327336034122156
19022,0,0.040712542795785865
35395,0,0.010914519003935093
25322,0,0.04069784088773526
10146,0,0.026932833577525128
36588,0,0.041129760460597665
5107,0,0.04517006332160815
23399,0,0.0202087023737923
646,0,0.5039181692609813
6939,0,0.030602898987438936
38971,0,0.027420876864599403
34406,0,0.03247622562398769
10514,0,0.7478548706152996
33742,0,0.04451756123285287
21208,0,0.033540716360470055
33152,0,0.037977075884577736
36543,0,0.04142286396682025
22539,0,0.02305543022312794
18591,0,0.04072452059234991
39564,0,0.04123330061152005
17539,0,0.05604329151150385
45722,0,0.037838834584932736
13314,0,0.039614116552032654
22614,0,0.037485528170011585
9371,0,0.041194912724462227
33887,0,0.024429588455526525
31598,0,0.030303321349278937
9819,0,0.039735295328089185
24742,0,0.03963137128307343
22606,0,0.04052811143668558
33645,0,0.040053025982740034
9087,0,0.04070371723187074
15033,0,0.031472327457153344
20120,0,0.02219121900920952
39622,0,0.03232569794990519
46648,0,0.041198806043074875
39417,0,0.037934512529161205
48189,0,0.03246520775873746
45745,0,0.041174834525465186
9993,0,0.01966993782342328
43862,0,0.032393010787190306
33774,0,0.023552702922627358
11957,0,0.03284769879446396
1295,0,0.02934251106005427
33944,0,0.021040664023118567
47889,0,0.03840621955493724
19278,0,0.04117703689494628
32655,0,0.040224094297244134
23427,0,0.06385311966409082
19774,0,0.0884413381685811
38296,0,0.022401363084717168
29499,0,0.04047765807867932
13817,0,0.031693571685596514
21820,0,0.0412703868250324
2631,0,0.03210731272561904
46739,0,0.04172291694988763
40883,0,0.6909795481666352
12087,0,0.032519487662606525
44505,0,0.030486804309639803
237,0,0.03226171709589511
4665,0,0.031147084456593123
14370,0,0.027534898429320102
18583,0,0.05581394798670869
7158,0,0.055578642575877656
47007,0,0.03756510865026817
40334,0,0.04095117377405903
36463,0,0.032117878495909226
24089,0,0.7202854447678466
35566,0,0.020415565278552216
32595,0,0.04038869681018153
13158,0,0.04120644603647014
13236,0,0.03764311833029017
18686,0,0.022821960142235885
23415,0,0.0411549221168805
22116,0,0.0347467223302113
24326,0,0.030417691842975103
38253,0,0.028475685526516015
376,0,0.04094729485664883
34903,0,0.011693961572962167
13127,0,0.032650411481694876
33259,0,0.03892893699027125
30400,0,0.03690483727452257
1749,0,0.04117578862796125
39586,0,0.0413105500314541
47260,0,0.04088752640480274
19146,0,0.04124347845671236
14520,0,0.03783907913068791
30361,0,0.040787624663089994
29152,0,0.5491810447732051
13619,0,0.028889851505677463
8031,0,0.04134040248556869
5097,0,0.0405834830155192
33806,0,0.019975584541402063
7511,0,0.03065719096110462
38089,0,0.041168552998976794
6955,0,0.7212093304361
40673,0,0.02061173764082417
11262,0,0.015766942551422726
11513,0,0.030090871899450273
44902,0,0.037479837901636316
660,0,0.03824226284697034
47972,0,0.03194922306143809
3836,0,0.04112124991963132
19097,0,0.023211432364061105
17851,0,0.029782509182631686
35456,0,0.037473230867528864
33042,0,0.0303425413741913
45951,0,0.04622679107563129
23023,0,0.04096551360601824
23595,0,0.03306304884457144
9420,0,0.04036703349219823
26193,0,0.023120968423363385
41360,0,0.03279165793717883
44743,0,0.04038497346649472
7177,0,0.03830111863275271
9491,0,0.04119762320888237
6275,0,0.05137467638340769
4915,0,0.03090149147819082
21385,0,0.031190240104108726
21604,0,0.030123565371051604
6234,0,0.029155040813393002
19127,0,0.037881131274568096
3407,0,0.022463654150419704
19491,0,0.024512397867863845
9470,0,0.0353634727954012
41154,0,0.02867501362291205
26954,0,0.04114893235251036
28757,0,0.026386375607603912
42915,0,0.03176314840779178
48269,0,0.03815343167222418
29814,0,0.03819884760969065
27888,0,0.031770553714675256
12226,0,0.03813956473746403
20921,0,0.04101698033713341
43410,0,0.03750422002812386
23949,0,0.030930016398888836
7449,0,0.012046855606282445
25019,0,0.03792707115353137
23173,0,0.04039416525811994
39592,0,0.040283986793941975
28818,0,0.04169376722910757
25283,0,0.038309263118325186
698,0,0.03850311534819853
4558,0,0.029996741362033497
47879,0,0.03149757549736746
40484,0,0.04105806500371553
17579,0,0.02559687306384703
2722,0,0.03820025327061166
46780,0,0.032058622566025714
39838,0,0.020097241262289168
2329,0,0.03021251361926047
496,0,0.039355922684059436
18013,0,0.0399143001417822
30630,0,0.03472640854453016
2340,0,0.022168953632158254
43668,0,0.013557320331951507
41281,0,0.02308380734417209
17354,0,0.03941192825768272
17291,0,0.032128211109048184
17104,0,0.04122160349344981
7469,0,0.040476756629053055
12505,0,0.03196767626930715
25006,0,0.02722270850798445
8111,0,0.022452744616610665
48241,0,0.028305451128857795
27688,0,0.0378304282382776
45395,0,0.0496024794274508
10703,0,0.03867518295431788
27777,0,0.03952361313352966
7261,0,0.0411068331452098
14493,0,0.027959430561039222
2597,0,0.015886573042118053
12233,0,0.040421929952028514
10348,0,0.040101775210207836
42634,0,0.03250272388555144
3465,0,0.039704136953274245
10618,0,0.02163776670382836
33636,0,0.037203966942455195
19041,0,0.040795045900164875
7902,0,0.041122658444533236
4276,0,0.040879454394400105
43274,0,0.041205065586530365
48434,0,0.03966410645555574
17812,0,0.0379534705470005
37595,0,0.027365768429091632
38288,0,0.034183530250822096
41155,0,0.034215028035219835
21142,0,0.04618518297714944
37941,0,0.03950717598876158
27286,0,0.06765842888380251
15134,0,0.040041498937219734
14786,0,0.055484578264245396
17916,0,0.031674256033512926
15469,0,0.024214790591401667
31094,0,0.041070983894485665
17998,0,0.024516377351421106
5532,0,0.03215257171175031
7808,0,0.041158464403997036
30515,0,0.021108510011184158
11633,0,0.016080786464407634
12420,0,0.04102707800891971
25303,0,0.04083673046558125
34957,0,0.038162002021128745
12544,0,0.028131041917196273
6072,0,0.03163474553262504
15314,0,0.04109820259379965
3295,0,0.041192823011946336
25792,0,0.03868647711229635
38538,0,0.04117396871606576
1667,0,0.040963587920175765
44478,0,0.04046842766389501
24454,0,0.04088243434264915
9472,0,0.04041406243498586
35830,0,0.040356791898237605
5248,0,0.03218873646561284
10288,0,0.03766225992746004
41355,0,0.04120099125661708
28439,0,0.04073880346751254
46674,0,0.031633283456634846
42321,0,0.030453924448886116
20342,0,0.05608220409829101
32349,0,0.04093329960429318
462,0,0.03328980839801262
17709,0,0.020338547425331057
25048,0,0.02868452001396137
39569,0,0.015367890442167405
13910,0,0.04096574940872896
29720,0,0.04072487397492252
31867,0,0.04063656806924119
15554,0,0.03696289028173147
29107,0,0.039289896609667495
23096,0,0.041605928312367736
16035,0,0.032126834483738466
19755,0,0.031623216252908766
9338,0,0.02314595572267073
14585,0,0.03246319970902647
39758,0,0.015894312614757645
14208,0,0.0375156640844452
45631,0,0.0261818213482801
44798,0,0.040225166987000245
19087,0,0.04159320337276067
14005,0,0.038587680878699425
8638,0,0.04108464933532985
29541,0,0.04133086504172132
15371,0,0.03184979945661022
33753,0,0.03766583780290906
5436,0,0.03514329055772634
13134,0,0.04012360454863997
20424,0,0.026815743381662052
6509,0,0.038346975297151996
19538,0,0.023878838707258522
301,0,0.032677414945103594
43934,0,0.04059260948064864
48564,0,0.03068177859869803
30184,0,0.027217163490262576
26804,0,0.03887587713717505
2348,0,0.027407821426537943
29023,0,0.041148116068729465
32311,0,0.01639486069223096
3545,0,0.04794765169096714
45317,0,0.04117396835528639
9375,0,0.030649832606206778
1759,0,0.031401367956881636
29945,0,0.03924286013953034
15174,0,0.04089506726166501
12889,0,0.04039219421705427
7702,0,0.020579992434957194
19735,0,0.030967382533849383
29287,0,0.03749143957650581
45146,0,0.040708007815652265
17682,0,0.037962767919046306
28002,0,0.03234253321735371
21997,0,0.038818407993269126
38868,0,0.014601977196385216
20956,0,0.040199496828065985
5784,0,0.04927065427901639
43178,0,0.03209868846883719
6607,0,0.02974050847513148
31606,0,0.032283375593885756
13809,0,0.031472067305069504
37159,0,0.03944211639005466
5713,0,0.04109851041980962
17690,0,0.019630778628492343
33617,0,0.03043917398631802
35213,0,0.03960767630246788
45853,0,0.02341111356333159
46946,0,0.03204095739619389
34733,0,0.039829509631169296
47059,0,0.018447455908205266
15127,0,0.037839013497104126
41832,0,0.019724269929449974
16520,0,0.06152006239633508
11458,0,0.03780964194022688
35114,0,0.04115227568517747
31978,0,0.03211553766617475
24575,0,0.040394385849661346
32600,0,0.013384519169470609
14603,0,0.7948897479401407
21515,0,0.020971903860880974
38874,0,0.03714905540681258
21140,0,0.04029763835064664
13115,0,0.027376434685163754
45611,0,0.03756571598734824
48076,0,0.03861742464256602
41293,0,0.02464707469299875
35699,0,0.03264848125714664
43929,0,0.039927882084963215
1599,0,0.026549969749579724
17645,0,0.030937099871576612
23110,0,0.016037270171764213
21776,0,0.03951145884315966
45136,0,0.04123120946234056
32241,0,0.031966988957258274
7784,0,0.041421413292370056
45066,0,0.026985369728489583
45620,0,0.041224632062014765
1044,0,0.029658483881875707
38306,0,0.0034685918591769904
13906,0,0.02950417465146945
33483,0,0.04454611311908947
33775,0,0.03779667238384666
3713,0,0.052467949559383
17967,0,0.0284577546821148
15055,0,0.031457124464162496
12182,0,0.03763898081467873
12621,0,0.03262607477412899
44655,0,0.02724836833316672
40518,0,0.02800201872902199
20084,0,0.028964797210257878
24452,0,0.03857599014313955
40261,0,0.032168689981046134
21516,0,0.04096699537950377
18859,0,0.03990345834587305
48454,0,0.03196500213157103
30459,0,0.03049554062247696
41659,0,0.04128495528569
39201,0,0.03910489443866494
35488,0,0.013565564710861958
32493,0,0.0411884696191427
37321,0,0.011464652138170054
40486,0,0.02990393533149068
22955,0,0.03200516710582821
35821,0,0.039646242604800014
8794,0,0.03107709659820114
13851,0,0.041185060846852695
48996,0,0.039661275631306274
24246,0,0.041170906426736174
24897,0,0.04005717807645208
8519,0,0.038819726019782834
1174,0,0.01570744134999383
38847,0,0.040283416182269875
26335,0,0.03974674968781606
30645,0,0.038597252013386076
25262,0,0.04066404983760908
41991,0,0.6244975609693789
782,0,0.032345890804458356
23778,0,0.031423624386762
22613,0,0.03816605421667205
7329,0,0.03786564989499844
42175,0,0.039071767700832975
47295,0,0.02680236853846413
11520,0,0.02552246279721554
19528,0,0.03927437889712146
12977,0,0.032448241927020165
13511,0,0.03862626301711745
37891,0,0.031543471098034216
9982,0,0.01968140186245146
32227,0,0.03757529555639629
45410,0,0.031510640504533616
38503,0,0.038529583406204916
19860,0,0.030046381962286806
16346,0,0.021224405649662676
13023,0,0.03041995750960151
6260,0,0.03833293202530778
20347,0,0.04117676966315868
45117,0,0.029925661354421155
42629,0,0.03149299545027877
25740,0,0.039669247566831975
36184,0,0.038000892288063054
36290,0,0.03900278251320181
32598,0,0.03352140294263429
3054,0,0.04048220535830843
36143,0,0.1522099742536298
1410,0,0.034725268283295904
16163,0,0.03794747864014486
30854,0,0.02975562709985129
21255,0,0.04807466058354391
36856,0,0.041251597317067894
6917,0,0.0401967913883759
33426,0,0.033473180733109745
27814,0,0.04114851260208886
19028,0,0.03971979032722576
6534,0,0.015472157537959101
42124,0,0.031633967496379346
31603,0,0.039775115879102596
8896,0,0.026934190918161155
7837,0,0.03816073620873901
12048,0,0.038548371415960354
30406,0,0.04088533586962758
44273,0,0.04120310168005434
10993,0,0.05653018103696071
6583,0,0.03248875915629254
26673,0,0.041207145726571796
27535,0,0.00631836092735157
2590,0,0.04127969283047557
15615,0,0.03581530307724959
45478,0,0.041174892753406286
2281,0,0.03435112790654086
44340,0,0.03835009150258776
28761,0,0.028061092352257143
29913,0,0.02011895645561428
42191,0,0.038674029454076234
19700,0,0.0411461783885963
45424,0,0.06149160574651192
20833,0,0.03199407561673333
37207,0,0.037945192024612835
15397,0,0.02704612158572592
12773,0,0.0398126437984196
41864,0,0.03791246428735536
10803,0,0.03270541523283355
16500,0,0.011504118290719179
48906,0,0.03161758753165501
29950,0,0.010733304086236403
10158,0,0.02712387277707276
4074,0,0.02833830434203818
27447,0,0.040348131758748185
35949,0,0.028836090588182137
7477,0,0.04071041417703283
3998,0,0.040899551615048185
14086,0,0.029313367499580818
20451,0,0.03750343833676421
21116,0,0.036987628013473994
8392,0,0.04109228853685207
23856,0,0.038356404352496314
43491,0,0.04087182739542936
335,0,0.041040148162874365
33543,0,0.0409229498949443
11143,0,0.05799157559040647
27146,0,0.031153087421660754
13895,0,0.03051708168727161
38324,0,0.03253351771159102
28879,0,0.029664772557373556
36818,0,0.027021261378282795
36253,0,0.03086637650572455
17282,0,0.02623576716323973
33369,0,0.040287819858777635
40736,0,0.028287066131111267
46774,0,0.04071418112438596
13139,0,0.035591478499315626
20428,0,0.03749219521039646
1487,0,0.0396517063639626
34019,0,0.040886778322600764
36532,0,0.050736253460270296
7109,0,0.03982237675198158
34013,0,0.03918432566858536
34364,0,0.030588890759444973
24969,0,0.032649607971210394
43199,0,0.02692943049572794
2327,0,0.020772833246055108
8169,0,0.04097257401587321
6946,0,0.040556393618120225
681,0,0.0313990092427436
2907,0,0.03173558952783611
47113,0,0.034262978763829825
35647,0,0.02719240787698978
7173,0,0.030761892656244145
13096,0,0.03547694674807752
39295,0,0.031103117015039816
20132,0,0.02768460210137966
14755,0,0.02848693714633564
31589,0,0.041158853613019214
2821,0,0.038402121813584295
40745,0,0.02636471828234411
3213,0,0.030849120761270447
44336,0,0.02259348043425217
26333,0,0.04069126308247099
15752,0,0.12957544285904787
18692,0,0.0396437053261889
37938,0,0.030266301506526372
26432,0,0.14298024222245576
34805,0,0.028063163280207446
7686,0,0.03197874506302475
18467,0,0.027803931956694613
32686,0,0.04125803546145377
39004,0,0.037974334800749
47360,0,0.039511636911056205
36747,0,0.02393802204667398
5657,0,0.029648079945238714
33420,0,0.028874829953288654
6332,0,0.029983080631727325
36811,0,0.02207498939206732
11195,0,0.040812524370011816
5262,0,0.03989391870540849
36325,0,0.04025673380824444
39541,0,0.041164328772504574
36094,0,0.040254468473548244
24220,0,0.03249223972650286
31895,0,0.03186872622273541
43048,0,0.04115840868701563
10479,0,0.013322907036143887
4733,0,0.039592212115507765
34631,0,0.032174900360520335
28185,0,0.031740055249101305
27343,0,0.04115986806234128
26589,0,0.055609887213785326
25194,0,0.0388051345623371
38804,0,0.040982010467766776
9307,0,0.03939192659160266
22663,0,0.0267619947850361
36817,0,0.12531388010335595
38738,0,0.040687622115701295
18113,0,0.04073045506165763
9631,0,0.0409020059378376
12263,0,0.11499476336468058
25483,0,0.012958672841294129
34650,0,0.04071045942130143
3759,0,0.029956089186097348
36578,0,0.030336870947032028
22999,0,0.03145737694325875
28801,0,0.031540469886176425
13740,0,0.038159984711850226
48071,0,0.0409605081567551
21464,0,0.03122237133545516
6661,0,0.038692691150435006
37278,0,0.039826772579025546
35951,0,0.06837682907676561
218,0,0.031383171319690074
29111,0,0.02148223367129455
41323,0,0.03986377083969377
11608,0,0.05435457529026054
3802,0,0.020888516051852997
25804,0,0.03817365681934302
33403,0,0.04068063184844368
35131,0,0.04078030409758789
4722,0,0.03950331565202994
9465,0,0.03891421567736981
1459,0,0.03456595951874022
37772,0,0.03753085610231772
39704,0,0.02746665434292181
45724,0,0.03133422352281054
34963,0,0.04090520341123296
26360,0,0.010876563367418332
7305,0,0.04072566920181563
44274,0,0.038801762026815796
4433,0,0.032630731409205777
14279,0,0.03802647218026516
28906,0,0.0405296166633618
18283,0,0.0306528351220047
30647,0,0.019372287573929052
12097,0,0.04122780156990003
32157,0,0.041244800028512385
3150,0,0.04125132972572209
372,0,0.040584705029108534
2846,0,0.029463874043615376
28051,0,0.02542359498371347
30667,0,0.04135142690428605
41451,0,0.04117841799183885
15198,0,0.029108513655071135
45698,0,0.07416927124377742
25352,0,0.14335461222274112
21379,0,0.014153877832785551
26738,0,0.04097036022256267
42890,0,0.8595052431665746
38444,0,0.039374750602541565
17272,0,0.041187426525220554
4767,0,0.04121710394864876
14813,0,0.039099713855711316
5508,0,0.029596725532527884
26674,0,0.03944052870395297
6252,0,0.04102819216129274
26392,0,0.03984782029165873
14010,0,0.03874682947710372
40516,0,0.041221580400059916
6150,0,0.03772051264765899
8066,0,0.040564809070158574
26212,0,0.03767981309629554
10414,0,0.03794433707372877
32955,0,0.032069645508813714
43448,0,0.040759689777000556
30676,0,0.04127948262964012
48869,0,0.03221738707894667
37744,0,0.04006967355761349
22838,0,0.022668142445958796
47151,0,0.019798641630053675
13233,0,0.04097193027146584
31449,0,0.03795998909246564
28606,0,0.04118344148497441
30648,0,0.02360220552570954
43617,0,0.04461783204402875
40147,0,0.034986192201520466
37409,0,0.039002453698113664
40465,0,0.04018077312029756
2330,0,0.04115850428914282
1177,0,0.01929091666056579
35001,0,0.02644611552434314
5027,0,0.04052853649258012
42328,0,0.04040585314356256
19906,0,0.034459085274614096
11341,0,0.03911247000443866
6390,0,0.030517644129027733
8603,0,0.03991094133934612
15995,0,0.0255883030355955
6022,0,0.03132371569776832
13062,0,0.038636296963594344
15941,0,0.05059792854345072
17006,0,0.060208536354027745
31733,0,0.04042231551989882
7889,0,0.011086816703126012
38987,0,0.0410407869345586
37539,0,0.04009021221449942
31330,0,0.02771059944863629
28983,0,0.040906874999138705
35433,0,0.23839333902520274
25291,0,0.04110439406725451
31874,0,0.02847714175195034
40706,0,0.04130607780742445
28374,0,0.03236094995726804
43045,0,0.041118460827300744
25057,0,0.026496406973639582
48941,0,0.022398128672879266
36281,0,0.041154567267229984
6111,0,0.03272615718239631
27548,0,0.01831847001714407
47932,0,0.03970478330787309
43611,0,0.03268203226377726
8934,0,0.03227701864698895
36181,0,0.029712069408632323
5175,0,0.032278621317604936
4470,0,0.01700612147353044
41998,0,0.04104670681520172
12373,0,0.03371378974863946
34090,0,0.032867923256482065
18451,0,0.04102138083821696
15794,0,0.04030418309211522
28723,0,0.0392663579581994
3605,0,0.031474415481785055
24750,0,0.03222286667827945
41269,0,0.030433153330657707
32577,0,0.04039058364609881
24300,0,0.03890620146927133
28219,0,0.03934096506878411
10013,0,0.022637403359370693
20250,0,0.03983276607261649
20313,0,0.03468263313298351
39914,0,0.0391401919722266
39257,0,0.03902076302686456
16511,0,0.031195930130838854
2660,0,0.040867515345797155
16150,0,0.03527435415568987
34327,0,0.03019507049486734
12414,0,0.04073366121023131
1360,0,0.05571635003512377
21340,0,0.03816371137723394
20276,0,0.03183865326051345
18231,0,0.0403017442430242
1512,0,0.038217433136821174
44422,0,0.04073870264854519
29624,0,0.040945469655373525
6459,0,0.03938386084974551
43516,0,0.04006896366070817
46833,0,0.026022525139825455
37280,0,0.03905330398811477
16082,0,0.03185934835728726
18367,0,0.0309773358131746
38516,0,0.02845994008418873
18832,0,0.009515588677822116
10791,0,0.02647026290761343
47085,0,0.037619584173196996
26974,0,0.03257577243270489
6713,0,0.029628320692198343
9676,0,0.03159734291530533
39666,0,0.02694986887913761
11339,0,0.04119805184732249
12032,0,0.01116798501321655
23164,0,0.026594883948804028
2796,0,0.03111526108450184
45794,0,0.04095191208074627
9486,0,0.026847892459522914
28684,0,0.03245955474462101
18191,0,0.028038117035468903
27221,0,0.280719002025849
30083,0,0.032502227979064116
15608,0,0.022307707119504028
6015,0,0.04089940552454038
27021,0,0.038698937884486764
1974,0,0.03794407128847266
15477,0,0.041217928085127094
18248,0,0.04075439812239889
45308,0,0.04128540662984222
36147,0,0.034746360833667604
33927,0,0.032617399382034166
26004,0,0.03839833383305667
38811,0,0.031982245956534615
18816,0,0.041337235238711696
1966,0,0.0295614601352872
29027,0,0.027360161652968486
1039,0,0.04121078954575724
16267,0,0.03698379915084053
21780,0,0.0408392339331758
14856,0,0.5333735566920991
45879,0,0.0408853328556801
16060,0,0.038161850558110465
23783,0,0.04092416241904071
34468,0,0.03560653508040931
31838,0,0.03774137261143904
28873,0,0.031660672204530074
36349,0,0.041221103436661514
41961,0,0.02713553094303888
8580,0,0.04118773059486689
48437,0,0.04107931603840736
47347,0,0.01131107507815702
788,0,0.04084104273902438
29387,0,0.021323860916787032
27631,0,0.034744225479633094
31456,0,0.04087571139603915
32249,0,0.03255109729516467
16400,0,0.12387138710007
13889,0,0.044626778863089515
18978,0,0.02718005021348984
15494,0,0.0435118443728114
10925,0,0.04008857786414693
23256,0,0.04083780754481726
20502,0,0.04137642425630457
43868,0,0.02074390816849004
41223,0,0.04119021420351721
5727,0,0.03211522738849948
40389,0,0.10504860282159406
22661,0,0.041171686189983236
49064,0,0.035955242436695026
42863,0,0.04096008171344302
36633,0,0.038328240886057775
28479,0,0.04556916163915096
11726,0,0.04126570970314993
21852,0,0.02577463917814958
44016,0,0.030491544150129595
23850,0,0.031430322792100014
13845,0,0.028283143025068895
28528,0,0.015292231567871841
20527,0,0.0377984032731152
14814,0,0.0268536364394266
46773,0,0.03856419674238784
45564,0,0.039361795649798394
19229,0,0.020672180061135813
25913,0,0.04040035878151698
46395,0,0.010828118615257273
41424,0,0.041021845771533706
5922,0,0.029490075357842052
37517,0,0.0316041138700269
3656,0,0.03138321048507711
48350,0,0.04113845345467065
12695,0,0.029319880387326528
43750,0,0.040984278782805396
21884,0,0.02999076696807064
41446,0,0.04018883728057455
29177,0,0.041177460573230976
32396,0,0.039518242185297106
48348,0,0.039101169205898685
46804,0,0.03757891152930405
35789,0,0.04099968697016839
18650,0,0.025801337300267315
13001,0,0.03425681711134443
40646,0,0.040099611129696594
15016,0,0.03261600180610685
47368,0,0.01483078191463789
31702,0,0.038472148880271693
12734,0,0.013204242202885167
23724,0,0.031299034203588136
24671,0,0.040865251096117196
35924,0,0.0256353086168423
1155,0,0.03411429500723499
41042,0,0.04116849550825511
40393,0,0.03291991026600929
692,0,0.03067967406311091
16841,0,0.03797087735772426
15423,0,0.022704711207884146
13006,0,0.02868775989908303
42960,0,0.01506514200342502
49006,0,0.041027395771750526
5113,0,0.01730151728519248
37464,0,0.040467506677926667
3502,0,0.03912247623440111
3126,0,0.01588604560467621
18516,0,0.02783999324172848
3737,0,0.03971802999674087
2366,0,0.04025664714027558
10313,0,0.03964467786536026
29222,0,0.026336388770656232
16958,0,0.03852338990977047
19057,0,0.029367093806170634
19009,0,0.02220653215518287
31190,0,0.03207121802898747
13653,0,0.04115392632451029
8347,0,0.04094016069743744
48022,0,0.029971086206978883
42078,0,0.031809143136398293
18101,0,0.032581802215220224
45074,0,0.040056935306396924
21264,0,0.03453578798657978
29392,0,0.031913830445154806
48719,0,0.032129935194715215
9460,0,0.040996998733430226
12334,0,0.02917012865104425
42715,0,0.03809411699196255
42632,0,0.03761645951285805
30845,0,0.041085193883699196
18192,0,0.03843297502190299
4206,0,0.04112353868168384
27654,0,0.01699342323782569
4786,0,0.03228718787359553
13102,0,0.04105544879655265
3757,0,0.03069874638729064
34280,0,0.058171985463321425
2022,0,0.03177901050535437
26379,0,0.041188719683305126
39931,0,0.038299635386683274
5940,0,0.04017153186601605
47946,0,0.05749731958404515
35960,0,0.027292230687317343
25394,0,0.04029606722093189
23869,0,0.028940644637209408
40161,0,0.03954294898328976
41171,0,0.02830093825518231
35132,0,0.02240632502503819
32870,0,0.029869785410881932
17724,0,0.04000490280338205
26848,0,0.039314768697506074
9866,0,0.024802288217951562
46880,0,0.03177827533274738
13228,0,0.02909893998173456
46730,0,0.03195133723630438
31092,0,0.03066370466136344
4540,0,0.03196001938410561
48045,0,0.02917132273550916
20522,0,0.041095591133395164
29816,0,0.0337780070556303
44307,0,0.041158033123117166
33169,0,0.027518931799840537
29527,0,0.040811744509820023
48667,0,0.04121544477579581
9985,0,0.03748776751544551
22771,0,0.03461894560823996
8898,0,0.03850210791955481
28063,0,0.6754615370511471
24307,0,0.052200174281157294
48531,0,0.01626024999452869
14160,0,0.026636730554125243
8641,0,0.02669923641210106
41556,0,0.0412234733322533
17353,0,0.03454071673743388
27598,0,0.022108691366381623
15798,0,0.987973073296333
11651,0,0.03187321432665415
34368,0,0.029394439618551513
45621,0,0.04062734368259259
26972,0,0.03198485617201912
45528,0,0.041085947571373384
37704,0,0.04119283624530952
44530,0,0.029889353226777864
20757,0,0.04072303949224079
9657,0,0.02777574793278769
8271,0,0.028195461837252897
35075,0,0.03073358706262745
46421,0,0.026364014847316895
48203,0,0.03891460881401973
9094,0,0.015426003070242295
44425,0,0.01824140081365865
48201,0,0.03867750926025029
45889,0,0.03769027677089183
1484,0,0.041177899011226864
33249,0,0.029560480862024396
5482,0,0.03603745218192376
28682,0,0.04012961138126075
28319,0,0.028882841916863546
27594,0,0.040870424733279266
10977,0,0.033125030219979985
36670,0,0.038489436531536816
15098,0,0.037679723048866666
25574,0,0.029173101576524897
43972,0,0.041175686791875034
10822,0,0.020895742112974718
47214,0,0.04121958983542326
393,0,0.03250515570883189
45525,0,0.04089298500104378
15202,0,0.04792329824407285
40043,0,0.020301028891340583
17487,0,0.08474338792403878
30892,0,0.020730928298580902
5264,0,0.04009964253790038
14058,0,0.030461423109253132
5241,0,0.032653985238061976
12045,0,0.022603862653647597
7981,0,0.031412170364831814
47816,0,0.03264786567709617
38257,0,0.026989632655988235
21413,0,0.04064087610438697
39550,0,0.0404625992681588
13749,0,0.04137248959200436
21172,0,0.08840617052230837
45115,0,0.03456541887941452
34585,0,0.03123706033900285
16047,0,0.030346800126833703
7204,0,0.03951152761529653
31218,0,0.041028268609019466
11803,0,0.030125381844354645
28329,0,0.04091917351660124
26550,0,0.02693673959156372
39407,0,0.029973741869558538
17814,0,0.037636518915381154
33104,0,0.040456069808666464
16417,0,0.031060113303104746
44374,0,0.04132534162192399
42161,0,0.039524856354768656
36379,0,0.03995883182793527
19692,0,0.04569417511379485
22958,0,0.009612484499693031
41661,0,0.03135049047276484
36028,0,0.029153826656655057
26470,0,0.03951668229367934
1200,0,0.6910423832957264
17438,0,0.04033981715019464
31614,0,0.037764708062225434
40564,0,0.027958358304151762
29872,0,0.044674672824263136
22361,0,0.03747472940584257
48171,0,0.17796682236985137
21743,0,0.023233069264030518
40172,0,0.0413999565732322
8697,0,0.021827428697574272
31853,0,0.028060882603720742
41901,0,0.04109844688671911
45924,0,0.041379429389945335
3550,0,0.055617611696997804
20677,0,0.01177509866535826
43327,0,0.019664894976470528
46998,0,0.030425688737593475
21643,0,0.039002807764896605
41676,0,0.041054865451004285
18601,0,0.038826182163398885
45755,0,0.022400729431094488
10879,0,0.04101000539956811
36236,0,0.039515282400772185
8449,0,0.02246090742684082
31807,0,0.02940541895311965
13595,0,0.02650353710979876
35640,0,0.04012389658087775
44862,0,0.03760158075127666
44728,0,0.038166238062788564
10613,0,0.03752974221545087
6016,0,0.031507133293155194
13283,0,0.012172906805689816
15073,0,0.04103903667931228
11401,0,0.5327140333886756
40763,0,0.03605646679750843
42164,0,0.026788130027987606
21645,0,0.0409030321558179
18647,0,0.041152454042982595
23272,0,0.04011288189150797
24576,0,0.01939244284476567
32912,0,0.03785482288817764
751,0,0.04015729118340826
2333,0,0.028010854284665893
29338,0,0.04115240847652626
11889,0,0.030999478034491892
15789,0,0.040443103697466905
18543,0,0.03888553434897267
23325,0,0.03186966250810719
45421,0,0.027609607501337684
27238,0,0.011783790252641257
34942,0,0.04119462535769425
10634,0,0.03037014002399994
15761,0,0.027560283091445315
28826,0,0.03961789527529397
36193,0,0.7282115157010358
19211,0,0.03226743597416991
10103,0,0.041150642495366097
43370,0,0.025470117155165128
20558,0,0.03272672914353168
2776,0,0.030977862248431787
16326,0,0.031145674651117786
11322,0,0.04124372119881024
2312,0,0.04130188049673373
3529,0,0.04089787338176758
1545,0,0.03911921971635667
6677,0,0.037024599201529326
35526,0,0.022758040813193107
245,0,0.030726732818839114
38095,0,0.03940763482650346
28168,0,0.01651407315062955
13351,0,0.04113798423649195
38988,0,0.026975559356990662
18988,0,0.03977834346480797
9718,0,0.027573136837402125
14919,0,0.03873093890483961
43154,0,0.037926801509889654
21569,0,0.032546916021054625
45976,0,0.023017647635416996
8227,0,0.0309640341230194
15632,0,0.013665000420128914
32456,0,0.038516738185083395
42975,0,0.04097106204955303
26090,0,0.03252808552867393
14925,0,0.04041755106708996
13068,0,0.041170735184593306
17382,0,0.03141782852169756
6228,0,0.01602908245817345
10722,0,0.0390340186101747
11831,0,0.04053764485539186
25818,0,0.038924491879307105
7143,0,0.019866328384374753
20051,0,0.04139021395805143
4248,0,0.02638929895996995
34822,0,0.038005582010968736
18539,0,0.03165094183314352
40905,0,0.04142194669066997
31980,0,0.035552107078307055
37312,0,0.07003142262081587
720,0,0.038653413313773054
30828,0,0.04109467223659676
40946,0,0.023832576372352778
23226,0,0.031420228906909944
30902,0,0.0315428642532741
15890,0,0.04115727823860357
9407,0,0.03182953805677075
36656,0,0.0404645186281072
30411,0,0.03991458187507196
47334,0,0.04091558456047037
43273,0,0.04127536340270698
6411,0,0.04116504552877253
28079,0,0.02753576902345892
41180,0,0.04138120157772199
4712,0,0.03966414705484584
31984,0,0.04127787605771042
43356,0,0.032287993809484015
39381,0,0.04127964770623999
16233,0,0.03145849001811077
21731,0,0.040618042682249535
30957,0,0.027118596156606778
38822,0,0.020072713710149483
12169,0,0.040285791721513246
1037,0,0.040784266184831455
9008,0,0.040649135178207015
26962,0,0.03584963280176918
30369,0,0.04110541842109608
19599,0,0.029342612770441343
27112,0,0.039566619365500766
25172,0,0.037972065260870796
42996,0,0.04080699170559262
17339,0,0.027258718663469732
17136,0,0.05160845055543023
14284,0,0.031350072085567796
37902,0,0.03794042651502824
11701,0,0.03316999118445756
33268,0,0.04120970586134234
43150,0,0.028401098612260183
2790,0,0.039504788932113816
14874,0,0.03213136694214611
25774,0,0.03065675948619714
41569,0,0.04070613323912222
28697,0,0.03100867853714662
38201,0,0.03809661618138603
26031,0,0.0325924047258215
13607,0,0.01118240906252378
28123,0,0.022780783119019654
1024,0,0.03156630118250598
9531,0,0.03227270673061071
851,0,0.03991571687953428
30928,0,0.03995160753771298
25831,0,0.026760496885851005
31339,0,0.030883811180088004
13463,0,0.04075335121388231
22817,0,0.03191830679828953
15425,0,0.03175024554196268
15115,0,0.03824142036597327
4923,0,0.03988888414355389
18598,0,0.026411654973231884
34055,0,0.040738418749752224
25905,0,0.03277608299379039
40752,0,0.03400830069375445
44962,0,0.040522734429279506
1643,0,0.01131688699584824
23480,0,0.04374120866742835
23569,0,0.04109116889197206
36393,0,0.04067777956605673
48444,0,0.034027474186588885
22814,0,0.009471346353709185
23578,0,0.03584538944407415
43296,0,0.03458335623846078
12137,0,0.037490913876534034
34448,0,0.019691139072248162
46218,0,0.032485580377892724
42637,0,0.03845659771585021
41820,0,0.04079273795476166
7126,0,0.026997044857006505
18232,0,0.03963781469707407
49010,0,0.031021809996594946
7605,0,0.02978451497948493
26434,0,0.03860533751707806
37900,0,0.05464946464796293
34664,0,0.03751571187200388
26022,0,0.04009807205581401
8593,0,0.037906096402730904
24006,0,0.025891812661396327
37886,0,0.04091672472330024
8376,0,0.03185689207907765
16284,0,0.031701177107646084
25129,0,0.04113380918823598
9314,0,0.040913761734279644
6372,0,0.04129015946186438
8309,0,0.04107128670723435
37644,0,0.04060996513768194
9187,0,0.03129999855135705
8776,0,0.029816397086432515
41142,0,0.040269537470712
18208,0,0.014728629080741417
42660,0,0.03194708438148174
11983,0,0.032112957723247224
21834,0,0.03233411639464006
19783,0,0.07236429469749736
43191,0,0.03939695245488799
31482,0,0.038273285321431316
25339,0,0.015403517740030806
32715,0,0.033458196419352805
23228,0,0.04114457081306712
34977,0,0.03957789197265246
15444,0,0.02930397003456631
35843,0,0.038397111948811305
4011,0,0.041165141528957803
40041,0,0.03998035272455222
25645,0,0.03968458595906431
44532,0,0.041302601701687806
10504,0,0.03986225635079699
40648,0,0.03140589044348948
7052,0,0.0412257741707272
39920,0,0.032100231782721075
3046,0,0.040395780722515824
42053,0,0.027054725118665655
9846,0,0.03074817520404805
26460,0,0.03939602572634294
41709,0,0.04090420926698522
22910,0,0.03256518193706288
4234,0,0.03953956331891549
35085,0,0.041320527749911455
29436,0,0.040295409413467556
24777,0,0.028163558736016964
37124,0,0.04120673980467263
25843,0,0.03193807747107484
6345,0,0.04088005168051572
48409,0,0.0401844099047641
23119,0,0.041172587248054254
7393,0,0.04096043217009786
23544,0,0.032565659496334345
9639,0,0.029383471441497114
4567,0,0.028230748157254543
36063,0,0.03259525695289488
9456,0,0.03135972916883259
49086,0,0.022300328200234903
8881,0,0.04086721968055651
42883,0,0.039881357120713154
6679,0,0.04109404888627871
46296,0,0.0409914866322223
43907,0,0.014838147570097025
44872,0,0.03263983788786423
43104,0,0.037685760227792665
21157,0,0.03903243522335782
44880,0,0.04118028521990386
48924,0,0.04499189350515245
27499,0,0.0396192617143589
19288,0,0.040968636934039016
36,0,0.021286660417543374
20761,0,0.040088967307938324
33638,0,0.041314213077831216
32424,0,0.03165270257128228
22082,0,0.03237633649776819
19883,0,0.041220534612852903
31893,0,0.03932598921170196
30479,0,0.028025325764644622
34136,0,0.03200814806749311
34196,0,0.025507573615673337
29337,0,0.030461740940715666
44674,0,0.03510001141768709
36895,0,0.041188384805689655
46074,0,0.016095032618331756
2849,0,0.03217172987996623
12625,0,0.0410377695621491
23072,0,0.026882697570581485
34129,0,0.03776434267152905
4458,0,0.03911117794042561
21729,0,0.031920099754498193
21721,0,0.03854173326415622
3392,0,0.013115310293245941
29018,0,0.03154958056597034
3284,0,0.031400103921755546
14920,0,0.04120865204718003
10132,0,0.04098901748542204
31431,0,0.03862453230387212
344,0,0.03984965325862745
3442,0,0.02912981793021938
33043,0,0.030970279442514424
30681,0,0.04114732906641907
20394,0,0.03773953625534654
11314,0,0.041176111359225186
4283,0,0.03240301722021821
37888,0,0.04103825367336629
9282,0,0.03958537026868841
26583,0,0.04103057498037536
38114,0,0.04110940144487899
5938,0,0.0302599372457742
10391,0,0.03180260163344506
46496,0,0.04020773403977449
44562,0,0.04077211459443102
6599,0,0.04070470290395546
19614,0,0.027506498916212516
32471,0,0.03770478518299387
39189,0,0.06104027434630172
31272,0,0.020850949352513543
27740,0,0.03084800738413104
24673,0,0.041043520312096925
36084,0,0.04026901237354493
28999,0,0.025933820699901942
42104,0,0.03152698803717783
19548,0,0.03834530938137336
44554,0,0.040986018746940404
25514,0,0.027502935860301985
2205,0,0.04001491718670155
15242,0,0.040007086757656754
3327,0,0.04116541347137893
41329,0,0.045218173797550325
20013,0,0.032487580842225645
32530,0,0.025770884498990267
22219,0,0.039544155947662175
21341,0,0.02544070692730861
21032,0,0.03236382909594248
35666,0,0.03252434840968848
26015,0,0.022977962307492925
20438,0,0.051131486934365
9528,0,0.019144655598098137
30586,0,0.03257568132235712
18886,0,0.04090654020323326
13334,0,0.0322762769655841
32719,0,0.04067587190465195
47245,0,0.041266733187461706
32135,0,0.03849100664016847
42990,0,0.04117119700374745
41279,0,0.0399181091313228
12303,0,0.04138122317773777
9522,0,0.03470111458038213
25495,0,0.03102372303938174
2467,0,0.03148639521114143
11851,0,0.04126831517701164
10931,0,0.04045805231945385
34920,0,0.027880715706339432
33560,0,0.018215917543216404
13313,0,0.040502025959305604
30201,0,0.04121330635548713
26596,0,0.028946382407201817
45272,0,0.04128984684805189
19232,0,0.035990294597291556
24091,0,0.027594939270082667
8674,0,0.041130187964334396
3983,0,0.023384979022678578
3519,0,0.037492941376688106
31298,0,0.04113105939944946
16200,0,0.021581808154450006
40464,0,0.031477228198256206
17238,0,0.04118631517724302
1336,0,0.03785904022471677
42782,0,0.02854704083396872
3057,0,0.04668176256471928
6660,0,0.04000090054745094
22109,0,0.027030490722272964
45762,0,0.041260901438290455
25093,0,0.7283142482123539
21084,0,0.0275745820929341
31887,0,0.03872070794085068
2877,0,0.02988274129457496
47521,0,0.04038749200588508
24449,0,0.030640986602556756
22627,0,0.037577367563861146
16203,0,0.027206924802924897
9363,0,0.03230388436115046
46419,0,0.0203180205149697
22174,0,0.040431555222262064
10409,0,0.031187892971505655
9758,0,0.03757153825605777
6739,0,0.03037756668892623
42204,0,0.0376001852578489
6486,0,0.03427977431367796
1318,0,0.03916031642761417
12870,0,0.03123432450223338
38742,0,0.03155836385922045
13465,0,0.028692359097643744
46527,0,0.048532267990983
1847,0,0.02940621991430148
4491,0,0.040636074558991556
29112,0,0.025788118210705462
34026,0,0.04116020817057456
18387,0,0.018993428045365215
6082,0,0.04486789180094075
48223,0,0.032555185621002077
9621,0,0.026621530964700015
25075,0,0.03201395109245038
16757,0,0.05596457340567992
11955,0,0.04117624706238364
20990,0,0.04120047147956907
35792,0,0.03960591505471054
46584,0,0.04119930799131126
37806,0,0.028121784340277917
33781,0,0.03515561816744591
9283,0,0.04044167115422683
23664,0,0.04060819117563315
3634,0,0.03755776778922918
47563,0,0.04978920639834717
11940,0,0.03222499220182583
12009,0,0.03137511666188489
34144,0,0.031683634573223936
31554,0,0.03957175683631379
31725,0,0.046921626553779024
37592,0,0.03697644840376325
13765,0,0.027382262156597097
9001,0,0.02955167371232514
18332,0,0.01971657920309603
8544,0,0.03997890826293609
38604,0,0.03892892457600652
9742,0,0.039924513514099084
18605,0,0.04119750519942688
41696,0,0.027131590381843786
42466,0,0.03307721779165601
9986,0,0.04086439794415196
19664,0,0.029922941451911527
11392,0,0.04110218967275889
45113,0,0.03203185306827072
8214,0,0.032481763386723796
30397,0,0.04122773404662616
17043,0,0.04109736359451754
11140,0,0.03156805141235286
29381,0,0.04096423541551533
6840,0,0.030704950740746983
44495,0,0.041232995359636
9918,0,0.5333891777712676
6608,0,0.029603220732366625
29831,0,0.029429903526029356
8059,0,0.031953013397671905
7618,0,0.03268503566848656
15468,0,0.03254211080594838
31777,0,0.01493727796648391
27246,0,0.03198543224628009
29403,0,0.03823945451843635
21971,0,0.04096050868587517
5992,0,0.040177808705532225
23966,0,0.026444435439760824
35679,0,0.6310847976516664
35788,0,0.030478430641551545
19897,0,0.04107928527038187
36495,0,0.03281180175667411
10904,0,0.04122716320337667
41885,0,0.03697606627833475
44533,0,0.037582428014803854
46859,0,0.03800455816798787
45874,0,0.04016250682615305
9479,0,0.03286205409906374
35964,0,0.04083312111182691
20221,0,0.023472907552516215
33867,0,0.0402833383241629
30714,0,0.0227440614903473
41667,0,0.04007096253907403
44054,0,0.037765140780904594
31880,0,0.03248748964748092
4663,0,0.0396830400062546
13352,0,0.020907061658901577
30606,0,0.03769377088478578
15675,0,0.04019413370620516
41565,0,0.04117294105122559
1818,0,0.03258202957718654
30874,0,0.041397040034548756
35304,0,0.04672765307397963
10693,0,0.04117721114689561
8745,0,0.023552032046857293
22643,0,0.03252917244137375
32941,0,0.032254229976110396
10915,0,0.032561628793658565
29364,0,0.016138754904365876
37597,0,0.031575218394489485
36241,0,0.03748969772894118
37268,0,0.04053232575029845
1220,0,0.026487936171498406
35594,0,0.03256754576926133
2827,0,0.04115155243943667
8193,0,0.04119282409581089
22872,0,0.032380155639128105
24225,0,0.04090587088672274
44826,0,0.04053864283692627
6389,0,0.03766708264080126
46290,0,0.03716502729205434
24074,0,0.041190244094212604
5016,0,0.04081616464617456
39649,0,0.01348709465444335
5091,0,0.020433837166335823
6471,0,0.039452036007779655
9071,0,0.028008909861693274
40614,0,0.01581333880699592
24456,0,0.02645816752275926
12438,0,0.04526697888730824
7458,0,0.04113921097119031
35868,0,0.0316246575157891
29902,0,0.027134649027154043
41605,0,0.04048014213494068
7442,0,0.03256966042474135
45251,0,0.043320678194792864
16234,0,0.04067726680733366
37521,0,0.03927245795524246
20963,0,0.04105429658776336
26927,0,0.04111521120587366
10624,0,0.03455562575020593
46810,0,0.03758220361645469
23729,0,0.03933867485307658
21432,0,0.040689916665014904
25056,0,0.03134264329612127
40986,0,0.03700549251725994
18569,0,0.04086453191446947
20264,0,0.04084504238480162
43690,0,0.0317529960112883
19645,0,0.04077645726756645
21059,0,0.03777554957051231
16815,0,0.031312421179617925
17537,0,0.03951245236571884
21966,0,0.037496026050439585
4555,0,0.05695118591177126
485,0,0.7203266101705036
22597,0,0.041187972153710666
15213,0,0.04088521625384678
13684,0,0.040652831723241176
46735,0,0.030678724629079647
37554,0,0.040190484134599976
39419,0,0.04038028672175862
21881,0,0.12696864019302234
27262,0,0.026271518393311807
35057,0,0.04115514259073917
33853,0,0.031231434112070352
29157,0,0.042656585757558235
42713,0,0.03848439544927951
34483,0,0.03959589769927607
9776,0,0.0409360076148575
41779,0,0.02777412171557919
29236,0,0.0313749526442362
48868,0,0.01928758151553308
24559,0,0.04119803353590882
48420,0,0.040103295287717784
7476,0,0.03195047837989829
20738,0,0.03211069806032464
17281,0,0.039645391884977385
17578,0,0.03251298443564514
44780,0,0.038704625331000206
24664,0,0.04038503664240809
18592,0,0.04119640543204958
29749,0,0.03258310208156348
23812,0,0.031865020806862765
45058,0,0.026992209250111206
29822,0,0.04086341642900467
48512,0,0.027774256900028025
13402,0,0.04132387658929218
1298,0,0.04115539322839473
65,0,0.03818636040152295
22330,0,0.04009172520726757
46956,0,0.04000119749064853
12485,0,0.026507311902746324
44221,0,0.04084416162455995
2948,0,0.029167195613804472
9950,0,0.03197218322997345
20246,0,0.040876776803390275
44696,0,0.031560753334301035
20688,0,0.03000862463652524
42335,0,0.03105927233634436
24521,0,0.02449642923303703
28881,0,0.04115378227664436
541,0,0.04123753160920297
13113,0,0.04007404942626208
22977,0,0.016400719162935166
48710,0,0.028208721090560534
37264,0,0.015472844078107647
19061,0,0.04057341882015781
27657,0,0.041035087690442215
38134,0,0.02662576634477569
23943,0,0.06857292067637379
31787,0,0.03267549659341655
47931,0,0.040119960040561585
47928,0,0.010863213609480334
1258,0,0.7632969292002295
46879,0,0.02790766547693761
40223,0,0.015949202434035244
43978,0,0.03798857037697114
4748,0,0.02986819862772863
8651,0,0.03532888370561552
9432,0,0.021632210750101386
12073,0,0.03754116951846465
47502,0,0.026603466699864554
7827,0,0.0409920884469444
39260,0,0.040873525009433066
39796,0,0.03943958828148734
43196,0,0.02804714642688892
28921,0,0.03210137124441938
42545,0,0.010635266034617015
41929,0,0.04095337176144471
43018,0,0.027845060775607437
10236,0,0.041269720116167946
38873,0,0.041418540290167026
8144,0,0.02270824075096747
6695,0,0.03205050302166849
37490,0,0.03954368169585026
39355,0,0.027235905147469163
13543,0,0.03506581722421726
39250,0,0.03760235117113408
26062,0,0.04096529690666069
33660,0,0.038175379285705316
11844,0,0.03166110454215766
46692,0,0.040826118752051645
26402,0,0.03475316077323956
28860,0,0.04118004490557709
10295,0,0.03890614924572262
10878,0,0.03229547473469522
15620,0,0.04028704533223811
17635,0,0.040587589383894715
44388,0,0.032833495050813254
41008,0,0.019790833505565916
46513,0,0.0391843936654947
38614,0,0.020028025750360622
6161,0,0.017174453464578684
33788,0,0.04123236068373955
1397,0,0.03894383439130877
21109,0,0.03910884073981958
26959,0,0.024055506466889226
13430,0,0.030696537959655185
47643,0,0.020226227613946008
20934,0,0.037485165778338096
2163,0,0.03897089544026125
8965,0,0.022959683530351
47356,0,0.032765358834123376
3822,0,0.041236133262339714
42171,0,0.026818651487631857
40593,0,0.1748627530708529
1195,0,0.02941692164997692
10153,0,0.026403597768144774
10720,0,0.03261183787263405
30830,0,0.04139989504622873
35019,0,0.028402041231566078
34079,0,0.032546628030182004
24545,0,0.03822170367220436
24067,0,0.03431649211952611
25963,0,0.039707162101872
27743,0,0.026441381487602385
29033,0,0.04790378115468781
24104,0,0.04121499923532122
34757,0,0.03859552935602898
43426,0,0.026458231480585077
46402,0,0.031948277536274126
20447,0,0.03988260300717751
31661,0,0.037862828716742424
12913,0,0.03781283586810835
43151,0,0.0405581668919455
31378,0,0.04090227097675438
23056,0,0.03879835888015012
44927,0,0.03041354994208424
7273,0,0.5269043554183506
24403,0,0.02400568444717994
44531,0,0.021364130677435467
17383,0,0.04016151234490753
15790,0,0.04011332001848814
49065,0,0.021080163982588856
30324,0,0.039710886619702734
47864,0,0.05461418992658226
26209,0,0.03767476614431817
5664,0,0.026394358481969367
2159,0,0.04086455987331409
7254,0,0.02621126302102166
33622,0,0.07275686443383597
16932,0,0.03839118570593464
39445,0,0.027851921954860262
28134,0,0.02994659578058779
25633,0,0.03896239610165225
30089,0,0.0345203063135527
47174,0,0.034696080508002304
47310,0,0.04033492492347024
37320,0,0.04104098665153837
3322,0,0.04049624698817523
31192,0,0.7209992396745944
13798,0,0.01853539498937027
43107,0,0.037625541474408934
20955,0,0.021743729987649944
39756,0,0.0379851295373252
23078,0,0.032474152689054694
29306,0,0.026458715214701445
4696,0,0.04029640484076362
1231,0,0.041082009398997824
15185,0,0.03240456185706832
9876,0,0.04014959704597238
27349,0,0.03890157280543566
23421,0,0.04009107355690515
23591,0,0.031464475209686024
42271,0,0.04121480662140173
32305,0,0.026708909031271186
36587,0,0.1243728646368877
17454,0,0.039737381896437496
30385,0,0.02798422391696127
11588,0,0.023781541613782944
34249,0,0.03792558978090847
15225,0,0.03784584714122441
40368,0,0.022928800695812906
16498,0,0.029998874517858574
22560,0,0.029939582184190044
5054,0,0.04067683777220888
45344,0,0.04088312728030172
22133,0,0.02799124287145111
44251,0,0.03814132242145232
3558,0,0.03125254338814683
44369,0,0.03135345532023488
38598,0,0.03156653536631866
35271,0,0.010514977876227528
2875,0,0.026519851466487204
33203,0,0.04113939576858252
28035,0,0.03219451618734094
43531,0,0.02858856310224041
48112,0,0.03308985901244285
14894,0,0.034262625954199905
17437,0,0.039627476145269784
22830,0,0.016184246587274995
5325,0,0.0409140166680203
31811,0,0.03999014273180483
15464,0,0.027307242404973873
17022,0,0.039501196901862115
13080,0,0.041100189619997
38537,0,0.02713149390812526
25998,0,0.030089977296405467
32230,0,0.04121978574393097
5575,0,0.024233525946746465
46604,0,0.02252892164556873
28819,0,0.06814598771668964
40262,0,0.03465696105957189
16685,0,0.04120838496833018
12450,0,0.04121733356125549
3492,0,0.03433056933776536
41799,0,0.03296279730158265
1940,0,0.04012952259679281
26471,0,0.03074450457879575
31509,0,0.019363185609550308
34543,0,0.03848157947622199
260,0,0.03218745255018258
5450,0,0.04103658090644383
11503,0,0.02019186989847669
18499,0,0.03137492524652167
46713,0,0.04115496864484707
15393,0,0.03857071754595817
31506,0,0.03425716042509551
11724,0,0.04006662261907437
5516,0,0.041021987543352234
10437,0,0.0323812859387941
27766,0,0.030966866061007126
26285,0,0.04097474556151582
41821,0,0.03863273043152364
40697,0,0.02233919315921817
36119,0,0.03242674373426569
17085,0,0.0320217915377973
23888,0,0.03768627700790612
12071,0,0.04052231743094886
39366,0,0.03917002901063813
6058,0,0.045292980450043485
36836,0,0.040768259808643424
8508,0,0.03933723718862806
43596,0,0.021487559063058614
20437,0,0.01985743658207197
27947,0,0.030985262730777285
33489,0,0.029249609811698257
31373,0,0.03987658014647402
44722,0,0.031021787751548135
46772,0,0.03248332114860716
31306,0,0.03122346915441262
13898,0,0.041028878517742076
6229,0,0.03803591089544909
9324,0,0.038572739697470985
23081,0,0.032505379439620265
17005,0,0.041184455264692596
14477,0,0.038656910747655295
7600,0,0.04047151274627148
30121,0,0.031099778867691732
48747,0,0.04038668787509332
21744,0,0.025754737869707424
40681,0,0.03948380401925436
35592,0,0.024188634042478774
29234,0,0.03228014954311576
35603,0,0.03980075236763204
30699,0,0.02384118681334913
24712,0,0.03847898892298887
27123,0,0.02559330786819958
46830,0,0.0311172025103173
24820,0,0.02177816829815981
20364,0,0.04086045209559028
13059,0,0.027200278916034753
44638,0,0.03134814670771996
39742,0,0.04076814982395904
5287,0,0.031073918994182638
6780,0,0.04103244899941894
6208,0,0.04039858620927792
10781,0,0.040971372583891864
12011,0,0.013728085106012651
12616,0,0.028579615379038702
14084,0,0.03508149893738785
15874,0,0.04129384376814882
26383,0,0.04069667670445199
25404,0,0.039597076671056934
33055,0,0.010867513137956182
5979,0,0.012387086627569576
14426,0,0.04070910499187849
23650,0,0.04113375537367468
3931,0,0.04067012652216029
32966,0,0.04016824227466214
34304,0,0.03060268660946728
5166,0,0.029862017362863882
26388,0,0.03874648052454692
21271,0,0.03216031963300716
20471,0,0.04059867618580587
6118,0,0.0328984448154638
39402,0,0.0402801945873263
30320,0,0.03192919219325042
26896,0,0.03045912553942607
30924,0,0.03221006543197296
24231,0,0.027344699976751426
28541,0,0.03256025547808389
45374,0,0.03965346944871809
11489,0,0.16251791229524665
42087,0,0.055847723530208955
11583,0,0.01562754417254641
9236,0,0.036980141191761316
40092,0,0.044658830382129255
3191,0,0.028677027719286274
9581,0,0.019948119801150032
23730,0,0.02151302706922902
7081,0,0.02614523362007562
12887,0,0.02951652272030788
27698,0,0.031072466328720207
1933,0,0.032498314228508574
28549,0,0.01984331111255078
44604,0,0.0398621442183622
8154,0,0.0377529356276941
19822,0,0.039109607493815327
38718,0,0.03977824773807031
43775,0,0.030504678755848075
3428,0,0.03994139824982823
34781,0,0.037852324109745206
47229,0,0.020317174104769534
34952,0,0.0400268021784313
3011,0,0.022416758566637728
17436,0,0.021712767296236328
24487,0,0.03160625277957962
41794,0,0.03559662909314084
24043,0,0.022668276514836206
47247,0,0.04077742049991662
40183,0,0.01710847600880746
38884,0,0.039041357136270945
10347,0,0.015502489841849472
41609,0,0.04018152948064081
24779,0,0.02912160222778334
44987,0,0.03246464946327861
24744,0,0.040621935825236724
46024,0,0.028828913271743955
37987,0,0.027028680937967165
38831,0,0.041217455917337005
27596,0,0.04129044640112288
18504,0,0.03775519728584609
38635,0,0.037157120252972964
42925,0,0.037575088878427206
22798,0,0.026383368895556997
31742,0,0.03468276941491754
36625,0,0.02711480617217898
38789,0,0.15215877413113674
36135,0,0.04066511215285501
19464,0,0.029995729533232124
26577,0,0.032533106350158325
324,0,0.040815492013910666
45661,0,0.04077998036829154
23410,0,0.03959189190841787
7628,0,0.03010021404497519
33037,0,0.02725945812156693
32871,0,0.014821183395381389
44416,0,0.0409520472187886
15489,0,0.029271602493132477
30313,0,0.031567551965737226
18236,0,0.03101021908514762
21588,0,0.02342316079205203
4978,0,0.17596015861344683
6676,0,0.029448269513121385
19545,0,0.03905848277368388
12391,0,0.01877231193964399
48993,0,0.04069174657628738
32435,0,0.041178152435514974
31938,0,0.025403928045014706
8272,0,0.03247714917814774
44437,0,0.03472422387457205
20254,0,0.03474507492026453
44438,0,0.03984564092584489
14540,0,0.03817140518884277
6116,0,0.02749292632128407
32477,0,0.03911928738419938
36852,0,0.026915402183256082
13346,0,0.03339562633422567
20781,0,0.04028448338407746
10054,0,0.037945652758504374
9587,0,0.028380999502123763
46969,0,0.04119646891005824
29284,0,0.034729342608967574
15827,0,0.041247649599764416
7582,0,0.04069930170149223
23718,0,0.040966781802732936
2942,0,0.018299560415646947
7721,0,0.041193393567331836
38792,0,0.03047446075499827
25147,0,0.041174418059063696
46934,0,0.04084234554252277
41026,0,0.035190625636195454
29105,0,0.026510461091289173
20247,0,0.03597038027273668
43629,0,0.016031756925291903
26719,0,0.03817407638638577
28295,0,0.02823202268996702
43415,0,0.03589975878332771
32677,0,0.04106953185082468
21648,0,0.02248998290938426
41744,0,0.03216179490991535
24494,0,0.032360322134112315
28302,0,0.6695804188374718
6071,0,0.03691413417196038
30268,0,0.03972422371348849
586,0,0.033397414642133215
3896,0,0.032433151890989324
22516,0,0.04028537170160134
509,0,0.04033895432142896
16075,0,0.0375767889101232
28139,0,0.037562802855778885
18397,0,0.03509941059506058
42296,0,0.031076053716730962
1358,0,0.040628221474464585
21833,0,0.03259838521291797
13753,0,0.01975779768233014
30729,0,0.037684135543532046
4817,0,0.04016293341038873
29329,0,0.03265000583233145
12023,0,0.03247107003873222
47258,0,0.03754226464333475
40581,0,0.029804352229459607
36632,0,0.011053854734729484
29409,0,0.039525099053641696
29272,0,0.01790266118413595
36678,0,0.039822463429130206
2857,0,0.04062241996152085
20154,0,0.04004889274991614
32829,0,0.04101993881256762
14621,0,0.03259679979363395
44900,0,0.021430916200876934
29296,0,0.03990565512774342
23394,0,0.025503942624890027
18468,0,0.03101503625535835
45168,0,0.04111711401613862
39073,0,0.03754904515474354
6025,0,0.026948289256238864
14275,0,0.032301947347410875
31214,0,0.03760468522086643
32152,0,0.0326447835858806
37451,0,0.03186385387641478
39324,0,0.03777772190577473
7621,0,0.039435920001089
7993,0,0.026659440656096413
33823,0,0.024462758028635245
30332,0,0.039722339308647076
1152,0,0.027655079226737947
42035,0,0.039737210242648535
3448,0,0.04041665241810774
17258,0,0.04148940050077105
4851,0,0.02177049642951293
8390,0,0.039243502214298336
16435,0,0.040236907616974
32975,0,0.025910419864546275
1528,0,0.04071705976948244
47123,0,0.021536506347019993
8792,0,0.03928542948435644
6303,0,0.05129911783272353
19702,0,0.0403941481456916
38888,0,0.017840504590658713
12719,0,0.031193555457790526
9837,0,0.03972456986092872
9700,0,0.023611469454007387
1364,0,0.014497936503959329
35939,0,0.04060775792088047
38106,0,0.013293134288261411
33602,0,0.031462635991806216
26771,0,0.03207945677045978
18828,0,0.8595883917809614
35710,0,0.024120219449923517
14557,0,0.040376943152561684
23903,0,0.040881172559302376
48488,0,0.03214875464127417
46898,0,0.04084442629692326
28357,0,0.028447934149443722
31851,0,0.04404606780115195
41138,0,0.027795794693186226
12335,0,0.023989444426401295
38728,0,0.01334017692459131
32438,0,0.030016534770883233
30622,0,0.0605472407987194
12270,0,0.04103890461011851
45114,0,0.03860104503323847
28715,0,0.05766922072683002
9247,0,0.030267246540173803
10632,0,0.03840174021470797
13767,0,0.0410194883377199
42796,0,0.041248432528044256
3444,0,0.03469656157184212
9644,0,0.03175285316285253
36607,0,0.03056491382745061
15175,0,0.028962590812418164
23500,0,0.039702171013865056
6333,0,0.031470819770476756
28500,0,0.041176205519537094
20923,0,0.021904162507542457
17351,0,0.041373732363791764
35736,0,0.04111990118698036
48344,0,0.01867930153236794
43691,0,0.08757937885617521
24993,0,0.041188226536831324
36031,0,0.04109889037509446
8162,0,0.035949145665278334
10412,0,0.03229289780239195
6351,0,0.03201939790258954
47945,0,0.054520944431184576
11189,0,0.04290313113982423
34449,0,0.038466392248642615
30081,0,0.013669379463271975
10266,0,0.029866586995243725
14852,0,0.041110537181166154
22886,0,0.041237438294573686
28901,0,0.04094057766414774
22234,0,0.040279592373976214
29580,0,0.03280064842540653
21421,0,0.04071931920016714
39424,0,0.04065275536666974
25751,0,0.05218511919590513
35074,0,0.056377992966290286
43094,0,0.03969489320671826
9009,0,0.03862814543763758
32199,0,0.06027407330215994
959,0,0.0578874049441397
42069,0,0.039622568059306924
26201,0,0.040083881139564195
43450,0,0.0407124934667783
38593,0,0.031960613882207486
22352,0,0.04119848458602
42886,0,0.04064987457448384
39778,0,0.040424243925241216
46486,0,0.04120292475346517
25529,0,0.05433275643287717
42381,0,0.03833090151378989
7726,0,0.041140639041198385
47167,0,0.05678721619677861
14951,0,0.03728887903727037
35108,0,0.038616355354465
47020,0,0.028802306069675827
1197,0,0.04126546736429262
18758,0,0.03759963389948088
13219,0,0.023731253555753024
40920,0,0.04125263969166929
10274,0,0.041100214254474805
17921,0,0.029643371284279914
43603,0,0.04041675512354352
2683,0,0.03250761261408594
31382,0,0.022512402520702128
33670,0,0.03199840364772493
32627,0,0.0404621769495442
45064,0,0.04120448788272387
7467,0,0.03130928186241424
16677,0,0.03757799248424986
46856,0,0.04110585905249875
28531,0,0.03757755643202379
3923,0,0.04057524867029824
28643,0,0.02748400785481463
40101,0,0.041271657831756015
12602,0,0.06144405764562036
34999,0,0.03453414487884707
5231,0,0.0409192644011703
7088,0,0.03143708971244197
5632,0,0.04028423511641206
29278,0,0.021416228685568424
19806,0,0.056429220279524295
11115,0,0.04121175240181496
18579,0,0.04102985733528898
27202,0,0.03864227550254598
39071,0,0.04123305791234272
9552,0,0.020189578865788472
41801,0,0.03411487668894488
29053,0,0.031112994047586162
42126,0,0.03698784561554324
46976,0,0.04065912136596038
14731,0,0.032423805490540546
41828,0,0.02979327354046555
25227,0,0.05427505852593281
2806,0,0.037932848879065235
37158,0,0.04083346551941059
26671,0,0.041098858827772186
7138,0,0.03967179910803135
44309,0,0.04056046045611156
47240,0,0.038300499666124796
3870,0,0.03990249633694172
26711,0,0.026873423757811557
25233,0,0.02967629518938795
323,0,0.029920663022923462
21196,0,0.038138107643432985
34740,0,0.046490629928507846
32356,0,0.034421420269937816
24166,0,0.04117516619504532
5950,0,0.037839370086088064
3215,0,0.03254049575154728
48084,0,0.04122226427390028
35428,0,0.041028487404112475
43966,0,0.03762261729858095
43803,0,0.029011005885387974
30717,0,0.013255342177272509
28393,0,0.05739670056579177
19126,0,0.04078062909353873
16141,0,0.031220147038847287
39483,0,0.037680703359297636
27918,0,0.031571419158356394
29809,0,0.031866129531627915
18465,0,0.030304331326568016
3658,0,0.03266757904376244
8473,0,0.040613201745439635
26840,0,0.026789348906443092
32015,0,0.04122815340309179
24982,0,0.011551095036769475
30199,0,0.01610000370226685
22637,0,0.039491634527766425
33415,0,0.02917125910265365
24066,0,0.029896301374639073
26967,0,0.037985991895319586
21577,0,0.03936749367341017
39495,0,0.04100442174437548
30792,0,0.0374929219185206
18946,0,0.029512883906821042
13433,0,0.03914848200632376
20727,0,0.031211115073137178
6330,0,0.03202447426711211
28174,0,0.040703897763111514
15599,0,0.01972654909642283
45880,0,0.0288807998354044
11776,0,0.03133814113983715
9892,0,0.041288651406462464
36330,0,0.03808367928892231
42619,0,0.04070952985529146
4364,0,0.026010037986398882
6501,0,0.04092313182121964
16606,0,0.0323560470653283
3108,0,0.057584334293722214
30668,0,0.05729820231934598
19875,0,0.031066783902516448
2255,0,0.040900315829718065
9725,0,0.039904177996868066
5769,0,0.028826172831605795
40521,0,0.031721425456432695
47888,0,0.03747356153742738
23095,0,0.038587754567080704
42088,0,0.04038726056686949
48944,0,0.02426270948119518
17499,0,0.0411774365983851
48851,0,0.031742313499624274
6787,0,0.039898955858397187
94,0,0.03102228167123731
31784,0,0.03191076301312103
31388,0,0.03824264442884736
18381,0,0.04103981337752892
44522,0,0.03595425228782447
33269,0,0.04089107333698216
13013,0,0.04120634061033499
15317,0,0.03773127131013195
41264,0,0.03146200084287217
24685,0,0.041098747058523545
5128,0,0.027278085455436838
22991,0,0.027541019293974466
2611,0,0.037613790160557506
19987,0,0.0387200576923479
20597,0,0.04089958844686842
9842,0,0.05580317622276658
18553,0,0.03166583798088742
32722,0,0.0375860576952712
4026,0,0.03697793285123929
8853,0,0.04120419809648809
40534,0,0.6697875039364124
49088,0,0.04460306213343848
11548,0,0.028001929631723124
28452,0,0.040426738011239194
38623,0,0.03956026611155981
5860,0,0.040913481366718386
25027,0,0.0316560578805252
29530,0,0.03811683435197958
15435,0,0.04041514888617285
24768,0,0.02775661732388836
5114,0,0.060414985045298984
45601,0,0.03892435070264178
46701,0,0.037635213907680626
2485,0,0.040915960849610966
20214,0,0.03938401087170092
19908,0,0.028202642389078846
39364,0,0.022219844759818166
22685,0,0.04128430089019482
27169,0,0.041478629304085385
45409,0,0.028410583488957124
39908,0,0.04061559618615386
2584,0,0.04097599148671714
8155,0,0.031247699223666763
43556,0,0.039122637933956934
15459,0,0.03743076247094525
11713,0,0.030467160405385236
12028,0,0.030480877296846027
10970,0,0.03931075449568499
14112,0,0.017535694025789444
796,0,0.022118788747654543
25183,0,0.020007570861944123
34930,0,0.032252367486205025
42408,0,0.03595970161574225
15705,0,0.028686950166615627
29132,0,0.027252510915498584
28169,0,0.030464692589870696
25808,0,0.03265907853326433
47554,0,0.04124925032763012
4825,0,0.04117242431096718
28126,0,0.040539216439969876
18619,0,0.018515195441630414
48120,0,0.04041958596505995
6554,0,0.041228051299364576
2997,0,0.027087502499960458
787,0,0.027065891087069107
29943,0,0.039701837044235286
1042,0,0.011567530022000392
38005,0,0.03172944725630314
13544,0,0.03969209181379014
25299,0,0.040460083150153404
10985,0,0.03841666529320075
12771,0,0.04111162466378617
8596,0,0.04105510581045005
29551,0,0.04118330060947323
41568,0,0.040647477535385126
42797,0,0.019875451611478953
47555,0,0.04090589286596518
44395,0,0.04110061460421765
19940,0,0.02649891778346518
7922,0,0.031393893167811736
18872,0,0.040089122943483074
31319,0,0.04086420653283106
17299,0,0.028194644105768083
41525,0,0.04047462921588249
39943,0,0.030561346027736577
43076,0,0.04733664969277377
6867,0,0.03778886994815794
6344,0,0.0389870915066515
37054,0,0.030838094372081508
30136,0,0.0259725826395784
3133,0,0.03753464056966996
22073,0,0.02705403250046478
17359,0,0.02163462235805156
11194,0,0.03236782079268387
43332,0,0.015361704678764737
16023,0,0.039170713934536895
26416,0,0.04027412785174525
5116,0,0.04467369831635325
26507,0,0.031811230764542314
36437,0,0.040906768881155665
46798,0,0.029102292897179572
34747,0,0.05596877180962481
39643,0,0.01948118742436066
6256,0,0.0413086332024297
32501,0,0.038432594941114576
43231,0,0.06159649282408504
13739,0,0.017529936213340425
43383,0,0.029952810021299743
8362,0,0.028487712146309293
6732,0,0.041197257753191614
14548,0,0.032440656881388814
31502,0,0.039597644301233734
4370,0,0.03839541021304456
48632,0,0.03535348389399522
9061,0,0.041173962163328436
40467,0,0.04078059773925118
34855,0,0.03763077246674931
28568,0,0.03078549751960662
18115,0,0.03956610883075655
5669,0,0.04006539476252918
41044,0,0.026510172655149697
41890,0,0.030064865224120566
668,0,0.033077035943583764
33803,0,0.0271251712311673
4029,0,0.037682347349677243
13777,0,0.04112774913130332
38601,0,0.03633770481900325
3735,0,0.03854104647215991
19895,0,0.04120332872507817
16893,0,0.04123111226193246
31910,0,0.031341559811323666
22203,0,0.040991788237320644
21446,0,0.03264996916250474
16808,0,0.041178014088931375
7020,0,0.03899688521647805
20445,0,0.04117274921207232
24707,0,0.03753929777948813
10578,0,0.0324880565145574
18746,0,0.03170413430574122
13624,0,0.0294903162427709
38563,0,0.04044149656856025
37205,0,0.016115444648876466
17779,0,0.040251372857249855
46021,0,0.031007372987275836
15665,0,0.02772733314250178
21689,0,0.04034762886163078
24459,0,0.03958524916088595
43338,0,0.037679492157846876
39440,0,0.05197243594002886
10177,0,0.02726288595505581
1134,0,0.04106183240331345
26185,0,0.02645982368716252
27454,0,0.03523636967449386
18513,0,0.033020352714275725
14945,0,0.010432956236009762
47950,0,0.02014285440048294
20355,0,0.03198198682806758
11779,0,0.04115850113208896
15427,0,0.03147594630276383
20233,0,0.011677441876525533
44992,0,0.061508628288606246
19091,0,0.04046658379741177
8525,0,0.034833179224394085
17766,0,0.032618318163104086
42146,0,0.040680960205109015
29603,0,0.04102920031319108
38110,0,0.040677383529355494
48396,0,0.02142288324157368
40775,0,0.037743595693353345
33100,0,0.03823992470297514
35388,0,0.04792720860655082
33688,0,0.040140684050229414
8192,0,0.04674651961337368
6714,0,0.04094154272914811
24935,0,0.02975955017069918
34454,0,0.038881006643180144
5983,0,0.02232074901099615
45834,0,0.013302945250525404
27226,0,0.03711818542045309
46357,0,0.022374033712818264
26252,0,0.014452782605217297
6362,0,0.031183088481241322
16309,0,0.041223786109614205
45683,0,0.03893770785979445
19498,0,0.03847004321166641
42091,0,0.021938632515686774
28230,0,0.03233264579930208
32589,0,0.04131549779638909
14298,0,0.032120195013594054
7181,0,0.03960511745648118
350,0,0.040139543119687045
45423,0,0.01603911674627445
18544,0,0.03840959678301489
4204,0,0.038663636046700194
35282,0,0.038408906475403355
16716,0,0.057464132830590244
10769,0,0.040303049307641954
28420,0,0.0458072025109729
3402,0,0.04067930159028249
15157,0,0.03633977575823635
44429,0,0.03196538976833281
46128,0,0.029850072406383963
13183,0,0.029722909432839933
37494,0,0.04117883799047213
25176,0,0.04018116093981408
6181,0,0.04026452416054796
4357,0,0.040476588548232245
15420,0,0.04066516998588469
28611,0,0.03015988078980601
30194,0,0.013678105773974741
9276,0,0.032373966146161164
11532,0,0.04099992150237214
30270,0,0.039517019274917235
18951,0,0.03754166304766166
5276,0,0.03757571427861861
18265,0,0.03757534563936048
26200,0,0.03867990093581396
12991,0,0.031114432701377898
2403,0,0.01610886221814558
40014,0,0.04103610589472165
12355,0,0.04027767468890705
46270,0,0.0285400564029122
46176,0,0.040189069132613116
34779,0,0.029151940031450326
30555,0,0.031609533845187075
15604,0,0.030449227353032408
5367,0,0.031035162356635233
47740,0,0.032657482537579635
35133,0,0.01957283106102882
6913,0,0.03999396453953474
10359,0,0.025182698090522825
36158,0,0.029056185048275365
42779,0,0.02577406259612915
31468,0,0.03159453349546123
47149,0,0.04083769285725782
37179,0,0.02747606241836672
45200,0,0.03454562606149303
43195,0,0.057325842231283876
38141,0,0.030996872906385017
44068,0,0.03932032773531054
14688,0,0.04831901192530538
5597,0,0.01784548494415977
40028,0,0.032313805926853505
27003,0,0.03167642949171876
9389,0,0.03713944942409588
31667,0,0.02035385058396593
41099,0,0.026270299661097077
41602,0,0.04109683897193772
14089,0,0.03981107171161183
18225,0,0.04012770946943961
37600,0,0.028714596131024974
53,0,0.02797610500564436
6092,0,0.03999339191570196
20854,0,0.03157105528544863
26240,0,0.027386279497102886
6005,0,0.022379075769434844
45056,0,0.041179122618253926
33035,0,0.03747636601301673
17877,0,0.041170746759039846
48642,0,0.03862493121431506
47930,0,0.03190057705627955
20056,0,0.029106771455905865
24999,0,0.04091275967519144
45105,0,0.04066029060445342
16507,0,0.020310904580896034
47810,0,0.03774871193247848
17263,0,0.015995423031613998
40436,0,0.024267115466709996
39846,0,0.04124209491663622
20145,0,0.04046757701076111
20425,0,0.039920026049239096
17442,0,0.05743195559822802
28559,0,0.031642798763853015
29789,0,0.02801319882798523
4227,0,0.037727725475215995
976,0,0.0408620793549672
4853,0,0.021248436674838406
46924,0,0.04002417974540738
19121,0,0.0619588476319111
33921,0,0.037684809492670626
855,0,0.0315343986775961
22187,0,0.027334429804416523
23149,0,0.040393880379782136
45657,0,0.026446156904101275
15357,0,0.0328064852855193
44346,0,0.03834379861847886
14502,0,0.04122777468162684
14844,0,0.03467280347742561
9093,0,0.03198049089228474
19624,0,0.03774176451205669
18457,0,0.03958459230889647
31494,0,0.03315660177697377
363,0,0.040501124468955076
31971,0,0.032842187731065745
130,0,0.032252874542672595
20548,0,0.03209265105230068
11123,0,0.032540869560278206
42281,0,0.03964162396553253
37787,0,0.04110768619806535
8762,0,0.039898507967251855
16885,0,0.032827210451923446
986,0,0.024043012152484868
22871,0,0.022309089997351917
34647,0,0.03364201428466839
45413,0,0.041119589972336966
8067,0,0.04013365951767452
18206,0,0.03258766749198721
21920,0,0.010967222729559703
38495,0,0.03508919326834363
22147,0,0.03527717092457008
9080,0,0.032002671780342086
45888,0,0.040436351885152336
32914,0,0.02754737331973501
1833,0,0.03227362650968903
41626,0,0.04122312866291942
34186,0,0.040581094609298415
22212,0,0.027585361376324325
5606,0,0.02139750443203146
39613,0,0.030519417931839994
29704,0,0.04140686135351967
11539,0,0.030994859667607868
16646,0,0.02890463663958276
37042,0,0.03985067429761275
34422,0,0.02867465975591162
19253,0,0.24535533923404346
45090,0,0.028340716966127107
6827,0,0.03259352522396119
25477,0,0.027953066400682982
34521,0,0.03677461788054344
26566,0,0.040846897635953984
48363,0,0.0380088138592942
1491,0,0.03826076593111538
45341,0,0.03581255805145452
8658,0,0.029926406850265024
2741,0,0.027877537207104012
29668,0,0.041040941867551195
16925,0,0.028491445323470452
27709,0,0.015772041600520613
20508,0,0.04045415609703508
15550,0,0.020856709501430686
38424,0,0.0341717435785785
39022,0,0.03245723339596103
48413,0,0.026921509439557727
16784,0,0.028465658750172918
17277,0,0.02964628539761886
24702,0,0.02143727740988945
41319,0,0.04675314877645144
44643,0,0.035650033757356606
20475,0,0.010694683015031969
39344,0,0.013969777877592371
23519,0,0.024636660304136422
11962,0,0.04147970886614075
41720,0,0.03950788844111831
6502,0,0.03190487542259893
15736,0,0.04017142582497744
22724,0,0.0377195826237383
29093,0,0.03765863826165917
8217,0,0.0376158592073874
19414,0,0.013643381895177263
41253,0,0.04084445281029948
13856,0,0.04114627643697419
554,0,0.03203297787335872
13661,0,0.0326414883749578
36224,0,0.04765681202459056
6314,0,0.0346670763264939
31761,0,0.039699873540390056
35979,0,0.12327142820129317
8498,0,0.03426851817971402
19556,0,0.03768415876629227
2034,0,0.04120607270070721
35275,0,0.039651328983513215
45346,0,0.02751679873254883
180,0,0.06887386084335118
29198,0,0.0401860972521719
25711,0,0.02736972430336098
7341,0,0.030141435828282288
17362,0,0.04039437849081872
39273,0,0.010512847266485483
28317,0,0.029480775344340255
20480,0,0.05813154217938028
15584,0,0.034740320998520736
19508,0,0.0405165459380984
35707,0,0.03991903008746024
7612,0,0.047641090036162716
38533,0,0.04095690930924115
31139,0,0.03523772895372349
17763,0,0.03158337331587729
30674,0,0.022318769341920255
2561,0,0.039511451488237495
48534,0,0.030933008675124756
24355,0,0.03752999883031545
21695,0,0.040881952635725555
40106,0,0.04041581003639746
31888,0,0.032497647557749344
2630,0,0.03208938096988858
8244,0,0.04060356500721341
29612,0,0.03243994743015533
4804,0,0.03867293377036776
12914,0,0.02691361957437797
44242,0,0.04016920414592599
6822,0,0.03767960706888387
18189,0,0.028855980145020558
18351,0,0.018744229151217692
25142,0,0.04108051500929911
25926,0,0.026935933632623928
41141,0,0.014525071212587832
8077,0,0.04207942233689653
10899,0,0.022504611268981626
20005,0,0.04106097572719238
38162,0,0.032001085255851644
42490,0,0.040883489303543574
2576,0,0.030006659747148633
23931,0,0.03147736325578258
6934,0,0.04110310210148159
16232,0,0.04133770874477396
26559,0,0.021283933399698477
20295,0,0.036978670203839256
40135,0,0.02801494975832567
33255,0,0.04117613149024437
34531,0,0.028056482438963384
7067,0,0.04141375422388373
18954,0,0.039867690641159616
33486,0,0.027976907571836476
1669,0,0.03218393500487372
22806,0,0.038161735545763076
40156,0,0.03165545121503849
8561,0,0.04003836282702549
32961,0,0.056860781504556604
41318,0,0.025837804692517778
10704,0,0.028645240748258454
10487,0,0.040964902743745195
12057,0,0.040941795841695224
45080,0,0.03964896039922907
41346,0,0.01912938904254065
29311,0,0.030533273045177885
16847,0,0.04090295955402889
6859,0,0.03749983836266767
37094,0,0.029342284254688968
4957,0,0.03174759813850275
16712,0,0.026393530013736972
47635,0,0.03242043753369914
25044,0,0.0319618087861577
36885,0,0.022268636518227917
32834,0,0.04127241046845903
356,0,0.04027635975969646
29631,0,0.15374031948927375
33336,0,0.041093405357832694
3834,0,0.12401617706750588
29844,0,0.04059952055221122
8781,0,0.019595813805111436
38727,0,0.01913781569763797
27133,0,0.02933775487838285
239,0,0.03985882681257885
8969,0,0.04085681912578981
46889,0,0.04080029701655759
36200,0,0.037659270765241504
46805,0,0.041221396429550895
10311,0,0.041279993693167365
35056,0,0.03194694386162255
5974,0,0.0321683952270192
26664,0,0.03133924233677421
44459,0,0.03168025742580971
47658,0,0.04108459834647466
33865,0,0.030679172931417736
11729,0,0.0518726914502129
30756,0,0.02727926497350461
5503,0,0.026518465929966487
14382,0,0.019088305159671037
20756,0,0.028841653258703352
26790,0,0.00589845215658952
25506,0,0.02220606462456142
21204,0,0.5494623125397584
29829,0,0.05193665341320186
45466,0,0.03756616432284698
37904,0,0.03270701810350914
27201,0,0.03231485680761531
47179,0,0.04622319673430552
25504,0,0.034275240302109336
35976,0,0.022168444889914034
19173,0,0.03154670892781496
7930,0,0.0404919978568753
47960,0,0.04117085624643025
19909,0,0.03179637902740437
22394,0,0.013740099358353254
5319,0,0.015731335753505805
45170,0,0.029583901782423462
30041,0,0.03157312189116922
13692,0,0.03794471888316093
24885,0,0.3815055827822615
33877,0,0.015212751260661425
34936,0,0.03794965921678076
5583,0,0.03441481779652131
22148,0,0.014491789263690479
4399,0,0.038171504591570295
45131,0,0.04131801383176446
5558,0,0.0413729440233448
44695,0,0.020559937390128156
15088,0,0.041156869009681823
22388,0,0.03634843955790163
1668,0,0.041149220383981985
17764,0,0.03973319632020314
20964,0,0.03800923716661612
27832,0,0.03235919902771111
38343,0,0.04083480768669869
11172,0,0.019701549767005135
34034,0,0.025134650536773842
46719,0,0.02212223777219236
39812,0,0.030353791989306513
12550,0,0.04109912489838199
45941,0,0.0406860447547214
46941,0,0.0328753333830913
35127,0,0.03191923940367701
32667,0,0.027480720231639708
18239,0,0.04110373100100935
12874,0,0.8249674743228765
33004,0,0.035670602625579896
39306,0,0.03948563629261632
11602,0,0.04118111434739073
15072,0,0.027616419035922785
10045,0,0.009623256571257276
7606,0,0.027869406439684854
13980,0,0.056435071724106604
47839,0,0.04127108000738627
4667,0,0.03990193782888085
28131,0,0.030031455973726365
6684,0,0.032003201011456796
19096,0,0.03780110278581312
36286,0,0.03138914490152835
27704,0,0.041280294957392834
18697,0,0.032605549252397704
22432,0,0.05551765800434067
15745,0,0.014056430400995476
26527,0,0.040948301382607216
33998,0,0.040614766971886866
46732,0,0.6696946475087131
37283,0,0.041337317154440785
35741,0,0.029190519206275488
46160,0,0.04069672024771274
41830,0,0.02309743051773419
35481,0,0.03093521149435469
4282,0,0.031684321429009586
4133,0,0.040959806205054954
4506,0,0.06062850880628801
22773,0,0.04093234844396232
41818,0,0.0401736252408119
34488,0,0.015428780556524834
18637,0,0.02944239511376261
10635,0,0.03821490049991719
17297,0,0.040605642950474585
38191,0,0.029955323320540673
27805,0,0.03870665737606893
16204,0,0.041228791621294746
38414,0,0.03758058568019126
865,0,0.041314420999604334
26381,0,0.03213659381371909
38486,0,0.027093782230830483
752,0,0.02645685958144699
5732,0,0.041287601394926154
15529,0,0.026088157355608738
10204,0,0.019197212067190494
11600,0,0.017106916661500687
24016,0,0.03912542789181365
5350,0,0.026458198681929154
3410,0,0.030959280371423155
3810,0,0.033202691694385764
17507,0,0.04062230338192236
26283,0,0.041056733953765585
21113,0,0.012586040241614142
13335,0,0.03596352515490847
27950,0,0.014815013865976242
7178,0,0.04123482011672507
7383,0,0.0216039497747411
36454,0,0.04114965775184548
48089,0,0.038933170079665215
30187,0,0.037661920655076515
39825,0,0.032263462108584426
48543,0,0.027731236849232083
45420,0,0.023091584309329408
7948,0,0.024774386688695794
37672,0,0.0412070430626746
9893,0,0.03211403323616196
15857,0,0.03961809110673665
11996,0,0.04069611167021734
33655,0,0.019563406479872574
41682,0,0.039904040542846575
45598,0,0.03772705252884657
43563,0,0.04060922531301247
1563,0,0.04020160407625204
37837,0,0.03103205968480303
7215,0,0.03880196778843103
25345,0,0.012119683765110136
44893,0,0.040349563562450556
48297,0,0.03246514328216418
41953,0,0.04115327213472054
42442,0,0.04086929464199097
39791,0,0.04073691568669943
3000,0,0.03957646949528987
22283,0,0.028415925155371398
36585,0,0.041159065994587504
6972,0,0.013431977284724034
19689,0,0.021771819775109735
12844,0,0.038814552668219315
22947,0,0.0724589086265012
4885,0,0.021465607373115456
36557,0,0.0408641149048424
26551,0,0.0351335283493203
32472,0,0.023530463987478614
19777,0,0.03201700580260681
12309,0,0.03252120296155696
21572,0,0.04008783390852125
31962,0,0.0555615679184025
42066,0,0.03199661386425724
20713,0,0.041188195323710076
24164,0,0.02622611500422883
27243,0,0.04059935051408899
38322,0,0.018397786421592417
13500,0,0.02383852410775388
9081,0,0.032383324648484806
13474,0,0.03457414974274438
45653,0,0.046254119145437
3752,0,0.038042199636081714
27264,0,0.04116880962228991
14014,0,0.024853777854948383
32498,0,0.03190102467850276
31150,0,0.029160054704609396
22421,0,0.03242973831959127
36228,0,0.029990012661045746
17901,0,0.03233809391069136
35312,0,0.03776900383006546
11369,0,0.3135295143021747
37691,0,0.03764333345857341
45151,0,0.019593481893882606
41140,0,0.6470633401529117
21034,0,0.04129955888990459
14590,0,0.04127809509703305
14088,0,0.017111772407755202
34807,0,0.037657141770236394
23680,0,0.040678035145298316
37271,0,0.04114980309447056
9171,0,0.04090037290349199
31379,0,0.03151758655558695
13261,0,0.02690633830626017
18470,0,0.02263099515506491
3,0,0.04122281540849175
30327,0,0.03753825911418828
20163,0,0.04080643992852445
5507,0,0.0197108399840349
42464,0,0.03152381902365668
45972,0,0.27931259320651064
34821,0,0.03934345531981445
26478,0,0.039959818033862754
6508,0,0.03948260278565047
11165,0,0.03992901299081659
15927,0,0.07038992813860359
5032,0,0.040707823118582474
43748,0,0.03217112583784836
43282,0,0.031826747836102995
14171,0,0.03263525503481713
24338,0,0.038495186100891365
26747,0,0.03867664172305472
32564,0,0.04041265712965483
11579,0,0.023947031346169607
33173,0,0.022776161457829642
40902,0,0.04116107144659349
19898,0,0.04063108345744534
31559,0,0.03250072235649303
32211,0,0.040706592302436874
40720,0,0.040142717315546986
44980,0,0.026361506336745347
24421,0,0.041161803991151734
26865,0,0.03242716941390801
22378,0,0.03861949908514336
35323,0,0.029566579532247235
9028,0,0.04080733480138133
2308,0,0.032364467202523534
14566,0,0.030680650359941223
10281,0,0.03259211449389633
14611,0,0.04070660868911088
35870,0,0.03184607097590628
15150,0,0.036346485388513185
14137,0,0.02168714475591375
10546,0,0.03867422962553404
1502,0,0.04083601648059173
11722,0,0.02678162833026152
45255,0,0.7479534188875169
12089,0,0.019811375465249078
10052,0,0.03947198821270855
39456,0,0.04039827439365622
16772,0,0.04025192768595667
12502,0,0.03421577426413268
4246,0,0.02806563496264003
10889,0,0.04523338046763804
41572,0,0.041097822847003605
44647,0,0.03862361208405991
19062,0,0.015913022875860466
9495,0,0.03755719813883044
5466,0,0.040122679609922045
27644,0,0.013539973131332058
29673,0,0.03768654538986792
39377,0,0.7294223049180697
5162,0,0.04114764850080686
25490,0,0.0325667645842756
34683,0,0.04133107488253986
30379,0,0.032125611326000184
22607,0,0.03813439648795324
6119,0,0.03948814690250637
12118,0,0.030177641059027992
25696,0,0.005394189922381066
3345,0,0.03173521402816741
11717,0,0.037482248380009596
29598,0,0.027028101517398196
2084,0,0.04117610353981155
47824,0,0.04113400313930169
25413,0,0.03986671523958381
48738,0,0.02173898394770064
25460,0,0.02989615837704108
26104,0,0.030435712202889667
12794,0,0.02987147500713167
36565,0,0.0407742941381027
21289,0,0.018545695633789733
33078,0,0.03251031614540339
9864,0,0.028578489403640706
10014,0,0.0411508773352083
27749,0,0.04079738390721443
35063,0,0.023660844509246957
24489,0,0.040980940865552234
45448,0,0.04087557733762084
17098,0,0.0375797949169242
2270,0,0.04014042897313568
28768,0,0.0374694090264018
26115,0,0.029122844307210325
27160,0,0.029477261013208987
11823,0,0.03251898042541895
28088,0,0.03864779570732114
34264,0,0.0424886566882805
48964,0,0.02889031596658697
47031,0,0.03954051213975985
29289,0,0.07641122242495871
46641,0,0.038816698659618766
15103,0,0.015278893107307597
28848,0,0.04065002431386395
14198,0,0.03248549308770027
38242,0,0.040375365327494674
13498,0,0.04110434884449471
12712,0,0.04029373687677264
39851,0,0.04081679407646595
3900,0,0.0412700147266408
37720,0,0.029992023489354196
9980,0,0.04114329782956912
32767,0,0.023040055725403255
12541,0,0.03131836670412599
23038,0,0.04611718232591239
44122,0,0.011776531978628883
7018,0,0.04108280414658996
21083,0,0.041154318084563955
45898,0,0.04115659262892915
13487,0,0.02226326899180975
13529,0,0.041019386710843
48464,0,0.04080581152427161
49072,0,0.02988995734416239
39735,0,0.03220865942812638
17157,0,0.029067227235324154
45126,0,0.03616386560957792
38297,0,0.030784959590113663
14305,0,0.03165424609822327
46667,0,0.017941546849189197
10987,0,0.04089220019168016
33065,0,0.03708733055940377
16944,0,0.021368022406220228
28977,0,0.041293101425917834
30133,0,0.028405605152749685
48399,0,0.04064460300736845
40308,0,0.04039078634069361
39961,0,0.07431959319978632
26074,0,0.04101833753850453
36720,0,0.042890268183582395
38140,0,0.031107364303432864
16553,0,0.0409717067279458
23601,0,0.03076552622455912
14336,0,0.022210968266909163
31833,0,0.027312604122754745
15503,0,0.043918148595144715
14651,0,0.04126272247832425
40882,0,0.028653321519365414
19243,0,0.02438266514933587
16994,0,0.010918436693518467
46474,0,0.04109302517343668
42151,0,0.04064651594493415
10136,0,0.015310178236440616
36059,0,0.049709763780340914
27929,0,0.04014671361812803
32381,0,0.04137494587552799
33610,0,0.030632110061586622
17371,0,0.03862568799181225
24704,0,0.028451462189045377
6561,0,0.041219635958786326
14601,0,0.027147996953905525
6464,0,0.0311069153975753
49094,0,0.03560878034016729
14924,0,0.02177440139549777
31848,0,0.032175357104937186
41834,0,0.0347053402501685
13546,0,0.0401369195668707
981,0,0.03178835824682053
5224,0,0.05572260377041473
31316,0,0.02957786991369369
32078,0,0.03242673898270713
10179,0,0.02573690475392604
31816,0,0.04008955718073695
38692,0,0.03979391009999579
41239,0,0.02696923367580046
48229,0,0.029098458369387757
46565,0,0.03826126546952493
34062,0,0.03862806291787753
35740,0,0.041073200600468415
9038,0,0.029939915824503296
31039,0,0.028961195131566933
30414,0,0.03570019384092301
17865,0,0.0381635057712565
3551,0,0.037603587073648935
21315,0,0.04049481345084361
33334,0,0.03430178010843196
16051,0,0.04147816754337133
10150,0,0.03862787371600574
28288,0,0.021951384530506983
48135,0,0.028725670419520302
19392,0,0.034762568383890476
31724,0,0.041217651453761904
19162,0,0.03135537306411736
19669,0,0.02879375364469733
19758,0,0.028293488376104188
2627,0,0.03290115578783683
1470,0,0.037860687168120036
1166,0,0.04121632449708554
38373,0,0.024019400184365974
16657,0,0.03990115547893873
30500,0,0.04121428397642565
18855,0,0.04047919665117673
17265,0,0.038603419320036705
34806,0,0.03246690642715348
31908,0,0.7293512139436057
2922,0,0.020924135282158245
48965,0,0.04112166261042972
32663,0,0.041211555826434335
18377,0,0.035955533123369285
25191,0,0.03633940242005097
22899,0,0.03268702954453539
13768,0,0.032030380480323736
32497,0,0.03340809654251567
23859,0,0.14271008474006214
47621,0,0.2592394574902967
3094,0,0.04002768377230439
45002,0,0.038488875947041104
43467,0,0.022454900271346997
998,0,0.04129509880788395
48815,0,0.04099045922545748
23047,0,0.05597527687654344
41716,0,0.04032224955274447
42047,0,0.03467535174789172
33941,0,0.04122730070905803
6306,0,0.032182011958230804
29967,0,0.024629124063352208
45262,0,0.04082754152672103
13325,0,0.039773391870472824
29125,0,0.04082641507473799
38050,0,0.03747721113469425
13802,0,0.0232783932692196
5607,0,0.030360872631484605
39736,0,0.03236509692219604
42474,0,0.0396436466513601
1721,0,0.030319100835819512
8974,0,0.04114914618046836
32550,0,0.0408455243123899
47362,0,0.038314729172396866
9598,0,0.04104037456948384
2950,0,0.051947980199932825
44199,0,0.030696397163668784
15319,0,0.03287921577115162
36438,0,0.01969101322825396
19460,0,0.030256646418812684
48694,0,0.04093972586193221
42167,0,0.04102010300936394
38311,0,0.02897910272608183
36012,0,0.0061194425154765895
34509,0,0.0134788171453393
12535,0,0.029974775158868004
38385,0,0.02504586455063605
44023,0,0.03122242863715816
28864,0,0.010469839185526963
4921,0,0.01583275069035855
26461,0,0.03699274096758391
29903,0,0.03257479828201602
43785,0,0.039762441475811566
5886,0,0.03634153792814779
41782,0,0.04068627962138498
45382,0,0.04090904748053866
20838,0,0.04071039254861544
32889,0,0.03145928902427611
39171,0,0.030753725337368334
6763,0,0.04043865866647726
23800,0,0.04059143365486339
31946,0,0.06060414486099641
23089,0,0.037875131703313886
5971,0,0.022420815323641125
37024,0,0.03964689125244383
31121,0,0.0318041626301104
8624,0,0.02861992451698221
38010,0,0.040675356947315104
37342,0,0.012764440682177478
41730,0,0.040951599766729144
7733,0,0.038263277792117564
28691,0,0.04127984958465425
32639,0,0.013234805474057003
46155,0,0.039099246053210975
3004,0,0.031970300804438224
26760,0,0.03951544469981576
13603,0,0.03298421772489552
5331,0,0.02234934422974488
8663,0,0.015678985815099772
19642,0,0.020068801159796538
1034,0,0.03765786792195001
1574,0,0.041169483004598884
12936,0,0.031053445065673528
42680,0,0.03243184383431602
42987,0,0.03234427881224856
44322,0,0.014934866653119836
8417,0,0.03868684518704996
1770,0,0.02869195538954963
48102,0,0.035932265085464606
24245,0,0.015713406891655773
12222,0,0.037492636472050755
13516,0,0.028835530993361263
33068,0,0.03242188404117576
3291,0,0.039782870375668425
11239,0,0.02175524481040042
35542,0,0.056398355076246895
27182,0,0.03769741209807139
20009,0,0.027350892356516436
5569,0,0.018783248423321523
30710,0,0.04139750563118092
7495,0,0.061402816561386867
31244,0,0.031000315301247777
37919,0,0.040668191407551076
26208,0,0.029782790428198907
24769,0,0.036392399254070715
3771,0,0.0402898546998976
8747,0,0.02331414907873785
16143,0,0.03999291350443809
23208,0,0.028791481763751913
3408,0,0.022682724013098163
39661,0,0.04107928816239116
45957,0,0.02944434091701173
16195,0,0.040484547948633015
13577,0,0.0411361820011723
36542,0,0.028177407990908017
10922,0,0.031559509084942663
10945,0,0.03590547330916533
16535,0,0.04066307074085818
17726,0,0.040978998863463734
29034,0,0.021660288275790977
41737,0,0.03206264014288477
42734,0,0.03580846036708202
17352,0,0.04012763147483975
3800,0,0.0287956796341111
34480,0,0.04061734877940389
30804,0,0.04127446638772575
303,0,0.0341040291620901
34791,0,0.034134123461697786
40512,0,0.037839881389468685
26658,0,0.03914255961990537
35723,0,0.01459995500192615
48204,0,0.027770935165172945
40964,0,0.031159737238997016
5729,0,0.03808173144509955
21806,0,0.04089146983269912
19216,0,0.03902191218576282
3855,0,0.037478147147881974
3117,0,0.03476471585661759
27526,0,0.03248435222454376
48584,0,0.009517769049845618
36080,0,0.03965052868688135
5244,0,0.02765773792614921
7116,0,0.0560086630267391
5845,0,0.040414930842169294
29862,0,0.04031604012089845
40193,0,0.040960947736057816
9177,0,0.0408918281093564
48683,0,0.03240930270761783
26946,0,0.021818463001006025
31189,0,0.038810138865104336
12882,0,0.7577083166726551
33756,0,0.031231095757871374
5393,0,0.028669568252455303
2290,0,0.04096033407395971
25616,0,0.0324972489106622
24360,0,0.04085663577765572
24915,0,0.02886478570050916
6675,0,0.039894325114937436
12816,0,0.01987752216948274
30518,0,0.03906583734183088
6294,0,0.034023929083648055
27068,0,0.039026900201949814
44691,0,0.04116092765196687
56,0,0.03979946620150413
6216,0,0.04114133481598964
36538,0,0.05550196482526088
39539,0,0.03767443509997932
5064,0,0.06049639499079185
7014,0,0.03241430255010497
19433,0,0.04123257325999607
15037,0,0.03961029359292033
22136,0,0.04091483286446663
10533,0,0.029969093102962543
39025,0,0.04112334874140226
16630,0,0.03255624748551563
23604,0,0.07268260790137573
40901,0,0.029782637258616348
2822,0,0.04030487734167482
34655,0,0.028724542197452248
15592,0,0.037680080483944396
42343,0,0.04068283815893694
5515,0,0.02912170919678785
48936,0,0.03766672918738594
10846,0,0.03939560891938929
15447,0,0.04095938768310327
42158,0,0.028076867776807374
42045,0,0.03710714081855625
22348,0,0.024852798952602458
45060,0,0.040894560124080014
3854,0,0.03764301819055254
1477,0,0.03863542286473042
22827,0,0.03952142157980991
2645,0,0.038012464809886105
299,0,0.032513761965472746
40570,0,0.03965839325281654
40569,0,0.041308361728546295
28694,0,0.02615360617820812
5228,0,0.04133115857091881
36011,0,0.00915195564516271
24794,0,0.026577214398611722
42337,0,0.041319763124011935
34041,0,0.03237545692077249
31149,0,0.036984377877671074
9165,0,0.010683603539042495
40364,0,0.03961803775101224
34715,0,0.041133897535101355
3914,0,0.0374785613015533
11977,0,0.03937930522183371
11819,0,0.031439270527377786
36512,0,0.04063823172611954
18775,0,0.02567141442529424
513,0,0.030668233108332884
2871,0,0.04018396129999388
407,0,0.041108481056519916
15342,0,0.04120639251308137
23478,0,0.02902231650827491
32240,0,0.03978191942586034
1269,0,0.04078510644389457
25693,0,0.011510063836532107
21253,0,0.04113605134498157
4355,0,0.03978271354558094
9173,0,0.03897913486634978
6364,0,0.03136360963581016
33708,0,0.03987638858309465
44431,0,0.03823352945461053
33036,0,0.038745665334403157
14888,0,0.032493350998251486
6088,0,0.04063219643973594
25765,0,0.014828324031048641
34964,0,0.03159832720062726
20902,0,0.04121929428084286
41926,0,0.03230127988889059
39823,0,0.03107494395725752
21133,0,0.04121879003768334
34377,0,0.04056973833159771
11196,0,0.038900987668459494
1860,0,0.0407447538639215
19878,0,0.031657559742336736
41863,0,0.04123184010379049
3123,0,0.02332702536543017
31539,0,0.027999058170131413
29434,0,0.02173759737461768
35683,0,0.016581237293681782
45672,0,0.03747283236049062
36761,0,0.035167828572504764
45651,0,0.02371442799181559
17026,0,0.03834018324881117
45527,0,0.02822151939570365
29894,0,0.02117000583728429
14078,0,0.027265934619112808
12543,0,0.020033695437100294
7941,0,0.040868088307544924
36022,0,0.041149589130676775
18991,0,0.03280208747816311
19247,0,0.023323149845948934
36729,0,0.04055699405898611
18735,0,0.04093051264512362
22129,0,0.02215271386907605
40536,0,0.041138973716799775
3026,0,0.03933659371020677
47694,0,0.04036258987118621
46908,0,0.030290190703914917
15233,0,0.04117591077901941
44879,0,0.041214126138640034
45438,0,0.031399199679301576
44612,0,0.03957631113994307
21566,0,0.031705079931133834
4815,0,0.04104518446425711
39003,0,0.040832872061392814
33366,0,0.747883400554865
48316,0,0.07240160326862628
31981,0,0.03991849462917402
43947,0,0.039462677406343405
4441,0,0.037869696387346025
40543,0,0.03237349595321436
20492,0,0.031552509942721144
16174,0,0.02777958825157355
19526,0,0.034641422447395986
32321,0,0.032193207299409055
29674,0,0.031728258982381914
23029,0,0.029134693170900616
13604,0,0.039567496048197606
22891,0,0.04134391417700562
507,0,0.04069207541377634
3565,0,0.024140489473984776
18095,0,0.04051796507837766
8413,0,0.04110165007177612
9219,0,0.012753350865557924
28588,0,0.029697566632873724
20497,0,0.03455944595381007
47684,0,0.03981800741413221
42500,0,0.0326650160586105
17848,0,0.03813479772440911
36896,0,0.04132364547168405
25083,0,0.04075580039890604
17142,0,0.04046340435013539
1999,0,0.04122637657737989
6876,0,0.024662997660160096
27096,0,0.16265566235600035
30938,0,0.03153089865705542
23940,0,0.023639573589025117
5063,0,0.05517092547050992
25540,0,0.032355551161718475
30085,0,0.032312677406946745
2228,0,0.03836779084516481
30516,0,0.020619670531507917
37792,0,0.04109701031175342
7658,0,0.0412153455979653
39842,0,0.022786371699702865
23740,0,0.02812296041698096
10686,0,0.03250342663134344
27752,0,0.02639144006044987
48836,0,0.04154815028406851
36536,0,0.0413831120747066
15897,0,0.05492099850549855
45606,0,0.030967907944702354
17131,0,0.04105997651622948
18603,0,0.037487183976442184
33644,0,0.02228828312702259
1803,0,0.028884996208599766
44339,0,0.040945429367123226
25246,0,0.038723228819893735
8459,0,0.0412725680365834
49008,0,0.030279864562085486
28234,0,0.04009632579377549
32160,0,0.037940516451346266
48579,0,0.03958173410928778
28718,0,0.037992554613326214
11797,0,0.04071193974251293
5257,0,0.03999675148716129
17114,0,0.04121079509622496
22527,0,0.7119965852844098
16136,0,0.06150331215481875
36258,0,0.02957447327429368
39580,0,0.0388492706147612
15812,0,0.030080614881725594
12365,0,0.03142906553074367
36125,0,0.03799643844399992
33828,0,0.040077948550188355
40078,0,0.027159781661615246
47550,0,0.03946121858579347
42992,0,0.03989521091919728
8105,0,0.040909058349453985
37090,0,0.02861529936886557
48767,0,0.027986034661166365
41411,0,0.03843584279516322
38064,0,0.08767668118067173
4637,0,0.031191932655821524
10086,0,0.02174285966953091
46529,0,0.04068117527251652
25630,0,0.03785978322711555
8137,0,0.031914029199631516
39725,0,0.04102062884437814
31203,0,0.031701610912229616
14934,0,0.038920755372437096
48431,0,0.041132653381408035
3021,0,0.033389381220755784
46514,0,0.03963241100913454
8262,0,0.028631519235912256
19747,0,0.026605228060212923
39415,0,0.028739779260578628
9490,0,0.14147358118331377
33053,0,0.04123523874988573
44685,0,0.04120928709321976
42159,0,0.03999184991336191
34347,0,0.04119282116401128
14037,0,0.039756818654551745
39682,0,0.014960720093979557
45747,0,0.040707935080966436
47005,0,0.021831574157073083
2669,0,0.029802110950085146
18325,0,0.04068100691242645
7049,0,0.027064298876252068
43172,0,0.030385362321795176
33776,0,0.04115453023275255
28106,0,0.041204976867152215
12027,0,0.029358099178094347
11922,0,0.03166373770223504
15419,0,0.040467456912697895
48828,0,0.04012882409657614
7319,0,0.032181228634997096
694,0,0.03062263152612251
14615,0,0.03875281851194106
15313,0,0.035536076790539564
13670,0,0.03095177876267059
13842,0,0.04116557426148248
42967,0,0.03913911893903339
22630,0,0.04132523263880641
45244,0,0.04119302557120762
27738,0,0.03445764769396804
9358,0,0.039819637863929884
40735,0,0.027579561338812043
17592,0,0.04127595896659847
11323,0,0.03944134845343199
21495,0,0.03769183152420374
34192,0,0.02906710667823451
26626,0,0.03949852954723206
48930,0,0.03905869557121855
25285,0,0.020081870606322196
4019,0,0.04073605000132761
4467,0,0.028221537955344614
47567,0,0.03833520725899587
36996,0,0.030987386355757218
41069,0,0.039755287573038124
39473,0,0.032524717344887745
34032,0,0.04086759812446168
32965,0,0.040918729003026635
15711,0,0.03988572623442861
11398,0,0.030843197032128775
34391,0,0.02068739869704788
33798,0,0.03836068261120389
25331,0,0.04097155845980114
28192,0,0.026495009730989224
3160,0,0.040267612070211546
36179,0,0.041062799575693754
22413,0,0.6479741803600888
40607,0,0.04109857486536313
36068,0,0.03230877320332743
11440,0,0.0406424243337969
35476,0,0.024407491881703387
24316,0,0.040612931281823555
9473,0,0.04117896092610799
26277,0,0.04071291553150686
40374,0,0.03938152680178758
10900,0,0.04131188748857353
13496,0,0.03812913755177582
46293,0,0.03935548276656628
29056,0,0.027116303153144748
16924,0,0.034140149399670604
42919,0,0.026458211312201378
34753,0,0.0311765981921318
14914,0,0.02070295494236804
13391,0,0.03019231498314355
5090,0,0.04159178300126346
35110,0,0.031640770044530954
4327,0,0.06182623027239011
37005,0,0.04117396795428685
23092,0,0.02359687985357981
32253,0,0.023462855791395554
35582,0,0.03259007957578551
27061,0,0.04147844755263229
42007,0,0.04115055136465856
19551,0,0.03466224095327175
46549,0,0.0368500879471728
18722,0,0.041301313786654775
2116,0,0.039892632185334814
14412,0,0.037834780605207695
46424,0,0.030683152348668
12130,0,0.03968136677888097
34869,0,0.03785579405515332
4461,0,0.03816659696993671
36878,0,0.039552822373281935
39090,0,0.041173970478017734
31561,0,0.0356115651944215
37991,0,0.037491530007597675
11918,0,0.04086723000235994
46571,0,0.041058650867803775
14064,0,0.04115874031953738
46786,0,0.03261667634525266
37844,0,0.0724375301981465
28676,0,0.028788236362722954
5209,0,0.04061364116900601
21795,0,0.035920470022733665
44009,0,0.041324979719278024
26239,0,0.03753710899115537
9451,0,0.032334352970555154
44896,0,0.8251604981504204
43800,0,0.04083559507615404
1422,0,0.041055734749680585
39116,0,0.03810273354953163
42562,0,0.04056614502107629
33138,0,0.04096561327092928
17049,0,0.04058813641846414
24098,0,0.020797015099956344
38664,0,0.010905246870478029
48813,0,0.041300477496703215
24202,0,0.032619587363914966
15930,0,0.05124847128247378
36156,0,0.027911695568012835
5738,0,0.037643075228241576
7468,0,0.04042165953249645
39378,0,0.031020665749016713
43886,0,0.031579172157580396
21908,0,0.05622374431379649
19501,0,0.02159264986791291
25440,0,0.12483383061307876
16968,0,0.031782160886821724
32877,0,0.041478683834010655
20652,0,0.03041096695708789
23633,0,0.03255096004770783
5573,0,0.03755260854271041
35569,0,0.04118632428480912
1136,0,0.04000723722645901
45526,0,0.03910973157337541
42653,0,0.029570785594087497
42364,0,0.03200876903773088
35356,0,0.04111971817329746
41532,0,0.02225288464335282
32198,0,0.026920479815474872
6066,0,0.03252998356298018
4312,0,0.041170835901921436
11409,0,0.041053971078993376
7968,0,0.03838099383636008
19955,0,0.04080106014501136
42723,0,0.037865095113767365
46121,0,0.03889865864113441
45085,0,0.04473934471069093
9348,0,0.03939844088748053
31058,0,0.03172477513767674
18660,0,0.03868604323961458
23128,0,0.04113218396575094
22840,0,0.04121565526608664
44188,0,0.05508446366524576
28194,0,0.011429701785290928
41461,0,0.0324647863096648
32403,0,0.04134190468976839
41724,0,0.030187664056720288
81,0,0.03700406628024127
42108,0,0.03200037035849077
1752,0,0.01623180710542807
9189,0,0.04120718716058969
45391,0,0.011092179682566941
43776,0,0.032607984379134015
44807,0,0.04012459081663615
22943,0,0.03972763166104774
11618,0,0.041121339563100615
3816,0,0.039497306309348515
22799,0,0.029765631124319267
10575,0,0.041608916417484744
21056,0,0.03237471897288227
21050,0,0.038377307816367494
27620,0,0.06116025840105606
23086,0,0.039394081772025386
34850,0,0.011039031433284963
36621,0,0.031598112227879525
24661,0,0.040809618576124244
31403,0,0.02961334297806835
48754,0,0.23807714998008356
33525,0,0.03940194148217879
11046,0,0.04056838887920663
48050,0,0.03182506494338439
45576,0,0.04014642307564225
5763,0,0.02961563941458692
38166,0,0.06182006951665938
28805,0,0.03229906898636395
24361,0,0.03199639689501251
42560,0,0.03663701502632047
24680,0,0.04021862160773756
15424,0,0.039816079327631
10272,0,0.03198436305821065
26446,0,0.0408554073417817
6442,0,0.0385133255256392
22227,0,0.04096147759334005
26944,0,0.028777905812917406
11051,0,0.040505503799176446
20928,0,0.040852358862648736
46413,0,0.040919054686214956
33584,0,0.03750228430593701
45641,0,0.0379271456811376
43348,0,0.040620531178690994
20294,0,0.03173312683778427
13733,0,0.03215960245332136
29453,0,0.08704845763650972
25319,0,0.027580348074049753
13196,0,0.04139653437303212
32455,0,0.02873081163092362
23804,0,0.027035416424316182
6793,0,0.04091451094494443
43051,0,0.040841977864186925
19479,0,0.027019808076292357
16492,0,0.021490795499175444
17008,0,0.04118681593212293
17815,0,0.03310670534529592
36413,0,0.04013162102219137
26532,0,0.039439315232772325
37552,0,0.0377918380341
40887,0,0.04105768999617389
22847,0,0.038929200809720566
25651,0,0.0239796939481173
35595,0,0.02597386213138167
1843,0,0.037489556669568845
8494,0,0.0319577994571054
47758,0,0.026761839312400823
18958,0,0.022912537553761252
349,0,0.040583706289008974
30511,0,0.04044816586580331
27860,0,0.04067654917102432
28087,0,0.01938002156260471
26161,0,0.03785855314395315
6980,0,0.03991284689393816
34045,0,0.02409194240260193
31601,0,0.041166648303343746
15667,0,0.03818919977918123
38771,0,0.041298675108865625
4658,0,0.037749107416085184
40494,0,0.034231866359994007
3166,0,0.04115155713348832
38054,0,0.03755879574243085
32676,0,0.03192499580873673
43034,0,0.6912023395846925
3660,0,0.04126367614575593
28701,0,0.029369468252491017
171,0,0.03851507661677763
47765,0,0.03780983325062207
1976,0,0.027508279277400537
21726,0,0.04123306332793388
33227,0,0.04129047215097633
35538,0,0.03224626626269709
3751,0,0.040485340873358325
169,0,0.03198490867870063
41710,0,0.040192612443559164
6629,0,0.06880952302895364
7609,0,0.041154652138783394
44241,0,0.03754624895377028
10221,0,0.03709042136468677
23600,0,0.03588916478864776
23436,0,0.03011806649977163
28059,0,0.02384694451272224
15114,0,0.038909740505076146
24611,0,0.04064555890267567
20138,0,0.039816562430589564
9625,0,0.03561999294494356
20669,0,0.04115661453994249
40139,0,0.04114091873605395
10046,0,0.03495611176836466
3890,0,0.03761228411967875
21503,0,0.06060384450998019
9270,0,0.03464182945428047
46053,0,0.0403931081899693
37239,0,0.032424447887149356
15122,0,0.037122236811106
37784,0,0.026950498906887124
42181,0,0.03183854368533463
36009,0,0.037375372007774035
13336,0,0.04123730412095451
31508,0,0.023330945182778423
19234,0,0.028463720097887765
20325,0,0.014599967760503412
14186,0,0.02662040794443908
3488,0,0.03980919451110855
24468,0,0.030032363955197202
19158,0,0.0376171900987126
24601,0,0.04041991474372898
10952,0,0.027482236944935273
42778,0,0.03204070187376149
48792,0,0.03749164111284948
8566,0,0.038832100023162106
44045,0,0.015397363039306538
18841,0,0.02086382573208414
24024,0,0.032052080536039466
29947,0,0.04145979230579647
25009,0,0.040397615980271966
33523,0,0.03824297248026017
26063,0,0.03172169152562969
47512,0,0.015496445920506578
40833,0,0.02858540088275241
16077,0,0.021364195381235927
10758,0,0.03884653556742605
42247,0,0.034890673733494866
15727,0,0.03950403997391173
12117,0,0.04071383514286561
10986,0,0.0383311372275669
21844,0,0.041066343109343775
15560,0,0.041239559069124666
18093,0,0.04122279875692564
482,0,0.04104188915073223
37187,0,0.0264584831315537
18294,0,0.029886880422596938
17802,0,0.045779451584749824
43637,0,0.0395937670638176
12798,0,0.040837719131288544
4095,0,0.037845956536084045
44179,0,0.0411107279151166
6321,0,0.04042732646945583
19074,0,0.0405029695151467
15044,0,0.04130682206511635
1082,0,0.03223474226563141
40677,0,0.0318110298755261
26132,0,0.04085821701988711
32784,0,0.030736125260070295
47139,0,0.04138419662036636
28923,0,0.04117624358853857
47793,0,0.04134629603127834
15251,0,0.04115281158630288
22453,0,0.04089864694701007
30468,0,0.04071646476653528
2867,0,0.03273844465082054
28753,0,0.04079031143413858
36726,0,0.03839692243692864
12012,0,0.03817390535860207
43249,0,0.03963382293664548
33329,0,0.0374898297439101
12479,0,0.03774802518214265
41983,0,0.0379320021240221
39596,0,0.03180684767616643
10448,0,0.039025447331973065
15972,0,0.04123372816326676
25542,0,0.02929696549822648
10294,0,0.049878493666895354
19235,0,0.029996864481179174
8860,0,0.045224859784708846
8126,0,0.023605388858971593
34424,0,0.029576512135718942
28105,0,0.006468175526333579
5240,0,0.027186993523696665
48627,0,0.040887902741385686
39224,0,0.021017561265560206
3820,0,0.04077015180150403
15877,0,0.020044400650073207
27085,0,0.03834248281920066
17820,0,0.029449070089600512
30018,0,0.04047335543137554
17715,0,0.04109393513353997
24103,0,0.04095862869481704
7101,0,0.041135065590029087
11100,0,0.0263421577600733
47990,0,0.0359562138827018
10183,0,0.026750148326375827
39300,0,0.016406406954832465
20805,0,0.03992906530429867
25042,0,0.03047012982483341
2000,0,0.04066077861393978
30976,0,0.04159037535877147
23240,0,0.02071959517871278
18343,0,0.030019771149404552
12455,0,0.03342054024068924
12557,0,0.04120423929722288
44246,0,0.019439543343194855
20531,0,0.04040659384346072
42468,0,0.04039202655008535
14445,0,0.027473250650974376
37345,0,0.03378272933339387
15524,0,0.039442947814075605
5314,0,0.041158321364998654
38100,0,0.03263214867719154
470,0,0.04121169868292871
42041,0,0.03777916635865208
35193,0,0.032447010075862225
19555,0,0.031377468173397455
30914,0,0.041205133927852675
18356,0,0.04025465263552461
4820,0,0.041065296375624595
32740,0,0.041203493680396205
16595,0,0.03985128146122691
17931,0,0.06908267091333785
38097,0,0.041158988754635674
2299,0,0.026354046440805728
9499,0,0.025542611061108268
18998,0,0.03866149110998025
41941,0,0.05220438573510835
24566,0,0.03890048446253034
8838,0,0.5236626872330371
10742,0,0.04086784814819787
21926,0,0.0396603969965402
22517,0,0.03809874502568945
2041,0,0.03977395356484671
1638,0,0.0265047613080371
48841,0,0.038656995941889094
15189,0,0.037490273164218435
26518,0,0.03588687970989698
47924,0,0.04122567858843488
35126,0,0.041173482530600505
16541,0,0.034288499741637106
3688,0,0.039819987957987475
23302,0,0.03136710638851452
37531,0,0.026422215479734185
14815,0,0.04109579740130293
11837,0,0.03228474994121745
5752,0,0.041040636536490774
17770,0,0.02776460878954534
25995,0,0.0395016693798592
34708,0,0.03769044080310119
38710,0,0.03942265221882226
45323,0,0.024415994380078958
37762,0,0.03793128667650998
23786,0,0.04370594532541049
8994,0,0.038466588623768165
40933,0,0.03700752958753346
42557,0,0.021840596685764047
39573,0,0.0325858723252012
26847,0,0.027889102701010804
24461,0,0.5328057675842116
10885,0,0.04113357674304815
937,0,0.03967154362448113
41333,0,0.024525649106910973
31003,0,0.03209627374655359
29516,0,0.03025590464483194
48458,0,0.03229535545715289
22906,0,0.03754297435106715
16534,0,0.0321557383833875
12162,0,0.03840887254689629
18911,0,0.03691967947143132
34700,0,0.04117662511300604
32257,0,0.030652226623980074
46744,0,0.040908245712661835
32847,0,0.03970899870735553
26236,0,0.030897326833379434
42812,0,0.022474040192248
14510,0,0.016902035708241985
5781,0,0.027061539233471956
32896,0,0.0319051923505751
24320,0,0.03205480688866194
25190,0,0.03832708624206513
13699,0,0.04093627241216897
44112,0,0.036980969417862476
48561,0,0.040416285324762755
18927,0,0.04123284846487848
11309,0,0.03120982225845959
45566,0,0.03802918647803285
33146,0,0.0022410625193525994
33242,0,0.0400161235630699
11059,0,0.03872474607845565
6432,0,0.04062601843218791
21148,0,0.04129082062223978
39427,0,0.03518584890308829
2870,0,0.04057740334226542
11919,0,0.027830217650694707
31063,0,0.03854158656140092
25187,0,0.0398914547185841
2823,0,0.010597822781942427
20495,0,0.03267010264841523
20638,0,0.03519106326077141
16618,0,0.03671517926245674
48595,0,0.032769832517338025
44316,0,0.03761915353234814
23818,0,0.02256078660029511
42481,0,0.029735523548626366
44940,0,0.037678840933547585
27737,0,0.5492401898788101
667,0,0.04083615819172741
5810,0,0.03217127885466675
15806,0,0.03251215326439122
38714,0,0.04103807737633133
8385,0,0.04030879274117777
24708,0,0.02388455563442923
20521,0,0.04011262559600542
24655,0,0.04095506199913567
45696,0,0.0401235012598302
25607,0,0.026819978327609694
8234,0,0.041146599316119054
33845,0,0.03989214489627259
5247,0,0.040828531089481555
16173,0,0.04117008327572666
45833,0,0.03749948553438148
26477,0,0.032310624260789546
3318,0,0.023263147038719574
13241,0,0.030361232301365965
18378,0,0.04131939804798093
20519,0,0.040526148954736475
16736,0,0.03215697582597263
44500,0,0.03758448711362811
31027,0,0.0407093588137917
22875,0,0.04120099190780382
26320,0,0.03751977801988652
42156,0,0.04140697277297219
17981,0,0.014140605284982658
1816,0,0.04060483834253426
2629,0,0.0327658596401221
25532,0,0.04016483155052982
30607,0,0.04051970771029177
47432,0,0.032146015936673406
33889,0,0.029059581528110993
21444,0,0.027466863116150243
24369,0,0.027563015971671507
23389,0,0.0285007242961428
47527,0,0.039642930491599435
23426,0,0.040865854543855225
5255,0,0.023613887348892866
24562,0,0.6000462959255471
28347,0,0.04008224301121879
1946,0,0.04130380962154091
27276,0,0.03783753370328117
38521,0,0.03916203108741215
11488,0,0.02850783430386049
16123,0,0.030209577270519105
4800,0,0.03766812367723831
47252,0,0.04091688373755368
39105,0,0.03051350781732372
35553,0,0.03974326411180921
28067,0,0.027483224390316693
24623,0,0.6464778427777522
24767,0,0.040709948675391384
11421,0,0.03849935589104793
18128,0,0.017302514075796773
14748,0,0.1676897548999456
4650,0,0.03761457981629006
41823,0,0.03747565067072661
32596,0,0.02940755120317726
16290,0,0.02944747920973863
8330,0,0.04454935808979704
40121,0,0.03471619794518746
5487,0,0.04109882937099695
8383,0,0.02404727565990736
20279,0,0.04054618174739031
6881,0,0.03831358190717463
22790,0,0.0379473622137964
35959,0,0.015589148010163268
4960,0,0.03810449416887962
2912,0,0.03878152211242548
7564,0,0.0411822262481623
44104,0,0.03166088968710434
35212,0,0.03957102859496839
25516,0,0.031789312492944234
26323,0,0.030468736368170442
48317,0,0.023739801495995656
4076,0,0.023771285030872787
9256,0,0.029875477706182083
37735,0,0.03788161876042245
13035,0,0.04115916671621711
23127,0,0.041054766049387056
28008,0,0.04072246744199656
45548,0,0.04119057223614154
4599,0,0.041488262633063475
47598,0,0.04044515440802474
35537,0,0.04100362114504159
1733,0,0.03266318209693816
23823,0,0.04090429544664115
48485,0,0.0412899550167532
36515,0,0.04101835552652711
14459,0,0.02943512776856613
34591,0,0.031458033011900755
42645,0,0.04092095967972349
16663,0,0.03237445706135828
34148,0,0.04105202160393624
16672,0,0.03289533324061897
37527,0,0.0408310971251203
13858,0,0.039801087045190295
38937,0,0.03124380594571701
23098,0,0.02410521187684262
10433,0,0.020476490966514903
36845,0,0.019610984768963963
2267,0,0.013368360670480762
43778,0,0.039527929374144476
38889,0,0.03785332847925545
27377,0,0.037654340939699174
13075,0,0.031128269879163145
6824,0,0.029991274703936244
3708,0,0.05545302710483679
30889,0,0.04096984205118567
14538,0,0.038658279917399646
10886,0,0.029219945301391718
32229,0,0.024011122589428023
16621,0,0.027418678006148528
23366,0,0.04045402305681838
1985,0,0.9467381850098175
13551,0,0.031607080926145066
15954,0,0.049411886994757875
42688,0,0.035705536535872245
25617,0,0.038974308919005954
7711,0,0.04122067380353522
42077,0,0.028135366735276387
47766,0,0.03591200715274999
32245,0,0.03991942516392601
23438,0,0.04061579973599089
48585,0,0.009608328079980149
45513,0,0.03833496805136129
16016,0,0.029126452170503588
40102,0,0.022869382250340846
10456,0,0.04096115807206515
26107,0,0.021798774872975574
18547,0,0.04041599999120748
19034,0,0.032012672839389335
47701,0,0.041192436091189936
48678,0,0.04009336243290981
4736,0,0.026390944851530995
17200,0,0.04142113987225927
7815,0,0.04046750915208861
7745,0,0.03265670821956102
35593,0,0.029626389714230175
43627,0,0.02003187700360117
16222,0,0.010804788604192369
15309,0,0.041215509386558054
47091,0,0.030858968171226936
21691,0,0.04124682302336912
22547,0,0.03742464675446428
12963,0,0.03481754823308269
40753,0,0.015555427407844716
16539,0,0.02815522369964057
23560,0,0.032167332043588966
1148,0,0.03224537056824439
8186,0,0.040850858831070584
44117,0,0.04084948394000774
13587,0,0.04032692324124085
38182,0,0.04097026935792377
20643,0,0.041331412114594616
33108,0,0.02783391551888377
7388,0,0.05786645456216573
2859,0,0.02923599482048947
15515,0,0.01834700933508436
45848,0,0.0368788690822443
17624,0,0.040877314806037346
31972,0,0.04087170485832359
19184,0,0.041202386414505944
38152,0,0.04021020710311777
4113,0,0.04028108467411813
43337,0,0.04069589900288863
29602,0,0.040337310873570606
2709,0,0.041139262279942954
44606,0,0.03978610787755972
38547,0,0.04117898970804468
48234,0,0.031121113225312018
2424,0,0.06398596180957197
33379,0,0.038586356660361
4645,0,0.032218950637921594
889,0,0.04079417836587823
22497,0,0.023652129034059374
47425,0,0.01858152025320056
3702,0,0.04090124356421309
10024,0,0.14249073078610874
25116,0,0.03056720889896367
1187,0,0.038540221777357886
42135,0,0.040610459333783204
27520,0,0.04086310282681898
12626,0,0.034447333418762986
15576,0,0.03766021990712496
14634,0,0.038150319567501485
14276,0,0.040228436728387613
21636,0,0.015984783455008904
27713,0,0.020235607740562295
4592,0,0.03905865232702993
48438,0,0.04063937169781878
34972,0,0.03583992809986058
13306,0,0.041257682363856546
4504,0,0.041226618876865295
15214,0,0.026342974077389877
14061,0,0.03970238749587271
10102,0,0.03049834458133773
4181,0,0.04115927827449302
47976,0,0.02692821504866828
47921,0,0.022304201225756534
35401,0,0.03794557939092684
33818,0,0.032362238875446495
37074,0,0.041154388590016376
38939,0,0.03941160769598423
26064,0,0.029874588159024336
47703,0,0.038234136457426356
7054,0,0.03269941985000668
4353,0,0.04046880658879519
20271,0,0.023779778696078276
17118,0,0.019302831887747427
29507,0,0.0375044544382295
23921,0,0.04094427589654035
43527,0,0.029136972200763386
42522,0,0.040163949734127916
39481,0,0.04039728956083913
37152,0,0.03245004509976721
40344,0,0.03794526552617101
36809,0,0.02183844742291372
38421,0,0.04656120042830133
8775,0,0.032515215344435223
3536,0,0.036993509533652214
44851,0,0.0383418963572168
20655,0,0.17530275690293987
35697,0,0.04082022650900723
23502,0,0.0383978845804533
36331,0,0.041060729976860715
28457,0,0.0281733552631461
23634,0,0.028119182453585946
15653,0,0.035347090688338405
6349,0,0.02912417519784666
27916,0,0.029173443866027528
7643,0,0.0317354945336238
4018,0,0.03938216118565093
27086,0,0.03998585774666839
14328,0,0.030462919285515797
41261,0,0.029623521172730437
48331,0,0.03847798259458432
28577,0,0.031897018597620855
4892,0,0.02309690577984953
45004,0,0.03260225399102225
45321,0,0.040645135429971904
9349,0,0.04083642831391131
41523,0,0.022192183823550267
17891,0,0.03265184158939273
26696,0,0.04015757021674066
16052,0,0.04101083902151807
18067,0,0.03996444804189772
28314,0,0.04073894659076961
27770,0,0.03833214182309905
12758,0,0.04117767811337114
16591,0,0.03959049028840052
23021,0,0.031769103077202626
24499,0,0.029133194823924895
32250,0,0.049842931833270036
37466,0,0.04093264664264506
26503,0,0.031002066064173172
39510,0,0.03217280445304559
19515,0,0.04460746079093232
38031,0,0.031152585584561788
38199,0,0.03279344998482349
33626,0,0.030013399406652614
9310,0,0.014828249992396587
9198,0,0.037994622637429976
1564,0,0.021299780660954767
2024,0,0.03047303661211668
47579,0,0.02276824099384312
48896,0,0.03233809545572456
43933,0,0.029586513836550105
12733,0,0.026340533528308598
3865,0,0.02350340908570384
20117,0,0.010926242869918733
16773,0,0.038630781709591895
4087,0,0.04117174546605908
9515,0,0.015438309690948943
4111,0,0.03161444843219419
37230,0,0.04089481304050453
34552,0,0.04065065450817463
41337,0,0.04116420782698895
49059,0,0.021650926424715097
16559,0,0.04129542040744689
20133,0,0.0214063480033843
7301,0,0.036449362309683916
38996,0,0.03794081974238274
10247,0,0.040688143646533365
7545,0,0.031532502066452174
40649,0,0.02885049663090761
25333,0,0.03264554000618812
18732,0,0.03171479983582599
15486,0,0.038903481665495655
44875,0,0.0375421181604698
44472,0,0.01609522241440065
17522,0,0.038892985118516764
27300,0,0.03034642090916879
45311,0,0.03891232042665909
12789,0,0.03266501849984136
1573,0,0.04096196243102939
45784,0,0.039625013617850514
34778,0,0.04119358392417173
2317,0,0.04014257856689579
47213,0,0.037708697160692944
42174,0,0.06119830354376193
26488,0,0.032435567619981544
18219,0,0.03050796042762087
22653,0,0.0408523702327061
41736,0,0.024641867740349484
22690,0,0.03911685963530824
13712,0,0.028012036030706955
17754,0,0.02813584614684899
30891,0,0.07082540958111275
39669,0,0.041185247362081207
1131,0,0.03342413254996404
11137,0,0.03132327782657089
14765,0,0.0411731701141065
28049,0,0.03007687597314371
4051,0,0.03193435099223702
47608,0,0.044668078466708845
47201,0,0.03360468863455021
31686,0,0.02917502227277957
19459,0,0.04140336458637624
28231,0,0.02699119055994675
30494,0,0.03753483202706293
44651,0,0.029319852630729424
29859,0,0.027180470964335093
48759,0,0.03190123458589041
17260,0,0.04047647049631135
30069,0,0.030626153764454694
967,0,0.027539495774391565
8058,0,0.041117445063349654
1097,0,0.03454111838230327
7424,0,0.02913584870576664
414,0,0.02964997654861747
42933,0,0.061772443909310484
25814,0,0.02819353107363944
25181,0,0.02052303045578339
18662,0,0.04117484374454855
13579,0,0.039633216951771175
17939,0,0.03145494009562166
23512,0,0.11049110148371678
7627,0,0.03152950167959228
30014,0,0.03427643229699588
3063,0,0.04106563585311999
8569,0,0.040374944654826696
45646,0,0.03988516964195314
36351,0,0.04113923929695072
15040,0,0.04120369165286051
20943,0,0.03635167879065069
8282,0,0.04043174422532644
17672,0,0.03880154410493079
43109,0,0.0320535035792853
45931,0,0.039546473288293846
30418,0,0.04148153387217662
33633,0,0.04089266860880279
34983,0,0.03067432216827731
14431,0,0.04019007654247727
33995,0,0.04095267686663703
32313,0,0.02252212881249776
8063,0,0.040642850424763996
11755,0,0.040900367832058124
25055,0,0.040703081444314324
19425,0,0.04064100197484039
10116,0,0.03563156080254272
43433,0,0.0160697981176638
34832,0,0.051296901790303766
7068,0,0.03274289966672932
2359,0,0.029100494177629378
9913,0,0.03784495570137618
27661,0,0.0412183498490333
37797,0,0.02601658605204594
27904,0,0.032032224158505186
43445,0,0.03780098623379371
9466,0,0.04089919033429532
38070,0,0.03696639746535697
6704,0,0.04069160589997107
32432,0,0.02561816603689463
34222,0,0.035812722381037006
26775,0,0.02157722726521686
17949,0,0.04090569556781955
32838,0,0.03854593424550305
11707,0,0.6910424349090271
25794,0,0.030951639949036557
45907,0,0.03924508203200507
24162,0,0.03226566826755189
2001,0,0.04099226368221943
36638,0,0.06041468049935375
35575,0,0.022145951181463994
13231,0,0.04074969716464909
31008,0,0.03764355199039423
16523,0,0.040129411294615856
1323,0,0.03187965607694188
35770,0,0.03706018468535625
11378,0,0.045465074499917296
22225,0,0.03906184231588847
31827,0,0.06861430062082209
10275,0,0.03752369249502514
17293,0,0.019773896691475428
24268,0,0.03463545512180766
23852,0,0.803126728902272
5018,0,0.026750949278642595
6053,0,0.02781703183024461
11665,0,0.057452146559536524
32764,0,0.04117607207689514
14577,0,0.029991695245489204
36744,0,0.04101248807459265
8442,0,0.03228731506904792
32255,0,0.02001726766113932
8371,0,0.04141521412986484
26591,0,0.026942105271108824
2114,0,0.02916519350017709
28776,0,0.02144482187105617
33285,0,0.03763655450436998
37479,0,0.6901529530282644
19509,0,0.029184729035314997
37302,0,0.03551021281666638
25930,0,0.04120948013747966
21339,0,0.038930598651469986
990,0,0.04057736104071173
31208,0,0.04216989024883574
38200,0,0.7579623984672751
3058,0,0.028482461789403734
21853,0,0.017879573715978193
37059,0,0.0377047489075806
18760,0,0.04048213545360772
15719,0,0.03869088217815891
38048,0,0.015617338979516629
4952,0,0.023555248129367858
18082,0,0.037498135642399025
14505,0,0.020027307046942864
29367,0,0.030031205860626492
22917,0,0.04080637562431382
12985,0,0.03222246791259071
34932,0,0.037579184744600355
34086,0,0.04117541830798182
45222,0,0.03748249743767355
2225,0,0.04114133365823546
35464,0,0.040224986973338046
14470,0,0.04147722961198072
27150,0,0.028644567278982312
41367,0,0.03118309730911361
27767,0,0.04618679153950605
5719,0,0.039856201767068625
43837,0,0.03476150069723129
36254,0,0.04074016548047099
4394,0,0.03453331924079602
23618,0,0.032054822951744416
45563,0,0.04045463518457607
16914,0,0.04088663860693389
17786,0,0.03179617574838139
41843,0,0.040833420456922565
36318,0,0.04055417839449959
48507,0,0.023287649823887757
46483,0,0.04061264386406469
12140,0,0.03181094492304468
35565,0,0.03263629062398961
4325,0,0.040906809286204465
23865,0,0.04117120768532003
45904,0,0.03825156530514746
47314,0,0.031602921070716335
32397,0,0.0413933817090345
45246,0,0.04122286746954788
6138,0,0.028123294312936916
44853,0,0.018769847557873025
45961,0,0.010853550610611886
48691,0,0.038905680637630044
632,0,0.035145857922478894
12945,0,0.03194596932338087
17196,0,0.032358483882262395
16592,0,0.04029082798531028
36683,0,0.014208071891910179
11832,0,0.02323686159284844
12406,0,0.06400404039151143
46187,0,0.03148655603619499
26202,0,0.041186464609171185
6709,0,0.04183829252438772
33419,0,0.04110911801168726
20630,0,0.0400613099318962
39533,0,0.0374931391870671
10286,0,0.040945382877358515
7671,0,0.038752584744901585
38082,0,0.04086712147784174
8780,0,0.04105471793499487
28286,0,0.03233728315693311
2425,0,0.04069011023433047
7961,0,0.03863641984472808
32153,0,0.03239617150655901
27097,0,0.01348234621947493
12178,0,0.026343230641453653
44389,0,0.04087648407453966
30262,0,0.031063631996057998
3122,0,0.03088864060103165
8982,0,0.03697629273374131
28175,0,0.03144897586421579
44455,0,0.030058969018956945
39663,0,0.03981661775797807
36420,0,0.03892377771137054
28303,0,0.04116238141105726
16367,0,0.040883487328735306
35209,0,0.03126030545996637
28924,0,0.032538181876712126
9890,0,0.04020059268644986
8198,0,0.031089595949748212
31856,0,0.016692772666121663
15784,0,0.031259606458470514
40969,0,0.03275005884599297
24295,0,0.015655707383356046
39538,0,0.02786555288336968
6271,0,0.02410196387408633
36128,0,0.039771148224248945
355,0,0.02970784658957165
34137,0,0.03914662257209855
33412,0,0.04115923882882861
2210,0,0.041174713634971674
8679,0,0.038341392637907125
24446,0,0.03893160859665429
44636,0,0.04122620991795112
20077,0,0.032310080299886065
18111,0,0.028674387128667857
17443,0,0.026923473200811936
7680,0,0.04095801083697224
31227,0,0.03184519463128214
41457,0,0.03748628813297041
19394,0,0.035956561277684124
26761,0,0.04103456228362335
16427,0,0.03998802810392716
1612,0,0.02788046741363534
4922,0,0.041279890489201415
22459,0,0.040405482290090375
47398,0,0.03148613844898746
8684,0,0.029558881029587893
11433,0,0.020697350960246982
5771,0,0.02936903232967319
47353,0,0.04010889666395289
38640,0,0.03786934212477536
25982,0,0.03462861589276872
25744,0,0.03149719497561605
24124,0,0.026609197369419597
43135,0,0.02308682166114561
26824,0,0.013342307572951595
33882,0,0.04618448526069767
25476,0,0.031009254082969652
15718,0,0.04115323097166157
36912,0,0.038807316409506444
35434,0,0.03585028249993324
28093,0,0.04105843163456304
7091,0,0.03250267881478622
47420,0,0.03251880696096425
8184,0,0.04096305258208108
44566,0,0.04120291093620727
31232,0,0.0395915842091389
38853,0,0.030711749457658675
17844,0,0.020181578432287878
44169,0,0.0409548878194311
39242,0,0.02887232575711973
29419,0,0.03193844607047636
43950,0,0.04045591538459557
30540,0,0.025652888158733175
2710,0,0.041201064106733604
48625,0,0.016568312499879424
37446,0,0.04110919820220367
11596,0,0.040967990513764485
13752,0,0.02732620549088414
16462,0,0.03589788559440345
44180,0,0.030661542318236524
2955,0,0.037525890084453443
45732,0,0.030590229409794552
24531,0,0.03802953258969334
6922,0,0.04062341254847916
20004,0,0.027223741713612734
20063,0,0.03833562616355147
18223,0,0.04045491273563778
49026,0,0.04116743721901137
4407,0,0.032497522523185135
48643,0,0.04125916474828725
36382,0,0.04128059303898391
20553,0,0.040888821552708225
39801,0,0.04092767921491803
48810,0,0.041231051788037446
44724,0,0.04106003044309708
47938,0,0.03978850432557837
44075,0,0.026389988321980466
939,0,0.02940452583144344
7873,0,0.037494157832838444
28037,0,0.03915908908161004
2346,0,0.02792779495781539
3023,0,0.04070107917861617
75,0,0.04110078374028906
8693,0,0.0322886207329954
4861,0,0.030707434255353362
36226,0,0.024539052460232667
1188,0,0.04123214934238781
17356,0,0.041154154473495026
16822,0,0.028300910520073302
44182,0,0.04121315458684752
22913,0,0.6910509015484156
5156,0,0.04115392115396901
20959,0,0.03482580093655477
28530,0,0.0395676619261507
41361,0,0.041299557729750976
48092,0,0.040033034374763854
3902,0,0.02806926329523222
27215,0,0.04090098981880646
39983,0,0.04088781951854486
44999,0,0.12464423416704165
15864,0,0.027004859396569
10138,0,0.038518402015180093
12675,0,0.04600970262862359
26017,0,0.039651491576394686
30000,0,0.022594369224183737
35419,0,0.05360296634497811
17466,0,0.02005920832368917
43601,0,0.061722857636002576
47561,0,0.03978273709398127
15760,0,0.03904412393234312
48307,0,0.03961839507877888
3819,0,0.031052048350545425
15142,0,0.038161770873398386
38855,0,0.02157385585514451
24182,0,0.040578919969101894
7809,0,0.040875850866742475
40192,0,0.04127019165131345
32355,0,0.03208589743871106
33953,0,0.03594633409602223
31255,0,0.04103021363559114
14263,0,0.03180447631102533
7147,0,0.013417132931655334
40313,0,0.029557100110187272
36417,0,0.033967304556229524
7482,0,0.037928708495975134
2417,0,0.04029562193116933
41635,0,0.03949156109762702
36191,0,0.00891651180422455
22758,0,0.03246962526461589
28340,0,0.024394813690442475
25923,0,0.04091685386379157
33571,0,0.03944225329231419
21160,0,0.026897530951354002
5138,0,0.03256415891740604
23108,0,0.04067287698118034
8829,0,0.040136165681729674
17575,0,0.04085368226923139
16561,0,0.02363935074844354
29113,0,0.035321870235327166
12858,0,0.0125660608724341
13843,0,0.029986346598741408
25994,0,0.03862389557445134
6062,0,0.8031995765335073
28618,0,0.04005997471630537
48198,0,0.027879498092077074
39939,0,0.029914821707407863
18027,0,0.039667900351767975
48782,0,0.04072975802689746
37163,0,0.027089585027426973
32969,0,0.041128915956027884
6489,0,0.022754315590892277
26845,0,0.03974629254323238
8758,0,0.041031237118357565
1463,0,0.041249092823071924
13328,0,0.04121499559237548
16410,0,0.040470903419382386
18183,0,0.03749892223765796
37295,0,0.03952037459166624
37853,0,0.0186465661960095
15566,0,0.041263833776470915
15997,0,0.03948958578002865
6828,0,0.032519744065411776
15988,0,0.029891766851427984
40274,0,0.02224204717487126
45638,0,0.04121810653283792
1532,0,0.017858974551038395
27464,0,0.04098922837054444
8264,0,0.039913139150549955
14465,0,0.03226012820823641
11897,0,0.03893017881691191
8057,0,0.04074205575746833
44812,0,0.006172414979289338
33081,0,0.03254404990233695
22901,0,0.030005546511407043
35564,0,0.04085738778756065
45695,0,0.04100587572210836
40199,0,0.031122632360122027
24698,0,0.04118861451792031
22521,0,0.022625638334324908
27590,0,0.02473230508350967
29402,0,0.023400084155994382
39084,0,0.040834087249903284
40423,0,0.038456496646658817
21349,0,0.032677390437085244
18217,0,0.011888640139211181
26540,0,0.03960412524539605
32111,0,0.08729231977324481
41777,0,0.03748814139020018
43705,0,0.03140797260619529
41420,0,0.04115496773886585
19150,0,0.029715466014701746
8688,0,0.03547785547668882
7359,0,0.03012261695878231
607,0,0.0369917025861244
38882,0,0.03918565400380843
20224,0,0.04101044291828403
14154,0,0.03126482871999709
9976,0,0.04122770641051531
28261,0,0.04131291866759132
7543,0,0.04083566623185622
41490,0,0.04086808087121249
14988,0,0.022742313405817928
20159,0,0.02737931842911412
29368,0,0.0409401485521252
21060,0,0.032404634062145665
14747,0,0.04016135753535027
2587,0,0.031024456337896033
38622,0,0.039592882337395566
40187,0,0.041101234861776866
25959,0,0.027464926276489072
48450,0,0.03763660577893599
23532,0,0.027884344503158257
26238,0,0.03177610630851374
32979,0,0.02898652051387615
17300,0,0.026762396766121445
15683,0,0.04054119807668327
20893,0,0.04097711606620909
13681,0,0.039535528904149186
18402,0,0.030689706134301917
32944,0,0.03817345519573027
32534,0,0.04103329803729251
37079,0,0.041034684004851794
25613,0,0.03632919959329852
9882,0,0.026820579603948458
16022,0,0.009516113513227268
37650,0,0.027815381742231263
1871,0,0.031107543074695126
3200,0,0.031527511925199946
14582,0,0.05197643740963561
6253,0,0.02803929536624803
13388,0,0.03894403024891982
1705,0,0.03824645233114768
17667,0,0.04085375563190826
5318,0,0.04020019155782107
31351,0,0.03757127986589709
23166,0,0.016242928195121957
8434,0,0.02921566018739653
5885,0,0.03953580098310458
3742,0,0.03862676978264978
44937,0,0.034536787291940485
35358,0,0.04500833378524484
20487,0,0.04072664795330379
37522,0,0.03836335857338527
33417,0,0.04115287670604982
48725,0,0.041099287333042744
47372,0,0.04160745919720313
40751,0,0.007235589609358584
31145,0,0.040537196621936916
11906,0,0.027639647585433618
33016,0,0.040013635342067894
20332,0,0.040183543427658196
39379,0,0.09652711956990678
10041,0,0.041129365331726314
40309,0,0.031428398171565446
39603,0,0.03871087005746151
46813,0,0.04088823681401556
10588,0,0.024874932121007224
2866,0,0.025976015142885254
45309,0,0.0408068799754156
9202,0,0.041150922937937005
18812,0,0.04121092729136037
11098,0,0.03449023398734711
3081,0,0.04041473550681293
41555,0,0.03156701544166923
7659,0,0.035712597706031995
39345,0,0.026868180545661143
42067,0,0.03233183934753812
24882,0,0.025844465295088583
9374,0,0.03844428030745759
26541,0,0.04102826077902952
38465,0,0.041232348304558214
25049,0,0.04109630727862815
43810,0,0.03992755270708587
35268,0,0.020456603819241553
36527,0,0.03964107237691439
43528,0,0.022100474362299963
39813,0,0.02998712405222788
48489,0,0.031244549411072162
37566,0,0.031922903153894386
10768,0,0.03749200274415313
2378,0,0.038168746433528376
18417,0,0.03241624140834977
6032,0,0.04117588598885961
38313,0,0.04082141093468723
21063,0,0.041173183521784486
39827,0,0.027043966752055264
42016,0,0.02155173575118222
18354,0,0.026894176905309018
31684,0,0.03882609094600103
21748,0,0.02846949898832696
29019,0,0.028231251399695553
7353,0,0.04030377350890257
31743,0,0.020222027374104293
13707,0,0.02637478529976616
28911,0,0.04090072165133739
36581,0,0.040464589253172395
2457,0,0.025557280468955636
38933,0,0.03936713214525509
41996,0,0.03750328475901921
41466,0,0.03475089545239342
31399,0,0.04104915923735993
302,0,0.050208257044821174
33687,0,0.041030554109957866
34652,0,0.03863763374935363
5708,0,0.03496304885142434
29948,0,0.03891665270437657
2449,0,0.03910423167752016
16294,0,0.040850163022006586
37030,0,0.031549591707847865
40474,0,0.010913048753098
699,0,0.035074426063038
3083,0,0.05756044757650846
38695,0,0.03890295756274268
32141,0,0.0371582372163188
23986,0,0.0392453809361557
11964,0,0.03358315633706433
42973,0,0.03767968985537808
30339,0,0.040969640975004225
19588,0,0.04118158819580335
4409,0,0.03173479880852966
10802,0,0.010892448687895332
23933,0,0.03056104945640866
47084,0,0.03182784766124101
19840,0,0.03991994540110232
37715,0,0.03224693964494188
2961,0,0.040955063182929415
23497,0,0.0273809769257193
42622,0,0.04128085921788943
25779,0,0.03712972315138095
17710,0,0.02844691761051869
34076,0,0.03695663479570964
35866,0,0.04063796245685289
40669,0,0.04046996064197198
44267,0,0.030601155035337266
33972,0,0.04058216141186273
10095,0,0.0412138728091853
36554,0,0.02834583879728784
1905,0,0.024077973146813085
26810,0,0.038584110088430275
16282,0,0.035125474414429016
20520,0,0.03232458360619673
5020,0,0.03890844782238138
39511,0,0.03134253663807466
38006,0,0.04120580489600524
14774,0,0.04060533381456865
7504,0,0.03902799478944549
32429,0,0.016696787173645557
16191,0,0.030607567387391774
34243,0,0.04069200119805526
40175,0,0.04114932889944048
47159,0,0.03747342738863255
15019,0,0.04057276199141232
23824,0,0.014821806857345953
31135,0,0.04114743321097018
719,0,0.04040715489864375
3076,0,0.032042254340631904
3763,0,0.03263605089211906
23935,0,0.038175455592015475
1883,0,0.03903284225145081
28542,0,0.04064971045407188
19988,0,0.03150257184312584
20403,0,0.04121699769615635
18241,0,0.02229541445906135
24874,0,0.029378849907988717
15491,0,0.03180341019021275
6690,0,0.02634328097697249
37352,0,0.03966991643528215
47557,0,0.040140908965004926
37037,0,0.03892094704067043
31438,0,0.03951128773637031
39178,0,0.05753630477378111
31579,0,0.046871159502173985
42277,0,0.04115849298219432
29106,0,0.010722036609078936
31775,0,0.04082350605030534
18253,0,0.020884484760988083
19427,0,0.019932228644648744
42946,0,0.055657293791986584
47756,0,0.041099842616375316
48194,0,0.010366062928257137
10848,0,0.03167876111391314
24296,0,0.040890410338656404
25892,0,0.0411555325847917
4775,0,0.041222879827918585
12688,0,0.03142358753545398
46509,0,0.03836242856059697
27906,0,0.041176985245786606
14579,0,0.02862481772748536
1892,0,0.028081729224144824
7572,0,0.037520664557842864
42037,0,0.03836240891872038
7152,0,0.026902254450188075
66,0,0.029394429271841067
40538,0,0.03487948141067944
47983,0,0.03248920432232649
11648,0,0.0305123764691788
22233,0,0.03405852026343558
1699,0,0.0318115776071473
20088,0,0.040396237298689755
22759,0,0.03857588197122222
29801,0,0.030396337087956155
243,0,0.040858287309532705
1143,0,0.039716651368046724
33501,0,0.03255455106557189
45846,0,0.040551788258905
36043,0,0.027978138506550662
16067,0,0.022108754515519725
8656,0,0.026877389479879686
3766,0,0.0376437056838137
44250,0,0.04114561855718318
45481,0,0.032439534291306284
15962,0,0.039283276624293886
25005,0,0.03034303256809218
33291,0,0.03187214225453347
5985,0,0.03884464229208323
38785,0,0.05791136233960354
46372,0,0.04023166977380264
48641,0,0.020371159560839746
5913,0,0.021567736479852988
12308,0,0.03172228001213387
12128,0,0.031773981750203226
32325,0,0.028334765178943566
27157,0,0.013944761913291566
6808,0,0.028836194004429026
38300,0,0.03117719548681088
17782,0,0.03323935972676624
16239,0,0.038825674260170376
14532,0,0.04063242877265291
35245,0,0.029409274846801864
12972,0,0.026343786222362067
10909,0,0.027760346224655175
31525,0,0.0410941346467585
33287,0,0.031028770841456867
3693,0,0.038671088665278734
47814,0,0.02016488236241544
24372,0,0.04071398853679628
8871,0,0.029605083863653132
18,0,0.027892814841692454
40264,0,0.041214400830572005
21202,0,0.03916884456896086
41284,0,0.04129046169902638
40760,0,0.032497213671289535
27697,0,0.031467646465801226
22546,0,0.041155660861012536
21410,0,0.032089692374183985
20011,0,0.05544162162311477
47915,0,0.038167756934553154
16842,0,0.0409366592358849
20503,0,0.03960553882777772
8228,0,0.041027869328100756
23910,0,0.020232608612635598
36950,0,0.031946077922440363
13503,0,0.03052913420344332
4881,0,0.04099312383875043
45824,0,0.03756578730366593
36146,0,0.03190711592449706
12840,0,0.029184233850517525
10582,0,0.037749481917475416
24486,0,0.021846070175164614
18717,0,0.03159815476426468
19478,0,0.02912542865143323
33405,0,0.031452712478172926
39304,0,0.03949250243640122
28561,0,0.04141219907786284
43072,0,0.031851737803541495
14102,0,0.026887983407938913
42512,0,0.03185615501673387
39546,0,0.03000436867160378
23761,0,0.03832512836827461
15832,0,0.03278888970712769
46059,0,0.0288077697393657
28850,0,0.040909932264252775
24096,0,0.027966578810811514
48809,0,0.5025834440676303
10854,0,0.03193515862067801
43772,0,0.041163044995709594
34882,0,0.055680139054481
10186,0,0.03968850580621375
22226,0,0.040879506454867535
12714,0,0.061159531177585075
47458,0,0.04139482109689351
41788,0,0.020999805925562044
5003,0,0.04075693934082187
9069,0,0.039238636719077416
31791,0,0.011663523870791651
45936,0,0.027479344100987887
20216,0,0.041383765263087104
44688,0,0.04095300741774965
5697,0,0.03974588022715083
25167,0,0.034667394090110215
33084,0,0.04008978732715683
23075,0,0.06904668451848035
6148,0,0.041480375898067696
24603,0,0.029646044649158883
32278,0,0.03778605838565126
41620,0,0.02790709875174086
27824,0,0.0413268909436401
18986,0,0.04042815358685296
3880,0,0.037583023506268715
6278,0,0.03756668125901727
21132,0,0.04114859766113339
34728,0,0.03249019705871469
30204,0,0.027317292643992377
22009,0,0.032511057916503
46362,0,0.04153243024042515
19423,0,0.040384019278462614
48959,0,0.04039409326819978
17924,0,0.032512494041667256
46787,0,0.04057633783017693
9697,0,0.038624442801299626
3258,0,0.032234334882108466
42957,0,0.02850089275468858
39302,0,0.0299116998519522
36601,0,0.03341625796747524
15112,0,0.040213244347803094
27972,0,0.02735650784593312
20663,0,0.040723564326346155
1105,0,0.03759936098639505
38354,0,0.031900837388542734
9911,0,0.04138538677804524
7640,0,0.03981164499700343
31861,0,0.024554642394942847
31329,0,0.040995702451639235
9924,0,0.0414024147609281
47575,0,0.03766459754851428
28184,0,0.030760575047404558
1942,0,0.02823718606257473
45038,0,0.028539541194574188
15322,0,0.03988697753143576
21817,0,0.030687434774341476
48603,0,0.0381830573928086
29927,0,0.03213731866931955
13133,0,0.023019822931854568
25379,0,0.01644463304215913
27565,0,0.031483499829729325
389,0,0.04114696005502215
36162,0,0.025887576932557242
1637,0,0.032600606041972444
14433,0,0.04028620131285318
24552,0,0.016793190268773368
12633,0,0.03199166446250134
38559,0,0.037641894405893786
17369,0,0.04008415006073234
46904,0,0.03994509563659516
48063,0,0.05721926838735737
31707,0,0.03478297095782957
16605,0,0.032511060789786904
40103,0,0.03775960046666129
28019,0,0.02740168359954131
40679,0,0.03964904422414196
25461,0,0.038370242899460644
24018,0,0.03869404231950573
14315,0,0.037732401553676576
19778,0,0.03347120343463251
13332,0,0.03239945626252709
36970,0,0.04038792130354651
23987,0,0.0415499203521763
30813,0,0.7122070674148745
23623,0,0.02760830154536214
36044,0,0.04110280835647014
28608,0,0.12724160825400738
36792,0,0.041093701013024245
39602,0,0.0580356845863363
36960,0,0.02982031837058082
1395,0,0.03761525460654591
38775,0,0.03157361448243037
6233,0,0.04117825988856638
20466,0,0.021572412566955922
45819,0,0.039323017222300576
48623,0,0.037499089585493944
24173,0,0.03308607621481
22135,0,0.032563724526931515
18810,0,0.03141374712048621
10262,0,0.03931203909071309
12940,0,0.030679386865650766
2462,0,0.014885399539100943
48492,0,0.04116908771237739
272,0,0.04115720342271527
42614,0,0.026460477311276202
22658,0,0.04675521925575259
25890,0,0.03970759755914499
25347,0,0.03951546154200397
45670,0,0.039244159223061084
41726,0,0.02143121884603951
36868,0,0.032678703244962026
36676,0,0.034754494383754345
26979,0,0.025474165926763936
9492,0,0.03869764614117264
12129,0,0.03992116070315669
18571,0,0.016076476064750853
37785,0,0.03309550509563751
31985,0,0.0157272138304549
6395,0,0.0403172105890883
21272,0,0.04080561146535384
47523,0,0.041095413222388265
48696,0,0.038486495532490145
13475,0,0.040918835934776424
39087,0,0.041176165337685006
30686,0,0.021305539716185158
41939,0,0.03843254946254347
40279,0,0.04062066085957882
30886,0,0.03834513437196582
12143,0,0.03585029943693009
24061,0,0.04094361612537907
33323,0,0.03807432074176872
32518,0,0.040029441629356184
27460,0,0.040833632171954966
34875,0,0.041220348456219476
43924,0,0.013697308584079755
4526,0,0.03834764462014741
46683,0,0.03917201836621475
44080,0,0.039017538311896326
46568,0,0.03996687675653692
25408,0,0.03184929995503665
20775,0,0.03785545812047954
47025,0,0.031457213551618936
45386,0,0.03793176844333948
850,0,0.020511414173585867
17736,0,0.04061346194017351
8899,0,0.04622347161737384
44920,0,0.030445668017037637
19312,0,0.027865474206020854
18572,0,0.02245634514801309
14341,0,0.03445428275145594
23344,0,0.03254152694152792
42722,0,0.03062803960402958
31478,0,0.03900427499897398
13025,0,0.04082703107157776
12875,0,0.023366610480601784
15697,0,0.031531271828155995
6746,0,0.04097868396312089
44465,0,0.02464823208852973
9381,0,0.04055002666521853
28625,0,0.010822699862797172
8279,0,0.04043538508303914
19432,0,0.041154486582486834
47761,0,0.03833475416942459
13106,0,0.039112602634357396
37970,0,0.040742042511215305
2788,0,0.849720658212145
17358,0,0.041421943124072824
40492,0,0.03892161657363061
1227,0,0.02133129842022164
23787,0,0.04027017875211638
30960,0,0.014595404465887033
2812,0,0.03949220362356829
34305,0,0.024252537278498507
44211,0,0.02720754197700223
14690,0,0.028287165389783854
34252,0,0.039431871840414405
18883,0,0.030212496602667845
46511,0,0.04044386963977398
47287,0,0.04099735628924983
32805,0,0.0395639990122816
605,0,0.040792064929479954
20081,0,0.031345500776500605
18102,0,0.03816024101865017
24352,0,0.03193826117372356
46794,0,0.04136478523768967
14357,0,0.03878299061083634
12200,0,0.041227699603972885
13409,0,0.04138850731443252
2789,0,0.03901161237706787
31223,0,0.025119924269638667
29640,0,0.039114001034705956
34803,0,0.041250208743318535
33171,0,0.032535470026355574
43799,0,0.04073470278567469
48727,0,0.08947951734914805
44239,0,0.015223179764784418
3469,0,0.039667020833234985
42875,0,0.03965864417665817
40680,0,0.0397471339088149
3745,0,0.02163449176999985
28459,0,0.015167633076191905
14602,0,0.01278309104105467
18616,0,0.041591311583534234
1626,0,0.04065819588342721
3904,0,0.03284821000031728
4457,0,0.04045337361450183
45442,0,0.04120489395075364
38852,0,0.039185023433794874
15535,0,0.03554733126307904
4265,0,0.04291510612062769
17181,0,0.044963630313093236
7552,0,0.03226904530310848
24987,0,0.03891475867281865
11698,0,0.03239640978905658
31126,0,0.041234987714966316
33558,0,0.041156380805524626
36641,0,0.01613810944930266
43023,0,0.03886339439421267
46071,0,0.011094781508271454
9523,0,0.04140993319405254
48277,0,0.02766933547378189
4343,0,0.041151771324984966
44891,0,0.027588574487426923
34421,0,0.04087704545423272
40314,0,0.041153532405984336
34477,0,0.0411445991749752
17469,0,0.38505258159677525
42813,0,0.03191031384793414
37474,0,0.03083201052995819
39537,0,0.04122348348426049
27227,0,0.15264235350371683
36831,0,0.037339684556354384
16065,0,0.031263615301672994
34258,0,0.0402912613052258
3236,0,0.04059540214929448
23827,0,0.041154934301275266
45642,0,0.03971389552846087
6008,0,0.040430903572351656
6168,0,0.03217479552075322
13915,0,0.050801238474281835
26809,0,0.032629470940014824
9436,0,0.03805905341159523
25059,0,0.04072427139525216
19512,0,0.02995158039013161
40722,0,0.02866142782691151
24840,0,0.04043928002645009
30274,0,0.02251100376851387
14512,0,0.03773469391515738
31994,0,0.04134685599696536
46782,0,0.039582697372252486
39545,0,0.02929515259967984
527,0,0.5330944040250457
30073,0,0.039441602808169614
9689,0,0.03055358585193049
15133,0,0.007222492547353763
34356,0,0.040506099620986925
32314,0,0.027564637035352123
35278,0,0.039883158940727
36064,0,0.04135378658092073
3749,0,0.04043381082500907
8787,0,0.037488031225719406
41687,0,0.041173707366610905
30649,0,0.055688935544678804
34944,0,0.02041651753266027
33046,0,0.04031576759726613
17980,0,0.043752925246985326
20456,0,0.037858714947313465
24273,0,0.04113960791475593
40984,0,0.03900578203087531
6315,0,0.03247336931451466
12664,0,0.04010660179904039
10355,0,0.04109108157641027
13122,0,0.03736189619045527
1536,0,0.04024805353364334
3112,0,0.019488109157822224
44970,0,0.039157687677674524
27655,0,0.0394071089415861
45003,0,0.044068912753552784
200,0,0.041180378338446094
15348,0,0.032320629760151834
42065,0,0.041173322052858743
24798,0,0.040117897791120176
31631,0,0.04132183405417127
29869,0,0.037955255358798415
43025,0,0.03114862658284154
8810,0,0.04120748212621899
27038,0,0.041182035654970986
19233,0,0.03081765254399263
45247,0,0.04050606482338467
27623,0,0.041259739570045806
3007,0,0.03260374938560543
12131,0,0.04120353801419115
18017,0,0.030687633382238285
39831,0,0.05565670706194992
43446,0,0.04986757871862363
5997,0,0.022898643378920218
20046,0,0.03070893188398504
13051,0,0.0717654719743969
48455,0,0.029365452872652468
13572,0,0.038804331350918764
20972,0,0.03630609785522064
4270,0,0.03258760091937261
6367,0,0.04121732017977505
20182,0,0.03151544444181131
29249,0,0.031612026394698116
39785,0,0.030652128107952526
28113,0,0.039370379128412285
32274,0,0.027156294306364112
1779,0,0.029607178841227867
25703,0,0.03984874655063735
22534,0,0.038315222073674896
46249,0,0.024448857273851113
26258,0,0.011090414391399609
18915,0,0.041333980657862264
30432,0,0.04096202555871796
44079,0,0.014603675949880386
24027,0,0.04015898054994432
21819,0,0.026363633231012172
368,0,0.032263724385249624
43673,0,0.031032727099773772
11209,0,0.04006092198114221
32225,0,0.060183645327719144
36917,0,0.04120161005662815
24026,0,0.041229544640445315
36240,0,0.03967889546529604
14144,0,0.03225259148605832
15924,0,0.040217658584691486
1387,0,0.03949408983575764
212,0,0.04085400418134749
36367,0,0.031341661202053034
2954,0,0.03423649462793783
72,0,0.040857871924124975
14870,0,0.037595049931743584
6511,0,0.04128962895609471
38127,0,0.05213767341919714
23043,0,0.04096218721494585
9252,0,0.03752281662618527
26045,0,0.04108353276920951
13631,0,0.04135374603866078
8640,0,0.03988768166159401
26643,0,0.03188770797432139
20064,0,0.04127410660973316
14434,0,0.06999202762104681
4542,0,0.039701634915204516
9816,0,0.04120998085985833
25709,0,0.019650588465969204
73,0,0.03884595637381364
13992,0,0.04070152963227258
31728,0,0.04129193536018428
29022,0,0.03748679109264223
25447,0,0.03822031313961127
9907,0,0.027819013854553064
38799,0,0.03258726556146064
40056,0,0.039510358879342074
36573,0,0.0188229118310844
31006,0,0.03154050452640635
16804,0,0.04088741922604299
10372,0,0.04022517778978853
37470,0,0.037607078214889456
3514,0,0.04114106838121467
12547,0,0.020665645167049444
31359,0,0.040202333998200744
48110,0,0.03067764470391964
17292,0,0.04050270561776281
24378,0,0.028963162580605672
40981,0,0.0197080438215116
47082,0,0.01081455810600914
36738,0,0.03797182621801758
2782,0,0.039506054519856254
19597,0,0.037485397893010454
34660,0,0.04119328173670111
48113,0,0.03757828675390668
22088,0,0.04105174078103097
25252,0,0.030518349367701637
32087,0,0.030593669393209455
23708,0,0.03896794510286747
9938,0,0.037862473120242116
36300,0,0.040606366286415674
9649,0,0.03755889794222623
25030,0,0.02691667171982753
33904,0,0.02936378677888039
24113,0,0.08696834555458598
35737,0,0.03142281271013328
17288,0,0.025738406709252058
49052,0,0.03235061567636028
40170,0,0.029462281170501942
5994,0,0.04596968418270776
34282,0,0.04111651553261143
22156,0,0.021745844781641814
25666,0,0.04115917631502884
45901,0,0.03252089308548131
1091,0,0.057310638725176985
47336,0,0.040750919193355994
31104,0,0.03781154951882181
38337,0,0.024246913815862973
11200,0,0.0314490854011985
12000,0,0.03807483972375704
48168,0,0.030028728140948802
35652,0,0.031824283132596255
15989,0,0.04056081162326483
25704,0,0.024616370315225202
46816,0,0.03260638252084366
44718,0,0.3842721782880475
23411,0,0.04009359019982964
46826,0,0.03816179532126186
17856,0,0.038274767858478075
41407,0,0.03772754998598372
39509,0,0.031656663235533004
1560,0,0.03959125010610682
24402,0,0.04043375753774501
37051,0,0.03457414415562814
19182,0,0.8003452324157407
22890,0,0.022204347145771325
12706,0,0.04119563485923433
20762,0,0.03060336459466001
36650,0,0.01656335082018193
10714,0,0.05802743355000129
5672,0,0.03713706093356356
18721,0,0.029322189379642264
25368,0,0.029656863832457993
20601,0,0.03828292120136364
2191,0,0.04080284705878165
20999,0,0.031950291330236656
27999,0,0.015982976404837184
35250,0,0.04748798354083989
44488,0,0.047113409750291074
20099,0,0.23846684322611178
28846,0,0.03150332984738235
1722,0,0.041157726184807536
37414,0,0.0324645017902468
14349,0,0.032160922618155514
28272,0,0.04032574539873367
27161,0,0.04014713144082605
28898,0,0.04109819589706813
41306,0,0.04108639003662603
30449,0,0.02644490511919506
17190,0,0.03870550322027456
28403,0,0.04116266412462298
42818,0,0.028961443838806323
3701,0,0.021778621297171022
47610,0,0.03197784430094482
14795,0,0.03214201787259486
42445,0,0.02724392633633657
42351,0,0.022311219820570268
22253,0,0.039585721417443785
42415,0,0.03184125872055383
29416,0,0.039824206970020044
9304,0,0.034655149339790074
39857,0,0.040901036518142496
7437,0,0.04110171837461401
47325,0,0.03217729603033893
18763,0,0.04123147967585653
29719,0,0.03522929347613454
38184,0,0.04117365141479047
27870,0,0.03977019663343721
26027,0,0.029964417998196626
11971,0,0.029653745946698045
23737,0,0.022067357311512076
21582,0,0.03863619276731301
41537,0,0.01956207727500893
420,0,0.02258343192389154
27009,0,0.0404219899646723
17521,0,0.03591196271999383
30820,0,0.02750981913127493
35747,0,0.03821470362946064
24640,0,0.024722836538045294
32765,0,0.04100828765877171
36595,0,0.04036754774793601
33006,0,0.00949964203734578
39100,0,0.026672877455137148
15218,0,0.03772530934728509
22668,0,0.026538494863605502
41668,0,0.03213356567951834
18038,0,0.04120963426033368
42977,0,0.04022049867780397
38938,0,0.0395664791312066
35919,0,0.04104136621170247
34131,0,0.04070777802519387
38588,0,0.05172894186119989
23974,0,0.031023785358866202
33031,0,0.02939002928926362
21529,0,0.037057855177506004
4192,0,0.039967887294305234
31055,0,0.0379453945211334
25713,0,0.04121788703185019
15781,0,0.03434533063112002
685,0,0.032691610630535536
1988,0,0.03251505783329306
44563,0,0.027416886483632302
46216,0,0.022872169758786035
6991,0,0.015820483079973302
14463,0,0.054356048043605956
42310,0,0.031141493649356568
23261,0,0.04111636612212928
35437,0,0.04140199517570691
27103,0,0.03223537003078408
26083,0,0.046849410481702124
4854,0,0.040843875548289624
29251,0,0.025704544566269697
3739,0,0.03233197625653018
43755,0,0.03823085633802945
4440,0,0.032137056673556604
12839,0,0.03879936641413427
18608,0,0.03256706320122843
21480,0,0.036952145213774074
5243,0,0.0179109719566376
27057,0,0.04120368065191899
35970,0,0.03257379330315706
32337,0,0.037491504059061175
43217,0,0.02392896653795883
18266,0,0.04085038905547049
37089,0,0.04096393495405378
6565,0,0.02660044608429304
7937,0,0.03683386421563156
32162,0,0.04075505939748661
45408,0,0.04170313223635059
41958,0,0.03967030714451885
1506,0,0.027414149103749355
44512,0,0.02617362375876146
20427,0,0.011399810588582249
23703,0,0.0687520749350269
543,0,0.03839094877091888
37265,0,0.0395773029077904
15528,0,0.039549915610957276
12843,0,0.0313034054244741
35039,0,0.0288115411018388
12645,0,0.056512619627570294
899,0,0.029028529030007924
21010,0,0.02836399726179102
18020,0,0.039520727896180004
12892,0,0.029623471652417355
18138,0,0.041213260235836296
1929,0,0.038801944978814264
6263,0,0.04015817843559105
29339,0,0.01098668613291913
41300,0,0.03205054153969562
32576,0,0.0398801119909454
4768,0,0.020093094684289863
6968,0,0.03836249930536387
16235,0,0.03444071245103171
11181,0,0.037591384164726856
36499,0,0.02258701700393509
31998,0,0.041186652723476234
40050,0,0.03972711447038898
34213,0,0.04118582620489754
11716,0,0.03760772516119964
12395,0,0.04090438763834853
11611,0,0.038174600273382056
9441,0,0.030033041484530232
29483,0,0.028987042343653
20339,0,0.03179156383216945
13212,0,0.028544492969393837
31452,0,0.032667746238056974
13986,0,0.029570956670275053
48992,0,0.0398965173026887
35626,0,0.026268995319174673
10398,0,0.03455531888977015
4746,0,0.03247738096613092
26623,0,0.019955449367308645
44127,0,0.04082043459733236
28195,0,0.04135326327392183
7965,0,0.025009135256754442
4508,0,0.02817663552162895
35224,0,0.04124424836497147
2733,0,0.020304399093262714
898,0,0.02225283948254449
22347,0,0.029703233043290273
458,0,0.03272239125455455
34761,0,0.031227171998267026
19998,0,0.0375795096746045
21690,0,0.044720663898297264
47361,0,0.4142660478864196
45549,0,0.04112923115145734
44062,0,0.030190241529732053
33057,0,0.02403907299170673
31665,0,0.038161105640873945
35618,0,0.03784419624766723
30657,0,0.041156056435551716
8005,0,0.040448871306410665
9865,0,0.03153609146934241
2229,0,0.06814015352188935
42616,0,0.03199864979327863
3593,0,0.03789658596032415
10127,0,0.03964601647766003
33885,0,0.022848466120916566
8460,0,0.04109445453655342
31344,0,0.03254287628481906
40061,0,0.02776226187235028
20015,0,0.02675150759862974
37747,0,0.032597185437237094
3416,0,0.02572135257932133
5286,0,0.03143814597287654
32608,0,0.013211852968199083
45979,0,0.03957622230913087
17144,0,0.04052403423935664
22272,0,0.04120770862823368
25543,0,0.7119510739579162
535,0,0.0396981468901984
35311,0,0.021286308493930695
1430,0,0.0199779749727921
46694,0,0.03952483366408746
13359,0,0.04042624430750467
35674,0,0.031831452650274476
32752,0,0.027368023275694403
41589,0,0.03837006407629375
20870,0,0.030234858963806756
7227,0,0.04113709048917556
43056,0,0.027089139279199998
24382,0,0.04121256958017174
11292,0,0.04459978393286342
30545,0,0.039979434574035556
42769,0,0.038374373685608525
13258,0,0.038333148244801045
31036,0,0.029130566536882955
37575,0,0.01883251526347416
48614,0,0.04062498672174095
7282,0,0.02766978174232741
16976,0,0.034721959965381036
13439,0,0.03803852439139656
29552,0,0.04057604177316287
48330,0,0.029429668910854547
4402,0,0.041284466967426464
38895,0,0.040153142726284126
36248,0,0.03188870000758015
47666,0,0.028673400648444224
33388,0,0.03186079629685707
24490,0,0.009472159045691122
4724,0,0.032492800163468186
16013,0,0.04116167736728494
20894,0,0.04090681801480811
21176,0,0.00969382670091007
5941,0,0.030648804073379495
41557,0,0.04059889832104578
37215,0,0.024417451619207158
18609,0,0.03975014595554272
45254,0,0.019772178784623767
10708,0,0.027981883592603653
23312,0,0.03866214197771564
24311,0,0.03860635060649834
32254,0,0.03180736141221669
8293,0,0.03050846754071675
36345,0,0.02846388761660918
30711,0,0.03772906854826304
27779,0,0.03134663188379195
27158,0,0.038336427915670795
37033,0,0.032325232445662155
20682,0,0.03996537198643982
12451,0,0.03894121184371754
48817,0,0.03558595453657561
34099,0,0.0320068333635017
46873,0,0.04045254687921748
29876,0,0.03157746489426429
32180,0,0.023561968167676802
40347,0,0.02806833209216986
31625,0,0.04120191259978688
21400,0,0.04004233016818996
46680,0,0.04121487249784981
32733,0,0.041233175373945476
47481,0,0.030509641125385775
17095,0,0.020401170693123652
29504,0,0.040749193045989604
28823,0,0.041135103359877176
25388,0,0.035474032616238715
19565,0,0.04126196294283018
15896,0,0.04113896741720375
24718,0,0.029875022883044423
34997,0,0.0402538294694322
13584,0,0.035840854959183745
8672,0,0.041063210029344446
26380,0,0.019906460032509548
16987,0,0.03915307087876321
13114,0,0.03860084588520928
23516,0,0.029787682189069593
42482,0,0.02937797534029692
24472,0,0.040297939890170005
26336,0,0.030941347688677172
26269,0,0.033050048615957915
41028,0,0.04091673015385889
34810,0,0.030384055807116703
16988,0,0.032689999168689116
3722,0,0.04060206267719688
2263,0,0.03960498312959145
20435,0,0.02978782982423036
48381,0,0.015495781975612341
27076,0,0.01599478725838489
9463,0,0.027135405517748113
2242,0,0.040196063063438536
26271,0,0.02743592344628013
34838,0,0.039708591742101264
35915,0,0.023445800552168942
19114,0,0.022722589400990093
33123,0,0.03072001856677578
22762,0,0.04137511840225707
41982,0,0.040936466986590356
5907,0,0.03160219724846222
15517,0,0.04483723890833437
1048,0,0.007339094314036844
35327,0,0.036869323332100204
34247,0,0.0742506163535662
11595,0,0.04538963521372683
930,0,0.04128224821304255
6871,0,0.0408569356005311
32035,0,0.03976401626880896
9791,0,0.03944481800448668
25759,0,0.0364022393918831
16695,0,0.040557288182735136
42042,0,0.03208223603862793
16980,0,0.03226789857448019
31367,0,0.026343713271355602
35120,0,0.03238957717392232
40528,0,0.03708239323965114
45288,0,0.03717781433561393
13886,0,0.022631269104189937
38467,0,0.04116329620135596
31558,0,0.03191996130994123
31037,0,0.03246480865442549
25737,0,0.0388098876676195
43482,0,0.02999165880106257
32144,0,0.029663824051666263
1205,0,0.038848543917497244
27302,0,0.04097146897919506
15339,0,0.031592024564137025
15077,0,0.04043440376375457
37828,0,0.039911950233238
33056,0,0.05736408371855728
23133,0,0.014827847654530317
45581,0,0.0313550663844506
32769,0,0.04131475699156318
28243,0,0.023640185488336872
37643,0,0.04091352187453237
42755,0,0.03957870500806169
3464,0,0.03030337288558156
20740,0,0.02637064500312369
19946,0,0.04121093720741283
41072,0,0.04070786617261547
16384,0,0.012040491482426178
16158,0,0.03507392270523525
38514,0,0.03966184434443648
20499,0,0.028027487075063147
48573,0,0.04085425078418491
31210,0,0.02756738730902954
22390,0,0.023468043549562712
44164,0,0.03802819755679184
18358,0,0.040717038195910264
15303,0,0.01867184015050326
32624,0,0.03792649159763984
38600,0,0.025501304555644262
2721,0,0.039827339902267465
45425,0,0.021850584184032264
46901,0,0.041108373360901694
4339,0,0.04140632445681411
43594,0,0.0411648470622199
7472,0,0.04069026781257191
38618,0,0.02405888388423033
13869,0,0.040276277492916596
46310,0,0.061160483948065635
26621,0,0.04099591070686432
5704,0,0.03363066976347174
43994,0,0.020632831009880885
36994,0,0.04101913870476658
39057,0,0.032422953727334766
29916,0,0.020670318514695772
14188,0,0.04008891795432972
15212,0,0.031548646136347794
34230,0,0.04117653221358684
39552,0,0.03748847938463702
590,0,0.040712571185272745
7838,0,0.05754906407370459
33827,0,0.037912412587681896
25562,0,0.040899262023507015
25468,0,0.032256413003272165
38185,0,0.022285659619429656
44133,0,0.03798621271844045
3403,0,0.03803388820214842
13250,0,0.03744679781378982
5396,0,0.03911836350402838
7548,0,0.014942318556906418
18767,0,0.049617500580791854
39876,0,0.03184787902184995
5407,0,0.04130582600147957
30126,0,0.04079638836083443
34281,0,0.03865635503694118
25364,0,0.02868869021982691
20665,0,0.0411248538602673
15843,0,0.029185655227170516
44070,0,0.03269202268887327
13485,0,0.039006992102205644
36087,0,0.04007726734784334
22095,0,0.02884606748855443
44315,0,0.04014316598906563
45946,0,0.011533387522403914
48721,0,0.030639732041644586
34154,0,0.04093198332752507
47043,0,0.027704313245259484
39459,0,0.03875679806114703
25138,0,0.0322376965976757
6806,0,0.03995959770662074
34016,0,0.060332437061703326
26965,0,0.757765992888205
19180,0,0.041144509626655675
14325,0,0.03841969440775962
43681,0,0.04019398040789205
40523,0,0.03275648856660578
40461,0,0.031957358798401114
21532,0,0.030430903767520768
8377,0,0.03299307369568002
22498,0,0.04064990473939362
14307,0,0.02561407935097653
26049,0,0.0389578563524011
1194,0,0.07422883289634546
46858,0,0.01981909107553356
2415,0,0.0109323187031724
43501,0,0.040857938839922225
1739,0,0.040391385620063044
14301,0,0.04116904604963226
32096,0,0.03548409167688081
11063,0,0.03151696051644149
9756,0,0.025463980966512978
49044,0,0.04024649120785039
11404,0,0.032557986476812385
2031,0,0.04064135852544397
20755,0,0.037843665701232515
30231,0,0.032064597202358464
12953,0,0.013531888579445003
15210,0,0.03795424602782913
36346,0,0.055560699353320045
27530,0,0.03980464314205565
30694,0,0.03984970197557041
48230,0,0.04122961606781086
32641,0,0.04126169262517355
45597,0,0.038538380065539384
18259,0,0.03023339441834654
12665,0,0.03749515868763598
19862,0,0.5234174185049415
21723,0,0.056934621868605054
31332,0,0.03737465135008553
46007,0,0.032655493991261435
27645,0,0.04077259311584392
15917,0,0.03991782159870724
45843,0,0.03785834668252948
46596,0,0.03254354112657503
12464,0,0.04127074610120661
30130,0,0.016938489494505594
10881,0,0.03012616316754558
29356,0,0.04098172526449892
22905,0,0.041107200070830345
13687,0,0.030750318916963518
33528,0,0.03165137656265253
48674,0,0.03257952863973521
6994,0,0.03060449257568543
29745,0,0.03792384637532071
38917,0,0.032157525716724054
33254,0,0.04082593780671898
30655,0,0.5742202848478017
4620,0,0.039913184390025294
26795,0,0.0275821700663109
46144,0,0.03758198574498061
8654,0,0.0411412158720519
20575,0,0.040232761596329936
14169,0,0.03152277489440659
41173,0,0.030315396462612405
36030,0,0.04073819352876722
37774,0,0.04122328575304027
45733,0,0.023133699303861856
49032,0,0.04046173174408529
2302,0,0.03985371630172815
47278,0,0.038934024386381036
37799,0,0.04090118035684578
44044,0,0.02281232428226307
19006,0,0.021898487737541467
10935,0,0.01948565772035845
41574,0,0.03279857156060194
30317,0,0.03858706582826247
28627,0,0.037488522687278814
25990,0,0.03976323381093117
22488,0,0.03766345173365722
9640,0,0.03815223655469267
45296,0,0.022929833595658217
42076,0,0.031170570085558146
20433,0,0.02823908369018204
41153,0,0.0412865015697154
26351,0,0.029406941747531796
21420,0,0.040015078154176015
4382,0,0.04080757069574355
8175,0,0.041479711812921996
6597,0,0.03238939059204601
4489,0,0.04119953729891226
14409,0,0.0397889126479959
2107,0,0.03361031411931262
20839,0,0.046466214843904126
25723,0,0.029276416834764948
21490,0,0.040817531115031815
48675,0,0.03189571750759072
4676,0,0.041199502601659006
16093,0,0.02227135130466379
2301,0,0.03816161362824779
35018,0,0.02967288725315852
7863,0,0.041009423867273916
37149,0,0.031420670426696475
6605,0,0.02822880392078294
37985,0,0.057903854278182676
11936,0,0.025716825671705076
7920,0,0.04076838535466008
30563,0,0.02736150154184791
31260,0,0.04140102264221152
273,0,0.010926078827354233
5036,0,0.03340009773439723
44463,0,0.032866501310563415
14491,0,0.04106075190275076
5777,0,0.028247004446209933
46171,0,0.040914600360748905
35172,0,0.03924438091203734
18050,0,0.04108348471117449
34922,0,0.029387475434813258
39732,0,0.029851127082650475
10778,0,0.024260527048772212
41882,0,0.056706132864733284
810,0,0.030572886594921675
36492,0,0.026457007121384726
14635,0,0.03400195577273223
1870,0,0.0413602528588476
31907,0,0.029604230804730795
8039,0,0.03983781125934027
43333,0,0.04095187855130029
38482,0,0.03026544372725226
37458,0,0.04025235420749584
46959,0,0.02579063502245361
7438,0,0.04089373580721605
10096,0,0.02051240735931509
2259,0,0.029185983950240225
8922,0,0.027738670009026502
28829,0,0.05739133623751757
8868,0,0.031399705348931876
10167,0,0.018033677322391993
18359,0,0.041235585488141484
45583,0,0.04091082241773064
32480,0,0.040630866301234525
3357,0,0.0306498647619853
18731,0,0.03817022536219076
1845,0,0.032578385027737265
29933,0,0.028570596791071344
2947,0,0.040993344256293106
29682,0,0.027250376429082193
25575,0,0.03092231614630239
11891,0,0.026441531255318302
14641,0,0.04102821496234524
13456,0,0.04087647447976812
12838,0,0.04027230854985634
14166,0,0.04126122776715097
21973,0,0.03861333243242869
29040,0,0.03452851134583593
11636,0,0.03861448494630777
4639,0,0.03802294410039849
40807,0,0.04123365152455463
1478,0,0.035783566850250144
35864,0,0.041932264385454804
17117,0,0.03071342758076253
10975,0,0.0411767160864494
4169,0,0.024076538548387715
39089,0,0.032493765253507306
17150,0,0.03129586261003036
34953,0,0.0386565188239887
18904,0,0.06038198021322481
30871,0,0.038126938458245586
1680,0,0.011099793235322397
9159,0,0.03241001609670831
2562,0,0.040433588691208285
40210,0,0.03132105110213389
30788,0,0.04115124320667676
31050,0,0.04048066059597749
8071,0,0.03810264014613893
5745,0,0.04008771448146018
1098,0,0.04094169629596851
13694,0,0.03531034162845294
39212,0,0.04532194311977003
9446,0,0.02372876600934094
4306,0,0.023055042980254556
30930,0,0.020260682167680132
3025,0,0.04096557417290857
15633,0,0.03985022978039939
38226,0,0.04056302789582341
30264,0,0.03818099399685864
46000,0,0.039631260493381844
35218,0,0.04120408010993372
44943,0,0.03173523283778915
14750,0,0.03956023646871313
35903,0,0.04116461162277984
10261,0,0.010932698550410905
7228,0,0.03690802860469621
39898,0,0.043891591324930194
48966,0,0.031655721093296875
44760,0,0.0178953679229509
16981,0,0.030226764335823598
648,0,0.03816807726992264
26362,0,0.040977037482015616
41622,0,0.03086247781865938
4586,0,0.036917096739273784
37171,0,0.03760609327591588
13297,0,0.04096800894755247
31935,0,0.039037003467014914
9160,0,0.03209368878170356
43918,0,0.01543754396268882
12205,0,0.030026225979849032
14190,0,0.03807778654530143
40535,0,0.021340563728983256
38653,0,0.01086145262163658
33344,0,0.029611611290928232
49022,0,0.03634113722425538
46409,0,0.038075348125885165
35657,0,0.042367542269990996
18384,0,0.03758980749683537
45663,0,0.02319941127391647
9612,0,0.04525962521307105
994,0,0.037733609159958284
49002,0,0.04741182133826269
21607,0,0.03911672313144891
47957,0,0.030279586081608533
45851,0,0.03742642582975945
2640,0,0.038374671770592735
1782,0,0.04124927824604073
26631,0,0.030019860921459994
10298,0,0.020985303087890646
24524,0,0.024183410514962634
22552,0,0.039458284055810464
86,0,0.03859769517009847
34007,0,0.0232943238418495
295,0,0.03138605389571754
29538,0,0.02278639554517711
31578,0,0.030798159906268656
31620,0,0.03093824325867605
42060,0,0.04085354087199938
10155,0,0.032380135025416
6044,0,0.03919690906929899
48663,0,0.04025443610258313
41911,0,0.028124665175870006
39182,0,0.029430797098302604
8995,0,0.03846031139850153
31885,0,0.040987096361238824
18446,0,0.039587969221813624
36399,0,0.03260536106087907
11442,0,0.031489036915964046
23338,0,0.040228497166604905
43628,0,0.040672349663571604
18171,0,0.04079429490263473
31786,0,0.04123293487189461
21265,0,0.04070726719623972
26158,0,0.03167064670440938
11101,0,0.031547115175690955
16702,0,0.02639609084070898
41186,0,0.029503682339885026
9136,0,0.04022269676746457
30885,0,0.016178472739133
945,0,0.041091733849038484
39958,0,0.04122834292820436
31653,0,0.022515218552825206
21587,0,0.031252317482550876
41371,0,0.015982297842284665
47737,0,0.029621417296598302
28399,0,0.057607509206388824
34677,0,0.03346635146476282
7650,0,0.040904401318878084
41603,0,0.03136012281047548
39347,0,0.04002461687931825
22061,0,0.04154952887825316
7501,0,0.0349723532713176
28505,0,0.03975261459761578
45121,0,0.039815103747866384
33471,0,0.03765256718615063
4941,0,0.032342792768069256
30890,0,0.03755734399665617
35730,0,0.03315896045365069
33342,0,0.03814511430603099
36913,0,0.029844523525742093
33076,0,0.04089149772897095
43227,0,0.028638685362692606
46214,0,0.040195441821273034
30140,0,0.03536048033009366
31605,0,0.027320938298864585
26165,0,0.041134115129579506
30294,0,0.032722458126914086
18372,0,0.04095107514135614
6003,0,0.03107318026589989
259,0,0.03762930642640337
38461,0,0.036977188107799985
19260,0,0.02873981630120049
3576,0,0.03260652673222463
43478,0,0.035564759609145576
11439,0,0.04491658000527538
28485,0,0.035724265592432886
40311,0,0.032498007094565844
24695,0,0.039993083549065216
33002,0,0.018465224599327798
6865,0,0.030366218719508356
16929,0,0.056192434619469885
48769,0,0.023998082981475207
36347,0,0.05737448233258336
6870,0,0.0301367923353877
19765,0,0.03919132500724023
33683,0,0.04121101605848505
18964,0,0.011069502562231067
12636,0,0.02830187630305162
21424,0,0.0211196166733575
37852,0,0.04029433898580528
46001,0,0.03749822618069133
17208,0,0.03646682318797585
32024,0,0.03243176742366
5161,0,0.03890598223823705
15039,0,0.01864812786235804
45875,0,0.03749232759775227
14419,0,0.03757960327867727
31174,0,0.030121956904155655
32714,0,0.035954495700523385
28601,0,0.03714791237740635
35030,0,0.031211668595049903
40040,0,0.035021003380808165
38455,0,0.039528608719994716
35,0,0.04097002686728742
6105,0,0.030223009418891843
6125,0,0.02159865532179234
25348,0,0.040793363464927686
39752,0,0.04119353090376276
24404,0,0.02652747228578645
1260,0,0.03991304335124682
28515,0,0.029227767715891063
1656,0,0.038180748754448705
4260,0,0.03257669691506222
28006,0,0.03786141592748317
27045,0,0.029695350847094334
14165,0,0.03193584412658151
13553,0,0.052380578477327314
27364,0,0.037483703851503986
39015,0,0.04103529663301068
27848,0,0.029823703687859537
8840,0,0.03950399306733108
7885,0,0.019788236313926837
4478,0,0.024466695532420188
27164,0,0.03950017621968959
46072,0,0.040731569762161225
46336,0,0.039870229889016374
47675,0,0.030710141765220404
30524,0,0.03193180500313002
15143,0,0.04119444188942816
10371,0,0.026343451220963095
24608,0,0.03893169745003652
47039,0,0.03749098797031833
36882,0,0.037489353068862495
26917,0,0.040090665311268245
13092,0,0.04120361241574196
11423,0,0.02705255340412886
9746,0,0.01328198148582572
32691,0,0.03208929262441473
33769,0,0.039800006630650024
409,0,0.01966704942781833
2044,0,0.02162861636589231
11683,0,0.03212066982339452
24411,0,0.02029938851957026
12512,0,0.03260287787169257
15353,0,0.03846531085248376
42113,0,0.03978250426209574
20516,0,0.7211511184186289
18287,0,0.04101808558041905
21936,0,0.04128127253794662
13705,0,0.02300063450123576
4595,0,0.03191849521311587
43372,0,0.06125719475606215
42344,0,0.03066624675407169
9042,0,0.03936214464622719
10407,0,0.03132487600874298
14028,0,0.022134177335780828
22939,0,0.025744579099286888
18657,0,0.03802944467345602
13558,0,0.02951359134975969
34156,0,0.039451992624822546
41816,0,0.026350999895350898
8652,0,0.04038574612517064
39416,0,0.03145904466698594
14098,0,0.05537153967506642
40823,0,0.03816861531397009
32431,0,0.04051845410221606
29729,0,0.02923633468779217
40251,0,0.020148704282838492
46986,0,0.024147640060815805
26526,0,0.04118885029164385
30045,0,0.026254853768825158
32815,0,0.04132416629246516
5497,0,0.040977847162599626
20996,0,0.04003521040147043
19627,0,0.0852904023928012
44777,0,0.028463733120401905
35583,0,0.031313150155889834
29336,0,0.03175992533148262
21288,0,0.03175744703545985
28769,0,0.03911395253910554
43303,0,0.04125378787226474
44445,0,0.009258572892104891
4002,0,0.039987835748853576
44334,0,0.04061895107749003
38793,0,0.0410536524343717
40698,0,0.05082178517286167
27006,0,0.04086643993039368
44302,0,0.03740198469006801
18622,0,0.040722880209198994
22874,0,0.029399821722470878
4070,0,0.04038768608901751
20304,0,0.03221174024299024
8523,0,0.03998468257424682
46547,0,0.03174598042604477
25300,0,0.029652245801640293
44163,0,0.028083629975878655
7952,0,0.03150642052760269
32513,0,0.020931790843217894
46561,0,0.04119140383985849
13191,0,0.03061826787943482
24803,0,0.04110799009619429
40409,0,0.032256188056291046
47965,0,0.04103373572344415
24564,0,0.041118656105667256
38018,0,0.040853310146914804
123,0,0.03817012841524586
45855,0,0.032541936256072934
16964,0,0.03235735476473208
17470,0,0.055512800726213486
39294,0,0.029607497844580558
35586,0,0.040193241328969315
45203,0,0.04019265919127355
17078,0,0.028554324016412388
1533,0,0.0398881687844163
34758,0,0.03890037785391813
9607,0,0.011191527464682386
38834,0,0.03463501480320042
46140,0,0.0319955592436936
19661,0,0.03469943078850209
16581,0,0.032358400948290386
16639,0,0.032560562258998955
36560,0,0.04690751740949482
20203,0,0.018706950969353323
41222,0,0.03994091164830756
46096,0,0.0383693425236695
19469,0,0.04139685611176595
4189,0,0.031031209543458924
7540,0,0.040732945253928884
47265,0,0.0562153642008834
12115,0,0.028824943264421383
7616,0,0.038509659737294026
11656,0,0.027147913917949823
21380,0,0.030323469415522906
38679,0,0.037580056724298094
29644,0,0.0386947619213541
328,0,0.010164802334013824
42234,0,0.040561699373765026
38872,0,0.037688357674088444
21015,0,0.03979890371917441
5143,0,0.03106630010224745
38591,0,0.040848669550684676
16947,0,0.06189729985670458
28057,0,0.039700805044233324
38359,0,0.03252888754953914
13299,0,0.03968045076517046
7597,0,0.04102855583696224
25292,0,0.04039435236060594
45445,0,0.04097593951278681
13486,0,0.04088591267923445
978,0,0.041198938047878206
1539,0,0.03286952700546027
24868,0,0.02995638880543344
25212,0,0.04024269160679757
41866,0,0.03757459892807089
47524,0,0.0104476674565446
6683,0,0.045789281485508794
39879,0,0.03224176293798623
3052,0,0.04047553921539
3955,0,0.04175996181594651
1830,0,0.04661683258518495
30284,0,0.006235557766911555
23999,0,0.04100893799632718
6204,0,0.03592947977613772
2844,0,0.02290016936867951
34679,0,0.043871865854028864
7448,0,0.040586416883917883
15942,0,0.03955015931698459
34759,0,0.03773355620168413
38040,0,0.02664531872767666
13419,0,0.025498317602818184
9795,0,0.03234938985914873
46686,0,0.04132216644316606
19809,0,0.041041557168070314
35716,0,0.03431915163195195
25107,0,0.02079397797101376
7145,0,0.04103458872130018
34044,0,0.03747627219604488
39888,0,0.023691284620669262
20037,0,0.03258081130204181
26727,0,0.02613289580788166
23705,0,0.03984983124032718
716,0,0.03218979530825274
33613,0,0.040564266294512666
36651,0,0.025713741830462013
1355,0,0.0313816620716285
35544,0,0.03163961253760846
40356,0,0.03179916197784493
38732,0,0.04052547909977073
4563,0,0.03966898646464501
30844,0,0.04174727762980067
36272,0,0.03904510399264989
21384,0,0.03892706083390186
31683,0,0.04128483183419185
32474,0,0.04000329768877746
22165,0,0.01146550570489448
4848,0,0.01916257164456641
8738,0,0.031731047438822164
25070,0,0.032590205515640715
36518,0,0.03263661043912192
43863,0,0.031963697085325496
5700,0,0.03770467959916274
33731,0,0.03067225353896497
26975,0,0.030443882251857818
1541,0,0.031891033182616525
46200,0,0.040411260309551715
21890,0,0.039909463057096674
18936,0,0.02275173317554659
18938,0,0.03910359130903542
30208,0,0.03825644639433675
31345,0,0.026785820712009585
27881,0,0.03240048742017818
33283,0,0.02947065611056001
23597,0,0.04097589168062122
31221,0,0.02812169118743746
19698,0,0.036939205871823526
31109,0,0.04067789244132285
48715,0,0.04115730816530734
25454,0,0.0412307038486434
27934,0,0.032029527039617804
38395,0,0.041202429815425906
27406,0,0.040086580083448446
8468,0,0.033393586728403576
26787,0,0.01569458731091697
8173,0,0.041238558008572006
9484,0,0.03213977926256473
4348,0,0.04104622922367946
45521,0,0.021814666272340695
30448,0,0.055902309294888784
24185,0,0.016082153838167898
16378,0,0.028748143997257176
46462,0,0.031468014783521105
5332,0,0.03252924794562963
27382,0,0.021838939083935884
19542,0,0.032552648610992704
37569,0,0.041172405208507
17478,0,0.03023342467374915
47224,0,0.03824430556426363
8928,0,0.022982051789065074
16718,0,0.0375612217357179
7959,0,0.03236075013587176
24211,0,0.02329777099185325
14423,0,0.04096082674046279
30302,0,0.750407029515089
12912,0,0.04077212869924399
19383,0,0.03550376066016007
33550,0,0.026585909738046073
31798,0,0.04137083083557023
12941,0,0.034679150065355595
24539,0,0.02755292294932408
43117,0,0.038408866137441044
20708,0,0.039527405786154844
7043,0,0.010984646716946923
43414,0,0.02744796137722302
12691,0,0.030387100514719566
19594,0,0.03288700551227796
32623,0,0.029467456853189425
381,0,0.0395411503406363
1534,0,0.04618339000343463
42961,0,0.020813840923040457
16079,0,0.03912860216780066
14479,0,0.04128789376462541
45545,0,0.030330733189142547
48916,0,0.026840553994631443
24259,0,0.028615585897943982
20137,0,0.06841521595745409
36317,0,0.04121646115374483
9210,0,0.030384730612078605
19861,0,0.02965758033147292
10368,0,0.032521822141960414
16758,0,0.03910415930294483
44191,0,0.0403659768934192
7264,0,0.03078270510208793
46481,0,0.04046094756251411
22328,0,0.04071900728214959
31043,0,0.040824724245363354
47786,0,0.45068009073962934
8732,0,0.02899044159507187
15821,0,0.03785348911224092
16188,0,0.03802821586504254
27205,0,0.04111907416606288
31557,0,0.041212822143269996
31995,0,0.04139285525966675
32457,0,0.018516766431893875
13408,0,0.03190000180896797
30664,0,0.042960935831078205
44029,0,0.03272921376212648
34114,0,0.025579814117288727
5897,0,0.037956275248728875
14952,0,0.03817157760203347
30543,0,0.030637015393438823
40967,0,0.030445680016852602
41370,0,0.04676441418121955
45035,0,0.04109877635952958
22239,0,0.02401306980676632
7736,0,0.04085417319180165
24209,0,0.023746632342277113
12603,0,0.041063708728832034
20241,0,0.03270594047380061
33368,0,0.06020814591702559
34666,0,0.030524425095175535
10601,0,0.02303778128139108
19119,0,0.02442437898447161
34632,0,0.013593860571991506
13169,0,0.02470479981400374
30417,0,0.035068962827873605
20586,0,0.03833332798537027
9786,0,0.03243217473483544
30897,0,0.0455982162632228
28719,0,0.03242536149345159
3332,0,0.04102921780173507
30493,0,0.04115816822374938
34579,0,0.027009923465720197
46123,0,0.029780430883924746
1689,0,0.07658186655373496
33454,0,0.03004906192073442
31669,0,0.030672978341914757
29145,0,0.04106146670931197
43709,0,0.03129892206664161
44314,0,0.03165033228421638
43552,0,0.02189379038573185
22443,0,0.038106769954293476
42080,0,0.029646350924059404
43624,0,0.04121487542774781
22104,0,0.032339260994337454
46048,0,0.046829660756228894
12260,0,0.03547874028174273
27992,0,0.03470504155307327
46945,0,0.024144118006434317
41851,0,0.0153141722181147
10484,0,0.010606037340579189
10208,0,0.0724214167347131
11015,0,0.038173347523006794
23269,0,0.04095274480496948
23992,0,0.03154528724695784
37317,0,0.04016541891151402
20190,0,0.04018165297038566
24683,0,0.011068883699406428
29165,0,0.03987863333760371
40733,0,0.039624060139465025
24249,0,0.03137629052922072
46930,0,0.040002999912901946
20284,0,0.027569498933636326
11220,0,0.03202268586647811
43278,0,0.012484283661696781
44207,0,0.03258421981589339
5505,0,0.04115978665549769
33698,0,0.04119821160366478
16688,0,0.04102057512061511
28401,0,0.04100931366132976
10974,0,0.03874444530536603
4052,0,0.024378786954958508
179,0,0.0580346031412642
31999,0,0.04110583311971078
30236,0,0.03756012572049473
16446,0,0.04041649366668929
206,0,0.040577030102412565
1159,0,0.04121386759773963
36082,0,0.04097217298226463
32439,0,0.04084009258968689
25254,0,0.04111627831204239
30275,0,0.03792704210064775
25826,0,0.02512094424911482
26501,0,0.012112747654654024
2850,0,0.03236194107503696
32930,0,0.031437435270192174
30091,0,0.021826658049694116
24843,0,0.038507428454201575
11078,0,0.03210072732087762
7315,0,0.041154922534723845
14763,0,0.02556655138012145
43823,0,0.03151137481914269
17855,0,0.025792562719882665
44074,0,0.03753439431290096
36029,0,0.03006607931350304
35203,0,0.04110051225791389
42023,0,0.03752232049724689
35694,0,0.038690543878692786
46822,0,0.06151826544726403
39227,0,0.027182062446812982
3872,0,0.04114127309312475
26828,0,0.040885031887024595
11472,0,0.04117041377265753
21595,0,0.031113404542153788
46137,0,0.04462348764426556
32341,0,0.037556945557547815
28446,0,0.04115581167769449
17636,0,0.03274285969248683
13599,0,0.27672583557839225
48699,0,0.022098515353134614
29170,0,0.04144764129175401
9178,0,0.040951864170609587
38003,0,0.020440483721607682
48515,0,0.039535152745211403
42676,0,0.030724102143501006
38829,0,0.026434197229711884
35530,0,0.03171695146253763
36797,0,0.037157677034496885
36799,0,0.02038171720798977
2305,0,0.03176143392918342
3717,0,0.03229580046194062
653,0,0.014954694963196784
19978,0,0.03837137718939602
37418,0,0.03434212817532825
5887,0,0.03749279639346336
38544,0,0.04110513626522743
4032,0,0.04108860353089318
5747,0,0.030940105482476252
35458,0,0.04028826751957322
6592,0,0.026630800537738624
18612,0,0.027996115874895068
13190,0,0.018391624057004143
4114,0,0.034458526933213725
21589,0,0.041283273775369306
38788,0,0.04122999289010966
2526,0,0.05723578883115139
6786,0,0.04123196687061735
41019,0,0.04097923452484758
23167,0,0.028876139422052055
25539,0,0.040874595648434285
26776,0,0.03834512469079031
9585,0,0.03153220690612927
40786,0,0.02334927556335978
43731,0,0.03183407498540664
45615,0,0.03783767089826851
33856,0,0.02846360376304867
42443,0,0.039893300250279574
45676,0,0.04029200418320774
35904,0,0.011643893320984734
38927,0,0.04083416348478971
8418,0,0.04092490665383829
30737,0,0.04114116350151934
23961,0,0.03282117907361901
41130,0,0.05550604608981519
16299,0,0.04119282218585544
10599,0,0.03155261168596291
6296,0,0.03595533183108796
26875,0,0.027304101580738916
38167,0,0.0070330089412833875
45444,0,0.026053399841377677
6338,0,0.04094173086034808
15205,0,0.04124352852271464
38443,0,0.02424161277285331
27355,0,0.03862472357060624
9995,0,0.037500832150015755
13086,0,0.03697216314555902
9354,0,0.041158060919841685
32452,0,0.7580257003755175
41018,0,0.04087153840207125
8025,0,0.030846805913299562
1596,0,0.04116766168187772
45036,0,0.032540856792502376
2468,0,0.03253441677954801
47017,0,0.018524211778089543
7590,0,0.03228774816910257
36355,0,0.040299778513008574
33371,0,0.03960822481973688
3664,0,0.03203298859369532
17149,0,0.041150055912837456
19838,0,0.04066618863884385
47634,0,0.03246104042436547
2183,0,0.04009100555145391
36252,0,0.0314739233378329
8106,0,0.04093057940045936
37548,0,0.03986736052722523
141,0,0.03943898069126262
33504,0,0.02291554710772738
7824,0,0.035888670059312545
14123,0,0.03288654899256202
445,0,0.0322526304885685
17964,0,0.03100643154273411
17912,0,0.04113692363281635
6400,0,0.05755235072479382
6090,0,0.028042119100511055
33462,0,0.04118861150137845
48622,0,0.03172905791177283
33192,0,0.04011276009673828
31342,0,0.046832723443547844
11012,0,0.041620810465808296
3554,0,0.03956411663997453
2632,0,0.03944154859423386
38074,0,0.041167927868708244
21579,0,0.026333902948785393
33307,0,0.03816085070194736
19607,0,0.04119809632049408
40789,0,0.018785650406281343
13923,0,0.04122487986452586
27622,0,0.037630372348307344
10490,0,0.040614717671912465
48587,0,0.023576820298149167
12678,0,0.030098725626648618
18920,0,0.03073128681639239
47163,0,0.03756153255702709
45462,0,0.02592454771087693
44292,0,0.04012396740420855
8104,0,0.019775161106064868
16616,0,0.03321064705117968
38945,0,0.03480609470540613
45877,0,0.039638080047792255
46553,0,0.03222009242575925
7717,0,0.032307102591568396
13799,0,0.04131402829469936
48049,0,0.03220330426676116
20693,0,0.03160086072017574
38008,0,0.04118776611246353
27383,0,0.04119436392197936
27431,0,0.03861824401815484
903,0,0.03709921980482474
29163,0,0.034923362131336455
6753,0,0.03753784143540567
44172,0,0.030305108964083106
14443,0,0.057456865551198034
5463,0,0.03179892163081248
10518,0,0.03774393243164795
7218,0,0.027122321037884648
21927,0,0.023398726732704826
18309,0,0.03989461290916769
45394,0,0.051764768349233735
39828,0,0.04120271624198217
1910,0,0.03984921654722351
28405,0,0.024669676217687005
28938,0,0.038147011277235715
20026,0,0.04117201517289016
42009,0,0.032620089307742135
44337,0,0.040113149216193404
18226,0,0.04100106535442685
23295,0,0.027777806129186386
47656,0,0.030171820445533105
38757,0,0.03183099357370663
49076,0,0.0557873392552062
19093,0,0.04041691018023414
3316,0,0.04127997140834121
36192,0,0.04041154430790237
14776,0,0.029639524245449547
11188,0,0.03962236334023204
20954,0,0.02660177319402524
5010,0,0.037500594781810316
10536,0,0.041205001190002595
41553,0,0.03801616304664805
15870,0,0.04081210209017762
39889,0,0.01921887567271675
985,0,0.03154943982293019
35175,0,0.038404976017509244
4188,0,0.02639246417655732
31632,0,0.03932462075595552
31488,0,0.038478974614574814
3564,0,0.034219701073398265
7907,0,0.0264582925154724
43381,0,0.040691355764279985
20631,0,0.031601628817272034
15810,0,0.03757105726622968
47606,0,0.5237337010924612
24572,0,0.0395053037468446
3415,0,0.02443734698040043
40666,0,0.04131285623799037
44175,0,0.04117417644645496
28904,0,0.04046496068473733
15395,0,0.02056720105027345
26687,0,0.03208407526430821
11178,0,0.02874181078080926
17516,0,0.0394666407146094
6735,0,0.04097554724824258
22290,0,0.037183334345471775
15838,0,0.04099979270235515
34645,0,0.018179811816162975
32699,0,0.04100692297838621
2915,0,0.0411537604732101
34927,0,0.027250493109829705
34235,0,0.030713296522138285
2542,0,0.01460451235885023
22215,0,0.0411154065660696
29794,0,0.03815914181679649
22140,0,0.031090069578661245
30303,0,0.04078145392646608
36118,0,0.0412111130365489
9966,0,0.032378007522575955
23911,0,0.027169476639655857
43939,0,0.031568537714318896
29646,0,0.07044948924871404
45502,0,0.040384973310076205
2005,0,0.03821408247919258
27562,0,0.03759695888437476
20674,0,0.03960626740713288
37160,0,0.038588056941833676
24186,0,0.03226931292339485
47939,0,0.041233779424953945
46267,0,0.04120377132016655
39245,0,0.03761495592981795
7915,0,0.041195798273621465
6029,0,0.04076785309021315
31257,0,0.04087656628126482
12212,0,0.039508306662021264
5121,0,0.03984779380314371
25838,0,0.013784421947200302
41113,0,0.03947990640153682
1212,0,0.039170097972539994
6705,0,0.04030126126820648
20845,0,0.04102179216784929
23593,0,0.03793046281380593
924,0,0.04059333936839873
620,0,0.03246042989200612
40705,0,0.016538078732218697
41980,0,0.030757069814216692
23036,0,0.03093304452334068
30078,0,0.032139631322672994
29004,0,0.05218115583702646
10460,0,0.01993347430456954
16317,0,0.02437889531090622
39937,0,0.040070299584370764
16588,0,0.03814532450393688
7248,0,0.04073895301619393
43007,0,0.03238652746555854
45911,0,0.03141872611706679
25383,0,0.030890519098346305
12640,0,0.04103246904746966
30288,0,0.03797125846591048
11208,0,0.039104131884507294
36657,0,0.020607688552318534
39236,0,0.040449431698358775
6106,0,0.03716559535757875
6012,0,0.032026963054696385
10640,0,0.037949303524270415
33857,0,0.04118576387199732
34325,0,0.03166791875867479
31156,0,0.04123563748537686
9537,0,0.021956312633092563
31983,0,0.03777427316289281
37536,0,0.028881601856001655
32511,0,0.030349930049450847
10547,0,0.03247892966363272
38984,0,0.041364930947553634
8628,0,0.038650970156513094
40939,0,0.03040832021090005
18554,0,0.041422555111788883
28453,0,0.04680306672851136
32682,0,0.04113435760447262
31595,0,0.04086649687774845
43015,0,0.5319816840056469
43363,0,0.028017536271720194
46115,0,0.03020459949855574
3908,0,0.04459848967836009
34225,0,0.024327335032196504
9453,0,0.03815573376531628
3490,0,0.03749770278952332
17494,0,0.03750128298096771
30114,0,0.7203428165096247
15715,0,0.037540153373465696
32110,0,0.03237082224880009
42626,0,0.04071003396342055
32559,0,0.010851944296420347
29213,0,0.028105301909706334
40363,0,0.04942919200577747
19975,0,0.026446092189311408
6084,0,0.04071202127307832
48601,0,0.03749695020601222
26843,0,0.04084026331434206
38175,0,0.031065393510278476
17045,0,0.02813819826846533
5204,0,0.03337728605331808
18107,0,0.02590993773178139
33566,0,0.03749000812433323
21982,0,0.034011028398559344
21766,0,0.040644487488712855
33951,0,0.04106048336174376
23085,0,0.03986590540816195
38525,0,0.04076266138032266
1513,0,0.039328381350121094
34387,0,0.022726949887275343
2291,0,0.027207363152514097
20058,0,0.03276725601170777
7858,0,0.035520079502790444
16376,0,0.02235558539470686
16817,0,0.040807373245165784
12383,0,0.027767504445804742
30691,0,0.03302020224677126
28665,0,0.05166315400710906
45330,0,0.0360829658628898
6615,0,0.04031026760618503
45202,0,0.040897522085372895
24789,0,0.0190209943617403
45149,0,0.01789939826104775
25304,0,0.03830974216684816
8076,0,0.04031775410717933
9309,0,0.04108349452935886
25569,0,0.04122516714454074
40980,0,0.0375770672883967
24386,0,0.02723861664909787
32611,0,0.07413021151980607
12530,0,0.02692850226137835
15457,0,0.04124734817349848
22142,0,0.04026100310786107
26901,0,0.025613138721552624
35911,0,0.03191108368627061
39810,0,0.04109660749935446
6151,0,0.03155180904678736
37538,0,0.03932242210896406
37279,0,0.041308416069629296
2406,0,0.028813653450368876
37889,0,0.040445293670194976
49087,0,0.040622673806427034
20889,0,0.03844104385178949
4550,0,0.03972180692337538
7452,0,0.039058906576618174
22684,0,0.026273433012415266
16701,0,0.024545802575042144
25805,0,0.03139308698284163
21345,0,0.03163897530178841
17102,0,0.028563035165406852
7262,0,0.03898100488653704
31397,0,0.04085252143302241
18720,0,0.03634151461165659
13909,0,0.032252053498612064
25158,0,0.028739837031848552
46052,0,0.0404133871289828
25096,0,0.040004978544179295
13828,0,0.02211713075943352
6707,0,0.02376718123096857
39290,0,0.012819967001964628
22313,0,0.04110782259621977
12293,0,0.03145263761156554
23526,0,0.030416631706637727
41952,0,0.041220766137752274
37686,0,0.04090253550991417
23699,0,0.04024407193936678
8047,0,0.028163373004418003
18710,0,0.040888218103822295
8872,0,0.022630389946671683
29498,0,0.035143032771973205
25924,0,0.019333142335340756
23368,0,0.0320111718147571
13477,0,0.2593836480786263
503,0,0.0411009929712201
39487,0,0.0381924979550401
16725,0,0.037741324933370665
32899,0,0.040674429997828616
17444,0,0.04116590436627232
20604,0,0.04022149930570562
39331,0,0.04084541669217315
8963,0,0.03757146654456261
20537,0,0.041172411241533216
48419,0,0.032082911824973075
12687,0,0.01160318119290432
4183,0,0.03768400478003725
23826,0,0.040859897813926516
23414,0,0.03973551029522787
27198,0,0.024170181578120897
15634,0,0.030450821709365555
26910,0,0.03785251985679348
44096,0,0.039515065831166526
44087,0,0.03951141326886401
34369,0,0.039878869866548323
46189,0,0.04749731441596761
6799,0,0.04147930414551042
45430,0,0.014400750396312082
36931,0,0.03748904637623144
13589,0,0.04115627729185318
40573,0,0.03406839680944394
28151,0,0.024408225470754497
48083,0,0.04083516614264978
13389,0,0.029843485921680363
26827,0,0.04059315658886511
38562,0,0.040841824853340265
41809,0,0.04051971856490309
7509,0,0.038840361163324996
44427,0,0.02960824573799364
3866,0,0.029874546095237212
47062,0,0.04121656919560599
10189,0,0.04030328961766228
41729,0,0.04088913383717032
43291,0,0.03137306403389209
43368,0,0.03992506613065403
265,0,0.01619069696751209
11240,0,0.031911123059155694
1345,0,0.03933415028422675
18669,0,0.03154752151565969
17211,0,0.028465064716185626
15415,0,0.041214006731909496
45973,0,0.040639179382672204
47564,0,0.02551820262576043
27443,0,0.040477716017830255
8715,0,0.038196599842009425
48648,0,0.022989997581026853
27607,0,0.037107243848120725
29277,0,0.04493692606027237
3254,0,0.037854157748764126
46080,0,0.04123867947217948
6912,0,0.04113040290613351
500,0,0.03219426673895162
42806,0,0.0394909419515191
38332,0,0.04104663859067813
14524,0,0.03809372601577859
24863,0,0.034836509994706874
34261,0,0.011855981927647441
34502,0,0.039776624505383065
46557,0,0.03230635989740842
20683,0,0.04121347981253962
40288,0,0.04058779527204883
22959,0,0.04125773313819123
38908,0,0.041195281788409525
24808,0,0.04030866791545957
21546,0,0.040004567366006466
13562,0,0.057575460329761505
21846,0,0.03768171445408884
29358,0,0.05573070848744726
8831,0,0.03857465630647471
10329,0,0.03795606987955367
23445,0,0.03194556045084222
19715,0,0.02244523244704188
43311,0,0.04085817966227263
10639,0,0.038799122205960726
2104,0,0.04117172175431834
12897,0,0.037679194537570904
30679,0,0.041108862931745004
31569,0,0.03946282527377769
22492,0,0.03775789778497616
11703,0,0.020687169054288107
10457,0,0.04118418890926776
22920,0,0.04115863288887393
18123,0,0.04096305245861289
30624,0,0.037887470066527484
23042,0,0.04032688203204941
37251,0,0.04103089577511068
1371,0,0.0324721745088796
28545,0,0.05621927066504509
22795,0,0.03237023807600099
7813,0,0.03928349054269551
17495,0,0.03164924217627207
15834,0,0.038160393251772826
44708,0,0.04063573788133755
12684,0,0.04912295235110967
4005,0,0.028393765884629895
21318,0,0.0326138680496834
7780,0,0.0411504189216645
31160,0,0.04105756151858141
46382,0,0.03779915250927007
19489,0,0.03842043365182701
40604,0,0.04064925666284945
31859,0,0.05768156674025749
17656,0,0.041151140344853475
7722,0,0.03058508124976176
42130,0,0.04054704766943848
39811,0,0.04099206129676282
24606,0,0.02254046279429411
22506,0,0.03789189949975797
37939,0,0.032265782506005355
32115,0,0.05655916741936205
13956,0,0.031089971373848384
41024,0,0.022862620737440303
44461,0,0.04005722726986845
42213,0,0.029350226719911887
3071,0,0.02587081037359427
1480,0,0.04108314577443013
35763,0,0.01598447616297911
5142,0,0.031375977812360685
35272,0,0.032148216526031385
42379,0,0.038634132490483586
40793,0,0.040016382093141456
15966,0,0.03946421054155619
11975,0,0.15402579311539916
34357,0,0.020960594195011367
32143,0,0.022839071254994566
5615,0,0.020613087766899234
13922,0,0.040900982980727106
11132,0,0.04069434159930123
7802,0,0.018984328450068175
37574,0,0.040918031855758964
47905,0,0.03230498074299727
44677,0,0.03760695598693063
35533,0,0.034131032341131524
43173,0,0.03880693381007648
9705,0,0.030782823630327787
30782,0,0.04096228759592886
26382,0,0.027281634518160888
19850,0,0.04111890511130243
34109,0,0.022162124661617984
11956,0,0.02958476401447012
915,0,0.03197858944451129
12509,0,0.03843028731331431
18687,0,0.023050463260412147
25323,0,0.009671421008966416
38225,0,0.0195212573627492
21718,0,0.0316546729533258
28792,0,0.012193584876448671
35735,0,0.028843595227144043
35052,0,0.0326883683948754
22855,0,0.0397738872406911
11011,0,0.04115276719269722
9970,0,0.030577734169787374
40190,0,0.041197342695943676
15849,0,0.041152409551455896
10463,0,0.034134175125541066
5981,0,0.0187393047832305
15601,0,0.034536837467219
11238,0,0.032259802053802904
48448,0,0.04064496687333922
27798,0,0.041223471423625126
42275,0,0.02626568176553382
26204,0,0.03228463808224049
13300,0,0.03996432091240393
7355,0,0.028524812719248095
2715,0,0.0401824542098033
21443,0,0.018864681514466745
32759,0,0.04450631350063056
10941,0,0.040453061924998014
42237,0,0.027177838829030583
21603,0,0.04108366857282016
7022,0,0.02792352997839605
8443,0,0.041154259131251925
22108,0,0.0397711344873834
30814,0,0.04074847101740079
41482,0,0.04011221016896519
3389,0,0.03326378029752893
38263,0,0.03970533023330427
37275,0,0.040067740259211684
10814,0,0.029670282941451766
7831,0,0.04109553522780434
47078,0,0.03213790734696273
16905,0,0.040919910392331865
8957,0,0.02472750305611489
24169,0,0.03252540963244231
39679,0,0.022078220263324542
9740,0,0.041059355083995344
46869,0,0.006052908431681679
37559,0,0.11218708344962489
21633,0,0.02995086989053136
11777,0,0.032593601432162396
28014,0,0.0062123531311967526
21306,0,0.021030510977423943
29095,0,0.03506352497398357
38989,0,0.04095087193761725
40099,0,0.04119931639440469
47771,0,0.02678970666850423
28610,0,0.03794829428546753
7417,0,0.04168337404403579
10650,0,0.040838461009992805
47631,0,0.037539421833710486
16821,0,0.029887367302769925
7760,0,0.7202692268952365
38502,0,0.03984212500975956
42268,0,0.02815747052991322
16560,0,0.039408795458698874
34094,0,0.03179333868195234
6966,0,0.021718843465489728
27257,0,0.0380829867188302
33789,0,0.032577145568984396
26324,0,0.041107401754524056
23300,0,0.04060868034333823
34397,0,0.026889580494968784
201,0,0.040539174590628016
28012,0,0.07239150946647435
16206,0,0.03153366130474972
31326,0,0.03783936373532761
5651,0,0.021178386228407356
47828,0,0.03974414365315298
47086,0,0.04005684525490106
16277,0,0.029368608537370337
12224,0,0.01300573595598361
47996,0,0.032457296305003935
45664,0,0.04084030361000613
630,0,0.041083954757495565
40021,0,0.04122537976886322
36619,0,0.038166893512402426
14025,0,0.04107589341573212
46261,0,0.02815350475185873
41047,0,0.03990540874709939
25469,0,0.03867197692897628
19693,0,0.030055561460586445
39449,0,0.010407539202833122
21845,0,0.02035898920294819
22520,0,0.029127840007705214
10526,0,0.0376434416242131
9692,0,0.0341385687096775
16780,0,0.027043823603850464
22515,0,0.038420618811327495
43639,0,0.02879831881465221
32634,0,0.03717843518342915
45935,0,0.03750619637851788
36251,0,0.041372606230430015
42908,0,0.041147973362502706
36250,0,0.041108203830047554
5259,0,0.03867136845241653
6159,0,0.03883166565285775
5296,0,0.01621590991790269
32707,0,0.03967945547896841
8550,0,0.029662538177882215
43336,0,0.02455061901659222
44978,0,0.03998943730585559
47773,0,0.04977779193937819
17349,0,0.040747993587482656
19102,0,0.04045772104384536
21525,0,0.03210573979322383
9613,0,0.028557396920441364
23061,0,0.03986854111267624
6185,0,0.024970446621394433
21698,0,0.04122431769367272
39802,0,0.061587455885768486
42324,0,0.03238091696111574
7064,0,0.04047103874111963
43882,0,0.040126119239160235
42958,0,0.03254154685007977
20442,0,0.022429718875954695
15769,0,0.02697918183813366
39342,0,0.04072543182710519
35235,0,0.03339109857501377
29422,0,0.032639298428461645
33840,0,0.027958835692005208
27862,0,0.04121706453852549
20510,0,0.026907481306790517
29968,0,0.022189296613782192
36700,0,0.031452541745301925
3037,0,0.04040267490644313
17153,0,0.03258121178062393
31455,0,0.020063429577131458
2784,0,0.03068401445167438
35094,0,0.0409022418883172
17952,0,0.0397743151317782
26268,0,0.04090476271366467
10511,0,0.03835768664777961
14556,0,0.02912873318781606
36639,0,0.03955230189690364
41448,0,0.04018669201478376
42587,0,0.04122743186238108
29377,0,0.00945630455877755
47345,0,0.04070546653673186
12867,0,0.040128028881857424
43058,0,0.02542720860074954
36661,0,0.03248292557751943
31920,0,0.030333407963108367
37840,0,0.021667939772043787
24215,0,0.038333247679032
27736,0,0.031625855157358634
34363,0,0.03124888150473455
14095,0,0.031533996045395175
28573,0,0.038594896220651945
24642,0,0.028906360455253754
34461,0,0.037911256487418894
19465,0,0.05132633485965496
37607,0,0.041157271152640285
20494,0,0.040035213006535626
35977,0,0.0376822057867403
44519,0,0.021655870740691238
10033,0,0.027180277653440117
34294,0,0.03984971923199509
19688,0,0.03793167449335681
7756,0,0.040918863059080955
12539,0,0.038739760076882915
404,0,0.04106340695924582
42716,0,0.04119350776567962
13943,0,0.06044231056209539
35040,0,0.027820527660715664
977,0,0.04025857593609307
30205,0,0.03209576672054712
23820,0,0.03216347799629915
8401,0,0.04099737882585759
2749,0,0.04089318850785437
39336,0,0.03578694345587387
14631,0,0.04034920271078353
40069,0,0.03998745157061924
30043,0,0.04099088926881906
31479,0,0.040903365289849045
48714,0,0.04119339125569543
8153,0,0.031724169305733435
22667,0,0.03266064765978799
9318,0,0.04093829482887612
6027,0,0.040800417569182366
27974,0,0.013344546308505524
14222,0,0.04087752382469593
31002,0,0.040205250349911535
7728,0,0.027812997031208788
5312,0,0.04095150385821201
37332,0,0.04046787278546105
21801,0,0.0349294885433923
33618,0,0.04341685325937876
13353,0,0.041158391027916505
46937,0,0.04120257660847581
40615,0,0.04481054625281978
46586,0,0.0350783300693043
31588,0,0.0325234437620925
25954,0,0.03963727145419373
34837,0,0.02914620665327338
14484,0,0.032897515075737696
6549,0,0.037429424553177756
18077,0,0.03851872406701851
16775,0,0.040191505526698874
36050,0,0.04128877470986032
13205,0,0.032133130036436613
32394,0,0.037658104424456426
1977,0,0.0280445153748751
26389,0,0.041127360834807676
374,0,0.04615204240111744
39349,0,0.040671828803439766
8691,0,0.03774984576159161
20555,0,0.04119529275932336
31626,0,0.04119273355411107
10696,0,0.027777456973958985
34786,0,0.041093592268471
2432,0,0.049519145214695824
5295,0,0.04066715167505597
47730,0,0.03477862483531523
828,0,0.032243239717331874
33253,0,0.037930964237931505
22626,0,0.040738531112519474
38366,0,0.0406584842969134
41842,0,0.03818749718241815
22158,0,0.03230301607530421
46100,0,0.04138967599091449
32076,0,0.031074117278613367
29703,0,0.030784311018348467
17632,0,0.03272457242323407
43361,0,0.030595730982389456
14306,0,0.011211191646717602
41438,0,0.03449906886647638
24996,0,0.032468596759791905
43216,0,0.01326613184955324
18448,0,0.016659852263484716
47045,0,0.04095884974632725
16275,0,0.041239074506820315
18879,0,0.0375729939658283
43036,0,0.039525625492594134
48886,0,0.041197261886772994
30272,0,0.0409803650979263
10416,0,0.03949032241990548
48659,0,0.041305636397757604
38761,0,0.04120494664042454
14916,0,0.028563025036025855
40018,0,0.03103381025755474
14975,0,0.04120487940906124
15289,0,0.012519048417398199
30347,0,0.024030472981115044
48192,0,0.04091521268618858
26572,0,0.02442957701369965
25343,0,0.03185798918191278
36433,0,0.04068150549404652
16794,0,0.0360484793855831
31195,0,0.0317829306600256
42467,0,0.032464267629183176
31732,0,0.04025816409192897
657,0,0.01577725552072142
28240,0,0.041268856259258316
26156,0,0.028057371585576637
21197,0,0.04110401640815439
192,0,0.015670263763631037
22491,0,0.04055963523367095
43676,0,0.027011194292229982
40761,0,0.040949344718375
22455,0,0.05549870265947831
45299,0,0.03894284459742458
6196,0,0.041026394611243924
44599,0,0.015061300512640425
33926,0,0.041244478429363844
10734,0,0.04046761654380666
15763,0,0.04110175746851013
26292,0,0.035912239561515256
14233,0,0.0273131819651009
39276,0,0.03594251415801441
38654,0,0.04110261360223497
7266,0,0.04091753421744065
34197,0,0.030437653730373132
3546,0,0.040373749575732504
35845,0,0.03469688445264017
48105,0,0.0318690381107268
31021,0,0.029226580522937053
4986,0,0.024170534521890132
20351,0,0.020628081404487568
11207,0,0.04073036208180414
35331,0,0.031490361894410394
9032,0,0.030730449270347387
35994,0,0.04668867668186136
24908,0,0.03751384846292284
13961,0,0.006376714963437239
21168,0,0.04131949665486394
31597,0,0.023465067594687077
11247,0,0.03821502271382368
48680,0,0.03157596624901542
35394,0,0.03023256371009805
39625,0,0.039653913209651184
2097,0,0.060489156422534475
48518,0,0.04114861733290312
22586,0,0.03188272823776634
4271,0,0.041122193377540577
2063,0,0.018899882656672782
30505,0,0.027961705750157367
25314,0,0.03167598168759503
3635,0,0.019804775796214598
27107,0,0.039123568154722586
3370,0,0.032418151128843706
44757,0,0.03906106386226344
5824,0,0.022894614831173197
46778,0,0.04110741857158202
46552,0,0.04130903787176519
13143,0,0.04147773408572501
29909,0,0.032817122731366645
2864,0,0.03179670193691751
9439,0,0.03238085297799637
22152,0,0.04067695019142666
24156,0,0.029957087149619838
46375,0,0.023131115080728057
32545,0,0.05580412177777435
33338,0,0.032593464189762895
42406,0,0.04084401844241844
1696,0,0.0412008640839367
29305,0,0.039496404608247646
8607,0,0.039880250409664406
27207,0,0.04127000958439275
35168,0,0.030351391531320854
14114,0,0.03787829763364068
30810,0,0.03253539842915088
10085,0,0.04117068721230332
5191,0,0.03238629480700427
22744,0,0.04112423586032571
2244,0,0.01106791470998341
3597,0,0.040439611384555596
32785,0,0.041199652213804665
3599,0,0.027154089061958177
28744,0,0.04117798556787285
10283,0,0.030761717325453464
7485,0,0.04119825849723931
1482,0,0.029630210605970948
27102,0,0.02918215116533774
42026,0,0.0397396679244756
24438,0,0.03833243802454915
47874,0,0.04117959500690343
24512,0,0.038584931130327904
27414,0,0.041177675545446456
38541,0,0.0210315240385406
9018,0,0.03933025522528665
15664,0,0.04033218591659794
15099,0,0.030507679100949658
895,0,0.04094563848175554
22377,0,0.018873992360382317
6041,0,0.062199882063624784
2951,0,0.02096834094067011
8828,0,0.028140680195483422
15828,0,0.0404803119884832
35627,0,0.03241384265974574
11218,0,0.03266062428426453
40434,0,0.04117272554906858
10831,0,0.0306044944594483
6831,0,0.041188323956625895
40897,0,0.03140638479478475
33218,0,0.04131496131363128
10339,0,0.04073803456260903
36513,0,0.03977168315701441
35606,0,0.03781088040202284
48914,0,0.03275567034943841
39496,0,0.04062713972569038
33231,0,0.03815289557124568
12587,0,0.04126813577353778
26194,0,0.039998938907360275
29503,0,0.03960930488654625
4640,0,0.012868777256066886
31405,0,0.04095059706973511
37543,0,0.02002953285111234
37598,0,0.0412475185240911
42056,0,0.03235036648763552
23267,0,0.04072247559678744
8480,0,0.015281949586327708
8270,0,0.05588834981967925
21049,0,0.038109262933035196
14237,0,0.02001115528408178
19807,0,0.04005703865423614
32504,0,0.04031356160984118
9956,0,0.03219721197512123
47887,0,0.0411652981766113
19532,0,0.03057783501338671
12154,0,0.03103222752998564
25365,0,0.04069343454314281
23568,0,0.03194104066816668
26398,0,0.037761086646811444
2536,0,0.032401539385921385
30015,0,0.041046819211439274
43769,0,0.03773373202439884
48832,0,0.03472522928989045
39665,0,0.03988490086685358
12538,0,0.0406734599622706
7781,0,0.012066751702120966
6123,0,0.037509412757545414
7569,0,0.04081120758829639
44621,0,0.030687320968688165
19979,0,0.038588368775295055
35472,0,0.02809269838303963
5947,0,0.04030884417025971
18167,0,0.06895675272821551
15007,0,0.03979520630845603
44113,0,0.027536359423685097
8478,0,0.04115511174404788
16313,0,0.04126214399686789
149,0,0.041225198547687074
4955,0,0.03983923733264671
2566,0,0.03137644789137385
40205,0,0.014601472899355884
31005,0,0.04121633141626341
17884,0,0.04068590673637779
40090,0,0.039748455136979215
12682,0,0.05747475896126801
38707,0,0.03228976547439907
39505,0,0.02851675068078382
36174,0,0.040967509345649585
33468,0,0.0269580380788484
26731,0,0.026567451177913568
2208,0,0.03093589302663143
40411,0,0.027815864454152715
6577,0,0.02685387516717089
39681,0,0.057594027526957914
8199,0,0.04117013476193082
32303,0,0.041156308463482415
5275,0,0.02697302118697928
26481,0,0.03588348528551019
42212,0,0.04117956034167444
1354,0,0.04121261306355381
3280,0,0.04701473445475278
16870,0,0.04117536871831831
48860,0,0.03868881586834768
10079,0,0.03016136478582402
38105,0,0.026552804488196618
45086,0,0.03929540437597361
21354,0,0.03199800632814825
33033,0,0.028455642070158542
48107,0,0.04102862083003749
14710,0,0.04128043009945807
48411,0,0.030418684388083046
36297,0,0.03126123059689696
46078,0,0.0109630990245218
23455,0,0.016056453942230195
47177,0,0.04092166798033975
38638,0,0.04140098061778894
42767,0,0.04092413031343299
21009,0,0.0186955571829854
40202,0,0.01106794146444443
40282,0,0.012499755430215524
18776,0,0.03263114683989521
42589,0,0.034061721819553706
27887,0,0.034850470517580986
5394,0,0.034094386249609546
14671,0,0.02714942137668348
37789,0,0.041164000764979544
34093,0,0.039124813135264724
17618,0,0.027619759401545735
34033,0,0.04120935724096999
44371,0,0.04097107881176556
1228,0,0.02152218652488341
19077,0,0.03022701425588934
10532,0,0.02362690002407043
48012,0,0.022259639439352677
4727,0,0.022857095454668422
28441,0,0.04098761219279424
46139,0,0.04117442759375633
21803,0,0.022405271529558575
31637,0,0.5258507590082238
24158,0,0.03779859426444813
6206,0,0.04109435358517174
37397,0,0.026523467805371077
1290,0,0.027571013741675345
33544,0,0.04114688447373465
12507,0,0.02981456843296717
8929,0,0.039275031548369047
9400,0,0.022749445991431517
29672,0,0.03816025587333099
10282,0,0.04048669723203279
32011,0,0.041328861928676554
35642,0,0.013389746061380776
7580,0,0.041135439083518036
42798,0,0.04122031948411485
31439,0,0.04018840940749764
5338,0,0.04069846913397367
13743,0,0.03852363865931025
37294,0,0.0130687755167671
955,0,0.12383265862805673
1417,0,0.0406899672889832
38028,0,0.04087545042984282
42843,0,0.03110601469644462
22084,0,0.034390834613944106
21984,0,0.04134899499141521
45008,0,0.03133945157354006
15054,0,0.02721871180536821
26791,0,0.039541586736124845
33668,0,0.03786241754193907
29755,0,0.03944356130606648
41423,0,0.8497744188718789
36042,0,0.03474974200247589
4358,0,0.02978230674863139
28554,0,0.03077241493577745
23649,0,0.03993259723916861
43986,0,0.027136728541369726
12813,0,0.03716788883607661
16540,0,0.03086396600083023
8201,0,0.035102638371390445
639,0,0.029736175284905735
31937,0,0.040176856885780585
19609,0,0.03285571897751206
32258,0,0.01657086331431665
10673,0,0.0409621663230724
38126,0,0.031349896564832114
24262,0,0.03252679458238714
6600,0,0.024217323211354874
5366,0,0.028742934081857848
30454,0,0.040808550152028764
5703,0,0.028117273820758397
45986,0,0.03697350028938325
30116,0,0.040731345190505544
20498,0,0.26142043492212846
43613,0,0.03892292694990548
33576,0,0.03547917465697044
45397,0,0.03188500461304249
16061,0,0.03890540023151509
15638,0,0.029915397124492274
19849,0,0.04071489612301498
3376,0,0.02353975051966206
23844,0,0.03345817897358532
8435,0,0.061602192558819345
20270,0,0.01616268902063591
48046,0,0.0188371855346445
28298,0,0.04061792651622793
27769,0,0.04045293878870326
31553,0,0.04334943175258975
41085,0,0.03512007095128179
11159,0,0.030835599679242418
2147,0,0.02211712754876079
47882,0,0.019939643685403078
16489,0,0.03232016842358378
3375,0,0.04095737076912993
35589,0,0.038796725515638376
18345,0,0.04073984571428214
7910,0,0.03748858165226774
40785,0,0.04096282286688141
42518,0,0.03783827713777608
26489,0,0.04115696853837303
39980,0,0.041039811719495216
36783,0,0.04117091774723822
25967,0,0.9501418396620654
34991,0,0.04119635948148797
26449,0,0.04117696866706812
9387,0,0.02803241956012093
15461,0,0.03974208429853416
29711,0,0.038233857489046515
11519,0,0.0688404321030147
36672,0,0.03035705150848828
30940,0,0.041057535842809495
8447,0,0.028014223583829018
7664,0,0.04073020779120558
1469,0,0.02777309861374743
31204,0,0.04019369800286945
26396,0,0.02882603121052562
41220,0,0.0410410349739708
39352,0,0.02253407968482661
25590,0,0.026341023275553755
34818,0,0.04771012601043965
44258,0,0.03221056544441089
963,0,0.040188805849889014
8614,0,0.04107780950231982
19163,0,0.04053438766123033
35246,0,0.03979394174903163
286,0,0.034305742044713435
18407,0,0.04103385284203794
6527,0,0.04089939062912698
5687,0,0.04104525886468281
31483,0,0.0325025520531758
47080,0,0.040037828454887625
22448,0,0.030220015809871423
1191,0,0.03888457982622961
47477,0,0.031953059053434346
25576,0,0.028090435556689396
35933,0,0.0409380909550753
43982,0,0.03195002732710099
43665,0,0.011537817860640422
23584,0,0.0378506454492996
23232,0,0.03904011850304177
19299,0,0.021799070741599813
31267,0,0.039505333087826056
32826,0,0.040830328157710885
717,0,0.041511675381020616
29264,0,0.04072135670118865
23238,0,0.04111796689363833
45841,0,0.03860842540897081
18105,0,0.033419624867472776
24841,0,0.03761782139212395
38485,0,0.040279554493847916
43222,0,0.026418387337250875
18477,0,0.039441749176733716
8548,0,0.04093381008813101
22172,0,0.0322057543025732
32903,0,0.034407585091356885
12495,0,0.03936106064311212
19882,0,0.019312551680714236
23499,0,0.031947910041300084
8050,0,0.04117713274714839
29174,0,0.03296315832982179
44831,0,0.032616203142728395
6945,0,0.03634520693244552
48895,0,0.040898974712167545
18369,0,0.03644802810849192
41827,0,0.0401860897555466
19410,0,0.028011251950670283
13374,0,0.03414304194377132
5129,0,0.05600734562486847
19517,0,0.02756833482448918
20832,0,0.032199231810100586
5624,0,0.02920933699509008
34164,0,0.041070529736404494
10366,0,0.04122190768489862
32392,0,0.03966012454126341
12745,0,0.0409400732367355
3876,0,0.11679827110069915
42786,0,0.025606768641281568
22679,0,0.04122894795857764
21091,0,0.024158613370679177
4233,0,0.03936676922584922
33764,0,0.12376526275238843
30551,0,0.044620132205985104
3844,0,0.034538032532665
17079,0,0.03068712517845411
9231,0,0.041171268572113215
26479,0,0.039767514177810215
35293,0,0.03865381846008658
17250,0,0.031494055994343156
7190,0,0.030263596152604898
7701,0,0.02824145661983237
34576,0,0.035272566682632435
8900,0,0.02914490003194484
29525,0,0.02357535448092625
17767,0,0.021240877967334225
43632,0,0.01728607905040908
40094,0,0.04124705520138796
36025,0,0.01852045640313424
7823,0,0.04087701482205307
15273,0,0.027472036530405017
7106,0,0.04136628796176678
18461,0,0.028036724999304784
46563,0,0.04098142332322393
12322,0,0.031358558009782864
17717,0,0.0380191316779439
21193,0,0.03802889371012693
4100,0,0.03253600609256132
7623,0,0.02353452514514707
20769,0,0.03130986096414783
2320,0,0.03966350272192199
2178,0,0.03233221772341539
17816,0,0.041158158529652156
30148,0,0.03914749754039037
17771,0,0.04117608217108335
45758,0,0.039103319858969476
48818,0,0.03930006747248489
9273,0,0.02988121012830717
21716,0,0.03852375035935986
42325,0,0.04098096586257195
30697,0,0.03816183185931119
42671,0,0.03249182609464108
24467,0,0.03249661249448187
9144,0,0.04139005153089381
28811,0,0.029601501245420787
47126,0,0.02848249689068882
44935,0,0.04067716133721208
45241,0,0.04114709158770509
31035,0,0.03294809167032979
40070,0,0.03163748695990003
40966,0,0.020664804725132085
23496,0,0.03954814112831357
13307,0,0.028732232378490465
22463,0,0.03267892581828816
27218,0,0.034119860307997775
2531,0,0.039657890917959175
25646,0,0.040707618927109224
88,0,0.04124857657111218
47081,0,0.04072567831875471
20512,0,0.030465944848407308
24774,0,0.04115399905470737
48655,0,0.032906020392652724
45969,0,0.03777286844980034
6316,0,0.02866232957058784
623,0,0.03466099329972719
4048,0,0.03474817701890836
11682,0,0.03215369429749542
18610,0,0.07260845432288023
8586,0,0.0378643545532668
6393,0,0.040714052079069696
39670,0,0.04626081543199156
44711,0,0.02265732161562369
41217,0,0.032139327077879726
39741,0,0.040967822805998796
8331,0,0.04117667810572162
31660,0,0.04019233112966587
24639,0,0.028290753364493583
2374,0,0.041295945418897126
3073,0,0.03786320725603953
8477,0,0.04052229779920857
43913,0,0.04658879315256304
3111,0,0.032099103230136046
14228,0,0.04121335187757354
38456,0,0.028126785005376787
31901,0,0.04127877750530454
23813,0,0.03643551501961678
15378,0,0.034396085964108335
21125,0,0.04110730323857968
47452,0,0.02773630882758716
37315,0,0.04030340206961341
22310,0,0.040996575854714376
45161,0,0.04050117415488579
19604,0,0.032075484392159154
46899,0,0.03236677988409679
20602,0,0.040685275002522274
32131,0,0.028685405814885895
27954,0,0.039511627675841036
33236,0,0.03752224757129029
48064,0,0.05703264571826022
11643,0,0.03268088269846941
41666,0,0.037038640899708965
10129,0,0.029702216399245113
16197,0,0.03238218662133413
48358,0,0.016434311790659472
44101,0,0.03861674186573885
8260,0,0.0411563856795272
27420,0,0.061702022262969135
3303,0,0.030481893914671737
26043,0,0.04138232204296883
10688,0,0.04108530169496802
36305,0,0.04122904875624043
32176,0,0.032518770675137434
17746,0,0.027774436901439003
26970,0,0.0386237578997631
40419,0,0.03999398153102605
23332,0,0.03967851408944765
4556,0,0.026017442316939275
5232,0,0.04103279796320548
12694,0,0.02712644438453904
38542,0,0.016315286956931928
8097,0,0.041096076482404674
12014,0,0.034105000728978575
34839,0,0.040912009239890544
38662,0,0.03563653626412965
9999,0,0.020970123444737438
40064,0,0.03833516353855579
28482,0,0.039807646502579105
40731,0,0.039958396522944764
20052,0,0.02156037230113392
38673,0,0.023399851794234976
6304,0,0.0308182055730801
10544,0,0.04120066250596454
23221,0,0.5233641235759113
30685,0,0.040692200380154045
27408,0,0.030466355883974464
2113,0,0.04054638894725512
43276,0,0.04050351123310076
31975,0,0.038576042093354655
13963,0,0.037687752978606465
35607,0,0.03764212280698257
19681,0,0.040963702231875315
44732,0,0.0346421385058136
23698,0,0.0194329543575733
3302,0,0.03960614725252847
1461,0,0.03137193566187475
23284,0,0.039318746450402814
48572,0,0.04123362943696807
10385,0,0.03106597413234885
12134,0,0.03933602930261688
10147,0,0.04055425381447871
249,0,0.0263490105180175
41243,0,0.033405538412912265
38176,0,0.046175033730678675
5101,0,0.04057197520199885
36409,0,0.04121020661671424
40661,0,0.03777039131447334
44565,0,0.027977257810246077
4732,0,0.013655393407616146
29399,0,0.04094026864177187
20024,0,0.03494886796800583
32852,0,0.030304620678699285
29587,0,0.03178330141639758
28015,0,0.018863050097522895
10218,0,0.029969913052604137
26645,0,0.0405019197366697
1344,0,0.041578683083895625
47657,0,0.032428359918855086
1021,0,0.03770564953118522
8400,0,0.04066655245390976
46917,0,0.031446198076048634
32554,0,0.03054588446896244
2745,0,0.0359018336986216
17897,0,0.0287365358371282
3090,0,0.041305169026708395
43909,0,0.04018913172247978
29160,0,0.021412721510064996
152,0,0.018979354216822796
11973,0,0.041190748342033
31869,0,0.021438429436859727
28503,0,0.024161755590567095
31140,0,0.0318171498627682
24165,0,0.03997042627507717
17789,0,0.041296795125721035
14192,0,0.038627887052363086
39957,0,0.03232869813803583
44598,0,0.041176601960449685
16848,0,0.028419638793865633
5170,0,0.03692239642267033
20866,0,0.016461373742799473
26248,0,0.035522226896187954
45770,0,0.01830210186576573
40111,0,0.020700896710115567
12323,0,0.03754151251883798
39202,0,0.03584311893757704
6124,0,0.03755454439754447
40640,0,0.037877037703826284
21639,0,0.03202301412495012
11599,0,0.030072167928383062
12247,0,0.04088615978286759
32208,0,0.04123491823572598
32908,0,0.04072064525328657
38711,0,0.03817212925687277
42289,0,0.028779533873221252
39262,0,0.04117590632258874
16031,0,0.04085641038506741
9275,0,0.02892347138277237
33272,0,0.03751914334569716
32684,0,0.030039255270114442
34163,0,0.04117398705771988
44528,0,0.03402587780151475
41999,0,0.03481393231004578
8719,0,0.022688824592804673
9569,0,0.041189728742841214
1592,0,0.04109902798650796
1299,0,0.026536344864524056
7357,0,0.04082531075702195
45378,0,0.0411351946837088
38810,0,0.040763286768539256
47981,0,0.03815143018608983
32711,0,0.02594560791989824
11225,0,0.03773021094174911
38501,0,0.00941785109015079
3231,0,0.033664775433948704
20220,0,0.037912092605178235
13357,0,0.035963332483537176
26018,0,0.030276115276951347
45867,0,0.0412467397606389
29240,0,0.05609289527468842
16936,0,0.03156698853112051
29104,0,0.04021048515227104
9812,0,0.04065229860148269
24542,0,0.026240269983102495
8806,0,0.029185362903075357
32086,0,0.032097765027540665
31124,0,0.038337118148631326
25281,0,0.031463408149922274
41790,0,0.03988069335010338
35492,0,0.0282351566048902
23361,0,0.04115026311317869
7415,0,0.03770754930556763
48106,0,0.02258828129567594
26811,0,0.038899136477571705
42590,0,0.03064036710919815
12080,0,0.04116991529976888
31076,0,0.038227184664231244
18860,0,0.040809955311077256
29020,0,0.037661772989310276
16596,0,0.031941825818624446
45327,0,0.027111008342068903
3252,0,0.03145920584404267
44715,0,0.04125900636537564
29549,0,0.022315541887487054
16371,0,0.04079242551168941
6997,0,0.03756532171378773
34656,0,0.03410088960666906
30477,0,0.03526753636906118
41267,0,0.011255831092610899
16624,0,0.04042897121323378
24269,0,0.010923939193179735
29987,0,0.006771407087955775
21310,0,0.04118632102177123
34161,0,0.029720472069972036
11855,0,0.031505835382051636
32291,0,0.0376990929626893
44293,0,0.03250439966806397
4573,0,0.026256179229030664
17285,0,0.05566351310858068
38298,0,0.03766742145547732
20678,0,0.020638257870946135
13411,0,0.04094029972736345
24709,0,0.007264681970354131
10553,0,0.04129083543358684
48636,0,0.029354367714855667
43874,0,0.023657548070635928
20266,0,0.03754449451744782
14922,0,0.03958844900357039
4447,0,0.04046052565306653
32551,0,0.038505383303541384
38346,0,0.031665680753627065
22030,0,0.03713990786039978
24353,0,0.040944991741168175
12762,0,0.04124712797069837
24159,0,0.016324203875387536
21933,0,0.03256436932722696
41610,0,0.04108058149268578
31953,0,0.0307862672791674
18487,0,0.041325799377790955
28025,0,0.03859286594000897
39173,0,0.0410102133142231
37047,0,0.05597693978402053
19701,0,0.03833054495780199
23746,0,0.031709741233242106
45407,0,0.028632346366318936
8292,0,0.04067749227750557
47897,0,0.03254941119360149
46598,0,0.02855977483398297
44779,0,0.04044825682944361
6627,0,0.03953441880973
15858,0,0.032287818397176475
27049,0,0.041040657636928865
39068,0,0.039996122589245224
4537,0,0.04112301485187828
1750,0,0.04126964423166709
18719,0,0.041101929610321886
23751,0,0.03977936769835784
21039,0,0.030840125436282347
5074,0,0.037490151505848814
8601,0,0.04038928956481003
39482,0,0.02124086946549747
29737,0,0.041461402334430485
32184,0,0.041229286176553644
25660,0,0.032040632059362036
6470,0,0.04086313883515446
22245,0,0.006292876598227916
17491,0,0.03757798243222935
589,0,0.037567014246070084
115,0,0.02946636803350988
21576,0,0.030169051723500945
30422,0,0.040721868484788516
36045,0,0.040459062707101826
37923,0,0.029983778563011453
11800,0,0.03220278889190315
23616,0,0.060571482797969395
21106,0,0.017914701064984797
23457,0,0.02267397759385675
11083,0,0.03062714891679312
12623,0,0.040341120638767186
11770,0,0.04139983501277864
22662,0,0.03973398774054158
6412,0,0.025881838741935358
5572,0,0.0374916854204833
45565,0,0.03192810113420736
33983,0,0.026600715810461636
8313,0,0.04110652221524257
39328,0,0.03940320717510012
10777,0,0.03811093059186803
22952,0,0.04122764271556047
47051,0,0.03966802078116435
8575,0,0.01882358199553764
10929,0,0.03037130270376844
14346,0,0.04291411044935919
44932,0,0.019697261399016817
22044,0,0.04118092367546047
17590,0,0.03911544361879947
22350,0,0.0506982457962348
28655,0,0.03965093418184611
2418,0,0.03245955359625815
43588,0,0.02552311838868376
41169,0,0.0324488009797427
36835,0,0.046293811152225174
2393,0,0.03763564536936918
45766,0,0.03199223080112569
33393,0,0.03257457758332797
40428,0,0.0313166687664639
32132,0,0.03950276245558848
41600,0,0.026315429057564867
46099,0,0.03183035391992247
41303,0,0.0406890365630956
23294,0,0.019335076091047343
20935,0,0.03212844852608864
29652,0,0.04099007427875391
394,0,0.038245109459465035
20193,0,0.026498548472434547
10404,0,0.040950061232704386
22811,0,0.030800701879439354
23975,0,0.04088393650777301
34453,0,0.0408303769606862
4509,0,0.03978439189568101
29185,0,0.03698235555290285
10842,0,0.019868085435071518
7693,0,0.060942130740496495
25901,0,0.041095699723132505
24791,0,0.040998756464411035
47299,0,0.040582984063485504
29230,0,0.03956378341639794
45373,0,0.039463131422298285
45538,0,0.04079305656145854
24470,0,0.040752932293364984
1688,0,0.04119141048055485
9477,0,0.03980589647685772
35122,0,0.03254980186574629
21219,0,0.04109813953386753
7028,0,0.029991733594157056
26438,0,0.03439841901250405
4006,0,0.057559761202642716
11762,0,0.01967379767690888
9109,0,0.03071439805797558
43663,0,0.01602655768987645
39517,0,0.020628579192265458
34611,0,0.03991925835952189
37357,0,0.031550540385254705
4587,0,0.04105372872660316
48361,0,0.04027040623188766
19916,0,0.04032785357924394
40795,0,0.013591385333127136
43605,0,0.04142218191776064
6617,0,0.04139612315863382
17385,0,0.04066851871921536
37669,0,0.04034477272359362
41469,0,0.04618412281368277
17994,0,0.037863646993212534
5914,0,0.02875567856471797
33505,0,0.04067551490745061
43275,0,0.041143302311942104
47689,0,0.11105870324287304
17000,0,0.04101748275684951
20532,0,0.037500247935715825
6530,0,0.039976552672568055
40020,0,0.04007933137235662
33265,0,0.04622075184220055
30036,0,0.03197842879683301
40917,0,0.03147751866034982
21068,0,0.014831208868991771
45231,0,0.029559171387642795
41993,0,0.04115393605706871
27909,0,0.027576755318982966
2691,0,0.021727880357746913
43234,0,0.03417999108001982
13674,0,0.038069273806268074
43783,0,0.02471763848748336
32725,0,0.03118024196899493
8925,0,0.03211619592219146
24924,0,0.04029192106695456
26487,0,0.02892120391905184
35024,0,0.030713012113466436
1307,0,0.03942919494220155
3257,0,0.0413047892465835
11550,0,0.025508392329251044
34360,0,0.030898543496740004
5185,0,0.014951030820499606
44134,0,0.04114146124567672
19276,0,0.04084741424885367
2692,0,0.034116471377338795
44570,0,0.040453966587009935
18581,0,0.035575076337041246
22282,0,0.03160378420943385
22242,0,0.04066824674926076
42008,0,0.037741352585935556
44120,0,0.027935701384026894
9274,0,0.0292029762223628
32421,0,0.040972726599017274
11811,0,0.040620094907343945
38302,0,0.040915852715508204
33145,0,0.026080033185283957
21649,0,0.028658724453204873
41618,0,0.03755800241879325
22635,0,0.0220191423939731
38877,0,0.0403468460623529
9129,0,0.04061144834694153
36442,0,0.036979413769772734
33703,0,0.04110824948622838
23557,0,0.025793761259327492
15345,0,0.040527330900281926
31726,0,0.04116850867382229
3486,0,0.03751664571401447
8003,0,0.03938614778315095
38657,0,0.02031517999581261
1703,0,0.03915455524042733
15960,0,0.040758628291337425
21750,0,0.03217290667722645
6290,0,0.027310952850778836
6342,0,0.03511535547735497
45267,0,0.02822453962992096
13112,0,0.03905466577394253
12059,0,0.04119214284060493
20752,0,0.03961426905688253
11171,0,0.04095931696439506
16405,0,0.041404039555172634
483,0,0.03166212058357725
43893,0,0.03183962942810547
24728,0,0.04095113764959793
44991,0,0.04018759469721307
25618,0,0.03749027686367803
38856,0,0.025488952684495594
3966,0,0.03554639625480619
6602,0,0.040398290082789924
12876,0,0.03063708199746401
48371,0,0.026500793979933067
42323,0,0.05604492648847807
18039,0,0.03255940372252686
38000,0,0.039464534531182635
44707,0,0.038170141591933646
13518,0,0.024702413393092773
7896,0,0.03726711876523573
38612,0,0.020385412760602278
21134,0,0.04101461050216677
31301,0,0.030838107958405196
33538,0,0.12414755232687612
36665,0,0.03752907762371937
3710,0,0.04131220683496782
12760,0,0.041141707389955505
21653,0,0.03583972561356438
5424,0,0.029338407125724116
26075,0,0.14990621015422756
18416,0,0.012393557876881617
11829,0,0.040810083776341356
26722,0,0.03091784276013865
20947,0,0.03564152762691203
30989,0,0.04121273594388359
10919,0,0.02602888354104106
5581,0,0.04047074081283262
37596,0,0.03692350362216027
27753,0,0.029089654689068215
45503,0,0.05220843381058123
1610,0,0.037592083568800096
34116,0,0.038717543263479925
38160,0,0.041223594904547876
31369,0,0.012472533471795666
11871,0,0.03257568068899767
33790,0,0.030373666408549566
40895,0,0.041153088383945394
25707,0,0.04022748600847651
24233,0,0.04070909939425002
23236,0,0.046182604804202554
4286,0,0.04103988489990095
5794,0,0.027791787638716568
27826,0,0.016016214014326933
42520,0,0.040429076845111094
7796,0,0.03843252457415586
11077,0,0.0204970738013651
15895,0,0.03783877431052698
23790,0,0.03977588346316751
22419,0,0.030612574512447064
37413,0,0.02866384413682788
45406,0,0.04112736073599343
11743,0,0.03912665802104108
6127,0,0.04119341685834893
41848,0,0.02323695883303747
8041,0,0.019794424946461057
19045,0,0.02240850126550026
8182,0,0.040652912201259474
11310,0,0.03262974756465567
44675,0,0.026662664978820135
14638,0,0.015371140362078374
38214,0,0.0411630694459349
39248,0,0.03228170086001907
3271,0,0.022249636599642665
5484,0,0.031812200098972516
15140,0,0.04086681833745703
47955,0,0.03991518583874932
34770,0,0.03710607001983512
40542,0,0.03746624516312325
7370,0,0.02646431898370006
40360,0,0.03751965131719022
40813,0,0.022124399369274097
40126,0,0.01577326943247506
27721,0,0.040987863896080695
23244,0,0.03833790582083346
4351,0,0.028329707694091526
19343,0,0.04068388831670846
20179,0,0.023716243169768534
30501,0,0.03124502339214078
41324,0,0.025669732106027715
19729,0,0.03751725849566737
35076,0,0.04073896515688105
175,0,0.06156073988573475
4446,0,0.041028848695231164
17187,0,0.03720087479473468
9783,0,0.06174181273377826
42367,0,0.039446134921235346
20534,0,0.028709188540521402
24189,0,0.023476065103487414
22479,0,0.04110598371589099
3374,0,0.03566509070564715
20878,0,0.03902171643678851
39901,0,0.02214556384748769
29610,0,0.03967443955539221
7775,0,0.029141411466190724
13009,0,0.04122849972535621
18336,0,0.041031927408945484
45692,0,0.03974354472225043
32855,0,0.04103695730943445
29776,0,0.052181064160631785
7644,0,0.037643642514015134
2924,0,0.040288108595577646
39194,0,0.04042107491561024
4634,0,0.04046329660157789
33627,0,0.04053152664218994
23109,0,0.03758734623037428
43957,0,0.041365556166355
4361,0,0.03186247609223389
33635,0,0.037520524281764604
23112,0,0.04010255577436194
17732,0,0.039534850816450966
41742,0,0.04064953824908254
26450,0,0.040649648053919525
48236,0,0.036171444574341044
40457,0,0.029573772050281444
8521,0,0.028840907137945047
1372,0,0.021596089448337623
42173,0,0.017063928954259476
3086,0,0.027291309072857917
25654,0,0.020041761267004146
18003,0,0.04008506200498014
40954,0,0.03818591694138875
10299,0,0.03818614455531162
2723,0,0.027808608771853798
10962,0,0.031035931449002723
35060,0,0.01779275279724858
14043,0,0.038192169273683844
19985,0,0.032787568946296815
26332,0,0.018893564158154085
10721,0,0.03331589917236156
1841,0,0.03840891906992081
17088,0,0.04108449310245257
28376,0,0.04126221217747755
47665,0,0.0408677987052232
6691,0,0.04110736256012376
8087,0,0.029932007680773004
25606,0,0.019339929297184942
40935,0,0.03758490505204534
16080,0,0.032544796663461585
17843,0,0.04124023383210585
17089,0,0.03770883366679719
24137,0,0.0317216150696195
21957,0,0.05745466257672525
43820,0,0.03817313953183063
20700,0,0.0414242074805264
8416,0,0.027775081612091173
960,0,0.041360189576890874
8458,0,0.041231370314451427
12139,0,0.04373423837540441
26483,0,0.03995791607985706
9898,0,0.039295304751788024
36261,0,0.032682838548358406
47396,0,0.015422992045787011
23647,0,0.04095582441982855
14162,0,0.04093266975604584
39854,0,0.04096099840549403
8304,0,0.03766136040833674
39951,0,0.032848514383901566
36472,0,0.045557670639508045
13253,0,0.04009040303748484
13859,0,0.02284959603987531
30149,0,0.03633131908461077
5758,0,0.04087516763617294
49027,0,0.04075509989359799
5472,0,0.030706621073098305
18238,0,0.02999464752253048
33866,0,0.04111939872105356
37663,0,0.02686628835445137
39188,0,0.04039632610358731
9186,0,0.04110457367992311
46636,0,0.03174201889566559
40550,0,0.03000168474990364
41011,0,0.03792456853676269
41767,0,0.027591620097849413
33215,0,0.041233150270039765
18161,0,0.03195627320030958
31746,0,0.032294792676168756
19801,0,0.031919361924247984
14492,0,0.04111314775062616
37493,0,0.04069406734023433
24292,0,0.031017273928357677
1756,0,0.031087834940106102
940,0,0.020599173664193598
42564,0,0.031572373996254274
39264,0,0.03753778483190943
15729,0,0.03802608183640668
13124,0,0.04102174102976644
29959,0,0.04048029860591548
43945,0,0.02757194128132883
35290,0,0.03930817887887309
35983,0,0.031998590643714374
16453,0,0.04046928018862236
18355,0,0.01307259371122659
27495,0,0.04085387126199672
24028,0,0.03031534812212638
28274,0,0.03826383228392936
20235,0,0.04138300975492024
7453,0,0.023075984593682687
15598,0,0.0407990205143795
4752,0,0.028785020781569748
1631,0,0.012851365511059705
37017,0,0.01879890179052788
34498,0,0.040951231052583255
6272,0,0.03129330199773874
11048,0,0.033357913667785184
24949,0,0.040364287251234476
34139,0,0.039020701215634224
40861,0,0.012452259221978724
26300,0,0.041349742224749644
48908,0,0.031486174536717995
4535,0,0.030648202928385774
10192,0,0.03263135840108165
8517,0,0.03948172057584649
3852,0,0.030396102114184687
41275,0,0.030435748799596464
12563,0,0.030574807747123896
25887,0,0.031392502812478545
33778,0,0.019710823398729687
3785,0,0.024342876120575906
43391,0,0.03210217236112331
7687,0,0.027989537017417975
21561,0,0.039622009055626226
44303,0,0.040619934426810285
14584,0,0.038747396688847066
25636,0,0.04085035790433397
37382,0,0.01878803256711105
29076,0,0.04247658413260971
8263,0,0.03165955468126045
7641,0,0.041178537673359196
48904,0,0.04026196971621847
26302,0,0.0378746611446274
39608,0,0.028669738265557843
42369,0,0.038038818367956764
31988,0,0.03224503691981125
34602,0,0.03817039769817228
433,0,0.03762979469775696
18395,0,0.03593150296666148
15735,0,0.04075572150834899
8299,0,0.03946289264385826
29206,0,0.02439835832016559
36502,0,0.034710111188422016
35809,0,0.020473356787260737
42242,0,0.03264535363851998
34696,0,0.039368332405733356
22307,0,0.04740368000176505
46283,0,0.02086510809957467
42203,0,0.031746947598487334
14718,0,0.041376778563092374
27878,0,0.03833813150050159
29892,0,0.034741566157008553
48296,0,0.03973933835138474
15480,0,0.02934417229114919
39161,0,0.03473600038354554
46972,0,0.0411394218313345
16638,0,0.026671361894491114
1103,0,0.040781791601330296
5316,0,0.03219594884252908
26070,0,0.04124769244330998
43990,0,0.04095315113275177
27440,0,0.038798851629880365
28772,0,0.030457476475346003
29089,0,0.031568362971636496
10287,0,0.018859624503650328
1916,0,0.031550562611692
37954,0,0.021750859051232384
34672,0,0.08711779640370833
16865,0,0.0363339116149123
28351,0,0.035553013783338624
5698,0,0.0383669773179902
3436,0,0.027556655960810555
27487,0,0.04089428556717058
41739,0,0.03977351223133915
26813,0,0.04129952492405171
19431,0,0.02876302915118645
12107,0,0.03151828029822596
300,0,0.03831597868397929
28736,0,0.04095893714790065
33520,0,0.04080919633549069
47722,0,0.02729792858876731
48035,0,0.030439038720945253
21818,0,0.037475698230332824
12500,0,0.04131070174583871
1781,0,0.0411864844038928
45183,0,0.28826538468123314
29463,0,0.03208238611668539
44501,0,0.03236229175329511
37580,0,0.027566925072164728
401,0,0.0412349851465746
2402,0,0.0198764765256049
35801,0,0.018595337228362974
42866,0,0.03596190266277457
14316,0,0.04055908820043766
48424,0,0.03762584568185826
4891,0,0.04121012743267372
25111,0,0.0399161305077566
3946,0,0.04117255804342456
24265,0,0.04092493186356313
35649,0,0.04084833366421571
39630,0,0.040259746768700616
1981,0,0.031335461837961126
10428,0,0.03216030639738795
30012,0,0.031789668552298776
21064,0,0.022490750593814033
39220,0,0.045703984921472394
42136,0,0.025831304993110305
36214,0,0.031121963390586902
31674,0,0.026455767681842237
38842,0,0.04116204643984557
23513,0,0.03255272537424699
31718,0,0.022840928865367656
9262,0,0.040285198070634715
12546,0,0.04116125054491694
40154,0,0.04130782665489235
5491,0,0.03373726725580352
33548,0,0.028097711507500837
530,0,0.039928449440485604
43647,0,0.040532259955466485
23802,0,0.031031382288415465
2352,0,0.051300224186473564
2861,0,0.036344131259802424
42761,0,0.03451880144077448
41704,0,0.025923261378825148
37593,0,0.04042295531826855
26759,0,0.03910384494811029
3628,0,0.039538808626611056
13548,0,0.04113438075629116
35264,0,0.04124731315704831
12459,0,0.039124604744026535
3028,0,0.04126199108060025
45101,0,0.02348481803984108
19183,0,0.041607844486684635
3629,0,0.04101460451206564
24706,0,0.03200662210793811
9749,0,0.029208309432946437
15656,0,0.02651507628304101
47865,0,0.040334209496615626
44295,0,0.040406710874841406
23553,0,0.035920454748034604
48099,0,0.03024395171134908
11126,0,0.04136709136320695
40016,0,0.03895546358355312
11389,0,0.02913011687059553
38659,0,0.04128039609000755
25033,0,0.032448737841373136
13188,0,0.0394998306547443
18788,0,0.018104231945331596
6299,0,0.03532687509943562
37827,0,0.030724256364228274
9221,0,0.03974095135741843
17714,0,0.04079753089102205
41137,0,0.04119520601108404
10754,0,0.04079425955204524
23070,0,0.037924426136155424
7197,0,0.06881960869565282
13541,0,0.031742880844281944
32926,0,0.5477015663173193
42448,0,0.05542867289457167
11990,0,0.03773235668179455
19954,0,0.04093569716850483
47940,0,0.03993683336801582
43193,0,0.026343513207444994
17954,0,0.024569512778493053
32210,0,0.04102338720700449
2256,0,0.02323618237557965
24224,0,0.03991274025463848
44210,0,0.040193563734458176
11782,0,0.037617694338989455
48206,0,0.03696833541617373
24298,0,0.0325673063648439
44335,0,0.04009137558817835
5557,0,0.040625149712808985
21292,0,0.04043929843215891
20398,0,0.03270820659268037
22089,0,0.03749041888465633
22704,0,0.02677256813888277
31974,0,0.03985470415436244
6214,0,0.04128245604635805
11407,0,0.023956402486209498
44538,0,0.0411537129112628
19759,0,0.025188887629827305
21745,0,0.08401823756676137
42055,0,0.04088625275652253
28334,0,0.03270363534564814
24127,0,0.024672162546742774
34273,0,0.038198888240028074
191,0,0.02241058676563145
25463,0,0.03821426628540542
35119,0,0.04102204771808132
32713,0,0.023446711855543853
37068,0,0.04059839549538377
39275,0,0.04024851891892533
36083,0,0.041278805188003434
36152,0,0.015818634174444512
7705,0,0.025433767447051347
69,0,0.021241453778787098
16248,0,0.021000017350376318
39869,0,0.03173327101096066
25791,0,0.03254923594330719
37982,0,0.027392334434211983
35804,0,0.03962977153473009
33391,0,0.03150866874973189
11966,0,0.023075443740875896
43592,0,0.03751509859821148
24226,0,0.03815943527435186
20455,0,0.041155085920634805
33470,0,0.04127993133869763
14418,0,0.02980750430900949
4466,0,0.04122067379321392
1216,0,0.03148930350127844
10615,0,0.040962138576676375
25023,0,0.015243046958945195
4858,0,0.04042099794506098
3878,0,0.04118656004853823
26019,0,0.038304459446648495
31936,0,0.031805353133704
37642,0,0.030737514979791113
44694,0,0.04137436360965237
47977,0,0.0320065710940719
1353,0,0.1114009314235444
39693,0,0.03260837449848571
15590,0,0.040087312168119144
40773,0,0.02294548102911417
12461,0,0.03761362576939151
28954,0,0.030630924092568835
17822,0,0.03077611476578109
36239,0,0.05635348650662309
5517,0,0.033175544893183966
15562,0,0.03102969503688799
14599,0,0.011239665220793284
6765,0,0.010919950285617994
8878,0,0.0315961705583596
2202,0,0.04122129360077606
23211,0,0.029993798230994018
8937,0,0.030685684714543648
23945,0,0.027981684499990247
31252,0,0.041687242513026634
45619,0,0.03775000136852684
29629,0,0.02691567108780962
31073,0,0.029506027861172728
24109,0,0.04113540905775851
17797,0,0.03475778054554742
9550,0,0.016128689273701695
17547,0,0.05668766777861432
15305,0,0.043870950110014184
35525,0,0.029590593875231063
46725,0,0.01372092350851032
35361,0,0.040072696752081235
38504,0,0.03338473159084615
12316,0,0.0376132520279137
24795,0,0.02130920305702733
5025,0,0.040502416737819354
17881,0,0.05739562375073424
8703,0,0.03857634837030558
14420,0,0.0376813768461983
48002,0,0.02647940520450569
10074,0,0.040928011694689355
43378,0,0.02997944876275386
12422,0,0.02967426088842688
37114,0,0.05594312460253043
23691,0,0.031302249747032676
19350,0,0.03593928362344767
13971,0,0.05597960369537651
15101,0,0.040882776631841644
21188,0,0.02451466085958661
39170,0,0.03765730366646656
14474,0,0.03781007064056561
15889,0,0.030912284292040224
28141,0,0.04102134761268758
4279,0,0.04115328122196335
18392,0,0.024313812665764854
3283,0,0.040380164020969785
21737,0,0.041111219936318444
15770,0,0.022105771680018232
20501,0,0.0322644099620758
8753,0,0.03951705660097534
43143,0,0.01895174005877901
21326,0,0.039487859174851384
43677,0,0.032461180841065286
18423,0,0.03755691021367112
21080,0,0.044634149839534835
30124,0,0.040450498549643554
34871,0,0.03982626348209208
13560,0,0.039600151680574174
2901,0,0.03831244006596833
31774,0,0.03542013261918356
2720,0,0.040832178392063996
23018,0,0.03283703971055403
8375,0,0.06002557227880388
9437,0,0.016034371996734652
1600,0,0.04115829968852794
48258,0,0.04114562611737098
46638,0,0.04028535581188114
40168,0,0.05640542955628365
2768,0,0.04120553389955491
44046,0,0.03949653337887914
1243,0,0.038339356828265565
15677,0,0.03640720606822405
24086,0,0.025368558611975293
36816,0,0.034984809993478076
47588,0,0.03262185341076841
27245,0,0.03889458777984795
17116,0,0.03515099585107967
16937,0,0.04109922812110135
3592,0,0.038621262767205115
14604,0,0.039103610618943796
37236,0,0.022845758496689354
46498,0,0.026527668197993088
14818,0,0.03958980660271519
40732,0,0.01393374234214154
308,0,0.031007009600033063
34604,0,0.03858571117596095
25231,0,0.051330532676549176
7942,0,0.028268036829967997
5673,0,0.04039281164931972
4534,0,0.027197189601423012
17678,0,0.02274717403672826
15087,0,0.04026222245431522
21523,0,0.04056894284638342
43704,0,0.036092434073546696
34361,0,0.027854039397554424
12815,0,0.04046721639559278
34478,0,0.022179504281729864
549,0,0.04120237518065705
12421,0,0.04113971607182833
41994,0,0.03880010714713826
14873,0,0.026824307428492736
10199,0,0.038101163339905
14196,0,0.03871047558731191
19576,0,0.03976007138705885
177,0,0.027990266092880522
12879,0,0.029933613188523677
36544,0,0.04039894279062538
22014,0,0.030226703078090247
18882,0,0.6463703035111127
18200,0,0.02645819229668686
38827,0,0.010542481654709918
16337,0,0.041147206146687446
7268,0,0.032550964903124195
18626,0,0.02802731268787836
31634,0,0.012601710113721442
499,0,0.04096040668491498
13441,0,0.030021301267409924
40567,0,0.040754799841801824
13810,0,0.04098813184389888
3098,0,0.029852906426495348
16569,0,0.0400109212364575
48334,0,0.046342770746638694
11128,0,0.025615761132177322
30534,0,0.04122425960212931
1099,0,0.031011070378902748
41477,0,0.027737420887307566
31689,0,0.030922929377494687
32402,0,0.039296294329040686
43930,0,0.04136222200466574
42342,0,0.030753635087734127
27948,0,0.031930794119656096
28030,0,0.0271440455225167
9331,0,0.038736744745803776
26128,0,0.04037123565121006
25139,0,0.03227950300823081
47309,0,0.05699853064088536
34763,0,0.060299414364820815
37951,0,0.03221553021068404
20277,0,0.03992171711450514
19789,0,0.027393297924370626
44017,0,0.0415494153617957
37177,0,0.041205545787773724
37573,0,0.02845767716050066
26826,0,0.03966644769699108
29047,0,0.04088215565780783
33125,0,0.029637877728621215
18850,0,0.03992907439000123
27905,0,0.028868946192244407
35194,0,0.032023201242304955
37822,0,0.018848335000373778
35430,0,0.03222163253091467
9103,0,0.04122797183971722
48217,0,0.03783349962638674
48730,0,0.04046599071953049
46161,0,0.038929213278598294
22489,0,0.01589203730009454
13756,0,0.04115710175649445
43481,0,0.039652720540684985
43454,0,0.027500778864086188
15021,0,0.011082396135057494
42602,0,0.02149977063051672
39247,0,0.04057720565474981
34470,0,0.03386368401434246
31822,0,0.037558448583659254
18941,0,0.027551721855757057
11898,0,0.0302932900350468
18150,0,0.03793298937214728
40058,0,0.07238978275729312
39154,0,0.03700136195344744
2325,0,0.04084083970542179
32359,0,0.025816245299910143
5005,0,0.04124559740704038
17198,0,0.006857313230855174
23140,0,0.028777858234894278
39285,0,0.04068680201214306
2533,0,0.020292840024255153
42001,0,0.04142136151490378
34206,0,0.04099986200214412
4524,0,0.03893143568566703
48701,0,0.03023261284611764
5098,0,0.04073127614336135
13355,0,0.040771752256928355
30340,0,0.04114896335846221
39516,0,0.026797064932910227
5770,0,0.0393301844440008
42220,0,0.03243706455239148
14749,0,0.018286694401616944
36622,0,0.04110257816459381
35381,0,0.04143230291567261
29701,0,0.04629482347528498
2318,0,0.04115290506583174
33961,0,0.031324907694879535
44433,0,0.012302149204298922
21406,0,0.6471403745098767
27288,0,0.051383991250374225
16886,0,0.04114758470219212
45331,0,0.045191335926251235
10018,0,0.04090797973140437
12318,0,0.03269544440737748
2517,0,0.03907554711543334
41756,0,0.03283615675365054
46378,0,0.014235521130454962
3556,0,0.023574199912733535
4317,0,0.044675157638447635
30178,0,0.038161584389183587
29068,0,0.0153494334429398
12525,0,0.15011080105332114
19373,0,0.03240820583315744
37234,0,0.039864482687073606
38964,0,0.032752224908721164
47858,0,0.027569213247764963
19832,0,0.04067464893792011
39047,0,0.040505357645989414
32730,0,0.040832901431833664
36354,0,0.0387821764654948
7518,0,0.04129043373099831
25264,0,0.03865948182347182
11130,0,0.039284870263537636
16623,0,0.04102166508338458
33630,0,0.03843073689532373
19349,0,0.1252892214475311
6634,0,0.04102852699088505
13294,0,0.009258447329368997
46079,0,0.04086817246417729
10458,0,0.04004289484685343
40367,0,0.029431377686835715
45400,0,0.0379321306126389
20045,0,0.03767432842877996
6494,0,0.04091695643102617
5168,0,0.04115799303220037
18541,0,0.039684389988869674
14056,0,0.04041388956914926
35258,0,0.04101945215091866
5015,0,0.039914835875445524
8981,0,0.039764813194069076
26651,0,0.04096345223045522
36758,0,0.03088106927921585
34435,0,0.03207248648166014
30736,0,0.041171401641034736
21061,0,0.04118755853548126
5945,0,0.03819240472289864
37178,0,0.041167347551285476
5627,0,0.02704527340401443
36323,0,0.02128211751884114
13400,0,0.04111604142894282
2096,0,0.0346683615170892
38361,0,0.03135451066000156
37099,0,0.0377047220132999
6284,0,0.02881497873211863
36097,0,0.05564582854626728
41871,0,0.014918668704883774
12100,0,0.031647108821405506
41286,0,0.031477959440913375
28939,0,0.04090620506702949
24005,0,0.040386116460812575
25386,0,0.03438321994273849
35728,0,0.027012670988308375
27625,0,0.039461655833930624
12965,0,0.03025622317502615
8328,0,0.045782099564610906
20055,0,0.04128936607753237
29910,0,0.040827115303040715
8423,0,0.04111130666303525
47476,0,0.039811561387909034
29075,0,0.04103196066582831
19851,0,0.04068932262688541
13628,0,0.04095871747111814
12548,0,0.027544936173293264
30243,0,0.037590335563758494
10459,0,0.04134019252672216
38581,0,0.049786032889176886
33476,0,0.0412663292776868
39358,0,0.03151999442771348
4034,0,0.030395788226279717
25639,0,0.038649640727931145
23296,0,0.04089380400923617
43507,0,0.02194009003693931
43323,0,0.04708612845020151
46936,0,0.03888902796073001
45437,0,0.010899383399567534
6450,0,0.039069381446416515
27110,0,0.02873863229518985
27042,0,0.0407486463007622
24001,0,0.04390370949081651
8559,0,0.03130909366300844
40608,0,0.03189506739632389
44925,0,0.04118471481874062
31540,0,0.037092278227943726
45556,0,0.03149685461829786
31243,0,0.03154734102417519
27291,0,0.04114555398120784
17720,0,0.037579620832142696
47568,0,0.04118037835512943
17158,0,0.026592992816676025
9605,0,0.015982093943561634
8000,0,0.035069861106038824
5464,0,0.03601798777240916
32992,0,0.0262299961619464
10462,0,0.024001355720964464
22256,0,0.06169217226442031
31699,0,0.030027649553610834
40024,0,0.014776300687705027
12234,0,0.04554288252353258
16545,0,0.028742109036328574
33080,0,0.0381007943584599
11499,0,0.035944714382476796
47154,0,0.0321164920038728
28974,0,0.040772524575187624
28072,0,0.04110777393476984
36003,0,0.0324420558403627
19358,0,0.03967482789821386
13326,0,0.03043157727880078
28664,0,0.03194920385842992
40483,0,0.0406069289821437
28659,0,0.03815389332783629
42943,0,0.03700934439871689
11168,0,0.03371913235754796
16989,0,0.03783929428299856
44809,0,0.17574079319222422
31992,0,0.019527968211613993
32231,0,0.013260033284186857
44697,0,0.04120283904615061
40828,0,0.016211217397666722
42404,0,0.024115517260743898
45037,0,0.03403117997639374
12492,0,0.026757977734189482
18574,0,0.01864445639182252
47648,0,0.032337844161409245
25439,0,0.011424073586449021
43944,0,0.03220463302096779
20416,0,0.034619312691761044
39217,0,0.04098652803450398
47028,0,0.037662409967728315
48058,0,0.03774703292038595
36614,0,0.03056769117010252
12078,0,0.056892127921164284
3714,0,0.029359816923821558
10774,0,0.037539588197080115
20609,0,0.03749421922406664
27903,0,0.04124765917118888
2498,0,0.04074901812373056
26111,0,0.03893145072313011
11138,0,0.04111711510305614
48132,0,0.030134772197296624
31642,0,0.02008036630508929
4445,0,0.04095824526961862
38208,0,0.032346348665013465
46577,0,0.03102642293953539
31178,0,0.04119678303862126
26691,0,0.04092887958630799
46913,0,0.028527729145566585
3361,0,0.03049415863947567
11715,0,0.03974952067391042
40973,0,0.02934530153873574
291,0,0.031672194700392856
1584,0,0.03766110610375718
5462,0,0.03871608105355918
10426,0,0.0410334993659575
32185,0,0.03269909397911388
37076,0,0.04074405751395107
11070,0,0.016066519240375703
13750,0,0.04113303388321941
6656,0,0.014871553121624777
10471,0,0.027948548185673574
48565,0,0.041142777302192485
7765,0,0.04110183636122619
44844,0,0.04132421498663958
31186,0,0.040699954333872836
12533,0,0.0403117328001009
42860,0,0.019345899177832866
13792,0,0.01609929826654665
20616,0,0.022566114112537772
36858,0,0.021314053252135864
41410,0,0.028879322371630878
387,0,0.040740289069954416
36069,0,0.03226417454770345
39815,0,0.033016526036564846
2497,0,0.01987922731263473
12013,0,0.03349827825490092
41649,0,0.04091676881426882
6894,0,0.04096892620144966
32656,0,0.040602194741292244
43236,0,0.031981661370488405
9046,0,0.0401688521549559
9602,0,0.05565335140436856
30464,0,0.03933317686190451
683,0,0.028679720696577864
17334,0,0.029656986150534755
46239,0,0.040849407977783886
17749,0,0.0287432269981486
11024,0,0.03220096127170372
41891,0,0.040757374925278304
11481,0,0.031321541331732664
11479,0,0.02691783553277345
1769,0,0.03182490476471826
42534,0,0.0385766660450557
37329,0,0.03148825330575937
40403,0,0.031488591356376744
36395,0,0.04086610906610031
45220,0,0.03917318524033536
46190,0,0.04260257340574716
28299,0,0.028823169185701828
18594,0,0.023852976784391865
5194,0,0.040942536715623465
18388,0,0.014602265877982981
40798,0,0.05459249987098327
12803,0,0.04043243036420976
34940,0,0.041214274246218686
5596,0,0.040680359000314394
43487,0,0.04085708652158561
17502,0,0.03927415094843664
8634,0,0.03697322694136411
34343,0,0.04122514081381333
19598,0,0.041224976810084475
27044,0,0.0323246568041461
38886,0,0.04019839921849728
7371,0,0.01993442413278735
37370,0,0.0326444357821026
16894,0,0.04126915430773427
6384,0,0.0309688002469331
8844,0,0.04089292855446517
35988,0,0.029982303756407383
25600,0,0.026689112515579344
18460,0,0.03933675124191354
706,0,0.04134675054815493
15376,0,0.04115618818657588
4367,0,0.04089962122719646
17888,0,0.025619173560065194
45953,0,0.030771471387070776
14015,0,0.04109652023976504
15970,0,0.038402172753318975
20612,0,0.03596515414913104
21293,0,0.03831870308959506
43123,0,0.5256878181518881
46259,0,0.02718557221025697
27397,0,0.040063318123448655
25971,0,0.03811713137293508
25644,0,0.04091770402849973
10971,0,0.02213798876952214
44704,0,0.026343090574044426
39677,0,0.026585766079478677
4112,0,0.031116234625570928
25008,0,0.029460687776488543
9306,0,0.041222799864002416
26499,0,0.04126289564919619
909,0,0.0198850485740072
2547,0,0.04139201720328799
27667,0,0.041053770106490854
4187,0,0.04028934110291886
20627,0,0.04117173101558367
43979,0,0.04107949750860864
274,0,0.038924876727909716
22296,0,0.039179502513533526
45372,0,0.0401444848765533
12385,0,0.03275949449393137
37369,0,0.04120535654193474
14432,0,0.04071765824803409
23543,0,0.04117741190721266
3617,0,0.035798510672391363
36034,0,0.05610040122376656
40809,0,0.05754834072858341
33027,0,0.052016409080601386
37998,0,0.03747707501496429
17214,0,0.03764976821713604
44652,0,0.04007426406360473
19907,0,0.040701612728825325
8033,0,0.030843242175612313
650,0,0.02283552799968794
37410,0,0.03428788159331492
33694,0,0.041147066984441226
27923,0,0.04121830695865257
7187,0,0.03147699093330597
27211,0,0.035263003000369504
43687,0,0.023035161691900907
34110,0,0.014959016838719353
8315,0,0.03862633145468276
5026,0,0.05114208404064019
2446,0,0.02752452843530945
32856,0,0.03474049188402341
24036,0,0.037492774279779956
22540,0,0.06880705618607853
44102,0,0.016172687039368843
32275,0,0.04096692627592114
4022,0,0.016275922808558954
41265,0,0.014846100431948166
19291,0,0.032834299351629063
14614,0,0.034543284880337796
32749,0,0.03458948747434578
5459,0,0.031086584011559337
15645,0,0.041407760122543324
41781,0,0.03945790419786186
34113,0,0.018797044846753572
16395,0,0.0382612484014313
1666,0,0.04075928208788676
43967,0,0.02259415469924452
46951,0,0.018418897067691113
6042,0,0.04087740076395177
30967,0,0.018018874302640667
25880,0,0.022403463914216507
32862,0,0.04009538379147862
25564,0,0.032295859151305624
22793,0,0.028700179290825016
47317,0,0.03228573536620445
18801,0,0.019794984021973765
32570,0,0.06878482286405188
4385,0,0.012473618611166177
47279,0,0.0376420690922946
11597,0,0.027353606408683128
20790,0,0.04140961070755712
10603,0,0.040236538157086235
11930,0,0.041176631017231506
23914,0,0.032234661354980376
12537,0,0.03247162907588915
20549,0,0.03198615048405462
41663,0,0.026352340784573988
7099,0,0.03788951152089657
14375,0,0.12698996199961948
48676,0,0.04072636452112164
41551,0,0.031934223231503016
33074,0,0.03748931479088575
46742,0,0.057628094858678244
17447,0,0.029518600474626094
42578,0,0.03253173998186207
33639,0,0.032515280675575256
6046,0,0.040641642755959856
42463,0,0.040963326259589795
40868,0,0.040111391047428814
3418,0,0.031113355483068292
12588,0,0.04131503453189189
24426,0,0.02604152241175254
40712,0,0.03961845205586158
14417,0,0.017937372220457017
23381,0,0.014600856823549443
16990,0,0.04074557813673452
14384,0,0.031950086262030906
32680,0,0.040081072854907925
11087,0,0.04087412224950049
16713,0,0.04121200965303485
27016,0,0.04004913746792199
23923,0,0.030282493234776983
1716,0,0.041123005806441286
19730,0,0.04085734587019414
43419,0,0.041159827528186886
5076,0,0.034454304776995855
24128,0,0.0323018210473264
19328,0,0.03658312268761198
40449,0,0.03824270583263507
18120,0,0.03179999835129054
31492,0,0.029584351708710686
21706,0,0.03575108574374501
5384,0,0.04123309453468358
48520,0,0.03220600180751362
16654,0,0.039896633273178356
30216,0,0.03101331088256237
45144,0,0.041069115034108185
46294,0,0.04079224592432094
38142,0,0.03243382393550079
45761,0,0.04025568939115104
37262,0,0.03076617497040241
41458,0,0.035258764570963275
19837,0,0.0406400112880696
20801,0,0.037521700072807064
40685,0,0.038092132199817566
48735,0,0.016027939717715444
23663,0,0.03156918742251693
1586,0,0.041479017074920334
220,0,0.04102804120044263
38213,0,0.03698629158336369
46755,0,0.03978850661703445
36812,0,0.040893640104354846
7291,0,0.04120513793092447
33701,0,0.040424812542270296
20293,0,0.04095796478573205
1332,0,0.04096324549958889
44908,0,0.034023036254954946
11969,0,0.01921820968768045
20472,0,0.03014016643552254
35352,0,0.041099905565418746
14500,0,0.040850980113490636
12802,0,0.039686750994145294
44793,0,0.041215793841458216
42265,0,0.0381623342854895
21155,0,0.0291711478485674
34348,0,0.028014741416789092
11907,0,0.04085349529139605
27765,0,0.027536433967718755
25675,0,0.04070271245132773
38009,0,0.040282259855405136
13339,0,0.0320062374400023
1452,0,0.02491421934829164
20986,0,0.041027609872524975
29921,0,0.03983055125552074
7890,0,0.04120315498007112
37648,0,0.04120367768431113
11848,0,0.030503577270810336
12592,0,0.04032764219255472
32833,0,0.03693013526429362
18517,0,0.04115415049458118
27175,0,0.031162935813881035
42353,0,0.02008402021442525
46528,0,0.03960053673487022
27939,0,0.033386126132849955
44967,0,0.03987317363173086
32039,0,0.030196797065215813
5370,0,0.024492002941860967
48167,0,0.031625840287573904
30170,0,0.02789016103259766
38556,0,0.039796056482840056
19648,0,0.039238354255372886
5210,0,0.032067297471124065
35148,0,0.04021999991234862
16910,0,0.04116604015469841
16734,0,0.039024811000533004
36483,0,0.031374758439769064
13109,0,0.0409367195452339
24871,0,0.03768649037758319
5893,0,0.041099292844809704
31224,0,0.04030929975192521
39597,0,0.037005360748425815
33089,0,0.04091821210888368
31565,0,0.0292669930538619
37682,0,0.026538336744992858
39008,0,0.040737093150587496
34935,0,0.04622234906925253
30665,0,0.03205362851102427
36915,0,0.03802344291913967
43622,0,0.04100774090756813
32142,0,0.03774775037546226
42949,0,0.04021560651231189
26641,0,0.037580011633698264
16038,0,0.04127111155730572
8712,0,0.040754748731092416
17966,0,0.03939327678507139
13000,0,0.0407198507696434
31123,0,0.037491132307668054
24237,0,0.03778296649336126
45871,0,0.05565318424351377
21567,0,0.03232077773519768
26531,0,0.02486256692001911
42681,0,0.029277795660450547
827,0,0.04122280455886699
11037,0,0.02164939780031927
16995,0,0.03947193370979375
19867,0,0.04110433326098
582,0,0.04131426866909132
17907,0,0.03757372759141748
2082,0,0.040167692184597134
31148,0,0.033796216905773384
4434,0,0.04120506158178821
9905,0,0.03304483598987665
29151,0,0.014925157172903047
15026,0,0.04094732235139315
7255,0,0.03223631816598855
42988,0,0.032516167623418704
45108,0,0.03040595341777975
3950,0,0.03275595843308967
37541,0,0.013644509084637997
48359,0,0.04115250120990781
21976,0,0.040689838031393616
33852,0,0.03915909386404853
30995,0,0.0290385042459643
33434,0,0.023564190842675407
15502,0,0.04090661307937909
21501,0,0.0304222863107291
31381,0,0.04120963605792545
32036,0,0.04097236243567672
8128,0,0.040910534915012765
23393,0,0.031021423895748843
33071,0,0.021819334934961188
10836,0,0.17485243438002498
47505,0,0.040968295471268935
119,0,0.03997219981939014
47485,0,0.021912683331477643
28224,0,0.031080504488148256
1442,0,0.029585952421492694
32748,0,0.041177044280928936
15888,0,0.03250391179894706
18533,0,0.03771249104522106
27303,0,0.032384374846482225
31022,0,0.032686414962922704
10232,0,0.03141933446234781
31114,0,0.032267358102179754
36422,0,0.03977281190390621
36662,0,0.020446897554333262
2916,0,0.040972579252263816
10726,0,0.04116280789202993
22594,0,0.03220386329360555
11540,0,0.04068030940212844
31989,0,0.049671917741115686
1935,0,0.04086642731641341
41158,0,0.040987787002272395
8406,0,0.02656907999890202
34640,0,0.041066017056024286
18558,0,0.021422578888635312
40801,0,0.03512370834806153
21078,0,0.04035935678717286
32373,0,0.04094002497941372
41521,0,0.04086230563861733
28725,0,0.030164163816330174
44285,0,0.026767109711382932
20542,0,0.039911997096964656
2369,0,0.028775163614103653
23304,0,0.03267166641007665
19494,0,0.020679945297929513
43953,0,0.04120563496066765
42354,0,0.02692762795608569
22048,0,0.04105454476142256
2606,0,0.03567621727207221
7913,0,0.03426344000728559
35473,0,0.03252746810270957
34564,0,0.049826056988752254
23002,0,0.04114974581758375
41433,0,0.029876972735451084
15596,0,0.03990497219150949
48119,0,0.061549629687582444
4023,0,0.028632381092209797
11586,0,0.031207979891464635
41990,0,0.03960503994764234
37366,0,0.03465246717481801
17493,0,0.03160152665255345
46233,0,0.032561061607593346
35227,0,0.04109948796921311
246,0,0.02691330424910631
9254,0,0.02820042701722995
16094,0,0.03758823656280104
20404,0,0.03473079097319261
4699,0,0.027648881378481083
16283,0,0.040847622065927035
10815,0,0.031160892021131006
10140,0,0.027987526504825336
313,0,0.039441911422158
46709,0,0.03793226234644451
27979,0,0.041363123581704096
38532,0,0.04027592740352593
26936,0,0.040843469454179326
5873,0,0.026904429227029975
34345,0,0.04120712655007449
37697,0,0.03891657437479355
4406,0,0.0394899496871503
14326,0,0.019511634721053186
6558,0,0.032054848370355965
14122,0,0.05678066996312369
11388,0,0.04050230840703814
25911,0,0.03427526931830283
802,0,0.040951269119171685
15094,0,0.04002900405258269
30651,0,0.041135450674290565
28952,0,0.031878456372804176
1997,0,0.04120613851412218
7520,0,0.0408903878336839
6818,0,0.018537118214691894
23732,0,0.040267247423634106
7810,0,0.0396631354237341
26880,0,0.022100103787789965
43533,0,0.01088176884019966
25608,0,0.03945765745002023
27574,0,0.040221801342144224
9346,0,0.029612164167170326
41397,0,0.02243640273453659
47714,0,0.0387306277845684
366,0,0.039649277200648966
45076,0,0.04110107825462741
39764,0,0.03397067922166914
27434,0,0.013683667337209124
35673,0,0.027873747123570016
31820,0,0.028285588759159326
6874,0,0.04121310094778373
27337,0,0.038409738865948
12865,0,0.041131392141958205
19240,0,0.04106445491034467
48365,0,0.043876341132965596
4889,0,0.038617287332565406
41381,0,0.02089147737106033
33327,0,0.03768032511847466
28773,0,0.041210624124123386
12692,0,0.028116746444273793
47943,0,0.038286114636456085
18458,0,0.03976630512028352
12379,0,0.04109697340384706
39870,0,0.04099450459529152
34925,0,0.03834297837665039
10369,0,0.07002050368706925
31609,0,0.026452935616771794
4543,0,0.039009367827086396
41981,0,0.7213344921686204
32849,0,0.02482908731340163
22545,0,0.040869417588167915
40281,0,0.04989535734781721
11869,0,0.020431801070599706
16724,0,0.0322508095863021
23100,0,0.03949763411010072
29115,0,0.033478182220217916
6993,0,0.03218398010994638
30484,0,0.02471443332005645
25302,0,0.040895388943078016
33568,0,0.028604671024548806
3275,0,0.1256273434521886
13606,0,0.037889779189691546
7830,0,0.03137188900853822
32872,0,0.03766719320995058
36884,0,0.040851288464358544
1379,0,0.041309027624719406
36458,0,0.02455098355206866
11580,0,0.020487984755307758
2030,0,0.04017116203924264
11119,0,0.038816605906196074
47735,0,0.03794334305372962
45334,0,0.025576389765201584
40316,0,0.03197257352632944
34812,0,0.04085578901262887
6637,0,0.04124779713781621
16019,0,0.04032252998237518
9634,0,0.04120306478843777
20245,0,0.024066141761492542
16227,0,0.024840634904851257
10750,0,0.03760049425184089
32161,0,0.0341465223277254
33493,0,0.037520509645102125
24845,0,0.04281710518557812
21711,0,0.032470612404119456
41382,0,0.029495064828466328
47182,0,0.04122511241320698
6636,0,0.03950534422797856
33302,0,0.04000762978304553
24187,0,0.04121338782040504
5877,0,0.022949472035212217
5223,0,0.03595308615394016
46663,0,0.040933472313669665
44050,0,0.01437147591436101
8238,0,0.023881239557664184
48183,0,0.03628862389989846
14026,0,0.022791798588024298
14236,0,0.03715300615234625
9858,0,0.04099192019299958
32630,0,0.03978283103742576
35420,0,0.029441920299490797
34617,0,0.037557782146260404
27705,0,0.04127323046062903
13523,0,0.05494507686046163
34868,0,0.0350809271890753
5512,0,0.04039259327331683
9132,0,0.04082513844295379
561,0,0.03711165350739937
37018,0,0.04099938454450731
31943,0,0.04075357217102401
38527,0,0.07222425175123395
40790,0,0.0321499292147506
1822,0,0.014725903513422931
28645,0,0.05696235551905993
36902,0,0.027151512919053253
47092,0,0.039683433439593206
40051,0,0.041139704194753456
8149,0,0.03764204570950974
18234,0,0.036903934180062034
20160,0,0.038530812300771454
21616,0,0.041312750411566596
20539,0,0.029853106580316847
37454,0,0.02408248999248487
12817,0,0.040547421324121154
27081,0,0.021932442713869463
3677,0,0.03852940958037803
18129,0,0.02917199123828707
43734,0,0.0389039023165376
44878,0,0.012803391455165899
31815,0,0.05382249188038655
31146,0,0.03226083085407432
43447,0,0.04025124979289493
16791,0,0.04088844732135853
29207,0,0.04121740494996749
11501,0,0.04096167321887761
28597,0,0.04434569574275299
14860,0,0.04070922475645224
2765,0,0.03758495903260344
41888,0,0.040624155042929086
26819,0,0.031879281234042114
47545,0,0.04107975341787847
39944,0,0.03069371963750482
13390,0,0.03712281963570512
22124,0,0.04127079210929793
21829,0,0.010899416642266633
38672,0,0.04129043228089399
26628,0,0.030832589215149427
25499,0,0.03176908388325272
4359,0,0.8501137508688295
36620,0,0.03984874007447285
40005,0,0.028650627521369747
48345,0,0.5335276555721832
31324,0,0.026866556060345395
15504,0,0.04091981039769115
13007,0,0.03227794468362885
40104,0,0.041030724716088623
41174,0,0.01602083595332574
11913,0,0.038544923070632314
29237,0,0.04071181028599695
36178,0,0.04331965968018929
48709,0,0.040947304488865494
25864,0,0.0282313442613372
33380,0,0.03249003624707616
9539,0,0.03265340427274188
30742,0,0.02597921039063275
13867,0,0.031920732246593364
4197,0,0.030143894548675866
24176,0,0.04115480938211872
4142,0,0.03203946102717749
1712,0,0.039565713734722716
34605,0,0.03139936288924676
35151,0,0.027532901928563863
21254,0,0.03816287078768204
37646,0,0.06137925173612099
23620,0,0.03015664203265412
33956,0,0.03862852936307532
10535,0,0.07119201069779717
25279,0,0.029920456877308967
24529,0,0.022426984145580628
31690,0,0.03143598211559388
39388,0,0.031022454160271808
22344,0,0.028463835051502073
19707,0,0.04107900766779298
36259,0,0.04126011304293517
27873,0,0.03164191365005907
34087,0,0.04087113282939516
14153,0,0.02936981454593412
17713,0,0.03100230978800619
24048,0,0.03465672751729717
11246,0,0.028297998776129478
17510,0,0.04002856094210985
15352,0,0.037662261985441224
14017,0,0.029471939393049235
42618,0,0.03781065975236842
3255,0,0.038409015810693795
20166,0,0.04079283879250036
551,0,0.038634845571684596
28965,0,0.03028002767711674
4632,0,0.04121190698336626
22608,0,0.03237775039058049
46942,0,0.038335439083178185
29685,0,0.04115405955641184
45734,0,0.030918048030947814
41954,0,0.02559599298195243
31582,0,0.031764753744131104
48032,0,0.039488861820882425
19266,0,0.026667347260308876
25250,0,0.032021965918638116
17180,0,0.03692828047846348
23383,0,0.03882219328789432
29466,0,0.0386253284776315
15144,0,0.041731150989224655
36203,0,0.04101729166538521
35489,0,0.037705171387669864
22654,0,0.03715709511985445
13725,0,0.03460759004530329
18099,0,0.025886530502595984
33328,0,0.046898834039819086
17020,0,0.03758108881021258
570,0,0.04080822869526716
14838,0,0.02057726143899778
32031,0,0.04098280251541355
38463,0,0.0402178165430127
31371,0,0.03252139880861325
5179,0,0.03046184126746342
38782,0,0.0411579032891065
44229,0,0.04070234039462016
28197,0,0.037501112125789764
3945,0,0.03946222126634968
32825,0,0.0472997356235262
23452,0,0.0378493401925038
38014,0,0.03455156533090418
18441,0,0.03949360123727307
15563,0,0.0412315841117843
8302,0,0.038842523685541766
10976,0,0.259609938792014
43465,0,0.025886227240319304
33411,0,0.04117080580048338
1275,0,0.01984609349800968
11667,0,0.032112393431467726
12670,0,0.03802438764455523
13262,0,0.04105517523560762
25106,0,0.02049668854906556
11021,0,0.028488929343961994
2793,0,0.027574204941619596
40719,0,0.040962102456657656
15295,0,0.04109914448916872
17608,0,0.030457917489327364
9430,0,0.040258092206271155
32188,0,0.037987108570542515
38783,0,0.03989506219675483
6282,0,0.029704718596262124
5095,0,0.03950440069017941
207,0,0.0411955986367947
6201,0,0.01852680955550714
28970,0,0.037492363896063315
16949,0,0.03127990428735135
34176,0,0.03823756127892188
48047,0,0.03944182408558848
37361,0,0.041269573685543466
38146,0,0.04332579790174174
47402,0,0.03203757407726047
24966,0,0.057458364355764624
19824,0,0.03219504971174367
28095,0,0.040836751461065114
13014,0,0.041210106798052114
25261,0,0.039610187204924735
7149,0,0.027593670032280533
34606,0,0.030064490805490115
19810,0,0.014373584048743334
12227,0,0.0325353528883143
11326,0,0.057408919114789736
45629,0,0.03061349272495508
31596,0,0.0394755728834977
9769,0,0.02541126240439748
21715,0,0.03227714150613719
3801,0,0.02345210827085733
9467,0,0.03222367296591831
3278,0,0.04096261743695539
12456,0,0.039899424758623576
38912,0,0.0604644156188835
37225,0,0.04005715221550679
12629,0,0.04064467674098693
8883,0,0.03995149555068502
18058,0,0.029930398067355486
27772,0,0.04077726440895783
35831,0,0.04110011863251049
12532,0,0.04006303023453825
3359,0,0.6897325238805876
46246,0,0.03882460963668334
11064,0,0.04062036948742843
7557,0,0.040981763189403345
30700,0,0.029985232284961017
9259,0,0.03998009776737091
42869,0,0.038383727774867586
4507,0,0.040434719147571706
32451,0,0.05544223599698306
40742,0,0.041492278071046385
8805,0,0.026836555893164953
18790,0,0.041238222210014636
48175,0,0.03752745927905277
24946,0,0.04071114801771414
677,0,0.02964222396348835
29840,0,0.04129517128581576
10316,0,0.04120785568904507
48343,0,0.023684128127294046
4202,0,0.02611263416407405
35588,0,0.040917242802936266
39839,0,0.032104889001106494
8867,0,0.026906702731576432
21717,0,0.041063458315839005
41672,0,0.017754137980258933
10406,0,0.03752041497358514
7903,0,0.030779337633275013
31767,0,0.02955974662591829
32195,0,0.041154921850206735
28382,0,0.016872406379436385
3012,0,0.04017918941016847
16452,0,0.04098136030464746
14592,0,0.014912743400193884
3969,0,0.02240257772161922
26933,0,0.03109119559326895
17858,0,0.022932353244084706
33707,0,0.04098316565433654
38216,0,0.01995500834551695
22033,0,0.03833452009316631
20033,0,0.04003610144015325
5268,0,0.021796744342753426
22462,0,0.04048755025586961
12683,0,0.04110930901512445
33721,0,0.015208604592293649
16127,0,0.03772604765646772
4544,0,0.02240686159121879
18286,0,0.03167504457871333
28183,0,0.03004958584207578
4560,0,0.039481104862743116
41765,0,0.037518501142269005
15684,0,0.041185474933951124
44956,0,0.038949058774476845
35280,0,0.032244671877758285
26232,0,0.031027509370111214
20745,0,0.0383337935883205
15301,0,0.04124208997242837
13282,0,0.02750157995810759
45862,0,0.040858778270353016
31759,0,0.04448831330418251
47914,0,0.03108454934953506
24205,0,0.03240988047987182
40580,0,0.03984428038156998
25406,0,0.03341734144700423
11234,0,0.03835966787000768
10335,0,0.04045624170512501
22143,0,0.040832977316133424
14739,0,0.03417420688973046
6703,0,0.041099719500288553
42444,0,0.03849191792261809
43946,0,0.02951225214284323
31153,0,0.01756024584735269
2983,0,0.030814455490641626
41245,0,0.04008493807415465
22946,0,0.033713778925707046
6944,0,0.04084339953038061
7406,0,0.029136819192543868
2700,0,0.037601299373060795
45495,0,0.02827692440324571
42293,0,0.022818917650012246
28998,0,0.03145820978092557
47906,0,0.04124725783466032
9255,0,0.04112269541854935
34994,0,0.03908553262391302
13958,0,0.035179599523485997
19354,0,0.027453192233187238
27833,0,0.03766471513159781
25951,0,0.029578686600704764
16690,0,0.04087030853959549
9996,0,0.041261069436736145
29790,0,0.01903185635436219
8617,0,0.03184761394158494
41079,0,0.0403912783869236
33539,0,0.015472229120106212
32945,0,0.03116790070894737
27493,0,0.07043701784918789
5213,0,0.03833847387504471
17612,0,0.7203509572159473
40498,0,0.03301659800600686
27543,0,0.023908637819543034
21615,0,0.035578806627058174
16241,0,0.03473336572983536
13287,0,0.016040752445127458
20443,0,0.04124663821009326
34524,0,0.021874602938570648
2427,0,0.04029076665826548
3591,0,0.04053117289926684
35440,0,0.040518631277286735
47572,0,0.031636358353074406
46172,0,0.039703771603770116
44373,0,0.034416100085714434
41309,0,0.04125007254907728
35503,0,0.030025965249304763
34641,0,0.04118703149330485
7630,0,0.03201232041308613
2538,0,0.03950421350232463
41067,0,0.04105114779642509
12216,0,0.03771255705517832
8256,0,0.01573207038678409
19686,0,0.039578432355142454
23809,0,0.03986325639524923
22145,0,0.029937133236717765
2278,0,0.1273515423330941
26089,0,0.029803903839698876
19750,0,0.045681613013479706
33358,0,0.06209002925628771
48306,0,0.018976928197784723
21578,0,0.0320113757620965
22461,0,0.031631083735434926
15283,0,0.016442765561225866
36130,0,0.03452642819334547
43461,0,0.03185919514296981
2550,0,0.027905659558741584
41146,0,0.03899131141860031
4841,0,0.051186454361351594
7418,0,0.03165432705368902
131,0,0.022681401239585442
35644,0,0.029989480634603497
39646,0,0.03239805725581986
22570,0,0.05617702371424795
15508,0,0.03997917403440396
33860,0,0.04086731725498393
23894,0,0.03833367155739596
8208,0,0.04086247959060532
46503,0,0.03940154348040145
39629,0,0.024410372745168236
40784,0,0.03174487433486628
29164,0,0.027241200599819188
3288,0,0.040716549031497504
25678,0,0.011737037346965004
24829,0,0.032373325158621666
18374,0,0.02842458470647896
22554,0,0.032359744593511625
10738,0,0.03862578805820855
44701,0,0.02839120506429388
6965,0,0.0305224127941929
44156,0,0.04066125765111479
46158,0,0.03121944329955123
4755,0,0.03817399225257424
9054,0,0.02401402514570829
14004,0,0.0409273661906416
23728,0,0.04095147189735229
43708,0,0.041107666031303065
14274,0,0.032481255336934814
16422,0,0.0411344349465643
21684,0,0.0371017002492658
3724,0,0.0406884593596594
43767,0,0.02307664582644144
16272,0,0.032845027307272776
41516,0,0.041028566960876166
18530,0,0.03838924799882482
29852,0,0.031091195063146275
35778,0,0.0407257093845338
12465,0,0.029491016469871224
20457,0,0.03201239841921016
12657,0,0.04067932412113225
33298,0,0.025474397987929012
11924,0,0.02228629334819389
22786,0,0.04102498574707434
38860,0,0.04083577592901764
14655,0,0.040916596957196016
48861,0,0.05560190125796534
41227,0,0.03339169221632957
32091,0,0.040771079703937445
10432,0,0.03230167322981003
14770,0,0.027748172685821956
6095,0,0.040749708548910614
41662,0,0.032612643957642067
25842,0,0.022111384209087533
19606,0,0.04097544907498959
20507,0,0.030311211718925393
13082,0,0.020609911228008995
9680,0,0.040962931417986716
21839,0,0.03593576920566089
44361,0,0.040644802135706495
8501,0,0.025635552250082808
43633,0,0.03836378624503446
22532,0,0.032340492268555
35483,0,0.013674635191782926
40859,0,0.03786203956659592
28908,0,0.034311174760725184
17137,0,0.034661640349861744
9755,0,0.03127550251314787
44549,0,0.04103158307511625
17739,0,0.03250249147372307
22648,0,0.039662421933311064
17389,0,0.041251002892977444
2050,0,0.040162701280979596
35145,0,0.040199214120530895
11397,0,0.02005860868299071
43295,0,0.03991243428029556
11804,0,0.04082904497409824
48056,0,0.03191777983376361
42985,0,0.04103270392408497
5818,0,0.038671621133803194
11315,0,0.030685478642076176
36961,0,0.03192291832773002
9474,0,0.04126632253781106
18408,0,0.031559747472497374
40762,0,0.03803524900759995
16444,0,0.04115416601281483
8286,0,0.027773873413843148
13870,0,0.041181406469082
15084,0,0.03249747960386156
25932,0,0.03220871932740073
48134,0,0.04108141260537473
16911,0,0.039482494094025586
48478,0,0.02715078159307765
10573,0,0.029418696133605475
18439,0,0.03990900768200852
13688,0,0.03514975665378371
28856,0,0.020622831270404672
14189,0,0.032193485997732134
21314,0,0.01516540852899002
19300,0,0.03476036681348236
38607,0,0.027965473994414063
47506,0,0.031239841352876798
27912,0,0.04063691598917749
38898,0,0.022933676111834014
28943,0,0.027326846161760142
13723,0,0.04110616434702595
9230,0,0.024697737082602044
17251,0,0.0394423512988372
43390,0,0.04086203172716668
38690,0,0.039617843764628645
23281,0,0.041221055622013475
38092,0,0.019729225123900584
32172,0,0.03260647978587788
24759,0,0.03266569104959021
17923,0,0.040632637520459765
7718,0,0.041099664679120726
7762,0,0.040760430162080113
41819,0,0.03060932143552642
28896,0,0.037140812231184823
20808,0,0.041414616316986994
37367,0,0.024554770371924727
10776,0,0.03434743538261192
14766,0,0.043882866258375314
8978,0,0.04112944831691892
36201,0,0.041176936066215315
11085,0,0.040254152231514795
14094,0,0.039600383062772596
45116,0,0.03751547360015246
35191,0,0.06005084472872308
46644,0,0.020237685976738726
25010,0,0.039917801711283264
38447,0,0.029897979939581026
48753,0,0.018580293911922514
2505,0,0.045773768363948725
9670,0,0.031817755620064156
29297,0,0.03986430672619673
37324,0,0.024822875092661807
7447,0,0.04086584453581196
45707,0,0.02366987070322716
5352,0,0.030459279236926363
26227,0,0.029598731469070064
27512,0,0.0390151410944022
32037,0,0.04011551663963723
37131,0,0.039330837969154764
8876,0,0.03944011357845304
27946,0,0.01872189448309681
7532,0,0.06633829054941588
35414,0,0.03869407279483723
3723,0,0.024238598234744158
46044,0,0.030371084950569085
12397,0,0.03753824288696285
33554,0,0.04092252822355837
43321,0,0.03277926805752662
11082,0,0.031191017596476838
34228,0,0.032208477795313974
18867,0,0.024147922251446765
11521,0,0.022568053014738087
9072,0,0.0405800632390066
34849,0,0.020940238136945087
44649,0,0.027276705522404757
3006,0,0.03934541634417079
31231,0,0.030431382851852304
48847,0,0.0404658055482227
9803,0,0.03917138494098489
9648,0,0.24011724684259456
31568,0,0.045794617194292855
19797,0,0.03158412428682311
765,0,0.12960322059325788
15199,0,0.038161395991255606
27734,0,0.04060947151320333
12356,0,0.09007173263446795
20982,0,0.020830618783222316
45135,0,0.041377351074481615
25886,0,0.011002027491982218
1932,0,0.03221778731604865
33577,0,0.04083050841581234
39893,0,0.03242605562321912
11824,0,0.03903088686449078
7713,0,0.025153326365930987
15552,0,0.03765618456608646
34111,0,0.0385874706348613
18073,0,0.03947090318695553
41185,0,0.03702090259046862
24012,0,0.0228360803471492
46222,0,0.0115417245263951
41159,0,0.04018870517913229
3066,0,0.04095262998155838
41063,0,0.041021901282153016
37830,0,0.06113680906813617
8311,0,0.05433206256728366
12611,0,0.03272041807308172
39997,0,0.037895727498543766
32020,0,0.04108052124142828
34298,0,0.04089594195109301
17143,0,0.03062987576389115
10010,0,0.034390602318387746
4647,0,0.03824982981563117
40885,0,0.04089972472253971
8431,0,0.03859813651422103
22437,0,0.04109245130659139
16002,0,0.0358170017484364
48184,0,0.03944452989219219
38335,0,0.04096943707303357
11402,0,0.03954033602294748
6291,0,0.02392146668150286
10883,0,0.023665523267348873
48662,0,0.04058208410425116
36169,0,0.029422658401801652
9289,0,0.02102914469670574
23622,0,0.026426927373324468
38470,0,0.037859252108608014
38586,0,0.03232493816423694
4161,0,0.050779648330578984
43881,0,0.04103314039160508
18329,0,0.04129047889130149
21144,0,0.040106457761136784
34887,0,0.034291955038002614
45894,0,0.040659633837871176
21442,0,0.0315175148334596
27098,0,0.039316663457641884
24962,0,0.04016199630435109
21290,0,0.03749069086649853
6809,0,0.04118350232108067
28052,0,0.04003848698513565
29421,0,0.0409169825374377
48069,0,0.037958701503221726
25860,0,0.036027364512617885
7787,0,0.04131169309904922
42991,0,0.04132272220256423
2289,0,0.040498924353900116
684,0,0.014827498748997922
35496,0,0.04192307564415015
39692,0,0.020678732883475246
14482,0,0.03277780764754917
43317,0,0.040701044069271296
38890,0,0.01314198385887295
14630,0,0.03300516488095364
15169,0,0.012869587470480925
18952,0,0.040643569021865736
8667,0,0.027874953962827877
21159,0,0.038408922099888804
2783,0,0.031034247999030224
26635,0,0.037486359432275934
1817,0,0.03975851870973292
5598,0,0.023670037593330476
20535,0,0.0135608166690937
41250,0,0.03582390088662086
26341,0,0.02838862182402827
8791,0,0.05607305599272885
778,0,0.03802593784124102
40595,0,0.15205663701683472
24223,0,0.04115492486244106
18824,0,0.03241536167491275
45011,0,0.03699547615866979
47226,0,0.01912792380286774
36212,0,0.0322454054390988
3114,0,0.031396851998097663
6646,0,0.03834037839377646
42902,0,0.04086865609708678
13406,0,0.03237162362893006
29795,0,0.03201834721563256
42253,0,0.03893041225771847
7249,0,0.040872088236282696
45771,0,0.022321422796315802
19935,0,0.037400249135313895
31652,0,0.01938455013947165
42029,0,0.07417417864913219
22160,0,0.03224707991209641
40451,0,0.038673449234961674
9393,0,0.04088887828615875
28369,0,0.022619200624949525
4334,0,0.026929353788379552
12288,0,0.04040998873249448
34145,0,0.024436498467354354
48149,0,0.03912622843050791
30688,0,0.017569221643307407
11639,0,0.0407922629942132
4813,0,0.04018445937579957
3261,0,0.04030156448061876
16828,0,0.03793078959710601
33015,0,0.06803520735712545
34767,0,0.02939325346685548
22548,0,0.03172263378733465
14345,0,0.04451748426055576
39561,0,0.04047402734404498
43010,0,0.046364867655131835
3157,0,0.03215151685137209
29827,0,0.025590691680697195
39466,0,0.04105890677832233
25807,0,0.022303082204815586
27066,0,0.03894477568846452
1968,0,0.040656266787394986
29515,0,0.04116776553959636
31879,0,0.034706029089187795
46465,0,0.04109162872876629
32454,0,0.028616985248945983
7392,0,0.03190356567614581
9969,0,0.031689533107953034
48028,0,0.043895987158156825
43518,0,0.03108426596750817
19957,0,0.0397059371285179
11535,0,0.06156666729395777
3495,0,0.03183742173280262
31672,0,0.022487945754398247
46490,0,0.022026360959424812
20035,0,0.040868308344089326
7776,0,0.02711187868824331
617,0,0.038497030671931026
23335,0,0.041154226250991764
34038,0,0.0356102942434107
41527,0,0.026770713195015228
7888,0,0.03131762292266916
41719,0,0.04115866251016611
29271,0,0.04136905137154456
24761,0,0.03958220829520898
5989,0,0.02337547875133453
44038,0,0.03985922454881293
38733,0,0.026372561121647594
11757,0,0.04112954974053153
21545,0,0.023892293703707122
460,0,0.041000617087281914
14185,0,0.03995396208338782
38848,0,0.04082189663814422
9245,0,0.020156092117744235
26480,0,0.03218133102332241
5303,0,0.03951104916855744
1381,0,0.02702275905215636
15271,0,0.03164637955868767
24375,0,0.03528054678734472
16515,0,0.02043920344098985
3795,0,0.03980560487838471
45465,0,0.03266496511060466
22735,0,0.03427025352459793
15116,0,0.03898850644927761
18046,0,0.015170346472405002
28282,0,0.014483148893583474
15980,0,0.023270372926325316
24497,0,0.04045027816777018
6606,0,0.05751007283090991
26316,0,0.031094649388106486
38765,0,0.014821110585890775
1251,0,0.047382633571165636
14264,0,0.03759318198587691
20048,0,0.03590864370888914
44312,0,0.03760329457715438
46262,0,0.029606836065411604
32575,0,0.041232672474442685
46662,0,0.03849226389388684
2718,0,0.04122472245714407
31284,0,0.03816121062856292
6900,0,0.04121894380664033
12101,0,0.03133099763062394
14318,0,0.05659019430447425
45702,0,0.03467166680370426
1027,0,0.04083706775947507
44354,0,0.03826506793344933
43313,0,0.037540860765743436
35152,0,0.683854125477276
24350,0,0.04744136072020358
18974,0,0.039170423201621236
11934,0,0.008891042901691992
42968,0,0.03257270556396611
5119,0,0.03783706398951647
37183,0,0.1269865789312547
30109,0,0.04064136901229697
13367,0,0.039519027202437954
24760,0,0.04112019413860368
32364,0,0.03702797768394292
42166,0,0.03748289289283271
27278,0,0.03910947949587588
8358,0,0.04117563062762059
1302,0,0.026106250610368576
35023,0,0.03872655919978254
34121,0,0.03547502875502454
38151,0,0.0315334442255988
37023,0,0.03890124912132313
2515,0,0.05587329519355141
27985,0,0.021322919643905206
35549,0,0.033399078043822035
20070,0,0.021486107504025458
6811,0,0.039009980490356234
10991,0,0.040201040488679736
19587,0,0.041155706906929344
22510,0,0.03862378964873278
32732,0,0.024440785916019794
46621,0,0.04086524424761032
32235,0,0.04088721885633524
12709,0,0.030570578720864525
1283,0,0.041219391220056724
34083,0,0.029934848471016535
23243,0,0.03851485992348648
41473,0,0.041113069162315774
41002,0,0.03924816789805739
46668,0,0.028844649574138657
7373,0,0.041121047491001095
3431,0,0.027994735156842778
7269,0,0.03959042278217772
13948,0,0.03247557645753119
11763,0,0.03818430155882078
16846,0,0.04121747548474813
28949,0,0.041220714636162226
5144,0,0.029994882103095727
4589,0,0.03254186766516905
20383,0,0.038596818661559645
19617,0,0.012320622290200688
9134,0,0.04128849430989388
37553,0,0.034551511109213735
29645,0,0.032283077687301466
34289,0,0.028812749022331392
47560,0,0.03959306418582235
46456,0,0.03794227280691071
42685,0,0.022900063439397354
42754,0,0.031486529957988604
35073,0,0.04116948066447171
23266,0,0.03229469756512349
45609,0,0.03825603946936003
19896,0,0.0391076157758042
28656,0,0.031599288558806414
22099,0,0.0396968694420695
40520,0,0.029517302161227835
13458,0,0.04118333131545195
35462,0,0.03086216457522976
23585,0,0.04115185654324715
30864,0,0.04116186240664716
40755,0,0.040805120913808605
24815,0,0.03156369912047642
23466,0,0.04030679986057092
5047,0,0.0412024939872409
20370,0,0.016088283441967423
44939,0,0.026423492827701383
14521,0,0.04046701871730049
16671,0,0.039614773861188654
18999,0,0.03218837887815385
28629,0,0.041127457003605844
42179,0,0.04062299330415883
41276,0,0.036358799813509764
32404,0,0.03783861441883149
45103,0,0.03781038982340986
18825,0,0.041033631857548415
1317,0,0.04051589041549168
22086,0,0.01700937416601284
44090,0,0.021239459897339382
33073,0,0.05204574615859124
44911,0,0.041099774898094986
21405,0,0.029360229282671978
7594,0,0.03231494786271485
2226,0,0.04042241365101761
4296,0,0.03950090744335229
37829,0,0.027957337603805827
38993,0,0.02698445181781829
18228,0,0.04067465961757767
30158,0,0.03403461293879385
15793,0,0.03990414036447231
43312,0,0.04102166635802965
1685,0,0.041222949576015785
15570,0,0.0407178130301333
13048,0,0.04618707256758996
7284,0,0.03156490928610885
47008,0,0.01579285639502299
19945,0,0.028942448571246716
2675,0,0.03435391448401112
2351,0,0.040851507659347495
7689,0,0.032471453865292
23024,0,0.03057923929408906
41471,0,0.03978239799070404
21124,0,0.040918906134139836
20065,0,0.04090820773948658
6844,0,0.03891971813457418
29433,0,0.026351339683938716
19191,0,0.04120547730605816
29724,0,0.03959678929071531
23659,0,0.04127204561700238
23057,0,0.029880289192762064
48989,0,0.026126253075145482
17435,0,0.03189456229210585
11808,0,0.02800687372518597
39165,0,0.037500513535004436
37182,0,0.040816042364022004
20202,0,0.04096109673386041
14496,0,0.03764282631145843
15585,0,0.03049941312705997
19709,0,0.04132701818799999
15184,0,0.04058035232819472
42533,0,0.0413230341089788
38545,0,0.03142316144803296
29702,0,0.04077474682404753
24734,0,0.03860824080435647
8869,0,0.04102984869937257
6784,0,0.02862603112651905
21785,0,0.03996121134726784
41642,0,0.026875367280924874
43462,0,0.007398259894565286
17039,0,0.039355302377445854
37557,0,0.04011465823406035
19999,0,0.02959064845990458
31175,0,0.013274044810522998
46625,0,0.024731342142450787
39718,0,0.04123161279616097
8089,0,0.03158265033162254
42918,0,0.032480981740658436
21958,0,0.041069400316673985
2594,0,0.031737080327151106
38849,0,0.021780653902884087
37867,0,0.030257064919379642
7629,0,0.026670251989751106
40927,0,0.03265280526723896
43155,0,0.028394921512215485
28448,0,0.032548668384541124
18823,0,0.04047613700107649
39151,0,0.03768630659147611
18393,0,0.041219628067716306
1549,0,0.03843235260444231
9083,0,0.032055816220895934
35510,0,0.015179089159288098
6645,0,0.019121573768973367
2612,0,0.035887277708718926
18068,0,0.03546318472235544
37688,0,0.04061446551161065
4879,0,0.04115343172091723
12183,0,0.04003253957959129
33530,0,0.011049505233354724
35625,0,0.04079237864766473
36918,0,0.03111164377816834
1740,0,0.037928655840284584
42496,0,0.03963548179584167
15702,0,0.032148741225009936
26552,0,0.030578342606695952
31745,0,0.018102645024873566
16599,0,0.14393611236490772
24073,0,0.039842764713799564
18108,0,0.03180639518624759
30605,0,0.0400367604774889
18274,0,0.034208387272490606
21262,0,0.033712334765904274
41151,0,0.02962940855631502
12061,0,0.006874435655894001
13794,0,0.04038988705622715
9525,0,0.041196893945716156
17857,0,0.041084711639127684
47138,0,0.04127515971497955
43218,0,0.03216908990780397
34711,0,0.031209711832679198
35380,0,0.039405076093555265
28406,0,0.03154964923663986
20119,0,0.0395843899575207
44208,0,0.024126197929107408
24479,0,0.04138088048529649
40234,0,0.02890444506733151
6563,0,0.017128896275012573
41192,0,0.0391160837804834
9535,0,0.037590272588013854
20338,0,0.0394422136964739
43086,0,0.7510752797639282
21591,0,0.03862651645787872
30095,0,0.03763440887640965
17464,0,0.03172891721240559
19790,0,0.031110031960982824
42334,0,0.040908425896414954
4958,0,0.030912773994511155
27489,0,0.03155870708062519
34299,0,0.04091399901819441
32237,0,0.0327634047585531
42339,0,0.028028302124895786
13917,0,0.04119304470065968
41237,0,0.040138047455527605
18798,0,0.02864883294108561
44985,0,0.030618540528168505
6054,0,0.04118763146889886
21640,0,0.26260011413830414
25201,0,0.12626025169932228
19724,0,0.02923777681274658
10816,0,0.04073713295974786
44235,0,0.03959080632564779
1109,0,0.04095738277194167
28173,0,0.030639194054780005
25031,0,0.041316478482951176
45157,0,0.037491352043458936
25238,0,0.03102464803652102
32881,0,0.0411739191557335
44769,0,0.03217895435342513
4994,0,0.026349975031453116
1100,0,0.03815792310693765
7303,0,0.02648266466753589
1742,0,0.03187447578756993
32375,0,0.0383247954084781
10441,0,0.03858739908896151
32,0,0.12971855604629723
14597,0,0.04117440340435148
22750,0,0.017999110795046108
7631,0,0.04118694095824413
46484,0,0.04064588103021758
31170,0,0.03168186499683382
6076,0,0.025044681948903098
37816,0,0.0444739055744634
13804,0,0.03833634497681695
46185,0,0.02188035147139139
1418,0,0.03816924020618206
43014,0,0.040466281336779125
38069,0,0.030349875091013636
47861,0,0.06999730117056242
25169,0,0.0324188563882564
5083,0,0.04249160224009777
25366,0,0.034040764949911775
18204,0,0.03963199760253593
36230,0,0.03149802241519
47698,0,0.041271399733966346
14971,0,0.04095531614682687
42453,0,0.040939193144973574
35567,0,0.03248085880020482
25266,0,0.04092494355581419
17850,0,0.04066581499101175
1401,0,0.03923673426010527
34657,0,0.04123307749918585
563,0,0.038441732912468586
35033,0,0.03180826756858624
46371,0,0.03247023915907839
9113,0,0.026875685966790446
5525,0,0.046804334724153955
16039,0,0.0408646792416541
44494,0,0.04022575310253013
34878,0,0.04012915407271695
40312,0,0.03749056785631151
5085,0,0.02995267907648229
28713,0,0.04389379055510891
13171,0,0.026464145560268017
45570,0,0.04059931991518514
17834,0,0.010929500922267653
33836,0,0.026470333141081385
5189,0,0.04112192642586672
26160,0,0.04100780173928918
29996,0,0.04120449804459225
13996,0,0.041069010868656435
20256,0,0.04121276200911788
46047,0,0.020364938403661607
12170,0,0.010908298248201349
25494,0,0.037485916248098466
45857,0,0.039299784887079685
38271,0,0.037611406610114605
46878,0,0.03872568942756628
26054,0,0.039570196725525024
12225,0,0.031454852482106666
40656,0,0.04060471630470793
3337,0,0.03263146274269307
44223,0,0.040926926330612456
6853,0,0.032415191179367094
27982,0,0.0301606470802308
10809,0,0.04131144628222834
16918,0,0.04114762503213196
45807,0,0.032616994855633234
3569,0,0.016584414683009092
20895,0,0.04753471677845727
22542,0,0.014978940079032098
12077,0,0.0411602728129699
33531,0,0.03963646081292657
47969,0,0.04008589224551595
42384,0,0.030016849478505803
9361,0,0.025890720232987826
12366,0,0.6024168318251368
12148,0,0.055641244744975345
22053,0,0.03748984054572889
48275,0,0.037593301815226
27028,0,0.007280931260364326
38671,0,0.04096232382786628
30743,0,0.021241151379698613
31659,0,0.041201355983773065
9068,0,0.04052568892001573
37476,0,0.03692496533473949
7519,0,0.041221316737500256
6065,0,0.028044563574142624
23934,0,0.030890285794315388
4942,0,0.040301403931146375
925,0,0.04045268838076455
19219,0,0.03351532120817367
45418,0,0.03826207024713604
35077,0,0.03166029749347353
8287,0,0.019405388463595498
46931,0,0.01862332708863736
26806,0,0.026592139449089294
3106,0,0.026614580991654653
7739,0,0.024770441259341986
42138,0,0.029169857195958257
39832,0,0.019889577491776146
33619,0,0.03465162163362633
24805,0,0.04047467622232468
39922,0,0.039778442330370596
36460,0,0.029696740802539062
35850,0,0.032021523967847215
35096,0,0.029380443490809472
47910,0,0.026745998044144882
47298,0,0.03978318762639911
39499,0,0.03818425724683783
4084,0,0.022606502471428282
383,0,0.04078977810527911
34441,0,0.031728054820864174
35579,0,0.03216467406499185
34842,0,0.025604220611333335
39673,0,0.029610170192215648
19885,0,0.0411593273606855
42652,0,0.041134827578119405
10625,0,0.038237220748718395
18409,0,0.041120874210884145
38156,0,0.031608395909937366
28517,0,0.029580062184782936
24120,0,0.03827436263977714
43794,0,0.029794425016493317
4158,0,0.023669877545975798
34318,0,0.025420059290879825
744,0,0.03958572312264094
22144,0,0.041096310412584866
14117,0,0.041319426858595104
9384,0,0.030334079987812197
7845,0,0.013616807868318027
38326,0,0.040263032737980244
22020,0,0.03255154377688824
31375,0,0.04108400330606303
5028,0,0.04456271910921601
45718,0,0.04110040808590203
8730,0,0.03508342835872325
48496,0,0.04017030112093218
21282,0,0.04029323616966541
37851,0,0.029146266431694014
41693,0,0.03234541053545777
46775,0,0.027656654421400216
28742,0,0.04056044199338664
32893,0,0.03267106270632277
23404,0,0.04799541271730934
25869,0,0.040884615493745405
9698,0,0.026340283798406087
28229,0,0.031308490241809504
22656,0,0.02935960964766518
46752,0,0.04119282811256459
47987,0,0.04086275522111711
33795,0,0.04019218931323785
2973,0,0.031153279701726846
32810,0,0.04119272413195296
27040,0,0.02467094329535051
6453,0,0.0396942848287372
21046,0,0.0409692507594837
2154,0,0.026894560000606065
32345,0,0.041078116750014125
49055,0,0.0374857266647844
11778,0,0.026535909250732816
14689,0,0.05681049422614511
13590,0,0.04073095078561831
10017,0,0.04105452554119794
33241,0,0.07037735402029278
16754,0,0.04098119375104733
23958,0,0.04126867224242037
14206,0,0.04113503377932472
24851,0,0.040496996341240876
35201,0,0.030393093111521514
16447,0,0.0396054118942144
6836,0,0.017215298602917994
28354,0,0.03945973069534743
27027,0,0.04121248934339265
29722,0,0.02966722636402794
39112,0,0.040472525299044035
33938,0,0.03092108218101957
26436,0,0.05441995460488283
7842,0,0.04073982031384053
10771,0,0.031239149297317123
5399,0,0.03157110115136641
47359,0,0.04090947444049958
29173,0,0.03217179071764896
47232,0,0.037942140199041165
22766,0,0.038485983069911585
4062,0,0.0409044535570231
15226,0,0.04027712436832967
5523,0,0.03635549764244001
47642,0,0.040555192754964976
26348,0,0.02278233847769651
24922,0,0.04125710290804647
1519,0,0.04452802348403038
28178,0,0.037492586818148634
25938,0,0.03451242972121048
4256,0,0.040940020253312295
2770,0,0.04028445963906416
6045,0,0.02813479479502763
39891,0,0.02787083755499666
40123,0,0.04080895944814204
3754,0,0.02133805706303214
35893,0,0.02029948414804506
2882,0,0.040694851130951996
37685,0,0.04053759111351869
17872,0,0.0313659056812061
2808,0,0.0309821765685838
39452,0,0.04069735302614497
32602,0,0.010837632199112289
13770,0,0.020366823302366843
9949,0,0.036216572189143474
37365,0,0.032452275753331955
19852,0,0.0401644722121861
6950,0,0.028110576479876147
41865,0,0.3464178143121743
22796,0,0.031715464539763503
39737,0,0.037492443662889986
48879,0,0.03748199032668387
33632,0,0.04070931879737257
17692,0,0.04118935228627442
26221,0,0.04042364885418889
148,0,0.04794385298129751
4704,0,0.04409869732160587
45829,0,0.020751214328274627
44349,0,0.052679062653093786
33920,0,0.029414620615782826
16662,0,0.028038832717739944
27002,0,0.032475542492971694
2868,0,0.04010269079716548
46767,0,0.01380049451408295
7384,0,0.03161741426429599
17742,0,0.03910678731467642
32283,0,0.030161000134370695
807,0,0.040612700608197216
34403,0,0.0239658275794977
41701,0,0.03019596211721966
27837,0,0.04095169640994006
21864,0,0.05772802366278254
29500,0,0.040686572110132616
38557,0,0.03024402161430043
7077,0,0.018089962021959918
17024,0,0.039953683420545345
31469,0,0.027514813754449103
17401,0,0.040998333094486826
2195,0,0.03824154225592267
23192,0,0.5741186142106014
40373,0,0.03220110814675204
29320,0,0.041347219401752434
48915,0,0.041176434439407356
27601,0,0.04122628457153757
27065,0,0.0408004680166681
42558,0,0.04019330305977984
7379,0,0.03056737259756844
48312,0,0.054415107437431075
40029,0,0.026371120534476798
19842,0,0.01723869456356027
3462,0,0.04009280416664909
358,0,0.04109106146472272
14365,0,0.04118949283614522
45184,0,0.03981325073917106
22309,0,0.03161278617588837
13840,0,0.0405272510572735
42317,0,0.032642414099325535
13594,0,0.026041425735012683
47001,0,0.030845382825730808
26846,0,0.030241846554101885
11697,0,0.04119107474721964
46994,0,0.03904808122647094
11443,0,0.029113489074732764
36480,0,0.041269434347050785
8564,0,0.013133693128714988
39279,0,0.031449619188387415
10614,0,0.03972492424462465
6060,0,0.040625270478820405
6433,0,0.03220688510813113
26306,0,0.03870404307670185
24547,0,0.032178149823866894
47719,0,0.03997824597288731
48491,0,0.04093617569679877
359,0,0.038502912295735985
7426,0,0.04052098678084061
38546,0,0.03157679457307745
26509,0,0.01632643876280366
47738,0,0.038356262630667395
8388,0,0.0408602239759303
47304,0,0.04122285057121732
10782,0,0.02718405739036441
8142,0,0.027451314207019628
24991,0,0.03771058982539715
41372,0,0.023648415400239903
43650,0,0.02132276010739456
36944,0,0.03875641475875234
49062,0,0.026691020897270615
44482,0,0.0319929903903472
30525,0,0.03037423547435643
82,0,0.029618283315991104
7336,0,0.041703760071362284
14796,0,0.030791200673068734
1303,0,0.040840323776757934
14087,0,0.04120961504371886
48195,0,0.03843010607092664
24658,0,0.03968388558051341
42837,0,0.03949841465805548
32948,0,0.013209990444464047
7051,0,0.03599248826818846
14539,0,0.038372184647340775
32643,0,0.013870790165704843
44963,0,0.041207799830169374
34723,0,0.0359035221726296
2099,0,0.025197460029315947
18753,0,0.04120966654300769
26866,0,0.032056462001051764
24950,0,0.038227290945752335
17593,0,0.039913950880910605
35294,0,0.032314936401427664
8904,0,0.04073315173315301
33194,0,0.023035206791063745
2260,0,0.05404740882100593
34815,0,0.0376893059888511
7549,0,0.041384513489573185
12025,0,0.019869956707619586
45279,0,0.03215093447946896
44001,0,0.039104597643196785
47175,0,0.04332101465207933
14978,0,0.03917162094099572
7730,0,0.032373613757734336
2124,0,0.03136403477640097
8055,0,0.03991158918158227
37475,0,0.6902482110379438
7281,0,0.04058091513744622
14511,0,0.040649507021500816
10187,0,0.0613508905892116
16735,0,0.037494406441314146
31712,0,0.03228770476583057
29528,0,0.04122066221206431
31276,0,0.03262871910513103
9723,0,0.04030971177589067
26725,0,0.041217735292206514
36871,0,0.03112159888162119
37603,0,0.03424117722116655
36886,0,0.06846847104793374
18291,0,0.03167307534481737
26841,0,0.028795706361784624
15537,0,0.030692620132290523
36047,0,0.03747171839912578
5961,0,0.05829249324857854
24995,0,0.04745827567072233
16124,0,0.041067524304643055
8189,0,0.04103481616644223
7313,0,0.8408367138338944
38181,0,0.037391923079385415
4278,0,0.03835781692631063
13600,0,0.03787555580391566
24609,0,0.06115971844165003
45767,0,0.03184345281294689
20072,0,0.03651024360373867
528,0,0.028008130055799052
25699,0,0.041175910471420066
13424,0,0.032341042314567275
23883,0,0.03156309540630234
31458,0,0.03978163265406727
877,0,0.03997975579681071
17875,0,0.028991034881486546
11157,0,0.040191584889726
33295,0,0.028010464274620728
42999,0,0.0155607388125958
16883,0,0.041197417262955095
10610,0,0.040784109797563486
36888,0,0.020564088830788974
33661,0,0.04573191701469421
4756,0,0.03132807634481913
26262,0,0.013748368328141695
37570,0,0.03715830251612417
15456,0,0.030353777320190765
24318,0,0.040350717810505546
40142,0,0.020638019261238576
24534,0,0.02987215358221305
26464,0,0.04092255676730968
7441,0,0.041177092053007396
48988,0,0.040349651061267144
6643,0,0.022179783913738763
1516,0,0.04064424832165655
14031,0,0.011176640698860598
22587,0,0.03960347280085883
40113,0,0.0302727589177741
18498,0,0.04094110378429692
35051,0,0.04108063368183424
28349,0,0.03816144485996895
22992,0,0.013629289047691066
28506,0,0.028267352962685965
2061,0,0.019467783433921467
8219,0,0.04016551424580214
47630,0,0.040186713037639335
11415,0,0.040807105772836604
20828,0,0.02900062022069622
28593,0,0.12979033896516265
27338,0,0.039217791028196
25599,0,0.022765308027717528
1447,0,0.03637887078121999
184,0,0.028004189469761343
15110,0,0.026628139428970285
20617,0,0.03951138426464867
4350,0,0.03717218116311559
48774,0,0.031537335001974844
13585,0,0.03124961336381073
46885,0,0.04085500208613402
47752,0,0.031038208114363208
37168,0,0.03254705715001489
26563,0,0.03562656741770509
48742,0,0.0294031868074905
13404,0,0.030332060070901577
9179,0,0.04122267068208498
44021,0,0.03440075731808415
35359,0,0.03251004835901795
46013,0,0.04130629162098304
5388,0,0.027446133783739342
41409,0,0.023527958168683197
30102,0,0.037642401287545695
10001,0,0.0276560135864347
22836,0,0.041164878557082896
8913,0,0.02756431426542499
21562,0,0.03754135778140781
30336,0,0.029136294697070138
41575,0,0.013175879195663535
3748,0,0.041388927933340085
14405,0,0.057562854774072254
26807,0,0.051645749417416426
7826,0,0.03991690985996075
37653,0,0.039131271926372585
44257,0,0.011792309278676506
32873,0,0.03174555652247259
1948,0,0.034103629112277475
26879,0,0.025802298739851008
40921,0,0.028705207505502688
22550,0,0.04021417430778201
23135,0,0.032364473133424256
4093,0,0.02589751024125573
46555,0,0.04016400316391182
46629,0,0.030267295578703553
17111,0,0.027645063942670196
38252,0,0.04070576977566759
40407,0,0.03997637524866643
22280,0,0.04094320827246886
28780,0,0.023769530713403493
48262,0,0.04066375504061385
18800,0,0.04061650221750905
28010,0,0.013172352858608972
44434,0,0.03938189429808699
42950,0,0.03800633091671133
31486,0,0.028643415379243704
32828,0,0.04112045445241922
22705,0,0.03201658545062445
42377,0,0.032211775715477835
15721,0,0.02405149185586608
20106,0,0.027926935489486545
20341,0,0.03122323050424106
43589,0,0.041118703247772344
44357,0,0.027281420638359345
11346,0,0.03184072620987748
6064,0,0.04077211845743244
30029,0,0.020854310924549323
37145,0,0.041048139250626614
14866,0,0.03757995521240562
25910,0,0.04115492676014302
9084,0,0.041218437416042794
25088,0,0.02709711087851485
38284,0,0.03815636050889621
14825,0,0.030811702135959667
8611,0,0.03997667423737366
19550,0,0.022505666876326696
2904,0,0.022311547356194904
13089,0,0.037913139205572474
37558,0,0.032280947712582005
27707,0,0.03876941827773267
2648,0,0.028330887444013565
19982,0,0.039078277276635286
26634,0,0.04134450625770921
30257,0,0.018139732013686533
7847,0,0.03990945333751735
1978,0,0.04119123551344458
29074,0,0.038799753590692584
14258,0,0.04071808426533177
33905,0,0.04079289655428751
10897,0,0.03821565556949653
25078,0,0.03571528914405791
23144,0,0.04104151302417218
30843,0,0.04115212278397565
45694,0,0.015340527196505655
944,0,0.0407366935564677
16505,0,0.021740761816080537
12302,0,0.0285835274275395
22669,0,0.021419700103124006
5789,0,0.03752435197825997
14488,0,0.032483309093572894
17887,0,0.021929495949542733
32469,0,0.030269698413276216
43343,0,0.03765771997694077
27618,0,0.027915351740785032
7535,0,0.0405217496580106
48746,0,0.03180699221934881
44639,0,0.02883171231265764
31167,0,0.055952387818996085
6759,0,0.01601176843963935
43822,0,0.040867379303462556
33481,0,0.037518487295465905
33659,0,0.04122347472800137
40442,0,0.03823327737441624
45504,0,0.0412272108488445
35655,0,0.04120632699858336
2828,0,0.024265688228063857
37403,0,0.041044945874848894
19335,0,0.026624631615190672
13493,0,0.03635881564160268
13378,0,0.032160672915050065
46350,0,0.041049326263441904
42122,0,0.038829462114104554
48179,0,0.03906858749319303
2254,0,0.04117236443499621
19780,0,0.04043043564429469
23834,0,0.055940117243806674
27987,0,0.030394184289312516
33088,0,0.03636343158604212
1056,0,0.032588330567839205
18187,0,0.03896368733057725
19922,0,0.041027184808698304
2429,0,0.02448566797250443
41400,0,0.07289087497762738
27114,0,0.04124560367717399
11653,0,0.04116234778064926
2800,0,0.015054357759899032
38197,0,0.5494919897578521
6887,0,0.02062435870019082
5912,0,0.04103490418557808
30852,0,0.04128592832597164
25223,0,0.039921569218054176
27292,0,0.027576021906134226
17934,0,0.030266322741124396
21687,0,0.041206867437955576
9290,0,0.019450890707414372
10156,0,0.029731964845600947
25665,0,0.04096694294400926
999,0,0.0317565685171967
40390,0,0.010339015933290027
32306,0,0.034741940794108576
37472,0,0.03749061495427186
12425,0,0.04092329876217555
30461,0,0.05623742907252817
33654,0,0.031774656076176896
26310,0,0.037810215215791226
45176,0,0.03846656701345497
27986,0,0.028021229529339164
8577,0,0.041102055974359
13319,0,0.041226383026288844
9672,0,0.04058968780830952
1561,0,0.031589208194289405
12585,0,0.039890030943772456
15510,0,0.04114478234690604
19799,0,0.017514093956848876
44034,0,0.06875147806678326
38155,0,0.04012817554147682
8203,0,0.030062445703017134
7115,0,0.04091816501096872
29684,0,0.02936542397810618
16387,0,0.04039204061161264
43298,0,0.021043391416986187
20837,0,0.04147610441779203
20415,0,0.040466855379949755
14067,0,0.037699393963223526
40239,0,0.04108235764234046
3328,0,0.033971547094683585
11044,0,0.02787857211632428
2201,0,0.02705777615720089
4876,0,0.04024989331866658
48143,0,0.04130318062086873
5383,0,0.020594570536829306
4125,0,0.03964598308102474
19993,0,0.032421441947381974
26491,0,0.03149865186196455
48755,0,0.04096611406488599
27367,0,0.04105507169696973
48148,0,0.040403263723616197
36398,0,0.03245228164440006
35528,0,0.039651954458092824
30113,0,0.1272642643743599
44456,0,0.028048282289014664
9555,0,0.031126359910417647
43246,0,0.0403187064607599
25717,0,0.041107226720213295
24409,0,0.03230100876457226
24637,0,0.04134010718850379
19422,0,0.03981669846128185
10863,0,0.027205065427497347
1898,0,0.03269540619678192
13398,0,0.04107216760694783
46593,0,0.03605364891511237
37140,0,0.04071580021274856
24602,0,0.03978452216080665
13731,0,0.15251434535571712
10306,0,0.04125733242898808
12457,0,0.01568294964056091
26586,0,0.01326284498170036
16689,0,0.0321877395393367
28720,0,0.0375337714070783
34312,0,0.04044766635774388
23559,0,0.049498391129273345
7690,0,0.03497767804570267
14996,0,0.026395796247824885
23807,0,0.04049320155144106
3905,0,0.02759131361830491
48141,0,0.0402344087267735
7832,0,0.041100409933030754
19973,0,0.12428342759400132
6667,0,0.04391146383786951
10124,0,0.041200592581760495
41468,0,0.0407121307962666
40865,0,0.039644250123705926
5823,0,0.04746559482129471
23252,0,0.028468973624836563
20818,0,0.030152289036300815
839,0,0.03990228815361713
45928,0,0.02728115621678155
28143,0,0.026560872574520646
48883,0,0.039516617723798914
25510,0,0.04096952276013463
25182,0,0.032030342256032074
36575,0,0.04077154129277859
23756,0,0.03960010528793173
24406,0,0.04791692075787847
22182,0,0.03833699296484656
2176,0,0.04092008700606099
8643,0,0.03933910483410386
13876,0,0.027299181531489698
146,0,0.039777510365922704
10454,0,0.040743402901668335
41,0,0.019854725920391437
3016,0,0.041215841484180726
31809,0,0.028953931091142034
46990,0,0.04079498786336942
7,0,0.03204158949833442
15932,0,0.03912001674713995
312,0,0.021554495143647243
32129,0,0.037836601468833594
20496,0,0.03867641304564635
2112,0,0.04104704504267475
44645,0,0.03238429794532206
26960,0,0.04083051601190661
46265,0,0.022559416117123046
27907,0,0.041098800817089345
38748,0,0.041036073054157365
41299,0,0.028131059882030192
566,0,0.04139339965846546
233,0,0.0316064816466931
42927,0,0.04475603853006082
36964,0,0.03799234465346847
36061,0,0.04082816911373327
29665,0,0.01883482013643032
35287,0,0.026657874345100776
18705,0,0.03154527251845685
15286,0,0.03817327516893801
1203,0,0.0398736487223851
45164,0,0.03772927489059348
306,0,0.04103419304036614
47574,0,0.04102453019607212
47116,0,0.04147842274721099
3128,0,0.037655720405634543
1121,0,0.03960584461244673
5530,0,0.05753671289242865
46510,0,0.03702236006740506
3531,0,0.04011126056803511
14680,0,0.0410984664466526
18435,0,0.016573002940030408
29577,0,0.04042502565806965
5689,0,0.019750991414231325
36824,0,0.04109874345668243
726,0,0.038307468411117616
34003,0,0.02845185223968427
14995,0,0.04114784166426589
18853,0,0.0267736087475955
18751,0,0.03472073134608635
23648,0,0.033713731283806975
7104,0,0.03205745124040761
47137,0,0.03427580073512285
35580,0,0.0318432864996119
47927,0,0.04063158036672154
27010,0,0.04050244479168106
14460,0,0.03263173125482395
36907,0,0.04066096763016555
14647,0,0.04080576610466241
22677,0,0.04131454311164966
40871,0,0.040560033779232195
42458,0,0.03804307561215196
9478,0,0.04063494273786838
33455,0,0.025265923709927637
11616,0,0.041277668185378515
6849,0,0.03749100505157724
26387,0,0.04132831932255113
25933,0,0.030712945187757537
31108,0,0.03768205674295954
39174,0,0.02106955783551106
41241,0,0.02147743799594348
16473,0,0.030180522731330157
22289,0,0.03181022550980146
19159,0,0.04125658080972541
13924,0,0.02946986164897572
8759,0,0.01947786335260149
16291,0,0.04055232035336281
16966,0,0.04025316932298882
42200,0,0.041209492355712134
28371,0,0.03102210144366871
12044,0,0.03439098574817994
27560,0,0.03886064284596708
43044,0,0.03878191237738442
36109,0,0.032371019019513864
28698,0,0.017532436737585675
44271,0,0.037681760533389834
29658,0,0.03949510331640985
46903,0,0.03953733860454889
30237,0,0.039582793356223396
37126,0,0.03244137318459248
1437,0,0.014840089823826685
47763,0,0.04123259989766604
9584,0,0.04094705255564099
23637,0,0.02836962494313385
28552,0,0.027313481661944194
20584,0,0.011658900955218838
22447,0,0.03433610063646287
46681,0,0.040671619700336094
2837,0,0.030253875320092178
9796,0,0.04109940951904512
22335,0,0.032706753811660765
18203,0,0.029802414304312706
30373,0,0.028750449786350284
11201,0,0.040191831886538305
1329,0,0.039467384205138054
15666,0,0.032027039205712225
32178,0,0.03760387473746339
37048,0,0.012024071598264878
13627,0,0.04120748503882333
39746,0,0.018095622067506218
33466,0,0.011395325860055023
37759,0,0.04045543461230811
47471,0,0.04102236861877161
11273,0,0.02783104128682075
35995,0,0.03934417510397427
16138,0,0.041129381275254694
33946,0,0.04074020099265899
1990,0,0.030509489377672432
13163,0,0.03226382146784266
28569,0,0.006952624186569014
9604,0,0.03757820638450028
30475,0,0.041165834306430026
23927,0,0.040527816267206536
23290,0,0.04076354074290978
2520,0,0.07059978320126795
38459,0,0.03912258602318452
2481,0,0.03247815715417184
13223,0,0.03063647767339558
42807,0,0.03816109762586439
23840,0,0.03843884223944135
32542,0,0.03870818771397559
5195,0,0.04116347469187106
4028,0,0.03490607814704702
29628,0,0.019724653384509988
35360,0,0.03749011239709629
18442,0,0.040959547460294975
40821,0,0.04129424120469278
12653,0,0.04120145559670989
37749,0,0.030859823706160784
41598,0,0.040317744668334536
17061,0,0.021959537648832527
8537,0,0.030927406794138104
23996,0,0.04232910363317496
28516,0,0.028259724779939797
8506,0,0.03772345998921338
36582,0,0.03026915039061443
32010,0,0.03215145984583862
30637,0,0.04094350492909948
45190,0,0.03966393096933343
17103,0,0.03271034035546116
28986,0,0.026912178351502395
30936,0,0.04122281300671817
3024,0,0.020541460204894398
45600,0,0.03030639988074985
32050,0,0.02745842520173981
24390,0,0.057532233292216156
18430,0,0.03149874129908949
4075,0,0.039443887991283115
45260,0,0.039517651769507826
24085,0,0.019163000005109013
2016,0,0.04057178762022548
34507,0,0.018571670714095476
32292,0,0.037082493501755194
43145,0,0.03131135336243674
4649,0,0.037514732046604646
46530,0,0.041176243858073176
29031,0,0.04116424412761645
33730,0,0.037845320637820916
2921,0,0.12229906253137013
16888,0,0.04008872855510866
36892,0,0.03154772586309783
44601,0,0.033280884886622716
21231,0,0.03230755390894443
19213,0,0.04099624394237875
21154,0,0.04756911221499445
31729,0,0.032574510800712775
13417,0,0.03863728988295235
38864,0,0.039845222051900046
29009,0,0.04687996769359019
41804,0,0.030623579033949615
14247,0,0.026470325446089335
18551,0,0.04114554145200277
36701,0,0.04104197014503035
36222,0,0.0409281605048757
15445,0,0.040116135538659656
20205,0,0.009605518207623601
11556,0,0.03023954522016831
26569,0,0.04066903176215514
33521,0,0.026927063982627432
45031,0,0.03431227863403282
8497,0,0.039654008484698716
9090,0,0.041098634607362
45510,0,0.039891026289871886
46949,0,0.030334744993494867
29486,0,0.02993001181661623
8949,0,0.040697183856241034
907,0,0.041182982394509335
24748,0,0.03181826659156516
13665,0,0.041098654791338625
38636,0,0.038392670543306584
44665,0,0.040164233741348
31792,0,0.029414387610690908
12108,0,0.024879513556468093
22598,0,0.03884769593058469
12948,0,0.04084052307492205
42874,0,0.028465354342115386
36834,0,0.03257869621647303
47472,0,0.04089874394193966
479,0,0.06166672512840048
188,0,0.040501974833947484
7825,0,0.03936172988559902
38985,0,0.039507237373378766
31521,0,0.04124585089603349
24631,0,0.031055476277842418
28667,0,0.040634862647872354
14862,0,0.04047925844284646
5563,0,0.024718252134693815
45385,0,0.03833601989370238
19076,0,0.022628657255304337
25727,0,0.04107967771331967
18933,0,0.019824925487431574
36268,0,0.03437407651189473
8148,0,0.029544325863288
15657,0,0.047913056596586075
14693,0,0.04120053278720195
40794,0,0.041242377203412006
7196,0,0.041267467335508616
16950,0,0.020322447060538693
43455,0,0.027087815834159115
39056,0,0.040807160132572406
6358,0,0.04046531497437001
24892,0,0.019946265684645043
23020,0,0.0375625570977499
45715,0,0.03208429564681728
7881,0,0.02829813500847743
48338,0,0.032678666293894654
8381,0,0.04113980721148471
4210,0,0.029986994358157985
47321,0,0.04117883496761934
12942,0,0.02988616265006907
23678,0,0.04120011919836851
43422,0,0.041210824710204506
27334,0,0.032632108691460826
29540,0,0.0469492711432536
31042,0,0.055877454859211334
22349,0,0.036339436805551996
12748,0,0.01974419119226625
29627,0,0.06152803240767686
14411,0,0.030094635236038045
9044,0,0.05413044782522753
45467,0,0.035039254888406396
44237,0,0.02772972855093392
22501,0,0.04114830527286248
727,0,0.03814939208396304
23784,0,0.030949750557461714
21685,0,0.04041151556415565
37914,0,0.032671458001512874
32440,0,0.04073364144185182
14439,0,0.04116023002395045
41132,0,0.041141821091972536
35299,0,0.034843748384720444
7323,0,0.041602920852478596
22069,0,0.03034292992513057
198,0,0.04106683258201027
6857,0,0.041342394856965864
643,0,0.02932650786534745
1960,0,0.03857297748116897
12466,0,0.031306108987133215
48870,0,0.04114052897056777
12644,0,0.020426428874785397
19228,0,0.05737382422790723
9029,0,0.027644541169580424
46034,0,0.03155016075610136
8196,0,0.041171904977943645
42527,0,0.03757844433726857
10921,0,0.040351177085435334
5408,0,0.03938336192182513
399,0,0.03177872653470171
25781,0,0.03207465400152052
19241,0,0.0312072177535929
29133,0,0.02245566472953415
47037,0,0.04102193058758804
18327,0,0.03958561864058373
35292,0,0.03986456215798507
15070,0,0.04063664812944434
36528,0,0.04054125590799233
30054,0,0.04103742199062251
33207,0,0.04040033429669043
26878,0,0.026446088312898113
8236,0,0.04072202592527116
33601,0,0.040226204431860646
32335,0,0.033214815552686815
27353,0,0.03830057777110796
12586,0,0.0412230439776043
32408,0,0.03912677567901292
25375,0,0.0400862270195249
40559,0,0.0408642820727842
13872,0,0.032471724867353516
15236,0,0.03254373422157099
32771,0,0.03750750602991975
30487,0,0.040521204933303585
28693,0,0.04096540525895621
11692,0,0.03260162840177178
34420,0,0.0291314695155512
24358,0,0.029396514310543714
289,0,0.04079518607833182
45591,0,0.03788619011821091
41674,0,0.03767666242370946
17179,0,0.04112608433862834
17276,0,0.039844980890557206
30704,0,0.03164443926552254
44098,0,0.03780070821012394
39435,0,0.031186367122133005
5362,0,0.03526102500134578
44748,0,0.04018321834035281
38246,0,0.040415249456515194
23099,0,0.04077146854118877
41205,0,0.040322389636562456
37167,0,0.0316222384529607
17413,0,0.040714363210363605
48500,0,0.03073181696206802
31918,0,0.032461793922141394
34718,0,0.021873260197790095
14091,0,0.04115903583375033
12593,0,0.04087308822138228
28764,0,0.03748974718262421
13181,0,0.010645228808014237
7330,0,0.029112507808561342
37256,0,0.5315358894617622
40707,0,0.04024078776716089
18963,0,0.03948600755465883
9260,0,0.030762188636766694
48604,0,0.046195153455269894
7988,0,0.03802147966960179
20961,0,0.04108208406427716
41852,0,0.03090649443201535
2887,0,0.030862971839886424
1811,0,0.036189347823409046
15651,0,0.04088747307678589
30907,0,0.029547138851603597
41951,0,0.041272818675906514
21964,0,0.03862050664018883
40280,0,0.0411513183629426
23897,0,0.05786871112363343
41378,0,0.03253579395419136
8861,0,0.03255950684318357
24025,0,0.04134687716288312
23034,0,0.035037140001299
24994,0,0.02202903790006283
1795,0,0.024307160193537077
4934,0,0.03960082993308595
30614,0,0.04114795150708742
31184,0,0.04118988221849055
15416,0,0.030355623986521828
35984,0,0.03823408614490211
1578,0,0.03997598643955619
26243,0,0.041393468087987564
14575,0,0.04115849678043801
17604,0,0.013914388317665656
35207,0,0.030662903789430464
20767,0,0.040085095560386697
27933,0,0.040866985802969706
9891,0,0.029398035831957412
45456,0,0.022503317183675885
45704,0,0.04127631288949907
36943,0,0.024804005481427555
42532,0,0.04147929009517841
12788,0,0.04110414643488858
18036,0,0.04106972619600392
13327,0,0.03956669518795043
46324,0,0.0405021055774463
15410,0,0.028229619119347137
46468,0,0.040794539630750304
43921,0,0.038741032562850504
15247,0,0.040991797398325466
30926,0,0.02710828536620406
7422,0,0.03958929284852413
5953,0,0.03184177657099488
10251,0,0.04115457160294374
12575,0,0.03459578524963432
41544,0,0.038218351766872875
15181,0,0.020154488584791706
9082,0,0.03991325872477596
44060,0,0.041284146289140185
35693,0,0.0318472871478749
46060,0,0.022184860863269738
45873,0,0.040726668120076116
47274,0,0.041267960668459835
8017,0,0.0393982208495304
8492,0,0.054701914427702863
40063,0,0.039756439629572496
20344,0,0.03028297279813019
18197,0,0.03221665851295679
45839,0,0.031015442237518637
41260,0,0.023484745185301095
36533,0,0.04096054623587062
24916,0,0.0412780881214255
13748,0,0.04073554134822313
41573,0,0.03270107946644832
9516,0,0.03216119945427702
7294,0,0.040804288645442464
26344,0,0.040869455964575314
24755,0,0.04079361150315243
16428,0,0.05531180272866773
22027,0,0.041277935222944144
48013,0,0.041413545446732335
22429,0,0.03861389037235147
19798,0,0.03802870092874428
28335,0,0.0410176919389973
35631,0,0.039203806010146815
3180,0,0.04091118793985122
31550,0,0.041286403874714245
5427,0,0.03978691583478748
48356,0,0.03971304598854049
43439,0,0.012537747685603926
11223,0,0.04259933730227547
46384,0,0.03240986362020148
27072,0,0.0399041297613692
26120,0,0.027802515185508657
33018,0,0.028019223901613096
25602,0,0.03286946091406551
32712,0,0.02910093735402305
4630,0,0.0406033994200259
5750,0,0.04102131562390527
28258,0,0.04048699715434765
36279,0,0.038625122173862415
6938,0,0.03042482248643789
36875,0,0.03863748710220417
47346,0,0.03220397534893343
2469,0,0.037604331979441755
47751,0,0.029043514488229304
21441,0,0.04059917778407369
17791,0,0.04017941211283912
44669,0,0.03839693983183038
19513,0,0.03228812697115815
36295,0,0.026910556731393295
27480,0,0.03187496005438085
27426,0,0.04110708992797161
35927,0,0.030138040488224195
23814,0,0.029754494462220255
2078,0,0.03223289882801445
651,0,0.040969744553827604
27379,0,0.04070217996938934
43891,0,0.04065267614450636
32690,0,0.040441088364740495
41546,0,0.018092782050412853
3484,0,0.039968664214016236
29043,0,0.690036288459342
8179,0,0.023030597453758725
5797,0,0.041270511842887034
25215,0,0.028120420378853032
27166,0,0.03810891871168785
43902,0,0.03150662640610931
31814,0,0.029373136538845743
26853,0,0.03517772062326811
34919,0,0.03892607640071348
6007,0,0.0375400791615447
8660,0,0.02640958776544147
14182,0,0.03075987085953087
7150,0,0.05163030760721093
39793,0,0.040224971518913154
29376,0,0.017154605549598155
7237,0,0.037847227135610756
14152,0,0.041211651900711195
46612,0,0.03236501358661635
7026,0,0.03766052670301384
39783,0,0.046549754511618344
45890,0,0.02922245772518709
20773,0,0.03192434054683227
577,0,0.038853654258236614
25197,0,0.04059598803448554
33456,0,0.031470790380844584
28356,0,0.041220984467900075
6369,0,0.02851927444490135
25165,0,0.030221660615112483
38475,0,0.06161200001212266
21496,0,0.04020779999372956
16854,0,0.04051704395403913
39713,0,0.03951295365124309
1848,0,0.03924693895147569
20306,0,0.031803581223123815
32114,0,0.032541062520962956
37793,0,0.04116819187539485
5695,0,0.04093508912998669
10469,0,0.01231245754587744
11686,0,0.03131934411147382
43620,0,0.02240235394071833
10979,0,0.037530407990479596
1383,0,0.03099335363353516
45497,0,0.038162910791567695
2986,0,0.03201882693091957
14174,0,0.03000306982282255
23950,0,0.04118426211263405
25127,0,0.041273581878502226
48600,0,0.04102753927179851
44741,0,0.04139638168361291
27513,0,0.03702705591087197
7350,0,0.031114297840591918
45293,0,0.04102314847348268
12124,0,0.04041550595297271
32938,0,0.04041121091108648
21020,0,0.04102149647864617
26677,0,0.040721021259644496
199,0,0.06145579047684501
19079,0,0.041094906898175486
39929,0,0.03832997782859628
20546,0,0.0336602820216356
14071,0,0.01143765476644761
15300,0,0.16744084530445422
22916,0,0.030116383107738585
29334,0,0.028770906461226816
9934,0,0.03882146589913409
48213,0,0.04016103977760749
46679,0,0.022495003628161654
47289,0,0.03355722533705698
18114,0,0.02999881199495424
17680,0,0.03917752702429328
9243,0,0.3473915120026352
4057,0,0.04111075869747289
29015,0,0.03284403073098351
35514,0,0.041038387349602225
16927,0,0.041182789550921736
12907,0,0.028547323008658
31797,0,0.03450912755992239
12396,0,0.04040039167977825
45137,0,0.04115682436467007
34396,0,0.024258593589466183
11893,0,0.039867857287403115
37724,0,0.04114036883389306
28437,0,0.03755622362827183
29327,0,0.040678704939597424
13105,0,0.023931712628884633
22967,0,0.04116114246181457
31545,0,0.03134491182163173
18469,0,0.04102753103873041
43548,0,0.038854819788344555
12300,0,0.041225978954363696
45550,0,0.03466151223264029
29810,0,0.04127776595170626
42790,0,0.04110771863950902
19273,0,0.03967707051998884
17995,0,0.03032313206945376
8319,0,0.0408602323825554
43770,0,0.040805305581157164
27586,0,0.020645701055012646
30137,0,0.013238801454237108
31354,0,0.027230353607981185
39234,0,0.011568645746810203
24832,0,0.024414712884150144
10794,0,0.0392450178311829
15534,0,0.031545585601851035
3097,0,0.03177498108886628
28636,0,0.04332785195012981
28237,0,0.011583104673734386
1462,0,0.04122288188953766
44727,0,0.026734110796873625
15192,0,0.033505778279584515
10411,0,0.02065008896027979
41978,0,0.014482991139464994
24984,0,0.031490745419581474
43137,0,0.04110026251650318
3249,0,0.04037654660331134
42679,0,0.04410540996075966
21419,0,0.04008235741389209
31591,0,0.027453555136803948
17134,0,0.03132661244903211
21842,0,0.03473294590148934
22985,0,0.03183608340282671
15111,0,0.03699942407341126
31505,0,0.041148189223412346
22829,0,0.038929230953713825
12610,0,0.03753393756073321
37800,0,0.03168350331818026
47511,0,0.01595752584286739
27842,0,0.026653353910869586
48240,0,0.03816981516306927
30977,0,0.03786473992021326
34742,0,0.027895435200529624
4376,0,0.02695252068295053
18755,0,0.03531805594839379
3348,0,0.04048854121443937
38435,0,0.03969103454647928
14863,0,0.022620932339766954
15965,0,0.04083098572777434
32974,0,0.03529927431876571
5593,0,0.032442485428881396
26932,0,0.03890423092455792
35465,0,0.041222828732072274
41685,0,0.03257716800236698
42549,0,0.03194747930867369
42951,0,0.027784527388634378
19389,0,0.03814894697754444
47951,0,0.037475136299319325
18661,0,0.04121287856875713
37589,0,0.03140579040620564
32449,0,0.04109333214293583
25390,0,0.03799681432521973
17809,0,0.027334167397694165
31963,0,0.040626791520961957
5854,0,0.032503830326372087
48889,0,0.030966935437996848
40150,0,0.04079215201425036
12805,0,0.038019561866110434
4901,0,0.053758256118677905
9614,0,0.04028181808208478
19589,0,0.039956392744832404
25269,0,0.02991586459630461
19601,0,0.03474270104374362
36491,0,0.030930218224923423
34314,0,0.040282640434795784
24015,0,0.03711011140137131
39243,0,0.06166401769918189
19738,0,0.04132095132311431
37385,0,0.0275456062991452
16315,0,0.02964818131667148
21811,0,0.039462320161284065
41105,0,0.010844767361114524
8318,0,0.03150590782205757
32836,0,0.030395421909460752
8706,0,0.0222391524503067
32661,0,0.03282345132474069
31896,0,0.04115972925910994
24701,0,0.034104188867628234
1347,0,0.04103635963516332
2603,0,0.040199380630479245
45666,0,0.028471388911628905
24762,0,0.03813546654529827
41070,0,0.04793238201927902
15237,0,0.03938257809541785
34169,0,0.037985484882400604
11802,0,0.03816237227595117
15646,0,0.040084792629913796
7193,0,0.03147092877720979
41193,0,0.03791087502636879
37810,0,0.02973726840335135
7561,0,0.04108151072205639
38407,0,0.03817282417557895
8692,0,0.0160684653010307
44153,0,0.04142243915632733
1746,0,0.029707383419461126
24837,0,0.053113582640205895
48460,0,0.05067158881939463
44192,0,0.022496979953010206
37060,0,0.040885616490842006
7230,0,0.0241919970995049
31719,0,0.026647554370194115
25586,0,0.029202867904172133
14908,0,0.03258478890994497
46940,0,0.03101209455272868
24613,0,0.031866309360123767
39284,0,0.05758817259683258
20603,0,0.032411004479801934
8909,0,0.02777593308650597
46784,0,0.037581326737705055
27919,0,0.037719572981942485
29066,0,0.041138350727533295
36077,0,0.03232355130021934
3979,0,0.039566034705136005
29688,0,0.0398788660390674
26605,0,0.039758861010656225
30609,0,0.04114103553091508
4291,0,0.03207776807116076
5219,0,0.03304516180422765
32333,0,0.03099849611660651
12868,0,0.04080387563914524
4417,0,0.0173372366854877
47688,0,0.032078727696769706
30382,0,0.03033170390869852
15276,0,0.028017113612937843
21564,0,0.028871487216745498
15310,0,0.04138940421714084
28153,0,0.03984500529824017
46626,0,0.01425729349369627
27788,0,0.035589904365103626
37189,0,0.04116684718821388
11245,0,0.03164620745745577
7500,0,0.03154541292598593
1460,0,0.019673047379895378
18380,0,0.04112901208866985
33714,0,0.037270001416125347
19148,0,0.031898070057015206
23003,0,0.030494731742980626
46065,0,0.031880311986876325
34698,0,0.04097942419075224
17178,0,0.04126225755366762
13751,0,0.02411946479241988
21965,0,0.0326434289755914
12103,0,0.036334503963666095
37533,0,0.03972001992836263
42579,0,0.03043947874020245
37534,0,0.012591922957170062
35571,0,0.027190102266876154
36298,0,0.04027102002704716
14213,0,0.028986993684578594
26704,0,0.04083952436495855
43819,0,0.04042865560816043
35455,0,0.04094544340989948
19678,0,0.040781291602056464
21901,0,0.024074847947806826
23260,0,0.03151544845808772
48823,0,0.041473662273433
48373,0,0.04122812874544877
3507,0,0.04141953698422315
1775,0,0.030509464866779
34574,0,0.02599526305112621
26758,0,0.02382793586774039
19375,0,0.032561718926873415
691,0,0.03783191313895259
12167,0,0.030360166876181677
14798,0,0.04111858461640321
14092,0,0.031524692066165066
29415,0,0.025474382521753578
14608,0,0.010962900270637786
1171,0,0.030376070740356673
37209,0,0.03155492451035882
19480,0,0.1788474645187448
44574,0,0.03752490304734011
22813,0,0.03498381169095979
41824,0,0.05189073084840986
13201,0,0.03913664162550938
41760,0,0.027069564792359495
6512,0,0.04468519089244775
44659,0,0.04012707729242279
44868,0,0.040275068587079785
1897,0,0.032984267455624404
43064,0,0.03761254366586758
27167,0,0.041095353084682436
22731,0,0.03236614511493699
17133,0,0.03991690971800249
40033,0,0.026632793378837363
20985,0,0.040361534404612584
8858,0,0.023972075952735376
11926,0,0.0399521211085214
15744,0,0.03947889165171323
19566,0,0.027745884522022007
39426,0,0.04122008968790765
48624,0,0.0554671571290044
33819,0,0.04110700719576307
12983,0,0.032634879444377186
18562,0,0.023612888156869776
44415,0,0.03251407364854207
21876,0,0.025709364078248052
23794,0,0.12696951356557262
16912,0,0.03255172623250938
28490,0,0.02961962177741916
32008,0,0.02677121595320412
875,0,0.013352465176967749
8671,0,0.03430378797956785
8650,0,0.015766053644408567
284,0,0.0409321502556846
20970,0,0.04618583283299057
39549,0,0.041246804172376306
32326,0,0.04072122353592957
1896,0,0.04047798030970998
34731,0,0.03815550485496346
34117,0,0.031163465600393
46067,0,0.038628285271057654
13036,0,0.03860404868199332
33252,0,0.041192423818197724
29270,0,0.032677995237925896
36216,0,0.04044601290715894
18233,0,0.03863189511865351
27567,0,0.04111527469008507
6370,0,0.032202605101504626
23037,0,0.023953733609436898
3586,0,0.039509770561650844
43270,0,0.03701664369069774
34646,0,0.03217208734014342
46838,0,0.04092448898083994
25367,0,0.04476311799464834
37711,0,0.02970937622592841
44281,0,0.041107030625452706
21701,0,0.04118855185774896
3665,0,0.03845894310286195
16971,0,0.031093725283285745
47646,0,0.02803774064024845
38076,0,0.03740371826939274
14912,0,0.03754009784232633
32964,0,0.039701973643958874
4199,0,0.03251287368897702
40127,0,0.027963906857790512
3102,0,0.040731440162562096
20453,0,0.04123487968155477
32164,0,0.041152181292633226
23556,0,0.041139938447306935
16100,0,0.04058683207222627
33929,0,0.040944906785934515
34671,0,0.03251461854265518
17683,0,0.03219211737390471
3585,0,0.02279622430714893
27444,0,0.041047487217055305
10023,0,0.023235937247665202
2464,0,0.016089850250465016
17993,0,0.03498274818974523
41148,0,0.03342455469891801
23071,0,0.02189261757059367
3762,0,0.04091253026423428
27311,0,0.033386222106779655
3936,0,0.039741177060506255
37198,0,0.037388960977792214
34108,0,0.0359519664485797
26794,0,0.039840969153435185
28626,0,0.040471633349144026
48188,0,0.04046673066732679
30359,0,0.038361268021251095
36450,0,0.03854024240775453
26357,0,0.04053599481392852
46058,0,0.021114934276310154
11055,0,0.028486713577318613
6182,0,0.03173886016323193
2952,0,0.040087930546661626
40879,0,0.038746374401373296
5192,0,0.040818153659305946
3790,0,0.02404482154030231
5374,0,0.028866066149417755
10926,0,0.010896209594303916
48790,0,0.03074478965993612
30922,0,0.03797046026832704
15106,0,0.05707094651878757
15014,0,0.010980945810696911
14218,0,0.03304593185998431
37292,0,0.034058566793332724
21954,0,0.03803174906827622
48477,0,0.05182650197028924
46343,0,0.03200264175722708
39705,0,0.030626233123930476
4097,0,0.03464820737964978
43532,0,0.03504790433960083
33352,0,0.024520073343396048
7591,0,0.04069093676993527
24153,0,0.031870500501817056
36545,0,0.04010669303216721
14367,0,0.03773390907223052
19948,0,0.020987545567363687
13271,0,0.04084156925053311
23904,0,0.031161094806188137
7304,0,0.026471915705018535
44702,0,0.02741992627720627
5844,0,0.03774265990656973
2336,0,0.038718094765062064
7772,0,0.030252747585919143
48510,0,0.012121668045180672
19313,0,0.04014212969287159
35677,0,0.041261424813012745
43508,0,0.040173599930013314
31650,0,0.010537373298481917
30395,0,0.028552036475159047
14313,0,0.041107957037582264
12924,0,0.031437942786649575
14869,0,0.019707292788055466
19101,0,0.030915313975978076
42043,0,0.020047714443302576
16033,0,0.0409603405227498
37359,0,0.04005688411432501
29243,0,0.02723856672614481
29330,0,0.041261377503175975
32792,0,0.040800818516151305
14694,0,0.03620774040398416
25350,0,0.038329793155725614
36703,0,0.03206997092990464
31949,0,0.02463156936280789
11677,0,0.03450783445746602
45756,0,0.04097731273140303
24465,0,0.039528279546184084
22205,0,0.01887518584298342
20582,0,0.025921001925475647
42155,0,0.021354594929950017
3673,0,0.03162392151798937
44560,0,0.039974709235043475
31460,0,0.03247415359648778
20910,0,0.02309097573160843
803,0,0.055645757426013846
43043,0,0.02262226665214012
30948,0,0.04122691112414809
16112,0,0.03213122354281383
45806,0,0.04091887563242082
14385,0,0.02877055721327511
39005,0,0.04117015031764363
21149,0,0.030594403431908813
25754,0,0.041159769761068464
22725,0,0.040914952367128964
47136,0,0.024019795453128805
35813,0,0.039507896254802805
43536,0,0.5230512601729919
6004,0,0.04028234772140971
30196,0,0.03129171396915687
47079,0,0.04098211699019329
6086,0,0.03295175392533929
45832,0,0.0385148489205877
5375,0,0.03690547529473232
25113,0,0.041153083072836244
5571,0,0.026365295739438667
16529,0,0.04939850255902686
37689,0,0.026098319755629786
45956,0,0.04098278391766739
14726,0,0.6992129433962357
41387,0,0.02893394870162808
44942,0,0.03139982786247366
28910,0,0.022057640598691006
28820,0,0.03241739276105951
15574,0,0.05758419507547887
24398,0,0.03308891274996136
70,0,0.0407058830532722
37441,0,0.6246726688142926
18885,0,0.04124778199307813
40438,0,0.021275340532449737
6514,0,0.02934298968722092
6308,0,0.03204413537136529
30186,0,0.04096467134658653
41913,0,0.018666987526353478
36977,0,0.03283478578339351
18914,0,0.07432657821366051
13121,0,0.03876227398388403
16463,0,0.03170699877118746
32330,0,0.04072306458732678
36584,0,0.032168810048540004
32851,0,0.015817774602286814
29953,0,0.031024727946228108
29456,0,0.0325149537176373
41240,0,0.030370978270553076
21337,0,0.04122933666834641
5435,0,0.04071232163010421
34414,0,0.0392626888251062
22629,0,0.04122347759242975
47788,0,0.020021216884669898
33267,0,0.029664632543315868
14456,0,0.03846796536243099
39371,0,0.04100109925619586
27147,0,0.039516185941518095
6771,0,0.038218958752903355
36759,0,0.032398460837715255
35990,0,0.026799127999787044
33518,0,0.02829568192187845
42192,0,0.041226560407868894
23874,0,0.03816348475710438
13885,0,0.03884695313620043
44387,0,0.03288403322260126
37906,0,0.03338986119734126
36889,0,0.04089511253119742
18740,0,0.04092003469676444
9965,0,0.04117606982508154
27306,0,0.03027703211973953
26413,0,0.06142632807372072
31909,0,0.03885003910449764
39228,0,0.033459142118243676
46390,0,0.04142831921817161
36255,0,0.0391390924439374
24282,0,0.0315282596465469
40878,0,0.03762006792193041
7632,0,0.03869316382234425
4794,0,0.03261736128388605
43202,0,0.02975496045121216
9696,0,0.026458228917485952
9738,0,0.04120433345927237
618,0,0.04130904671009027
126,0,0.03869166162174419
45171,0,0.0376337721384018
36303,0,0.04071658560900703
35880,0,0.03180183906750813
45289,0,0.02713742973499065
42718,0,0.02657996734073602
35690,0,0.04061251021262014
34538,0,0.03786289521598611
23769,0,0.029581183667235684
36365,0,0.04088521625604663
2279,0,0.01652220031481138
25612,0,0.041380176288636134
7862,0,0.041192845060591066
34411,0,0.05076902976316964
48589,0,0.03023976554236964
37949,0,0.05814818478441814
35901,0,0.04092646706212867
35252,0,0.04115492888720783
15774,0,0.04044313416924113
43838,0,0.039891385533291565
6541,0,0.02058274674029774
18900,0,0.038638320702969624
5106,0,0.041178093580701874
39570,0,0.02362065640461134
29011,0,0.0394098264473419
32288,0,0.05773932589249178
16048,0,0.029692123840587
7090,0,0.031698380021674154
32233,0,0.023147903612154852
48468,0,0.010851762781327774
5819,0,0.035947741755909556
28887,0,0.01601626279558085
18972,0,0.010968100223264159
36939,0,0.03796856606265335
32777,0,0.14244068985173133
25716,0,0.02955600542437477
36957,0,0.04033379235348889
31911,0,0.037666111546990885
34622,0,0.03990149218103077
4190,0,0.03203480265351063
27775,0,0.0407079951295636
9529,0,0.03433904991878045
46758,0,0.04067218008216995
154,0,0.038749355446447184
27716,0,0.029695044759736396
6461,0,0.03964215391686936
8959,0,0.04094332935473001
47241,0,0.03453829652215866
42937,0,0.03180528808802664
20173,0,0.03747685123136493
14788,0,0.03264415231895055
48090,0,0.06180982896957321
13044,0,0.04041170463061157
21570,0,0.029854459408309754
8796,0,0.03230709328393028
23449,0,0.04106700571017864
6143,0,0.026824725524536217
24797,0,0.02938060152951224
43335,0,0.03941412956221368
37153,0,0.021573056984540942
23418,0,0.03913254835044342
37004,0,0.04110865682006924
27265,0,0.04117581147743263
9131,0,0.012263340788327717
22581,0,0.5326615419589361
22125,0,0.03507369730210512
352,0,0.03241611003647121
25393,0,0.026464013834197327
35662,0,0.0411607334631304
9788,0,0.040579348088938934
27612,0,0.023869438694118724
45258,0,0.014950412128161577
13836,0,0.03053110267904023
19257,0,0.012179843149783378
48822,0,0.023615614355004054
46017,0,0.034550701821875
32289,0,0.02358965304675642
31817,0,0.06906103356506076
10646,0,0.04080211146931182
45461,0,0.02848100155644983
39150,0,0.028193743854284522
47691,0,0.03203822028090885
28815,0,0.04089499939212216
44855,0,0.03179664689157542
11847,0,0.03938076528156765
7798,0,0.041305706311935676
45551,0,0.25996154576209785
47060,0,0.03204404428199193
463,0,0.03006043037817273
12230,0,0.03262267094809002
47384,0,0.04086170009463542
48470,0,0.04116611201627143
45831,0,0.04107264191718375
36810,0,0.02804435038040782
43736,0,0.04102987517179511
11141,0,0.039621035617725
29253,0,0.04097439287699604
4442,0,0.02713896627450286
38696,0,0.04042457769052299
27084,0,0.028524695945694817
12475,0,0.02875382323779652
4689,0,0.025252161504633032
33201,0,0.04115479085489477
732,0,0.040333288240432016
46150,0,0.041155221064162605
5554,0,0.04060990407279191
31365,0,0.04059987112182481
14038,0,0.038931444463563745
42649,0,0.038672513281697046
41061,0,0.03208898561927849
38037,0,0.0301117234074793
801,0,0.040636280621278185
24075,0,0.04113875661765413
3234,0,0.029420981229494932
6833,0,0.031852199107190664
21158,0,0.03251745993164805
6100,0,0.03817425900370333
22054,0,0.030267487834553
34826,0,0.032486711467399024
16380,0,0.0405903121908597
47778,0,0.0411054068007307
10705,0,0.04095136532031203
12731,0,0.01265290081484805
35890,0,0.041146129562459006
30870,0,0.05780299364650029
36540,0,0.03237700095248899
30619,0,0.03990205827498153
16074,0,0.027919606664348676
3575,0,0.03975187195965707
48827,0,0.03985721341467244
13662,0,0.04071812628219859
9176,0,0.02488816982405278
35162,0,0.08692739088210054
30661,0,0.04119851701440405
4903,0,0.04064527511525981
14663,0,0.03125853944054102
36873,0,0.03261326733630672
46289,0,0.04122165720987287
31648,0,0.04081089632897564
25473,0,0.04117543970728728
16091,0,0.03027314293815355
29732,0,0.027027477428166635
25493,0,0.03207158978131163
24660,0,0.013665837144870123
16225,0,0.04073450862172265
23437,0,0.04121407467434361
27633,0,0.04067089450607328
38073,0,0.04041160341874754
48219,0,0.040725900804080534
15835,0,0.04080470312812607
20660,0,0.026944341133199837
3956,0,0.041200038368936466
29267,0,0.02598270067305588
8056,0,0.031168750694514632
4049,0,0.041212494633113064
18600,0,0.04098608283880791
30981,0,0.03020529002339626
39110,0,0.03640865155326868
12801,0,0.03217230115089519
19533,0,0.025212355422534572
22903,0,0.038725966413368035
48380,0,0.04083231086008371
19297,0,0.02877408943242616
31349,0,0.03581101942394224
37393,0,0.030671139507291324
39043,0,0.04075265295810544
2057,0,0.03899881207571312
43011,0,0.029730066916796954
13887,0,0.040280253331946604
32085,0,0.04260568485816644
39148,0,0.043316609293849014
43364,0,0.041210920223605875
43616,0,0.04117823088081602
18153,0,0.021179184167670038
27511,0,0.032697816217131505
31085,0,0.03872645497908305
31629,0,0.039267875019988845
23530,0,0.030335744272705332
43147,0,0.040184379209347754
39717,0,0.027556464763093137
25186,0,0.04073847882884107
23254,0,0.020919653164934292
45020,0,0.0412842303960158
47663,0,0.03032584849969157
33832,0,0.041029033696910744
47054,0,0.037517466242598684
792,0,0.04122696320120777
6614,0,0.05561576975732829
6165,0,0.03890060971987904
42352,0,0.04122936261359718
10694,0,0.04145237611420979
26916,0,0.028613727299783908
46084,0,0.020379543170858678
42017,0,0.027112582147648997
3989,0,0.03865682897062888
4318,0,0.02029705911731123
9034,0,0.08100911325529224
40039,0,0.03195987994048553
7634,0,0.03205484346905444
12163,0,0.046219710889359784
25357,0,0.031722256077901426
1538,0,0.013317832555222108
35202,0,0.021602728965942026
38496,0,0.041610187271223176
19290,0,0.03473162619324702
48212,0,0.03764229722676711
38512,0,0.040221896712653166
2886,0,0.03554510667086923
24911,0,0.029586564515471682
35144,0,0.027296112238518307
23465,0,0.04110366071918285
29385,0,0.04009395706471557
9303,0,0.03812075131616313
23963,0,0.026237610582575677
9754,0,0.03263711846752635
3131,0,0.033670004300418284
40995,0,0.03057429745983801
9747,0,0.040911678119792017
18494,0,0.02331957432159869
34458,0,0.025374498216159252
14589,0,0.04124738934284784
547,0,0.030036939787725304
11917,0,0.041119851902403734
10591,0,0.027388294695975087
30181,0,0.030751902188141583
30138,0,0.04077340883494556
30328,0,0.17495879128874392
46711,0,0.03881261954443089
13545,0,0.0383321059169085
30506,0,0.022619189400526846
45271,0,0.029410769230081377
19429,0,0.04116155638206826
37328,0,0.04108314403083468
28841,0,0.056746273388435735
46871,0,0.04101902477986652
44955,0,0.01126004339936401
40022,0,0.022104044554969633
8453,0,0.04115068240165824
8172,0,0.02806153565641716
48074,0,0.039135339722811885
11911,0,0.04107130696718351
21522,0,0.04025341651043966
33260,0,0.04104271477358671
29062,0,0.05724272991614858
4043,0,0.062389621075139984
5158,0,0.04094140646369244
22741,0,0.03133741831997698
5071,0,0.03970809791072534
45053,0,0.03910334218091702
22261,0,0.041290490572237444
10241,0,0.027783366528610926
42849,0,0.018461347923420895
46038,0,0.023420718948850214
4303,0,0.026557556811296568
22513,0,0.041704179693243984
10302,0,0.026705352410041943
652,0,0.04080354284775189
44796,0,0.049515658293324924
20086,0,0.04008967148612309
25883,0,0.04096797081858802
20994,0,0.04095829989490579
25875,0,0.03757145049157538
31004,0,0.028065452867358256
21912,0,0.0395877267066623
4140,0,0.02348190058167123
27910,0,0.041326300738881466
8246,0,0.041100220368754284
37550,0,0.038940251722291895
15676,0,0.03708488211503376
13208,0,0.039461290468333264
2437,0,0.03000651065980724
29477,0,0.04123697911225928
20113,0,0.03911869927779166
38132,0,0.04095173078294403
41962,0,0.024077055958426248
307,0,0.03012317246582594
29617,0,0.024472654209529373
21398,0,0.028228910887540704
22785,0,0.040282703713016926
35535,0,0.04123281757360741
9520,0,0.057269699315565574
11631,0,0.040729657784627074
5067,0,0.037944879404453756
39457,0,0.03208457495072336
34539,0,0.04071905514982281
44810,0,0.7905242179701562
21213,0,0.03970519374693504
8953,0,0.0410814596839613
4766,0,0.02174545749259297
14205,0,0.03822241611264658
42013,0,0.041698734444302804
43916,0,0.04678567334466787
18966,0,0.041131063036366086
22396,0,0.041157800584136234
44820,0,0.040245684265831354
8630,0,0.04089476346228062
30162,0,0.04291712074406333
11617,0,0.04058269769536501
14921,0,0.022220696598827507
14727,0,0.03817579859132875
37062,0,0.011627493721045563
29565,0,0.03924124452098797
38247,0,0.04068320785888349
28410,0,0.04055266210863367
12661,0,0.030901217914048332
30160,0,0.01983979226073877
11668,0,0.040844876314386505
19424,0,0.05190882067755455
43108,0,0.041262773400899816
30991,0,0.02697049062242553
28148,0,0.03799674591174623
31993,0,0.04096444046590695
43998,0,0.03919006181471006
10122,0,0.14099768084043465
36154,0,0.03757472753598277
44378,0,0.040658985511629636
45933,0,0.04128533388793583
15139,0,0.01681845228656241
2316,0,0.039182705399742626
11361,0,0.03004595813446928
29406,0,0.028900334910692785
24584,0,0.04073670992163681
25598,0,0.032621710836256285
15155,0,0.05691545327702161
22579,0,0.027959891951077828
42820,0,0.02644673022462545
43420,0,0.03257550862570653
13412,0,0.031678001835225685
13827,0,0.04123139902386284
13698,0,0.03265248093391045
28875,0,0.03065162472442139
36111,0,0.12653185838405343
15500,0,0.024845913735982876
33355,0,0.027385557134144523
15910,0,0.032306877991916796
38531,0,0.04115857702594399
48987,0,0.030652342570139518
24143,0,0.03935317042801762
43519,0,0.03162085232278401
38904,0,0.026458590825393282
43925,0,0.040838891098190916
18713,0,0.02253079408358296
44573,0,0.011227279186650788
42214,0,0.03862928325344799
7554,0,0.6659783981827823
29919,0,0.03794167914830428
34744,0,0.041328609890106865
46703,0,0.02238409046732768
24206,0,0.12387717386214647
31763,0,0.03202614381422306
28413,0,0.03783877497244845
46971,0,0.021225213161134952
21775,0,0.03778153635349337
22018,0,0.03998235251239715
24826,0,0.04097875036414033
42451,0,0.01118238163168596
35802,0,0.037017048526766766
16053,0,0.03815947865579874
1903,0,0.04092613278040477
11002,0,0.01563666335128749
38674,0,0.015909970807019662
34328,0,0.041367113750560465
19886,0,0.023802901206472122
26997,0,0.019902532285166717
42225,0,0.03841002968765496
39754,0,0.04089557442993586
15248,0,0.0378404721738895
2478,0,0.027492636099371526
43666,0,0.04100924721655805
17546,0,0.031950538490283585
37405,0,0.04091061171929854
35881,0,0.04022514158150518
8778,0,0.014407910957680065
29983,0,0.03207733849149712
16861,0,0.03931645764369033
38111,0,0.037686967514884484
25202,0,0.030680826685920665
21524,0,0.031526299334952136
4928,0,0.037655260188206856
33251,0,0.03768398275961714
29975,0,0.0380285248012914
1710,0,0.016139590629568573
23830,0,0.04076254181600506
38397,0,0.023135325560151878
1609,0,0.03292657184956903
42644,0,0.04100039117114589
42255,0,0.04091375603271517
4569,0,0.04095143058481378
45792,0,0.031008183070344555
35485,0,0.041330160610716093
13270,0,0.026760455901333552
26873,0,0.04081283612034026
11275,0,0.04103292048836584
43360,0,0.032748494881043914
22191,0,0.039551027182896256
44857,0,0.037810509294912066
4398,0,0.03132306938770932
47775,0,0.03791327923423253
38234,0,0.031050835450607824
44520,0,0.04085347394517197
9148,0,0.04122801847348423
45688,0,0.05456562691900685
2190,0,0.1243052111885579
27509,0,0.02937010387608115
42433,0,0.04069751559764407
11169,0,0.03231725320254071
40792,0,0.037169614363219285
19042,0,0.021324655887796237
9403,0,0.04096828320833933
46599,0,0.04013282703052694
21206,0,0.03499324214628753
3609,0,0.022297391661821712
30214,0,0.011781339975728897
39784,0,0.05141219907340888
10345,0,0.04018993047364553
38320,0,0.02844377223283769
8151,0,0.04064594349448569
12751,0,0.03817349954089544
17945,0,0.03950179592008561
26055,0,0.0306430911359734
4760,0,0.04015638743908589
28089,0,0.03945762580568115
17631,0,0.06138659583489699
18556,0,0.031179275016522
21560,0,0.037839272393580356
4533,0,0.03948706363669652
33914,0,0.021659561320955086
23268,0,0.03259258947573956
33898,0,0.04028761495252046
18548,0,0.03135686682089552
34851,0,0.038812783761568645
21814,0,0.030849185984951184
12294,0,0.030643179923963895
216,0,0.04089182709727066
13386,0,0.040465172379764464
11610,0,0.04130288360269088
38255,0,0.03199838578472179
46749,0,0.037586080339325235
18577,0,0.040873763851085806
44116,0,0.02383315054604793
29475,0,0.023888673479911214
39936,0,0.03770923797871283
1654,0,0.041176853819873925
6254,0,0.03244078354629276
17408,0,0.027552063403780552
1277,0,0.038006847586112336
25991,0,0.037861647906678814
38961,0,0.03769146601853481
19618,0,0.04119387064535548
35885,0,0.03956077696583332
48108,0,0.041933162361658394
14003,0,0.046605411828201423
37196,0,0.023424028803016677
41761,0,0.04122044889412328
42617,0,0.032195778077291966
23967,0,0.03250244752313597
17557,0,0.006430069056709146
45389,0,0.02998742600791782
3056,0,0.04098326742266069
5321,0,0.03959578980398834
11353,0,0.03794315328018937
26073,0,0.04084842203562026
15829,0,0.04093493631275006
8785,0,0.032955458017315524
18808,0,0.024101949864066663
32885,0,0.04028638615918068
41751,0,0.01494457022262183
29194,0,0.04080869230418058
5198,0,0.055867916018070556
2385,0,0.027106341423639362
20112,0,0.034275860162144484
45111,0,0.03362704361672641
20151,0,0.04118005464409947
17323,0,0.032683065728626004
14068,0,0.061886694516512485
9904,0,0.04028834699721099
41815,0,0.029425918939579687
33957,0,0.03749102902189483
35754,0,0.040290361882632277
25891,0,0.03895571383995928
24054,0,0.04118789294477762
35234,0,0.04018177512153264
1601,0,0.031581701474021846
19293,0,0.03212511994793331
34914,0,0.032427662587458154
5641,0,0.02138190417480529
18127,0,0.03218205314309973
120,0,0.04117240301915079
1118,0,0.029470654213382037
16665,0,0.030414249457334425
47518,0,0.03817796737939483
32182,0,0.04073098897836601
3647,0,0.03014248992161164
1511,0,0.01374308235884424
2676,0,0.04057820487636576
31443,0,0.038517512848341096
47306,0,0.034699172674951574
45547,0,0.026348781848737488
21550,0,0.03869606635146338
39159,0,0.04017947294183796
28511,0,0.04128458704735598
28013,0,0.04060752941494498
35811,0,0.03017934252969403
21580,0,0.03774817354510319
11411,0,0.0328850561528657
6157,0,0.030783245678085235
4754,0,0.04142258405830228
7489,0,0.040913864544289184
29435,0,0.02744528436355289
31890,0,0.032326579244000765
5602,0,0.03825751576831388
10772,0,0.04088491743977885
12352,0,0.04046077146067624
31560,0,0.054125006101685184
39726,0,0.030383254755524804
4982,0,0.037913188077443497
20171,0,0.034827601754942275
34024,0,0.019894344559815584
49014,0,0.032501472383945705
44043,0,0.038637154947957754
2447,0,0.026097256678248523
41122,0,0.03768054054298453
49039,0,0.0410350558076515
2527,0,0.041174008288010246
33705,0,0.03150357918590055
29427,0,0.04102802941414074
1201,0,0.039578987728465014
41273,0,0.06872346318897403
17426,0,0.04089929159443667
14764,0,0.03452887020755215
23630,0,0.02634069739378138
25446,0,0.032442321919370284
32555,0,0.04029584693279726
45539,0,0.032237345607123616
39356,0,0.025487789271689952
22915,0,0.04096779452929632
38029,0,0.04117700196282287
163,0,0.032109063653162045
17883,0,0.03862555977651988
32336,0,0.020477563876538183
18737,0,0.02797360697594312
14077,0,0.03985906988931161
25847,0,0.03850411523923292
13290,0,0.035577930284664626
11896,0,0.02098603340303836
36427,0,0.014024758142783943
6273,0,0.015015046382746334
15672,0,0.038420278844781136
8940,0,0.03341424943464535
41295,0,0.0412728333028444
4715,0,0.04148145812977569
22134,0,0.031471986365817654
32522,0,0.012775661542272552
26864,0,0.026341111495978856
34910,0,0.040286181303230056
44773,0,0.03792642400579692
11723,0,0.01885465870176414
22141,0,0.03200101992126079
28211,0,0.028520362958752044
40074,0,0.02839098203328664
41807,0,0.03476364515926207
8348,0,0.031287148768226934
28520,0,0.026464319802177873
3221,0,0.03000785570078774
2428,0,0.03214739806883777
12920,0,0.03853565949799306
24132,0,0.037775647739474845
47869,0,0.03149814117722213
47013,0,0.04083496189321459
5057,0,0.04128205129947949
12795,0,0.04041568134792648
3877,0,0.011627477044999338
5792,0,0.03185796331151409
28116,0,0.040225703316133066
41051,0,0.035146507412353846
17399,0,0.039633648291834585
31873,0,0.04050322313848374
37746,0,0.03534621649348974
43063,0,0.028339074846155866
43870,0,0.04115216981203836
37398,0,0.02858399672852939
47601,0,0.03996852692675682
35334,0,0.03820216948518698
24425,0,0.040799619632885115
19554,0,0.021002308877065626
9281,0,0.03598052970359999
16777,0,0.03937983711426267
811,0,0.027646967704824183
17685,0,0.04066921767979794
22969,0,0.03595828835630128
39795,0,0.03846850645881168
31480,0,0.03753929782050512
38469,0,0.03980476518742467
12174,0,0.03981164390829247
12515,0,0.04128527003564073
30987,0,0.032289971803702994
14195,0,0.016880855050616015
9024,0,0.030842801079488776
36108,0,0.03859660346886133
45365,0,0.032134059760549956
33299,0,0.1296954943613622
9070,0,0.03237744741389228
10467,0,0.04138048951656347
3053,0,0.03129452159308589
27834,0,0.04126891390796481
32590,0,0.030946458250868114
4379,0,0.04043735722284834
28963,0,0.027583766145267606
43807,0,0.04113774109059323
45048,0,0.04088704652688898
6311,0,0.03201833311753772
10443,0,0.03270061651945563
15045,0,0.036993467677949934
5773,0,0.04023910066394479
27341,0,0.03231919103829194
25928,0,0.031117805781918945
25961,0,0.030622872487939098
37136,0,0.04110206703691677
14864,0,0.03515357371859076
42002,0,0.030472632875664554
8099,0,0.04038340644664277
40326,0,0.02067450773516186
4252,0,0.039108528415007754
35684,0,0.039903938555732
49,0,0.03867077858968732
1698,0,0.031404223896754783
33197,0,0.03776812175347837
39674,0,0.03768502550887217
42489,0,0.04127203078182716
41607,0,0.026633729011778032
39468,0,0.027301980792752503
36756,0,0.03697154780215188
18979,0,0.02810136631594558
39033,0,0.041393092674196254
17457,0,0.03490120893765822
30381,0,0.041222444887901194
17073,0,0.041096462516280456
46116,0,0.05801770442965943
45364,0,0.017943183427416506
21657,0,0.0446223814335012
20336,0,0.04069936080530605
39316,0,0.03822322222877852
45089,0,0.04119354303013453
2019,0,0.031237126449300465
40613,0,0.03067700702406482
32058,0,0.037681514512601925
8337,0,0.05566804168746482
4890,0,0.02912759078222443
34479,0,0.018129368287962702
48948,0,0.02766590040650354
14760,0,0.03978022383257748
39604,0,0.03343450995730099
3237,0,0.037867452904912724
31133,0,0.04077786763049091
14926,0,0.0412201884847709
6317,0,0.016084434265442257
27354,0,0.04080237747379253
1934,0,0.026422162706856767
37117,0,0.04074048301563266
44751,0,0.0299818926445795
2894,0,0.04103103320210862
17174,0,0.04012191847149116
48351,0,0.04113377651964832
13605,0,0.04096246750366355
14000,0,0.04051841934708083
40663,0,0.0312471684123599
23631,0,0.03808542858104055
44439,0,0.04001209739987139
36697,0,0.04095394222100885
43504,0,0.014233852508524701
4165,0,0.041149522380702026
12256,0,0.03805610012337137
48355,0,0.04102755327785374
6671,0,0.0412142100168849
8424,0,0.015437599317130445
9035,0,0.028860227424934704
5069,0,0.027656871549373067
11393,0,0.029930031637187972
41331,0,0.02753688387922891
27760,0,0.04108272547051029
24322,0,0.036454284877396964
16952,0,0.06869483693276007
26966,0,0.041255072721078166
39803,0,0.041166708297067055
46206,0,0.040707401022650455
6761,0,0.04047012868142494
624,0,0.03161117594698562
28327,0,0.029616154258116003
38620,0,0.05462668792411665
30034,0,0.040984299329754545
7755,0,0.037669598978814355
20836,0,0.03340503237964769
23925,0,0.15475173192538985
13846,0,0.031100467158366105
8133,0,0.03854722662092795
276,0,0.03603495029051586
46196,0,0.032478179586933935
16517,0,0.04092859171307328
48283,0,0.03815792072134786
24853,0,0.04753358315732106
38677,0,0.041232617336773456
15522,0,0.03931839772638028
1031,0,0.04097014835868512
25741,0,0.04137037398418496
12487,0,0.040599458874000884
2563,0,0.06115916314045412
15253,0,0.032214482394193944
24045,0,0.035167971974644135
19600,0,0.04121636145177293
35494,0,0.040233100553946945
14568,0,0.0409605205467978
18804,0,0.039886482022004774
15358,0,0.034997647286067926
28301,0,0.03976723314346454
4796,0,0.031593284065519416
37901,0,0.03342111655645146
13304,0,0.04116974933514415
26637,0,0.03948662587148445
2073,0,0.03198228636971124
30920,0,0.041040785892245066
23468,0,0.04074030663665385
15478,0,0.03215221939546458
29162,0,0.030936200302300966
40610,0,0.041154479950582315
2893,0,0.03835692673790843
8374,0,0.03043228915915144
3247,0,0.03496832355850568
27051,0,0.04066541438802517
4574,0,0.019907819330110613
33429,0,0.029480870073866055
8231,0,0.03910756437444678
43190,0,0.018320087312947677
36126,0,0.04019160983555374
14559,0,0.03286774801328797
4381,0,0.041173310590327444
1790,0,0.029966677863390023
32758,0,0.04015747923024926
6475,0,0.030249485401029886
26125,0,0.031946686110245086
18899,0,0.03896156186825929
31948,0,0.03199368022794165
26408,0,0.04003604474486319
6544,0,0.037661322795873094
19066,0,0.04114689451012723
32147,0,0.015507941488518005
18357,0,0.032744343602281435
18523,0,0.045744477608140155
42169,0,0.02634053065361641
13916,0,0.02115465037667432
15216,0,0.040449280591230014
17756,0,0.041180329424494566
13184,0,0.023619286361361607
30480,0,0.04095992375467672
48155,0,0.04095484720915968
22960,0,0.03162281320428085
29349,0,0.034537099076468625
34558,0,0.04062346458303713
33333,0,0.0381393386730586
17065,0,0.032167926178660274
36520,0,0.0401815521669973
10152,0,0.2382015298613768
41679,0,0.04060484922607377
1959,0,0.03232060997106397
10620,0,0.027103053154242905
19205,0,0.02142990811935421
34157,0,0.03206509070835592
14235,0,0.03915870051435938
28075,0,0.020130358809279346
35118,0,0.04090422567449644
22994,0,0.03933583447147369
20718,0,0.020576171688400393
27319,0,0.020997876070340038
20006,0,0.03792915846035711
6795,0,0.0400893353119507
28287,0,0.03010426871642963
18310,0,0.03976476007004147
16839,0,0.04116056515491113
20167,0,0.040900155829216175
22691,0,0.03810305967805279
14598,0,0.03153491981590107
829,0,0.0394870394825739
1788,0,0.027113088936094574
6698,0,0.04125555555069544
22864,0,0.032181606613508544
17254,0,0.02245440389266315
41144,0,0.0379474119848372
47993,0,0.0407339733245169
28803,0,0.041228745797162875
46860,0,0.0395769047578649
31030,0,0.054365859562316446
14570,0,0.0213643193774914
41745,0,0.03862926827942411
19175,0,0.024765388849368526
31277,0,0.041374569930585546
13126,0,0.041025310637673076
30363,0,0.026458344747221873
1614,0,0.038699312970010315
20454,0,0.027355517670612308
16213,0,0.027293000215793572
18568,0,0.05158660223716195
34799,0,0.039109503507109525
39230,0,0.04107245592985793
45045,0,0.04089936161643403
6295,0,0.04095896588915328
32658,0,0.028561912195165438
21823,0,0.041210165705441525
12098,0,0.0411778515296916
8352,0,0.04021621321597357
49045,0,0.04059110476724844
27328,0,0.03786818493057602
44130,0,0.041087051880077684
32537,0,0.04046940321029392
23960,0,0.17534374646142684
8145,0,0.03978002536853343
42596,0,0.0160703369371875
1731,0,0.02252076766106393
39017,0,0.02872463425052454
38238,0,0.04139584230583422
41517,0,0.029385218771946844
36081,0,0.040245218242479064
3127,0,0.0410215335134856
32436,0,0.0467441236359291
3657,0,0.034536844573565435
26218,0,0.0412127824996379
36814,0,0.041136046253520506
21205,0,0.04046042744072226
4496,0,0.05549527018284524
14793,0,0.026460563406237838
46453,0,0.038631223218781964
41803,0,0.0255135100048219
4395,0,0.03869445629200011
10483,0,0.028225406774263655
42487,0,0.010979473323799855
6523,0,0.039174420382218016
37713,0,0.04109599767447668
46585,0,0.028314724177111266
40774,0,0.03957552805025199
6550,0,0.04132653183911285
36644,0,0.03771188468463901
22584,0,0.031189459514672183
46764,0,0.027094902857642145
28576,0,0.027331218967030533
34040,0,0.03949067591170851
1799,0,0.023491824658435585
20465,0,0.031330855145190496
36199,0,0.04019890884468049
43682,0,0.03979562905751693
9481,0,0.04071103276241751
12315,0,0.03695461711916889
7578,0,0.03959234597652212
19357,0,0.040906198928542456
3405,0,0.038918474422213814
36837,0,0.039485574938136696
5193,0,0.03954609855612412
18845,0,0.04116060819051586
48185,0,0.04067245606507222
30065,0,0.023780281022185185
46205,0,0.039712832315292705
35776,0,0.037520407922109304
32053,0,0.032565262720419944
13774,0,0.028009481552559102
47602,0,0.04046717412829542
36377,0,0.03196583144972617
40278,0,0.04052012275986561
48877,0,0.037091661883441464
4739,0,0.0328336789240182
38331,0,0.03852485308363427
44467,0,0.04123370346892702
5428,0,0.01143633190564833
46105,0,0.03948954528787426
32276,0,0.04093588968863879
5220,0,0.04096751744170288
10800,0,0.02170137782270139
23576,0,0.01021079183772534
37661,0,0.03187839809270913
43670,0,0.03833214853243427
38351,0,0.028666866842393626
35639,0,0.0407899545821634
5430,0,0.12716885687591248
14775,0,0.039110807926562526
14425,0,0.016272856491548235
41850,0,0.026431978817075666
12862,0,0.04089543090349798
26614,0,0.040191680747403105
43646,0,0.03222956907590986
39042,0,0.038573218688891193
45281,0,0.03224501737345781
20573,0,0.03836799930877571
29032,0,0.019749778432916983
20937,0,0.03863918902248956
43110,0,0.03987700863688884
42703,0,0.06137410993701317
3980,0,0.03318113331572119
26010,0,0.031636619823546354
36134,0,0.03267687063837527
3537,0,0.0411545861263249
9382,0,0.039342893594022606
11877,0,0.02940958275678087
43059,0,0.04118350824626578
8113,0,0.03588475451806918
20075,0,0.66550424534502
19035,0,0.027682997878404288
4959,0,0.04120726390578009
42257,0,0.02995881214493721
37125,0,0.037114669128090236
665,0,0.03120708418066015
6531,0,0.03860971351753488
862,0,0.04111345507604487
2803,0,0.03066959009072402
39367,0,0.03977459984126861
12367,0,0.03092193157978867
26358,0,0.041302802165942586
48718,0,0.04087919412289339
26038,0,0.03833009651323287
22049,0,0.039802306580766375
26608,0,0.040959596170654915
27314,0,0.6468320562059724
24400,0,0.013409679959819587
38616,0,0.03816139141001672
46341,0,0.040048943705115476
24280,0,0.03435803259429983
22230,0,0.037908768704475244
25724,0,0.011515069459423979
16620,0,0.04106226638082464
22612,0,0.04127932363197805
1890,0,0.05121403183635927
20662,0,0.032320960271508534
26876,0,0.03777144164727339
7529,0,0.04069614875902024
1483,0,0.029578322540253964
2726,0,0.03237569358162933
24959,0,0.039031396635787335
3155,0,0.043881562801590716
43636,0,0.037391605360658386
33746,0,0.032180106855124714
24396,0,0.04064931538454043
21747,0,0.02761466903934808
11117,0,0.04090431487099733
47145,0,0.03816016589734714
33009,0,0.04128916843071044
4459,0,0.041602549591407856
35238,0,0.03757885407968538
26899,0,0.03831335011581081
46649,0,0.03237161762398242
38863,0,0.026927527330617478
13527,0,0.03155359590478306
11524,0,0.038635106978455416
48131,0,0.03756858808999206
14923,0,0.04112064656600268
3424,0,0.0412974932431301
32934,0,0.04111189746933356
35766,0,0.532860634268093
40321,0,0.04113928916694419
35849,0,0.03063124558465057
15824,0,0.06914584823737721
42185,0,0.02413327652010395
38846,0,0.04086799599421813
42073,0,0.04053470541680093
2674,0,0.03760370740425613
8972,0,0.03909233170617797
21471,0,0.037493762660445094
28779,0,0.031212770555443487
27635,0,0.03772809826569516
15382,0,0.032327541131240596
11730,0,0.04030365267443804
7706,0,0.03570670828030967
40723,0,0.030248926213366462
35179,0,0.0412272969083076
45869,0,0.019028766567781318
30351,0,0.038951552162182004
28971,0,0.05577099176867812
13217,0,0.046547756366771664
28973,0,0.04083048777543792
15680,0,0.03751148782525285
20948,0,0.04098964071122882
8143,0,0.03191436647334103
9762,0,0.040943378700008186
20686,0,0.041023617417660606
34719,0,0.04124259440784687
45245,0,0.03146546569740736
13329,0,0.037563543400659725
60,0,0.03198654438821519
37604,0,0.03197846443609944
31555,0,0.03759868145128813
11456,0,0.04018462824499201
2101,0,0.041315995742777126
47790,0,0.041220700494677624
19090,0,0.02435176673150937
41203,0,0.040667294538704886
28824,0,0.03153962588811038
11192,0,0.05532597920210574
27060,0,0.04045711035968332
24618,0,0.038903741284826356
7531,0,0.03758355883312837
39924,0,0.04058847770282595
41947,0,0.0381780675044951
1485,0,0.032531413374050085
4014,0,0.03185017729680739
10840,0,0.016151137014478692
21285,0,0.04085471806221763
40589,0,0.04396365213329684
2174,0,0.04074509235536737
27151,0,0.03816195195919238
10012,0,0.041264302158686275
2923,0,0.038745868671262326
18185,0,0.04139386721047777
26941,0,0.040006592390455745
7316,0,0.031166057002433623
35605,0,0.03210761111851395
25256,0,0.04120214565218712
9681,0,0.03954991916054809
27268,0,0.040712602180459606
43971,0,0.03129808832238597
13919,0,0.035672114577778365
21930,0,0.04039923331603363
21321,0,0.039482497759711015
14771,0,0.039879488358159784
35399,0,0.03910004833922958
33541,0,0.027691871625166706
21752,0,0.04050303580627527
45206,0,0.014543535534170248
33535,0,0.02654299165195253
6305,0,0.037581118797187604
8257,0,0.03248481791086968
46210,0,0.03422455179122653
44965,0,0.027581476507123656
1694,0,0.061239460260137796
11224,0,0.04115759410714632
5188,0,0.04116048949329568
18784,0,0.015184931612526242
13533,0,0.03978325076110628
25668,0,0.032019263964492596
25013,0,0.03752595030333106
11384,0,0.04092070248039548
27119,0,0.02021476670006549
9339,0,0.040810510244388955
30954,0,0.01994107750009033
10291,0,0.04128858537661825
4287,0,0.02805436502152808
29739,0,0.040444724901800615
39953,0,0.01923657622455883
33200,0,0.04084753464567425
25391,0,0.03776644995366422
5528,0,0.0409129068708368
29600,0,0.04029280371176846
23994,0,0.02568840969994941
2551,0,0.041259603323794795
40842,0,0.03924528180744212
26686,0,0.03818210553758736
9556,0,0.04104220273613063
29176,0,0.04121856919599795
45948,0,0.06182974099858827
21951,0,0.039674459783519085
517,0,0.027154238188089565
7214,0,0.0300988258199525
25381,0,0.04115901067530478
49009,0,0.0314132571824124
32343,0,0.02466196072970652
42371,0,0.040108221826123926
41167,0,0.03047158064488665
1548,0,0.04127458318660557
8010,0,0.041204996679773585
13167,0,0.07003518402119643
23174,0,0.04102803449371453
39337,0,0.04041374780007887
9673,0,0.023987610409450483
16783,0,0.03493971488510266
49024,0,0.03287848236781311
45033,0,0.05894050450978706
41352,0,0.040092056204173464
34226,0,0.04129263750456526
47454,0,0.011085895510913789
35178,0,0.037086721753944556
11321,0,0.04066600096382308
16652,0,0.03129117711279639
8218,0,0.04102004374538674
19099,0,0.04018229907675824
76,0,0.03200240486429379
28927,0,0.041315447460341964
103,0,0.041003956027039254
29657,0,0.029152151452648083
36779,0,0.03091389785098965
11277,0,0.04000976054848638
12919,0,0.031559535643259605
48147,0,0.04054577337931458
30715,0,0.03126992079452204
39144,0,0.039442445094447005
32626,0,0.03246682042190652
21170,0,0.04119715273004158
33598,0,0.022569924474369563
35518,0,0.04042790689936677
5765,0,0.04022460767359038
37791,0,0.041174221456516884
29291,0,0.055660347251776
17011,0,0.039609504461887185
19821,0,0.04122746687100091
38440,0,0.018523422344127745
6179,0,0.038868410346862496
43711,0,0.042936401767937664
46229,0,0.034240685873325113
33629,0,0.05570408292056552
41857,0,0.03777732856159266
27394,0,0.015742917598229843
31251,0,0.03750221402836866
9599,0,0.040668175640879586
33050,0,0.03065535413747451
34279,0,0.02696174086788637
46893,0,0.04121913427926503
32581,0,0.02097274579573295
41518,0,0.057301425162738805
773,0,0.0582483915076152
36530,0,0.02851196678401428
42631,0,0.04120153862645407
24299,0,0.024163268407187254
21220,0,0.041318390839723114
27485,0,0.04194060400883629
33219,0,0.0379621499004291
4743,0,0.026139652267887635
29758,0,0.03749086550715113
30973,0,0.0304225215903295
30544,0,0.040998216647214605
33069,0,0.05562231580771567
14415,0,0.01999632308304763
67,0,0.028305720195845267
40496,0,0.04116711730800807
20782,0,0.04059107972474579
10105,0,0.04008906929369784
37588,0,0.02544521699661509
4670,0,0.041376810615331605
17689,0,0.03243956386381723
16182,0,0.04107433031405108
45656,0,0.05615488907089049
10530,0,0.0406985362731681
32507,0,0.041135424242045394
23229,0,0.040576370614651934
13031,0,0.029598038429300973
9926,0,0.027964161136802494
18117,0,0.020965029582189664
12358,0,0.04074271285468459
2593,0,0.026139210928967472
36400,0,0.041192465714704876
32051,0,0.04050358199313576
23577,0,0.02810821693435374
22701,0,0.0410944414129817
2026,0,0.040421760792971696
29847,0,0.037572971553882666
5790,0,0.03955833788074456
42615,0,0.03452372465316657
27914,0,0.026500413132639167
42752,0,0.051836674340967684
3412,0,0.03179498245626371
45361,0,0.0560814894356852
23929,0,0.011786455464788655
17115,0,0.03958704309631338
34638,0,0.024406982042384492
7429,0,0.02079209693398497
15387,0,0.03992951177498137
21765,0,0.0395540565658763
2382,0,0.031946261803999614
29815,0,0.040674297907766305
14256,0,0.04116120621339067
42941,0,0.04030187132141851
135,0,0.013648584081075606
12542,0,0.017318258473801765
3096,0,0.04086495730710721
9711,0,0.03753395328707583
10859,0,0.03205424839605751
21463,0,0.04089392274589624
26921,0,0.0403090071839651
15123,0,0.041189485666551603
26126,0,0.041222501150540776
1146,0,0.038920912139737945
23080,0,0.031830899523219984
35410,0,0.0411488640421273
15201,0,0.04128325212051274
10026,0,0.010945662054303489
14080,0,0.030327112127703067
5307,0,0.08696192120114364
24327,0,0.028755819871780827
44682,0,0.043299960895982405
21991,0,0.02963973887310417
5239,0,0.040978269581440255
35188,0,0.04039592416860803
47720,0,0.05628032402948505
15685,0,0.04133871407578709
13703,0,0.01785235022581716
3251,0,0.04011710408663094
25211,0,0.04083620497227791
3372,0,0.012759900649697307
48703,0,0.018937831418134054
9736,0,0.03242183029741399
23469,0,0.03749143822996025
1653,0,0.036338774310594284
42667,0,0.029153856164978325
45276,0,0.04039374609474328
24725,0,0.03111961794580824
18429,0,0.012862403045574572
40265,0,0.03084465247424363
29391,0,0.652878014628348
27630,0,0.030751553770473655
45540,0,0.040433113895782975
25558,0,0.026995356807871098
29811,0,0.037734471368870995
45122,0,0.0321143973835918
6444,0,0.040775561768973165
43897,0,0.0606354009898438
13273,0,0.03824042096700392
24893,0,0.039680393006357506
6414,0,0.013707801793917913
24464,0,0.03916673842469843
36363,0,0.040704345447776756
29131,0,0.040286718035403755
8879,0,0.02210050461611081
9016,0,0.039915069756748994
44115,0,0.04096269656141914
14069,0,0.030803582117168268
17498,0,0.012418547215829068
1508,0,0.029386715760099207
44341,0,0.02713277714337433
27867,0,0.03234368906800873
25833,0,0.04116159368384361
42833,0,0.04086605423779837
43615,0,0.041081082000501486
38574,0,0.03749104850185587
852,0,0.025488843516651052
34399,0,0.055550324956231086
32670,0,0.032632146587698224
4519,0,0.031111888218079874
17092,0,0.04039986794857115
38401,0,0.038341833334976184
27849,0,0.032662192526028845
14831,0,0.040910751645935335
20027,0,0.0402211046219015
7460,0,0.03132900100495829
48923,0,0.03905090539713679
31692,0,0.041102334663640105
12287,0,0.040884618516759626
9939,0,0.040834166022481515
12004,0,0.025400701996672256
38292,0,0.03275911695382561
17508,0,0.04122439520621872
16629,0,0.05756903226248404
18982,0,0.02857029253281399
46076,0,0.056535841349675826
11469,0,0.04040249808691144
38986,0,0.039676325903991345
40071,0,0.03900626146138129
13286,0,0.021958592652141427
29315,0,0.027066763777635897
32280,0,0.03218503832956114
13825,0,0.03083981606181887
946,0,0.04071277837196189
35369,0,0.039982736471913465
329,0,0.034338969995188075
44266,0,0.02672368575599323
9222,0,0.03411140994546573
31230,0,0.04466571610394881
21862,0,0.03252021147919152
20750,0,0.032124460997897425
17737,0,0.035140128713888864
9246,0,0.024247913572668145
29246,0,0.03777383242771667
46212,0,0.04117611660035955
44762,0,0.026348977915922892
33893,0,0.04086350193400143
29608,0,0.03013538626277136
40140,0,0.02201615266380625
17315,0,0.04318263126524748
10895,0,0.019394307057195984
4781,0,0.024490786796526443
46642,0,0.038337838431460707
4685,0,0.03264896898499031
37013,0,0.03894177364462882
21178,0,0.04099328515493351
1352,0,0.027258109953104643
42657,0,0.02936497501798496
8237,0,0.03766370288211405
23805,0,0.033107000064159335
48193,0,0.0236476330083749
37668,0,0.041158901028586284
42319,0,0.019850808065460118
26603,0,0.04113339193532999
5215,0,0.04097460410722503
21381,0,0.03258843050396796
38571,0,0.04055099529221859
30222,0,0.04072337971310174
1419,0,0.04093133797444742
46295,0,0.037859434629895876
5490,0,0.027355985458114965
44856,0,0.04123749505976753
31020,0,0.028968336089337732
1363,0,0.04451200586247152
37176,0,0.03188243731618123
37526,0,0.04040714833125437
6952,0,0.038627857038178975
39799,0,0.02649711130718983
9485,0,0.04102412348764242
23666,0,0.027497724953169368
36312,0,0.030191993241816446
45655,0,0.027133723894832665
12313,0,0.03880965796496962
12257,0,0.04132597098496735
15235,0,0.038182910563031615
47369,0,0.04108720407506213
14281,0,0.7631849400589154
23707,0,0.02924645415573524
13140,0,0.7576910801235431
20177,0,0.03368818751487711
19321,0,0.041015771901613825
12864,0,0.011253019066483122
13857,0,0.04009033834720648
47844,0,0.0388168448284051
29350,0,0.02786227658881307
18638,0,0.029148415310986647
16071,0,0.028031527241122522
40105,0,0.030773294590241865
5187,0,0.041264341357812824
40987,0,0.039239939799558775
7615,0,0.02599611156404165
26823,0,0.04108337042664923
36775,0,0.038595642527683605
7295,0,0.029140320495177098
10954,0,0.03942003135557282
20178,0,0.03857693995409545
9930,0,0.02666387336132212
6655,0,0.03229083628390602
24204,0,0.027799373189013554
30769,0,0.03982091323410279
7607,0,0.04021999032210537
8504,0,0.03881639129806147
7087,0,0.03794035078864739
49041,0,0.015374368524569894
15093,0,0.03616151026992387
37535,0,0.04108248038604768
26892,0,0.04118361671622761
27970,0,0.03968971360810791
3503,0,0.04057069268731082
20391,0,0.04096035750896321
45693,0,0.04147119953315452
43406,0,0.026665215168947716
30793,0,0.02870797956575353
19083,0,0.03434821146117085
47963,0,0.027134697123159076
25691,0,0.0574206689151266
46365,0,0.03837459198562826
3321,0,0.04050432830109834
23310,0,0.02945641048333462
36709,0,0.04106020419957711
38675,0,0.7209233290872639
28991,0,0.040817639177910855
22933,0,0.040436996183187184
13964,0,0.028966231756146366
40134,0,0.027041261038755805
26456,0,0.013116316279256211
41570,0,0.03840888191157602
5998,0,0.031864196259806854
35098,0,0.03526256900790457
15414,0,0.032732778539197586
6496,0,0.03749311392868771
44362,0,0.02185466057174374
26207,0,0.021767469437231818
2008,0,0.04090420679809847
585,0,0.030811557015470396
2552,0,0.038544061805933366
21762,0,0.0337871656924356
47257,0,0.028212934068545057
23964,0,0.039582196407174516
1002,0,0.03775127529213099
10710,0,0.03081338313941199
13285,0,0.029445168333674603
4682,0,0.0325436736452171
30059,0,0.03843728710601963
43988,0,0.019432728508449633
15158,0,0.02710839982146956
41561,0,0.039910911895659776
27529,0,0.7941690099816279
39700,0,0.04147956863622673
47328,0,0.030030753922976296
28615,0,0.03900566254988666
31678,0,0.02271951958163835
48780,0,0.033153483734764226
37974,0,0.040696542725279436
7906,0,0.02168284321444037
23121,0,0.023981407162061756
29128,0,0.034463335293084665
21435,0,0.025668794763434782
27088,0,0.03694011682539864
10342,0,0.03859294361481511
24305,0,0.040839746336884954
40507,0,0.04111639668089314
29265,0,0.04019473801592577
5468,0,0.038843898839772864
41870,0,0.6658115096787247
7912,0,0.04581969575034669
17053,0,0.04085511330462434
5308,0,0.029843740593470895
40165,0,0.01999249592904517
13904,0,0.015918227265441766
19697,0,0.0279071431814745
28704,0,0.030352461265470993
46342,0,0.040266263254969355
19991,0,0.0377871787348962
22176,0,0.0422908202498744
29492,0,0.02896347046533377
34103,0,0.02798677844710095
41873,0,0.040278943430172756
18109,0,0.041029426383475745
3510,0,0.03694087871294271
35572,0,0.034534618369475044
47489,0,0.028752877267127688
1568,0,0.03848698352292885
45639,0,0.027938050045954847
15369,0,0.032842596355054425
48932,0,0.05740738382891264
21100,0,0.026523023622402782
11467,0,0.0399383386407184
41369,0,0.019630688897935063
14977,0,0.04086415206596775
27455,0,0.03857584443565331
38044,0,0.026940489112743504
47074,0,0.038902215975062264
39475,0,0.03348906734287515
29175,0,0.04119866197571998
17640,0,0.02261172374061438
2623,0,0.03195345277144399
41363,0,0.0315132452805033
14889,0,0.041166282187405555
13806,0,0.0414720970532015
3041,0,0.032630995139060065
4963,0,0.020900319807009335
44679,0,0.040997806762825384
41930,0,0.03953099752694749
25442,0,0.02164485380810271
46107,0,0.03025414668163653
35709,0,0.0405367987893602
12254,0,0.039593479889678575
29940,0,0.03858821021099287
14448,0,0.03910410876065533
12594,0,0.04055841178929704
5235,0,0.027536402379842832
38731,0,0.0403253670461745
44150,0,0.03209572477516085
17004,0,0.028779312029291897
41199,0,0.028746102411978388
15681,0,0.04078506090908991
3070,0,0.028193444807362494
37662,0,0.050517756703097945
48766,0,0.031116185366234957
26653,0,0.03915752385809498
9780,0,0.04122227706484409
10712,0,0.0321107996857232
2810,0,0.041152530941333455
20659,0,0.03141458970664489
19448,0,0.02472353216213936
28957,0,0.0396336216474878
19854,0,0.015475789466782948
18745,0,0.04107116704276407
8298,0,0.040615224425680704
18510,0,0.04114055395050671
34056,0,0.03962999459687725
5816,0,0.038173980703252126
42118,0,0.04080553478617074
30177,0,0.04136735650966953
37624,0,0.04102819341582211
8425,0,0.031095110696284175
39252,0,0.013989003152471199
6979,0,0.04017847974320303
21996,0,0.03253220604001676
1649,0,0.03220840189179935
32006,0,0.019816308130226293
33306,0,0.04060653592048517
1862,0,0.03800409638001092
23673,0,0.03753294435170274
1859,0,0.0411923490931454
31391,0,0.05077163134029034
25775,0,0.03994453446007216
29725,0,0.0378390504256251
32875,0,0.039810658886898824
26405,0,0.03997927960835089
21612,0,0.03457077223097173
18009,0,0.037810261804290875
25470,0,0.040971765564090094
17803,0,0.016237260999553898
46888,0,0.038306677074364553
5965,0,0.02928106505019816
49083,0,0.03341500093614131
46253,0,0.03799444325861934
48498,0,0.038334919012841216
48728,0,0.00712603089678121
18756,0,0.014877263179420003
2966,0,0.03721696725214238
8612,0,0.03125510637644962
22615,0,0.030399196944882485
13820,0,0.032302798430177394
5956,0,0.037708966120392956
34703,0,0.0410212210308089
39143,0,0.02562699651233756
23658,0,0.019619861143314918
24801,0,0.032350781649079605
29639,0,0.0321573632501901
36819,0,0.041336111577309875
33641,0,0.040818502391668635
10255,0,0.12869509077375083
7938,0,0.03938826497118759
9051,0,0.03262123609226334
31710,0,0.03952171386213731
2981,0,0.05565219498410027
11638,0,0.03030153080379044
12955,0,0.037689681093084834
38599,0,0.03987093339759835
28177,0,0.010910505401000655
19486,0,0.023649013869824025
36881,0,0.035953718868843285
18738,0,0.04136447783959072
16021,0,0.03252094755681372
46923,0,0.04020561325132948
9894,0,0.039591951594805934
19802,0,0.02302501675744927
33549,0,0.04104220860021091
39960,0,0.03217196322793114
46002,0,0.04051799721831766
30552,0,0.03998479981677377
33984,0,0.041109529836306634
17402,0,0.04077586088515149
43779,0,0.037532694092564545
48015,0,0.039647595227798385
9359,0,0.032851350071698746
35223,0,0.03957748670473
43952,0,0.04039229576485528
8760,0,0.031013455955229297
28730,0,0.029177257020400284
46916,0,0.019841799387480114
2345,0,0.055693514731589185
640,0,0.030697016947355656
3369,0,0.04115463882716557
38576,0,0.03802516372210641
45153,0,0.03930542212517214
28524,0,0.041204702317337354
47655,0,0.02994621312028706
47760,0,0.040993676775214934
25171,0,0.037709377266153365
13582,0,0.03701877914581042
13686,0,0.04071278988179161
38779,0,0.02753478296887377
15928,0,0.028698755281580824
40012,0,0.03253331003512036
40678,0,0.040389668401472706
41643,0,0.041135642565951966
39199,0,0.04122505061067253
17961,0,0.034935513160027076
22979,0,0.041226068410752166
38360,0,0.022514003780129143
19100,0,0.04134170743248382
41476,0,0.039888860469467914
38319,0,0.040692322362875503
36962,0,0.03910214213123762
14322,0,0.03813752879979552
10365,0,0.026530034353595525
47653,0,0.038940811977188454
37988,0,0.04130997904448769
31331,0,0.03251160382350065
6869,0,0.04112042204648384
5159,0,0.03126047523174987
7287,0,0.04090420510387258
12828,0,0.040714339844087566
48631,0,0.038996155050927225
25850,0,0.04123965181913639
2064,0,0.04067063180576426
44195,0,0.04090442012928236
17920,0,0.03234494667113796
37751,0,0.03944188660934291
11133,0,0.026485115685207887
23492,0,0.027446253640259852
2798,0,0.04068392389567131
36098,0,0.038159396963583406
45412,0,0.014600220264281575
22008,0,0.031953768010841016
6744,0,0.020115108871002516
45568,0,0.032356512810186346
7241,0,0.03229669679496331
27681,0,0.04128720659626783
32175,0,0.04127295388057684
37146,0,0.041194437562684545
45963,0,0.021093218490300047
48471,0,0.0133902945338304
11795,0,0.03466312360903541
28226,0,0.029256999882878054
326,0,0.04054750596747269
9341,0,0.02460912814577248
30404,0,0.04067820711692071
17873,0,0.16100544011869022
31287,0,0.04045838585154405
1016,0,0.03264138011363977
46279,0,0.028155992624461845
35404,0,0.04117634757116538
35522,0,0.03821118141115488
29521,0,0.04115876683692267
36140,0,0.03243048702438978
48588,0,0.022646493247591847
11986,0,0.04091081019768052
42720,0,0.2611675038576814
36016,0,0.04087377611822644
9208,0,0.039818947053259564
9943,0,0.04107623208835991
8419,0,0.038344708726170455
17428,0,0.037165998449532126
28020,0,0.02419187613287298
44662,0,0.04123277232495867
18703,0,0.08779809145306555
15011,0,0.055360370551134144
14713,0,0.04110739057602912
8187,0,0.03135713762189979
34375,0,0.04008195163281086
32738,0,0.03949283805276211
32601,0,0.04123765866496036
49023,0,0.05196828446474643
11340,0,0.039967899727943956
44846,0,0.02213697267179785
7390,0,0.04003465408958663
3910,0,0.03475511597388469
45940,0,0.032533512223196205
46248,0,0.029737944564794578
9849,0,0.03006492076816474
15999,0,0.035493368035735134
38446,0,0.032301301920786445
26030,0,0.03794456577916682
30600,0,0.039916394361308796
18090,0,0.013542886848982819
8705,0,0.04142202292588889
46974,0,0.034350879884553605
20742,0,0.032836850021834514
12842,0,0.026877119385775746
26832,0,0.12662287139191464
45047,0,0.03116527057655066
39999,0,0.035160035331336124
11932,0,0.038793564155025835
44993,0,0.04115631495239088
31527,0,0.04129542265917328
28644,0,0.03892702041904428
42651,0,0.031598147579549644
21558,0,0.04012443510879693
9562,0,0.037124035118672453
1438,0,0.020994841481452683
26196,0,0.04113394886001768
39141,0,0.028810121736577158
47695,0,0.03411519529509099
16530,0,0.04084864166578241
47202,0,0.031409131805575384
6969,0,0.031528994299830006
35764,0,0.031015494524395903
31187,0,0.03852613018333388
24002,0,0.03851961294563022
26818,0,0.041268584754613945
40079,0,0.029662714617138555
41328,0,0.03037633207176159
41566,0,0.029999156021228338
29670,0,0.03229778668186392
34556,0,0.018877469327787097
32572,0,0.04096692252769743
5926,0,0.5336723380885319
31018,0,0.04072644744094458
32063,0,0.04064283618095389
2168,0,0.0321639310845842
2918,0,0.03805243629279021
34048,0,0.03425712561114598
29045,0,0.03232831814166449
1077,0,0.040755346898586856
35921,0,0.039683461601529
27105,0,0.029630549589718495
18137,0,0.01547994185994316
18471,0,0.019497440257217006
18433,0,0.0401298892294651
19415,0,0.041262228424286826
826,0,0.025930573909319087
10832,0,0.010151265702296035
44864,0,0.03916153399386107
24168,0,0.023101700978559014
17366,0,0.03200493653501629
47187,0,0.041167004327177625
22220,0,0.02828854359743475
23,0,0.03963282289375491
14879,0,0.030758641366491177
8414,0,0.038902650938111426
46801,0,0.030067738878040574
37185,0,0.032631471397082036
45579,0,0.04018027143503934
1254,0,0.03927129448000135
39146,0,0.03788354015164726
1998,0,0.039115019246051
31077,0,0.04118922613002891
16440,0,0.04128550408396108
18491,0,0.022742110704389706
38632,0,0.03895421103922215
37267,0,0.040656527147651396
47815,0,0.03746540530303521
36734,0,0.04096749567680567
46299,0,0.03841894771027437
2058,0,0.032626769669865004
38975,0,0.031044130969282175
5701,0,0.026446573107548266
38953,0,0.027336737962510297
46131,0,0.6001409758395958
16056,0,0.027579389122807343
21788,0,0.03243590958608303
966,0,0.040173590660626646
4117,0,0.040877922759538984
7505,0,0.03959168561240813
10844,0,0.040969374017519426
38428,0,0.021617565609866326
27580,0,0.041117835103807183
16142,0,0.04123257733978916
47569,0,0.01963662099948046
42751,0,0.027553701756719652
43022,0,0.04095456127471513
1426,0,0.022572159991351783
23674,0,0.0402236837964074
43638,0,0.03789901607225817
18684,0,0.028967206637053242
29663,0,0.04015505905223753
3290,0,0.041350628780134395
39745,0,0.03184683765485874
12767,0,0.03204538154343351
47552,0,0.041253954024030905
24743,0,0.02853238165325607
8500,0,0.029997135332339615
5736,0,0.038776162144378054
10752,0,0.024110249766853727
20765,0,0.04083365365580071
3703,0,0.030133295452493068
33237,0,0.04119222875906856
43349,0,0.04130433377441576
42924,0,0.040892633677105786
46334,0,0.041165932687929216
19764,0,0.04131475170308965
14050,0,0.5738550377518034
45455,0,0.04040084453374771
3130,0,0.030378110590307882
36056,0,0.026409827705914244
8710,0,0.03034411068954221
16991,0,0.04070044947596078
11468,0,0.04100435646770939
44841,0,0.037520218680045875
35559,0,0.03747777165334474
908,0,0.039602453891032834
44509,0,0.03174644800353595
34238,0,0.031822018220408456
1664,0,0.026054258600263277
40336,0,0.041222824538671425
24395,0,0.03990393873757588
32953,0,0.030807900390634003
2944,0,0.0324995133475318
6984,0,0.027764407589338232
21651,0,0.030163967078661917
32977,0,0.04091697516259488
8915,0,0.04037079000138068
15644,0,0.011069887661063987
37092,0,0.04127108733722766
22367,0,0.04073472579472885
42730,0,0.03800526133691565
46590,0,0.03633870773719309
38478,0,0.04061644663211749
34383,0,0.03206595071936248
16261,0,0.04083123097003332
10957,0,0.04071887480633962
36005,0,0.02731024635728307
24077,0,0.03157528069132298
27423,0,0.03950187010689364
3139,0,0.039596859784520884
23580,0,0.04129045746400461
42093,0,0.04087467566261908
31093,0,0.030441734958754244
41013,0,0.03206407622248045
29584,0,0.030951765047907254
41637,0,0.032796097113892884
26046,0,0.03155243399567391
3671,0,0.040096886851424415
22911,0,0.028271231278900015
3952,0,0.03163163631653001
26166,0,0.04086977648720154
6478,0,0.03954473051152595
4788,0,0.03401649043539505
13420,0,0.03371374843320584
2081,0,0.04618363159414826
38215,0,0.02861973885430057
23011,0,0.039220713361378286
3555,0,0.02912825767709063
30107,0,0.034526629052991774
38291,0,0.037593344280910226
13452,0,0.04122620838861833
28018,0,0.0389501712203396
38660,0,0.0411814763980793
20720,0,0.025427401805576608
23765,0,0.05536838601440882
627,0,0.030505704561182324
28216,0,0.03878892560611336
48909,0,0.028572109295637062
8489,0,0.040466554322875964
1797,0,0.03173980686816378
46991,0,0.039338726233834415
37169,0,0.039420560581499814
32371,0,0.03903914916861126
12590,0,0.038794160383428304
4802,0,0.039684307683372076
1585,0,0.04019012402956684
8916,0,0.021714051353642565
46704,0,0.04068906501057106
46793,0,0.040729123648861804
46358,0,0.04088743163920888
17610,0,0.02190265448836655
43037,0,0.024821336622987883
4753,0,0.03933858853171838
24591,0,0.032210611346236324
39187,0,0.04111611303014296
23768,0,0.032383113228351454
43866,0,0.03751585655353111
23152,0,0.04019392952335075
6647,0,0.03455696438975563
21559,0,0.040864933099359145
18022,0,0.04103589629174011
39408,0,0.02275746809418687
46790,0,0.039902384422257936
10148,0,0.02257495105480264
44294,0,0.032641682574406534
48556,0,0.03858590430544978
5317,0,0.04110080587852245
39121,0,0.040522691355289756
21548,0,0.04053319046626552
47100,0,0.04026166387329435
35316,0,0.02874515129945856
24662,0,0.03500686681966732
46252,0,0.03248138710333392
41798,0,0.031163108343321474
43798,0,0.028040340940287692
34898,0,0.04116069337189234
47302,0,0.033853237729184804
15005,0,0.03244180089739418
21143,0,0.032438062958863347
31215,0,0.07053962240597896
15272,0,0.05541074394042341
42504,0,0.03700455447296092
29717,0,0.032624977622694486
25120,0,0.0314172835498448
22873,0,0.03816668570685856
38655,0,0.03071690312140308
18701,0,0.055626510282947586
20091,0,0.026746482723953732
26831,0,0.03151021482340454
12780,0,0.0411771303047692
3625,0,0.040884163282836374
14278,0,0.03693640282045113
21693,0,0.031094336493231435
11816,0,0.027617749307259708
5033,0,0.029093676358925194
28429,0,0.02004884233802638
20768,0,0.043892698506244186
19341,0,0.03235809650089893
4266,0,0.02868506148007041
24432,0,0.04133296122522529
31668,0,0.026311537752852603
30093,0,0.04015257484884537
19116,0,0.03967066088493316
15577,0,0.02912401742851197
32735,0,0.0321231109815822
33213,0,0.040867490436878894
42223,0,0.03947623062714819
41413,0,0.03951353537719756
39767,0,0.03767352856403784
8082,0,0.04095214190915571
23273,0,0.05784997469527959
9724,0,0.039869228486278045
7121,0,0.0398819779144722
37480,0,0.03946524322089214
28111,0,0.03131921111130976
19003,0,0.03226345819880089
30720,0,0.04121852996275264
38108,0,0.029685651243543377
17212,0,0.03862771467263415
39950,0,0.011565494208786551
9739,0,0.027173080972348367
9971,0,0.03751644460360825
24302,0,0.02983790260162837
11228,0,0.020649651743450348
36419,0,0.032196859377604456
48115,0,0.032600678855372295
47627,0,0.02667834926698437
37287,0,0.04000811471588098
21585,0,0.038383159077204416
42193,0,0.04473392899986534
13683,0,0.0382122673144821
25166,0,0.026470410691622415
28695,0,0.0285867369350566
3413,0,0.0320920110334902
19525,0,0.028244711646325825
48658,0,0.031313886982518656
37471,0,0.04052141919985667
34661,0,0.032124682019306856
42640,0,0.02663028387153544
35844,0,0.03186764556349838
12047,0,0.03863081589428988
139,0,0.040677972262204605
14002,0,0.041023249927350326
39998,0,0.016294578768696902
29030,0,0.03995878546688368
39038,0,0.03371379435762134
7259,0,0.04101871108860491
18655,0,0.03951674186720407
24538,0,0.04047956837274209
1316,0,0.0412270600426857
28427,0,0.041093333225202415
19212,0,0.03139535181631989
18170,0,0.030812980502881164
46303,0,0.040900155696739604
2706,0,0.03246753628756824
41656,0,0.03910165460862042
39658,0,0.044274358751620134
46327,0,0.029375439904516725
799,0,0.040404142022903454
24167,0,0.0416197090993711
20087,0,0.03517001783872704
33186,0,0.03225540532492953
24998,0,0.0375782601947507
39554,0,0.03725658681219302
38250,0,0.031026073331114443
31157,0,0.03992563473574213
19534,0,0.040257359847470454
45132,0,0.040319052815240064
23476,0,0.04125990410508259
20125,0,0.03041064149695175
15582,0,0.03905441177355383
43088,0,0.03238567751083459
17536,0,0.04749333593272277
29485,0,0.04000491632158079
15918,0,0.02940100738258049
41388,0,0.03495201391264657
7694,0,0.044610796707774104
1320,0,0.032392383871688586
8249,0,0.04111878992071717
19899,0,0.03172919368599727
37725,0,0.04090773166828839
9293,0,0.040390374946440356
1661,0,0.03959467176548033
26424,0,0.041169960816995144
2653,0,0.040148017346421684
31081,0,0.028553406564736608
20318,0,0.02800231055313935
7015,0,0.057438705978929534
7586,0,0.04115492371020229
12022,0,0.03347282625735905
1504,0,0.03471583988725772
43252,0,0.026935200621051158
17101,0,0.0414057265041396
38422,0,0.041395191720269786
30887,0,0.024793176104184547
27616,0,0.04045775649700218
30425,0,0.03210850616178943
14886,0,0.039578918898325356
43394,0,0.04074278800032635
9263,0,0.03786569071549742
14784,0,0.04069810251365213
39327,0,0.02113601000377272
28217,0,0.029557793620215263
15015,0,0.03787971161573114
8714,0,0.028281010322298794
32387,0,0.032482424482574546
7346,0,0.041166346431443485
31026,0,0.03712945069759169
24377,0,0.04039786783706812
43574,0,0.04120373490760566
35461,0,0.03793012184142285
6618,0,0.04122255123927507
29970,0,0.04121280222653552
34771,0,0.023509806311901593
45191,0,0.03830190604435245
23776,0,0.01836849858890161
45340,0,0.03749003495393864
36919,0,0.04076595885330337
40351,0,0.030113188656515844
211,0,0.03817076769789529
4932,0,0.03219147850999225
1026,0,0.031285933565080463
33977,0,0.02884259278398817
11444,0,0.03192359279912457
38052,0,0.02961683818649653
38104,0,0.040956665556357054
32482,0,0.020519179419604735
47636,0,0.03815987574332862
13565,0,0.040924284373538844
8955,0,0.032090801539332296
8194,0,0.03163753539726064
8232,0,0.03964397633570542
13469,0,0.04043792152465368
49036,0,0.04047029493302845
26025,0,0.04116239994683987
47900,0,0.060581598247769534
37752,0,0.040806939204054926
28430,0,0.04066347627231478
29026,0,0.028602114738802746
816,0,0.055699734734106235
6708,0,0.17968533164334413
39683,0,0.03225702531277451
8824,0,0.04097038407572905
34833,0,0.022149039661313107
25121,0,0.04118963660305348
23711,0,0.032001697127047604
17306,0,0.03862829980531392
4886,0,0.030123563793629307
11938,0,0.04080990695957541
26660,0,0.032566667574830795
38363,0,0.040795788321416525
41195,0,0.0395865195843271
23354,0,0.03241954041659493
35059,0,0.0397368533211884
6717,0,0.04115793162727557
40810,0,0.0412049808947378
40582,0,0.039360882799577376
27159,0,0.03148637756921707
37928,0,0.03186896447586807
2575,0,0.011766897159217337
27473,0,0.03932183043044541
37790,0,0.03909969040335937
14494,0,0.039516254931393116
15780,0,0.041019543872232306
16036,0,0.04115313888532661
2102,0,0.026892133520614737
34278,0,0.15414399214457797
38492,0,0.02824850157858368
8997,0,0.032199104787114304
26354,0,0.04106899459091417
35157,0,0.04678845007828012
8349,0,0.0324481281897523
5084,0,0.03860708407577263
20273,0,0.02927334944289641
8324,0,0.037123757063708455
43182,0,0.032592033392328856
46809,0,0.030830494731917152
12423,0,0.011056610293367755
45019,0,0.04068171252061204
32414,0,0.027738367585532962
30290,0,0.0273095909499373
1982,0,0.040216288341834286
41251,0,0.03837254761904017
37440,0,0.02777459302749005
5398,0,0.037598548760121725
7508,0,0.02699501892712079
17629,0,0.05757620753849949
5875,0,0.034673641697582094
19171,0,0.04040031487769157
14295,0,0.04102510225351703
17626,0,0.024092336371529813
13717,0,0.03203797633515185
19255,0,0.03832737640301191
14917,0,0.039197688005707394
39818,0,0.04747862222021632
550,0,0.023447191607932336
1895,0,0.031968439964218
40805,0,0.03230184233815918
20147,0,0.04461552490536071
28825,0,0.027561595498720674
37322,0,0.04125971564595449
43213,0,0.03946125391414305
17853,0,0.030776820240053106
15871,0,0.03238812080952967
41684,0,0.01610388004699651
93,0,0.027139908678962738
39977,0,0.020805514614666468
5211,0,0.03189399371330685
6596,0,0.039545597212471514
41907,0,0.034537192818327525
25174,0,0.02824181696746379
22972,0,0.04114262920255072
21479,0,0.03767027293098516
44952,0,0.039483266558908096
46967,0,0.03986392814592693
1604,0,0.040181103373141236
38823,0,0.04072969918226378
641,0,0.04121063393204513
37431,0,0.03274350709507868
19065,0,0.03858841060285473
44025,0,0.04107730211088801
8479,0,0.03845187276029041
8686,0,0.04090950479111406
23862,0,0.04114109434299231
30227,0,0.04120218250561545
22397,0,0.040843304516532286
25310,0,0.03283176769021086
18474,0,0.03783855596777299
32299,0,0.02258039692280217
34256,0,0.01822713971181642
3262,0,0.04077257505325537
48689,0,0.05598876928535775
37399,0,0.042145135539131025
19309,0,0.027744965052767162
12290,0,0.028551827913475287
44123,0,0.027114630365985472
20017,0,0.04116297758239792
11112,0,0.04143309558770399
45736,0,0.039544784953072815
13965,0,0.02150139561575525
15935,0,0.024560669327158176
32013,0,0.036346282744778406
7933,0,0.04009271532969172
42646,0,0.0408891957247525
33473,0,0.027228290514456962
48899,0,0.028160794309485027
43242,0,0.029263833343705564
1262,0,0.04110402944478023
5328,0,0.026352477155186394
18847,0,0.009046703974496936
24881,0,0.026717563741714453
48557,0,0.016263312773052197
14697,0,0.028145184388480394
14126,0,0.041324473740492015
30612,0,0.041202601097244114
34709,0,0.041170916867333304
20566,0,0.12345053799828214
27165,0,0.04111559663723843
33324,0,0.028951195826342393
3680,0,0.030838963951221505
29575,0,0.039230219663547804
35396,0,0.034256889217705415
30286,0,0.03449649147851415
30082,0,0.03985990250982391
7610,0,0.02494912395501573
42057,0,0.02754685251822613
23956,0,0.040679953551524574
42129,0,0.0274605896646978
16029,0,0.02431661698037269
27584,0,0.04061626307727844
20430,0,0.012014967417078441
21088,0,0.04116449148834484
36903,0,0.040927009599223754
29344,0,0.03768605752574744
7058,0,0.03140987343961331
42092,0,0.019287559022561226
49095,0,0.026876488001663357
10730,0,0.040650131468076306
30876,0,0.029389507594534514
14976,0,0.0288478046735159
16766,0,0.6838788963119892
31450,0,0.014933527830196651
5927,0,0.039107600420745195
30427,0,0.04121801133724988
17828,0,0.03258737332942792
21476,0,0.041102518996942276
17127,0,0.026788514169180513
24055,0,0.02990719121161561
5639,0,0.04935995873886361
18338,0,0.032227265019857884
6782,0,0.03754286794429642
47742,0,0.04123829020209226
44107,0,0.04135917858154055
37100,0,0.02936709328400172
22928,0,0.023639174929679263
45821,0,0.038931434144055144
39198,0,0.04060530480392146
17819,0,0.026923860915798105
47206,0,0.03513651125926511
7047,0,0.041092997679738584
27902,0,0.016573384108097874
13180,0,0.03743092403232528
38190,0,0.030997093841443814
30726,0,0.04013341076699095
48252,0,0.041176919797780875
47911,0,0.03147983346266051
17620,0,0.038174537683698224
1751,0,0.05383359470543254
21741,0,0.05796071851032997
8370,0,0.04038137710889157
23946,0,0.040994260854241855
32718,0,0.037839136148937795
2177,0,0.03826558787399887
48733,0,0.03397132333017283
40682,0,0.027239436716205923
33686,0,0.05769337583925461
48494,0,0.03154596047734069
5993,0,0.04039436902253203
31295,0,0.021507887510205704
38376,0,0.032603979904682834
7492,0,0.03246357340579619
32562,0,0.04109910439858236
26751,0,0.03473004123845862
7009,0,0.023760160566214508
34829,0,0.03264243515680752
27094,0,0.041161488012872095
10799,0,0.016743555790681302
26164,0,0.068899527239095
31395,0,0.040771426561602174
48578,0,0.037500643697725364
5270,0,0.03944200651934976
11354,0,0.02785666454228109
49017,0,0.03712192626911761
18549,0,0.04025329146602159
33243,0,0.032720389193278535
8235,0,0.04117109263099858
11379,0,0.039127602780696
43777,0,0.04085456438434407
4532,0,0.018287079393022015
13084,0,0.027185065970514555
11783,0,0.05745941527684365
22235,0,0.03764174967057156
20213,0,0.03281793701526649
4198,0,0.031095927983479866
47117,0,0.041031070120196564
26289,0,0.024063743345722102
14981,0,0.04141269994054324
43513,0,0.04061000201463802
1662,0,0.03217179267691434
34902,0,0.0413822516685007
24746,0,0.041236731580309244
14221,0,0.022410920159863724
9388,0,0.040409008333222717
6556,0,0.025923815437985952
40643,0,0.03001836299330551
315,0,0.039550072902849794
1273,0,0.038596845152259716
37285,0,0.041279949999276026
47999,0,0.037367205445432206
3740,0,0.04461198767392259
46855,0,0.04129419550605119
21089,0,0.03926671589820748
46666,0,0.03753563019727704
33000,0,0.03972333358146691
19385,0,0.04067679772880252
17191,0,0.04176940608707768
17765,0,0.029799294008869312
18580,0,0.029502780954946822
32583,0,0.031031396271360756
38924,0,0.037577718160180705
26884,0,0.026390223398267444
18621,0,0.03957461019268757
33211,0,0.031040853725579017
44542,0,0.023438385602138685
13333,0,0.04041927872725028
36020,0,0.038527301221167945
19941,0,0.04111725987172484
23163,0,0.04088451690353082
43235,0,0.04042297767538615
25475,0,0.0302291909378633
19214,0,0.041479152250600344
14892,0,0.02437097090064551
32409,0,0.03754046111992152
18004,0,0.04074124030432391
3637,0,0.016560865537663776
41771,0,0.011180799471030038
14008,0,0.04030309293195984
7923,0,0.023055749408452016
43906,0,0.030823007173510372
41657,0,0.03967727699725203
10162,0,0.02646399012875574
19298,0,0.041029948703811256
7387,0,0.04117286552886369
9836,0,0.026692977138738288
10383,0,0.03146186160678885
28363,0,0.02474635812438494
16940,0,0.03062310681515201
20057,0,0.021915938520489925
18668,0,0.039483552390270744
42772,0,0.04389708609313391
18831,0,0.04115710926519137
14820,0,0.04000708904872091
30066,0,0.037567166058832174
6513,0,0.0412073786181268
10636,0,0.03987762951812433
32123,0,0.026398436486101372
37547,0,0.015610427042399953
9622,0,0.03822494699471932
3212,0,0.0407375182297752
44089,0,0.04622292529974842
45285,0,0.04109176418972209
34988,0,0.03816124174793688
532,0,0.021814437061601317
6533,0,0.02733114474202563
16617,0,0.03987708055395272
19937,0,0.03139390309765296
45284,0,0.029351722903206826
721,0,0.03936091506183291
23627,0,0.027447107602119016
48388,0,0.029510108595621854
43555,0,0.0387987402516952
39765,0,0.0447079524395858
37404,0,0.04084236197620723
6162,0,0.040798537653763324
14855,0,0.03851380601619487
29736,0,0.03202717976800214
6574,0,0.014829523134581276
18682,0,0.040485847070410565
27342,0,0.01823332235201973
20640,0,0.03752094211587391
40531,0,0.03376920906521526
9713,0,0.020529614066540115
10269,0,0.01504892641962836
36763,0,0.012777650613910176
35875,0,0.040888186802611366
46721,0,0.030742821465975675
45925,0,0.030610561647475276
10551,0,0.04090554148511762
23259,0,0.04074816328612132
8774,0,0.038802612656320366
9695,0,0.020259040501380433
29057,0,0.038186209866241376
31711,0,0.041193569760245574
24694,0,0.040139290114292715
13537,0,0.03089292759534856
37174,0,0.029182724818989272
5431,0,0.05220432493360343
35807,0,0.04047387964659442
11308,0,0.0407925889593396
9153,0,0.034674193341265265
43095,0,0.022874372959350527
18179,0,0.03124345112010445
41768,0,0.0412252109109914
14633,0,0.03219538528108711
15012,0,0.03866185927494548
29451,0,0.030579193048631676
4684,0,0.0410574032910663
23759,0,0.03903479866538204
44537,0,0.03127540401492832
2620,0,0.030148715454974922
30725,0,0.03274049614061956
10963,0,0.04084108879601619
25958,0,0.041198952245936844
610,0,0.04095864626172006
17367,0,0.04062632466063654
1774,0,0.04143530814003881
38075,0,0.039529318514120594
33808,0,0.029437402703267886
17488,0,0.03755408186642294
3480,0,0.031457370194154025
29779,0,0.03985038640133514
33263,0,0.041407080424681025
42892,0,0.027830972990003568
47246,0,0.03592795028516846
27033,0,0.040796039526883196
838,0,0.03852906687249749
19511,0,0.037600113659833026
8202,0,0.040886475052592436
7835,0,0.04012250225179356
9183,0,0.02732285433160996
3577,0,0.032553249741534195
46595,0,0.03958300101450864
29591,0,0.040865640399945516
45773,0,0.03751238310902048
18103,0,0.03696129196741802
38649,0,0.032491021380140324
19625,0,0.04107956805157264
1927,0,0.04086167185609028
16399,0,0.03328959389711271
42993,0,0.026905830743830884
4887,0,0.041120486993769495
28390,0,0.022920187947911324
35664,0,0.013526929800019915
11567,0,0.040977637261519775
7738,0,0.03250670004800779
32155,0,0.041172615560701245
34879,0,0.03251629257316019
19811,0,0.04012289382938083
22058,0,0.03259409639658408
5915,0,0.03002023292835815
6719,0,0.030502363475711655
11979,0,0.030338045705572837
27287,0,0.02581198782191036
11020,0,0.04098408421314733
10048,0,0.040181871172406014
25018,0,0.02531556792480212
7459,0,0.026405657690049152
12237,0,0.057560607354914854
33469,0,0.017890409805867195
24573,0,0.1297415871174451
9066,0,0.04072406285868645
10324,0,0.04102106059316823
27968,0,0.03125080756974104
7354,0,0.04012549451332619
37616,0,0.018626807809858932
3013,0,0.01717093794038943
37252,0,0.05380855918047265
29447,0,0.03152495198959114
43211,0,0.027727288885952998
46808,0,0.04122279689106198
15117,0,0.04111580701570447
34958,0,0.062348588701811536
38103,0,0.03191678178884183
22345,0,0.01596012577628177
43020,0,0.041479683040967844
3002,0,0.037828691466771196
8729,0,0.02846782034057691
27294,0,0.03977392817937616
11370,0,0.029978497945859665
33070,0,0.03903589493056343
4411,0,0.014932690864338863
42327,0,0.01600108996769066
10880,0,0.032120247781157886
48981,0,0.016576026939171727
26390,0,0.013857965759508315
14607,0,0.037642922675614685
19032,0,0.040475510625168534
41078,0,0.04115404383322388
27619,0,0.021142621289561587
7299,0,0.03838958500921588
39083,0,0.03818548892429907
40456,0,0.040285376032594675
22512,0,0.0385957443639318
3072,0,0.03215426009178748
43658,0,0.03047240366987977
13058,0,0.03154640644093319
27222,0,0.010838471720832268
1913,0,0.040952431028652245
32197,0,0.04124859369977206
6445,0,0.040556848735544514
11603,0,0.02786539333604428
37154,0,0.04115521555753706
31651,0,0.016182743205325367
15401,0,0.02369846324185334
29512,0,0.03213632354246011
30635,0,0.04058574456544885
12904,0,0.020631826114396835
11646,0,0.029804092706594967
7800,0,0.028817087351006288
26754,0,0.028789002000092084
23976,0,0.04115319110036141
48038,0,0.03367374611205574
282,0,0.039547510089883865
10555,0,0.013696351226795288
15572,0,0.03553375321547253
10332,0,0.039557317544197744
29444,0,0.03403715032564817
22496,0,0.02267153305116399
42686,0,0.025977376093703326
3624,0,0.034134094352698076
46881,0,0.025848114192919276
40606,0,0.030666636469192453
45991,0,0.008918781158303576
43113,0,0.04111888538792837
24190,0,0.027830091591067085
7021,0,0.03947353819691279
48553,0,0.0409126600273172
36478,0,0.03028024900507149
30207,0,0.02252268974950084
19370,0,0.041232784998642136
45826,0,0.03896900395060001
17040,0,0.038501827378283324
1208,0,0.03105615916423954
9105,0,0.027544936942556802
43702,0,0.04106269447522735
701,0,0.041197418014729106
19223,0,0.037612551621991196
38968,0,0.03880051035970471
24854,0,0.0398628898939377
27488,0,0.04121547615419798
36233,0,0.04039185184056513
37619,0,0.03753513637544299
21886,0,0.030538413076974674
13444,0,0.03338809026830155
41688,0,0.039505215158093715
3040,0,0.0411712435627501
44475,0,0.03216228390081734
47376,0,0.03209002410437023
27234,0,0.03171110640067415
16831,0,0.03765565721800819
5176,0,0.03948847811888172
43451,0,0.015566718390847693
15206,0,0.030915031292173514
4612,0,0.04372870226414964
27531,0,0.039109911468378014
17660,0,0.030775938040342107
38483,0,0.032253005214752356
44030,0,0.041173560928632516
30049,0,0.05582478624054227
22037,0,0.040526383243636555
16478,0,0.02254323529964375
42565,0,0.038924384463770306
26717,0,0.06170863638205233
6585,0,0.7504571967158459
24387,0,0.030652473854129943
6838,0,0.03266082067833071
47254,0,0.03222237102464314
30577,0,0.04103466996932355
10764,0,0.02799592518992188
42825,0,0.028042553413030868
600,0,0.03836143791411993
48986,0,0.03661883141845787
20587,0,0.040713347821844055
6456,0,0.04092934539154576
6700,0,0.02995363134476703
31181,0,0.04047921271149518
48068,0,0.027219057985950472
38871,0,0.029622551840502113
3958,0,0.020445563365858795
7635,0,0.030003622720442116
5647,0,0.03882253718699923
37545,0,0.04691669586959571
5570,0,0.04090225806223412
16743,0,0.03731826761983146
32746,0,0.037719660071614314
39287,0,0.027307368157353122
40335,0,0.040229909817923834
3935,0,0.0387010809729532
27930,0,0.017561852269334405
5437,0,0.04485775000349203
45044,0,0.0407253557518344
35878,0,0.018174549077986664
38995,0,0.04080775716062337
21453,0,0.010899926637831675
10424,0,0.02995559293151081
444,0,0.03230704249742966
44840,0,0.03126862079684091
8818,0,0.04089039397896531
24260,0,0.04109838423416425
39749,0,0.039609560373650946
11564,0,0.03385895030332858
16304,0,0.12923503728981808
37222,0,0.040747477422887195
30869,0,0.038693606340364256
35171,0,0.0411948371452179
12298,0,0.026731107926930016
24668,0,0.019334792319797265
42528,0,0.03249555527684038
8183,0,0.028672294311777362
29179,0,0.0341062040936664
1229,0,0.04292806175754597
15710,0,0.05683380795447636
42710,0,0.030410803500895735
41027,0,0.039737039094177314
17398,0,0.04046353940360047
38086,0,0.03884319273613914
6374,0,0.04120089234946908
16441,0,0.022794080002841683
3540,0,0.040502391884715695
27670,0,0.040873510734486175
8040,0,0.03861530900378812
35732,0,0.016075067480548332
11935,0,0.03861758936933337
23968,0,0.03221032177002661
33689,0,0.03989044519379732
3744,0,0.04144480401335455
41376,0,0.04068727466903501
4042,0,0.04071331035727357
43096,0,0.04003969427993397
25272,0,0.03282932989151287
45081,0,0.024962502971925184
7653,0,0.03870761708098272
47035,0,0.02711558300709599
18134,0,0.029336592973551855
19244,0,0.039584343291729315
35791,0,0.03820022686154911
37769,0,0.03446606123290288
12615,0,0.03197628099824512
46151,0,0.03157569948755188
22859,0,0.029473448346755585
17830,0,0.040852646187404945
5329,0,0.024632576547187097
48019,0,0.02611953719480589
33311,0,0.040597981277479565
21223,0,0.013220444075306415
33304,0,0.04115915536907815
552,0,0.03816524665080687
10507,0,0.028033339414528867
25908,0,0.031399799613983155
39822,0,0.03075500560372809
268,0,0.03691433849538623
31688,0,0.021385267957815143
17446,0,0.040631383149752884
25296,0,0.05126868276141736
7427,0,0.03190654304405817
10321,0,0.03985204850352775
734,0,0.03944577101572258
6545,0,0.030724629419359276
41944,0,0.031105256670163572
14321,0,0.04117146448579032
32000,0,0.02745770503703455
13330,0,0.03201125869232658
7207,0,0.03187259113244758
36089,0,0.032355936829132646
43230,0,0.010837320021480813
23017,0,0.03411467057941278
29661,0,0.026476478880939944
8668,0,0.03602919320291937
45329,0,0.2972369207278879
32967,0,0.8032962322747248
45277,0,0.039282205285472556
11282,0,0.04120416843003024
38936,0,0.03926596648768701
25284,0,0.03792791385191691
26980,0,0.036345414700332576
2248,0,0.03810398927664774
30490,0,0.014819861112045026
4258,0,0.03260437226346427
44642,0,0.03554589639721421
36546,0,0.040223574506288044
41152,0,0.04043447587635483
22246,0,0.017420933374176304
746,0,0.030633429164097437
1235,0,0.039327774395484474
7782,0,0.023046367359
23875,0,0.0411619050308016
42841,0,0.037974216329355236
30757,0,0.03829101378633858
26939,0,0.037688610260576245
41513,0,0.011218465247125076
128,0,0.043020945961251396
29924,0,0.04067231147151289
26231,0,0.04090646241666348
47389,0,0.04071885247138715
48608,0,0.04117568495876579
21499,0,0.039512199756955795
4940,0,0.04090440385623426
40748,0,0.0412036147409117
33590,0,0.054739394839706974
38150,0,0.030361442125558153
13305,0,0.041234720041971006
24261,0,0.031073324758787123
34049,0,0.026897946278716327
41894,0,0.03255105627980815
26476,0,0.03963379507623853
35421,0,0.573328320202026
18007,0,0.04697195697591742
43245,0,0.027786213534393735
8346,0,0.041097204664688865
23422,0,0.038185507549189805
38429,0,0.03139600645653049
22825,0,0.038078009284866425
20296,0,0.026183632563077278
38379,0,0.04056407146347526
14546,0,0.03894023838246123
38368,0,0.03932419815060948
15919,0,0.041268654984144865
36510,0,0.05609711767566346
30798,0,0.040006184658707
11480,0,0.041030248322116145
16934,0,0.03133817219541191
7170,0,0.037626698780609855
1361,0,0.025469529804733364
12975,0,0.03857399146950735
14841,0,0.04105049220655726
35068,0,0.011494352919002712
14817,0,0.03151868654059974
25663,0,0.03751402096090517
27800,0,0.04115106755246776
24635,0,0.0405665963558256
12348,0,0.03836191798062938
29497,0,0.029983994791808216
19397,0,0.06834880800148616
25156,0,0.03970397051295316
38310,0,0.03265001061103628
10629,0,0.040859872514801145
16238,0,0.04003540504865774
1772,0,0.02808108686926138
24407,0,0.03988328545224156
33353,0,0.030678943890614097
38241,0,0.03157791304825757
17226,0,0.03263042478301042
21608,0,0.03913407190857575
11028,0,0.03145128581346994
27039,0,0.03126586853477526
45554,0,0.021395314869804217
28328,0,0.03962173692653026
10495,0,0.03975375516481164
11235,0,0.05038421751867801
38867,0,0.022360311283516256
10309,0,0.012740249006240694
7513,0,0.026935492636661902
18064,0,0.021291695643894996
46932,0,0.023957463189764026
1106,0,0.04096656005098324
17898,0,0.011192732680295378
5151,0,0.03154556006475117
45225,0,0.03842451414034638
47090,0,0.04103522115864958
28922,0,0.04122674237178192
14756,0,0.040128626600358874
20903,0,0.04097017941566967
34297,0,0.04034712761523412
13848,0,0.03982749639479353
12246,0,0.039749177911377005
27739,0,0.04133124568332233
33457,0,0.03860159693893018
6718,0,0.010688387609903928
5160,0,0.019566061484318498
14902,0,0.019678995085599813
20262,0,0.04118178756103592
22993,0,0.04117899868921594
15287,0,0.04120285215584332
14944,0,0.037032102503954945
2198,0,0.060458339074815445
12112,0,0.040973941962228005
8551,0,0.041139439284054884
27817,0,0.03754241839679186
36035,0,0.04110624522382254
33058,0,0.03262804434495361
32931,0,0.03218908096849411
23396,0,0.04004491430582558
47403,0,0.0412127009102649
19301,0,0.037443360441660946
36521,0,0.04132434965224458
5803,0,0.04094803529462163
30548,0,0.029952526146905106
47979,0,0.03942776828317345
40032,0,0.03231067535453547
44850,0,0.04111946382653194
10653,0,0.023751585298283754
14937,0,0.020774101369493005
8973,0,0.016230076637372894
24457,0,0.040448535976949564
17741,0,0.031599492776912555
25947,0,0.04028622523717099
32367,0,0.039584518279180705
20927,0,0.019809891303504565
45966,0,0.03218159004365281
22673,0,0.040222752741176544
8779,0,0.04127127213415652
9196,0,0.041154292856865345
46157,0,0.030819300860011264
33752,0,0.030327229719331883
38309,0,0.02961010898204737
29931,0,0.029054721914913692
18947,0,0.031571961412727494
43469,0,0.031570975919582835
12786,0,0.03455771482441812
11036,0,0.03223735340898542
21249,0,0.039736568121570746
23980,0,0.031811787222381094
36990,0,0.04084156245258381
26284,0,0.04086908291706863
34022,0,0.041081698237542895
28699,0,0.03228102001235853
35539,0,0.039633496193010584
18399,0,0.03240274566484349
36457,0,0.0385728317540468
9468,0,0.029610354244046115
15030,0,0.03258020284888425
9111,0,0.029621878284350915
39993,0,0.013412055188669154
17165,0,0.0310028882947494
41775,0,0.03873655069646692
39594,0,0.03937034927138128
16550,0,0.041308285250063366
22820,0,0.03963843421517824
16742,0,0.03848512152850685
4967,0,0.039954570710754936
39320,0,0.022399274849056752
2737,0,0.037623798658732915
29536,0,0.03248344250124459
6539,0,0.05228544635812493
31640,0,0.020523350336665174
21426,0,0.040610594372933476
36392,0,0.022403482766437086
15526,0,0.03980860089626693
43985,0,0.03230824842538396
39714,0,0.04044057202460906
7541,0,0.0406968820390064
43535,0,0.03945499709435777
753,0,0.04053781245962375
19704,0,0.03178756378189923
1444,0,0.027069916647363686
29424,0,0.04109617784572864
13354,0,0.03754840459517885
24136,0,0.040970864861088
2996,0,0.02639325973374687
35680,0,0.04352070964469746
5890,0,0.024158232085664772
17627,0,0.028553842933647888
35408,0,0.02742548358670159
39804,0,0.04142158365676518
39125,0,0.03935811428175092
5631,0,0.03951127198801481
4132,0,0.03802665042495722
13829,0,0.010684217351189655
12113,0,0.027132457738471862
34487,0,0.040145204405258726
30352,0,0.02999318710718214
22403,0,0.030212289971278512
15159,0,0.038408237638820016
45814,0,0.04120590545837753
9006,0,0.041118510690454114
44632,0,0.032643662772596345
42599,0,0.03944291268635001
10520,0,0.0412702622715721
18422,0,0.01661947303649321
44348,0,0.06876644287990405
31950,0,0.03958962195463331
6907,0,0.04110647947446414
25297,0,0.02467631713919652
36659,0,0.034469898890912676
10216,0,0.040427077103545594
34352,0,0.0376663853126592
3981,0,0.04103508561333709
41338,0,0.03231925228407744
27492,0,0.030203556234179807
5888,0,0.031713415477764816
18246,0,0.04047614619522669
20796,0,0.02888853160812807
48341,0,0.03209513718449147
47673,0,0.04113385691127229
41825,0,0.040034766637634125
27171,0,0.01946227336837873
19904,0,0.04049275407590648
16374,0,0.028581327660285167
27889,0,0.03136162858853313
20149,0,0.039747709561453286
19631,0,0.02428560867950278
48873,0,0.039403749629487145
8888,0,0.055088382521498835
4950,0,0.037865102828577954
47857,0,0.028131088463483375
25151,0,0.030224250827309014
19866,0,0.023940519088597425
43760,0,0.010925146426979195
41143,0,0.03940431538584547
18484,0,0.02743169399133425
24771,0,0.041159504308885035
26698,0,0.03752778234293522
23385,0,0.037516874790803664
45561,0,0.032026130877256975
49073,0,0.04011465550278845
2969,0,0.03767509891970322
20020,0,0.04104117882969607
37133,0,0.03254169512030212
42934,0,0.013826459525630875
11097,0,0.028901522436734172
46312,0,0.04016772456206584
15964,0,0.04121571887655512
35997,0,0.041205014022337276
1398,0,0.037685802507649545
44417,0,0.037581316192884275
14216,0,0.05773692908504114
20,0,0.041233008366464007
5302,0,0.04122880380343974
25907,0,0.032560985172453795
9984,0,0.03170946622379432
3930,0,0.04108896458199101
24756,0,0.032665986233415614
44325,0,0.04158944884113722
41454,0,0.04116108966647799
34754,0,0.040964263042240566
12513,0,0.041050843563580984
1047,0,0.04019035916208855
6566,0,0.019863523200600093
33761,0,0.0391588143710633
35147,0,0.039838529467455426
46915,0,0.022440199319017317
1391,0,0.040388725290032124
35860,0,0.03106723014415572
45578,0,0.019321583086630408
7443,0,0.04119282811120025
19974,0,0.041161794692282434
20010,0,0.04173875397242773
21831,0,0.040504588025911135
21465,0,0.03796518096471245
9014,0,0.04066431665841557
28948,0,0.03959647256790946
8317,0,0.040885696536764174
39441,0,0.03775969712149322
16512,0,0.039532146232600346
37741,0,0.03427739386735482
9561,0,0.04111882660490176
14429,0,0.02210739356542133
11395,0,0.031898726936886994
44737,0,0.0409195659281896
33559,0,0.039541780345112514
23984,0,0.04118777071210388
36671,0,0.026863527855942922
33235,0,0.038327855323913806
38080,0,0.030301233921287887
40699,0,0.044106517969133834
7914,0,0.025278662586241514
29086,0,0.041107558745639504
1066,0,0.04099586691770186
30090,0,0.03254737282750886
13803,0,0.0326167313355594
20578,0,0.02780508536534467
34395,0,0.021956603576859454
9092,0,0.03117893466204865
40324,0,0.030933306917726923
31951,0,0.8495061778693408
10142,0,0.007342744242811741
45073,0,0.02430041664609993
41946,0,0.03116532601372855
48609,0,0.03768298767044181
22149,0,0.04424042885214625
16576,0,0.040391829240591655
26592,0,0.03884415830487787
48235,0,0.02760975876072164
32177,0,0.04088463935357531
17368,0,0.030019866148472723
5017,0,0.041224411602009604
45534,0,0.007086417816877755
9872,0,0.03579808607051431
2093,0,0.039903950324029214
40776,0,0.024058129469065583
19262,0,0.022685746216159906
24972,0,0.024484046844086033
46269,0,0.037486435398663816
34598,0,0.039533674522240915
32799,0,0.039583722510472506
1552,0,0.027093940058563536
2120,0,0.0319935679326405
42040,0,0.041325343015851064
7558,0,0.03097734661701794
48998,0,0.040161321175830454
16381,0,0.04071227298596467
8269,0,0.028909831246826872
42216,0,0.03261153009641271
48756,0,0.034943812337342346
21605,0,0.03127357133809719
43271,0,0.027531298109351576
25359,0,0.04087655903084899
39340,0,0.041302429667378515
9619,0,0.04053199884332109
22076,0,0.026409825542402558
25045,0,0.03962573864774961
33193,0,0.02261901553138134
25421,0,0.021383578104327363
18582,0,0.03838982531946118
36141,0,0.04115493383147478
11998,0,0.02767965171299128
11794,0,0.02936408092230941
25619,0,0.027379490485560945
11640,0,0.031811581682333216
49056,0,0.013312837045422587
48645,0,0.02854886966224622
16475,0,0.031197298422459663
47519,0,0.03233665126763349
19671,0,0.006189690815113858
11751,0,0.04047151334452489
1709,0,0.04468942907180617
9768,0,0.038775783854087066
47388,0,0.032065169899016005
45249,0,0.03472076449148509
18588,0,0.27983215170787196
35180,0,0.03768407860487759
31256,0,0.041167781793698816
48912,0,0.0269242349972881
40048,0,0.03859235983160129
22119,0,0.03094407116367896
18318,0,0.04052829265295513
40620,0,0.04127036036867197
6757,0,0.02996291776006717
21214,0,0.029990159457020465
28795,0,0.03807070046429922
45283,0,0.03249686378960395
13982,0,0.03870055534665451
48440,0,0.04064700133960824
45739,0,0.03034450115660321
20060,0,0.041098721618232956
4601,0,0.02757668727568774
8380,0,0.01678386357202245
13513,0,0.04110100282148159
18454,0,0.04116493713093584
26144,0,0.03565765282551348
34490,0,0.0417070252009173
37834,0,0.03950216038220719
44847,0,0.018779734815876917
14947,0,0.028783910909650094
29683,0,0.022871286700489442
43138,0,0.0299777914249083
30615,0,0.029614975120019454
29002,0,0.032007796398499544
32654,0,0.026471375451101783
39826,0,0.02804644765350205
42086,0,0.03961017541853111
33282,0,0.040120362185873455
12600,0,0.04018316419578185
19871,0,0.01988981049526141
12685,0,0.031592306225310555
8094,0,0.03210726069476026
27891,0,0.040894887234803376
31393,0,0.04093836452956241
2748,0,0.03837684141143785
36574,0,0.03237376622773183
39002,0,0.04029797823446204
15332,0,0.02975990289747063
41706,0,0.03339357342270951
41445,0,0.039687479873141085
682,0,0.040744753055417304
42872,0,0.032304122353615704
9831,0,0.040839034498645774
14723,0,0.04008423906013551
11230,0,0.029923591657320343
17639,0,0.041108148941639576
47063,0,0.03818918649888551
22493,0,0.041246178639254914
27899,0,0.036908991899148674
43131,0,0.03985493346298784
25714,0,0.02493401624390337
39675,0,0.06876262614010087
3422,0,0.04099493751179952
30154,0,0.0377478068170126
48433,0,0.041478041648091615
19326,0,0.03148533130157628
37873,0,0.04571932408413576
6920,0,0.015409320643125564
4541,0,0.03267008808709624
25972,0,0.028923363535804547
43484,0,0.029626289150056866
36023,0,0.032581943910692225
41845,0,0.04105457221701703
37848,0,0.04097034790199908
24650,0,0.03817148559519118
47800,0,0.010292481543960012
35616,0,0.03515016244574751
15652,0,0.039194611613026654
43762,0,0.02668373708630871
6051,0,0.027084338406042706
37629,0,0.03279543458835807
21759,0,0.04030210999658473
45449,0,0.04110148689577806
21250,0,0.040207177521375155
6224,0,0.0222081905700128
38691,0,0.03941319713938977
21843,0,0.024345564525411267
39120,0,0.04121670257845615
41817,0,0.03173125705274966
19929,0,0.041023453370525265
4058,0,0.0429260603858337
14658,0,0.044193801240581185
28686,0,0.04075114573972269
23274,0,0.04118346021037828
30692,0,0.04089890421041839
40912,0,0.03870301500094508
20176,0,0.06128303245073359
15431,0,0.04096722404579607
10235,0,0.041083742091086534
14826,0,0.01879203052407018
44198,0,0.031115229827528748
44912,0,0.040835232596191394
47451,0,0.03701610153427459
41453,0,0.03867301761466448
27726,0,0.04095335134068552
43174,0,0.028760482006321978
21440,0,0.04122752923408656
38926,0,0.03982863404128088
16493,0,0.04065025860009045
13512,0,0.030841863958128234
8606,0,0.04077379766819927
1917,0,0.060310834830789035
44843,0,0.0177996391760452
44402,0,0.03226848768898071
22464,0,0.03173319156463254
12810,0,0.029517984620792942
48736,0,0.040250189438555455
38220,0,0.02135411377612961
9810,0,0.03148843679352719
44082,0,0.04060366178461719
4765,0,0.020545131509749345
4710,0,0.04047133430856048
35698,0,0.03900869117746345
27536,0,0.041379547806344875
13436,0,0.03884366091698103
40914,0,0.026842992624583357
15227,0,0.04118770105132224
42018,0,0.05679898211737279
20312,0,0.03208771704216094
17835,0,0.04053962666197563
36467,0,0.03918387015793989
16769,0,0.029981811589764828
28235,0,0.03076700019260865
14563,0,0.01740011241012704
42661,0,0.011006511407956419
18636,0,0.03280883561111953
14178,0,0.03978974772641136
13324,0,0.059275329006605405
4651,0,0.00960381357376719
33994,0,0.030729834752797797
4798,0,0.03226210299163443
24670,0,0.03767820879265217
20419,0,0.04127270107635684
36815,0,0.03131088944908453
17429,0,0.027173882063061674
32706,0,0.025589113855461244
6175,0,0.02993035194416688
26682,0,0.061674541349450024
48807,0,0.040254573517002866
21429,0,0.041030685178540936
17037,0,0.03243517239009942
5272,0,0.04056340541129036
30819,0,0.032447210681995714
46829,0,0.031512353545712
39420,0,0.041176079856199685
538,0,0.02040317284742308
4166,0,0.02199526184225272
9075,0,0.037386822045963025
15629,0,0.04086951765179457
36973,0,0.04093894676584172
20623,0,0.028159479067461374
26127,0,0.03759841380163017
4984,0,0.040832127630314755
8081,0,0.040136205913985666
13720,0,0.031591334099685606
18916,0,0.03159847183414427
15937,0,0.0463371570087934
16437,0,0.039904569557290485
2714,0,0.032122528765451075
23866,0,0.038241167633432556
2728,0,0.013696220683737312
24241,0,0.0397009970554391
43621,0,0.039306830100868974
46769,0,0.03207167667869582
16506,0,0.04115271556679343
16906,0,0.027493647484170148
41252,0,0.03863915356305704
22914,0,0.022449830930082616
36243,0,0.04109569587273198
709,0,0.037910746059282636
10808,0,0.02704621193040974
26724,0,0.02704451368607654
27668,0,0.03990367294695814
26504,0,0.03441247485817861
45985,0,0.04076062312889991
25876,0,0.032684228126115336
48537,0,0.04012552130786107
39127,0,0.03841836827148964
39595,0,0.016853114269054458
8079,0,0.029549750373204207
38745,0,0.02250711402389964
45800,0,0.03884813701175879
19289,0,0.03267123092362565
31155,0,0.041248043466307296
8558,0,0.037758792217245464
43724,0,0.03962341387802606
48166,0,0.03993888185436518
41123,0,0.040702132527489755
4044,0,0.02373162657436308
34637,0,0.01079969366698635
22486,0,0.0305847212234535
26516,0,0.037926267515665434
32538,0,0.030338358421374376
23873,0,0.04088646858587136
20257,0,0.032061427006414976
10211,0,0.0390160574545133
32615,0,0.03517227435960232
11929,0,0.033064067816658466
13855,0,0.02734644490304789
47067,0,0.026516165450280172
6752,0,0.0412150137742764
13564,0,0.04088167266412854
36987,0,0.029269405823525857
23896,0,0.041229483663391346
2637,0,0.022948657246565134
40286,0,0.5735916878711482
4616,0,0.03794577031742456
29972,0,0.03965328779345256
38957,0,0.04071059290959402
15923,0,0.02798796518345909
22996,0,0.013512302222427396
15078,0,0.026858909308083892
5060,0,0.03515370364683574
30760,0,0.04016466228901081
23912,0,0.04121310373158775
34895,0,0.046258661380106425
27344,0,0.023373612587287283
25072,0,0.04087866772235515
20460,0,0.040906094138282834
158,0,0.04091872694323375
12812,0,0.04126497056575306
388,0,0.032242200655131614
17572,0,0.03065917115470664
13649,0,0.05692714633527744
22268,0,0.055131704699697755
16448,0,0.04104065515894112
20450,0,0.031747142207514636
29227,0,0.041177341749646636
11058,0,0.04116886866337577
17231,0,0.04073501367422003
43630,0,0.02229289260207866
37483,0,0.03956282509018808
24157,0,0.02694846085025372
30314,0,0.034349027933229415
38880,0,0.0353529553982698
17652,0,0.028564698898081286
1467,0,0.04084184629553353
17928,0,0.028852379022797837
47110,0,0.03748581728323187
28045,0,0.04110760822184772
42025,0,0.02804659058646421
2372,0,0.038932877283325694
28942,0,0.03824212069721202
40383,0,0.040405510436807235
21557,0,0.041224474623788386
19656,0,0.028030830001386592
30390,0,0.04079219598806536
6742,0,0.03977285661034318
37621,0,0.03699868422077435
35670,0,0.041236077810187184
20565,0,0.029510036887299005
23194,0,0.03133398334539119
12312,0,0.03144028074773511
40853,0,0.04123047515777064
10683,0,0.04091344262614442
33900,0,0.028356401618924613
33973,0,0.029760847892619565
13295,0,0.028593477145927543
42103,0,0.031217360547938534
21308,0,0.02946848028539634
31270,0,0.04015702553484418
15493,0,0.015118666721103503
15986,0,0.03774463982490762
33341,0,0.041263534588149936
47546,0,0.04116201491472139
4528,0,0.035815391551523926
37964,0,0.029784361152303974
18256,0,0.031292255729731454
33139,0,0.03936882197510599
474,0,0.039165315381520995
36974,0,0.03951910054653312
11332,0,0.03256194320451847
27197,0,0.012937042920394722
45813,0,0.03764349563580858
27208,0,0.013554799196461513
6413,0,0.0405724160600548
12618,0,0.03761162733883972
12996,0,0.02466002652965673
15031,0,0.0410861723826648
25929,0,0.046758242994335335
35303,0,0.04097171723475177
27546,0,0.028398008733369527
39413,0,0.04063878555796648
2777,0,0.04085146986153035
21454,0,0.04058710935612104
34835,0,0.03224332078503582
6469,0,0.0286925988776746
19490,0,0.020182740737139646
43248,0,0.03975337398110336
31823,0,0.03771280886153728
22832,0,0.028555342171254928
37755,0,0.029878650677655546
17034,0,0.02650003555719326
28104,0,0.035228985430695275
22318,0,0.03756187017028856
20929,0,0.03818985086214965
23308,0,0.03946744617506315
17500,0,0.04079446415656773
28907,0,0.03958088040140532
41215,0,0.031659374119273255
2262,0,0.03861754868380441
15698,0,0.03192672015018693
15367,0,0.023316620448858426
24753,0,0.037502451629970984
33783,0,0.03192782494169255
36321,0,0.04004607328953695
40245,0,0.029051426830003335
47277,0,0.02732025716789798
44811,0,0.03082050396144011
36551,0,0.03832373486464767
34701,0,0.041193160581435545
32169,0,0.03768005039034564
36188,0,0.0314902342688753
46983,0,0.03259363931474265
21261,0,0.027246217866195747
41364,0,0.040224613377783366
1792,0,0.03473782579551197
48301,0,0.037865310292705096
4419,0,0.04128454070967492
969,0,0.04109017220210688
32672,0,0.032298711897086066
29232,0,0.037725412571216
31113,0,0.04123234966192754
9279,0,0.010921640094181452
43824,0,0.03140698411639165
16372,0,0.03211707627838409
22749,0,0.04105197123835169
25538,0,0.01582178227307954
7973,0,0.031721418459778376
22499,0,0.04009047409242923
724,0,0.030980812371185877
46446,0,0.03767853429105374
20289,0,0.015898641550930168
34052,0,0.02873736397313665
10362,0,0.03998633397215667
38305,0,0.04090741432563628
21955,0,0.03805403812339793
13630,0,0.04134417590142747
4908,0,0.015383907354049469
17387,0,0.031959901927467484
37944,0,0.038640752520695446
42447,0,0.020589837666140136
38708,0,0.027518118590109473
8702,0,0.03345659526532229
13242,0,0.04090424155825539
48197,0,0.02739453271146793
47423,0,0.021812777572875156
6571,0,0.027676502053598413
18016,0,0.011516374485527022
9462,0,0.03957552462590843
46712,0,0.04075228039525986
11125,0,0.029129876923293163
30521,0,0.03283139805882251
9233,0,0.04073613974212611
45971,0,0.03759318465358254
15250,0,0.04071805568454045
14927,0,0.039443374230815814
15544,0,0.02349101217765773
44081,0,0.03979648108472856
34174,0,0.04099006169453203
32781,0,0.01667219557588708
459,0,0.04071615046915902
45705,0,0.06064839648351165
48302,0,0.03058206684674146
22982,0,0.02680165510693568
15682,0,0.04118826636074705
27269,0,0.04128676276283797
48808,0,0.03318203103770484
21903,0,0.04058013232816117
34446,0,0.03931770436131201
36493,0,0.03216597589613706
30759,0,0.05782405151821417
6270,0,0.060558816358808026
11065,0,0.02920025483005852
44767,0,0.04047187638893683
22465,0,0.03959778057353955
27128,0,0.03766328190602038
4536,0,0.03292012218220462
42858,0,0.01758207203237523
17423,0,0.04017249549649907
15304,0,0.031254575845496325
32579,0,0.03084666938516319
35913,0,0.027721766859490522
16522,0,0.03417882035988574
4230,0,0.037931188961439044
43974,0,0.03193732664563807
16110,0,0.12929126830573165
9579,0,0.03783872163309282
41075,0,0.03251923102795516
33876,0,0.04028892386435351
19595,0,0.0328471383125988
41494,0,0.038042392775929024
33394,0,0.03818206878513196
37617,0,0.041283527019015796
15851,0,0.03906599864004451
48392,0,0.03867903113992839
7761,0,0.02883461728573844
2919,0,0.032679060632499535
41979,0,0.040883717169614246
18595,0,0.04104924948525935
28774,0,0.03131793225022386
9678,0,0.04071479387542293
17485,0,0.0384692796232339
29698,0,0.04114870191247951
32389,0,0.04096325556902873
19856,0,0.039848790295925765
21300,0,0.028246047174260755
10176,0,0.039780644785989284
46620,0,0.04102335191896175
10860,0,0.03840886684142875
23696,0,0.041146435949616346
20110,0,0.037852667295397796
16363,0,0.027776423512797466
3289,0,0.046605355540152896
34712,0,0.04093240208656426
37864,0,0.031012453514059204
45172,0,0.03553975980815685
42224,0,0.03310601143539836
17083,0,0.01846656431157254
402,0,0.03228184199137406
19893,0,0.03006729068620316
23116,0,0.018574103368665957
9364,0,0.04069194568418328
41441,0,0.03233987377473727
24365,0,0.04021761981995612
251,0,0.04347551621947825
13959,0,0.04102116807503306
9533,0,0.05784829235494483
2376,0,0.031729001627817936
16877,0,0.03901701797435427
29514,0,0.014596102373268822
21183,0,0.040946290471801323
28662,0,0.06175940422532481
7404,0,0.129349915702715
39219,0,0.03978508356324577
38367,0,0.03178886369108305
45381,0,0.03204445944549607
22102,0,0.03971030214993749
4617,0,0.04142170491039363
5145,0,0.03891770196691683
6781,0,0.018040227296330556
41339,0,0.04159225680187649
22262,0,0.03842850984530336
23472,0,0.0412852058372328
44473,0,0.04111650111033827
30531,0,0.03267551311858245
37645,0,0.041135318704183244
41578,0,0.03096516721152637
39118,0,0.03464783770136006
15872,0,0.019720120062490902
10402,0,0.040942817510840626
15230,0,0.04084597944670349
17731,0,0.023893901970704574
2558,0,0.03139133131348622
2038,0,0.027852860614045134
34450,0,0.04113824760807446
1937,0,0.027550836017649405
31530,0,0.041173478305346664
47218,0,0.04117703365367392
34599,0,0.041113862796894635
36195,0,0.03257246080700037
44686,0,0.03117002025571754
40702,0,0.04121158644325307
43833,0,0.026778445625774763
39114,0,0.0347946517785947
35406,0,0.04131911078565228
5125,0,0.9926283558773059
20068,0,0.04115469875607389
3207,0,0.04038810707119767
8467,0,0.04100662185570049
13690,0,0.04127222990195278
41332,0,0.04119558917940083
26035,0,0.0408634799649182
29102,0,0.03263887168736323
227,0,0.022566708080666957
29582,0,0.04704087067992789
2845,0,0.03984857422976854
28264,0,0.02706862313358702
19376,0,0.026458170797036402
37016,0,0.037606423592193676
3460,0,0.03197305015386028
19660,0,0.024532598995592646
15621,0,0.04085153464358522
32535,0,0.04138226747803515
40010,0,0.03180811319801609
20989,0,0.02996723718852185
35173,0,0.04054980683955079
31600,0,0.03936101118040784
37778,0,0.034690751912622185
25462,0,0.038327135256450914
15852,0,0.03853598756762656
38285,0,0.03766359181541605
32888,0,0.028233529986081092
30575,0,0.04123451080380362
19263,0,0.03951195825373525
7507,0,0.02800800104530742
5066,0,0.030866420486729194
6943,0,0.04008252125012948
34762,0,0.04102671932088042
28436,0,0.03992957593997746
40287,0,0.032016474555937584
43310,0,0.032645602501318684
6682,0,0.03833661008444423
27993,0,0.041029706044864896
13781,0,0.021261790971039335
30174,0,0.03895945662743655
20987,0,0.04109812571802725
41442,0,0.020621562479879257
44825,0,0.032422139360373366
48337,0,0.04115552977723204
21758,0,0.03150636364065872
45318,0,0.04050355181633059
18698,0,0.03748972703583856
17985,0,0.039503417055698015
48656,0,0.025811610130284005
37831,0,0.03219465926304835
10050,0,0.015331397549729864
4122,0,0.03910433481676901
18445,0,0.02058291656725725
17553,0,0.014829103526624261
25035,0,0.04063530690517013
42109,0,0.03553369815111926
880,0,0.029968246343655646
5963,0,0.028135282666759093
6146,0,0.0405888043640733
5791,0,0.02750419668729103
33777,0,0.031461775207859116
9370,0,0.028317239678073643
14700,0,0.04120543366962943
45375,0,0.02351879443867133
23687,0,0.02766280360726853
3235,0,0.04734810654983688
33870,0,0.03834057784102009
18281,0,0.034691746693558796
997,0,0.036981873529352303
42810,0,0.021461620440235397
34613,0,0.03703293063907954
26052,0,0.04110938910922593
21352,0,0.04085660783281956
36675,0,0.038133000474535585
15516,0,0.03567871779322019
19923,0,0.031113438256005575
4946,0,0.0388784401062081
31594,0,0.03946369840025639
34644,0,0.04086129262520029
4691,0,0.03758918322945796
16307,0,0.014812901794119142
37291,0,0.04108771551635952
5524,0,0.03950625912850927
43965,0,0.029665888645895377
354,0,0.7577602042663962
38377,0,0.0322082925220297
39233,0,0.028228079340599784
41340,0,0.03951771860181512
43404,0,0.02140384186560469
22808,0,0.04132971168836692
31107,0,0.03280993004460791
41509,0,0.04120286315662048
28450,0,0.041307092176831234
25868,0,0.03824526567356253
47825,0,0.0275933512756268
3566,0,0.05617267609019382
19338,0,0.037160790279012736
10386,0,0.033416432369820136
24589,0,0.03753560309591869
7000,0,0.04123271721498404
19649,0,0.029339701001144174
42764,0,0.02990477771755364
34427,0,0.04121055179188141
6115,0,0.04126500214681827
39730,0,0.044671638298616534
12620,0,0.04029908236144824
13784,0,0.04052805842092938
6610,0,0.014960455782441809
20857,0,0.03874050638398838
22341,0,0.03046285855934326
42828,0,0.02813190485603328
16358,0,0.04066625716788442
7428,0,0.031041739611880493
29949,0,0.04121579527334899
5943,0,0.03758154876081372
25753,0,0.01631601182298888
36617,0,0.039713020908846
29885,0,0.015177332250029067
23609,0,0.030889883413567243
26305,0,0.039922274924474824
8247,0,0.019391585658177543
23033,0,0.041302193712355814
15483,0,0.026303533559180286
16597,0,0.04113724424105696
15936,0,0.03749063892556132
31408,0,0.02152082450991075
15042,0,0.037994437277612716
44015,0,0.017378147278352366
11563,0,0.03230571187474877
36213,0,0.037492818487270194
19952,0,0.03156476193446067
30988,0,0.041265406784997516
35125,0,0.03266184496545143
2931,0,0.030108317704344457
44572,0,0.04147823127616863
35045,0,0.034093580058705254
28253,0,0.030809599415009617
44758,0,0.04333251651963011
29681,0,0.042252726504156964
20599,0,0.032670041894943345
27784,0,0.031311890401514185
41989,0,0.028444142853054553
22185,0,0.022270595688148584
24990,0,0.03691568050295409
7180,0,0.04139281988300787
17417,0,0.04118401742391254
19015,0,0.039339056420941244
5948,0,0.030585417501072503
5541,0,0.03940220908907235
30784,0,0.04096893761175216
24283,0,0.03775232434503844
30589,0,0.03129847700263489
44806,0,0.031058946779394102
38922,0,0.034511271199603254
15642,0,0.021986516158273427
45290,0,0.017544113909990937
26150,0,0.020164435024769518
15865,0,0.08809022251681298
31248,0,0.0411906596338283
1111,0,0.035498715205821006
32244,0,0.040674801206408845
14883,0,0.041325324274910244
22869,0,0.03000561398536646
37805,0,0.040728489469442186
27481,0,0.012083009800856408
14303,0,0.0258639120017404
47899,0,0.03591026657340831
10357,0,0.03165002393175981
6983,0,0.04138095291278085
17122,0,0.021762859546400705
20215,0,0.1755215913219069
41177,0,0.022778733195275305
36411,0,0.03149462682106047
6505,0,0.014836761716706963
3911,0,0.04169940563039073
39766,0,0.029953126245291076
24884,0,0.03762105205158503
14665,0,0.037953301771215496
22457,0,0.03142708850625158
30131,0,0.018185240059267242
43377,0,0.040874927144912886
17895,0,0.013633127071499211
1842,0,0.03560712444696209
8160,0,0.03005803554296951
36894,0,0.12721885746767675
45102,0,0.03259152653400111
6693,0,0.031522584901277406
2927,0,0.05755642834267988
6199,0,0.1403323201275552
37164,0,0.038711721518228326
4235,0,0.04114148067491475
13826,0,0.02694363168252395
30539,0,0.06190466622344596
12763,0,0.039955032431055394
42493,0,0.04490130593780756
19403,0,0.041215495030208785
32567,0,0.03213266542269699
21317,0,0.04064209938211259
47261,0,0.03958990828232627
5691,0,0.04093513350584129
40877,0,0.026146337941381666
20488,0,0.03720008908793477
43212,0,0.031865366277166754
713,0,0.02186169001038221
39526,0,0.028468778371202975
39429,0,0.03012336733786793
36053,0,0.032249596331662835
46710,0,0.040950308668170995
7555,0,0.03474243732184157
20407,0,0.04099129064287336
9076,0,0.03834635670226143
31309,0,0.04069852651036015
42569,0,0.032542893875417866
29401,0,0.04072156462854038
5942,0,0.031828166532973316
33824,0,0.04013321625191444
17679,0,0.04469181983186111
43889,0,0.041028914785122834
27533,0,0.031944189324839986
18088,0,0.04118453198616096
4257,0,0.03499916335099684
30560,0,0.0412269036296764
17243,0,0.039380095765660476
47327,0,0.03819600315765609
42402,0,0.04117966490717796
25888,0,0.04272136235153058
23248,0,0.025664452143859914
6575,0,0.040978481403543
4939,0,0.031009268729021315
10065,0,0.03244417350341233
4547,0,0.03527478420797945
2543,0,0.03422171608215893
30281,0,0.05792469211228875
44069,0,0.04035253359153019
28566,0,0.01314417662033617
22064,0,0.038926788502473934
17900,0,0.04123276107025831
1233,0,0.040813749392541857
40219,0,0.03249463054514332
2572,0,0.02373235158189042
13,0,0.032077393384325706
42970,0,0.030264472681562557
17790,0,0.262016426197105
22101,0,0.0326050905267057
27467,0,0.03753198062015548
25882,0,0.040928028232071756
38720,0,0.04121226194194453
43997,0,0.04110005000167435
45713,0,0.04018863963798029
9149,0,0.040773611167244615
7829,0,0.03765260401204019
24819,0,0.05597771384593437
32558,0,0.027577387560346226
29992,0,0.041032682828125784
24434,0,0.040569378081875905
42399,0,0.032642308126932904
45887,0,0.3854433645693728
23962,0,0.04084133234380702
19520,0,0.039524862252438654
45509,0,0.04071038987985344
5498,0,0.041169946555688994
29039,0,0.01483630562890905
36362,0,0.040602873898604924
1116,0,0.03183411598728283
41714,0,0.02937643940934865
45943,0,0.039985115740189175
46580,0,0.03749086756329976
23255,0,0.04127336368855587
22935,0,0.05784774062741211
9975,0,0.032515593328260185
9249,0,0.041065727747846704
39335,0,0.022481444701859796
48402,0,0.02351690494293682
2074,0,0.04076453115282491
27386,0,0.03749249916965539
9019,0,0.03710682744917139
18083,0,0.031577162340832125
23111,0,0.025680706511663088
24216,0,0.040477043648135744
41558,0,0.031913789427316305
10756,0,0.04127129069069713
45588,0,0.03227226802776402
38098,0,0.04139402990257255
33980,0,0.0413792293153443
34317,0,0.024811827790948374
16587,0,0.0327921403780576
48750,0,0.040565254562932224
23849,0,0.03228395941079785
32728,0,0.03906896763329454
41773,0,0.03505354554037365
42697,0,0.03082445683143463
11880,0,0.01604776903938504
7176,0,0.03177389261425895
14390,0,0.03985299446358735
10036,0,0.03989524570146379
37738,0,0.03186968211675444
9368,0,0.040839562464310586
18623,0,0.036373198126616525
14687,0,0.06947443443010572
39431,0,0.040888942746142146
35113,0,0.03995798702340879
32973,0,0.028134463687680206
47591,0,0.03838283360742987
15264,0,0.03807370630802294
28754,0,0.028400144898038424
4298,0,0.03155325024603372
18447,0,0.03775605081160383
2458,0,0.017948979176844425
21256,0,0.03211691634900382
42922,0,0.032416893126557336
38004,0,0.009246110944841589
1783,0,0.023584075938534975
36798,0,0.03981945871158138
25067,0,0.03959441253374227
43560,0,0.03203468705627641
14678,0,0.02949642187720806
16229,0,0.0686600553913166
36840,0,0.03178061961138655
46697,0,0.03946810697713241
37496,0,0.03799810404450503
556,0,0.04120846553918365
19113,0,0.03640892246524194
12326,0,0.04088360703155254
25635,0,0.018342667178893296
45685,0,0.040498332657787406
12245,0,0.03899679949279785
47661,0,0.032272551167760455
3104,0,0.035179170330354996
44259,0,0.04131239557506332
45458,0,0.04073261357441117
22680,0,0.03713892654585551
6654,0,0.038317552049113246
44290,0,0.04139004329824822
14386,0,0.029887892076640867
45817,0,0.03246069300201879
37489,0,0.03130201671910258
29298,0,0.03160728698026259
1995,0,0.0408879244415646
38178,0,0.03484418334165458
35827,0,0.04090426968221322
10310,0,0.041230126951213544
28550,0,0.025632820811806057
45508,0,0.027407229828592557
13321,0,0.031257649933375556
44135,0,0.02635343173815449
25878,0,0.041083240400614826
18237,0,0.040032786178138366
4179,0,0.03988555421126629
21167,0,0.016695442670290935
25371,0,0.036964393424554536
8491,0,0.027963659601673144
24325,0,0.04332639048438117
42721,0,0.028000850491367454
28883,0,0.04101837724772997
37220,0,0.05749486146155499
18019,0,0.03372871641059067
34561,0,0.019676569380378487
42188,0,0.013652882566278392
41856,0,0.03117737449979033
48842,0,0.04089430844184915
9010,0,0.03255611283812742
23774,0,0.03171755524918623
34015,0,0.04114798827060605
6804,0,0.03952577272324888
35153,0,0.039534221731731795
32001,0,0.04117609061920695
6495,0,0.02354633319535493
33119,0,0.03193007665461165
26536,0,0.04123299422048439
35210,0,0.04041968868541653
6210,0,0.040816335205508605
22505,0,0.016943272534362345
35376,0,0.010725241222725748
24687,0,0.05760397731884583
18631,0,0.08344718476321532
23030,0,0.04116016990161992
32242,0,0.03854888517278782
27204,0,0.0310278764503724
11010,0,0.04072103329917326
3161,0,0.032278748214400965
31194,0,0.03131824481705116
46687,0,0.03558044210270272
11822,0,0.03592507266376058
28555,0,0.028650331498888258
39650,0,0.04114003911147318
29203,0,0.04115885312652717
41634,0,0.0411568562064024
21807,0,0.040330315758600785
22697,0,0.027433539130912194
30215,0,0.03261152675737793
14139,0,0.04121000475561795
24046,0,0.04085958239354126
44003,0,0.0325238761170563
38172,0,0.040844786763294214
12447,0,0.03166032269158061
23209,0,0.0414227109270238
3857,0,0.00820987657133332
16607,0,0.040743470707283555
17311,0,0.04062939525862112
11154,0,0.034015121002222364
47114,0,0.027196167072237067
6087,0,0.04129170952714715
5733,0,0.0277102370504922
42757,0,0.04038059614546696
11060,0,0.022346859550328294
34582,0,0.04042653893688686
23843,0,0.03196266230109561
17648,0,0.025670007590766028
10658,0,0.04117168339859741
8746,0,0.03774606450762867
7165,0,0.017914220354559834
40052,0,0.03260541627039465
16838,0,0.041342475209145614
14595,0,0.03120004546835837
19106,0,0.03832269550542682
27879,0,0.028068390728411094
37406,0,0.020580573011150984
38340,0,0.040285821845427325
31542,0,0.016949901372861
38794,0,0.021291261641463097
1597,0,0.030765264659923162
19109,0,0.032396570486990954
40191,0,0.04106337187175563
32194,0,0.040820514685229785
29667,0,0.04727021922997484
15470,0,0.03245326412480794
47806,0,0.039737171227862446
4301,0,0.04079517569543189
38762,0,0.0397969054182456
21103,0,0.041214638897775886
13620,0,0.039427249060319254
48524,0,0.02959996350766097
37400,0,0.040715973603396086
22687,0,0.03865740032441566
21709,0,0.03858797780114378
46181,0,0.05751168635503005
28968,0,0.013851943550916502
34122,0,0.028222897819648516
9280,0,0.04121802206894498
17611,0,0.038573247405641595
37846,0,0.02138838145882937
22974,0,0.04084556901415454
40715,0,0.015793292208231464
47236,0,0.041156076988483295
3804,0,0.037849007726976504
2689,0,0.026345789405529375
43297,0,0.040904361021528085
29070,0,0.03514750688170255
10843,0,0.028812691107593956
28700,0,0.02599742510433208
8763,0,0.04147749312458495
15462,0,0.04145005612620733
3456,0,0.02737421843530085
19103,0,0.020338128922854932
37633,0,0.013635717407310883
25046,0,0.040674462324630734
47619,0,0.03985275058768232
18278,0,0.040087468424574314
12950,0,0.029463711039956063
47342,0,0.040856015774477124
44493,0,0.03465916115925458
13461,0,0.03171388507455465
12332,0,0.03968374159807917
48633,0,0.04082080013587316
15946,0,0.017963255578877367
1543,0,0.026085070768817817
42373,0,0.03860611777361046
35948,0,0.04115492040301059
20615,0,0.02121342372475914
32863,0,0.04060835607569924
23044,0,0.04095481198398072
4431,0,0.039607240591517844
7201,0,0.04118867494381604
23456,0,0.03295363466234306
14616,0,0.06709103168317017
6725,0,0.03837052759266505
18980,0,0.03862814913959688
18677,0,0.013360415759710136
34313,0,0.03960337781201833
41221,0,0.039228296576121154
32191,0,0.031320355904763626
7166,0,0.07056728650512899
17915,0,0.03970303162457747
28872,0,0.0319235059870699
23590,0,0.03958838237517886
45443,0,0.03785760911768634
34673,0,0.03028352607063667
112,0,0.047238342823428224
7647,0,0.032242526168988324
33794,0,0.02064651003728735
14472,0,0.0402916686647815
25378,0,0.04121608281098645
41780,0,0.03805089127033147
45614,0,0.03953165224086491
48929,0,0.02832576058651465
37111,0,0.0297941194362562
23179,0,0.029378024097920594
37640,0,0.04105512309465998
25969,0,0.03141513420737078
48664,0,0.027133752452165653
7431,0,0.03981233722101318
27099,0,0.04123286449331584
24681,0,0.04131161083817765
25697,0,0.03088835790501435
20352,0,0.028229662928325672
5903,0,0.8500081845339307
18708,0,0.03952410779596101
20388,0,0.0196443051733733
48949,0,0.04080574599246266
13225,0,0.039392044231963054
45050,0,0.03070694492605943
46646,0,0.03249959961023209
24312,0,0.04124052953494604
26180,0,0.03889181128810565
6498,0,0.03947096028745735
32505,0,0.039212261306580856
32906,0,0.04123430949870572
44320,0,0.7906591865521063
29760,0,0.04020782768528114
40671,0,0.041173403447957474
6769,0,0.039958982393654495
22100,0,0.03204347475693961
22055,0,0.032215513909174744
19040,0,0.05529764519391867
40972,0,0.026463999199957514
23441,0,0.04108192808202655
36171,0,0.040222572760108405
22879,0,0.04096133439815503
15481,0,0.03214901581716471
9459,0,0.02707849837902258
27990,0,0.037873752135111044
20595,0,0.022935469397849562
39401,0,0.061449220619708034
47941,0,0.040964604626424206
12446,0,0.03120135995894199
46645,0,0.031725669290524075
36702,0,0.03764178402965243
44474,0,0.030280673575865117
3268,0,0.026140022825095314
13403,0,0.04027478124499556
16119,0,0.06998791817830041
5579,0,0.041052089780329905
297,0,0.04122347463071344
13888,0,0.04085529412986705
25964,0,0.03909877002426521
34614,0,0.03252865641745886
12218,0,0.039781929954371444
9937,0,0.0398362225370137
41786,0,0.04122604852986193
33822,0,0.028752580700437153
15663,0,0.020285548221899572
44945,0,0.03751827844161624
3329,0,0.039913156615143365
47083,0,0.03869118234557023
46435,0,0.013181438576338392
8644,0,0.029189710249372124
45440,0,0.03163778233997837
25146,0,0.023956758172760374
33185,0,0.06052368604041299
24416,0,0.04474187009473556
8735,0,0.039473891620212684
47435,0,0.04091720739980968
34046,0,0.03893935388265013
4992,0,0.04041639063049847
318,0,0.046770937043974836
611,0,0.039291005125494965
41651,0,0.040813271365579815
46394,0,0.03219725768823104
20806,0,0.03227327308768523
45717,0,0.03532799947073864
19792,0,0.029593963623632324
19717,0,0.03879819226191253
25718,0,0.04121044504276606
38606,0,0.02670089402823751
22922,0,0.030987181200394325
46534,0,0.040201694291069845
22839,0,0.04119212289192842
48744,0,0.03764400303205665
20872,0,0.03261877581603294
42015,0,0.039603697624597374
39492,0,0.038055024562092206
43806,0,0.026402962659951713
38356,0,0.03784854361681071
11198,0,0.04142130017968059
31855,0,0.03716846306370354
15509,0,0.03880218175914574
31656,0,0.027418018918022872
31288,0,0.04081381206075761
4653,0,0.04121447139399004
27785,0,0.055713544107806094
9862,0,0.031108033976732438
44384,0,0.04023385877447204
1947,0,0.03794622733926317
16730,0,0.03162371337618876
18410,0,0.04058239768807828
27988,0,0.04073209649423113
45196,0,0.04070267961892347
25196,0,0.039783927516016816
4795,0,0.07055203169951568
36076,0,0.056845435576579485
4906,0,0.14281067596153912
45269,0,0.03844894543061325
4172,0,0.0265511860165663
3572,0,0.02650643314952359
26766,0,0.027314208131358247
13875,0,0.028126750227730694
26906,0,0.035556802751117375
232,0,0.04030450137255088
10151,0,0.041177252909400726
30797,0,0.0398490441844847
47243,0,0.037625707506112264
29130,0,0.030998074191305885
28880,0,0.04131385480368878
43584,0,0.03278014076558833
25925,0,0.03900233735286048
6635,0,0.03749524123012436
30638,0,0.05126067739290923
6028,0,0.029007063193946393
38626,0,0.041155111837493576
27223,0,0.03912475280306517
47463,0,0.04119171353587195
28493,0,0.040469560944182664
32832,0,0.03894738684622868
27589,0,0.029154988020228347
47590,0,0.02803969678918395
33378,0,0.01980136652284838
5744,0,0.032208743532113254
41748,0,0.039958115927592255
12147,0,0.04122231139991613
41157,0,0.04088922698402783
24549,0,0.03917205204996292
48109,0,0.026607634401269196
48874,0,0.041378666008691306
16667,0,0.013297988671798124
26453,0,0.026695523498780845
26412,0,0.03978131379818219
16236,0,0.03755515418520611
35478,0,0.035054754341502486
47625,0,0.00674252508853191
19910,0,0.03128052600610902
5403,0,0.041322892455988754
33873,0,0.04088527814889978
20637,0,0.040848853231275836
47529,0,0.023621345632869044
2499,0,0.03779482808983535
11319,0,0.04047571766428471
505,0,0.03470018651196617
34621,0,0.032572794578448784
14197,0,0.039526093567766554
29984,0,0.04141548057614554
1067,0,0.040776941197802605
13416,0,0.04129321367783594
29616,0,0.049481121284182715
29013,0,0.0400539821716203
36717,0,0.03973429461668375
46398,0,0.039737956311646096
42899,0,0.04114410392170357
2679,0,0.039703167136771175
18507,0,0.040761653468096806
14358,0,0.03244608444602015
16622,0,0.013549850854137114
46245,0,0.041158707270358086
41826,0,0.02351782358856229
18166,0,0.02189045612844089
23386,0,0.6900901902361651
18926,0,0.03961853413163249
19178,0,0.028464551623373698
21343,0,0.02640118987991983
21228,0,0.01852954275461501
36208,0,0.01945690321451475
38892,0,0.04116053828578858
28085,0,0.041065805198521425
832,0,0.02280951204187911
27500,0,0.04080366717252546
17643,0,0.040388627179740275
7662,0,0.031566547446774965
21484,0,0.032732008286068225
8161,0,0.03139398647648808
27841,0,0.04104648305176107
32864,0,0.04121691749303332
44426,0,0.04109936170820787
22970,0,0.029443971968122935
33107,0,0.03261955493612213
30312,0,0.03833133603741495
43652,0,0.06129392658662104
42484,0,0.03963150843650868
44756,0,0.039316842242409285
5212,0,0.032357012236383716
28409,0,0.05559947308869029
24163,0,0.022153801835995284
31573,0,0.023941070915479295
3451,0,0.03924826646073969
27317,0,0.04149280210600865
36103,0,0.04072360741632594
10314,0,0.03500943408216742
25094,0,0.0345713439766014
8694,0,0.030039598851963754
16339,0,0.02871000824353427
888,0,0.04089483928455685
30353,0,0.03865707930712473
44884,0,0.02948186339554129
36843,0,0.0373942530214371
17296,0,0.05768488015125993
3924,0,0.040839198997576924
25295,0,0.03343105420318815
24062,0,0.023626994768777037
33044,0,0.03221705553282603
25736,0,0.04050223987421154
19195,0,0.022548621794954867
23359,0,0.020598086890530568
1651,0,0.0562820363284466
47470,0,0.038300158103344584
35859,0,0.03777167690264185
41858,0,0.03285877543506135
4214,0,0.04096513964972017
17325,0,0.041177995491091204
29630,0,0.03214596550185544
43499,0,0.02716775113211696
16069,0,0.02701109398122954
13838,0,0.03814653727102759
8091,0,0.03760686245311727
31903,0,0.0395385989414785
38345,0,0.02999179744930943
22079,0,0.019660492440003133
7364,0,0.05570471357782104
44277,0,0.030104320204353722
7585,0,0.039605125043029155
40413,0,0.0121164541365842
47343,0,0.041099358582884035
45158,0,0.039246862456917685
38870,0,0.028647403159476007
45096,0,0.02467786056693696
41549,0,0.8251061464983706
33363,0,0.03932267860437212
35469,0,0.04072156617281094
28248,0,0.04076954791723699
17375,0,0.029838395637697707
46439,0,0.03595478871011286
42971,0,0.039119360939055915
8461,0,0.03183218303791222
28759,0,0.02810782729205972
48044,0,0.028086792337286608
15245,0,0.023757203608709268
23535,0,0.030339684906505404
12660,0,0.03836101010084379
42438,0,0.04011165506978171
6424,0,0.0404005102800054
12404,0,0.036914762967108015
29951,0,0.0380267033727066
47540,0,0.04132454954630146
9527,0,0.03984974694091045
16745,0,0.019216059210515803
26033,0,0.03182305775837218
32499,0,0.040837224904508126
5964,0,0.035925310107204435
35504,0,0.041102839478262564
7584,0,0.010468217642464446
20585,0,0.040340781912176694
35386,0,0.03238753834922789
36694,0,0.04142295421987113
25043,0,0.02206611784547229
48319,0,0.039731953183833366
44162,0,0.0397985269659882
6014,0,0.030287688052711457
4109,0,0.03222698646252336
44861,0,0.04116095470509404
3217,0,0.022403359797861632
36735,0,0.04039242960343803
30787,0,0.0302520228861828
10515,0,0.037541961260053325
38488,0,0.04110231512194124
36537,0,0.041180902669615216
22941,0,0.031548165510410724
40272,0,0.026438325170150285
18125,0,0.0396879343444403
22870,0,0.08753646933313283
28672,0,0.034962212322581676
33446,0,0.02216975525464284
34825,0,0.037492260729947165
1646,0,0.040731476792897875
2509,0,0.04126268729302032
40851,0,0.02782477715289427
28634,0,0.03916825381432599
26072,0,0.04127117747371475
21498,0,0.03242461466057842
6986,0,0.04136156582571098
16280,0,0.041116754632718376
1979,0,0.033045075848906515
21602,0,0.03527098346392828
48288,0,0.04118928338632229
28092,0,0.032150498161108695
29255,0,0.04100317358237883
45179,0,0.031068707260382855
44613,0,0.0407926832379464
2739,0,0.035905965734335514
31516,0,0.04096381201171085
30546,0,0.018087264750463485
9121,0,0.04121882812769352
34787,0,0.039491335145277084
22425,0,0.027240654555522194
21430,0,0.04119453657908825
12834,0,0.029542610333598993
9199,0,0.030527220684856894
11333,0,0.03802850196532505
21708,0,0.015824784082290447
7153,0,0.02965571876581302
47493,0,0.010424634198554524
6520,0,0.04142187400491014
26911,0,0.031467562324235115
30447,0,0.02410994246480893
45518,0,0.04115018536707286
42232,0,0.03758090366507251
12581,0,0.04119166155595637
7258,0,0.037744970586179705
13382,0,0.039669341840108695
21478,0,0.03945993297744259
18048,0,0.037519136101654506
17486,0,0.030261747434446307
21299,0,0.039318500782795404
14941,0,0.030966423017682165
408,0,0.04117873215716061
31472,0,0.03209682837664821
45743,0,0.03958022561134709
12034,0,0.031346021565419845
11347,0,0.037938697137286856
45785,0,0.04037158420543409
27550,0,0.03759239070808058
10401,0,0.040771386001279414
29654,0,0.04113675703631501
34686,0,0.04124144995872944
33286,0,0.03996499013633721
12325,0,0.04091795375771779
28891,0,0.034730574313751476
45192,0,0.027044872091266697
8770,0,0.04129953934979927
36909,0,0.03984957371573035
6519,0,0.025754953682213214
33196,0,0.04014710772765321
36772,0,0.031447872165845374
35140,0,0.016056712015678633
481,0,0.04091706713602954
25797,0,0.03196195747963853
9815,0,0.038365535147985325
3889,0,0.028237129992419303
2835,0,0.05727790439980476
7964,0,0.037497444402027576
7716,0,0.040368357843377604
41764,0,0.03433241332770102
13933,0,0.03951105277845711
18891,0,0.03995172438061187
7678,0,0.018950254679044383
42048,0,0.03596047517036153
8722,0,0.03803295537150077
17570,0,0.03834970557641597
45001,0,0.03833945506709948
17725,0,0.038024822120597886
25479,0,0.028442478146185113
9717,0,0.027920544175164635
42516,0,0.03757358978073396
19691,0,0.03106629496307629
41677,0,0.037864493737114965
46707,0,0.02350484729254702
40,0,0.034737999979241395
30561,0,0.03812156696123878
36777,0,0.03127174301652518
27680,0,0.03903913372331654
24148,0,0.0408630713146994
15165,0,0.04047231701179382
30646,0,0.0405028673391637
1000,0,0.037541403568452876
15327,0,0.040831024152999454
35681,0,0.04126125640371281
44883,0,0.036011804606262784
9300,0,0.04048729598781701
37882,0,0.03770008712507916
36879,0,0.041085226729320294
24528,0,0.037674479030398965
43641,0,0.03812970528598014
34820,0,0.041025860235710435
34191,0,0.02937837282265974
29793,0,0.040503394945742205
25071,0,0.04073046868891465
43671,0,0.04072184274723037
41638,0,0.03759748460415622
23050,0,0.03168594622555602
22601,0,0.03723761693027925
48218,0,0.05785932451215658
21702,0,0.029556717701058426
9429,0,0.03220200500534365
14339,0,0.5333264627924204
27883,0,0.040211384372672215
26684,0,0.02419345828881774
34520,0,0.029499782590479074
17824,0,0.04029733482574668
28892,0,0.040899054023326456
18769,0,0.17622892899795023
44529,0,0.040288336854289446
45087,0,0.04071346863046557
30139,0,0.03047143966305519
26769,0,0.017954778519526825
42795,0,0.02419142188161139
27456,0,0.03248153538992499
31386,0,0.02730114634156272
3135,0,0.03834425590659596
64,0,0.031033153085213573
6356,0,0.034316396391215226
10667,0,0.03211469656049248
2742,0,0.03442891907528923
6490,0,0.03956071554154004
11573,0,0.03179173857394712
10649,0,0.041151707265144645
26736,0,0.038976683721591916
46685,0,0.03591366002658643
42412,0,0.03777590598253887
34057,0,0.040709958960095806
3941,0,0.027090004919749607
3627,0,0.029124743716376453
26868,0,0.040712121765788326
40238,0,0.0396788331434812
20212,0,0.027235237049860292
16217,0,0.031461680922914945
1969,0,0.036941934125919305
15466,0,0.028950701806423423
39034,0,0.039474945068015486
32072,0,0.03507479209164356
19296,0,0.03352823925484996
48111,0,0.029991554363299974
23876,0,0.03689232768482429
37758,0,0.040931517288126766
18856,0,0.04092975191184528
28594,0,0.040174582349462064
35692,0,0.013683611059099945
5666,0,0.03762391774852615
7285,0,0.03752339511164714
22337,0,0.019985511088308944
37340,0,0.03188289365755588
35794,0,0.034250203287073164
11151,0,0.02855640986159869
47034,0,0.03235001026405166
1211,0,0.03214580433348926
18557,0,0.040432243672643045
20200,0,0.032499015007304316
18333,0,0.030550014970417278
30248,0,0.037632013938296086
30858,0,0.025921694196913075
10964,0,0.03412405234857019
47866,0,0.02668159901689745
6630,0,0.03253703196071552
569,0,0.0402508194825273
25136,0,0.03913693210389767
4987,0,0.032400516724249526
43761,0,0.04083871745764979
45439,0,0.02706512664817766
2717,0,0.029359582094467724
36237,0,0.040324237375879236
45287,0,0.03862234841598488
22209,0,0.04043407787476022
3499,0,0.04016806554001501
27941,0,0.04131096078554829
20021,0,0.022725153235264334
48061,0,0.01209642554382707
25821,0,0.039973338730106174
3308,0,0.03224714867054356
714,0,0.028191716293791347
2772,0,0.04143075543204442
17589,0,0.029894345509720317
45221,0,0.031833260979878285
45775,0,0.03807505527798065
11689,0,0.040854490155449494
17801,0,0.04095294076450957
40148,0,0.020806316537414885
9946,0,0.04008042064773074
27381,0,0.03222052898536377
10719,0,0.15340393646416334
42711,0,0.03749165839179157
34437,0,0.05792876248373866
1093,0,0.03105250788870553
9854,0,0.028276378276664273
7819,0,0.04018744501852791
7735,0,0.0401551628556694
8204,0,0.026297305448691743
47779,0,0.04025820745839681
4208,0,0.06131720905410752
38749,0,0.039882942993836656
1554,0,0.023834971820086252
42357,0,0.04123924925850521
16121,0,0.02362371332479719
44176,0,0.04069696794900193
7340,0,0.03939336286274642
4037,0,0.02279097499952758
33424,0,0.03997898325418878
37803,0,0.03756129629534376
47266,0,0.04007452254140254
11177,0,0.04022413327208895
5218,0,0.031473696937354266
20420,0,0.051470218706368615
44605,0,0.0410651277899092
616,0,0.032633197341668176
20409,0,0.031857744449276484
42240,0,0.02225290187235907
48486,0,0.041281753947372594
26718,0,0.02868048374327839
37388,0,0.04102147202858187
20695,0,0.024309417295729066
40271,0,0.6690639226163524
26178,0,0.03903695226525233
12521,0,0.040708460769618135
42611,0,0.026720736163901977
46091,0,0.03795074434175411
16985,0,0.014937310665558225
40930,0,0.03413150715434324
39153,0,0.049377243511607605
43408,0,0.03230716185924438
27692,0,0.03708918571868755
8789,0,0.039361675877589354
39332,0,0.0379187806196243
6033,0,0.8594596824463481
26102,0,0.029985928448368004
43098,0,0.03464987393275387
298,0,0.03247636500968404
39404,0,0.04064848684423552
23552,0,0.040561258160562025
42340,0,0.03180426727975695
10034,0,0.040962821677219347
39301,0,0.03046062456257637
10687,0,0.039987982435243444
46918,0,0.044670297337020305
23058,0,0.034284288739749744
37859,0,0.03245595247967109
48734,0,0.04110898912909936
647,0,0.02942796974984069
5546,0,0.024575650225301775
10581,0,0.03931947511082635
35423,0,0.03761573691658845
45500,0,0.041252436238176295
2413,0,0.041313253543146876
7719,0,0.04138526821304542
23028,0,0.03262177766374547
3227,0,0.03748027780507811
18459,0,0.04045685826141714
46011,0,0.02696462458242628
9722,0,0.015776488192525806
18528,0,0.04066972819144944
41582,0,0.040848095379883126
16687,0,0.03179485064322106
32681,0,0.041334962576225806
33174,0,0.014908946789614881
36825,0,0.030843379109437512
22277,0,0.040502950460788355
5202,0,0.039440079658851275
11721,0,0.023502504150729266
35675,0,0.06017340844369853
34892,0,0.04029888970993309
36893,0,0.020030929201440315
13830,0,0.039462142185815514
418,0,0.03038977700806189
1337,0,0.029599523437486636
29117,0,0.04103175547188868
7849,0,0.040817762115978456
40658,0,0.037540246892560754
36260,0,0.029660394094263645
13693,0,0.03818183864719099
47099,0,0.025555617934977848
22867,0,0.03213471975887608
15707,0,0.031159112167834287
26733,0,0.0407542396615258
41347,0,0.03910912600319952
11416,0,0.01665708048264679
48880,0,0.026351816255318523
26630,0,0.03769134170566559
43839,0,0.015065012223694153
27940,0,0.04115406151838786
20807,0,0.41347576642316414
33017,0,0.04118315290370758
12168,0,0.03160184741128656
25218,0,0.03965158592234667
31049,0,0.040927684483716725
44620,0,0.029350721711029114
49085,0,0.029872011502039886
33682,0,0.03254496281022062
38336,0,0.030842627334335786
44977,0,0.04023867616920388
38161,0,0.04119954683189778
32935,0,0.05774639132350141
31996,0,0.03959130888483638
22223,0,0.038351636024325245
25897,0,0.03757736882647424
2127,0,0.04081224153743272
8926,0,0.03766742757466783
49077,0,0.015557073562943734
20679,0,0.04097890746534623
9058,0,0.04095314543240015
25776,0,0.026285169180691164
48279,0,0.04120515414752701
9333,0,0.04119274214223869
10684,0,0.04132386368380267
46608,0,0.022208385068029017
46069,0,0.041196457637608645
38498,0,0.04080484424464537
645,0,0.04045378229244429
2570,0,0.03991567097473169
5234,0,0.03506555809586572
37999,0,0.060406644669013736
21404,0,0.032271711035006735
37940,0,0.040051775305318726
29480,0,0.025563332213499063
9509,0,0.02358734709928716
26842,0,0.031684784847515406
15069,0,0.0324286078109407
15885,0,0.04127026002457477
43429,0,0.033021414730011994
22482,0,0.04091881982821507
5391,0,0.0316276225269984
8470,0,0.026430164841514753
4469,0,0.03236695661225118
20911,0,0.01309376154730778
8695,0,0.010511410717703522
3364,0,0.03890326661490559
21411,0,0.03607768989330806
27403,0,0.028940996114521802
35042,0,0.028461473327689446
11272,0,0.04040883968076845
30594,0,0.03864484334132085
22815,0,0.040875980799685505
7953,0,0.038160722729203865
4207,0,0.039013330479537936
28400,0,0.04117837606716716
46548,0,0.030183332857001383
47231,0,0.02956774663890486
31801,0,0.03818130669482078
98,0,0.03216012203136017
2012,0,0.040851229707587616
23882,0,0.026844425934197537
11000,0,0.05112089795534083
16974,0,0.04119181137832732
16852,0,0.037584722311789304
7344,0,0.03041784221863682
17650,0,0.02221487340120654
32171,0,0.039905073225844516
48412,0,0.03110194778346337
25497,0,0.03200341299178686
38163,0,0.024287324133342655
30209,0,0.03758244997256289
7542,0,0.04047011425491557
26995,0,0.03953862098610356
47884,0,0.026377652058617515
6802,0,0.03982841589332329
2014,0,0.038366109348173444
6416,0,0.03862471373895402
47842,0,0.034740696883894626
33726,0,0.02911912640970828
32963,0,0.040075691281154915
28529,0,0.03759872560042395
43694,0,0.030623993953962474
12873,0,0.02960856822984486
40370,0,0.04063845697672441
28810,0,0.040625645680289875
37277,0,0.03101489749401315
18432,0,0.03202927802206473
21880,0,0.03749140218546251
35335,0,0.028528262098150115
33637,0,0.03061967530482041
47603,0,0.04131783404431337
17807,0,0.031239170377626788
14106,0,0.022614421923488018
41418,0,0.041479220915929024
6361,0,0.037230072090794576
17511,0,0.039851125570968836
15052,0,0.03940599331674293
34229,0,0.0315468884762935
6816,0,0.04119365804238683
44157,0,0.04109948950778597
12405,0,0.06883400114711093
15386,0,0.04048315310112415
13494,0,0.040846565026785304
27491,0,0.040385446014240205
7334,0,0.038823004532610866
14427,0,0.004473693568451102
12094,0,0.03862626736271464
32553,0,0.04139617829063755
2048,0,0.02737746517379419
37931,0,0.032481486581402055
32117,0,0.03999038809872355
3579,0,0.03532764515549722
36986,0,0.04120693368654374
28758,0,0.032446188147721225
48426,0,0.041096413480651704
4486,0,0.026452464772597183
28734,0,0.020060026902057077
17471,0,0.04101017320776309
36004,0,0.03591284074458334
38940,0,0.03843715756557757
846,0,0.04477500208416464
1956,0,0.03936708004308569
7887,0,0.03998124877709144
30745,0,0.0419905762306309
17654,0,0.06066301515912774
26103,0,0.04115512037473124
9916,0,0.03696945410417781
190,0,0.011122815225278564
13704,0,0.03774659857443502
42808,0,0.039986897654828504
31970,0,0.5491069453603661
34784,0,0.024721297048349324
20811,0,0.03749878936246209
23959,0,0.8045984352407414
33896,0,0.041248845575722524
25362,0,0.1747243889938446
16660,0,0.040246156796479096
3764,0,0.04110405445138364
42230,0,0.034496462280453645
5167,0,0.03962398329093067
33075,0,0.03890410209224944
46134,0,0.039451255233751335
37389,0,0.028096276722873816
32494,0,0.03216059243318516
31898,0,0.02700169419310771
19107,0,0.0412146240719087
12415,0,0.03064441031486903
27804,0,0.04066144526574448
36859,0,0.041004005606460024
40227,0,0.02302673935800419
41838,0,0.03273973739445807
3173,0,0.03203693182724634
33052,0,0.03038218634057855
8615,0,0.04095480363032905
38090,0,0.04111310623669353
48570,0,0.04098514515263717
45645,0,0.03586913410480207
853,0,0.039287489345275144
38481,0,0.0375861710718328
37338,0,0.0320469457190657
21963,0,0.030341124769268594
40689,0,0.039770341187333955
29934,0,0.031987341988788116
43021,0,0.030780326138756503
27856,0,0.02364050131191097
28394,0,0.031068165323642184
10374,0,0.03230125400380322
20395,0,0.031149168193243083
48526,0,0.037489163011317765
5474,0,0.04095993603889695
40953,0,0.030577691609207754
44243,0,0.04123429904329909
48969,0,0.03890815494673311
44040,0,0.038362305798423445
47750,0,0.04050367466855732
311,0,0.0399586090640054
7239,0,0.03256111979030216
16658,0,0.04118427522772298
24909,0,0.03572419098490057
18702,0,0.040284930657249286
49053,0,0.041107430433988186
9921,0,0.041121695298700724
35601,0,0.030534254408221027
39360,0,0.04139754522582543
36562,0,0.04067394196018929
21358,0,0.023995889026136495
14081,0,0.02220278372519939
39318,0,0.034521471096199775
16487,0,0.03157100056928567
7245,0,0.03248662598689465
24430,0,0.03958945712892193
39098,0,0.04140606330602825
15260,0,0.041080002293448825
41087,0,0.030973519344354623
12752,0,0.03154615318843535
5495,0,0.028464625372609742
3829,0,0.03815583947878335
27260,0,0.02360901943190429
19632,0,0.029058725433343754
15297,0,0.02736595828660098
9964,0,0.03850692457521554
545,0,0.039748658940018916
7980,0,0.03139642450318035
26816,0,0.026919738899043307
19695,0,0.03203308325249304
25498,0,0.02969061835065302
7224,0,0.04008533236077606
17310,0,0.0322992579798192
48567,0,0.04028037856518372
47207,0,0.013708593734902364
28633,0,0.03955910179324795
26422,0,0.010840658442932765
375,0,0.02128508534784972
34460,0,0.018037520861705965
12109,0,0.009564050133397695
15411,0,0.01633799749609549
24766,0,0.024876385909793797
2182,0,0.04096028399896352
41778,0,0.03455788196914456
45917,0,0.0392473795337585
2487,0,0.029259351945994286
49090,0,0.04048357868787256
40186,0,0.038599683046985335
18118,0,0.032100363956153864
29524,0,0.023495649274279377
10346,0,0.04088887216950448
3482,0,0.037999985711314965
1497,0,0.03768044164224612
32388,0,0.06155505760376492
38321,0,0.03178607207295825
25123,0,0.040993317257976246
11963,0,0.040909411763862084
42133,0,0.040428175047429106
38780,0,0.03161860091743316
19149,0,0.02935186094361486
20107,0,0.03106363583454632
21342,0,0.04140471280609383
42121,0,0.027324057925308877
36559,0,0.040292347577172455
41491,0,0.03947615807862253
43488,0,0.03718718036039163
45017,0,0.03878257997631981
800,0,0.032460564562171994
17412,0,0.01895781859194212
46016,0,0.7577833116633186
11673,0,0.04102169092006884
28834,0,0.035925847960931685
48060,0,0.013487721239751213
45491,0,0.057584108650394206
15746,0,0.031887762638766776
47217,0,0.039812660007593564
36833,0,0.04120510222221071
5686,0,0.04061983806797039
35031,0,0.04101920162184095
3435,0,0.03206295962241256
28918,0,0.028682690725514316
29220,0,0.041149583235499256
1464,0,0.029909486148705235
26244,0,0.037731488898016925
44275,0,0.037519755172862664
8351,0,0.04132839381767578
37499,0,0.027128106727473428
36813,0,0.041134773054717605
33910,0,0.04114070453739391
2939,0,0.041002906194505
38072,0,0.02801441142717212
32344,0,0.010820282932534321
1198,0,0.041330602281725214
45434,0,0.04027609191072473
40985,0,0.037593652288969284
5149,0,0.02878048644049178
35965,0,0.04095326321003619
12194,0,0.02755805778066587
17147,0,0.033769048852861694
45671,0,0.02875712192589092
9922,0,0.04132724565577334
32915,0,0.03262470666146226
42725,0,0.04122981646348469
2173,0,0.03389281342405192
32040,0,0.03180402285877654
8924,0,0.0391732169460521
19352,0,0.014363380088507247
24,0,0.040930946613292746
15061,0,0.023113794884560078
187,0,0.037488843641526146
40188,0,0.024175132949798755
17222,0,0.024641968248949375
22287,0,0.04120364273512467
17364,0,0.029116255748354407
21485,0,0.03195167324701676
12244,0,0.03159031523184695
12551,0,0.03634622539942455
31703,0,0.04075892437409411
34245,0,0.03790828492779968
10233,0,0.023723986340628667
37439,0,0.03062845804674579
7212,0,0.032143261068943774
8103,0,0.04044756239815067
10212,0,0.03142560622343056
46616,0,0.04083428417973582
3446,0,0.0408942861672801
25241,0,0.02681746399331454
11116,0,0.015217959334327033
48289,0,0.04008384206246142
29168,0,0.03774939437865618
3206,0,0.040894405472853904
37336,0,0.027064228163206458
12453,0,0.056985517253158875
33739,0,0.016247748165755856
7275,0,0.026766336468411298
15451,0,0.03756218704201411
36105,0,0.041232593172065776
30950,0,0.04120409227226817
29508,0,0.039341327602706755
15613,0,0.0299560932134069
4324,0,0.035973386586874656
23645,0,0.04623860572551031
15499,0,0.03469156178215869
37138,0,0.037161805090647634
16661,0,0.02740956335204925
7142,0,0.04170389979676565
24844,0,0.040924613521841555
45169,0,0.04114014829688295
41481,0,0.04127349812081759
38526,0,0.04121386122401733
6798,0,0.040633272731458184
4135,0,0.032626783516244595
9885,0,0.039908262256776475
10447,0,0.03142514890891877
29566,0,0.027751077424646022
13597,0,0.03237306298119571
824,0,0.04113094623393677
41879,0,0.04113871010227203
26439,0,0.03980787166050495
18861,0,0.08778552719057443
4690,0,0.03235509045168323
9650,0,0.02858191219729777
34179,0,0.028369865274171978
15591,0,0.04464820052345185
34785,0,0.0375373934101081
43660,0,0.037966742788692526
47849,0,0.037408278132196535
11687,0,0.05519833176805595
46866,0,0.05533169318295417
31201,0,0.05574921258524844
806,0,0.03074655233141286
14931,0,0.03794355010789638
19208,0,0.026370421018042794
8783,0,0.03989234861767272
5834,0,0.03947283867748038
24049,0,0.028106249303107737
13418,0,0.041185178680831644
41931,0,0.03884988851144302
46891,0,0.02758697304007352
32415,0,0.040295093022698215
46717,0,0.02877654446572979
10956,0,0.02964923438079499
26638,0,0.04115940475164676
33032,0,0.0409210140800366
15867,0,0.02788198701769664
2032,0,0.025342723650263358
44222,0,0.040465403849873405
1448,0,0.0409732120778421
16025,0,0.029836817809362908
1835,0,0.03122707103862428
21792,0,0.04026522256618334
37623,0,0.041153579758609816
23702,0,0.040052941688580236
490,0,0.03254372121164738
11663,0,0.03215701865449229
37953,0,0.03284438502709093
16210,0,0.028196129040024907
38999,0,0.03140874612918996
32385,0,0.038241776285698796
19605,0,0.5332637506110656
33895,0,0.02667975976574664
2664,0,0.01930473822730003
43468,0,0.038332879727840045
11614,0,0.04108600731765007
19771,0,0.03261040518470775
45896,0,0.040245591758070805
30689,0,0.023268459168940325
27064,0,0.03940564548156778
36381,0,0.022532402437561782
47105,0,0.02856937604066168
19157,0,0.02635441992403117
26600,0,0.0411911716803576
11475,0,0.04091496647604631
27815,0,0.027293922538358585
42276,0,0.04251631374519541
5902,0,0.03136880624005768
40085,0,0.021911939968033617
32106,0,0.03906040212476469
18044,0,0.04091770143264629
14928,0,0.040645785696535014
35322,0,0.01319815909918416
12764,0,0.03339893409419127
16433,0,0.1255160508520627
15859,0,0.04089483648224677
45719,0,0.030522453216788224
24342,0,0.01316013205912844
11358,0,0.03974287328754097
19855,0,0.039290831381605565
16303,0,0.03795191976737857
9546,0,0.04048365666621602
28839,0,0.027379992861661696
36110,0,0.06114298702463172
29304,0,0.031553158545121286
22391,0,0.03952437003522605
2773,0,0.04717474359924165
28478,0,0.039418407480887575
4751,0,0.02135061668338456
31312,0,0.029391510625080344
19571,0,0.01987312568113031
32952,0,0.040724596823973946
7708,0,0.03902301795981091
11634,0,0.03242801419079539
44624,0,0.15544356033933585
4759,0,0.028812099063951692
31844,0,0.041230783227766674
33090,0,0.037809927551595325
1115,0,0.030834398764549645
37993,0,0.032026264227792145
16273,0,0.03171285045471597
26079,0,0.041408095711507435
18865,0,0.02881112217723284
9777,0,0.23799434258580332
41073,0,0.039821841709982556
23656,0,0.039682704278427336
35520,0,0.02812639982801181
16351,0,0.03990213184402093
16330,0,0.03162283569947792
31687,0,0.03440310253462753
25344,0,0.039030511780707294
33066,0,0.03245086710253934
4493,0,0.031323154631465684
9706,0,0.03772592951786903
43136,0,0.04079862195455262
29874,0,0.02991739643245517
21375,0,0.03447254026509348
39422,0,0.04079478979091325
3377,0,0.03140458831218544
14207,0,0.034453702712713294
48449,0,0.04668797717976053
19026,0,0.03339478794540939
22150,0,0.05226900188995415
1645,0,0.03995662999382305
7792,0,0.040739303617728054
47964,0,0.04037902232903546
42488,0,0.027144144922066196
19451,0,0.037518770905279275
38328,0,0.040085302704131416
36021,0,0.0318265729560324
21868,0,0.04092791972714517
44742,0,0.0112707735515302
44526,0,0.019904415671316154
11490,0,0.03817832527834983
4929,0,0.030579933909022767
36371,0,0.04697121805703899
31806,0,0.030684715466046526
34954,0,0.031630806183873275
23372,0,0.038508191039641565
48133,0,0.04069909253216232
27331,0,0.0194469321620517
224,0,0.03065333732066948
11876,0,0.03166426266422113
9826,0,0.0409613030570614
11248,0,0.027689629815544986
20735,0,0.042916121351521605
715,0,0.02756291107429238
1880,0,0.04109997610138694
36326,0,0.040036552014535
41097,0,0.03904777459029106
33933,0,0.03413072144351156
24253,0,0.0396337549432368
27592,0,0.0373898503774864
29726,0,0.03749102656959135
700,0,0.036186219317453645
14168,0,0.0203259272785066
4297,0,0.0070213277258196595
32074,0,0.03786760473514569
33354,0,0.03999288653312133
15475,0,0.0321094532213626
12299,0,0.0413619523994246
4621,0,0.0456651507798485
4393,0,0.04083161901402229
36523,0,0.04126301136592191
40337,0,0.023629894320373653
636,0,0.03959600221943594
23681,0,0.04114011171054506
20305,0,0.04036376104872162
35775,0,0.03749252227349475
24309,0,0.038784620669140464
7105,0,0.022968867943014004
8535,0,0.040876279363687686
26732,0,0.029730671354074836
38381,0,0.05225694516633316
34886,0,0.03016693623063484
22431,0,0.057568166002164835
35799,0,0.041158930099411684
8979,0,0.03814521416161319
4020,0,0.032239297857036185
3580,0,0.03161498718584263
11766,0,0.02758051736459137
2389,0,0.03465033900365846
6130,0,0.030442059518298464
2684,0,0.06090149408492717
15001,0,0.03846644729669378
1264,0,0.03223545600205382
4917,0,0.03997627251458893
10090,0,0.03140771773208049
32464,0,0.03755981296577269
45863,0,0.030665021059571758
17562,0,0.03698574935692621
26374,0,0.041202326144820826
19848,0,0.04066879710552981
47143,0,0.029518034131631843
39374,0,0.004168855294161513
28903,0,0.04095041360157082
4072,0,0.23971005442176208
4314,0,0.03211830330389911
39530,0,0.0403184510702253
8308,0,0.03979100004551661
12722,0,0.02142635081083519
6776,0,0.026389755034899716
39633,0,0.04098226505265446
11864,0,0.03139348874488996
11096,0,0.041107853596181625
18051,0,0.02827646008536356
25456,0,0.040121051172760505
47262,0,0.060636272397973895
10729,0,0.03913356051219367
1872,0,0.041031263341829965
25419,0,0.041316702523619214
48263,0,0.04113584039911138
28680,0,0.04104178732969032
19245,0,0.04008168665294524
18994,0,0.03880092004717645
33712,0,0.04085550186850564
44654,0,0.04079082824098004
44124,0,0.030306664807805864
45459,0,0.0344423934571174
23745,0,0.03960886964133684
7583,0,0.04121704314384601
17838,0,0.04096598307734006
25140,0,0.035755677066217316
19827,0,0.031016310389677643
34214,0,0.0328371311422898
27851,0,0.02875052127618156
17777,0,0.03981905489209514
43080,0,0.04043196807529154
24649,0,0.0390576938653238
3951,0,0.035468070752351005
1891,0,0.032403616545526315
39480,0,0.039524603778175973
36410,0,0.0399025186685474
23454,0,0.040955374259409885
11527,0,0.040311507343084765
15518,0,0.031223319658737283
48429,0,0.04114353147047785
40117,0,0.027072198126303227
14242,0,0.03262306400617996
7349,0,0.032049949418397165
20150,0,0.041154547250127384
45744,0,0.01853228628794723
39710,0,0.032560514492319406
24901,0,0.027113145088057945
11368,0,0.03748769339830041
8141,0,0.06765901695860935
47,0,0.015817411967736634
25025,0,0.039267249244727034
31923,0,0.031479652659608066
30094,0,0.03474173212570632
22016,0,0.03266862019733853
3136,0,0.027845057378035346
8469,0,0.04105930064994233
44014,0,0.03255461809728973
31310,0,0.04097164998699775
28379,0,0.04113264495463525
42926,0,0.032292652958710075
30031,0,0.030951285765812683
35888,0,0.041200491973749344
44385,0,0.041215675134310174
43203,0,0.04033767145233344
1086,0,0.010840583644495139
6423,0,0.03949917427840883
28929,0,0.03412545809167949
21914,0,0.030643860820114957
14440,0,0.03750988561990603
34557,0,0.03753257370731108
19120,0,0.02898499774148266
35765,0,0.03094501604398904
31584,0,0.03152692197270127
43102,0,0.028464325257754313
23867,0,0.03258099135014564
45307,0,0.03193811624078579
252,0,0.021563329361530017
34184,0,0.038162533481853826
26609,0,0.05399681739243288
24180,0,0.015629912472327208
30323,0,0.027984948394521803
14900,0,0.03693726518043991
34697,0,0.03202742477067219
39753,0,0.040593311660438926
13427,0,0.029766763494151777
25749,0,0.022813063377687615
5667,0,0.03138322445551695
34800,0,0.040716966188790796
16145,0,0.03173583606476114
33464,0,0.03981923118117506
15105,0,0.05452430289346129
12283,0,0.037541972408411124
13340,0,0.012311734349702556
36989,0,0.021411417280322847
8426,0,0.05671752167542962
8832,0,0.04078763161633077
42298,0,0.03197216556403607
39136,0,0.03981192200883827
31987,0,0.022301647553767907
44165,0,0.1802229923391598
43685,0,0.026693158283736997
36712,0,0.028368381033724646
37917,0,0.04098776485753001
24965,0,0.04123174260060397
16045,0,0.0381772097039512
37971,0,0.029556053585434994
7898,0,0.031412033932606234
20997,0,0.0389056562553866
44818,0,0.02063649849932677
22311,0,0.04113656683730801
36522,0,0.026766764975417596
24565,0,0.040183993626627536
3652,0,0.03880773009519536
12556,0,0.03165593483441814
23473,0,0.019885418367066494
5899,0,0.03995138740450912
47834,0,0.06162832685264313
10868,0,0.17486570089185954
46770,0,0.040913507284396994
42519,0,0.04128320061239554
5412,0,0.04071315234966469
3533,0,0.032801077209164066
36402,0,0.02733014574782442
37139,0,0.041082092946277037
10539,0,0.032603602225353884
19044,0,0.03815171703824803
29150,0,0.04090788608968938
16354,0,0.03902037673648513
5111,0,0.03471939647001615
44924,0,0.02219991693981269
18142,0,0.02779472833181998
14054,0,0.03247483278243187
40057,0,0.027132522477485918
31045,0,0.027023293687989034
31015,0,0.04110486041755916
29946,0,0.03977551926072649
16073,0,0.03656027979264681
41291,0,0.040921342669749575
39547,0,0.039984667245179295
337,0,0.023653078749768054
7479,0,0.028543351349301863
36649,0,0.029696466246075102
33305,0,0.04072383480819427
2125,0,0.04126654705539663
48739,0,0.029402422880884634
39052,0,0.024491889462478225
32789,0,0.04008922819855521
14533,0,0.04079357079017785
28333,0,0.02887964133453572
9833,0,0.007023376933795709
44264,0,0.04020902977932551
35477,0,0.03133854831700506
1157,0,0.040116784758738935
6904,0,0.04099130850717501
30396,0,0.041184365243145955
32269,0,0.04084835657956829
2652,0,0.04325760207214882
13538,0,0.03253120217573697
36839,0,0.032283514425629045
36006,0,0.026632449436155108
34014,0,0.03457330521744263
15701,0,0.03162390117944311
5389,0,0.03254228729098736
40672,0,0.03229023580721725
46756,0,0.040853419702406586
15819,0,0.0380320465809058
41183,0,0.03181581721643249
36645,0,0.03590016737059952
49067,0,0.029148576160161577
13708,0,0.031045795359271156
34705,0,0.032460817779943696
42839,0,0.02394898421491504
2138,0,0.03155125609520247
36024,0,0.03150107954877162
35972,0,0.035530390711176786
29656,0,0.03853011130136946
2525,0,0.03814460606330293
5410,0,0.03832622715861013
18730,0,0.03833935064482661
45592,0,0.07105228846264265
40206,0,0.04110274762400012
11283,0,0.04125899371936786
6970,0,0.03238933021944906
47774,0,0.032300190740554145
35974,0,0.041231263806150734
46948,0,0.041197982789215555
32279,0,0.032266808996242465
2588,0,0.5322744842498025
29780,0,0.03266351484668568
23561,0,0.041030242415046374
14686,0,0.04121445690446062
48805,0,0.03970158768090819
173,0,0.041192836556884216
8224,0,0.03766184573085759
30235,0,0.0376965565661997
39647,0,0.03766305272399405
6430,0,0.028226482531208887
41405,0,0.03068218245355115
15388,0,0.039623074953538756
10773,0,0.03513449334052527
33516,0,0.03970022554360595
10797,0,0.040554578311422416
17381,0,0.0579028127432764
37121,0,0.032554088770003306
20858,0,0.028761245331998687
25544,0,0.03229667382634774
46440,0,0.03246358761681504
16450,0,0.040954566002077704
22011,0,0.03632814185431949
17386,0,0.03166596179013653
33318,0,0.07035228915209508
14271,0,0.03869013123260071
24264,0,0.03766350836357589
7083,0,0.038925155223544596
7223,0,0.032594246379551016
22324,0,0.03970629271008001
6524,0,0.03188444998516493
9164,0,0.020972982873346986
9226,0,0.026983193422598462
15947,0,0.028869242672790788
15531,0,0.034596532336020475
17520,0,0.014967782317338306
26433,0,0.040828528690359196
25800,0,0.0218975053403319
41006,0,0.030034324537944582
18196,0,0.040762685594055104
6947,0,0.02154448173157473
24880,0,0.029210731256174655
33902,0,0.03134815294575052
23509,0,0.03851319881377188
21226,0,0.04142117096810494
18398,0,0.031869329492831514
27924,0,0.02796790697255791
6458,0,0.03957515671377286
27845,0,0.03470135192013798
6846,0,0.03758833997237656
27411,0,0.018176722476009346
38548,0,0.040225781423921636
20899,0,0.030448699969428183
28028,0,0.03922664143632953
44353,0,0.027567236584290302
33772,0,0.04113690821474638
34392,0,0.037482792300306315
38183,0,0.02927489787277906
42439,0,0.028468684953247145
13172,0,0.028321363890451295
4862,0,0.03949932770761729
7360,0,0.03510272343529973
23953,0,0.03893144251151418
22826,0,0.07431576679521368
48232,0,0.0375595835429611
18842,0,0.03273496627347747
34240,0,0.04041172747684606
33623,0,0.08270970749495139
32140,0,0.055896264684830874
39130,0,0.04103491948544003
19970,0,0.060614797661575466
38949,0,0.03419132965298307
26431,0,0.028459263309266545
24082,0,0.04332375168516257
36571,0,0.04874776688392914
16801,0,0.055970942923093174
45659,0,0.03443128273558627
44059,0,0.040090468711372854
32270,0,0.04110882863702831
12566,0,0.04057770543465781
12814,0,0.026944481022179133
21195,0,0.040162458659587286
31435,0,0.02133990207307151
13598,0,0.04136674097798634
761,0,0.03821618754833648
23628,0,0.03913750229122791
12598,0,0.04047259772175805
34704,0,0.02989199222460192
6337,0,0.02996099338630992
28392,0,0.039877651787510904
879,0,0.029365084287736837
6940,0,0.01097234494473564
35297,0,0.720637478074683
29309,0,0.04022809822637698
36646,0,0.04102728784905456
30847,0,0.03226776641486882
1149,0,0.03757020673591951
14720,0,0.0411654683991989
3608,0,0.019884577334294173
30735,0,0.03151403014933991
14401,0,0.03169638371712006
14555,0,0.03596171634100923
38272,0,0.037199348074704236
40609,0,0.0563318391860803
34695,0,0.040226308970429545
34824,0,0.016314600588786227
17363,0,0.039787917032314865
17896,0,0.038727890731275666
1341,0,0.029450604155964087
31041,0,0.04069551628305101
5857,0,0.02859922150138031
2900,0,0.04063651735559713
3578,0,0.02997810332568698
46274,0,0.02873982174583526
8623,0,0.04047282757153591
10475,0,0.05561092466257095
9954,0,0.039138516168151574
23073,0,0.03999558727357285
19928,0,0.04131714680741365
3500,0,0.021759026615976527
13247,0,0.03446201611163062
28602,0,0.030391932589557923
9745,0,0.037834295028592035
13074,0,0.030453826488565126
19450,0,0.026470509792767074
47429,0,0.015061348445402111
6926,0,0.028058111989745917
22217,0,0.04090947321816597
30168,0,0.041122062870403764
27240,0,0.04019583142262015
45039,0,0.03824638678910744
41545,0,0.0397004419006192
45908,0,0.04029126876277991
14640,0,0.0407107716678692
16288,0,0.029989932003257745
13111,0,0.031976958199809426
8639,0,0.027131345090111603
16269,0,0.04736879363301135
44401,0,0.04118716639422661
4552,0,0.03275683425403819
33206,0,0.03771171273803028
2890,0,0.03818355956322206
11731,0,0.05780778362683014
22052,0,0.041156770877459434
47516,0,0.023715289034911793
39462,0,0.04120447467018191
37513,0,0.009826115136241197
45975,0,0.041169443435383736
25161,0,0.032366337398164816
19016,0,0.04030543900450401
46610,0,0.029984795662324495
46676,0,0.021493416257931778
25409,0,0.038243426887782504
29764,0,0.029658015796325227
40524,0,0.03770468148155813
44085,0,0.039529091135779224
35800,0,0.04066056806341995
12800,0,0.04068566576734342
21327,0,0.0383800206596934
48758,0,0.03173080587419754
44056,0,0.041200587005184586
33157,0,0.035521797333270926
11609,0,0.04110813288743128
5709,0,0.028049190963642417
17021,0,0.040263283520825546
47101,0,0.04141447532317169
43781,0,0.04055218473205323
38209,0,0.021458483402523886
41421,0,0.03066687576473639
15732,0,0.04103851575524212
23283,0,0.01962100044384303
8127,0,0.02952910643541898
29379,0,0.03188924182658043
20380,0,0.03228752928362968
32734,0,0.07165705728749185
9880,0,0.009386512838755901
34764,0,0.03268712793954502
16137,0,0.03515744877719783
42329,0,0.037945485538734676
16257,0,0.04005080911197593
37706,0,0.01984026601657988
39265,0,0.0394416107084033
22195,0,0.03764444102389532
46355,0,0.04096860861379617
30024,0,0.03981781315016691
7221,0,0.03120115289804932
25062,0,0.03929974884648329
11430,0,0.03530842423166012
10513,0,0.04124510223843191
6113,0,0.039911388859295044
28936,0,0.02801361840826772
3654,0,0.024382682658422333
5177,0,0.041139077567247176
14843,0,0.03633556957738894
642,0,0.04145157129372502
25293,0,0.025860885210375013
3383,0,0.038692054808943575
10499,0,0.04071979435084031
18221,0,0.040841664765547035
5006,0,0.05735751707387652
41398,0,0.03830150616444381
47495,0,0.026494906807348697
27145,0,0.03791636478128623
11867,0,0.040296109520032763
10289,0,0.04043343310946458
26982,0,0.031577757866300384
4909,0,0.026517489123448784
13659,0,0.0383369338000335
30407,0,0.010816364293625392
26739,0,0.04076111877983045
32806,0,0.03233408933612523
16751,0,0.041423332347159295
39794,0,0.037489086891287715
5441,0,0.03960796954064531
28022,0,0.04001438521552855
9967,0,0.03993984319628084
2436,0,0.05455408400123614
24510,0,0.032148695096399095
13815,0,0.013666244851151949
22824,0,0.04122699260642525
38663,0,0.039042394205115426
35058,0,0.040551877366274525
37206,0,0.03171593894818452
37430,0,0.037858223334326646
3620,0,0.04026195347823216
8960,0,0.04109276760579709
6931,0,0.03983945286768024
9814,0,0.03945858804691051
19052,0,0.040714081808603995
14898,0,0.05849856224743063
23289,0,0.029908585836115345
5423,0,0.12442482444049746
17932,0,0.0408678568753906
43600,0,0.031895121680161655
24516,0,0.031130412096402958
27551,0,0.03350008165812965
46623,0,0.03201866992989306
19267,0,0.03227890831413242
21246,0,0.04122280006045956
5555,0,0.038894636536865305
5946,0,0.04117051041855779
25122,0,0.04113502497263273
29073,0,0.020848154334422095
48221,0,0.03193279939699765
24665,0,0.02895998328138456
46617,0,0.032339890328203724
20826,0,0.041236314269824596
8074,0,0.04094011736764427
3851,0,0.041036030974099656
41091,0,0.06395361745034114
35072,0,0.026398872374548178
30591,0,0.0474320350362513
25199,0,0.04789353752919078
46722,0,0.04057917657693015
1800,0,0.011559926763264127
43166,0,0.03985954367504014
2580,0,0.0408387705154947
2039,0,0.015172483203441691
34167,0,0.026354777339093007
15616,0,0.03969718254839299
12997,0,0.037491422899161846
37655,0,0.02237487021147077
23528,0,0.04062548754327101
21779,0,0.038686759997585314
29440,0,0.03919636777707492
13497,0,0.027415983307940636
38408,0,0.0314308437449859
14605,0,0.03755615243124674
30959,0,0.04024856063379056
21102,0,0.039638954346403694
34224,0,0.02861502894119958
24222,0,0.03814608516286538
11787,0,0.026502877602498566
29733,0,0.04122193631321529
17319,0,0.03766900893143444
19251,0,0.02707211315678218
24674,0,0.027955973929771876
9305,0,0.04029829997699758
33985,0,0.04126986425399318
19958,0,0.04068161811462448
41046,0,0.027225253639173976
21661,0,0.04084286573923967
36090,0,0.04066134159961604
43958,0,0.02990236844232375
35928,0,0.04091807474554786
10145,0,0.02231721729919045
16820,0,0.03802729606923506
44442,0,0.03892076549095659
16640,0,0.02987750057457588
22948,0,0.02872346630656965
84,0,0.03190776194566677
43962,0,0.04105056349826974
44676,0,0.020620003575287645
41849,0,0.027563156103448262
34077,0,0.031270953151768255
14373,0,0.028050424341326242
20479,0,0.03909420723843734
21600,0,0.03997589317697935
30409,0,0.04106196435741604
13757,0,0.024176872543609236
40758,0,0.025389308582848095
12898,0,0.03028063722118093
24482,0,0.041233134725026675
13706,0,0.0406010752417336
43367,0,0.036903934612450465
5726,0,0.03098575879619715
46152,0,0.03902648563691789
21789,0,0.041227856702367865
11122,0,0.027340512715804063
29147,0,0.04123327535828402
16763,0,0.02260531210498096
21031,0,0.03752186127098182
28247,0,0.03256302076206212
28222,0,0.04115320892157794
21732,0,0.1629134853238931
31119,0,0.03749406666890568
36844,0,0.03189078711405619
19762,0,0.009543358533707033
3639,0,0.04065457501840641
35412,0,0.027201253869562216
40159,0,0.040138741513189476
17638,0,0.041377170350432715
17108,0,0.03752419654851196
48580,0,0.03827840465989842
44765,0,0.03273924679631449
12723,0,0.03203395440662537
6048,0,0.029860871153512932
48154,0,0.023941410737574175
24948,0,0.02787362276328647
47467,0,0.035359419876449784
18848,0,0.041205679724661444
22214,0,0.04121374142572733
4289,0,0.04130455222953267
14100,0,0.030711382506600077
9682,0,0.04111022921015229
1196,0,0.046798975502871175
13985,0,0.04007227906906221
24513,0,0.019837978851514046
25228,0,0.04129401835542061
12960,0,0.03258456116185638
29995,0,0.04111864991958876
39124,0,0.01785250969707644
43055,0,0.06883822657901059
40741,0,0.38485727906500594
2869,0,0.026043394453905234
18347,0,0.04027520470534923
9244,0,0.04053882005169681
46023,0,0.038174863108411485
7192,0,0.037661662127675834
17691,0,0.11157970868369219
4472,0,0.036981895894385934
23451,0,0.03188032638437865
31681,0,0.03176820904452324
15453,0,0.04087590247882366
23041,0,0.03996497737292709
44795,0,0.040922414219546226
16253,0,0.024035564456474277
19124,0,0.04119689318560296
18889,0,0.04132127054991193
33257,0,0.024362255099567538
46328,0,0.03599298753350569
13972,0,0.04075538230825237
18679,0,0.039320936279095525
35917,0,0.027782823460301222
970,0,0.03134641820265789
15561,0,0.0402507039533558
20946,0,0.04117596073810716
34017,0,0.030799295391913856
22722,0,0.04080248581715886
22572,0,0.0385202755527704
41957,0,0.018916239488467764
14267,0,0.03830455649231363
23409,0,0.03758060062994341
47851,0,0.03966529549182488
21481,0,0.03912865621217919
26897,0,0.020514283279878236
46062,0,0.024900060037772873
5409,0,0.04468445438965423
48927,0,0.011569493810279389
36821,0,0.035868431773222596
27691,0,0.030571991775552882
14827,0,0.027909981254362375
19005,0,0.02483504888374127
35853,0,0.03396934177478169
22803,0,0.02995508789653795
18783,0,0.016152740297528032
12666,0,0.041119084870649386
32351,0,0.019908098880941506
33436,0,0.06140683925332117
32817,0,0.04112282404827658
5147,0,0.041153602331848047
973,0,0.04472289755798364
47958,0,0.04118686488817873
29593,0,0.03906749713979729
21458,0,0.04015882914369491
21993,0,0.02689297469852375
28995,0,0.0296236778126283
39982,0,0.04077460050377177
42824,0,0.02176734299421946
20373,0,0.023714825016081513
30992,0,0.040886693533518106
21098,0,0.031953392595437446
41256,0,0.02840842406943887
3784,0,0.04098005004393631
20672,0,0.03172388132517018
1333,0,0.02371700124234115
16103,0,0.021254757928590974
63,0,0.04084355303546352
13854,0,0.030015459122685308
23026,0,0.06110946698690571
13526,0,0.028339806246314977
10834,0,0.04116761500463
2638,0,0.028095269133931396
40124,0,0.08548287682547571
30223,0,0.0410352774839846
7916,0,0.03235065017201492
9482,0,0.04052425299100232
2583,0,0.03546864508842894
8542,0,0.04016198718562224
9025,0,0.04099792595597899
44961,0,0.03936244844676251
39312,0,0.041317188416481035
20814,0,0.029205334683368035
30156,0,0.0398455847651165
8110,0,0.0411748574997088
31925,0,0.03389641976683695
39536,0,0.027633207060566222
30865,0,0.012264984759920137
9929,0,0.028618513605154335
20724,0,0.04070381989145392
7029,0,0.015240367548194892
37809,0,0.02987852947021843
34684,0,0.04093183725666324
20728,0,0.026931109037340584
39168,0,0.0262288114285084
38154,0,0.0313399512702804
24111,0,0.04061094433201576
24814,0,0.036847449745987165
1029,0,0.041095088930856824
24022,0,0.027988242382216227
8225,0,0.04090229213724589
40357,0,0.029337680424188124
28950,0,0.039381752059123726
42436,0,0.03283993216503134
23539,0,0.061963627733942546
5001,0,0.0409236271248004
3220,0,0.026476886572604462
26147,0,0.04100572834447519
35907,0,0.12324908202998
46845,0,0.03830521969478542
17781,0,0.03992244668081232
34362,0,0.035656420543010825
15878,0,0.019734966937240687
28817,0,0.03816786095325124
15754,0,0.03213717689746157
21093,0,0.05565346673209063
41351,0,0.021709565189579512
17434,0,0.04069852906177504
37380,0,0.03168686919984455
26002,0,0.040083987707585915
13256,0,0.031245131351980593
10087,0,0.03784645787501266
11286,0,0.032279230306622025
32928,0,0.04099374013070318
45701,0,0.006419110119754492
22081,0,0.04387526127286065
1108,0,0.06887048802955119
16556,0,0.04115934576647882
8967,0,0.030579894665707392
30101,0,0.040678096016140905
43642,0,0.04096261398479848
25225,0,0.040874690325962124
10838,0,0.04118957381289565
20092,0,0.028087021042757294
15733,0,0.026770979954689765
29501,0,0.031291031529151914
48403,0,0.03758691211661474
43716,0,0.04115593481127924
36563,0,0.04127242414905937
36133,0,0.02411333541197549
27231,0,0.0404516305422206
32533,0,0.03146755662451414
20331,0,0.0413152364649681
40301,0,0.03134031004484992
11211,0,0.030934940055101997
2586,0,0.037809739489132764
45028,0,0.030759347746899653
18313,0,0.03263803465863401
48519,0,0.022183713564618412
43299,0,0.039128146569042496
22665,0,0.02667557677032068
42208,0,0.038172419750580174
36350,0,0.03777280875596543
47843,0,0.04117972977963885
33494,0,0.030999330241706802
3678,0,0.040135479134174784
4237,0,0.041105961214395914
34147,0,0.04022166437699659
8046,0,0.040163423866076624
5847,0,0.041182577694234064
31264,0,0.03989011293753413
45850,0,0.03400784331381879
28418,0,0.028710743411869168
22714,0,0.03406536258422896
16715,0,0.01972849511397703
13303,0,0.032301056549769884
6482,0,0.03177568947116266
2881,0,0.03750519974352017
30077,0,0.055481236605630216
46318,0,0.04100004730782892
10660,0,0.03245098756514082
33959,0,0.040292714752831506
7288,0,0.038692293166446116
27549,0,0.04061599217339367
6500,0,0.041167841387779576
43479,0,0.04119642138056139
17846,0,0.031655922581121994
4713,0,0.04131622710474249
34080,0,0.05127918110900782
12721,0,0.010078394856645254
37313,0,0.05699741901242669
30,0,0.038429396187717055
19683,0,0.038267480949719185
13039,0,0.030357333881949767
1758,0,0.04205731847174386
19333,0,0.04024107127729198
22746,0,0.04788151355598006
9142,0,0.039756700486787255
165,0,0.03535562827056874
46397,0,0.03955135268985627
34494,0,0.0410508501234467
42571,0,0.039056636695468036
27857,0,0.037579457985262375
27700,0,0.019301237222242175
5754,0,0.027209834570509583
9998,0,0.03136750088466097
28786,0,0.04127482491927314
36372,0,0.03945783909341025
31965,0,0.023241004944190253
6543,0,0.025049835648615265
39740,0,0.038217087771216685
25437,0,0.04127915466747666
13071,0,0.034682202419496884
44269,0,0.03959422408501305
27642,0,0.04057760448927995
8529,0,0.030796624886621878
18540,0,0.03166203764516018
3350,0,0.03249959664184194
22856,0,0.0411386841571558
9443,0,0.030753483446612943
26337,0,0.03136577558364402
2928,0,0.03748217407981436
39006,0,0.032203032199461315
44471,0,0.040939385688204245
30741,0,0.026363313682692294
31930,0,0.02170641720911971
1678,0,0.04520879245289157
19926,0,0.02447218843241285
30706,0,0.040758684914344576
28501,0,0.5473921065674656
13066,0,0.021800017051427194
35750,0,0.03831099891432976
28604,0,0.04106717758772979
932,0,0.040982347620743806
17761,0,0.028701113425172096
33184,0,0.040297084768302675
7179,0,0.04065114605077237
29823,0,0.026657456090713186
35863,0,0.030488311473458762
15229,0,0.04489236382873846
19708,0,0.040130364304001145
4293,0,0.040960601556200536
23214,0,0.040799457595335854
25770,0,0.023635858233659223
35154,0,0.012436050045832021
35509,0,0.7906656255358928
34201,0,0.041241922950608106
25825,0,0.04090560048270753
23286,0,0.04108649740656719
7302,0,0.03236192720230509
43995,0,0.032137959205158335
8354,0,0.0394454443980304
22255,0,0.03832653668368052
35719,0,0.03938553466569202
46689,0,0.03799936663299516
31803,0,0.03700715917580571
29866,0,0.040775029400236446
44220,0,0.03832748355392244
47135,0,0.03264075367552101
15661,0,0.04465469022340269
36394,0,0.0311842672671709
18902,0,0.04122672209007801
21166,0,0.04026067173120066
11559,0,0.03938290723816053
31633,0,0.039063486152770374
22957,0,0.04019449283843078
24758,0,0.041186831740897614
25255,0,0.031198742170879985
38634,0,0.04031753687016954
43992,0,0.04117322227415096
26627,0,0.02942167233949199
40894,0,0.0385787520584956
3709,0,0.03912599238418383
28249,0,0.03853040765909674
43162,0,0.03255038374842438
42995,0,0.04131753941555446
33848,0,0.0390673459581406
21854,0,0.03748661158893564
20376,0,0.04063064331213144
44596,0,0.03958565748998019
35416,0,0.01668746518143038
31338,0,0.04095012383365114
30903,0,0.03992004584832702
48162,0,0.017454881718947653
40460,0,0.02940499204796061
42423,0,0.02111547435781983
40928,0,0.029091333477559815
30398,0,0.03136400683293045
28837,0,0.030645935418398496
35008,0,0.020812550588380087
20764,0,0.0284822013788532
20978,0,0.031047518685433463
2020,0,0.026233720580223885
45640,0,0.04052993083015002
47745,0,0.03975452344017606
17970,0,0.04102479583260206
11740,0,0.03862793045069105
30084,0,0.04117727485751318
42827,0,0.04017540045088657
15412,0,0.04071743481672558
29502,0,0.02327349149658348
18606,0,0.037516050451668885
1036,0,0.03995266445680798
23845,0,0.025323309098689743
35107,0,0.03764279221995955
13288,0,0.04030266922095789
29686,0,0.08814278853896872
14255,0,0.04147463454657106
37718,0,0.025783607120954875
19980,0,0.04047736891228256
13766,0,0.023560287370556533
13277,0,0.03267037929306753
7389,0,0.0413733911656417
45827,0,0.03830902316577441
44979,0,0.04097037102676705
17854,0,0.037615028248880265
44938,0,0.012011705953378672
6770,0,0.012493544894149248
4624,0,0.040642492423809295
40109,0,0.03179436507622684
5456,0,0.029395459593603162
48833,0,0.037467099448440504
22854,0,0.040291848144961534
29643,0,0.04018456041060789
46650,0,0.03251547177378507
36481,0,0.040413926977831666
1278,0,0.0393143087913825
43943,0,0.03701171755253764
45856,0,0.04109393828305028
35279,0,0.040883171618961454
48668,0,0.020521201492431102
5594,0,0.030544847823878188
26565,0,0.04066403476721198
6829,0,0.02791223348386396
9666,0,0.02958866307384524
26521,0,0.049584826267705086
6594,0,0.03956300510503071
11251,0,0.04027986232243627
19972,0,0.04118083844987992
28870,0,0.03251261298841572
11276,0,0.03091166333117519
28268,0,0.08656362610024389
43844,0,0.039153098268013005
29848,0,0.02892430959836201
42986,0,0.03716559887164918
40749,0,0.03070394647305729
42963,0,0.04083132251505275
9541,0,0.02839411857776278
7679,0,0.02878304433402047
32220,0,0.03797094863603016
2108,0,0.021782150431103965
2503,0,0.031042590258419833
39046,0,0.04082846101876308
3542,0,0.02671509970712664
43506,0,0.04118124158012474
36624,0,0.0325054114458789
20958,0,0.03070025848233222
19308,0,0.011003265151318387
30728,0,0.027555509570688325
6741,0,0.04119016898285018
2704,0,0.0317584846403356
26650,0,0.033121135632024803
26889,0,0.029585220502318585
44186,0,0.0388559191211232
46867,0,0.043898183658579816
46613,0,0.03100306635559716
40146,0,0.0315842138022332
33672,0,0.04083644915795858
35891,0,0.040502097555954
13101,0,0.030810446153763583
3758,0,0.04042960329265762
5414,0,0.03994609189833633
37046,0,0.05377745872297729
19129,0,0.04117339694279747
10430,0,0.041281901812520144
41007,0,0.04088882048758445
33924,0,0.040943013220005604
34901,0,0.062427409107791626
15363,0,0.02042100242770023
920,0,0.03961609059039898
3475,0,0.04137978611508124
7401,0,0.03157616819562566
17271,0,0.031284840126631054
21323,0,0.03759774896426667
26588,0,0.03913165118293031
4659,0,0.04113333982752859
32795,0,0.032167791613302375
10093,0,0.04084852225427483
26325,0,0.04039869344310872
12947,0,0.039072985944863345
5163,0,0.031342169378375785
25979,0,0.041135742068589665
5205,0,0.04009430668731139
24423,0,0.05386376710839873
33077,0,0.04139118135947646
25351,0,0.041209167734032506
12995,0,0.02682168995148106
44405,0,0.04121404860421266
21309,0,0.04467989491179608
43366,0,0.021747999931409096
31363,0,0.025693399594138175
12508,0,0.04107588824056746
40062,0,0.04128433870674636
20776,0,0.03251131783324273
2450,0,0.026456504784443242
34182,0,0.013227892146911079
25527,0,0.026782333357450727
29003,0,0.03989048185434145
40414,0,0.039462644011990095
238,0,0.03699972721938636
22709,0,0.0380268179825225
24207,0,0.013348885925575123
6269,0,0.032469717511742734
44568,0,0.04205283774195253
1367,0,0.041164800260555454
27563,0,0.03959172077094893
39012,0,0.04097054114891554
5560,0,0.038331740441397574
33861,0,0.028610876088668823
26492,0,0.04122385903799942
292,0,0.02441573939060236
38120,0,0.04025639397921936
36151,0,0.03252142011797621
43129,0,0.013653659958452928
24604,0,0.03949497231783582
6049,0,0.02641870726783876
38269,0,0.04123899873634108
32379,0,0.035092795682987656
33881,0,0.03221361614301779
45352,0,0.03576402890129537
10331,0,0.04107790540821222
5976,0,0.02937744160432829
25423,0,0.04038626426303086
32951,0,0.016160360061838946
17513,0,0.0322991427526442
5256,0,0.041119840002871534
23280,0,0.03215723056635021
48401,0,0.038904876031853906
24648,0,0.04096849619933252
29326,0,0.03779100648633954
27,0,0.045026228250391556
35296,0,0.03150145595248789
4388,0,0.02673340824836268
29531,0,0.026422161695383615
8139,0,0.757633549387612
519,0,0.039645493372086685
13779,0,0.02745019498235561
325,0,0.040985162614361303
30189,0,0.04062366424022478
23880,0,0.03189040279621573
22936,0,0.6461550961538379
9992,0,0.03262367249557054
36276,0,0.029737777133664652
13668,0,0.04097019851566601
42089,0,0.757748697168711
5361,0,0.04062332634395405
36968,0,0.037849820564115684
655,0,0.032164295501749346
15083,0,0.011660348778312226
44890,0,0.020168336655522378
35061,0,0.0322530307165203
30932,0,0.039505853388784644
12829,0,0.038216621273908416
26633,0,0.04074138566440506
14691,0,0.04124052059089724
40714,0,0.019643543696734902
8157,0,0.0416081843687738
25051,0,0.029445912311887
19283,0,0.032456136013420483
11992,0,0.041279603813405515
42505,0,0.021927407374930093
24574,0,0.04096273670039628
29752,0,0.04041179908389313
12702,0,0.02777867125088671
42499,0,0.04086694322686048
28814,0,0.04089167721243272
26883,0,0.039977112281406865
3427,0,0.05064484036371545
30519,0,0.040322817003025896
31499,0,0.03170459235710875
29908,0,0.04127147058995237
18618,0,0.15513933439710986
31968,0,0.037774197559574924
31028,0,0.04058039841777033
27971,0,0.040868020177941375
27629,0,0.03948049320320254
31778,0,0.0397880834989193
46864,0,0.04116039663652611
43898,0,0.04110854301330534
4415,0,0.04048292538444388
26297,0,0.03190569990124801
14790,0,0.035246821835181213
40408,0,0.029035865596928463
28767,0,0.02701084375080503
15241,0,0.031662093749051844
12354,0,0.03342747866427272
37979,0,0.04099944849909116
18873,0,0.03130230373009014
15188,0,0.03127989980559863
23407,0,0.03977902900374559
10030,0,0.0408737421976756
593,0,0.038602743083924945
42288,0,0.03216775844405873
28797,0,0.05583556391375389
23408,0,0.01614536363517557
46278,0,0.0395270412209533
46643,0,0.03796211525172472
5634,0,0.012949506565205934
42219,0,0.04010392253912641
46482,0,0.0274284961405441
9003,0,0.04048818033371266
2998,0,0.04087796124979327
44453,0,0.04007043476211491
38471,0,0.03249643890819611
3379,0,0.04956446216027216
21654,0,0.04089560055501133
42391,0,0.039909986551865055
21902,0,0.0396481648744382
24945,0,0.031131918813511104
24258,0,0.03223022815280488
44228,0,0.027836881075696665
7076,0,0.03771309466891098
46132,0,0.034952986616766255
34808,0,0.03766401163584993
18052,0,0.041174038357049074
17392,0,0.03137326817352681
44508,0,0.0414212493355759
15107,0,0.026406780691098912
22652,0,0.04113513573719655
2287,0,0.03811268287325377
5584,0,0.028107254226241794
23713,0,0.03893379262101507
10292,0,0.03750290577917451
7094,0,0.03929700534592819
12553,0,0.025687388602289665
12790,0,0.037371623563629365
31694,0,0.04050267316002417
16809,0,0.036962537231200555
37137,0,0.04024890654255309
45433,0,0.03200691705325441
30246,0,0.0296700355681421
15709,0,0.031735273093575975
19749,0,0.03814623008835759
31333,0,0.041047273255247915
11307,0,0.033429949829964285
48791,0,0.04084808425914114
6632,0,0.03070095725798819
35366,0,0.03127546574884217
28997,0,0.04118057631456233
47953,0,0.02859628544443723
31151,0,0.03863556058017426
42497,0,0.04062260736891565
18635,0,0.040940947491326256
47855,0,0.01819879871632396
48490,0,0.037996533133385
46922,0,0.04109899106059801
30360,0,0.034681270221949605
10984,0,0.04122306641483568
9544,0,0.03989219488473708
22664,0,0.029229543642837155
2568,0,0.03992025727417723
29757,0,0.04126670957439755
31370,0,0.041219810375834505
9643,0,0.0397772004653299
14851,0,0.01154475799390809
46655,0,0.0396753900832825
8812,0,0.645557867067858
36117,0,0.02661521991953064
33854,0,0.0408110508398367
20788,0,0.04021373724747214
29697,0,0.029409980702729557
30009,0,0.019670947734779044
18214,0,0.027715167065492263
33392,0,0.031758956766918305
26844,0,0.04128342216202411
32659,0,0.03817515075898448
18917,0,0.0404232077713737
34894,0,0.0410624497133778
47883,0,0.031620598550305704
45633,0,0.8251122120916132
48820,0,0.03768262775410043
417,0,0.04106419702574065
46454,0,0.040867722296959806
16681,0,0.028540371765935244
22438,0,0.029429719346259844
12787,0,0.04004646206092684
44185,0,0.04092466979426928
26020,0,0.04066668045280498
8678,0,0.04018776822981562
34542,0,0.023002018015974967
40065,0,0.032517252490854055
40479,0,0.03227480412175982
34917,0,0.0338142771682068
14202,0,0.03257613941422011
32841,0,0.03891217285053046
10657,0,0.015654400510173107
3186,0,0.03547351926039318
340,0,0.03932142965055505
29813,0,0.03995504198271383
24214,0,0.04022195526781959
15868,0,0.027326426131622356
47294,0,0.02693646670501362
28164,0,0.03193738186619072
7484,0,0.040861311793981156
25859,0,0.0349560935791376
17146,0,0.011058380465102654
31193,0,0.04125875606367802
46926,0,0.032217705285131196
39363,0,0.03896176601057216
34190,0,0.031533529913912034
25198,0,0.00678985539389919
1204,0,0.03211133934310838
25734,0,0.030296934365090088
35851,0,0.02160485911371664
35070,0,0.047251601297999136
40858,0,0.022827265755845132
22003,0,0.04115989578452371
25647,0,0.050630446236580744
49007,0,0.04132906913280415
2408,0,0.03912166714446849
22647,0,0.02992716834418712
47702,0,0.024125997385889428
43330,0,0.028027600028961878
36435,0,0.038512196316849434
5504,0,0.022633034293609244
20945,0,0.04117065926350218
28362,0,0.03806019709864771
15089,0,0.027802373104559925
43185,0,0.04076305285897735
6277,0,0.08689278709990318
37632,0,0.04124813299376746
32619,0,0.04121250518364149
43942,0,0.011115248747984783
37349,0,0.03991620476849521
16469,0,0.03254257452511959
4938,0,0.02245123519531856
18163,0,0.04103548956001866
27008,0,0.03695976677041916
7184,0,0.039826305696025285
3672,0,0.03257771782205227
38698,0,0.027982195819756372
48305,0,0.00980989924306197
11728,0,0.04047477832576824
33862,0,0.041173317370925826
18251,0,0.01993861481834562
16218,0,0.026219754478633745
34969,0,0.006947605039203707
35600,0,0.009459652264449692
32532,0,0.020876748300163273
46977,0,0.040672713576738254
14480,0,0.035275518985301575
48398,0,0.04083168718325104
38981,0,0.04072426356307651
10068,0,0.032205776214707514
18520,0,0.03142202599842116
533,0,0.026521894058464578
725,0,0.057474372732973275
36066,0,0.0382375709010003
22640,0,0.0326258808953938
10676,0,0.0316241649509407
44877,0,0.03176059717716705
7246,0,0.03754132062094064
1925,0,0.02421422185218481
18155,0,0.011668674686163493
29041,0,0.041170846738250694
27152,0,0.028132192018375142
24997,0,0.0397033220972658
34974,0,0.03229385000019706
22900,0,0.04020807508493905
42573,0,0.7478116743593691
45133,0,0.020754953947560096
41247,0,0.029438164000796706
34955,0,0.03794549138441533
30722,0,0.041177054432738815
11102,0,0.026582575082498974
33188,0,0.027855460894763623
10104,0,0.027334367115721018
14060,0,0.046841024399099256
26118,0,0.5332387844809834
33607,0,0.029424610249699328
8742,0,0.04064377605589518
24144,0,0.12289165987714445
2426,0,0.04095348263987358
38814,0,0.03069485703309237
14637,0,0.03836807028751717
14286,0,0.017041171331062217
14248,0,0.03774717628078488
9471,0,0.0283618981004292
17176,0,0.029704347248290196
39872,0,0.031759762366975176
18031,0,0.08530602776179431
18188,0,0.03962080111902225
16302,0,0.03155671591027467
5242,0,0.041179176349903375
31046,0,0.04086489836605839
41680,0,0.03893688254994082
5566,0,0.03973483503532378
30602,0,0.02362312747082011
36730,0,0.040299888020503986
46184,0,0.03195794931091749
11460,0,0.029401419055137327
48055,0,0.04012159316033594
44421,0,0.03540558941389042
20618,0,0.03989533655010315
1052,0,0.0409122676320798
4330,0,0.031841408288385574
28171,0,0.032503632352472986
39458,0,0.040167390811956104
20230,0,0.04116226192690413
47416,0,0.03025634724360203
44247,0,0.039914003247102564
20218,0,0.02066206690902904
11884,0,0.041191655212998377
30267,0,0.03952958655846629
37710,0,0.0411438053578893
14047,0,0.04679953986450884
23297,0,0.03970872821475346
41062,0,0.03207546285466942
32791,0,0.04075833784489344
16977,0,0.028777565767500637
6572,0,0.016066307124293206
22617,0,0.0573796559080732
26069,0,0.032168131501924456
22930,0,0.040707332551497916
6743,0,0.034601160885983535
1510,0,0.07242956625211769
47577,0,0.018732139806530563
11594,0,0.030445870980112665
28326,0,0.04096286535170492
15323,0,0.01766234474522779
14681,0,0.02991405921935208
15512,0,0.04120383985860927
23009,0,0.030531168343873403
44005,0,0.03074191147880638
26472,0,0.011081497750199934
27865,0,0.016128084510498346
41543,0,0.03687567259426254
24600,0,0.1498435617056111
22500,0,0.03535697814407042
10792,0,0.041226845939070826
21904,0,0.030350366896940078
47203,0,0.030616180801882543
48057,0,0.039848625970624114
41020,0,0.037491843018691635
18431,0,0.03778692786129574
20100,0,0.015270821753594767
42472,0,0.04103415571649254
34104,0,0.04121170224205978
20464,0,0.03158407636306283
29861,0,0.0409704027751637
27671,0,0.038324211551539006
20831,0,0.02880655162343944
14161,0,0.038339627971895426
34286,0,0.03156637084850113
5345,0,0.02833511626492666
46995,0,0.023630828238506728
9476,0,0.041170801674189336
32082,0,0.04468804116112759
38800,0,0.011547856952392339
47583,0,0.04110052021031663
36764,0,0.024614296970447546
13850,0,0.039020563080882635
33281,0,0.03724327499300566
43567,0,0.0398908240401886
39781,0,0.040288151455376585
13609,0,0.03253361700178471
28944,0,0.04003864097813048
36927,0,0.040137352049413384
6167,0,0.040175884436899505
29469,0,0.03858161937134821
15612,0,0.026855159755560996
11781,0,0.03170172951648795
46306,0,0.026809874385102867
34948,0,0.03849377971561906
14871,0,0.04097796097956845
19152,0,0.04064063593559865
24614,0,0.032457240047511396
36930,0,0.026060991360051636
42581,0,0.03012710187495049
18923,0,0.02813684890543642
44792,0,0.03060907245885222
37952,0,0.032431768508071
26061,0,0.032770065950793514
23803,0,0.03241701829743808
10021,0,0.04095936549669597
9829,0,0.04139582504356207
35581,0,0.03243048758831551
22511,0,0.035121863562727645
46754,0,0.03161471522517475
48260,0,0.032234766308121436
48298,0,0.039462748225780005
35646,0,0.041221508710965686
9805,0,0.04090432603968262
26500,0,0.04008458556742904
15421,0,0.04113907390578294
29819,0,0.041188471182860835
41102,0,0.04020313354703514
745,0,0.027453002033575213
21552,0,0.04390038852214448
893,0,0.039565404403122194
14751,0,0.03831177749603079
9257,0,0.031097884391405328
45337,0,0.03833169860872209
48014,0,0.03077437114409712
25822,0,0.02629147153205137
17659,0,0.038319849470017986
18663,0,0.0369820649798116
29519,0,0.02089128939943297
47453,0,0.03815702138712303
17308,0,0.04141559791108223
3646,0,0.03154005937325643
18699,0,0.03107521028469283
9315,0,0.0410949935689772
33102,0,0.03150756129875059
46874,0,0.0128416694954466
36577,0,0.028108960709753293
45049,0,0.031967005836346596
30259,0,0.03135955939591539
28205,0,0.041168989992309626
5203,0,0.030527108982019636
19471,0,0.08805525070078803
43457,0,0.04061790249775599
4269,0,0.040962607913345
10207,0,0.04094438933271589
140,0,0.03959680557475132
40293,0,0.032531352937109154
29058,0,0.032151145997872714
26198,0,0.03969703323561035
22183,0,0.04101062687937297
46821,0,0.035190383779655506
11088,0,0.034641339340800194
12388,0,0.039608942903775694
35082,0,0.03955879838873036
26792,0,0.027486298351410997
4263,0,0.0409618073013738
15740,0,0.04109330313146664
31503,0,0.04038545330105418
30724,0,0.039756957584670446
46005,0,0.03410586735584899
6246,0,0.031574296824953545
12946,0,0.03900863771219752
20069,0,0.03770979817537429
38772,0,0.02727002580750426
28499,0,0.03231271292238395
20335,0,0.04063846665748044
17957,0,0.03876044472794687
37544,0,0.023148284171625805
15458,0,0.04090150577267881
19507,0,0.030384669281371197
44193,0,0.04109926612253462
3728,0,0.025935894350490388
37363,0,0.013837226303963451
34485,0,0.04110077723460119
1547,0,0.02043881839266375
47363,0,0.04116890616164295
427,0,0.02716700955055733
11850,0,0.03260516796291257
39372,0,0.034486478078797726
12523,0,0.04117993840936099
32428,0,0.03758419057666602
40268,0,0.0317956873105284
34115,0,0.038038073046673136
48695,0,0.03162410630813682
7343,0,0.04061701809539533
38232,0,0.06175212167238966
41012,0,0.06020015899988686
12238,0,0.03792950941522442
7209,0,0.027991501370139806
11980,0,0.039585799470137205
1033,0,0.04390702259281798
9563,0,0.04002374149997109
48611,0,0.03751437274584457
44356,0,0.04065089753255086
42153,0,0.03953643305521299
42140,0,0.020056219087982878
7526,0,0.038959922665996426
42157,0,0.7477877023087288
27711,0,0.033054171604068365
32909,0,0.03401846175697188
18071,0,0.04119302608390563
32158,0,0.039757101614391006
30001,0,0.031232829512636128
6437,0,0.04046047157305512
37649,0,0.028171469901774476
44298,0,0.04468227315751197
46546,0,0.04009618189705829
37376,0,0.023444274587035914
12041,0,0.055835005041798766
42566,0,0.032131104346905866
46495,0,0.03231975608709496
39272,0,0.03903618114149484
37577,0,0.041041995653808956
46441,0,0.05541396667371465
3399,0,0.03050503062793817
2564,0,0.032716113114149306
3521,0,0.039004297972319295
30038,0,0.02917231288010157
36159,0,0.04118536001541467
29323,0,0.040483679001649675
31537,0,0.04083671548646814
1414,0,0.02607139777356279
40540,0,0.038019234791566936
27679,0,0.0376434753116948
36100,0,0.03257537400055568
18957,0,0.020974493333467088
44147,0,0.03915572110456049
35961,0,0.04118502709153804
27861,0,0.03927281619114932
10827,0,0.03867639842841794
24567,0,0.04124330233477197
46381,0,0.027459830929751374
35233,0,0.02922429598907024
40653,0,0.029523779673372136
16563,0,0.043888307286819375
1249,0,0.03747484704268037
29957,0,0.02967679111776524
31074,0,0.040972531028577674
32998,0,0.041148309944450324
32604,0,0.013237304414018325
5688,0,0.03884233732672745
24493,0,0.04116208852187685
26296,0,0.04064301525478096
14617,0,0.04118295621957037
15753,0,0.038219279075653576
20962,0,0.03792689428400584
2475,0,0.03188578550067576
34171,0,0.04121230297456998
38515,0,0.040759254707824086
34682,0,0.0382510580305201
45219,0,0.06165418551957735
9013,0,0.019782949730824582
29583,0,0.02986610433377254
4503,0,0.03251805925227394
34693,0,0.02530910657740597
4823,0,0.038345446248037506
24511,0,0.03404268152906536
15279,0,0.04042672095083456
37528,0,0.0369020785788861
3799,0,0.04117668606959658
5439,0,0.032276820923929396
42666,0,0.04107130956253404
46093,0,0.032460509080076576
45669,0,0.04056347329901272
10340,0,0.0179722112790608
12591,0,0.0401905286117842
22904,0,0.03959673165032746
36221,0,0.04028314863839993
22189,0,0.38341191240339034
22110,0,0.041068718524342025
8690,0,0.01161346404323669
20478,0,0.02542345459980311
25328,0,0.03977559288639688
20545,0,0.03233741847319612
23275,0,0.029578659880739433
22060,0,0.04117664620004405
8073,0,0.04013394454680403
33915,0,0.040925004468737605
38954,0,0.04137912847439184
16292,0,0.04103493647896208
39886,0,0.019931218495754757
8568,0,0.03059062709057786
5599,0,0.028006926446163104
34530,0,0.03195592130087781
21694,0,0.02746459638170944
9661,0,0.04066428298389871
883,0,0.03159357015936368
12344,0,0.029539718940127364
4344,0,0.03992283528281745
6740,0,0.03177613019016379
4745,0,0.03912595831189869
39789,0,0.03140597872212532
47209,0,0.03234954090552276
18414,0,0.011997881415207445
47881,0,0.049587188345939365
38,0,0.036498249536075514
37965,0,0.03949865181042049
36461,0,0.04057768803100032
32675,0,0.033108265959406344
11336,0,0.04120600740495478
30642,0,0.038781781194611266
23675,0,0.031410545141387705
33844,0,0.046892054802776126
46217,0,0.038098908436012505
20800,0,0.04115504840511557
30260,0,0.02855249744656827
4063,0,0.03120087114889173
43757,0,0.03990275262618122
9251,0,0.041116819921947434
5547,0,0.04067578827548378
45022,0,0.03354996319390272
44026,0,0.040118457571251084
35847,0,0.03747869431077432
16683,0,0.031539647188985984
28119,0,0.03283385064269694
17448,0,0.024144401344768942
31882,0,0.021496174562625914
43768,0,0.04096565779242249
35653,0,0.031068984485596914
6745,0,0.01858626423725594
6239,0,0.0412006047533685
18747,0,0.0412268179527084
7844,0,0.0386277658631563
39472,0,0.03098799802415254
2984,0,0.03446684150239828
16442,0,0.041379588625821515
17156,0,0.03759881849152559
46450,0,0.037528252640768506
7161,0,0.029473075121907083
42743,0,0.028444737105369426
48372,0,0.04038333185234154
21477,0,0.061599236530520615
3853,0,0.03171537861335287
1888,0,0.028006159027415437
38115,0,0.03952128291503218
24032,0,0.040884441793473635
24313,0,0.041390037006868725
18733,0,0.04111657968112679
27412,0,0.03342199941970037
17622,0,0.02769039368127937
16406,0,0.03981208844855694
9329,0,0.03763570615000155
15128,0,0.03978383211260725
42727,0,0.022550250693453153
8835,0,0.04094724079128602
18012,0,0.03985884857806638
38507,0,0.034255958553624684
27030,0,0.06213423701030288
9469,0,0.028663648812547033
767,0,0.03260919243674008
2667,0,0.039611048390731714
35011,0,0.04047829021349786
22454,0,0.030861983592346112
35266,0,0.040647267735679206
19773,0,0.038182218530379855
26454,0,0.03258970234981811
13281,0,0.03286773494858341
2199,0,0.029988376419621002
43956,0,0.04117104480690019
7146,0,0.02970810234929031
16946,0,0.025541868352866808
38019,0,0.03859638912780982
43307,0,0.03998755972362951
23447,0,0.037858195787325216
21209,0,0.030897974199172194
39685,0,0.03240052798982335
4783,0,0.040932770590590875
45010,0,0.03767438474040217
989,0,0.04115178736164156
21594,0,0.03991294235552859
17077,0,0.040890750193907775
34205,0,0.04096616309535928
29849,0,0.0304412215928406
7725,0,0.023359580641436964
26395,0,0.040949568652217015
9701,0,0.032614143407112633
23570,0,0.021578043539405845
971,0,0.037662425960467524
3574,0,0.029903901120483484
20657,0,0.02640453522312675
6074,0,0.037586915710385735
36526,0,0.03184416036449995
894,0,0.02626189911708027
11838,0,0.04147967233734619
24112,0,0.04028703862084114
37665,0,0.03091761290265903
9250,0,0.029457985885480657
38460,0,0.041271728632493336
45177,0,0.031414502518734885
44790,0,0.03863468576415508
15750,0,0.04077235200289089
11255,0,0.032577124300262036
41485,0,0.04090149171103698
46637,0,0.03833651880087384
39892,0,0.0319226756234101
29187,0,0.03252670363808644
22774,0,0.02637590624328672
12086,0,0.04120070901850394
28976,0,0.03749732648027135
16615,0,0.031058646154030315
12417,0,0.04037482099180516
25798,0,0.0064388884956873
1313,0,0.031441680474512616
34152,0,0.030035118943702404
29539,0,0.03858266864699475
47366,0,0.008838845572531711
10181,0,0.03551455793039846
41732,0,0.03010089529356728
9580,0,0.02942722090872605
47640,0,0.02082400692323508
33439,0,0.04027627360609059
12669,0,0.04051037799391366
3018,0,0.02963176087896136
15511,0,0.02700860023610735
4094,0,0.04074242254461452
23176,0,0.03948740364340923
44947,0,0.04073754655755489
13248,0,0.041222651521343336
24108,0,0.04003924357414575
6443,0,0.03071030942698336
12185,0,0.030504381816031118
18476,0,0.03226886984504157
15490,0,0.041213238465766557
41189,0,0.03077354308382399
32674,0,0.013450207891873274
25410,0,0.027661229435389692
47486,0,0.04096422374416891
24492,0,0.010505313603549832
24988,0,0.030332623215254942
26814,0,0.02750657142321616
39436,0,0.031044450128986947
47566,0,0.02411116218628465
35711,0,0.04688449501369222
41698,0,0.03884640438334593
46258,0,0.019722322809160444
39507,0,0.029893055687225566
38506,0,0.03191273726962947
43895,0,0.031271636310884324
20607,0,0.028132706779247608
23881,0,0.0307867658453203
16436,0,0.041196546953005876
878,0,0.0401318966342185
4224,0,0.056962272658891235
30010,0,0.04091856697407774
42101,0,0.032499846025624814
34625,0,0.040801016703096014
34330,0,0.02035440658129968
46850,0,0.03595406185512051
27827,0,0.026986445814609062
22780,0,0.03248411464240941
34523,0,0.037138087834855255
6343,0,0.04107295858902379
38911,0,0.04089295446290469
49051,0,0.038617493740133145
36853,0,0.02968993101951086
26352,0,0.03768289624489122
17070,0,0.03510631966654329
40635,0,0.03246777913353814
16997,0,0.8249553001723859
43417,0,0.031633250767625964
12250,0,0.04119534538746953
17585,0,0.04121245413233573
615,0,0.029993924927046892
27111,0,0.0346678831127188
15132,0,0.029495699765340007
32419,0,0.06136746222951224
44496,0,0.040815056671736204
21236,0,0.026990518281423063
42062,0,0.03196806356003605
18263,0,0.03905617833119743
15049,0,0.038722710803761634
7828,0,0.03768198653678089
10572,0,0.0359267420751173
16862,0,0.0323314396332556
47731,0,0.03049738920188374
37135,0,0.039654993761029156
46691,0,0.014600044414209527
5065,0,0.04037734655626103
24508,0,0.04113409836435853
25163,0,0.04119803289660903
31493,0,0.021377368942358997
1672,0,0.027308817154426252
1517,0,0.040833418189356006
19496,0,0.04054272692889153
45546,0,0.03469286777261641
17526,0,0.02634304905594528
30721,0,0.028881385879039635
15492,0,0.041006092145899925
17246,0,0.038941955317643245
7731,0,0.023910360809256865
47494,0,0.04050385972645381
12442,0,0.03764483024285993
19814,0,0.02188215947352305
3035,0,0.014864390275647045
14940,0,0.038422930474079464
7821,0,0.08439969454381695
6075,0,0.03560491886845714
43328,0,0.03982043298242051
432,0,0.03834221686627727
40657,0,0.0314480311095866
35309,0,0.02725330961197939
6957,0,0.037393055333239895
36032,0,0.040807331421926496
46939,0,0.041161612376369124
26984,0,0.041164109173749464
24114,0,0.027299477609274047
2419,0,0.03748976470398022
36955,0,0.032671019944353286
42942,0,0.0411015478072884
30503,0,0.061160833212783886
48594,0,0.026964637061460427
5022,0,0.039847819130268934
4368,0,0.04042430591504245
43250,0,0.03980410742294173
29423,0,0.040092386485062484
35856,0,0.03786156480459521
20285,0,0.03098532142665463
34885,0,0.030260788566139417
7966,0,0.0850376150672327
29955,0,0.04053800954572892
42278,0,0.040701529090454575
26548,0,0.03267994945306032
21755,0,0.033382771086200386
40585,0,0.040559049207700655
22700,0,0.03131205523055481
7242,0,0.009544535804898802
24870,0,0.022134448824896225
14528,0,0.016129380872957014
23679,0,0.020150330711004357
18593,0,0.04098515959259775
11400,0,0.0564180875903268
21517,0,0.031193846314715827
3163,0,0.041169904987455874
2626,0,0.04107676851944975
40874,0,0.031264612265972276
40599,0,0.04139753628686466
40091,0,0.03154412806685327
32470,0,0.027838609567262668
43082,0,0.040432718117812565
30111,0,0.01976743923631619
12878,0,0.03949965190028142
2296,0,0.04048676963163572
4107,0,0.033045303918694556
14625,0,0.03282707033211182
43089,0,0.030395383059091535
42106,0,0.04007695917178936
23841,0,0.026467574451965157
40195,0,0.03082758395771822
2977,0,0.040784167059899054
36015,0,0.029156357647611115
11009,0,0.03445250700742214
9586,0,0.03752801653500554
5461,0,0.03198501758925088
2421,0,0.03166636018640954
38102,0,0.039709684357296805
3651,0,0.04115726596185439
43732,0,0.031020504775848858
39907,0,0.051800664856386056
24865,0,0.011910350467591162
10662,0,0.032430455073468555
4997,0,0.032920007422477485
17637,0,0.037539954468208306
23315,0,0.04072696237970708
42738,0,0.02711447737769745
19310,0,0.03861694404153208
8048,0,0.028714297799179826
43388,0,0.03953831282533098
33374,0,0.041136990119266796
35556,0,0.02689844435468885
3242,0,0.009647371485010218
6183,0,0.03933535972224741
14251,0,0.040695465516259445
34508,0,0.021900371890012836
6462,0,0.02068639737951571
19420,0,0.03235505223817509
14289,0,0.03708427007017355
17227,0,0.04124581673910466
28135,0,0.037941808389588084
6754,0,0.04046784292841913
42231,0,0.04121796402367884
32298,0,0.038160273616638124
36504,0,0.04019049679985867
21680,0,0.03969893462929382
9360,0,0.03836747215414517
754,0,0.03042654237852343
46182,0,0.03989980431542825
7651,0,0.030448830729736306
25518,0,0.02635282612187981
15916,0,0.02451188075131571
11068,0,0.03398787990424776
32744,0,0.03259627896231303
32473,0,0.01915477989338753
8180,0,0.022156951439901318
2596,0,0.03899978866323757
17799,0,0.03917195052730903
35256,0,0.038323115075032506
124,0,0.04109753898453412
6648,0,0.05562347332738319
20614,0,0.040297336849054115
36548,0,0.04090976286839805
42506,0,0.7477578794833422
36594,0,0.033427926344830765
23278,0,0.03249055203335849
45474,0,0.03235841038124063
4281,0,0.041166799159509236
21799,0,0.027195203775874168
4085,0,0.03242539885510533
12159,0,0.04091216405959653
3031,0,0.037638533574175195
39346,0,0.028493993776608165
18960,0,0.031246214449156446
59,0,0.031430783162956846
48122,0,0.040968220287402844
16391,0,0.7634090336657646
36555,0,0.04013041890722
35840,0,0.040904726217986305
22934,0,0.04131692383403066
11300,0,0.03713469683311648
31380,0,0.03257303458523117
3039,0,0.041327068373455546
26780,0,0.030272511494678828
24714,0,0.031922146000033826
18255,0,0.03401375973989455
46818,0,0.0333846308256604
16327,0,0.03776988829361868
41769,0,0.040454572379992775
31704,0,0.028904287202662818
6026,0,0.041033762559215696
18932,0,0.5239158912352083
25977,0,0.031618286794718696
23573,0,0.03999640793454601
20594,0,0.03786517250565156
31141,0,0.02767476277565243
45224,0,0.03697994158206433
45399,0,0.04045249632428667
22221,0,0.01910362064509628
19112,0,0.030226792881086966
8582,0,0.030581474358924117
22295,0,0.031187923707116785
19400,0,0.7478236075265601
11796,0,0.041198228582620997
12349,0,0.041201588967897315
2106,0,0.04052207825726696
38318,0,0.04109348209493948
13632,0,0.03261635545429973
748,0,0.03223521156779084
6,0,0.04129199033601251
1408,0,0.03884480481291812
20372,0,0.018605459524198068
10081,0,0.0412581679330313
40475,0,0.041244113177336963
24738,0,0.03949602642476657
40893,0,0.04121188489539717
3325,0,0.027145741382626546
2311,0,0.037661357828110475
45697,0,0.04113414774782192
32913,0,0.041283829905492425
9017,0,0.04116612235226044
33606,0,0.041247232770312815
45902,0,0.029783234480813655
33527,0,0.028028845366532155
3648,0,0.023718806683911013
809,0,0.03852917997164282
21537,0,0.03197772683092433
43828,0,0.027341007743956865
29312,0,0.03237918387247208
32487,0,0.03931010977122848
1129,0,0.04051475252412538
48311,0,0.025997657443481526
16495,0,0.03953610573180417
25037,0,0.03159991890272932
29161,0,0.038630613049396766
3197,0,0.0412933599135443
45673,0,0.031353905665086355
35244,0,0.0320836591106577
47956,0,0.019767450914339905
31240,0,0.02914806175953289
1757,0,0.02263307283006272
10627,0,0.032341831928523364
48858,0,0.03235058835298054
7307,0,0.03233193945166251
28199,0,0.02390764617031127
14989,0,0.03193348366793996
2963,0,0.04115357533019121
2052,0,0.031044502216272002
44946,0,0.0314062473723762
16245,0,0.0412274503953197
5068,0,0.041212644502538656
14332,0,0.031001299238264404
33431,0,0.03802612219991376
20739,0,0.04113972594090795
35050,0,0.04018778527309982
10949,0,0.012263733688485403
4575,0,0.027139507258973947
41131,0,0.029989656447589517
33217,0,0.03966424256731456
39913,0,0.03892536930190083
15275,0,0.7480325711858657
526,0,0.030185498345795696
35237,0,0.03848042968209276
20226,0,0.03030812141414551
42548,0,0.03902251115035752
34053,0,0.041202540243095345
24696,0,0.05585276745282196
7834,0,0.03190024441719426
33784,0,0.03111741103255499
22401,0,0.030235557671205882
10968,0,0.04109961162297708
17030,0,0.04084017977023058
35966,0,0.03954328134194565
1,1,0.23339744839371754
5,1,0.9999850692017801
19,1,0.9999999999619803
29,1,0.9740210406813611
39,1,0.9163056867773919
51,1,0.9999999999619803
52,1,0.9999999999619803
90,1,0.9968431409750638
96,1,0.9975197377551923
99,1,0.9773474468339343
153,1,0.9999999999619803
155,1,0.9763119801543748
172,1,0.984666059031615
195,1,0.999744741950928
213,1,0.621476017594701
228,1,0.9999326994388796
240,1,0.9774572315756388
242,1,0.999980944592818
253,1,0.9999850721806703
256,1,0.06995670802600179
277,1,0.9992692118537246
287,1,0.9640874753222499
290,1,0.9640650050769048
293,1,0.9999999999619803
316,1,0.9999999999619803
343,1,0.9999999999619803
348,1,0.9999999999619803
357,1,0.9999093961655326
373,1,0.9167919177802545
385,1,0.9999999999619803
390,1,0.9908923434394301
405,1,0.9999819168976186
437,1,0.99436093498452
438,1,0.999973313305375
443,1,0.9997131060690165
465,1,0.9999999999619803
492,1,0.9163419648032409
518,1,0.9962009211737312
540,1,0.9826899160436544
565,1,0.9997764212244534
631,1,0.9999774276912541
658,1,0.9882973233189108
664,1,0.9962050816564593
689,1,0.9999999999619803
711,1,0.9961580765357122
736,1,0.9983105182021418
739,1,0.9999999999619803
764,1,0.9999999999619803
794,1,0.9815617628683202
795,1,0.9999999999619803
805,1,0.9857968650645365
822,1,0.9997448425680657
823,1,0.9999999999619803
825,1,0.9965219430317819
835,1,0.9958148726318052
863,1,0.9999999999619803
881,1,0.9999999999619803
885,1,0.9962057273563709
887,1,0.999151247847893
901,1,0.9442007801163487
905,1,0.9999999999619803
911,1,0.9999999999619803
918,1,0.9996974374501137
923,1,0.9926849613043611
964,1,0.9918386873747467
979,1,0.9909072613457544
982,1,0.9999999999619803
987,1,0.9999999999619803
1010,1,0.5363860032114987
1011,1,0.9631004743802404
1012,1,0.9163345761656693
1015,1,0.9999410789030769
1022,1,0.9993498454905183
1028,1,0.9465348310605429
1040,1,0.9997130749014842
1043,1,0.9999999999619803
1075,1,0.9598363401472164
1096,1,0.9857944923912628
1101,1,0.9999999999619803
1102,1,0.997712042404338
1122,1,0.9815710839512812
1123,1,0.9999304822931464
1128,1,0.9999410547553531
1137,1,0.9826534185448943
1140,1,0.9999999999619803
1151,1,0.9136664059693466
1154,1,0.9999999999619803
1156,1,0.9163121494444089
1173,1,0.9991379695698435
1192,1,0.9968495604123317
1215,1,0.9999809301731726
1236,1,0.9962003595212262
1267,1,0.9989903794571429
1284,1,0.9999999999619803
1287,1,0.9999999999619803
1292,1,0.9882913348838347
1324,1,0.9867291103672483
1331,1,0.9999999999619803
1350,1,0.9976470110521649
1392,1,0.9999999999619803
1399,1,0.9990184603075223
1409,1,0.9999999999619803
1434,1,0.982387893408088
1445,1,0.9976685326503294
1453,1,0.916685247894
1454,1,0.9999943874061792
1455,1,0.9245151172724357
1466,1,0.986733542926521
1468,1,0.9992790824029422
1479,1,0.9999999999619803
1481,1,0.9999999999619803
1486,1,0.9999999999619803
1498,1,0.9993345912464912
1507,1,0.9999809490968974
1515,1,0.9999315430955467
1524,1,0.9999999999619803
1526,1,0.7892684863139793
1540,1,0.977322660789875
1558,1,0.03984146356068088
1559,1,0.8960863702697233
1590,1,0.9925446303449318
1594,1,0.9993348379981466
1619,1,0.9615483198396512
1622,1,0.9999999999619803
1628,1,0.9999943847738595
1633,1,0.9999999999619803
1642,1,0.9867237111465075
1677,1,0.9999999999619803
1679,1,0.9999999999619803
1704,1,0.9956721046396672
1728,1,0.9866516330562836
1734,1,0.9972684660453133
1735,1,0.4199715263604474
1738,1,0.9999314827098921
1776,1,0.9999779343095083
1801,1,0.8962726507403415
1802,1,0.9826642020280217
1810,1,0.9976501675965048
1813,1,0.9999772031106917
1820,1,0.946423170777172
1821,1,0.9999999999619803
1824,1,0.9248512789578545
1826,1,0.9999999999619803
1836,1,0.9994370516594582
1839,1,0.9962123440822507
1840,1,0.9748209454552234
1844,1,0.9999999999619803
1866,1,0.9999999999619803
1868,1,0.9999999999619803
1894,1,0.9166710698386347
1914,1,0.9740026015123716
1920,1,0.9994376689774376
1926,1,0.9962128144076887
1950,1,0.9836206516328443
1953,1,0.9754079124960787
1958,1,0.9840416589220483
1973,1,0.9982340497608072
1975,1,0.8296838718765859
2002,1,0.9999819214166644
2011,1,0.9762271192764566
2018,1,0.9774652154189521
2036,1,0.4879443364674564
2051,1,0.9999999999619803
2059,1,0.9999999999619803
2068,1,0.999278670895825
2071,1,0.9997447710387349
2092,1,0.997648038708803
2095,1,0.9983603558620189
2111,1,0.9915539800133106
2121,1,0.9992683990492661
2128,1,0.9999809761947128
2132,1,0.9587267532816073
2149,1,0.9623854221153308
2151,1,0.9992800592878852
2175,1,0.9768835876801346
2193,1,0.9857933298446138
2211,1,0.999943863024031
2214,1,0.9587329084281615
2215,1,0.9444637330664704
2224,1,0.9774455544020176
2233,1,0.9999437512187299
2283,1,0.999804088705806
2285,1,0.9996977493162337
2288,1,0.9882908483140319
2294,1,0.9999999999619803
2307,1,0.9999999999619803
2326,1,0.040704776907936176
2335,1,0.7391872907339556
2363,1,0.9999999999619803
2384,1,0.9999999999619803
2386,1,0.9999999999619803
2404,1,0.9999051875878109
2420,1,0.9991414357266168
2451,1,0.9826755293471078
2453,1,0.9999319800172533
2455,1,0.9968479134206182
2466,1,0.9999850607676782
2472,1,0.9999999999619803
2491,1,0.9999999999619803
2494,1,0.9960985160265139
2519,1,0.997867880703079
2524,1,0.9857847055388935
2528,1,0.9961541048485614
2530,1,0.9999999999619803
2545,1,0.9836154090080332
2546,1,0.9997765231797455
2600,1,0.9999999999619803
2604,1,0.9136167601887013
2616,1,0.9926872504713685
2633,1,0.9926928057655773
2635,1,0.9849005528098008
2642,1,0.9965213635973624
2644,1,0.9958935192989046
2655,1,0.9999999999619803
2677,1,0.9919554434734569
2708,1,0.9999773103319782
2730,1,0.9999999999619803
2751,1,0.9463966965884835
2760,1,0.9826689905842647
2764,1,0.9220751964454039
2787,1,0.9994371478250303
2792,1,0.9993345981405829
2795,1,0.9785511896210075
2797,1,0.9866383002650317
2838,1,0.04115976335769323
2842,1,0.9999999999619803
2858,1,0.9999999999619803
2862,1,0.9268167042845956
2888,1,0.9999999999619803
2889,1,0.9908964273393345
2892,1,0.977441690634303
2897,1,0.9999999999619803
2906,1,0.9999999999619803
2982,1,0.999999999961858
2985,1,0.9957445472379859
2999,1,0.999999999942718
3010,1,0.9994374848129896
3022,1,0.9248595310633405
3030,1,0.9615743610798653
3034,1,0.9999999999619803
3055,1,0.9997788094823382
3077,1,0.9999999999619803
3110,1,0.9999999999619803
3113,1,0.7773253099690686
3129,1,0.996847297167603
3143,1,0.9962124984763979
3147,1,0.9921551473740996
3168,1,0.999994389630112
3175,1,0.9779964241246513
3185,1,0.9965283211026654
3193,1,0.9762001030866743
3195,1,0.9999999999619803
3225,1,0.9930416286255944
3259,1,0.9999999999619803
3265,1,0.9999999999619803
3277,1,0.8396228606728803
3279,1,0.9997788808629148
3297,1,0.9999999999619803
3312,1,0.041444043821539454
3336,1,0.9999771932672313
3338,1,0.9999999999619803
3339,1,0.9972348201557975
3373,1,0.9815580151173203
3381,1,0.9997446670591467
3391,1,0.9780217259373746
3394,1,0.9962090365639089
3409,1,0.9999999999619803
3419,1,0.9961590720593848
3420,1,0.9197680278416658
3423,1,0.9991420553893681
3426,1,0.9988714432323891
3429,1,0.999804164644206
3438,1,0.9974753914791539
3455,1,0.9999999999619803
3467,1,0.39276103403650375
3472,1,0.9825154161878636
3473,1,0.9999999999619803
3483,1,0.9999999999619803
3496,1,0.9615656394278345
3498,1,0.027381582602727026
3512,1,0.9999772177957741
3524,1,0.7704308441297136
3527,1,0.997644464117303
3535,1,0.9198315440307812
3544,1,0.5764049757885882
3570,1,0.9956701663423253
3582,1,0.9999999999619803
3584,1,0.17958461305564444
3596,1,0.9857831781588825
3601,1,0.9774431423123823
3623,1,0.997648932501536
3626,1,0.9836242523608171
3633,1,0.9999999999619803
3640,1,0.8130036140026493
3642,1,0.9999777330357958
3661,1,0.9741324882938043
3690,1,0.8963544151048614
3700,1,0.9163135282388442
3706,1,0.9768782724471101
3715,1,0.9999850853612656
3736,1,0.9631066072807692
3768,1,0.9999850928351338
3770,1,0.6955115650458584
3773,1,0.9999999999619803
3774,1,0.9907317549283086
3779,1,0.9926946341576337
3783,1,0.9997792472088407
3805,1,0.9999083070387299
3818,1,0.9161388018240894
3831,1,0.9244813015975003
3840,1,0.9999999999619803
3875,1,0.9999999999619803
3888,1,0.9465476172752167
3939,1,0.5889911605513517
3959,1,0.9999999998160223
3963,1,0.8896049169984677
3995,1,0.9999779568076678
4001,1,0.999985101310215
4025,1,0.9740077141816261
4027,1,0.9991524318489508
4031,1,0.9967157761392544
4038,1,0.514674546355994
4060,1,0.984052362842499
4086,1,0.946399246045003
4099,1,0.04185193278458728
4110,1,0.9999999999619803
4121,1,0.9999999999619803
4136,1,0.9773391232625223
4144,1,0.9997449428329523
4151,1,0.060056760003862175
4154,1,0.9598388584416003
4167,1,0.9962104433132296
4203,1,0.9999999999619803
4228,1,0.9972632927882827
4251,1,0.9999192671668299
4267,1,0.9712012545115157
4310,1,0.9992690093341374
4316,1,0.9965271799813408
4321,1,0.9999809399853494
4323,1,0.9991419220856073
4362,1,0.9999809149478136
4365,1,0.9988717187673419
4373,1,0.9999999999619803
4375,1,0.9999809820935185
4384,1,0.9836307556898997
4389,1,0.9997448093393915
4396,1,0.9875023598228385
4403,1,0.9999999999619803
4425,1,0.7772181229086154
4432,1,0.9962088828515132
4438,1,0.9999851116217795
4460,1,0.9444764907354138
4483,1,0.9754041866171838
4501,1,0.9615830456661929
4505,1,0.9999999999619803
4515,1,0.9999957663958119
4521,1,0.997265554959142
4525,1,0.9975194242067563
4531,1,0.9999771805205679
4539,1,0.9999169827716508
4549,1,0.9999999999619803
4564,1,0.9991382402312454
4571,1,0.9999999999619803
4577,1,0.9999999999619803
4579,1,0.9999999999619803
4585,1,0.9918299187814419
4598,1,0.9999999999619803
4600,1,0.9999999999619803
4603,1,0.9972647031007441
4605,1,0.9999999999619803
4613,1,0.9994369863145615
4614,1,0.9981673043681494
4629,1,0.9812252644536222
4641,1,0.9999809553547359
4642,1,0.9991378828824811
4657,1,0.9989895876086434
4679,1,0.04082466325101984
4687,1,0.9918287350522944
4693,1,0.9999999999619803
4694,1,0.9840451079366441
4709,1,0.9975189512101895
4716,1,0.9999999999619803
4747,1,0.9999999999619803
4750,1,0.9999999999619803
4772,1,0.9999999999619803
4778,1,0.9999999999619803
4789,1,0.9997447051586444
4809,1,0.24060716714671035
4831,1,0.9999999999619803
4835,1,0.9999169413197486
4860,1,0.9826649484488253
4872,1,0.9961000292932992
4905,1,0.9999850936727952
4933,1,0.962410451497992
4965,1,0.9999999999619803
4971,1,0.9735798268893161
4972,1,0.999919283660445
4981,1,0.9999999999619803
4996,1,0.9652058251637956
5021,1,0.9991376541491188
5035,1,0.9865633825799272
5038,1,0.9999850903384018
5040,1,0.999745042909926
5216,1,0.9652481988106034
5254,1,0.9773117047007014
5263,1,0.9999999999619803
5269,1,0.9999999999619803
5290,1,0.9999999999619803
5291,1,0.9993506603824753
5299,1,0.9999999999619803
5304,1,0.9867273134588784
5315,1,0.9999999999619803
5347,1,0.7850084499967948
5357,1,0.9999999999619803
5364,1,0.9999999999619803
5377,1,0.913642765606295
5390,1,0.9882214665667272
5415,1,0.999980965757113
5432,1,0.999593449815117
5442,1,0.9991381109830619
5460,1,0.9999999999619803
5465,1,0.9999772006028085
5470,1,0.9999999999619803
5477,1,0.9990189585816618
5493,1,0.9999779380528967
5496,1,0.9992794894336253
5534,1,0.9997131701333115
5540,1,0.9463864799974702
5548,1,0.9967161968758024
5580,1,0.9999999999619803
5590,1,0.9875055826205761
5611,1,0.9999318688455651
5646,1,0.7791305406123485
5658,1,0.9999999999619803
5659,1,0.9221185231559613
5685,1,0.9773336329462627
5715,1,0.7822853070272127
5721,1,0.9997448282439421
5723,1,0.9997449286382402
5742,1,0.46570777900984356
5753,1,0.9999999999619803
5762,1,0.9999999999619803
5764,1,0.9999780114201576
5776,1,0.9999999999619803
5795,1,0.9999999999619803
5801,1,0.9999999999619803
5808,1,0.9464195362258825
5814,1,0.9999314862388888
5815,1,0.4547577611906927
5828,1,0.9999312564036869
5851,1,0.9990189088139195
5866,1,0.9999999999619803
5871,1,0.9991525898788552
5882,1,0.9999851029946255
5889,1,0.9624089334008903
5916,1,0.9999999999619803
5930,1,0.040942549755225224
5934,1,0.9926952448260122
5957,1,0.9956185947613426
6023,1,0.999697839343858
6024,1,0.9999999999619803
6031,1,0.9999999999619803
6047,1,0.9982332160230908
6050,1,0.9997130276452947
6114,1,0.9999999999619803
6126,1,0.9999809574279785
6132,1,0.9999999999619803
6133,1,0.9918282645123063
6142,1,0.9999773069552519
6158,1,0.9999999999619803
6203,1,0.9956476221874446
6219,1,0.9918328342939621
6222,1,0.9999999999619803
6225,1,0.9999999999619803
6247,1,0.9999999999619803
6319,1,0.996102203738315
6326,1,0.9768765002304072
6340,1,0.9972341706253417
6341,1,0.9999205658632611
6355,1,0.9999850820429815
6399,1,0.9999999999619803
6402,1,0.9136102121087031
6419,1,0.9773281297264377
6431,1,0.981607697917277
6447,1,0.9754172653355887
6448,1,0.9999943939001587
6452,1,0.9999999999619803
6463,1,0.9999999999619803
6476,1,0.9740128359078476
6483,1,0.9740292365291684
6491,1,0.9991413920628385
6510,1,0.9441421061258959
6529,1,0.9999999999619803
6540,1,0.9999999999619803
6542,1,0.9999999999619803
6580,1,0.9999772090960942
6584,1,0.9999315623097674
6593,1,0.9768811195422252
6601,1,0.35066231207964366
6609,1,0.41035986377266814
6626,1,0.9930308440389823
6640,1,0.9867267364950504
6658,1,0.9997447234442415
6659,1,0.9999999999619803
6665,1,0.976006638411206
6685,1,0.9997134075177266
6688,1,0.9999314884221066
6689,1,0.9999999999619803
6692,1,0.9976695036557407
6699,1,0.7822760039866595
6702,1,0.9763279770641077
6722,1,0.9999999999619803
6748,1,0.9999850945085177
6751,1,0.9999999999619803
6794,1,0.5877810984294083
6826,1,0.9997446839386083
6841,1,0.9997130907607452
6851,1,0.9992794482558557
6860,1,0.9999999999619803
6879,1,0.9999732980775725
6889,1,0.9999999999619803
6890,1,0.999981242575431
6905,1,0.3541671764576793
6933,1,0.9223522226550476
6935,1,0.058196929561146374
6956,1,0.9999999999619803
6961,1,0.9846536210545198
6977,1,0.9999999999619803
7024,1,0.9997131223594037
7033,1,0.9999999999619803
7037,1,0.9999809741245256
7039,1,0.9999809364362194
7048,1,0.9999999999619803
7056,1,0.9780037605487507
7061,1,0.9999169749838119
7079,1,0.9976675133594524
7084,1,0.9840414043598676
7089,1,0.9994380795788779
7096,1,0.9773419292236991
7107,1,0.9999999999619803
7113,1,0.9631202935229491
7117,1,0.9999999999619803
7136,1,0.9999999999619803
7185,1,0.9999999999619803
7195,1,0.3354193457020808
7198,1,0.9999850603238406
7213,1,0.9999999999619803
7234,1,0.9999772091875812
7276,1,0.9248239911914368
7326,1,0.7844508516988651
7332,1,0.9976704389216025
7362,1,0.9999999999619803
7366,1,0.9999999999619803
7378,1,0.9994387603360966
7399,1,0.9712113373270798
7400,1,0.9992686033432594
7414,1,0.997518429142048
7421,1,0.9999847312323717
7434,1,0.9965250874971715
7435,1,0.9997450289205813
7436,1,0.2977720475045791
7446,1,0.9999999999619803
7454,1,0.9999999999619803
7455,1,0.9956177201019463
7464,1,0.9136277343483821
7486,1,0.6885232161517745
7494,1,0.9981675404249815
7528,1,0.9999809256326927
7562,1,0.9993503956090425
7566,1,0.04110555724758848
7577,1,0.9908899842254972
7633,1,0.9974700072703735
7645,1,0.9961595986521743
7655,1,0.978036988566338
7675,1,0.9976509335088972
7688,1,0.999977956056024
7691,1,0.9918270008163668
7695,1,0.9999999999619803
7697,1,0.9999999999619803
7698,1,0.9978690791374334
7709,1,0.9999999999619803
7767,1,0.9815846773778124
7778,1,0.9615224058252826
7794,1,0.896539168566223
7797,1,0.7875281576481176
7817,1,0.9768669154053546
7818,1,0.9587298256758023
7836,1,0.9248678140335922
7851,1,0.9712050366880883
7854,1,0.9999999999619803
7870,1,0.6864215078339827
7872,1,0.9826800636663148
7875,1,0.9999999999619803
7878,1,0.9999999999619803
7918,1,0.9956171899845454
7925,1,0.9999999999619803
7929,1,0.9981673881637056
7932,1,0.9999779073677775
7943,1,0.05690599116269247
7945,1,0.9961009843305234
7967,1,0.9875039669244102
7991,1,0.9999999999619803
7994,1,0.9785699264074353
7998,1,0.9999312487480926
8004,1,0.9463972425703572
8021,1,0.9999999999619803
8028,1,0.9220580552593697
8045,1,0.9999999999619803
8064,1,0.9999846704787442
8065,1,0.9999999999619803
8107,1,0.9768872758636408
8108,1,0.9999809497272529
8114,1,0.9649830394044666
8117,1,0.9245256304805903
8131,1,0.4040271692008727
8147,1,0.9999999999619803
8164,1,0.9990183286387257
8170,1,0.9999999999619803
8171,1,0.027076260935454597
8216,1,0.9999206195898643
8229,1,0.9926939646375033
8278,1,0.9990190582458933
8310,1,0.9999850953153272
8321,1,0.9999999999619803
8336,1,0.9999999999619803
8341,1,0.9882933371786781
8389,1,0.9999999999619803
8393,1,0.9999999999619803
8441,1,0.9999812441750219
8445,1,0.9994381701807373
8446,1,0.9999053675983827
8455,1,0.9999999999619803
8456,1,0.981465221734623
8471,1,0.9999809231293308
8507,1,0.9999999999619803
8515,1,0.9768747243152359
8516,1,0.9999192958555905
8522,1,0.04115082186243306
8530,1,0.9768743891090487
8555,1,0.9999999999619803
8572,1,0.9999999999619803
8621,1,0.4910767350515787
8626,1,0.9999999999619803
8632,1,0.999713359587198
8635,1,0.9972638043994487
8646,1,0.9999809678499872
8676,1,0.9989899923282036
8681,1,0.7996871618947831
8687,1,0.9968489189809219
8704,1,0.9999999999619803
8737,1,0.9999999999619803
8739,1,0.2977990436581542
8756,1,0.9925453390179656
8769,1,0.9867397889863531
8777,1,0.9999999999619803
8802,1,0.9999999999619803
8813,1,0.9999999999619803
8821,1,0.9999964880670587
8836,1,0.999977315432992
8841,1,0.9999999999619803
8859,1,0.9999999999619803
8863,1,0.9994383525217583
8927,1,0.9990190994983028
8951,1,0.9999819386422852
8954,1,0.7361610905152095
8958,1,0.9598294666240968
8983,1,0.9736211429689042
9005,1,0.9999999999619803
9026,1,0.9959272897881365
9027,1,0.9996576236169585
9030,1,0.9785609778264623
9063,1,0.9999193000610709
9073,1,0.9989800191308909
9077,1,0.9465473316018274
9089,1,0.9999999999619803
9124,1,0.9956175629122844
9130,1,0.9996978089107298
9192,1,0.9712038020433194
9193,1,0.8963955419719631
9206,1,0.9740046591701981
9284,1,0.9999999999619803
9301,1,0.9198199551884714
9313,1,0.7772660387835325
9353,1,0.9161742673822119
9378,1,0.9999999999619803
9404,1,0.9999999999619803
9423,1,0.9740230808621575
9425,1,0.9773410630776278
9427,1,0.9972346747607256
9455,1,0.9999999999619803
9457,1,0.01620588005225831
9480,1,0.9991424093371015
9564,1,0.9968468375978335
9578,1,0.9867374860655872
9601,1,0.9965267899910696
9603,1,0.9999420178478936
9645,1,0.9812279618679535
9659,1,0.9972337942659351
9714,1,0.7543516583999215
9730,1,0.9762396358898576
9731,1,0.9999850836708893
9748,1,0.9999999999619803
9766,1,0.9999943885783457
9797,1,0.9999999999619803
9806,1,0.9999999999619803
9832,1,0.9962121870409962
9845,1,0.9999850991046243
9881,1,0.9166765000002892
9915,1,0.9874980521714817
9935,1,0.9999999999619803
9981,1,0.9999999999619803
9990,1,0.9991412376000137
10003,1,0.8426805259547144
10008,1,0.9933003485402648
10009,1,0.9999964716989498
10019,1,0.9999999999619803
10025,1,0.9999999999619803
10064,1,0.9988734659477433
10069,1,0.9999999999619803
10071,1,0.9961996100778453
10072,1,0.9999999999619803
10092,1,0.9999999999619803
10113,1,0.9999847759705568
10118,1,0.962451466010833
10119,1,0.9836192085461053
10126,1,0.9999779573667787
10144,1,0.9990192061045622
10160,1,0.9248149824091835
10182,1,0.997470568435031
10191,1,0.9999999999619803
10195,1,0.9768819006723656
10197,1,0.9991525436732448
10205,1,0.9635555846439691
10209,1,0.9989893387409295
10213,1,0.9968485982837619
10219,1,0.8264773078889447
10226,1,0.9999999999619803
10228,1,0.9999999999619803
10234,1,0.9997449712336265
10264,1,0.9999999999619803
10267,1,0.9997450143041491
10271,1,0.9918240925987619
10293,1,0.9913843148182183
10297,1,0.9999999999619803
10300,1,0.999981947335105
10305,1,0.9993347434228235
10319,1,0.9463764405888331
10333,1,0.9972354073506621
10349,1,0.9882155774395559
10356,1,0.9999999999619803
10361,1,0.9997447092505453
10375,1,0.9463814424060235
10381,1,0.9999999999619803
10419,1,0.9740169301700636
10420,1,0.9990182616071956
10421,1,0.9999999999619803
10427,1,0.986620487362158
10439,1,0.999269619947211
10453,1,0.9972339438749964
10461,1,0.9999733039707333
10470,1,0.9999808901694013
10505,1,0.9976515731447494
10528,1,0.9999809204567007
10534,1,0.9997447566133969
10541,1,0.9918240864457262
10545,1,0.9999999999619803
10550,1,0.959841403188886
10559,1,0.9925457684885728
10560,1,0.9999999999619803
10574,1,0.0415735559856112
10583,1,0.9999326430174601
10594,1,0.9999847237502483
10619,1,0.9999999999619803
10638,1,0.9441554019244346
10642,1,0.9785538675041153
10645,1,0.9943619326170592
10655,1,0.9962105329608514
10663,1,0.9999999999619803
10668,1,0.9999732923376229
10669,1,0.9999999999619803
10706,1,0.999747513249261
10713,1,0.9999999999619803
10747,1,0.9959270734665945
10759,1,0.9957419001896879
10775,1,0.9999812677024268
10790,1,0.9981676409904537
10796,1,0.9999999999619803
10833,1,0.9999999999619803
10850,1,0.8862722624906041
10853,1,0.997264744243973
10864,1,0.9587359540571668
10867,1,0.9999999999619803
10887,1,0.9762299917444317
10920,1,0.9650270910794928
10924,1,0.9650010512523474
10932,1,0.9999809835509109
10937,1,0.9754004664329972
10943,1,0.9999419200956154
10950,1,0.9999999999619803
10955,1,0.9997131725897245
10960,1,0.9999999999619803
10978,1,0.9999999999619803
10981,1,0.999981914232139
10998,1,0.9999999999619803
11004,1,0.04029613399900212
11013,1,0.9962018630691615
11026,1,0.9993507773891491
11027,1,0.984908158266237
11045,1,0.9962361238094792
11056,1,0.9999171256268217
11062,1,0.9999999999619803
11069,1,0.976250237201901
11075,1,0.9999999999619803
11090,1,0.9976518306373506
11094,1,0.9785547617060577
11095,1,0.9908483782911729
11103,1,0.8646227836405933
11106,1,0.9953271168603937
11109,1,0.9882919147485776
11113,1,0.9999999999619803
11127,1,0.9630974962258604
11144,1,0.9968477978931118
11180,1,0.9930444120447312
11187,1,0.9999847461101765
11214,1,0.997519898421203
11241,1,0.9444439856200024
11253,1,0.9976514437562309
11256,1,0.9999809772498949
11290,1,0.9840480214086066
11293,1,0.9867309992560671
11299,1,0.9997445712018319
11324,1,0.9826401331005641
11334,1,0.9999999999619803
11357,1,0.9999192712226439
11360,1,0.6317540445789502
11383,1,0.9999773314808247
11390,1,0.9968492419277479
11417,1,0.999980926280271
11437,1,0.9956718165032394
11438,1,0.9999169536194302
11447,1,0.9999999999619803
11449,1,0.09467945122116833
11453,1,0.9999999999619803
11461,1,0.9915502684641656
11463,1,0.9999999999619803
11476,1,0.1432148703771996
11493,1,0.9773261776487788
11514,1,0.9463931404897953
11536,1,0.9974711301178784
11538,1,0.9994484147655146
11613,1,0.9999311304133409
11615,1,0.28116554045794057
11626,1,0.9999205955467183
11628,1,0.9999999999619803
11649,1,0.01893916628077428
11704,1,0.7822874381656467
11746,1,0.9999092958248781
11748,1,0.9999773146766955
11764,1,0.9464409680970279
11774,1,0.9978674744335707
11826,1,0.9999999999619803
11856,1,0.9999999999619803
11863,1,0.9867315541677474
11865,1,0.9999771944753911
11885,1,0.9649920472476652
11887,1,0.9999999999619803
11895,1,0.9976491474923178
11927,1,0.9999314713696414
11933,1,0.9999850883748568
11942,1,0.9135821154825956
11949,1,0.9981672714695302
11978,1,0.3441689789649004
11984,1,0.9926943328277232
11991,1,0.9857939147201519
11999,1,0.9999094380250638
12007,1,0.9981668692348701
12008,1,0.9999999999619803
12031,1,0.9999819106932188
12033,1,0.9930290020371042
12049,1,0.9136222822499057
12106,1,0.9999011606492532
12119,1,0.9976513166024013
12156,1,0.9444662497006222
12164,1,0.999977317610941
12171,1,0.9763025631595059
12173,1,0.9976688731745619
12195,1,0.9999999999619803
12217,1,0.9999999999619803
12258,1,0.9999999999619803
12266,1,0.9965203778020829
12285,1,0.9736033811852994
12297,1,0.9997132648543455
12304,1,0.9865532815841703
12320,1,0.9999999999619803
12339,1,0.999999993231501
12346,1,0.9999999999619803
12375,1,0.9999778440452829
12387,1,0.9999999999619803
12389,1,0.9465138618299918
12398,1,0.9994383827956134
12418,1,0.9999999999619803
12426,1,0.9999999999619803
12428,1,0.4880459235951398
12431,1,0.9826608660700747
12435,1,0.8264255806599733
12469,1,0.9999999999619803
12474,1,0.999779136953297
12482,1,0.999438109196737
12483,1,0.9137313853563429
12484,1,0.9402152628778122
12486,1,0.9999999999619803
12490,1,0.9999999999619803
12504,1,0.5725214931959347
12506,1,0.9999170733469324
12510,1,0.9248316949223446
12518,1,0.9999999999619803
12522,1,0.9894553339065457
12558,1,0.977433827795421
12560,1,0.9999772153614471
12580,1,0.9988723014972419
12582,1,0.9999999999619803
12599,1,0.9999991432683382
12632,1,0.9972323338726048
12634,1,0.9223723858683731
12643,1,0.7899827337156498
12647,1,0.7271962978537161
12650,1,0.9999999999619803
12656,1,0.6525975265822258
12689,1,0.9773382024240856
12690,1,0.9965203704628998
12701,1,0.9999999999619803
12708,1,0.9999999999619803
12710,1,0.9997792313492405
12728,1,0.19257657972240225
12729,1,0.997666056846098
12730,1,0.9999999999619803
12739,1,0.999980954545868
12743,1,0.9999812342097467
12746,1,0.9999170544870095
12750,1,0.9441982801180797
12755,1,0.9991521988092288
12775,1,0.9999999999619803
12799,1,0.9961010409991807
12804,1,0.9994371639025912
12806,1,0.9999999999619803
12820,1,0.9999809453691909
12830,1,0.9741263127838303
12837,1,0.9865617287954028
12854,1,0.9992779153861696
12856,1,0.4322638201137303
12893,1,0.9999999999619803
12916,1,0.9931488252429852
12918,1,0.9999773462421394
12933,1,0.9999999999619803
12958,1,0.9999819193556049
12976,1,0.999981911620099
12988,1,0.9956469908283543
12992,1,0.9598516392309229
13004,1,0.9999999999619803
13015,1,0.6010872691405273
13032,1,0.9997953718044819
13037,1,0.9999999999619803
13043,1,0.9244139808408329
13049,1,0.9740312880630502
13055,1,0.9999999999619803
13057,1,0.9999999999619803
13095,1,0.9967112815365324
13117,1,0.9640230552439841
13123,1,0.9999999999619803
13141,1,0.9999957692362728
13157,1,0.9999999999619803
13165,1,0.9943569271892695
13185,1,0.9773511733547164
13187,1,0.9999411029377586
13210,1,0.8709340273927915
13215,1,0.9930439458428709
13220,1,0.9999193209676165
13226,1,0.9999999999619803
13229,1,0.9972658395509925
13232,1,0.9957429215953135
13240,1,0.9857934383215433
13257,1,0.9875072042633855
13320,1,0.9740148875739328
13323,1,0.9894562527893614
13337,1,0.9999999999619803
13348,1,0.9999999999619803
13350,1,0.9464137015659628
13360,1,0.9999773015567324
13395,1,0.9930474149405445
13428,1,0.9999999999619803
13440,1,0.9999999999619803
13446,1,0.9996575306212115
13448,1,0.9999780058428874
13454,1,0.6250401771389953
13508,1,0.9999999999619803
13542,1,0.9999999999619803
13547,1,0.04115965519288678
13566,1,0.9999999999619803
13581,1,0.060893968225299605
13596,1,0.9815546850053383
13612,1,0.946467364163885
13615,1,0.8963749553186897
13655,1,0.9999850632983088
13656,1,0.9166993777678898
13664,1,0.9999999999619803
13667,1,0.9918331419267092
13673,1,0.9999999999619803
13682,1,0.9980687388470636
13701,1,0.9999999999619803
13719,1,0.9999999999619803
13722,1,0.9997446052513638
13786,1,0.9999999999619803
13864,1,0.09362286351981433
13878,1,0.9999850976802807
13880,1,0.9999957630985467
13891,1,0.974025111227403
13892,1,0.9999999999619803
13896,1,0.978555646204634
13900,1,0.9999999999619803
13925,1,0.9957450058493289
13926,1,0.5779312236579977
13930,1,0.9999094040483961
13931,1,0.9972324788039938
13936,1,0.9999999999619803
13947,1,0.9763345452986452
13952,1,0.9597827703943866
13957,1,0.981532249480675
13975,1,0.9774544439237989
13981,1,0.9999773281290066
13998,1,0.9989890622026566
14001,1,0.9999779476870719
14007,1,0.9999999999619803
14018,1,0.9956486510731493
14039,1,0.9894659280204087
14046,1,0.9978683748801633
14055,1,0.04122903533536138
14085,1,0.9649740572553276
14090,1,0.9981664717447292
14110,1,0.9999999999619803
14111,1,0.9993508013569853
14133,1,0.9999850939047441
14134,1,0.9999999999619803
14135,1,0.9754144416297988
14150,1,0.999977184702805
14157,1,0.05807360880564544
14170,1,0.913647072622481
14172,1,0.9956494261945026
14209,1,0.9921583509737434
14212,1,0.9999999999619803
14220,1,0.9882818909001151
14231,1,0.9981675565785274
14234,1,0.9999999999619803
14268,1,0.9999999999619803
14277,1,0.9999999999619803
14290,1,0.9999999999619803
14319,1,0.9999999999619803
14324,1,0.9999999999619803
14330,1,0.9999999999619803
14368,1,0.021191759680367697
14389,1,0.9999999999619803
14416,1,0.9999809293740645
14430,1,0.9999999999619803
14446,1,0.9999999999619803
14452,1,0.9999999999619803
14513,1,0.9999999999619803
14515,1,0.9997449859024619
14531,1,0.9999999999619803
14541,1,0.9999999999619803
14542,1,0.999980915944527
14543,1,0.05718390818246986
14571,1,0.9999315196615236
14591,1,0.9464975242748022
14609,1,0.9464727086989544
14620,1,0.9999847535856479
14622,1,0.9956784120066678
14632,1,0.9773171743936362
14657,1,0.9999999999619803
14685,1,0.999920358782263
14704,1,0.9975248589285681
14715,1,0.9836228094279643
14737,1,0.9975223737252471
14743,1,0.9999999999619803
14745,1,0.9999320090822872
14778,1,0.9926949357716904
14785,1,0.01594077081862529
14787,1,0.9999999999619803
14794,1,0.9993350540860103
14804,1,0.9999315252600748
14805,1,0.9997448342484149
14824,1,0.9395557192903555
14834,1,0.9999999999619803
14849,1,0.9826626859149374
14850,1,0.9918946116109444
14858,1,0.9999999999619803
14859,1,0.9999780004140914
14895,1,0.041133354845306586
14897,1,0.9999773006445392
14915,1,0.9999999999619803
14936,1,0.9826484768909799
14946,1,0.9464054886264023
14953,1,0.17463666153447313
14956,1,0.8028959243448307
14972,1,0.9999999999619803
14973,1,0.9597920784969931
14982,1,0.9999999999619803
14985,1,0.9999999999619803
15003,1,0.8965379495349081
15008,1,0.9999999999619803
15027,1,0.9999999999619803
15028,1,0.9999809306295188
15029,1,0.996525613731963
15043,1,0.9999771896010474
15119,1,0.9136608768044513
15154,1,0.9999999999619803
15172,1,0.9956198128089278
15176,1,0.7849509365786282
15182,1,0.9999999999619803
15256,1,0.9999999999619803
15277,1,0.9999999999619803
15281,1,0.9163024146148337
15288,1,0.9965252538689441
15296,1,0.9999850999748935
15308,1,0.9999771859082756
15311,1,0.9999999999619803
15312,1,0.9994380486285914
15347,1,0.9956481714091671
15349,1,0.04110753354809705
15350,1,0.45289681926005265
15377,1,0.9785654458382196
15394,1,0.9999964799750489
15400,1,0.9812298154986681
15405,1,0.9999999999619803
15417,1,0.9768900787480724
15443,1,0.9991411583790001
15455,1,0.9773468277208373
15460,1,0.9867347957455378
15472,1,0.9999999999619803
15482,1,0.34343576562751954
15487,1,0.9999410306005037
15497,1,0.9925447752431744
15521,1,0.9999773004583067
15523,1,0.9768903212501775
15553,1,0.9999314791128426
15559,1,0.9999318927489365
15575,1,0.9959287226721655
15579,1,0.9930491035671808
15624,1,0.9996975393312727
15637,1,0.6280434472346383
15659,1,0.9999773026387004
15673,1,0.9999999999619803
15689,1,0.9999999999619803
15726,1,0.9999315127241167
15730,1,0.9785672445743224
15766,1,0.9762531279204648
15779,1,0.9909038460436296
15788,1,0.9735782626624312
15792,1,0.9999999999619803
15807,1,0.9836322068354008
15817,1,0.9999999999619803
15820,1,0.9962061956122901
15822,1,0.9840774288705076
15842,1,0.9999999999619803
15846,1,0.9991515055919773
15850,1,0.9956228818162184
15900,1,0.9999812358992466
15911,1,0.9976703156754543
15925,1,0.999694198120566
15931,1,0.9999809097758972
15945,1,0.999919307923989
15961,1,0.9999999999619803
15975,1,0.9999771871398688
15991,1,0.9999999999619803
16012,1,0.981210777803035
16040,1,0.9650351853434715
16042,1,0.9999999999619803
16063,1,0.9976508060028343
16076,1,0.9999999999619803
16078,1,0.9999999999619803
16084,1,0.9999999999619803
16085,1,0.9999999999619803
16088,1,0.9956174011743748
16098,1,0.9999999999619803
16099,1,0.9999999999619803
16101,1,0.9956162661510064
16130,1,0.9882863722393456
16131,1,0.9999851151025747
16132,1,0.9999771908063346
16139,1,0.9297504211481598
16146,1,0.9999999999619803
16260,1,0.9957431889887605
16287,1,0.9997790043262583
16295,1,0.9740300527148859
16296,1,0.9999999999619803
16298,1,0.99269371895657
16323,1,0.896556765180468
16338,1,0.9999999999619803
16348,1,0.9997447854984309
16353,1,0.9999999999619803
16434,1,0.9655642903783308
16439,1,0.9999999999619803
16457,1,0.9999999999619803
16458,1,0.9882861101492459
16465,1,0.9882682628142019
16468,1,0.9997129221085584
16497,1,0.9999999999619803
16516,1,0.7822713426563445
16521,1,0.9774525821813358
16573,1,0.9812275443819922
16575,1,0.9999304455756737
16580,1,0.9978671254109197
16583,1,0.4300843451486195
16625,1,0.9908890955088763
16635,1,0.9999809810798044
16642,1,0.9991422326234831
16644,1,0.9999999999619803
16650,1,0.35419725493220044
16666,1,0.9930512967599014
16678,1,0.9999999999619803
16691,1,0.9956488825302443
16699,1,0.9999809451491578
16709,1,0.9972336417131682
16714,1,0.9999999999619803
16721,1,0.9999999999619803
16750,1,0.9997447473280169
16765,1,0.9624079610021014
16796,1,0.9993351222207294
16806,1,0.9999999999619803
16811,1,0.9999999999619803
16813,1,0.9972321885197757
16814,1,0.9999999999619803
16827,1,0.9999809221729525
16837,1,0.981660115407729
16851,1,0.9956712645495969
16921,1,0.9999083164320762
16931,1,0.9999773047491346
16933,1,0.9773215660628922
16960,1,0.9999809542989997
16963,1,0.9999999999619803
16967,1,0.9999999999619803
16969,1,0.9962063137953331
17009,1,0.9999809626492643
17014,1,0.9999999999619803
17019,1,0.7361403659330665
17023,1,0.9999999999619803
17031,1,0.9962078819574284
17059,1,0.9999999999619803
17075,1,0.999919341248491
17086,1,0.9918263998497523
17120,1,0.976276991450099
17125,1,0.9882195486149197
17129,1,0.9999999999619803
17138,1,0.9991421436432679
17139,1,0.9999850995164172
17155,1,0.916315423958389
17161,1,0.9999313163875856
17195,1,0.9961611260549245
17210,1,0.9999809532838353
17221,1,0.9867252350553865
17228,1,0.9999999999619803
17240,1,0.9657232039408188
17244,1,0.9956465374976419
17268,1,0.9930363906765609
17283,1,0.999920269113987
17289,1,0.9999312899304401
17307,1,0.999980959480591
17316,1,0.1400483148845023
17322,1,0.9999999999619803
17326,1,0.9748115833003043
17333,1,0.9763151386953581
17360,1,0.9957453577959379
17391,1,0.9999312831592282
17403,1,0.9999999999619803
17409,1,0.9762164109801406
17431,1,0.9999809586437185
17441,1,0.9999999999619803
17449,1,0.9999999999619803
17458,1,0.9999850875223167
17462,1,0.9999850756740115
17473,1,0.9999999999619803
17501,1,0.999657638049817
17503,1,0.9999999999619803
17509,1,0.9999999999619803
17535,1,0.9999999999619803
17540,1,0.9999999999619803
17566,1,0.9136640190359919
17586,1,0.9999053839638447
17587,1,0.9926966454597476
17599,1,0.9997763703536977
17600,1,0.9978703736881108
17609,1,0.9999999999619803
17619,1,0.9999999999619803
17628,1,0.924498190082497
17663,1,0.9965243883814962
17666,1,0.9958957222107335
17668,1,0.9826491444011771
17674,1,0.9976686582482692
17684,1,0.9220731448256877
17703,1,0.9999999999619803
17711,1,0.9976452784124386
17721,1,0.9999999999619803
17722,1,0.9992795717357787
17747,1,0.9999809242266898
17755,1,0.9640957545826218
17785,1,0.9999999999619803
17806,1,0.9997446962579423
17831,1,0.9990520457009343
17836,1,0.627769801427246
17864,1,0.9925463448470866
17870,1,0.9857985973744932
17874,1,0.8107145524852828
17880,1,0.9999999999619803
17927,1,0.9978674388409251
17951,1,0.9581671638335978
17963,1,0.9999999999619803
17976,1,0.9857934450076028
18062,1,0.9908937054788606
18144,1,0.9773395823772253
18146,1,0.1464208941583706
18154,1,0.9976694304762675
18182,1,0.9999999999619803
18195,1,0.9223493160475293
18207,1,0.6264143957519157
18216,1,0.9990181333791818
18220,1,0.9976689753500754
18270,1,0.9754088218426874
18277,1,0.9882727172907332
18300,1,0.9244475781213892
18316,1,0.9999999999619803
18348,1,0.9999193163907522
18401,1,0.5897093662486176
18444,1,0.962426909149226
18473,1,0.9961600683281121
18488,1,0.9773372631511307
18496,1,0.9992792458020422
18503,1,0.9972659795132784
18505,1,0.9999999999619803
18508,1,0.9624154264378927
18509,1,0.9999772065487146
18515,1,0.9999999999619803
18519,1,0.9999999999619803
18525,1,0.9976492740881
18526,1,0.9999850828633343
18575,1,0.9999999999619803
18586,1,0.9972692677388724
18590,1,0.9999999999619803
18602,1,0.9815570553062798
18614,1,0.22161708615468736
18630,1,0.9997444900012508
18633,1,0.9999732994526361
18640,1,0.9999999999619803
18690,1,0.9930342182910675
18691,1,0.9999437671572573
18727,1,0.9999999999619803
18744,1,0.9740179480494999
18754,1,0.9861551524369265
18807,1,0.9219248778298459
18815,1,0.9773391963419491
18820,1,0.9836770552615206
18830,1,0.9999999999619803
18833,1,0.9464851206950675
18844,1,0.999977978062328
18863,1,0.9999999999619803
18864,1,0.9978686402212479
18870,1,0.9773193428975561
18877,1,0.9999999999619803
18881,1,0.9993500166382381
18892,1,0.9972669364800058
18919,1,0.9817051415777268
18921,1,0.9918219199154636
18942,1,0.9999999999619803
18948,1,0.9882803132244934
18965,1,0.9999733023366011
18981,1,0.9248127809228378
18990,1,0.982667043448998
19013,1,0.9999312410008304
19020,1,0.9999999999619803
19029,1,0.9999999999619803
19037,1,0.6851699121074839
19048,1,0.9999809689707997
19075,1,0.9866404697698868
19088,1,0.9997448285295669
19122,1,0.9999999999619803
19134,1,0.9991515912680979
19136,1,0.9859389744594979
19142,1,0.998234193272237
19143,1,0.9965185164254141
19165,1,0.9999999999619803
19188,1,0.9773465235867772
19264,1,0.9956813258966474
19274,1,0.9444562204087001
19277,1,0.9999999999619803
19317,1,0.9965192127062442
19319,1,0.9999779505881478
19345,1,0.9999999999619803
19379,1,0.9999999999619803
19380,1,0.985779767652858
19387,1,0.9811921380642528
19390,1,0.9956486023257157
19402,1,0.9996977342877436
19497,1,0.9999773292976478
19503,1,0.9967155208428994
19506,1,0.9999772972395145
19519,1,0.9999437487013433
19557,1,0.9768876667504053
19567,1,0.9999327114981093
19582,1,0.9768774224065395
19593,1,0.9999850920139696
19616,1,0.9999773143533238
19620,1,0.9992796927348433
19622,1,0.9999999999619803
19623,1,0.9999999999619803
19639,1,0.9990186106936263
19640,1,0.7704921106559046
19657,1,0.9999437914929497
19674,1,0.9999999999619803
19739,1,0.99088826863212
19779,1,0.9219475018077004
19793,1,0.9999999999619803
19794,1,0.996153121311967
19805,1,0.9383828193889513
19858,1,0.9943572881525391
19877,1,0.9999999999619803
19936,1,0.9999999999619803
19960,1,0.9999206396654046
19961,1,0.9999999999619803
19963,1,0.9759931653053371
19964,1,0.9768834075683578
19997,1,0.9836416049080783
20040,1,0.9740255242838897
20044,1,0.9999775350158892
20050,1,0.9921553976759184
20089,1,0.9991514524173015
20101,1,0.9982343352903326
20108,1,0.9991412910567422
20127,1,0.9999850765136311
20128,1,0.9908991691704755
20134,1,0.9741201631681267
20153,1,0.9994378342715923
20172,1,0.9981673735611222
20204,1,0.9999999999619803
20206,1,0.9375886155744684
20211,1,0.9999999999619803
20236,1,0.9997450575517401
20237,1,0.9976457823055429
20316,1,0.9598107301366721
20319,1,0.9849041236722765
20321,1,0.9712114748658911
20346,1,0.9999999999619803
20354,1,0.9999850911914143
20386,1,0.9999999999619803
20389,1,0.9867255047452159
20390,1,0.9999999999619803
20405,1,0.9999819133617679
20418,1,0.8399145364911554
20422,1,0.9999851003525997
20452,1,0.9220649215661553
20463,1,0.963125739987119
20476,1,0.9999418712521891
20481,1,0.9999732851724827
20486,1,0.9999999999619803
20491,1,0.9836116636756619
20500,1,0.9999850818594751
20504,1,0.9999964812446008
20511,1,0.9982344763500115
20529,1,0.9999083618923149
20530,1,0.9999999999619803
20543,1,0.9956473288285145
20559,1,0.9925434099820888
20562,1,0.9997446302950908
20567,1,0.9962098157592811
20572,1,0.9999999999619803
20574,1,0.9999420423667522
20579,1,0.9464198958168256
20588,1,0.9894585650435438
20613,1,0.9999999999619803
20625,1,0.9653702316998436
20639,1,0.9997316795894116
20666,1,0.9996976735678512
20697,1,0.9918215504410752
20717,1,0.9960998486941837
20759,1,0.9744934036170432
20783,1,0.9974738833847582
20856,1,0.9587566046845025
20863,1,0.9464264810350945
20875,1,0.2701138686572672
20879,1,0.9641183730109332
20880,1,0.9999809279393971
20891,1,0.9991412020439354
20900,1,0.9999204547981416
20901,1,0.9999999999619803
20905,1,0.9997446483370837
20906,1,0.9972628647796808
20917,1,0.9976451120059467
20941,1,0.9999999999619803
20952,1,0.9999850684115423
20957,1,0.9999999999619803
21000,1,0.9994904894395793
21005,1,0.9930453694934238
21007,1,0.9999314685902381
21016,1,0.9999999999619803
21027,1,0.9785520886974112
21041,1,0.9894557968960105
21051,1,0.991823786015723
21067,1,0.9999773090654294
21074,1,0.9990192569792866
21092,1,0.9999848057769569
21096,1,0.8982157099341094
21097,1,0.785802946125303
21107,1,0.9999999999619803
21112,1,0.9866527322512371
21114,1,0.99992023927679
21145,1,0.9976469687802954
21146,1,0.9999437858357607
21151,1,0.7912621309331156
21182,1,0.9993501199564921
21187,1,0.9999999999619803
21189,1,0.9999999999619803
21212,1,0.9960986855800272
21215,1,0.9650331505119821
21242,1,0.9999999999619803
21257,1,0.9999999999619803
21258,1,0.9999438391078904
21260,1,0.9857968926484466
21266,1,0.9999992790477451
21280,1,0.9999999999619803
21284,1,0.9999999999619803
21298,1,0.9999999999619803
21319,1,0.9198142224134463
21325,1,0.9977115204080552
21338,1,0.9999999999619803
21357,1,0.9962011075890075
21361,1,0.9999999999619803
21363,1,0.9999733086226142
21367,1,0.05762051475631934
21383,1,0.9748086260050682
21392,1,0.9999999999619803
21393,1,0.9999803490973374
21409,1,0.9740282068789926
21417,1,0.9999809699417878
21422,1,0.058305549351426844
21425,1,0.990889914677585
21468,1,0.9965195065704794
21486,1,0.99998509001977
21494,1,0.9999999999619803
21574,1,0.6181511361462904
21581,1,0.9999809667919507
21583,1,0.9712430429119291
21586,1,0.9999999999619803
21592,1,0.9999999999619803
21617,1,0.9999999999619803
21635,1,0.9968498798384134
21650,1,0.9999999999619803
21655,1,0.5083948594802923
21673,1,0.9667441273142127
21678,1,0.9999999999619803
21682,1,0.9908804192975227
21696,1,0.9220710683270106
21697,1,0.9999812593211844
21736,1,0.99435892773666
21753,1,0.9992791637444991
21791,1,0.9660331016534927
21796,1,0.9999771706997866
21804,1,0.9999999999619803
21826,1,0.9999809200773895
21840,1,0.9957461673119232
21848,1,0.9991520108879792
21875,1,0.9976686222929434
21877,1,0.9999192956458269
21894,1,0.9978675549876641
21898,1,0.9996944425178969
21905,1,0.9994377787287243
21909,1,0.9962107536635363
21913,1,0.9999772116977929
21922,1,0.9812250081767762
21939,1,0.9999992778742206
21944,1,0.9999999999619803
21949,1,0.9999772165886174
21967,1,0.9999999999619803
21969,1,0.9999999999619803
21978,1,0.9836135325914798
22001,1,0.9999312409399199
22019,1,0.9999999999619803
22038,1,0.9999999999619803
22040,1,0.8648898510028438
22077,1,0.9999428727959659
22092,1,0.9469838601637663
22123,1,0.9965229889806209
22126,1,0.984059494168396
22157,1,0.8417299160864575
22161,1,0.9981664335258734
22168,1,0.9441934219208139
22175,1,0.9768937934158559
22193,1,0.9248217145829426
22198,1,0.9965216808790478
22224,1,0.9999093624951632
22241,1,0.9985436183209426
22266,1,0.9999999999619803
22299,1,0.9740241140859515
22320,1,0.9999999999619803
22342,1,0.9999193082208075
22346,1,0.999850874355583
22370,1,0.9999437886378351
22373,1,0.9999999999619803
22375,1,0.9836199206191049
22379,1,0.9999999999619803
22407,1,0.9999999999619803
22423,1,0.9999193493255399
22427,1,0.999980918001248
22439,1,0.9999999999619803
22441,1,0.9999999999619803
22444,1,0.9993357634248917
22452,1,0.9999999999619803
22467,1,0.9999999999619803
22471,1,0.9999809501335918
22485,1,0.9921552095244729
22502,1,0.999141346432083
22514,1,0.9991520237639253
22524,1,0.9930345398484988
22525,1,0.9999999999619803
22549,1,0.9999999999619803
22555,1,0.9857817515850885
22559,1,0.9999999999619803
22592,1,0.9999999999619803
22602,1,0.9972357550745787
22618,1,0.9926940324147425
22622,1,0.999981827945313
22636,1,0.9978684916805961
22642,1,0.7757889670751742
22657,1,0.9972676649148184
22683,1,0.9999999999619803
22693,1,0.9999999999619803
22703,1,0.9999999999619803
22707,1,0.9976653312988756
22754,1,0.9999809044739688
22755,1,0.9999999999619803
22756,1,0.8650326402524926
22770,1,0.983628588012146
22781,1,0.9925462661068093
22782,1,0.9957437366613432
22792,1,0.9997760820927138
22809,1,0.7820871274618398
22818,1,0.9999315372211043
22834,1,0.964056300797847
22882,1,0.9962100629678069
22883,1,0.9999999999619803
22892,1,0.9976695934235232
22924,1,0.9999809324662304
22949,1,0.9999999999619803
22966,1,0.9826725020750569
22968,1,0.9999999999619803
22988,1,0.9999999999619803
23006,1,0.9624159563468867
23008,1,0.9999999999619803
23054,1,0.9994372768310552
23062,1,0.9999999999619803
23088,1,0.9999999999619803
23106,1,0.997268056390019
23134,1,0.9958110997525367
23141,1,0.9999999999619803
23150,1,0.9999193205098534
23165,1,0.9999999999619803
23183,1,0.9999313169679201
23186,1,0.9999999999619803
23190,1,0.9137477111246417
23223,1,0.9999999999619803
23227,1,0.9997446620880136
23262,1,0.9999818556936284
23264,1,0.9640950153270966
23277,1,0.9999205434125893
23288,1,0.9198113837902787
23311,1,0.9999999999619803
23323,1,0.9972664859772838
23337,1,0.9999999999619803
23349,1,0.9136525765163798
23350,1,0.9640317123758496
23369,1,0.9999999999619803
23370,1,0.999657881197856
23376,1,0.5357282500801456
23379,1,0.9999999999619803
23395,1,0.9991413010246124
23400,1,0.9999772128776645
23419,1,0.9999992457660912
23420,1,0.9968505253777328
23425,1,0.9999999999619803
23433,1,0.9999999999619803
23434,1,0.9918228144132334
23443,1,0.9826506487865365
23450,1,0.9999999999619803
23458,1,0.9999771993739799
23459,1,0.9999999999619803
23470,1,0.06148454141889773
23479,1,0.9135927906305009
23493,1,0.999138340974135
23494,1,0.9908872076160563
23508,1,0.9959277285145794
23511,1,0.9999999999619803
23521,1,0.9774612066491175
23524,1,0.9908947033309344
23529,1,0.8989137211509574
23538,1,0.9999999999619803
23549,1,0.03984091835182766
23565,1,0.9441909653269508
23566,1,0.9999999999619803
23567,1,0.9791125757317157
23583,1,0.9956188623420876
23619,1,0.944427811520029
23632,1,0.9999850773344647
23639,1,0.9999772141522392
23640,1,0.9921495961926996
23644,1,0.04161159227898484
23653,1,0.9999999999619803
23657,1,0.9996944266571469
23670,1,0.9998040118681477
23683,1,0.9962012929980453
23684,1,0.9999318861323296
23704,1,0.9874982984662901
23715,1,0.9999992822959578
23735,1,0.986549051849174
23747,1,0.9999312635370758
23767,1,0.9999193125777139
23799,1,0.9992797738660916
23837,1,0.9999999999619803
23842,1,0.9978686723651528
23855,1,0.9826514924643698
23858,1,0.9994373421543575
23860,1,0.9163056327338526
23919,1,0.9894571761326831
23926,1,0.9999999999619803
23930,1,0.9817442850106672
23942,1,0.9999999999619803
23985,1,0.9762185943373153
24003,1,0.9991404444869896
24019,1,0.999713350590603
24020,1,0.9991525255393413
24057,1,0.9996975980525954
24094,1,0.9999999999619803
24097,1,0.9999809584426689
24100,1,0.985947594885312
24116,1,0.9999315217272675
24117,1,0.4590796183590952
24123,1,0.9846617144123188
24142,1,0.9993347874511175
24146,1,0.9999999999619803
24170,1,0.9991409932855819
24177,1,0.9780014716409436
24179,1,0.9975188218732134
24217,1,0.9999314781301006
24234,1,0.9960981802656681
24236,1,0.9999999999619803
24248,1,0.9999772104168214
24274,1,0.9999314954580093
24275,1,0.7848212405680763
24276,1,0.9993576071628699
24285,1,0.9976482949526678
24332,1,0.11651247218438379
24334,1,0.9999999999619803
24336,1,0.9748450768355738
24337,1,0.9961606147270934
24340,1,0.9441958590970099
24344,1,0.994357923034451
24345,1,0.9999999999619803
24351,1,0.9999999999619803
24363,1,0.9999999999619803
24367,1,0.9866493946440137
24368,1,0.997669304786137
24381,1,0.9999964714522729
24383,1,0.9999999999619803
24419,1,0.9999999999619803
24420,1,0.993054735349902
24427,1,0.9976475644705166
24443,1,0.984657383070573
24445,1,0.9999999999619803
24450,1,0.9768720667088234
24498,1,0.9918223279028869
24502,1,0.9972640871856547
24543,1,0.9999999999619803
24544,1,0.9441638226537655
24546,1,0.9773344932511387
24563,1,0.9999999999619803
24578,1,0.9999809751410818
24592,1,0.05709543229764651
24607,1,0.9999318450925817
24615,1,0.9930360601323012
24617,1,0.9999999999619803
24624,1,0.9997446805681499
24644,1,0.3950970036567053
24646,1,0.9990187593266837
24666,1,0.14959238961168825
24667,1,0.9999314756477161
24676,1,0.779228568308305
24699,1,0.9999999999619803
24700,1,0.9999999999619803
24715,1,0.05941825601068243
24726,1,0.6081549197950591
24737,1,0.9999999999619803
24796,1,0.5248204874721044
24802,1,0.9635595917913002
24812,1,0.4670063411464594
24824,1,0.2112295961202967
24828,1,0.8965204726658271
24856,1,0.9990180630677065
24907,1,0.9997316047140804
24912,1,0.9956760985587951
24956,1,0.9996574517790799
24958,1,0.9340992235890717
24967,1,0.9999999999619803
25001,1,0.9909301580840311
25022,1,0.9999318637268245
25040,1,0.9972652700627446
25066,1,0.9248455201550262
25079,1,0.9991517651599399
25103,1,0.9999779919184757
25119,1,0.9999999999619803
25131,1,0.9972668644314033
25132,1,0.9976499123203505
25145,1,0.9999999999619803
25247,1,0.9974760812785203
25257,1,0.9999999999619803
25258,1,0.9999733038285693
25273,1,0.9996557153207151
25301,1,0.9999850715729834
25307,1,0.9999999999619803
25309,1,0.9999999999619803
25329,1,0.9909004401400966
25336,1,0.9999999999619803
25340,1,0.9926826772102632
25353,1,0.9999809211501669
25385,1,0.922068986139931
25427,1,0.9999780154473417
25436,1,0.9999999999619803
25451,1,0.9965197202027893
25452,1,0.9840460422478704
25467,1,0.9999999999619803
25481,1,0.37489234545174316
25523,1,0.9999999999619803
25566,1,0.9840546957890329
25570,1,0.9999772940482962
25580,1,0.9999326012645245
25581,1,0.9958119050517549
25584,1,0.9999906211019381
25585,1,0.8990285388284085
25587,1,0.9853959627265637
25593,1,0.9908960592171994
25605,1,0.9463890289917395
25609,1,0.9962114694027341
25624,1,0.9918234098239005
25643,1,0.999985090504681
25659,1,0.9999999999619803
25667,1,0.9999772951044944
25679,1,0.3406586188301046
25683,1,0.8685677204091204
25690,1,0.9999999999619803
25692,1,0.9925448097336144
25722,1,0.898131143688286
25729,1,0.9999850961826799
25752,1,0.9991414790105065
25758,1,0.9840399527172959
25761,1,0.9640999826343938
25787,1,0.9999999999619803
25788,1,0.9999847834057003
25815,1,0.9667467029645186
25817,1,0.9999999999619803
25832,1,0.9999999999619803
25846,1,0.9992801409763862
25849,1,0.9999819213264742
25865,1,0.9999943888606979
25867,1,0.9826592464452649
25904,1,0.9999094210900453
25927,1,0.9996944105320251
25939,1,0.9815672922408263
25942,1,0.9999964816334672
25946,1,0.9882943308189276
25984,1,0.9641120908465677
26029,1,0.9999999999619803
26044,1,0.9463839525407615
26053,1,0.7755375987744655
26060,1,0.9983179004958225
26080,1,0.9972346988057802
26087,1,0.9999819186746878
26088,1,0.9999999999619803
26106,1,0.9999999999619803
26112,1,0.9999987369362676
26138,1,0.9999999999619803
26152,1,0.999940977903234
26157,1,0.9999999999619803
26162,1,0.9994374074423317
26184,1,0.8418270166353685
26199,1,0.9990532240410266
26203,1,0.9999999999619803
26210,1,0.99726582539334
26214,1,0.7914456457563536
26216,1,0.9972677749129367
26220,1,0.9972648436185504
26229,1,0.9999999999619803
26255,1,0.9999999999619803
26270,1,0.04088761568400054
26299,1,0.9962117196859539
26329,1,0.9999999999619803
26330,1,0.9959255239856424
26340,1,0.015892052497505346
26346,1,0.986637760075676
26356,1,0.9999999999619803
26415,1,0.99751903453332
26440,1,0.9999999999619803
26455,1,0.9874950578029876
26465,1,0.9163755312071045
26467,1,0.9445663485530954
26537,1,0.992545632525354
26543,1,0.9999999999619803
26562,1,0.9999999999619803
26575,1,0.9615310429115201
26598,1,0.9997446991110857
26610,1,0.9999999999619803
26613,1,0.9999779396770317
26642,1,0.9990522803032187
26676,1,0.9999999999619803
26692,1,0.9999999999619803
26700,1,0.9999772042923329
26701,1,0.999713138464618
26702,1,0.999908297679938
26721,1,0.9999170124371306
26735,1,0.9785574394254917
26752,1,0.9967162269290929
26757,1,0.9999999999619803
26767,1,0.9999999999619803
26774,1,0.9741386606307504
26779,1,0.9762208011951373
26781,1,0.6310706861441149
26796,1,0.9999999999619803
26808,1,0.9999311115298135
26812,1,0.9999999999619803
26817,1,0.9999999999619803
26822,1,0.9956477946301677
26850,1,0.9996944144977133
26900,1,0.9999203667333311
26929,1,0.9444892610459915
26935,1,0.9999999999619803
26938,1,0.9857951685614735
26947,1,0.9999999999619803
26953,1,0.9999999999619803
26958,1,0.9999999999619803
26973,1,0.9991412467394878
27005,1,0.9908920790112977
27031,1,0.9162400616109276
27041,1,0.999996480683661
27048,1,0.9740261559774288
27073,1,0.9999999999619803
27075,1,0.9965293744217966
27106,1,0.9999773208262253
27121,1,0.9650372241751416
27127,1,0.9999999999619803
27131,1,0.999996478828037
27192,1,0.9991404161569858
27210,1,0.9167060113144767
27216,1,0.29449315711316765
27230,1,0.9976682443453291
27241,1,0.9762367335800562
27251,1,0.999231655340449
27275,1,0.9993505777562555
27315,1,0.9956164212355636
27325,1,0.999713154086549
27327,1,0.9925468349551815
27333,1,0.8963350704277988
27357,1,0.9999999999619803
27363,1,0.9999999999619803
27409,1,0.9991426765155988
27416,1,0.9740210230834107
27438,1,0.9965214212981862
27442,1,0.976249264358233
27469,1,0.9999999999619803
27477,1,0.9223581236167082
27478,1,0.9957439663277133
27482,1,0.9624128087285937
27484,1,0.9999999999619803
27502,1,0.03996515201119722
27519,1,0.9999779288713311
27523,1,0.9999999999619803
27554,1,0.9999809391880515
27578,1,0.9908869157191532
27579,1,0.9999999999619803
27583,1,0.9978694319780347
27609,1,0.9999846852423929
27624,1,0.9773400220166972
27634,1,0.9999999982977217
27641,1,0.9994378222224514
27674,1,0.9999999999619803
27677,1,0.9162982551928844
27683,1,0.9999999999619803
27720,1,0.9999999999619803
27729,1,0.9741448700112498
27730,1,0.9999999999619803
27731,1,0.9999999999619803
27755,1,0.999985091377178
27756,1,0.9999999999619803
27764,1,0.9999193151665997
27771,1,0.9780065349648013
27786,1,0.992693775361183
27792,1,0.9965240373378598
27807,1,0.9962116264873054
27825,1,0.8963134484072461
27840,1,0.9999093955822079
27844,1,0.9999999999619803
27846,1,0.9840477362235709
27874,1,0.999980945965042
27890,1,0.9999999999619803
27894,1,0.9976698102597974
27900,1,0.9999999999619803
27927,1,0.9999999999619803
27938,1,0.9991518710204749
27949,1,0.9994374388513925
27962,1,0.9774535080424492
27965,1,0.9999999999619803
27975,1,0.9962345801483496
27976,1,0.9136423180638623
27977,1,0.9999999999619803
27978,1,0.999985088662773
28039,1,0.3288303392053614
28078,1,0.9999315183328794
28080,1,0.9999311317762755
28082,1,0.9999999999619803
28083,1,0.9997447529126158
28086,1,0.9999809563927786
28100,1,0.9866533059210731
28107,1,0.9999999999619803
28108,1,0.9999999999619803
28109,1,0.9956719257792226
28117,1,0.983634369608831
28121,1,0.9999999999619803
28122,1,0.9991409042719634
28129,1,0.35383956120828197
28130,1,0.9999999999619803
28142,1,0.9999999999619803
28157,1,0.9857917392538303
28170,1,0.4640697100332453
28172,1,0.9999779283432925
28181,1,0.9996976086641345
28190,1,0.9957448741190433
28206,1,0.04122061457008859
28225,1,0.9999999999619796
28236,1,0.9836249728852741
28256,1,0.9968506798986062
28270,1,0.9882858630984509
28279,1,0.9999999999619803
28285,1,0.9463941277154508
28290,1,0.9978687269453389
28292,1,0.9999999999619803
28315,1,0.896293044630459
28316,1,0.9908970664812166
28338,1,0.9999193328567861
28345,1,0.9999999999619803
28359,1,0.9956467059909201
28373,1,0.9999999999619803
28384,1,0.9999192835518814
28404,1,0.9982327973063474
28469,1,0.9882790037801431
28471,1,0.7364008356444097
28484,1,0.9577672368631406
28497,1,0.9999851040216525
28502,1,0.9982342650863619
28537,1,0.9999999999619803
28546,1,0.9962114038419818
28547,1,0.9882893593395051
28548,1,0.9999778131749127
28572,1,0.9999999999619803
28595,1,0.9614995677164467
28599,1,0.9999999999619803
28603,1,0.9972635714654537
28620,1,0.9826551623097195
28649,1,0.9999999999619803
28650,1,0.981580721794987
28670,1,0.9999423936113855
28675,1,0.9762309648645963
28687,1,0.9907379337222388
28696,1,0.9773138780732686
28743,1,0.9962087252607484
28755,1,0.9999999999619803
28784,1,0.9999999999619803
28787,1,0.9999999999619803
28796,1,0.9999999999619803
28867,1,0.9136695794216917
28876,1,0.7819075126030741
28890,1,0.784349284871013
28894,1,0.9930447376688399
28895,1,0.9999999999619803
28913,1,0.9999999999619803
28916,1,0.9999772202550001
28937,1,0.0408559906769783
28947,1,0.9161497218912922
28951,1,0.47120062879278996
28953,1,0.9785485350841514
28955,1,0.9999083573633677
28961,1,0.7361035869914827
28962,1,0.9925472017863785
28967,1,0.9999999999619803
28969,1,0.9956207372399137
28985,1,0.14569641307832315
29005,1,0.9999943905010731
29006,1,0.9999809468070883
29007,1,0.9999999999619803
29048,1,0.9999999999619803
29079,1,0.9999999999619803
29083,1,0.9999999999619803
29120,1,0.9999054102993558
29127,1,0.9999943973059562
29140,1,0.9631048479407492
29180,1,0.9815517897294623
29188,1,0.9999999999619803
29193,1,0.9992798149615433
29212,1,0.9999999999619803
29228,1,0.9997445910107616
29238,1,0.9993502926861424
29252,1,0.04118432000176187
29256,1,0.9774464746154574
29263,1,0.990897793812618
29266,1,0.9999999999619803
29285,1,0.9961001962497301
29313,1,0.9866350226073843
29317,1,0.9136762609847205
29322,1,0.9999772079829816
29333,1,0.9999999999619803
29335,1,0.9999999999619803
29342,1,0.995745589969932
29359,1,0.9999999999619803
29365,1,0.999980910922223
29375,1,0.9999850952474539
29384,1,0.04130087624715599
29395,1,0.9992791000381797
29413,1,0.9962080416292127
29428,1,0.9882200618235988
29438,1,0.9979781048391444
29454,1,0.4538306896881698
29455,1,0.055788998562790904
29470,1,0.019538989372876826
29476,1,0.9965215940774784
29482,1,0.9999773416738397
29484,1,0.9857794806318378
29487,1,0.9972349668326093
29488,1,0.9999999999619803
29489,1,0.81274363101907
29491,1,0.9999809164432892
29494,1,0.9992788559229444
29506,1,0.9999999999619803
29554,1,0.9773492987013797
29557,1,0.9857669450285637
29560,1,0.9999999999619803
29561,1,0.9882196741433801
29568,1,0.9999999999619803
29597,1,0.9999999999619803
29606,1,0.9999999999619803
29615,1,0.9993502583334974
29620,1,0.9999999999619803
29642,1,0.9999999999619803
29647,1,0.9956481968280939
29649,1,0.9957428723820125
29651,1,0.9849004405347161
29693,1,0.5694038348324284
29705,1,0.9999999999619803
29713,1,0.9991526183810185
29714,1,0.9999999999619803
29730,1,0.9999315297977397
29734,1,0.9197789558879137
29748,1,0.9999999999619803
29750,1,0.9999943902128463
29765,1,0.9999812509608087
29766,1,0.9840467715564035
29786,1,0.9999772907850574
29804,1,0.9978676742608867
29825,1,0.9956468182137157
29857,1,0.9762019137200154
29877,1,0.9999999999619803
29906,1,0.9999776799629622
29907,1,0.9999999999619803
29911,1,0.8650092933913185
29917,1,0.9999809607182414
29920,1,0.9999999999619803
29925,1,0.9836387178187448
29958,1,0.05739160459679696
29966,1,0.9999809416421732
29976,1,0.9999819195682068
29977,1,0.9982348346934556
29985,1,0.9999999999619803
29990,1,0.812947795976049
29993,1,0.9769052965441175
30013,1,0.9894548852225481
30020,1,0.999137852591152
30023,1,0.9999312372104411
30025,1,0.9768793965840894
30027,1,0.9976685467211042
30033,1,0.9598287676857009
30052,1,0.9999999999619803
30061,1,0.9882878628282795
30122,1,0.9999083665213768
30135,1,0.9640987795999291
30180,1,0.9972637147896909
30182,1,0.9999999999619803
30188,1,0.9991509890969237
30198,1,0.9999999999619803
30203,1,0.997649527487007
30210,1,0.9992794074721739
30220,1,0.9735764442019637
30221,1,0.9999999999619803
30234,1,0.9894580933084355
30250,1,0.9999999999619803
30253,1,0.9921526461676208
30291,1,0.9882230432204423
30338,1,0.9999999999619803
30367,1,0.9999999999619803
30371,1,0.9958140761949674
30380,1,0.9999999595275535
30387,1,0.9974718162001671
30424,1,0.9999318894719422
30435,1,0.9999999999619803
30440,1,0.9999999999619803
30441,1,0.9999999999619803
30442,1,0.9943583758183799
30446,1,0.9996578807670362
30473,1,0.9773381756804745
30520,1,0.9999848282109559
30532,1,0.9740118080677735
30536,1,0.9930440867015387
30537,1,0.9999999999619803
30541,1,0.982667221772356
30557,1,0.996521243907947
30574,1,0.3086908595126109
30583,1,0.9999999999619803
30590,1,0.9967158591175196
30595,1,0.9956466473019332
30597,1,0.9915456578972165
30636,1,0.9999999999619803
30673,1,0.9999772055217612
30723,1,0.9999812348591894
30768,1,0.9956721794028094
30775,1,0.9624334157749507
30789,1,0.9994382000041828
30805,1,0.9999094373647264
30842,1,0.041195249560069175
30861,1,0.9996578121049251
30872,1,0.9999999999619803
30877,1,0.9826702427167084
30879,1,0.9865640565736338
30900,1,0.9689897745653874
30952,1,0.9976481672641483
30968,1,0.9997762992271416
30971,1,0.9999999999619803
30974,1,0.9999419689262625
30985,1,0.9972355507910518
30993,1,0.9967155195811224
30998,1,0.9994378334601884
31007,1,0.9976490609111243
31009,1,0.9999999999619803
31052,1,0.8686907930021153
31061,1,0.9997446569175849
31070,1,0.9992791237683522
31112,1,0.9999999999619803
31129,1,0.9624670951136983
31131,1,0.9999999999619803
31138,1,0.9956212595177683
31143,1,0.9999999999619803
31144,1,0.9464533746191667
31165,1,0.47343308145074514
31188,1,0.05635381567993741
31206,1,0.9999053463556644
31220,1,0.9999992771032337
31228,1,0.9999733037647268
31233,1,0.9999964731633469
31236,1,0.9965208985824577
31258,1,0.9999999999619803
31266,1,0.9907648433227442
31283,1,0.9999999999619803
31292,1,0.9968494011709523
31328,1,0.9865662358951445
31348,1,0.9137968422654466
31376,1,0.995679631735207
31400,1,0.9991391171379576
31414,1,0.9908877371852174
31424,1,0.9962104019760389
31425,1,0.9997790952013862
31441,1,0.9999779670223061
31442,1,0.9999999999619803
31446,1,0.9994378338883356
31461,1,0.963557580735777
31464,1,0.7822726507167599
31470,1,0.9999999999619803
31514,1,0.9908909817006635
31518,1,0.9976685710521386
31528,1,0.9978681418407224
31564,1,0.9762415486842502
31581,1,0.9997320536861544
31585,1,0.9959278919603641
31621,1,0.9999999999619803
31627,1,0.995894986821143
31636,1,0.997233210906339
31638,1,0.9464139897196444
31662,1,0.9999999999619803
31675,1,0.9989896651225258
31706,1,0.9999999999619803
31708,1,0.9999999999619803
31721,1,0.9999312489563258
31735,1,0.9115221122903879
31762,1,0.9989902692870273
31772,1,0.9999809353798842
31773,1,0.9167546670569905
31799,1,0.868521166520215
31802,1,0.9976523410900274
31847,1,0.9445277302540335
31860,1,0.45302022531308794
31864,1,0.9962081646068773
31872,1,0.978568125431612
31881,1,0.9926895584518415
31892,1,0.9631435944805654
31913,1,0.9972631467740266
31966,1,0.9999999999619803
31973,1,0.9990183119914287
31976,1,0.9999999999619803
32007,1,0.988283213657178
32016,1,0.68560046321142
32017,1,0.99671325519788
32038,1,0.9991511909760528
32060,1,0.9999999999619803
32066,1,0.9991516847202727
32090,1,0.9992800191142037
32102,1,0.9464281277510277
32133,1,0.9961635938569573
32134,1,0.9999809430759078
32148,1,0.9958942543294023
32154,1,0.9999206113600567
32203,1,0.9999999999619803
32213,1,0.9762550450911921
32214,1,0.9999303599639335
32223,1,0.9768703045450637
32236,1,0.9926902341191665
32252,1,0.9999999932119666
32256,1,0.9997790242074943
32265,1,0.8862519894908273
32268,1,0.9991525723416215
32284,1,0.9641063461398154
32304,1,0.9999999999619803
32317,1,0.9976488905540302
32342,1,0.9999809272986476
32372,1,0.9999311652593256
32380,1,0.9999999999619803
32398,1,0.999977918068232
32401,1,0.9999999999619803
32417,1,0.9999773394936331
32441,1,0.9999999999619803
32445,1,0.9991522446426283
32460,1,0.9223551562077563
32463,1,0.9999850570023527
32467,1,0.9999999999619803
32492,1,0.9976455841814091
32525,1,0.9999999999619803
32548,1,0.9925460557785637
32586,1,0.9598312681804816
32622,1,0.9972661227569678
32636,1,0.9918273652600123
32638,1,0.9999999999619803
32647,1,0.9930450938112956
32664,1,0.9968481216639714
32692,1,0.9994385645980692
32743,1,0.9999999999619803
32787,1,0.9999809733862992
32816,1,0.9976486766163686
32821,1,0.9999809437373062
32827,1,0.9930397739035679
32831,1,0.9999999999619803
32839,1,0.9999779946668889
32848,1,0.9999999999619803
32869,1,0.9999999999619803
32895,1,0.896519203909641
32898,1,0.9999193288974314
32904,1,0.9999311054832988
32905,1,0.9999999999619803
32925,1,0.9994368268464803
32943,1,0.9762338419166484
32995,1,0.9999999999619803
33011,1,0.9999999999619803
33020,1,0.9990178641384245
33021,1,0.9999999999619803
33030,1,0.9926929294822868
33086,1,0.9999999999619803
33087,1,0.9999999999619803
33096,1,0.9999315111414973
33097,1,0.9956179568590279
33113,1,0.9882923290994882
33122,1,0.9136030155374485
33131,1,0.9997450863702992
33153,1,0.9999999999619803
33155,1,0.9999192876212828
33170,1,0.9735739625686789
33199,1,0.9997448713649093
33208,1,0.9741140093065833
33210,1,0.9163217182771455
33225,1,0.9990529343874252
33244,1,0.9999850861826933
33247,1,0.999931402807432
33248,1,0.9999849103956756
33256,1,0.9857921706255353
33261,1,0.9921462659172998
33277,1,0.9993577523012029
33297,1,0.999744799446419
33300,1,0.9990188421717988
33330,1,0.8099412337239313
33331,1,0.9220903160700592
33346,1,0.9840586005594137
33376,1,0.9991420104307097
33408,1,0.9956220914362794
33414,1,0.9991421879124125
33428,1,0.33603962839061063
33432,1,0.9999964755785367
33442,1,0.9999810009433859
33482,1,0.9999192754501244
33497,1,0.9997130834641651
33503,1,0.9999999999619803
33508,1,0.9965221185410891
33510,1,0.958747586698594
33524,1,0.999694279429221
33532,1,0.9993498793509633
33582,1,0.9248172492592815
33587,1,0.9761984693826335
33608,1,0.9999999999619803
33664,1,0.9999999999619803
33673,1,0.9999999999619803
33717,1,0.9965270097307343
33719,1,0.9962081472765871
33729,1,0.9136161196595904
33735,1,0.9163087751303993
33747,1,0.9990190801201915
33750,1,0.9999999999619803
33759,1,0.9463951761989822
33762,1,0.9994367297101874
33765,1,0.9999809252426385
33804,1,0.9999999999619803
33813,1,0.9999999999619803
33858,1,0.9926931744001568
33871,1,0.9999999999619803
33879,1,0.9624204180413781
33880,1,0.9999999999619803
33901,1,0.9999999999619803
33917,1,0.9999780002659556
33931,1,0.9962110008644385
33940,1,0.33717943356393076
33948,1,0.9999999999619803
33963,1,0.3088879075397956
33965,1,0.9968480254585061
34012,1,0.552328701901444
34020,1,0.9972362860510573
34025,1,0.9788777158483059
34030,1,0.8965367298529248
34035,1,0.9999999999619803
34043,1,0.9815681401284443
34050,1,0.9990182126242652
34061,1,0.7820211436616422
34067,1,0.9836097683695249
34069,1,0.9999313690967594
34075,1,0.9958116436252046
34105,1,0.9999420666962755
34127,1,0.9882227638014514
34130,1,0.9997131769384661
34153,1,0.9999999999619803
34162,1,0.9965236870780878
34203,1,0.9999193123452064
34216,1,0.9999999999619803
34236,1,0.9999999999619803
34241,1,0.9999809449473744
34263,1,0.9999999999619803
34283,1,0.9976687841889857
34287,1,0.9975207652221622
34288,1,0.9999999999619803
34315,1,0.9999999999619803
34319,1,0.9972639975774144
34324,1,0.990902810753696
34344,1,0.7174830958147834
34349,1,0.999919291902022
34358,1,0.9999999999619803
34359,1,0.9999809777488546
34374,1,0.9163088973231315
34378,1,0.016282909376054724
34390,1,0.9999318655054459
34398,1,0.9223670388698085
34412,1,0.9999315359719061
34419,1,0.9993500852734671
34429,1,0.9999999999619803
34440,1,0.9999850986796917
34465,1,0.9999957774161519
34474,1,0.9988496623939204
34491,1,0.7849798439737651
34500,1,0.999437309848573
34503,1,0.9956477888717201
34522,1,0.9773455960902407
34525,1,0.9978673219797302
34532,1,0.9999732972237508
34537,1,0.9999809480572928
34575,1,0.999694246661383
34586,1,0.9930435034361061
34587,1,0.9992694153567048
34620,1,0.9999851011734335
34623,1,0.9991410938583264
34629,1,0.05899612044977562
34674,1,0.9136120017130327
34692,1,0.9978677903209939
34713,1,0.9754201206122464
34730,1,0.4103921104493425
34738,1,0.0582921204092127
34765,1,0.9587385973895153
34790,1,0.9999851007796241
34798,1,0.9972319519944367
34816,1,0.9999437200212661
34831,1,0.9999439107261594
34861,1,0.9956481846437985
34866,1,0.9999311797802012
34907,1,0.9587837401085306
34916,1,0.9754039402266683
34924,1,0.9956469846753396
34956,1,0.9926925019935654
34962,1,0.9999999999619803
34976,1,0.9999999999619803
34981,1,0.9965202022380003
34993,1,0.9976448212958121
35002,1,0.9999999999619803
35006,1,0.9815197620329108
35013,1,0.9956187525076636
35016,1,0.9999851036691416
35043,1,0.9999809725711248
35062,1,0.9994384428223235
35066,1,0.9999819342561563
35092,1,0.9464678218752057
35116,1,0.4080148820569258
35129,1,0.9198228371705306
35138,1,0.9999999999619803
35146,1,0.9976689275589397
35183,1,0.9999999999619803
35196,1,0.9999773100590704
35222,1,0.999973300908907
35302,1,0.9999999999619803
35320,1,0.9999999999619803
35339,1,0.9762290321459376
35347,1,0.9463992934539427
35353,1,0.9959267982509672
35354,1,0.9712089096391082
35355,1,0.9773428487521534
35407,1,0.9999999999619803
35436,1,0.996101452917843
35443,1,0.9956724778642831
35444,1,0.9976690390650287
35467,1,0.9136498670300143
35482,1,0.2293134742897273
35490,1,0.9135418457763924
35491,1,0.9982320335672747
35493,1,0.9999999999619803
35495,1,0.9882883685291795
35505,1,0.9836213676622111
35527,1,0.9999311845280549
35532,1,0.9464096095843769
35543,1,0.9965205519254727
35558,1,0.9805390078978294
35560,1,0.9999204107228531
35563,1,0.9999999999619803
35576,1,0.9999999999619803
35591,1,0.9999999999619803
35598,1,0.7912647606636891
35602,1,0.6856266150428414
35608,1,0.981546358360394
35619,1,0.9999999999619803
35623,1,0.9997133919625903
35634,1,0.9990191075267234
35638,1,0.99823363347976
35645,1,0.9815626770163391
35648,1,0.9999203887560466
35668,1,0.9866345294754606
35671,1,0.9840471288653442
35672,1,0.9989911747672799
35705,1,0.9999964785084007
35726,1,0.913515118667803
35744,1,0.9999999999619803
35761,1,0.9957453929597239
35784,1,0.9221165169424419
35785,1,0.9999999999619803
35805,1,0.9137519002306662
35837,1,0.9997451868871987
35848,1,0.9992795297325553
35869,1,0.9826619442188503
35879,1,0.9999999999619803
35899,1,0.9930437548979187
35900,1,0.9992688059077901
35909,1,0.9999204990578423
35922,1,0.9768721870807433
35930,1,0.9978679367627633
35932,1,0.9993352210266222
35943,1,0.9999999999619803
35953,1,0.9997449139871822
35975,1,0.9926855255198301
35978,1,0.9999192205512889
35986,1,0.9999999999619803
35998,1,0.9960968422633303
36001,1,0.9974731920959554
36002,1,0.9748056949453491
36019,1,0.9999999999619803
36037,1,0.7967291221140468
36039,1,0.9773363346944507
36055,1,0.9976493989771336
36101,1,0.9999999999619803
36129,1,0.9999999999619803
36161,1,0.9974769027197901
36164,1,0.9615195657672644
36175,1,0.9999999999619803
36176,1,0.9958135156004484
36187,1,0.9999193041819845
36210,1,0.9999999999619803
36219,1,0.9999999999619803
36220,1,0.9999809720123011
36235,1,0.9136279258667477
36244,1,0.9991520589629724
36266,1,0.978549410753417
36273,1,0.9976699723431701
36287,1,0.9999999999619803
36296,1,0.9999964743075219
36309,1,0.9999999999619803
36337,1,0.9999999999619803
36338,1,0.9999999999619803
36352,1,0.9999999999619803
36368,1,0.9894608567554983
36376,1,0.9999999999619803
36397,1,0.9999999999619803
36440,1,0.9997446719671123
36508,1,0.9979787837061556
36529,1,0.9999312109429245
36552,1,0.9930426072336414
36558,1,0.9999732975663992
36572,1,0.9991376108806066
36604,1,0.9999999999619803
36605,1,0.839567119259673
36628,1,0.9996975127324288
36658,1,0.9999999999619803
36674,1,0.9623785117958729
36681,1,0.9993575117062674
36684,1,0.9999850758931378
36692,1,0.9961011192712894
36693,1,0.9999999999619803
36696,1,0.9136826225117034
36711,1,0.9999999999619803
36714,1,0.9999999999619803
36732,1,0.9999999999619803
36740,1,0.9999999999619803
36745,1,0.9999999999619803
36788,1,0.979050894437763
36789,1,0.9970021170188871
36793,1,0.9908816195926822
36800,1,0.9999999999619803
36802,1,0.9999809786820462
36804,1,0.9965200288670355
36874,1,0.997264984975038
36880,1,0.9840566346702553
36891,1,0.9965257812796621
36928,1,0.913611273550157
36932,1,0.9991417449277538
36940,1,0.9999999999619803
36941,1,0.9136612668885282
36947,1,0.9999170085474068
36963,1,0.9464369680240299
36983,1,0.9999206438577488
36995,1,0.8398179230149044
36997,1,0.9999999999619803
37006,1,0.9999999999619803
37014,1,0.9999772190228519
37028,1,0.9762453984710663
37035,1,0.8650806268136868
37039,1,0.9962132826939022
37058,1,0.9867557332052185
37072,1,0.9774535139065433
37080,1,0.9974683238250355
37084,1,0.9999999999619803
37103,1,0.9992792047121098
37134,1,0.9999964814413439
37188,1,0.9840666374459769
37191,1,0.9999999999619803
37241,1,0.9999999999619803
37243,1,0.988294839837772
37257,1,0.9960993586212222
37261,1,0.9999094126039754
37269,1,0.9999999999619803
37270,1,0.962442438844455
37282,1,0.9999999999619803
37286,1,0.9999999999619803
37308,1,0.9999999999619803
37316,1,0.9741403406862457
37323,1,0.9996560013497673
37343,1,0.998980470209958
37353,1,0.9999999999619803
37354,1,0.9999847610612057
37378,1,0.9991407413532429
37391,1,0.9774621369199743
37416,1,0.9993503275440232
37442,1,0.9999999999619803
37449,1,0.9999999999619803
37453,1,0.9997134396771942
37455,1,0.9221033546843173
37486,1,0.9999999999619803
37488,1,0.9999773271647544
37492,1,0.9762261400704296
37516,1,0.991826778608888
37563,1,0.9999999999619803
37590,1,0.9999999999619803
37614,1,0.9840497026317057
37647,1,0.998988365546676
37664,1,0.9990179644766215
37690,1,0.9997791669550979
37707,1,0.9875104554706053
37708,1,0.9965357863226485
37717,1,0.9773555345502658
37732,1,0.9999999999619803
37739,1,0.9999999999619803
37742,1,0.9964452017263691
37748,1,0.9930323700826429
37777,1,0.9999311455135785
37832,1,0.9918299998506854
37869,1,0.9918305149706871
37897,1,0.9991388438443732
37909,1,0.5615653976028318
37911,1,0.9136787992021521
37920,1,0.23277373599769852
37924,1,0.9785583182655008
37935,1,0.9957421176350046
37943,1,0.9999780130438247
37959,1,0.999977931509245
37978,1,0.9762405892886878
37989,1,0.9999999999619803
37990,1,0.9972340884294514
37992,1,0.9062319722993788
38007,1,0.9993505817365333
38034,1,0.9712303632266288
38036,1,0.9962089102730042
38046,1,0.9981674398158593
38051,1,0.9999778913871304
38061,1,0.9826514038102536
38062,1,0.9999999999619803
38077,1,0.9956707172464333
38091,1,0.9990193070450832
38101,1,0.9996976846506231
38107,1,0.9999999999619803
38117,1,0.9780267947309184
38133,1,0.9999999999619803
38173,1,0.9996943940951295
38174,1,0.9754107140669905
38203,1,0.9999312486662246
38205,1,0.9650190950500834
38206,1,0.9999812629365924
38244,1,0.9999772018323794
38275,1,0.9640476084980666
38277,1,0.9991379256884824
38295,1,0.09690291154597619
38374,1,0.9993501894281174
38384,1,0.9882938222765049
38391,1,0.998167807150869
38393,1,0.6232555430502167
38406,1,0.9999999999619803
38432,1,0.9631078065458403
38453,1,0.9997322043586603
38462,1,0.7824101131818255
38508,1,0.974030248676099
38509,1,0.9999999999619803
38517,1,0.9999999999619803
38524,1,0.9999999999619803
38543,1,0.9997789522532858
38550,1,0.9991519640977441
38561,1,0.9999999999619803
38565,1,0.9999773249842134
38582,1,0.9996943610638627
38589,1,0.9999819204345375
38597,1,0.9999999999619803
38603,1,0.9982344073684352
38608,1,0.8675278661889114
38617,1,0.9999999999619803
38676,1,0.913627072826023
38682,1,0.9999945646530417
38705,1,0.9999999999619803
38721,1,0.986654417781555
38736,1,0.9997446196903995
38737,1,0.9968470003989927
38760,1,0.9999999999619803
38781,1,0.9816810883176277
38808,1,0.9962014832091581
38817,1,0.9741336192880831
38857,1,0.9753791654120378
38866,1,0.9991425868644663
38875,1,0.9465876792661724
38881,1,0.9999999999619803
38887,1,0.9958162336401111
38906,1,0.9614882371185058
38918,1,0.9999999999619803
38919,1,0.9999850989987933
38934,1,0.9918419296277385
38935,1,0.9773353920848767
38941,1,0.8136111925270205
38972,1,0.9999312450009834
38982,1,0.9999999999619803
39019,1,0.5617659410122089
39028,1,0.9781857482610842
39044,1,0.9999999999619803
39045,1,0.9630931401352616
39050,1,0.999996476988262
39054,1,0.9999999999426215
39055,1,0.9999999999619803
39059,1,0.9999999999619803
39074,1,0.9999999999619803
39075,1,0.9976516987021372
39077,1,0.9999314375073199
39078,1,0.9464511431043466
39082,1,0.9999438868247281
39092,1,0.9220272052349245
39101,1,0.9245299442554299
39106,1,0.998167892500961
39107,1,0.9999311989014302
39126,1,0.9999771636080053
39134,1,0.8028990032889511
39162,1,0.9785529781091726
39176,1,0.9999943893291324
39184,1,0.9915442652793827
39203,1,0.9763010917792315
39208,1,0.9999850870187207
39229,1,0.9999992474485817
39235,1,0.9773508498530583
39244,1,0.9136581182925638
39266,1,0.9999999999619803
39278,1,0.9999999999619803
39292,1,0.13386432221581737
39309,1,0.782147522620041
39313,1,0.9999315395592355
39319,1,0.9220215807287429
39376,1,0.9999999999619803
39383,1,0.9999999999619803
39390,1,0.9999809593260052
39400,1,0.7822988476818828
39414,1,0.9874949493593669
39418,1,0.9999193369803191
39425,1,0.9918256567221267
39432,1,0.9999999999619803
39450,1,0.9161633666298384
39460,1,0.9999999999619803
39463,1,0.9999436961289193
39497,1,0.9972662511939924
39513,1,0.9999943944886484
39518,1,0.9972654137153661
39519,1,0.9972665324619348
39542,1,0.9999773191098581
39544,1,0.9999999999619803
39575,1,0.9780166667674076
39606,1,0.9999999999619803
39612,1,0.9999354222111695
39614,1,0.9999169618027189
39628,1,0.9999999999619803
39642,1,0.9999999999619803
39671,1,0.9999773165115656
39678,1,0.9999964899157685
39694,1,0.9997132332267601
39697,1,0.9996978846763135
39719,1,0.9997319847314858
39772,1,0.9990180722978181
39780,1,0.9445405704958608
39788,1,0.9894567262679518
39792,1,0.9930422858627052
39805,1,0.9997445567843398
39808,1,0.9826529121674596
39809,1,0.999712880240911
39819,1,0.9999809605559791
39837,1,0.996209903511494
39840,1,0.9997449568320712
39849,1,0.9999054532031172
39874,1,0.9915482659638827
39880,1,0.9875042530189317
39885,1,0.9840496625262635
39895,1,0.9997451724436948
39910,1,0.9999999999619803
39948,1,0.9999999999619803
39973,1,0.9999999999619803
39975,1,0.9999999999619803
39984,1,0.9712063644774158
40035,1,0.9994372609916095
40060,1,0.9998037834839796
40066,1,0.9999999999619803
40100,1,0.05853533578803848
40108,1,0.9999999999619803
40116,1,0.9965217118262512
40125,1,0.9999318624392233
40131,1,0.9163494117602751
40145,1,0.9997765491187518
40153,1,0.9999999999619803
40155,1,0.9740200055930254
40173,1,0.4715457184129045
40180,1,0.9976505490709187
40198,1,0.9894640837984278
40207,1,0.9220184736624949
40217,1,0.9992793272283177
40231,1,0.9999999999619803
40255,1,0.9740107904265493
40299,1,0.9857795116796574
40300,1,0.9865628241480587
40310,1,0.9224027361987316
40329,1,0.999745129225616
40340,1,0.9163668337036582
40343,1,0.9444587028108958
40385,1,0.9999850662410618
40396,1,0.9865639123647209
40398,1,0.9999771981410187
40406,1,0.9991517318470339
40412,1,0.38074609165639794
40432,1,0.9740278013522474
40440,1,0.9874945883004895
40462,1,0.9999193782392449
40466,1,0.9956774962138555
40470,1,0.9999411271437165
40497,1,0.9965259600765186
40500,1,0.9741426069648655
40514,1,0.9999170461554395
40522,1,0.9999999999619803
40530,1,0.9999999999619803
40546,1,0.9976691764432079
40549,1,0.9999094295776823
40566,1,0.9735857099651254
40574,1,0.8107411199909914
40576,1,0.8965404472416968
40611,1,0.9999999999619803
40659,1,0.8687421663590296
40688,1,0.9865644655130021
40721,1,0.9999772103479909
40737,1,0.9785476452018789
40743,1,0.9991378393875863
40780,1,0.9754267255732073
40796,1,0.9999850645822405
40808,1,0.9925441698435996
40811,1,0.07936192217846087
40816,1,0.9999999999619803
40819,1,0.9999773371314825
40829,1,0.9968473211979986
40835,1,0.9958971848967074
40841,1,0.9975186859033629
40843,1,0.8106280262938731
40856,1,0.9996943776555676
40888,1,0.05890228721047409
40913,1,0.9976490206713086
40938,1,0.9999999999619803
40947,1,0.9999999999619803
40963,1,0.8418151971990239
40979,1,0.9994382617192697
40989,1,0.9999991360643387
41033,1,0.9999999999619803
41038,1,0.9999850564220241
41053,1,0.97857438566253
41054,1,0.9640849735639292
41066,1,0.05596748173800209
41071,1,0.9999205544980642
41096,1,0.9866377188910527
41110,1,0.9976694695170358
41116,1,0.9952572448687524
41119,1,0.9999999999619803
41128,1,0.9908855628601804
41161,1,0.1841940203207987
41175,1,0.9999315076131137
41187,1,0.9908829904254468
41197,1,0.999152805497492
41202,1,0.9999999999619803
41218,1,0.9999999999619803
41224,1,0.9402636915507077
41233,1,0.9999999999619803
41238,1,0.9999850701789994
41262,1,0.9785645591789618
41270,1,0.9762229874610009
41271,1,0.9857950678731415
41282,1,0.9999999999619803
41290,1,0.9996975824991748
41304,1,0.9587746749619503
41330,1,0.9982341230793368
41344,1,0.9930379113891727
41349,1,0.9999957745744593
41383,1,0.9981655631888535
41399,1,0.9840527189996686
41408,1,0.9988728813870378
41417,1,0.9999999999619803
41422,1,0.9163187112673347
41470,1,0.9976697075519638
41472,1,0.9999999999619803
41503,1,0.9999315054544461
41504,1,0.9999999999619803
41506,1,0.999980973836678
41512,1,0.9996943932480591
41541,1,0.9631036621565463
41563,1,0.9999999999619803
41576,1,0.9161548713286509
41586,1,0.998165997929946
41599,1,0.9999999999619803
41606,1,0.868593035291554
41619,1,0.9956464789557072
41627,1,0.9999999999619803
41644,1,0.8033466377666112
41658,1,0.9999999999619803
41678,1,0.9826611826571593
41695,1,0.9996577986628497
41731,1,0.9999999999619803
41747,1,0.9598490766292419
41783,1,0.9763288118505685
41787,1,0.9223610854089968
41792,1,0.9999999999619803
41802,1,0.9999999999619803
41805,1,0.9999809304311081
41829,1,0.9762251864201292
41867,1,0.9999773325903814
41869,1,0.995647390118682
41876,1,0.9908904524748718
41902,1,0.9598465218074381
41920,1,0.9959280579160007
41923,1,0.999920299033301
41960,1,0.9163544123794852
41964,1,0.9999812535526102
41969,1,0.9999999999619803
42010,1,0.9999999999619803
42050,1,0.9463789256029413
42052,1,0.9819918764698881
42054,1,0.9960984974319038
42071,1,0.9999943967169665
42083,1,0.9999999999619803
42110,1,0.9999999999619803
42127,1,0.9999999999619803
42131,1,0.9997476196889266
42134,1,0.9999193453667257
42144,1,0.9999999999619803
42148,1,0.9999999999619803
42152,1,0.9999999999619803
42154,1,0.9999999999619803
42189,1,0.9956195815638405
42206,1,0.9999992470290993
42221,1,0.9999773036913631
42235,1,0.9857818318889774
42246,1,0.9999193467797991
42249,1,0.7845212977437699
42254,1,0.9999992478697818
42269,1,0.9882890032089287
42270,1,0.9991417240223917
42274,1,0.9965207230347635
42304,1,0.9982346208628268
42307,1,0.9000924941978222
42311,1,0.9785467609820993
42322,1,0.9999736925171256
42348,1,0.9999999999619803
42366,1,0.9999999999619803
42370,1,0.9999999999619803
42378,1,0.9921436563566077
42382,1,0.9650100724901725
42416,1,0.9999999999619803
42421,1,0.9993506356608883
42452,1,0.9926936652959579
42461,1,0.9999809283352817
42470,1,0.9999771920634941
42478,1,0.9999999999619803
42530,1,0.3349249905392627
42539,1,0.9930446481159086
42563,1,0.7823024545346152
42588,1,0.999713217137502
42628,1,0.9115154522390223
42630,1,0.9976667857959846
42643,1,0.9999999999619803
42656,1,0.9815910207587457
42665,1,0.9926905209523496
42673,1,0.9999999999619803
42675,1,0.9990525156348232
42691,1,0.9763301520275776
42696,1,0.9653014093142599
42705,1,0.9464910814273689
42750,1,0.24284576430422591
42794,1,0.9992799779575758
42805,1,0.9826631398333164
42819,1,0.9999999999619803
42829,1,0.9990193562774309
42842,1,0.9773083903583527
42850,1,0.9991397528989729
42868,1,0.9773505380482939
42916,1,0.975412584686003
42932,1,0.9999999999619803
42936,1,0.997268751562234
42940,1,0.9974716935733501
42966,1,0.9999999999619803
42981,1,0.9999999999619803
42984,1,0.9816276401639268
43047,1,0.9996976626301428
43050,1,0.9996944424522771
43052,1,0.9999999999619803
43061,1,0.9956492633933929
43114,1,0.9991418774823783
43120,1,0.019944412686662322
43130,1,0.07946108508001927
43146,1,0.9999999999619803
43149,1,0.9978680241515695
43158,1,0.9857852219176927
43165,1,0.97733263664445
43176,1,0.9961550942416787
43179,1,0.017175492309827702
43183,1,0.9780318995031188
43189,1,0.9926908501021271
43210,1,0.9999999999619803
43224,1,0.999973310774488
43228,1,0.9990191568269405
43240,1,0.9999999999619803
43262,1,0.9908882825689882
43266,1,0.9999999999619803
43287,1,0.9826650822441797
43294,1,0.9956745180251731
43300,1,0.03986609409133989
43316,1,0.9768703623683743
43399,1,0.9999999999619803
43413,1,0.24052861547318383
43425,1,0.5542692389667704
43428,1,0.9965238630825468
43435,1,0.999731910728083
43436,1,0.9135895756145154
43471,1,0.9999999999619803
43472,1,0.9962084602263859
43474,1,0.9999999999619803
43477,1,0.9999193247037448
43492,1,0.9962091936702966
43505,1,0.9982743365336528
43515,1,0.999980936006282
43539,1,0.9999999999619803
43561,1,0.9997445968985136
43568,1,0.9748313447379992
43573,1,0.997870723285068
43585,1,0.9999999999619794
43587,1,0.9762483030507813
43626,1,0.9999999999619803
43684,1,0.9999773197737619
43698,1,0.16128877346644965
43707,1,0.9999999999619803
43710,1,0.9615210309685851
43729,1,0.04140316683632156
43738,1,0.9999999988683301
43747,1,0.9463915717610557
43796,1,0.9999999999619803
43801,1,0.9999999999619803
43805,1,0.9999999999619803
43818,1,0.9926966071088563
43827,1,0.9918302807884798
43829,1,0.9999809370226584
43831,1,0.9999999999619803
43852,1,0.9999999999619803
43867,1,0.9999819152495703
43884,1,0.9999999999619803
43919,1,0.9999999999619803
43949,1,0.9587927867102438
43954,1,0.997472504611862
43961,1,0.9956469357772685
43969,1,0.9999083895481794
43987,1,0.9991416115921582
43991,1,0.9866372607828254
44000,1,0.9999812488713166
44002,1,0.8108112889032488
44006,1,0.9999999999619803
44019,1,0.9840507596630611
44031,1,0.9981672878701816
44047,1,0.9999437458945382
44073,1,0.9826786086427045
44086,1,0.9999999999619803
44139,1,0.999999277509542
44159,1,0.992693413191735
44168,1,0.9926951681084091
44197,1,0.9999999999619803
44230,1,0.962458018331189
44256,1,0.9999777776933805
44265,1,0.9999999999619803
44318,1,0.9999999999619803
44364,1,0.9999773126587729
44366,1,0.9972661066889883
44381,1,0.9999999999619803
44400,1,0.9925450571331449
44435,1,0.9962115596153229
44485,1,0.9999772067521909
44491,1,0.9999999999619803
44498,1,0.999931841820101
44499,1,0.9999999999619803
44510,1,0.9735865853223539
44515,1,0.9991418335096937
44534,1,0.9882918469454344
44540,1,0.9785601016610914
44552,1,0.999985097826002
44581,1,0.982671752446619
44582,1,0.999999998303912
44587,1,0.03983723602707553
44593,1,0.9999999999619803
44626,1,0.9999999999619803
44634,1,0.9999999999619803
44640,1,0.7772435403623927
44653,1,0.9587296202940984
44673,1,0.9999999999619803
44681,1,0.9999193291293952
44690,1,0.8649141320525014
44709,1,0.9926943932357537
44710,1,0.9999999999619803
44735,1,0.9999318506267405
44745,1,0.9402926311326427
44764,1,0.99621187121919
44766,1,0.9999999999619803
44775,1,0.8645706786022324
44789,1,0.9999809522072407
44860,1,0.9762328831818204
44914,1,0.9962109795462271
44919,1,0.04117939449535229
44922,1,0.9999999999619803
44933,1,0.9965235120043074
44934,1,0.9999999999619803
44948,1,0.9923601465223776
44973,1,0.9967172168853349
44989,1,0.9846736248874526
44998,1,0.17952611381813302
45057,1,0.9999999999619803
45072,1,0.9999999999619803
45107,1,0.9993505120100985
45125,1,0.9956478494436244
45145,1,0.9444512630229608
45163,1,0.9774510704918792
45181,1,0.1455684387965938
45188,1,0.9999314897713025
45233,1,0.9999999999619803
45236,1,0.9999999999619803
45278,1,0.9735695014370936
45280,1,0.9999808999335201
45294,1,0.9875037195791727
45295,1,0.991546262298128
45303,1,0.9925444899727798
45342,1,0.9976696828943912
45350,1,0.9999773039964026
45360,1,0.9999999999619803
45371,1,0.9965263086417528
45377,1,0.9991380956683373
45388,1,0.9136988430927406
45428,1,0.9999999999619803
45479,1,0.9999419443990976
45493,1,0.9999083529339241
45498,1,0.8685464865450252
45506,1,0.9979981602639597
45517,1,0.9999999999619803
45520,1,0.9999850973235639
45572,1,0.9915452837438499
45574,1,0.9972683734350407
45587,1,0.9997132970129411
45589,1,0.985796826790011
45596,1,0.9961511468308245
45635,1,0.9994369387376612
45643,1,0.11300785013925159
45678,1,0.9999999999619803
45684,1,0.9972330641951765
45690,1,0.03632347328821468
45720,1,0.9999999999619803
45752,1,0.9826657010011861
45765,1,0.9999809258794253
45797,1,0.9999999999619803
45798,1,0.9997129745206401
45808,1,0.9773533121843712
45810,1,0.9999999999619803
45828,1,0.9999780028394092
45836,1,0.9999999999619803
45860,1,0.9958132402319906
45870,1,0.9992321520212318
45891,1,0.9999964733020804
45909,1,0.9994376573095852
45923,1,0.9991382841492304
45926,1,0.9999437699590841
45962,1,0.9999411512166001
45964,1,0.9999999999619803
45995,1,0.9640912177858634
45998,1,0.9999999999619803
45999,1,0.9999999999619803
46027,1,0.9999999999619803
46029,1,0.9999438153581548
46037,1,0.9444537317653227
46049,1,0.6479638829425672
46056,1,0.9925461423907039
46061,1,0.9997321445435848
46110,1,0.9826679805144966
46111,1,0.986643290422885
46119,1,0.988221974333742
46125,1,0.9956482441858072
46136,1,0.9999999999619803
46146,1,0.9999312525322641
46168,1,0.9999999999619803
46169,1,0.05743667065146492
46170,1,0.9997451005853857
46177,1,0.9999999999619803
46192,1,0.9999999999619803
46227,1,0.9999083251702438
46268,1,0.9999809689055018
46297,1,0.9773391408210875
46311,1,0.9768694038111324
46320,1,0.9999999999619803
46338,1,0.9930298357796762
46339,1,0.9198171064910466
46356,1,0.9442032603209054
46359,1,0.9999999999619803
46363,1,0.9999999999619803
46364,1,0.9991411936599908
46366,1,0.9999999999619803
46374,1,0.9816432556725577
46383,1,0.9999992782794497
46392,1,0.9999205211924882
46403,1,0.9220275521669852
46406,1,0.9999772982941942
46407,1,0.9875088192786432
46417,1,0.9988720079188832
46427,1,0.9992242740184366
46430,1,0.9999999999619803
46442,1,0.9875088781981739
46447,1,0.9999999999619803
46455,1,0.9999999999599104
46470,1,0.9999772994219734
46471,1,0.9926934716215172
46473,1,0.9999779961094587
46501,1,0.9978682899113157
46505,1,0.9587656371139124
46506,1,0.99998092602509
46519,1,0.7846375413806511
46522,1,0.9999999999619803
46524,1,0.9958145935009868
46536,1,0.9961588391298223
46570,1,0.990891266270054
46572,1,0.9976466246441102
46573,1,0.9999999999619803
46576,1,0.3536510409126306
46578,1,0.36549899582549256
46582,1,0.9754060403760423
46583,1,0.9763257840465444
46587,1,0.9925466318470382
46592,1,0.9999999999619803
46622,1,0.996851644760794
46631,1,0.9999999999619803
46634,1,0.978530834858736
46661,1,0.9163138281712382
46678,1,0.9826747749992215
46682,1,0.9999999999619803
46684,1,0.9999999999619803
46688,1,0.9999999999619803
46696,1,0.9999999999619803
46714,1,0.9999999999619803
46720,1,0.9976510623774565
46723,1,0.9999999999619803
46731,1,0.9999999999619803
46737,1,0.9907329581467241
46748,1,0.9972666765394349
46760,1,0.9999999999619803
46777,1,0.9999999999619803
46781,1,0.9965223385345676
46789,1,0.9999999999619803
46791,1,0.9999999999619803
46797,1,0.9972345279734028
46803,1,0.9999999999619803
46806,1,0.9960993321130527
46811,1,0.9812207070003344
46834,1,0.9968497227784261
46840,1,0.8963338460367241
46854,1,0.9999419934483317
46875,1,0.9999999999619803
46902,1,0.999980923346551
46905,1,0.9999992786852265
46962,1,0.9999999999619803
46968,1,0.9930566194695216
46979,1,0.9875016846246811
46999,1,0.9999314968924514
47012,1,0.9865622788427941
47032,1,0.9999978431707178
47041,1,0.9999999999619803
47050,1,0.9219930018133801
47058,1,0.9999999999619803
47073,1,0.9812220652235835
47088,1,0.9857743433851502
47097,1,0.9865674372144977
47144,1,0.9999999999619803
47146,1,0.9999992466076651
47147,1,0.9999428466548882
47152,1,0.9815572154535628
47153,1,0.9979771839859384
47166,1,0.9650291019145104
47176,1,0.9999999999619803
47185,1,0.9999999999619803
47199,1,0.9999992461869015
47200,1,0.9999205263317682
47237,1,0.9991423201805737
47275,1,0.9999999999619803
47276,1,0.9999999999619803
47280,1,0.9943581066395573
47286,1,0.9994369694828364
47331,1,0.9999999999619803
47348,1,0.9999809709972187
47349,1,0.9999999999619803
47364,1,0.9999999999619803
47367,1,0.9908823502082698
47373,1,0.9999999999619803
47392,1,0.9972670767099696
47413,1,0.9999999999619803
47417,1,0.999334709311591
47421,1,0.9991522840344192
47426,1,0.9740232876657887
47433,1,0.05625391553784884
47510,1,0.9999999999619803
47517,1,0.9968501992475116
47528,1,0.9926931127584
47530,1,0.9135394103558423
47539,1,0.9997448995632052
47547,1,0.9999314339121466
47551,1,0.9763293604558202
47558,1,0.9999779615241685
47578,1,0.9894534049462734
47585,1,0.9994371964032727
47592,1,0.7849782572945381
47600,1,0.9999999999619803
47614,1,0.9999997988393876
47616,1,0.9999773252402206
47632,1,0.9163397416064497
47650,1,0.999919336266233
47687,1,0.999996482444696
47696,1,0.9999769823047273
47718,1,0.056763305534261475
47728,1,0.9866572056277895
47741,1,0.9464013546120459
47797,1,0.9999999999619803
47798,1,0.9999999999619803
47807,1,0.9992790177101476
47846,1,0.9999850970050355
47862,1,0.9972708732007328
47908,1,0.9846493023607387
47934,1,0.9999733018829424
47962,1,0.9999203289507188
47971,1,0.9997319785216606
48008,1,0.9999999999619803
48016,1,0.9962114511024154
48017,1,0.9826572975279382
48048,1,0.9999315040906516
48066,1,0.9999999999619803
48093,1,0.9961981122045545
48097,1,0.9999999999619803
48114,1,0.9994372971448054
48142,1,0.9962111579291645
48150,1,0.985956798959441
48177,1,0.9953261500413056
48180,1,0.9999999999619803
48200,1,0.9999773527788139
48210,1,0.9968476120962199
48211,1,0.9867474878134215
48231,1,0.9930472281412424
48245,1,0.9223700540035569
48278,1,0.9630887888824652
48284,1,0.999443234490583
48291,1,0.999985095634596
48293,1,0.9999999999619803
48309,1,0.9996943124312175
48313,1,0.9999999999619803
48320,1,0.9967152307079012
48325,1,0.9759615425415986
48336,1,0.9999818461776178
48357,1,0.9849127672636588
48364,1,0.9857900199497256
48369,1,0.9996946703962749
48386,1,0.9957537358924459
48390,1,0.9999999999619803
48416,1,0.999980931427252
48421,1,0.9999999999619803
48425,1,0.8396788507737658
48427,1,0.7849359509961222
48439,1,0.976214237400611
48445,1,0.9641059640749641
48447,1,0.9999999999619803
48473,1,0.9999846733705636
48487,1,0.9999999999619803
48551,1,0.9974694435990829
48552,1,0.9999999999619803
48559,1,0.9999999999619803
48577,1,0.9999809395481029
48582,1,0.9999999999619803
48618,1,0.9997132492938047
48619,1,0.9997448851080998
48686,1,0.9999999999619803
48698,1,0.9999999999619803
48704,1,0.9915454627283606
48706,1,0.9999999999619803
48707,1,0.9999999999619803
48711,1,0.9981672038660026
48743,1,0.9848969117095558
48763,1,0.9999819080431224
48773,1,0.9999999999619803
48778,1,0.9968487846738218
48785,1,0.9968466782737422
48787,1,0.9999999999619803
48794,1,0.9918320173784856
48798,1,0.9961603635872148
48801,1,0.0554572696129981
48804,1,0.9999999999619803
48824,1,0.023818409085269672
48825,1,0.9894622411041752
48839,1,0.9980682794406864
48846,1,0.9999999999619803
48848,1,0.9875083511745337
48872,1,0.999657558828582
48876,1,0.9997317539917427
48942,1,0.9999999998153238
48954,1,0.9999999999619803
48962,1,0.9997448812784394
48967,1,0.9962022355351041
48976,1,0.9999205829701374
48994,1,0.9994360963801991
48999,1,0.9981672610801448
49000,1,0.9999424894678284
49012,1,0.9773477461262345
49030,1,0.9999999999619803
49035,1,0.9840488088283447
49046,1,0.9999999999619803
49048,1,0.9999850710659032
49092,1,0.9999999999619803
49096,1,0.9882804168118156
