dataset,nu,auc,n_support,fit_time_s
cardio,0.01,0.938317,20,0.02
cardio,0.05,0.948654,85,0.06
cardio,0.1,0.952523,168,0.11
cardio,0.2,0.951445,333,0.31
cardio,0.3,0.950086,499,0.3
cardio,0.5,0.949643,829,0.49
