dataset,nu,auc,n_support,fit_time_s
ecoli,0.01,0.848454,6,0.0
ecoli,0.05,0.876996,17,0.0
ecoli,0.1,0.865104,34,0.01
ecoli,0.2,0.864084,66,0.01
ecoli,0.3,0.869861,99,0.01
ecoli,0.5,0.873598,166,0.02
