dataset,nu,auc,n_support,fit_time_s
glass,0.01,0.369648,6,0.0
glass,0.05,0.344715,12,0.0
glass,0.1,0.342547,24,0.01
glass,0.2,0.347967,42,0.01
glass,0.3,0.345257,63,0.01
glass,0.5,0.426016,103,0.01
