dataset,nu,auc,n_support,fit_time_s
letter,0.01,0.464633,19,0.01
letter,0.05,0.46414,81,0.05
letter,0.1,0.468333,155,0.1
letter,0.2,0.47602,302,0.18
letter,0.3,0.4803,452,0.25
letter,0.5,0.48902,753,0.42
