dataset,nu,auc,n_support,fit_time_s
mnist,0.01,0.891948,80,0.32
mnist,0.05,0.882856,356,1.37
mnist,0.1,0.882918,698,2.57
mnist,0.2,0.882061,1385,5.16
mnist,0.3,0.88143,2078,7.78
mnist,0.5,0.876658,3454,12.46
