dataset,nu,auc,n_support,fit_time_s
musk,0.01,0.989207,37,0.09
musk,0.05,0.984792,157,0.31
musk,0.1,0.98024,302,0.6
musk,0.2,0.962476,600,1.08
musk,0.3,0.94594,894,1.57
musk,0.5,0.922912,1484,2.65
