dataset,nu,auc,n_support,fit_time_s
satellite,0.01,0.657195,46,0.1
satellite,0.05,0.6478,221,0.44
satellite,0.1,0.646853,440,0.9
satellite,0.2,0.64637,881,1.72
satellite,0.3,0.648318,1321,2.54
satellite,0.5,0.651526,2201,4.19
