dataset,nu,auc,n_support,fit_time_s
speech,0.01,0.461951,53,0.25
speech,0.05,0.459672,193,0.89
speech,0.1,0.460712,376,1.66
speech,0.2,0.462205,733,3.18
speech,0.3,0.463118,1094,4.79
speech,0.5,0.465063,1817,8.28
