dataset,nu,auc,n_support,fit_time_s
vowels,0.01,0.612077,17,0.01
vowels,0.05,0.585192,75,0.05
vowels,0.1,0.577098,143,0.08
vowels,0.2,0.55724,283,0.15
vowels,0.3,0.559758,424,0.2
vowels,0.5,0.570541,705,0.35
