dataset,nu,auc,n_support,fit_time_s
wine,0.01,0.762185,6,0.0
wine,0.05,0.668067,10,0.0
wine,0.1,0.736975,15,0.0
wine,0.2,0.755462,26,0.0
wine,0.3,0.776471,38,0.0
wine,0.5,0.812605,61,0.0
