label,anomaly_score
0,0.7828901160734211
0,0.0494927986828881
0,0.7388917758569448
0,0.7500634283218661
0,0.7311204063654884
0,0.7479400199364846
0,0.0494927986828881
0,0.0494927986828881
0,0.5744754708064249
0,0.0494927986828881
0,0.7539915578927907
0,0.7549939364719995
0,0.7310909191270688
0,0.0494927986828881
0,0.9914601032781416
0,0.7035857710370472
0,0.0494927986828881
0,0.745440551617015
0,0.7878904697633341
0,0.7380851826472231
0,0.7163599689532753
0,0.7418332827553051
0,0.7496233080930601
0,0.0494927986828881
0,0.7829699195009338
0,0.0494927986828881
0,0.7203806957027575
0,0.0494927986828881
0,0.7451657197753814
0,0.7417807113688231
0,0.0494927986828881
0,0.6389267960748636
0,0.0494927986828881
0,0.7688562467029159
0,0.7641161835557815
0,0.752713938128989
0,0.0494927986828881
0,0.7257082450689797
0,0.0494927986828881
0,0.0494927986828881
0,0.0494927986828881
0,0.753071830107189
0,0.7485227101728679
0,0.6414958632272306
0,0.0494927986828881
0,0.6453503389865536
0,0.7511335200882657
0,0.0494927986828881
0,0.580564170081452
0,0.6749662367663732
0,0.7121316390051406
0,0.7553941975023815
0,0.0494927986828881
0,0.732754728979734
0,0.0494927986828881
0,0.0494927986828881
0,0.0494927986828881
0,0.0494927986828881
0,0.0494927986828881
0,0.7443660217297812
0,0.7258132256359754
0,0.0494927986828881
0,0.0494927986828881
0,0.6172963298057785
0,0.7447313038140466
0,0.0494927986828881
0,0.7478981342829406
0,0.0494927986828881
0,0.7307145260032106
0,0.0494927986828881
0,0.7530494888029163
0,0.6484032332920776
0,0.7418840665285169
0,0.7402164886248491
0,0.6110426966880865
0,0.7481600056814615
0,0.0494927986828881
0,0.7711608100593742
0,0.7465565103727719
0,0.7062422894608654
0,0.7315005180705783
0,0.7574465186409763
0,0.7529304502387382
0,0.0494927986828881
0,0.608212588351048
0,0.7413326675974923
0,0.0494927986828881
0,0.0494927986828881
0,0.7437809799130188
0,0.0494927986828881
0,0.8704169695083948
0,0.0494927986828881
0,0.7654476830955261
0,0.7480335569435779
0,0.0494927986828881
0,0.0494927986828881
0,0.7289558179033265
0,0.6858008299251034
0,0.6210395527444633
0,0.0494927986828881
0,0.7454074684257455
0,0.0494927986828881
0,0.7247821729919947
0,0.7537094505433648
0,0.7652386552127705
0,0.0494927986828881
0,0.7406669284540186
0,0.7276702741292815
0,0.0494927986828881
0,0.7617336761036292
0,0.6469396256154502
0,0.6835358282578446
0,0.7951469205387791
0,0.0494927986828881
0,0.6863473965835428
0,0.0494927986828881
0,0.7305254064621701
0,0.7407731002551988
0,0.7417562002493076
0,0.0494927986828881
0,0.0494927986828881
0,0.0494927986828881
0,0.6858562042952515
0,0.7331959295298409
0,0.7019010676535881
0,0.6332296690282371
0,0.7389470677794967
0,0.7818485726829095
0,0.6490823370567773
0,0.7424990758310954
0,0.754653006393662
0,0.8023663962234335
0,0.9995312432319242
0,0.7411292833399387
0,0.8430799903298606
0,0.6806096385974751
0,0.6100668730545287
0,0.7550926482280788
0,0.0494927986828881
0,0.0494927986828881
0,0.6617102088924067
0,0.0494927986828881
0,0.7854620216325677
0,0.7319001648135637
0,0.7501760594461618
0,0.7430708636262228
0,0.7741934412619031
0,0.7499276495654037
0,0.0494927986828881
0,0.7093674683683593
0,0.0494927986828881
0,0.7235586242615344
0,0.7519134794785653
0,0.0494927986828881
0,0.7758633530387804
0,0.7575566713991193
0,0.7466768048610607
0,0.7391985849452404
0,0.7276094052256237
0,0.0494927986828881
0,0.0494927986828881
0,0.7200466346699688
0,0.0494927986828881
0,0.0494927986828881
0,0.0494927986828881
0,0.0494927986828881
0,0.7558727187452995
0,0.0494927986828881
0,0.6923144171012121
0,0.0494927986828881
0,0.7526768157679388
0,0.7422422049300892
0,0.5632500796125518
0,0.0494927986828881
0,0.7426763173996358
0,0.7175401068425385
0,0.5774800568612084
0,0.6696354055099739
0,0.746488763533243
0,0.7880429312305711
0,0.7330269627607825
0,0.7197619996581995
0,0.0494927986828881
0,0.7745751635136787
0,0.6606699334171287
0,0.8067204971393444
0,0.0494927986828881
0,0.8102377087768283
0,0.7573641786762195
0,0.5968134477062608
0,0.754844020074186
0,0.7418256661402364
0,0.7654400603805848
0,0.0494927986828881
0,0.7485991935538957
0,0.7169876488377671
0,0.0494927986828881
0,0.7480666623309407
0,0.7492910940655011
0,0.0494927986828881
0,0.754040737493497
0,0.7928242991423003
0,0.7460651036867151
0,0.8015923757340137
0,0.0494927986828881
0,0.0494927986828881
0,0.0494927986828881
0,0.7016857199582958
0,0.7780247023384165
0,0.9091219101550962
0,0.6473056646355969
0,0.0494927986828881
0,0.7360695140468292
0,0.753640729804705
0,0.0494927986828881
0,0.0494927986828881
0,0.7173901018227359
0,0.7449959361254528
0,0.7770438853772306
0,0.0494927986828881
0,0.0494927986828881
0,0.0494927986828881
0,0.8107623322616322
0,0.7977788264081057
0,0.0494927986828881
0,0.6805198771287613
0,0.0494927986828881
0,0.743873719232711
0,0.0494927986828881
0,0.7434865499707283
0,0.0494927986828881
0,0.596743848072078
0,0.0494927986828881
0,0.6884689366416631
0,0.0494927986828881
0,0.718114922331837
0,0.0494927986828881
0,0.735623540159501
0,0.756357294553958
0,0.7881477960045254
0,0.7471004762205498
0,0.0494927986828881
0,0.0494927986828881
0,0.0494927986828881
0,0.7426270388738481
0,0.8147340744478517
0,0.0494927986828881
0,0.711810829341137
0,0.7491481680866693
0,0.699212505715498
0,0.0494927986828881
0,0.0494927986828881
0,0.7536911922752696
0,0.766200943993274
0,0.7615565445044051
0,0.0494927986828881
0,0.7585972469643208
0,0.7502506575273411
0,0.0494927986828881
0,0.0494927986828881
0,0.0494927986828881
0,0.7074942709207377
0,0.0494927986828881
0,0.0494927986828881
0,0.0494927986828881
0,0.0494927986828881
0,0.7522660795332694
0,0.0494927986828881
0,0.7516955474092054
0,0.0494927986828881
0,0.7480331914652634
0,0.7431713438713539
0,0.7377244039910561
0,0.6155827592334657
0,0.6321064272190248
0,0.6952946699316062
0,0.7282729157343534
0,0.0494927986828881
0,0.0494927986828881
0,0.7522462414368624
0,0.6831539075380701
0,0.0494927986828881
0,0.5848873938272178
0,0.7408262237939158
0,0.0494927986828881
0,0.0494927986828881
0,0.7594426951194959
0,0.0494927986828881
0,0.6111429867112311
0,0.7516010409787168
0,0.6896819138641854
0,0.7402050763412754
0,0.6526819172678036
0,0.7467170985290585
0,0.6988549428535792
0,0.8092760359866373
0,0.0494927986828881
0,0.0494927986828881
0,0.7285513895844551
0,0.0494927986828881
0,0.611882292731054
0,0.0494927986828881
0,0.0494927986828881
0,0.7648045271799553
0,0.711277146373507
0,0.7563516077620781
0,0.7398345426434347
0,0.0494927986828881
0,0.0494927986828881
0,0.7543386008315778
0,0.7346115655427793
0,0.6964877310027948
0,0.750516555631497
0,0.7376787159303326
0,0.7532143883679666
0,0.729805147888094
0,0.7555646043901266
0,0.0494927986828881
0,0.6377782332897848
0,0.0494927986828881
0,0.0494927986828881
0,0.738209960148772
0,0.0494927986828881
0,0.8433594412098724
0,0.8432074052983481
0,0.7299541804544553
0,0.699104135107801
0,0.0494927986828881
0,0.7450856991498324
0,0.7622286593554541
0,0.6935874026370397
0,0.7532507052559428
0,0.7472802877562695
0,0.0494927986828881
0,0.6936686349555004
0,0.0494927986828881
0,0.7324005021236772
0,0.74637774429085
0,0.6995433047381956
0,0.7593147533926018
0,0.7361323745898203
0,0.0494927986828881
0,0.0494927986828881
0,0.6884090081744814
0,0.0494927986828881
0,0.7377216447077001
0,0.0494927986828881
0,0.6975733430701214
0,0.7503313540304065
0,0.7733700411035698
0,0.0494927986828881
0,0.7608706618717833
0,0.6519612983554859
0,0.7389745033097848
0,0.0494927986828881
0,0.0494927986828881
0,0.7465806682774032
0,0.7040354527267637
0,0.7517521539481646
0,0.0494927986828881
0,0.7541898612546099
0,0.6304965025497459
0,0.7337490065122483
0,0.7669295108992751
0,0.7452006285644142
0,0.7141262207536776
0,0.0494927986828881
0,0.748449335303779
0,0.8055161835499214
0,0.7430263896724687
0,0.7409588322542383
0,0.7236946248613365
0,0.0494927986828881
0,0.6802590091321089
0,0.6884457552645675
0,0.0494927986828881
0,0.8383948964627188
0,0.0494927986828881
0,0.0494927986828881
0,0.8062031142317684
0,0.7968208595606331
0,0.7478828267943557
0,0.7603497792279829
0,0.6235537254721625
0,0.0494927986828881
0,0.0494927986828881
0,0.0494927986828881
0,0.8856748848058889
0,0.6533920053966387
0,0.6206058845643764
0,0.0494927986828881
0,0.7421191778935394
0,0.0494927986828881
0,0.7557256684234676
0,0.0494927986828881
0,0.0494927986828881
0,0.7472210324009719
0,0.6080838265763397
0,0.6109929117107905
0,0.0494927986828881
0,0.865606728737056
0,0.7108881997723991
0,0.7192873747253921
0,0.789031914044747
0,0.7508507305535946
0,0.73444542706096
0,0.7215367235557131
0,0.7814326119126732
0,0.9135193267404474
0,0.6711364278009236
0,0.7512528508660361
0,0.7429282587093681
0,0.0494927986828881
0,0.6593350313096163
0,0.6716107372077949
0,0.6915332758187995
0,0.7032786731168509
0,0.7633281691222044
0,0.7621039264129067
0,0.7460623953391928
0,0.7327738892892999
0,0.7866962910175065
0,0.734439359955225
0,0.78558540503271
0,0.7196343580051919
0,0.7248195639178177
0,0.0494927986828881
0,0.0494927986828881
0,0.7523365217105096
0,0.74137734265875
0,0.6771635608948826
0,0.0494927986828881
0,0.0494927986828881
0,0.0494927986828881
0,0.7476861288089893
0,0.7508033331005233
0,0.0494927986828881
0,0.0494927986828881
0,0.0494927986828881
0,0.7827205272347065
0,0.6441842983098052
0,0.7175748318461677
0,0.606567936784518
0,0.0494927986828881
0,0.6593766086191242
0,0.7456146000244612
0,0.7308307026103698
0,0.0494927986828881
0,0.7537704567730806
0,0.0494927986828881
0,0.0494927986828881
0,0.6937393689195168
0,0.0494927986828881
0,0.7461505273202086
0,0.0494927986828881
0,0.0494927986828881
0,0.7520439359581932
0,0.6489297268954255
0,0.0494927986828881
0,0.7469850929376465
0,0.7473539909105468
0,0.7065859004788446
0,0.7484097113214827
0,0.7189122692028637
0,0.7349022391903356
0,0.7531966711788431
0,0.7493430075024345
0,0.0494927986828881
0,0.8383374049889093
0,0.7960353377011101
0,0.0494927986828881
0,0.6670334344831776
0,0.7576435183216461
0,0.0494927986828881
0,0.0494927986828881
0,0.6809491483747465
0,0.749460247733141
0,0.7578624761957917
0,0.0494927986828881
0,0.0494927986828881
0,0.0494927986828881
0,0.0494927986828881
0,0.7499237781560835
0,0.7868844646796798
0,0.6784087556065838
0,0.8053099017553755
0,0.0494927986828881
0,0.7502747388969644
0,0.7480410996395586
0,0.7543183962962393
0,0.7326582718266452
0,0.683471460376459
0,0.6877607957627011
0,0.8045033411397513
0,0.0494927986828881
0,0.7803721724418752
0,0.7908181950804263
0,0.0494927986828881
0,0.747603773052395
0,0.7210721222805623
0,0.6024592749372787
0,0.7547475647526953
0,0.7482643238052433
0,0.0494927986828881
0,0.7478257592185269
0,0.8540546267224889
0,0.6786603416208051
0,0.0494927986828881
0,0.7471020497345426
0,0.9055613351622442
0,0.6199981217237656
0,0.7258454803281083
0,0.7635408909794655
0,0.7399471364481905
0,0.6417283324736323
0,0.6868424788349216
0,0.7508374706973494
0,0.0494927986828881
0,0.6675681008277271
0,0.0494927986828881
0,0.0494927986828881
0,0.0494927986828881
0,0.0494927986828881
0,0.0494927986828881
0,0.0494927986828881
0,0.7432782976404289
0,0.7503826938611637
0,0.0494927986828881
0,0.7441721499007736
0,0.0494927986828881
0,0.7524999359495413
0,0.741753339606409
0,0.7545091357434077
0,0.0494927986828881
0,0.6958776183946723
0,0.0494927986828881
0,0.7668134028369402
0,0.7515007558949512
0,0.8143818813353942
0,0.7406732699817287
0,0.7432689112830649
0,0.7513168696679987
0,0.7067103068100422
0,0.0494927986828881
0,0.0494927986828881
0,0.8136442725715165
0,0.7439838048949754
0,0.8207748597856329
0,0.0494927986828881
0,0.6897470019464155
0,0.0494927986828881
0,0.652499412203332
0,0.6481081737201185
0,0.0494927986828881
0,0.7042582419731539
0,0.6662279589373191
0,0.0494927986828881
0,0.7562428232486713
0,0.7487813703348946
0,0.0494927986828881
0,0.7187343510661282
0,0.7328509029405759
0,0.0494927986828881
0,0.8572398521093084
0,0.0494927986828881
0,0.0494927986828881
0,0.8852442402520485
0,0.7376705451031084
0,0.6545501162047105
0,0.0494927986828881
0,0.6635181428231318
0,0.7675726337580149
0,0.0494927986828881
0,0.7317171962502025
0,0.7535944495372754
0,0.7652542507480146
0,0.7356221241664553
0,0.0494927986828881
0,0.7475335828437156
0,0.0494927986828881
0,0.7231036751517281
0,0.0494927986828881
0,0.0494927986828881
0,0.7573034432380517
0,0.6690136581039974
0,0.6159526604946116
0,0.7490083395486905
0,0.7747488967800963
0,0.7058661091903561
0,0.740432264713128
0,0.0494927986828881
0,0.7486543477275477
0,0.7358141163019467
0,0.7793886200390489
0,0.6711725358619842
0,0.6980353234508341
0,0.6939558889008769
0,0.0494927986828881
0,0.0494927986828881
0,0.703399817508151
0,0.0494927986828881
0,0.7406027667139213
0,0.0494927986828881
0,0.0494927986828881
0,0.0494927986828881
0,0.0494927986828881
0,0.6352455528354597
0,0.7063273026039584
0,0.6793650791001968
0,0.7517641641732055
0,0.6368978682287395
0,0.0494927986828881
0,0.7715823716575051
0,0.0494927986828881
0,0.7932086556317446
0,0.7215961343952864
0,0.0494927986828881
0,0.0494927986828881
0,0.0494927986828881
0,0.0494927986828881
0,0.6765714553923828
0,0.7415038555355571
0,0.7239340834997227
0,0.7588370160526259
0,0.7410657770549418
0,0.7497071347050057
0,0.6964116645655553
0,0.7380184090577105
0,0.7905894549649171
0,0.8846338401256022
0,0.0494927986828881
0,0.7758324038975972
0,0.0494927986828881
0,0.0494927986828881
0,0.7205244602988039
0,0.7659569091566596
0,0.753897887842889
0,0.6061279123169647
0,0.7179296784567337
0,0.0494927986828881
0,0.7540718460018595
0,0.0494927986828881
0,0.0494927986828881
0,0.7300196304019185
0,0.7230767320383491
0,0.7446303036782553
0,0.7503884280056136
0,0.7345541714001298
0,0.0494927986828881
0,0.684841868948484
0,0.7543762941668539
0,0.0494927986828881
0,0.8370107076911609
0,0.0494927986828881
0,0.6716645623072872
0,0.7591539910164762
0,0.0494927986828881
0,0.0494927986828881
0,0.0494927986828881
0,0.7448531763258818
0,0.0494927986828881
0,0.0494927986828881
0,0.7419281106752504
0,0.7129629547841823
0,0.6666449699850051
0,0.7312992050683174
0,0.6379069090695353
0,0.7544507917796518
0,0.0494927986828881
0,0.0494927986828881
0,0.0494927986828881
0,0.7609743064476461
0,0.0494927986828881
0,0.0494927986828881
0,0.0494927986828881
0,0.7524708272937688
0,0.0494927986828881
0,0.8377360574145578
0,0.7912516259029575
0,0.0494927986828881
0,0.7506409045997448
0,0.0494927986828881
0,0.0494927986828881
0,0.0494927986828881
0,0.8874880875929868
0,0.0494927986828881
0,0.7557882172036503
0,0.7048871760010426
0,0.8557012467641999
0,0.0494927986828881
0,0.7358034324549124
0,0.7477900117581328
0,0.770265019506446
0,0.7596701399368475
0,0.0494927986828881
0,0.7422779888166285
0,0.0494927986828881
0,0.7436867155818515
0,0.7651097068625051
0,0.7316564994104774
0,0.7483883040271375
0,0.749917623479009
0,0.7726406512553344
0,0.7398473875599895
0,0.8304441512444078
0,0.713040564992846
0,0.0494927986828881
0,0.7358322308427147
0,0.8486519086694797
0,0.6586637269788836
0,0.0494927986828881
0,0.737902973383807
0,0.772905210238522
0,0.0494927986828881
0,0.7327671480052056
0,0.7524354863520712
0,0.0494927986828881
0,0.8033790587084768
0,0.823999643369977
0,0.7340518578622175
0,0.569466730808277
0,0.7537878318332017
0,0.7467613113155441
0,0.0494927986828881
0,0.7391759915977905
0,0.7343488240952616
0,0.6852270709128818
0,0.7207451178535015
0,0.0494927986828881
0,0.837137356230516
0,0.7475780201245328
0,0.715020287977428
0,0.7826710337315558
0,0.9722780567668772
0,0.7289264298238948
0,0.7386511085556249
0,0.0494927986828881
0,0.6107730424197546
0,0.615659488914053
0,0.6721472928164299
0,0.6909816385227783
0,0.7636770724486004
0,0.0494927986828881
0,0.7356009183073934
0,0.7301572920038729
0,0.0494927986828881
0,0.7449076673106736
0,0.754479748868595
0,0.7380148745213375
0,0.6319076178541277
0,0.7547801668814134
0,0.0494927986828881
0,0.750849893042492
0,0.7417473171368842
0,0.7562325295131431
0,0.6145942703975031
0,0.6813429758293226
0,0.7455642620407456
0,0.7449313957706063
0,0.642252975311503
0,0.733013397016856
0,0.6364914503388239
0,0.0494927986828881
0,0.0494927986828881
0,0.0494927986828881
0,0.0494927986828881
0,0.0494927986828881
0,0.7296063525694274
0,0.0494927986828881
0,0.0494927986828881
0,0.7432627128826996
0,0.6703473898055979
0,0.0494927986828881
0,0.6862123573708679
0,0.0494927986828881
0,0.0494927986828881
0,0.6447660275865671
0,0.0494927986828881
0,0.7494908958504609
0,0.7404061748879658
0,0.0494927986828881
0,0.740076233634103
0,0.0494927986828881
0,0.7507707125693323
0,0.7375620813230472
0,0.735490360228095
0,0.0494927986828881
0,0.6635275279793197
0,0.7674584595201668
0,0.0494927986828881
0,0.7480585412783701
0,0.7405612146263008
0,0.7019889085002081
0,0.7551595463957239
0,0.0494927986828881
0,0.7558173388920064
0,0.0494927986828881
0,0.7551761620479075
0,0.0494927986828881
0,0.7991339274087281
0,0.7371567699558393
0,0.6674496560254459
0,0.0494927986828881
0,0.8056144947580612
0,0.0494927986828881
0,0.7520417901357054
0,0.6605867377238105
0,0.7472799915897502
0,0.7053167060078575
0,0.0494927986828881
0,0.7215441154196638
0,0.7908903637101907
0,0.7199444921879891
0,0.7246003555615625
0,0.7702731485800767
0,0.7535770083042561
0,0.6866175042372017
0,0.7360256375475588
0,0.7241517190903841
0,0.0494927986828881
0,0.7533967762559295
0,0.6500672624227556
0,0.7368542037731717
0,0.0494927986828881
0,0.6794284294358914
0,0.6938392713236676
0,0.7401769763262427
0,0.0494927986828881
0,0.0494927986828881
0,0.7198154504493037
0,0.0494927986828881
0,0.0494927986828881
0,0.75629853822471
0,0.6939872495658257
0,0.7704549597156485
0,0.0494927986828881
0,0.7325077066463219
0,0.0494927986828881
0,0.0494927986828881
0,0.7480354019592494
0,0.6727805697065715
0,0.8727024196439174
0,0.7395514950067008
0,0.7494503471021041
0,0.0494927986828881
0,0.6911719010048294
0,0.7360152630521456
0,0.6185678328938927
0,0.9135206378094834
0,0.8036971137131608
0,0.6811739273349823
0,0.9135206378094834
0,0.7277992125089874
0,0.0494927986828881
0,0.7510739086569655
0,0.0494927986828881
0,0.0494927986828881
0,0.9430085776057772
0,0.6361575864866537
0,0.7142696368023149
0,0.6794041094099508
0,0.7732550110067098
0,0.0494927986828881
0,0.0494927986828881
0,0.7541856790673331
0,0.0494927986828881
0,0.7674787294295319
0,0.0494927986828881
0,0.5607473284692364
0,0.0494927986828881
0,0.684220626089696
0,0.7184916993602114
0,0.717666498900883
0,0.7382378469145444
0,0.7446534252415076
0,0.0494927986828881
0,0.8186543009234039
0,0.7433107660787145
0,0.6219048576429705
0,0.7409105991686948
0,0.0494927986828881
0,0.0494927986828881
0,0.6811545261452855
0,0.6159931901849349
0,0.7541666336323186
0,0.0494927986828881
0,0.747497869051212
0,0.6866529615991265
0,0.7394504349617769
0,0.0494927986828881
0,0.7432821446779767
0,0.7631643938896568
0,0.0494927986828881
0,0.763521712848399
0,0.7510774614489863
0,0.761502681853126
0,0.9158057069526916
0,0.6637386615620524
0,0.0494927986828881
0,0.5652480982973741
0,0.7336450116081566
0,0.6085301740249357
0,0.7452868339815955
0,0.7510799989617378
0,0.0494927986828881
0,0.795867588726459
0,0.7050689271357349
0,0.9135206378094834
0,0.0494927986828881
0,0.0494927986828881
0,0.7120957198372492
0,0.6479761819702919
0,0.0494927986828881
0,0.0494927986828881
0,0.6777966147750808
0,0.731481754695829
0,0.7367500359385043
0,0.0494927986828881
0,0.0494927986828881
0,0.7707261129538421
0,0.9991555347036888
0,0.7539654220305773
0,0.736180071350381
0,0.7074946878502377
0,0.7299831103179414
0,0.0494927986828881
0,0.7418551115658397
0,0.8028618418051322
0,0.5643456146223652
0,0.0494927986828881
0,0.7656997939477564
0,0.8113659456366273
0,0.0494927986828881
0,0.0494927986828881
0,0.0494927986828881
0,0.7809046214142217
0,0.6581591388413802
0,0.0494927986828881
0,0.744614999049513
0,0.7508006145946162
0,0.7469073798870706
0,0.7126051781124769
0,0.7251950683167404
0,0.0494927986828881
0,0.0494927986828881
0,0.7497702561877518
0,0.0494927986828881
0,0.0494927986828881
0,0.7388261700041194
0,0.0494927986828881
0,0.666199139120838
0,0.0494927986828881
0,0.6830196844258994
0,0.749006272344243
0,0.0494927986828881
0,0.7316388925843614
0,0.9392135726678896
0,0.67954373896828
0,0.75234269531133
0,0.749583280810602
0,0.728607638840056
0,0.0494927986828881
0,0.0494927986828881
0,0.7532064129147374
0,0.7314628894406034
0,0.7580510426360418
0,0.0494927986828881
0,0.7582823717855992
0,0.6521083736232263
0,0.73361298403718
0,0.7319332587957561
0,0.811728139766367
0,0.0494927986828881
0,0.7389515245345495
0,0.7618442849437536
0,0.0494927986828881
0,0.0494927986828881
0,0.0494927986828881
0,0.742141580544744
0,0.0494927986828881
0,0.7709272228436046
0,0.8135504427354866
0,0.7994889974166716
0,0.7115568062493796
0,0.7489965448994482
0,0.6898619778181159
0,0.6994327719324328
0,0.5770247931897078
0,0.7327645864989232
0,0.7433885784758968
0,0.0494927986828881
0,0.7896954327735798
0,0.8916793471650484
0,0.7425548395379794
0,0.6691032661412253
0,0.6636480405687679
0,0.5557959371623892
0,0.0494927986828881
0,0.744738156616088
0,0.805336633814248
0,0.0494927986828881
0,0.7687121104208621
0,0.7179402633033457
0,0.0494927986828881
0,0.0494927986828881
0,0.7492870483531022
0,0.6955348878179894
0,0.8450702263522657
0,0.0494927986828881
0,0.0494927986828881
0,0.7439084647083115
0,0.0494927986828881
0,0.8385476597747008
0,0.7529554524579335
0,0.778674530964092
0,0.7504140924739169
0,0.8030410378515549
0,0.0494927986828881
0,0.7681304637025411
0,0.7507607004505198
0,0.7120280261012654
0,0.0494927986828881
0,0.6680594252994737
0,0.0494927986828881
0,0.7529269300649739
0,0.0494927986828881
0,0.623917826384113
0,0.6207667930786691
0,0.0494927986828881
0,0.0494927986828881
0,0.618438990099616
0,0.0494927986828881
0,0.6317720386096664
0,0.8100827173741317
0,0.7152665187980933
0,0.7097415280698856
0,0.6617477107343165
0,0.8844519651134758
0,0.6957692620201873
0,0.5716644634115887
0,0.6209877127681431
0,0.0494927986828881
0,0.0494927986828881
0,0.0494927986828881
0,0.7394580055149488
0,0.0494927986828881
0,0.0494927986828881
0,0.6782543796071836
0,0.0494927986828881
0,0.8613681932313488
0,0.7612670056429834
0,0.7511680054069176
0,0.0494927986828881
0,0.5899896175424649
0,0.5672814747589146
0,0.0494927986828881
0,0.6767309223601695
0,0.6757079457529491
0,0.0494927986828881
0,0.0494927986828881
0,0.0494927986828881
0,0.0494927986828881
0,0.7468870471576211
0,0.7730666936109751
0,0.0494927986828881
0,0.654926699294619
0,0.7673614757695659
0,0.0494927986828881
0,0.7696378036011944
0,0.0494927986828881
0,0.0494927986828881
0,0.6439159322020979
0,0.9122018373656476
0,0.7305662618002484
0,0.6967041783985928
0,0.7879954369934277
0,0.6990793672801825
0,0.7996539470791367
0,0.0494927986828881
0,0.0494927986828881
0,0.6946996977751654
0,0.7484632734025705
0,0.7413464751628189
0,0.751234747253167
0,0.6631298872271529
0,0.73788212072482
0,0.7923529714580159
0,0.0494927986828881
0,0.0494927986828881
0,0.0494927986828881
0,0.6202384940782049
0,0.7395408757551257
0,0.7388331809434303
0,0.642877724821118
0,0.8615015169299979
0,0.7508182973357366
0,0.8230408019431588
0,0.724018832874349
0,0.7583421306346874
0,0.0494927986828881
0,0.6031196423463638
0,0.0494927986828881
0,0.0494927986828881
0,0.0494927986828881
0,0.7399122620091502
0,0.0494927986828881
0,0.7969876056621208
0,0.761149471780776
0,0.7461673362609907
0,0.7638531509883151
0,0.7709414971393931
0,0.0494927986828881
0,0.750115595799923
0,0.7572496737066873
0,0.0494927986828881
0,0.7988714426897894
0,0.6436505982212587
0,0.0494927986828881
0,0.6360713774131639
0,0.7611095240128003
0,0.0494927986828881
0,0.7119325128180124
0,0.7753614911667802
0,0.6943011479572405
0,0.7616806773892789
0,0.7472729737839713
0,0.7609411288152038
0,0.751276996470198
0,0.7421493024989363
0,0.0494927986828881
0,0.6314485304847424
0,0.0494927986828881
0,0.5765458243800227
0,0.7138930473639172
0,0.7731908528618534
0,0.0494927986828881
0,0.7493620363339044
0,0.7800673968248452
0,0.0494927986828881
0,0.7003142143228659
0,0.8159692103065179
0,0.6450905437760864
0,0.7470993309165872
0,0.0494927986828881
0,0.0494927986828881
0,0.7756462424862758
0,0.6848117891481142
0,0.0494927986828881
0,0.6732683957752176
0,0.750383658395472
0,0.0494927986828881
0,0.7046890241542173
0,0.0494927986828881
0,0.7694556059954947
0,0.7552284105891985
0,0.7471625485670964
0,0.6713639972317679
0,0.800609540336536
0,0.7303230358741544
0,0.0494927986828881
0,0.6685978646440852
0,0.0494927986828881
0,0.7869516998697166
0,0.7463947503236804
0,0.7512954784896688
0,0.7391248054512985
0,0.6844811217335929
0,0.6719932636639927
0,0.7447897978418953
0,0.0494927986828881
0,0.0494927986828881
0,0.7624697259927715
0,0.0494927986828881
0,0.6949565796350311
0,0.5888754002463129
0,0.0494927986828881
0,0.7424722802350291
0,0.63329171444416
0,0.7387220090205532
0,0.7367793840242446
0,0.8011124975227684
0,0.6931585074709907
0,0.7495837759318176
0,0.6833508973637837
0,0.64413120641006
0,0.7178788717714525
0,0.0494927986828881
0,0.0494927986828881
0,0.7144315157013448
0,0.7408890984154332
0,0.6344701645823292
0,0.8043898111328172
0,0.0494927986828881
0,0.0494927986828881
0,0.6640341276909816
0,0.0494927986828881
0,0.7897722105418722
0,0.0494927986828881
0,0.7834288161239159
0,0.8261995795947958
0,0.0494927986828881
0,0.0494927986828881
0,0.6810195661883957
0,0.7664619106848092
0,0.7670646795222252
0,0.7662517226569002
0,0.0494927986828881
0,0.7463131661082777
0,0.0494927986828881
0,0.5880047624446278
0,0.0494927986828881
0,0.7306238901293699
0,0.682781586165526
0,0.7244627689226338
0,0.0494927986828881
0,0.7492817525275981
0,0.7292009347882524
0,0.724903166618252
0,0.7510789022735865
0,0.0494927986828881
0,0.7222433431503144
0,0.0494927986828881
0,0.0494927986828881
0,0.0494927986828881
0,0.8606313346628105
0,0.954465008443432
0,0.0494927986828881
0,0.7004085495451055
0,0.0494927986828881
0,0.0494927986828881
0,0.8841702510879154
0,0.7199916446698204
0,0.779154304528006
0,0.0494927986828881
0,0.0494927986828881
0,0.7560188874365316
0,0.0494927986828881
0,0.7880870713566501
0,0.7212242481224301
0,0.5884507244920626
0,0.7200601634041504
0,0.7054269423832811
0,0.0494927986828881
0,0.7044122324610081
0,0.7515046445039008
0,0.7589799082977033
0,0.0494927986828881
0,0.0494927986828881
0,0.0494927986828881
0,0.8064973187335989
0,0.852013441673865
0,0.5911163067692261
0,0.7432412426285808
0,0.0494927986828881
0,0.7888972287324005
0,0.7593122617421485
0,0.0494927986828881
0,0.808017340572914
0,0.0494927986828881
0,0.7354593862326676
0,0.7436020117043225
0,0.7566705020078798
0,0.746866851852204
0,0.0494927986828881
0,0.7540821894504939
0,0.6856657320230769
0,0.7599363697352155
0,0.8073034536022715
0,0.7759773310826357
0,0.0494927986828881
0,0.0494927986828881
0,0.0494927986828881
0,0.0494927986828881
0,0.7696810594772312
0,0.0494927986828881
0,0.6317229245894582
0,0.0494927986828881
0,0.7425303227683288
0,0.8107855504267615
0,0.8529096808906378
0,0.7053982005338809
0,0.7584825280676916
0,0.0494927986828881
0,0.7400534658219698
0,0.6685202600509957
0,0.8288571641540944
0,0.7251098564339863
0,0.0494927986828881
0,0.5587046707253311
0,0.7667829971828155
0,0.0494927986828881
0,0.6979546618032685
0,0.805158866413944
0,0.0494927986828881
0,0.6244236815711236
0,0.0494927986828881
0,0.7521146599859546
0,0.7318286059771201
0,0.5953537022484011
0,0.0494927986828881
0,0.8198679240452135
0,0.6738552682541988
0,0.0494927986828881
0,0.0494927986828881
0,0.7339821550751976
0,0.0494927986828881
0,0.7438396465489813
0,0.0494927986828881
0,0.9223876303491032
0,0.7450798653796739
0,0.7767230280436122
0,0.7367885663548027
0,0.0494927986828881
0,0.6752920638176628
0,0.8177358722591294
0,0.0494927986828881
0,0.0494927986828881
0,0.0494927986828881
0,0.7121381690571792
0,0.0494927986828881
0,0.5425226270727356
0,0.0494927986828881
0,0.0494927986828881
0,0.718675284939279
0,0.755396279161393
0,0.0494927986828881
0,0.753211184132888
0,0.7385560726790734
0,0.0494927986828881
0,0.0494927986828881
0,0.0494927986828881
0,0.7473857709315481
0,0.7731493953387865
0,0.6834687187303254
0,0.6709832509071302
0,0.8043039329385646
0,0.7479782717358096
0,0.6453326156715603
0,0.6362536136842984
0,0.7426693294116639
0,0.6623956421545715
0,0.7560875972840772
0,0.8279348825553923
0,0.7806072436117676
0,0.6278848737797931
0,0.0494927986828881
0,0.6278288027137183
0,0.7756709078758403
0,0.7565932438199526
0,0.7561995602398036
0,0.7851018743703624
0,0.7173180206681397
0,0.6932862268602006
0,0.7586962047307166
0,0.6758229285353922
0,0.0494927986828881
0,0.0494927986828881
0,0.7868785640223577
0,0.0494927986828881
0,0.766354625109989
0,0.7425023567581807
0,0.7693252518221367
0,0.0494927986828881
0,0.5852360757926697
0,0.743737627000334
0,0.7304216350933037
0,0.7492250489329725
0,0.0494927986828881
0,0.7623394185477343
0,0.8063761356746848
0,0.5986232041249447
0,0.0494927986828881
0,0.6098892872093173
0,0.6964594245554555
0,0.7505386183459499
0,0.0494927986828881
0,0.7495223002364588
0,0.7449617386038111
0,0.722737056562578
0,0.8200331427572147
0,0.7534368579341443
0,0.8559314733287717
0,0.7472679123048563
0,0.7045118709434179
0,0.6806195448424632
0,0.7264165792049756
0,0.6532499038840893
0,0.0494927986828881
0,0.7593373162646079
0,0.6937864078786579
0,0.7462016207816426
0,0.934235834547858
0,0.748661880263279
0,0.7470677801657624
0,0.7533029739646254
0,0.7199577639086258
0,0.814893240232945
0,0.0494927986828881
0,0.0494927986828881
0,0.6793097720523951
0,0.7809947180714393
0,0.0494927986828881
0,0.0494927986828881
0,0.71401809728563
0,0.7462395094561661
0,0.756268417909629
0,0.7376132634826006
0,0.0494927986828881
0,0.6828796156443036
0,0.0494927986828881
0,0.0494927986828881
0,0.0494927986828881
0,0.7683580270036342
0,0.8301153693201966
0,0.6132701062029492
0,0.0494927986828881
0,0.0494927986828881
0,0.0494927986828881
0,0.756476491862203
0,0.0494927986828881
0,0.7383175403460438
0,0.0494927986828881
0,0.7315792005826924
0,0.7549343462535802
0,0.0494927986828881
0,0.5466452049541064
0,0.0494927986828881
0,0.6694742462118656
0,0.0494927986828881
0,0.7285476972336219
0,0.0494927986828881
0,0.7553101567290138
0,0.7463458476390615
0,0.7601273321362249
0,0.7177396187693201
0,0.6669277577691138
0,0.6194174750625286
0,0.0494927986828881
0,0.7038673275439329
0,0.0494927986828881
0,0.6514107956334908
0,0.0494927986828881
0,0.7301933445822125
0,0.7350716067916226
0,0.0494927986828881
0,0.7148352758992403
0,0.6208220443569606
0,0.0494927986828881
0,0.0494927986828881
0,0.0494927986828881
0,0.7712610352811985
0,0.0494927986828881
0,0.0494927986828881
0,0.8012964331948778
0,0.6365843117207481
0,0.0494927986828881
0,0.6733217593748636
0,0.0494927986828881
0,0.6590417006879321
0,0.5724699061309406
0,0.0494927986828881
0,0.7277639664418138
0,0.7342270741016386
0,0.0494927986828881
0,0.0494927986828881
0,0.7333973455937827
0,0.6412841769984546
0,0.7324494667131562
0,0.0494927986828881
0,0.7366718514373997
0,0.5878161546791737
0,0.0494927986828881
0,0.6871718929768637
0,0.0494927986828881
0,0.6707624532785449
0,0.76249341452351
0,0.6869209390033989
0,0.7498665926510367
0,0.0494927986828881
0,0.6657285230657338
0,0.0494927986828881
0,0.8907871015966874
0,0.0494927986828881
0,0.7512536966704318
0,0.7160398241537338
0,0.7212025469901621
0,0.6849477312255765
0,0.0494927986828881
0,0.7467841309394376
0,0.7336249475964003
0,0.7377956052071862
0,0.6267020563681964
0,0.7545637976847183
0,0.7520835363858375
0,0.0494927986828881
0,0.77846755089761
0,0.0494927986828881
0,0.728077165164338
0,0.7408302630628307
0,0.7969549391321007
0,0.7046500480971937
0,0.6089925887356783
0,0.8442170628516047
0,0.7047035895379151
0,0.7431819432579302
0,0.7342893048543356
0,0.5834284392915777
0,0.0494927986828881
0,0.0494927986828881
0,0.0494927986828881
0,0.7843603905833152
0,0.7746278990892828
0,0.0494927986828881
0,0.6769115275749195
0,0.7516525008724644
0,0.0494927986828881
0,0.0494927986828881
0,0.7915195188731363
0,0.7117178312893523
0,0.7540477918788809
0,0.7114467849142972
0,0.753374722510467
0,0.7437558345879044
0,0.0494927986828881
0,0.0494927986828881
0,0.7239008405683348
0,0.7557130880883274
0,0.7498633671213716
0,0.7478669530983479
0,0.692862205326596
0,0.0494927986828881
0,0.7215465641334642
0,0.0494927986828881
0,0.7694252279409044
0,0.0494927986828881
0,0.0494927986828881
0,0.6959335432604917
0,0.8376002342868978
0,0.0494927986828881
0,0.5950514928759761
0,0.6442769277492907
0,0.7701369522648853
0,0.6848265906659898
0,0.7808797544108967
0,0.7429398032417828
0,0.0494927986828881
0,0.7796520191301587
0,0.7445762297102482
0,0.0494927986828881
0,0.734321554187717
0,0.7550878504387557
0,0.6404813560672317
0,0.7016889486226638
0,0.7338308659855898
0,0.6933452163790536
0,0.7135211633013937
0,0.7497851394555332
0,0.7069084926582386
0,0.0494927986828881
0,0.7489751172218592
0,0.0494927986828881
0,0.7479428403192264
0,0.7567955222494349
0,0.0494927986828881
0,0.0494927986828881
0,0.0494927986828881
0,0.7518684334648801
0,0.739337139759922
0,0.8785068543110163
0,0.7589451103960335
0,0.7459355353996462
0,0.7526754760227993
0,0.7565523538311917
0,0.7479052775572671
0,0.8239788465763916
0,0.0494927986828881
0,0.0494927986828881
0,0.6304772946735759
0,0.6544688665735257
0,0.6553009960675189
0,0.7458434935449133
0,0.7105676306188652
0,0.745596009330551
0,0.7833858508212707
0,0.74433183130996
0,0.9163351403250848
0,0.0494927986828881
0,0.7047842437851058
0,0.6837396371992895
0,0.0494927986828881
0,0.0494927986828881
0,0.7506490960180429
0,0.7645561511538277
0,0.7593490282557801
0,0.7419158928138101
0,0.749334009510379
0,0.8275408104746378
0,0.0494927986828881
0,0.7113642467370657
0,0.7509238639113414
0,0.6894756987385332
0,0.0494927986828881
0,0.0494927986828881
0,0.7222563823578126
0,0.7550313758274166
0,0.7186582158139874
0,0.7105597190268651
0,0.7465254452388311
0,0.74538854314093
0,0.0494927986828881
0,0.8117323242025858
0,0.7512021758666726
0,0.0494927986828881
0,0.7462291036939938
0,0.7386651517575786
0,0.8095960431970571
0,0.0494927986828881
0,0.7764074785492607
0,0.0494927986828881
0,0.7508750738498698
0,0.0494927986828881
0,0.6960859840824469
0,0.0494927986828881
0,0.7335646733561195
0,0.7530688492279682
0,0.8965640960460017
0,0.7536534467322734
0,0.0494927986828881
0,0.0494927986828881
0,0.7768466111065514
0,0.0494927986828881
0,0.7138737983067344
0,0.629719198482755
0,0.0494927986828881
0,0.6862324597020341
0,0.0494927986828881
0,0.7450014563022456
0,0.0494927986828881
0,0.801133957292447
0,0.0494927986828881
0,0.7266798162546503
0,0.7124289797771588
0,0.7594739158422303
0,0.7641079742563777
0,0.6954362700483175
0,0.9784035956336088
0,0.7649720912620105
0,0.0494927986828881
0,0.6640191698951093
0,0.0494927986828881
0,0.7544317474410175
0,0.5579305067318371
0,0.0494927986828881
0,0.6785476385315169
0,0.8278442146391692
0,0.0494927986828881
0,0.0494927986828881
0,0.7484099048965643
0,0.7970411756318195
0,0.6408098730076798
0,0.0494927986828881
0,0.6145964513024696
0,0.6672451878173737
0,0.0494927986828881
0,0.7373468960355343
0,0.0494927986828881
0,0.0494927986828881
0,0.7567870002997793
0,0.0494927986828881
0,0.0494927986828881
0,0.0494927986828881
0,0.7486408555704793
0,0.7480257616565806
0,0.6344469665436541
0,0.7560794962264975
0,0.0494927986828881
0,0.7393145847678887
0,0.0494927986828881
0,0.0494927986828881
0,0.7485724904297298
0,0.7250308474741503
0,0.7021463430644105
0,0.8667523837266766
0,0.0494927986828881
0,0.0494927986828881
0,0.6403118403691834
0,0.7516923468796154
0,0.0494927986828881
0,0.744853674557221
0,0.0494927986828881
0,0.7322239695396785
0,0.7524939648693173
0,0.7378573228482593
0,0.0494927986828881
0,0.0494927986828881
0,0.0494927986828881
0,0.752883081206415
0,0.6367215965237377
0,0.7530443843181196
0,0.7705093111930167
0,0.6874729516086908
0,0.7497753658400416
0,0.5629778572268791
0,0.748210623451261
0,0.7346115817589232
0,0.7963687322941368
0,0.0494927986828881
0,0.0494927986828881
0,0.7431107170044045
0,0.7338177486432972
0,0.7383385260333477
0,0.7213211267793939
0,0.8125639914191067
0,0.6852946933158519
0,0.7427952157033301
0,0.0494927986828881
0,0.7686884952719032
0,0.7475243146659531
0,0.739342023891606
0,0.7371220836557483
0,0.7521610768842051
0,0.7121960014862503
0,0.746294450912082
0,0.6141847257999036
0,0.0494927986828881
0,0.6783818865590338
0,0.0494927986828881
0,0.7473560061517894
0,0.7305003629599339
0,0.0494927986828881
0,0.8861011708073192
0,0.0494927986828881
0,0.7284411257302423
0,0.0494927986828881
0,0.0494927986828881
0,0.0494927986828881
0,0.7475715465826657
0,0.7356387054769953
0,0.0494927986828881
0,0.7832388896327475
0,0.7661231358429801
0,0.0494927986828881
0,0.7587770784625523
0,0.0494927986828881
0,0.77345009452782
0,0.7935619322224174
0,0.5740616931826685
0,0.0494927986828881
0,0.7309453713665242
0,0.0494927986828881
0,0.745546647374039
0,0.7442665427076263
0,0.6735734569956734
0,0.0494927986828881
0,0.7465302047833093
0,0.767896953125798
0,0.0494927986828881
0,0.0494927986828881
0,0.0494927986828881
0,0.0494927986828881
0,0.6175112421143356
0,0.0494927986828881
0,0.7252703720994623
0,0.737816446536534
0,0.0494927986828881
0,0.7186283218117522
0,0.0494927986828881
0,0.730767001121002
0,0.6134508335967256
0,0.7601960059256023
0,0.6788939597442084
0,0.6290343955423059
0,0.7248845996536825
0,0.7738203414983899
0,0.0494927986828881
0,0.7456549594014672
0,0.661200928120826
0,0.6859879739590119
0,0.7533805563497422
0,0.6458629167718756
0,0.7410552890754346
0,0.7544936352972531
0,0.6728857719490728
0,0.7385990535736184
0,0.0494927986828881
0,0.0494927986828881
0,0.5892041267361285
0,0.7006937784842944
0,0.6917867913235496
0,0.7309395580155487
0,0.8682172283145065
0,0.6270594010639622
0,0.8431527116634152
0,0.0494927986828881
0,0.0494927986828881
0,0.7402619679206841
0,0.0494927986828881
0,0.7933595854393876
0,0.0494927986828881
0,0.9306146758361078
0,0.7470260124268088
0,0.8279939550174147
0,0.0494927986828881
0,0.7477774967262398
0,0.7691571605598003
0,0.0494927986828881
0,0.7830509931806314
0,0.7443911394870001
0,0.0494927986828881
0,0.0494927986828881
0,0.7696158063002925
0,0.7331815464590428
0,0.7437806473375959
0,0.711360851620562
0,0.695970197117876
0,0.7412996853758907
0,0.7053995719802214
0,0.6161383169664564
0,0.8083912772142688
0,0.7447412150045105
0,0.7230682939107979
0,0.0494927986828881
0,0.7391798854603712
0,0.7447650096985396
0,0.7391350373957166
0,0.6632824297353165
0,0.7367859408902747
0,0.7454407165481433
0,0.6729425690749167
0,0.7444557728177753
0,0.0494927986828881
0,0.0494927986828881
0,0.7230896221030079
0,0.8047408344127029
0,0.7338482580869979
0,0.7500161511565785
0,0.0494927986828881
0,0.7556249503367406
0,0.0494927986828881
0,0.5696903294807708
0,0.5929822078573186
0,0.7034128090612177
0,0.8364111009901337
0,0.7435366391252302
0,0.0494927986828881
0,0.7582335821268079
0,0.6957762995981492
0,0.701860738001413
0,0.9986107387989304
0,0.7639149190883623
0,0.7245052835619833
0,0.7846377945657395
0,0.0494927986828881
0,0.88044355899757
0,0.753003997975737
0,0.7390867756029749
0,0.6388391924702193
0,0.7352815106475765
0,0.6085548442418695
0,0.0494927986828881
0,0.7347090561318859
0,0.7484827091856018
0,0.6962741602902205
0,0.0494927986828881
0,0.7511512525059908
0,0.747658675328613
0,0.7470291305598372
0,0.0494927986828881
0,0.8022808364833801
0,0.694158567487079
0,0.8347690292298265
0,0.7560466292273472
0,0.0494927986828881
0,0.6966120687746864
0,0.7882098815103091
0,0.7469214999812998
0,0.0494927986828881
0,0.7346751893340578
0,0.7476911389538903
0,0.7325673395297287
0,0.5555920604405649
0,0.0494927986828881
0,0.0494927986828881
0,0.699459223469858
0,0.6011265409992924
0,0.0494927986828881
0,0.7522406236923656
0,0.788112728675217
0,0.7782624018230373
0,0.6706729305379108
0,0.7445753988960506
0,0.7200229174240077
0,0.0494927986828881
0,0.8626346324001567
0,0.7554915069423314
0,0.7544714274477657
0,0.0494927986828881
0,0.7022508017452516
0,0.6423493030942264
0,0.767756651847349
0,0.7165777593149198
0,0.7450600596801448
0,0.0494927986828881
0,0.9135206378094834
0,0.7684850796245469
0,0.976692448460548
0,0.7324699286242822
0,0.762170738512141
0,0.0494927986828881
0,0.7524553810693456
0,0.7394958407160904
0,0.6039042629412051
0,0.7287185376862956
0,0.7266986647371173
0,0.7776867561106837
0,0.7740953337979328
0,0.0494927986828881
0,0.7553070758334455
0,0.0494927986828881
0,0.734876663859229
0,0.0494927986828881
0,0.0494927986828881
0,0.6782701556540379
0,0.7294703011646507
0,0.0494927986828881
0,0.7557221974443425
0,0.7668645915107967
0,0.6576300542733643
0,0.7057186857407781
0,0.0494927986828881
0,0.7521394798069708
0,0.0494927986828881
0,0.0494927986828881
0,0.0494927986828881
0,0.0494927986828881
0,0.8053755290318517
0,0.0494927986828881
0,0.7403708740123938
0,0.8368286873883439
0,0.7449842106280405
0,0.6387535837529095
0,0.0494927986828881
0,0.6844705917877136
0,0.705906927169706
0,0.0494927986828881
0,0.0494927986828881
0,0.7609874043280851
0,0.7475612969633124
0,0.742962666236066
0,0.715065115047981
0,0.7700592846577894
0,0.733995982191322
0,0.6923150940677213
0,0.8206287145589836
0,0.9098584057788128
0,0.0494927986828881
0,0.7584164345149532
0,0.856118400704363
0,0.0494927986828881
0,0.0494927986828881
0,0.79509118437948
0,0.0494927986828881
0,0.8814638047078963
0,0.0494927986828881
0,0.6484753120126362
0,0.7043921237803338
0,0.6890841299636592
0,0.7941357905785038
0,0.7149823509091734
0,0.7652727905771383
0,0.7577118921812788
0,0.7457705659241501
0,0.0494927986828881
0,0.6866248023071634
0,0.73268431961411
0,0.7058960965926556
0,0.6644728293267813
0,0.0494927986828881
0,0.0494927986828881
0,0.7613896338880247
0,0.0494927986828881
0,0.0494927986828881
0,0.0494927986828881
0,0.0494927986828881
0,0.6979141243136441
0,0.8867680158484027
0,0.7635103568981854
0,0.0494927986828881
0,0.7855487773703842
0,0.8142041074595736
0,0.7456769265449545
0,0.728379833396178
0,0.0494927986828881
0,0.7365046268548932
0,0.7558059944911182
0,0.0494927986828881
0,0.7514172743074572
0,0.0494927986828881
0,0.0494927986828881
0,0.7723575678510682
0,0.7058368094209329
0,0.7719628616427614
0,0.0494927986828881
0,0.7484411437083568
0,0.0494927986828881
0,0.0494927986828881
0,0.0494927986828881
0,0.7668399372542443
0,0.7363626911195282
0,0.773227874851183
0,0.7388825781254574
0,0.0494927986828881
0,0.7374680078167676
0,0.0494927986828881
0,0.7530803090131457
0,0.0494927986828881
0,0.7521671798789556
0,0.0494927986828881
0,0.6215877990702924
0,0.0494927986828881
0,0.7722015484576836
0,0.7520405351808085
0,0.0494927986828881
0,0.7572518179275539
0,0.7908286808585036
0,0.70622453495293
0,0.7358949664294655
0,0.6306712357122265
0,0.6641410770587787
0,0.7111924984519817
0,0.7171027704617742
0,0.7356914031285106
0,0.0494927986828881
0,0.7537732685273709
0,0.0494927986828881
0,0.6947859197766876
0,0.7577490333156099
0,0.0494927986828881
0,0.7035618545699311
0,0.0494927986828881
0,0.0494927986828881
0,0.7421218960345732
0,0.7319513684702541
0,0.7883823320630597
0,0.6288265017450343
0,0.0494927986828881
0,0.7215497626754006
0,0.7426571725430181
0,0.0494927986828881
0,0.6093081237983605
0,0.0494927986828881
0,0.0494927986828881
0,0.7423677208111052
0,0.7370518705101059
0,0.7478189840679047
0,0.6211231542095247
0,0.7974774044414799
0,0.7408213014546893
0,0.5537050936823271
0,0.6773127301649604
0,0.7574945391749666
0,0.7659359391545145
0,0.7455944100437957
0,0.0494927986828881
0,0.7768774965818042
0,0.7498856714010851
0,0.0494927986828881
0,0.6994692647150692
0,0.0494927986828881
0,0.7493259739300338
0,0.755914987558377
0,0.7594644308908949
0,0.7618773283218225
0,0.7462311085237728
0,0.8949222704375562
0,0.6549600595391109
0,0.0494927986828881
0,0.7872175656615841
0,0.7418834300790867
0,0.0494927986828881
0,0.0494927986828881
0,0.5885837598040902
0,0.0494927986828881
0,0.7782476831177487
0,0.7665616285591328
0,0.7934079425751313
0,0.0494927986828881
0,0.0494927986828881
0,0.0494927986828881
0,0.6465248750479764
0,0.7432355331544976
0,0.0494927986828881
0,0.0494927986828881
0,0.5299176005901794
0,0.5435229003655556
0,0.66456067739605
0,0.7303173865609753
0,0.6999822446029672
0,0.7433628184713393
0,0.6565456593377257
0,0.657538586205426
0,0.0494927986828881
0,0.7573731199043151
0,0.5705971697104684
0,0.7069250184226322
0,0.7425240735242685
0,0.7474242492230171
0,0.7388582712240491
0,0.0494927986828881
0,0.0494927986828881
0,0.0494927986828881
0,0.756056778595937
0,0.763455313626681
0,0.7441653166165973
0,0.9215508412387364
0,0.5620424287176266
0,0.7603858347470519
0,0.7170419160908454
0,0.7384843039198387
0,0.7453097088719142
0,0.7626360101303259
0,0.790831271336446
0,0.7595129701391983
0,0.7520647666085897
0,0.7759693754167397
0,0.7011074137272523
0,0.6222164062345745
0,0.7536833365686095
0,0.7932897640827296
0,0.6661645745046316
0,0.0494927986828881
0,0.0494927986828881
0,0.0494927986828881
0,0.6299646618620471
0,0.0494927986828881
0,0.0494927986828881
0,0.6573344043290074
0,0.7093480387983899
0,0.7351210926223078
0,0.0494927986828881
0,0.7111462991795315
0,0.7262815694178758
0,0.798993159681931
0,0.7152713629469658
0,0.7319436034449495
0,0.0494927986828881
0,0.0494927986828881
0,0.6940410525287735
0,0.7265290797684212
0,0.7117702520865524
0,0.0494927986828881
0,0.73885033695403
0,0.7411781640206458
0,0.7446788785162191
0,0.6477461600988075
0,0.0494927986828881
0,0.0494927986828881
0,0.7655715517498168
0,0.746332178745329
0,0.7514523152872696
0,0.7506632056077926
0,0.6764853784834506
0,0.7503523836040472
0,0.0494927986828881
0,0.750667853274346
0,0.7479359690009669
0,0.0494927986828881
0,0.6239231689379131
0,0.6204566621544223
0,0.7453517243292047
0,0.7511649867439575
0,0.765229527500701
0,0.6901762606591333
0,0.7836810118496266
0,0.715995378266202
0,0.751647729615898
0,0.6403238271095476
0,0.7464712036562987
0,0.7594870390122569
0,0.5529440861311163
0,0.0494927986828881
0,0.7788201921158553
0,0.0494927986828881
0,0.8423221856848473
0,0.7478957302544229
0,0.7505734384362793
0,0.7502931001874661
0,0.7567015984310298
0,0.0494927986828881
0,0.8147593746880428
0,0.0494927986828881
0,0.0494927986828881
0,0.0494927986828881
0,0.6217377085992619
0,0.7121380480035064
0,0.0494927986828881
0,0.8083369408856279
0,0.0494927986828881
0,0.6983484408094637
0,0.7732710999394645
0,0.747635221583902
0,0.0494927986828881
0,0.0494927986828881
0,0.0494927986828881
0,0.8952796898046181
0,0.7197358800722526
0,0.0494927986828881
0,0.7768999591920145
0,0.6435589766831473
0,0.7753287060145173
0,0.7426615734393072
0,0.7516514963769821
0,0.7361561797565558
0,0.0494927986828881
0,0.7657007969679568
0,0.0494927986828881
0,0.66725892409659
0,0.9135229808177104
0,0.0494927986828881
0,0.7193858832266448
0,0.0494927986828881
0,0.7408374775127438
0,0.0494927986828881
0,0.73872724219997
0,0.0494927986828881
0,0.8222317078361335
0,0.7069704233539286
0,0.0494927986828881
0,0.6589280855249638
0,0.6607088826056566
0,0.0494927986828881
0,0.0494927986828881
0,0.7784504808662188
0,0.7648814328511835
0,0.70822845114267
0,0.0494927986828881
0,0.7429430724259812
0,0.0494927986828881
0,0.7451666655936031
0,0.0494927986828881
0,0.7469053373849496
0,0.6894994199891393
0,0.0494927986828881
0,0.7651774066195414
0,0.0494927986828881
0,0.0494927986828881
0,0.7661222018090854
0,0.0494927986828881
0,0.7659049857157938
0,0.7493090176798167
0,0.0494927986828881
0,0.7281264665279594
0,0.0494927986828881
0,0.7638187762964526
0,0.6625767731568455
0,0.7299336232871919
0,0.7503226023784242
0,0.0494927986828881
0,0.7016872887596274
0,0.0494927986828881
0,0.7265556477872537
0,0.7192330856622514
0,0.0494927986828881
0,0.0494927986828881
0,0.7459957701460017
0,0.0494927986828881
0,0.7530020593003307
0,0.0494927986828881
0,0.8108019665595552
0,0.6574391421658561
0,0.7933225177823767
0,0.7520329546738785
0,0.7528397618037682
0,0.7051816223466287
0,0.7330177646356221
0,0.7313248693295338
0,0.7534293240195256
0,0.7759768910863176
0,0.0494927986828881
0,0.6510494235063408
0,0.7449644410802101
0,0.73448920115705
0,0.8513869023582641
0,0.6515372012276263
0,0.697726231649346
0,0.0494927986828881
0,0.7151079140559262
0,0.7257788294089554
0,0.7098976732629623
0,0.0494927986828881
0,0.7525103925211556
0,0.7622822636938659
0,0.7621103909657226
0,0.6835521503684592
0,0.8067235671670026
0,0.5712774772302196
0,0.750636256638937
0,0.752959147444711
0,0.7614794801884959
0,0.0494927986828881
0,0.0494927986828881
0,0.7298190244573401
0,0.7414055976102902
0,0.7790667357783203
0,0.0494927986828881
0,0.7867554794195352
0,0.7534213788030208
0,0.8223269296925497
0,0.0494927986828881
0,0.0494927986828881
0,0.0494927986828881
0,0.0494927986828881
0,0.7634334252235725
0,0.0494927986828881
0,0.7571215761298105
0,0.0494927986828881
0,0.703804685331079
0,0.6792973340123106
0,0.0494927986828881
0,0.0494927986828881
0,0.0494927986828881
0,0.7243586416934121
0,0.0494927986828881
0,0.0494927986828881
0,0.7205242893850872
0,0.7210922071774316
0,0.7746359396421251
0,0.7455610036733943
0,0.6491693038694474
0,0.0494927986828881
0,0.7670282727520181
0,0.0494927986828881
0,0.0494927986828881
0,0.0494927986828881
0,0.6115667519269216
0,0.7223348170514547
0,0.0494927986828881
0,0.0494927986828881
0,0.0494927986828881
0,0.731864883487752
0,0.7778682268677096
0,0.9606106943570518
0,0.0494927986828881
0,0.0494927986828881
0,0.6599064834103868
0,0.7426390759499395
0,0.7533888533117277
0,0.7555356666809987
0,0.7118822532491927
0,0.7352033075355567
0,0.7459849639630348
0,0.7573081584770489
0,0.0494927986828881
0,0.0494927986828881
0,0.7751995275197141
0,0.7188257192871826
0,0.6918377090978904
0,0.7468045346677169
0,0.7562990621397567
0,0.7406002176013823
0,0.0494927986828881
0,0.7932680339725542
0,0.7050992635828834
0,0.7450773051298691
0,0.6960081843533902
0,0.7394256246719315
0,0.6133816680043095
0,0.7542102220304077
0,0.7460259803720738
0,0.7489517051716612
0,0.7292909017110519
0,0.6763369644024207
0,0.7412626589242552
0,0.7503887913263788
0,0.7638376800828107
0,0.6725308102313544
0,0.5888368704569635
0,0.7538716733036921
0,0.6085278751229763
0,0.6391158884590673
0,0.7902708251940811
0,0.0494927986828881
0,0.7342878555637673
0,0.7389317796348144
0,0.7332511422782374
0,0.7462059408037853
0,0.7458456933714436
0,0.76857256398398
0,0.6266551937422039
0,0.7439264515416376
0,0.0494927986828881
0,0.752677651916158
0,0.8341736575530904
0,0.6687902417024468
0,0.7557976931562045
0,0.763853740247581
0,0.0494927986828881
0,0.0494927986828881
0,0.6742454952540452
0,0.7015721569976555
0,0.7343620823986322
0,0.6038702406583355
0,0.6557906863276869
0,0.0494927986828881
0,0.0494927986828881
0,0.9401965118949712
0,0.0494927986828881
0,0.6589082024769047
0,0.7327340822661261
0,0.745410289963329
0,0.0494927986828881
0,0.7355293821369588
0,0.7450047353245808
0,0.6867851689037394
0,0.7295661257488768
0,0.9150354387324114
0,0.7383074462296786
0,0.7461244009970928
0,0.7614521523424874
0,0.7551698338574503
0,0.7560031631458894
0,0.0494927986828881
0,0.6231960130935501
0,0.7034436603599921
0,0.7009989954008548
0,0.742467537198995
0,0.0494927986828881
0,0.7342609512802722
0,0.0494927986828881
0,0.709835344947872
0,0.0494927986828881
0,0.0494927986828881
0,0.7832691983341371
0,0.0494927986828881
0,0.0494927986828881
0,0.0494927986828881
0,0.0494927986828881
0,0.0494927986828881
0,0.7905197648175751
0,0.752743395583815
0,0.6388609754329242
0,0.7040632071198856
0,0.0494927986828881
0,0.7351896454217834
0,0.7463854101915787
0,0.804208084503389
0,0.7580841267854482
0,0.7473272977135247
0,0.7568362311967752
0,0.0494927986828881
0,0.0494927986828881
0,0.7447137920193972
0,0.0494927986828881
0,0.7773990242397402
0,0.6935542069935209
0,0.754230965243767
0,0.7510829801421502
0,0.7279425174514956
0,0.7409937874571345
0,0.6854898064705011
0,0.7424118535047649
0,0.6082793757630829
0,0.7604864412142703
0,0.7123641711070544
0,0.7233164291553265
0,0.0494927986828881
0,0.0494927986828881
0,0.0494927986828881
0,0.8381719027381106
0,0.6758125209832455
0,0.7413445135904487
0,0.7257806966173717
0,0.0494927986828881
0,0.0494927986828881
0,0.0494927986828881
0,0.0494927986828881
0,0.7464769326193048
0,0.7285364909812478
0,0.6873015359706762
0,0.8374408325058279
0,0.0494927986828881
0,0.6779464005247843
0,0.7018858929216496
0,0.6815155608758938
0,0.7958093290465168
0,0.7810557964326432
0,0.6974977616231459
0,0.7562391440442809
0,0.8032738736459856
0,0.7447570658667678
0,0.0494927986828881
0,0.777481867955203
0,0.7353257518327574
0,0.7005913096366958
0,0.7431836261339407
0,0.7409959027344728
0,0.743619251201954
0,0.0494927986828881
0,0.7520428873426216
0,0.6451266423679074
0,0.0494927986828881
0,0.0494927986828881
0,0.0494927986828881
0,0.7202570120948153
0,0.0494927986828881
0,0.0494927986828881
0,0.8283240487446216
0,0.6870737147047808
0,0.0494927986828881
0,0.7388867070371659
0,0.661614334505101
0,0.0494927986828881
0,0.8159590846297099
0,0.0494927986828881
0,0.640136498149126
0,0.654489959437264
0,0.0494927986828881
0,0.7259690679490579
0,0.7550647013628154
0,0.0494927986828881
0,0.6737386556662005
0,0.0494927986828881
0,0.8463550986697486
0,0.0494927986828881
0,0.5897744086463418
0,0.718514691616593
0,0.6970215794213835
0,0.8452572094163951
0,0.0494927986828881
0,0.8059527158931031
0,0.7500247416286531
0,0.0494927986828881
0,0.0494927986828881
0,0.7501700082842533
0,0.0494927986828881
0,0.7913858023678811
0,0.6376402080738035
0,0.9199585842084718
0,0.6225818100358229
0,0.8411048176872086
0,0.0494927986828881
0,0.0494927986828881
0,0.6487100025146291
0,0.0494927986828881
0,0.0494927986828881
0,0.0494927986828881
0,0.7488241098763468
0,0.7398471553078417
0,0.0494927986828881
0,0.7273574162719063
0,0.7976046383834118
0,0.7935193949772958
0,0.0494927986828881
0,0.7240384950962213
0,0.6891833773492095
0,0.0494927986828881
0,0.0494927986828881
0,0.7588970482225044
0,0.0494927986828881
0,0.9744188867200038
0,0.6843692058559316
0,0.7490441021026377
0,0.7461683760864052
0,0.7807474258584242
0,0.0494927986828881
0,0.7462879229588977
0,0.6857120020446715
0,0.0494927986828881
0,0.0494927986828881
0,0.7579836676919269
0,0.6806894216538928
0,0.744552663632
0,0.7269547814545773
0,0.8151053776471583
0,0.6855175850179579
0,0.7819914643399086
0,0.6302672569823119
0,0.7337883558289295
0,0.6626688099193602
0,0.6538530243733335
0,0.0494927986828881
0,0.6922021505927952
0,0.5976884557890652
0,0.7458163656407018
0,0.6476377279975785
0,0.604982929015189
0,0.7566284543902666
0,0.6941975677499953
0,0.7457955297208803
0,0.7103807372703496
0,0.0494927986828881
0,0.7402311100226218
0,0.0494927986828881
0,0.0494927986828881
0,0.0494927986828881
0,0.8116781473013794
0,0.0494927986828881
0,0.8215031046891902
0,0.0494927986828881
0,0.7417629464583138
0,0.7417066327720137
0,0.7378979469933817
0,0.7761071659102674
0,0.0494927986828881
0,0.7478588425179361
0,0.7341528513764413
0,0.721831506261769
0,0.7422946095199923
0,0.8283991483300368
0,0.7619288594922481
0,0.7486872931695682
0,0.7578007450053905
0,0.6474443258834608
0,0.0494927986828881
0,0.0494927986828881
0,0.7617111402140643
0,0.7439423428693586
0,0.0494927986828881
0,0.0494927986828881
0,0.6258312328128183
0,0.7460381863536464
0,0.7157717536419224
0,0.7797278193279227
0,0.7324420031234965
0,0.0494927986828881
0,0.8061666737413142
0,0.5966677926476577
0,0.0494927986828881
0,0.7654833031098628
0,0.7483155927533977
0,0.0494927986828881
0,0.6425790667349595
0,0.8591655436052061
0,0.7137296681497264
0,0.7351331838372769
0,0.6488447719212549
0,0.7776248811021812
0,0.0494927986828881
0,0.0494927986828881
0,0.7416823664639302
0,0.0494927986828881
0,0.7502115350561832
0,0.7622601143236667
0,0.0494927986828881
0,0.7427395437247636
0,0.567756969150162
0,0.7389002905506401
0,0.6152458345600862
0,0.6261748047891775
0,0.7442200607084042
0,0.0494927986828881
0,0.0494927986828881
0,0.0494927986828881
0,0.6816232813483446
0,0.0494927986828881
0,0.713669233646681
0,0.6929179101470048
0,0.7330687213112649
0,0.0494927986828881
0,0.7403320074486506
0,0.0494927986828881
0,0.7532798324963835
0,0.8334485760171231
0,0.7446530765213143
0,0.0494927986828881
0,0.7951883820880161
0,0.7742675509732729
0,0.0494927986828881
0,0.0494927986828881
0,0.7458532499844764
0,0.6996035015560944
0,0.6735174620170001
0,0.743920596979607
0,0.0494927986828881
0,0.7568304564264268
0,0.0494927986828881
0,0.7345791223103803
0,0.7513262540825922
0,0.7344954804053462
0,0.749807655138169
0,0.7849354492019945
0,0.0494927986828881
0,0.0494927986828881
0,0.759694370452947
0,0.7781215211046043
0,0.0494927986828881
0,0.6014435417006181
0,0.8134076475224344
0,0.7494837846820671
0,0.0494927986828881
0,0.7904542614108414
0,0.0494927986828881
0,0.7691023361830571
0,0.0494927986828881
0,0.7220126070574453
0,0.0494927986828881
0,0.7533186933960424
0,0.7266294133905955
0,0.0494927986828881
0,0.7691195600968316
0,0.5709663748881881
0,0.7517647004843284
0,0.7100872435656569
0,0.0494927986828881
0,0.0494927986828881
0,0.0494927986828881
0,0.7368680157378041
0,0.0494927986828881
0,0.7403408347563939
0,0.0494927986828881
0,0.7939251064199762
0,0.0494927986828881
0,0.7378724752864162
0,0.737660687689688
0,0.6849070362685296
0,0.0494927986828881
0,0.0494927986828881
0,0.7201698519593649
0,0.7450027280425613
0,0.0494927986828881
0,0.7375186118338016
0,0.7380299809202394
0,0.7189123069604834
0,0.6568091925415986
0,0.7423995066226656
0,0.0494927986828881
0,0.6136146671765372
0,0.7171898755050894
0,0.7439079672538621
0,0.692685264665616
0,0.7628784992603497
0,0.7346526542316274
0,0.7335412685847257
0,0.0494927986828881
0,0.7680935836741859
0,0.7304659383681606
0,0.7400092909216602
0,0.6614063369144396
0,0.7313345553150918
0,0.708942851991767
0,0.7714957094187384
0,0.7351754376517763
0,0.0494927986828881
0,0.5638844421322388
0,0.7442562049049096
0,0.716243644996247
0,0.0494927986828881
0,0.7308940251692454
0,0.0494927986828881
0,0.7884888270154504
0,0.6690590759087608
0,0.7492281089002453
0,0.0494927986828881
0,0.7554962339017506
0,0.7346209203789155
0,0.0494927986828881
0,0.8681244948587994
0,0.7892974886152418
0,0.8283314124422844
0,0.6821949813709868
0,0.7498475361169523
0,0.0494927986828881
0,0.0494927986828881
0,0.0494927986828881
0,0.7341878422346534
0,0.7328534156646277
0,0.7583125711464763
0,0.9153557992238004
0,0.7545558385332995
0,0.8177612021840993
0,0.5774438173974041
0,0.7278310116031576
0,0.6911009156520663
0,0.0494927986828881
0,0.7541096462719091
0,0.8246445144885619
0,0.0494927986828881
0,0.0494927986828881
0,0.7745494581423613
0,0.0494927986828881
0,0.0494927986828881
0,0.6863359890584287
0,0.0494927986828881
0,0.8015498824909958
0,0.0494927986828881
0,0.0494927986828881
0,0.7670030810376658
0,0.6749887771061795
0,0.7403985885911933
0,0.573510507073385
0,0.7629365456980234
0,0.7131270005239636
0,0.691908534304657
0,0.7480651595047285
0,0.6982128279732436
0,0.5477240979550415
0,0.6911875789270787
0,0.8077797645166435
0,0.7022571383767453
0,0.7518087406654035
0,0.7259944515642498
0,0.7359708780111242
0,0.5925127301170625
0,0.0494927986828881
0,0.7500282408877251
0,0.0494927986828881
0,0.0494927986828881
0,0.6492963881556202
0,0.7337291165085618
0,0.7598829042951055
0,0.0494927986828881
0,0.0494927986828881
0,0.0494927986828881
0,0.7267800132719429
0,0.624772975940517
0,0.0494927986828881
0,0.7102380936455673
0,0.7443539605993112
0,0.7561390745114054
0,0.748798445588177
0,0.0494927986828881
0,0.6718712989602149
0,0.0494927986828881
0,0.7420786098090478
0,0.0494927986828881
0,0.7422459385896758
0,0.0494927986828881
0,0.656505346260896
0,0.7389348678767862
0,0.0494927986828881
0,0.0494927986828881
0,0.7530291558591728
0,0.0494927986828881
0,0.7588649415196977
0,0.8121935620054828
0,0.7937347903860803
0,0.7510843940236137
0,0.765331768806318
0,0.0494927986828881
0,0.6235432435567692
0,0.743556459316753
0,0.711987486121913
0,0.7508138469016999
0,0.0494927986828881
0,0.0494927986828881
0,0.7493169956674502
0,0.7527294658676412
0,0.6308621177711136
0,0.6855696982946156
0,0.0494927986828881
0,0.7492790648374918
0,0.0494927986828881
0,0.7035663137466939
0,0.0494927986828881
0,0.7051334032068777
0,0.7408610092663613
0,0.0494927986828881
0,0.0494927986828881
0,0.0494927986828881
0,0.7427956385962545
0,0.6605129227985621
0,0.0494927986828881
0,0.7964705870721027
0,0.6692063460324958
0,0.7393294119839072
0,0.6765104273050296
0,0.6562795912501844
0,0.752723237438646
0,0.6804864186664715
0,0.8367635289829475
0,0.7112919942457073
0,0.5499408536678213
0,0.7268786259268937
0,0.756822503567107
0,0.0494927986828881
0,0.7277139325102949
0,0.0494927986828881
0,0.7527211498682307
0,0.7513788477635839
0,0.633272186432696
0,0.6362887000185193
0,0.682868184609075
0,0.7565813853540998
0,0.7086719298484339
0,0.0494927986828881
0,0.7625967471665068
0,0.0494927986828881
0,0.7790942920885477
0,0.7449420195447921
0,0.7352338352259925
0,0.7488747768725206
0,0.8357944745069048
0,0.7765155843168524
0,0.7508050008303114
0,0.7339790995009965
0,0.7616261814529359
0,0.0494927986828881
0,0.5481925241914574
0,0.7567321446677807
0,0.72272268796003
0,0.0494927986828881
0,0.0494927986828881
0,0.0494927986828881
0,0.0494927986828881
0,0.7644612719610172
0,0.0494927986828881
0,0.7126007528729736
0,0.74675947038826
0,0.7186322271015909
0,0.8077462854473005
0,0.7445305697850869
0,0.0494927986828881
0,0.875364692574753
0,0.0494927986828881
0,0.6353208621018511
0,0.783960981524778
0,0.0494927986828881
0,0.0494927986828881
0,0.0494927986828881
0,0.7381810445182863
0,0.7500437154624017
0,0.7159974133507958
0,0.7561177798594163
0,0.7494722749588079
0,0.7707803337306757
0,0.7416341715943555
0,0.7300287011968827
0,0.7418666304395382
0,0.7099379099977052
0,0.7472441016958916
0,0.7337322976339145
0,0.0494927986828881
0,0.0494927986828881
0,0.7810599300352034
0,0.0494927986828881
0,0.681982729712826
0,0.7421006361793078
0,0.7890737636758502
0,0.7520570008448607
0,0.0494927986828881
0,0.0494927986828881
0,0.6604924571407341
0,0.0494927986828881
0,0.7547558265567685
0,0.0494927986828881
0,0.745308289038545
0,0.7558465595487471
0,0.7526131962845005
0,0.7492872290793143
0,0.5727531552735154
0,0.0494927986828881
0,0.761255267235376
0,0.7544370995051866
0,0.7319994519634108
0,0.7627963603605215
0,0.7251254896810635
0,0.0494927986828881
0,0.7404083610811905
0,0.5839915172463146
0,0.6067535998340496
0,0.0494927986828881
0,0.0494927986828881
0,0.7617048230386251
0,0.7388128943471206
0,0.7987252790748476
0,0.7209652597077724
0,0.6257515273535141
0,0.9487762853658908
0,0.0494927986828881
0,0.7338138422050543
0,0.7043246645459162
0,0.6768948440701887
0,0.7392311529161509
0,0.0494927986828881
0,0.7895055360580503
0,0.7771395971229051
0,0.0494927986828881
0,0.7390524326873629
0,0.8865548587889326
0,0.7422378868497723
0,0.0494927986828881
0,0.0494927986828881
0,0.0494927986828881
0,0.5549665656971885
0,0.729640484748415
0,0.7535017120388358
0,0.0494927986828881
0,0.5673109969093251
0,0.0494927986828881
0,0.0494927986828881
0,0.6754749671596894
0,0.0494927986828881
0,0.0494927986828881
0,0.0494927986828881
0,0.7421771879482272
0,0.7798916273232571
0,0.9916512063845128
0,0.7446474813000482
0,0.0494927986828881
0,0.0494927986828881
0,0.7501858577524464
0,0.0494927986828881
0,0.7429382042710498
0,0.0494927986828881
0,0.6174033288593643
0,0.0494927986828881
0,0.7153265351084668
0,0.6916906670332322
0,0.9939331491882238
0,0.7633060852003469
0,0.6386736975268581
0,0.7857313916097015
0,0.0494927986828881
0,0.0494927986828881
0,0.7576714269369225
0,0.7422731928363049
0,0.6007302975901903
0,0.7335175279033473
0,0.0494927986828881
0,0.7542698167730458
0,0.0494927986828881
0,0.7536581396207779
0,0.7807211640179451
0,0.8154138651123095
0,0.6575851341539556
0,0.7501467450049984
0,0.7334679258494262
0,0.7285414471762679
0,0.7797635623734239
0,0.8220652176692739
0,0.0494927986828881
0,0.6357768271036107
0,0.6706269293496191
0,0.0494927986828881
0,0.7523588588392872
0,0.0494927986828881
0,0.7347312729260441
0,0.0494927986828881
0,0.7933621763421027
0,0.746797838912311
0,0.6515919053008083
0,0.7523705340990724
0,0.6950320090116107
0,0.0494927986828881
0,0.0494927986828881
0,0.7018333776855301
0,0.7568537353157643
0,0.0494927986828881
0,0.7970872005771216
0,0.0494927986828881
0,0.7010709367000678
0,0.7622687708496891
0,0.0494927986828881
0,0.6983534562529286
0,0.0494927986828881
0,0.7384566550864942
0,0.6498821913765804
0,0.6877347455352345
0,0.767594754910769
0,0.0494927986828881
0,0.7268142984663316
0,0.74160315684627
0,0.7363842903661943
0,0.7493088614585645
0,0.692743107148122
0,0.7279369526947554
0,0.7467601034690312
0,0.0494927986828881
0,0.7603337695457982
0,0.0494927986828881
0,0.7638227343941922
0,0.6805015526916659
0,0.0494927986828881
0,0.0494927986828881
0,0.7740429330958126
0,0.8306065849615988
0,0.0494927986828881
0,0.7449079363879804
0,0.0494927986828881
0,0.6978156426889595
0,0.7861139529174399
0,0.7653812825663537
0,0.7643792850111655
0,0.6531508094021208
0,0.745755015233972
0,0.7494580427248775
0,0.7181875262427003
0,0.7389685066147349
0,0.7739274829285503
0,0.6820713284181223
0,0.7392601594852288
0,0.7882049972694051
0,0.7062506639454426
0,0.0494927986828881
0,0.6728557242799413
0,0.7369008485633715
0,0.7086343468057185
0,0.7267221026985741
0,0.7752659593734971
0,0.8124890232720647
0,0.7506993406835637
0,0.0494927986828881
0,0.7854436556749513
0,0.0494927986828881
0,0.0494927986828881
0,0.64513890064126
0,0.7428471618976253
0,0.840516946608771
0,0.7556378299060478
0,0.7548030562244794
0,0.6937178760508125
0,0.7933407812724328
0,0.7346598432227422
0,0.7059460230120919
0,0.0494927986828881
0,0.0494927986828881
0,0.7416590168929899
0,0.7565321810419324
0,0.0494927986828881
0,0.0494927986828881
0,0.0494927986828881
0,0.655763153792193
0,0.7410568697844179
0,0.8184036283826115
0,0.0494927986828881
0,0.7519071879296294
0,0.0494927986828881
0,0.7070456870498422
0,0.640693158586284
0,0.0494927986828881
0,0.6862771467932903
0,0.0494927986828881
0,0.0494927986828881
0,0.7324779389593836
0,0.7088775571264154
0,0.0494927986828881
0,0.7026460728919574
0,0.7843385973892804
0,0.7877648596708708
0,0.0494927986828881
0,0.0494927986828881
0,0.6064690923423635
0,0.0494927986828881
0,0.0494927986828881
0,0.7557585273079462
0,0.7409084458173736
0,0.866501089299711
0,0.7690588868676506
0,0.0494927986828881
0,0.7612337902852818
0,0.0494927986828881
0,0.7525497042428296
0,0.0494927986828881
0,0.0494927986828881
0,0.7124683017638318
0,0.7485360124970778
0,0.0494927986828881
0,0.6967044783571424
0,0.7356669127494172
0,0.7566403168890844
0,0.7389110566774334
0,0.0494927986828881
0,0.7186977343477912
0,0.79923916716217
0,0.7012825458702928
0,0.7504876602134215
0,0.0494927986828881
0,0.7383084736133608
0,0.6900453437971903
0,0.0494927986828881
0,0.745006178500884
0,0.7303912172521339
0,0.7165961262154186
0,0.795833251508516
0,0.7427562145428863
0,0.744918730774976
0,0.0494927986828881
0,0.7632342893149299
0,0.8923758792737795
0,0.8355514515510462
0,0.7363314770522339
0,0.7557300737787733
0,0.0494927986828881
0,0.0494927986828881
0,0.7196557674638928
0,0.6082117571937802
0,0.7430814572237092
0,0.7068304380456338
0,0.7575734852956865
0,0.622544903306485
0,0.7485756143559827
0,0.7588534754553397
0,0.0494927986828881
0,0.7969964088526296
0,0.0494927986828881
0,0.7862957029218149
0,0.7509013283878178
0,0.680684941945246
0,0.8651178104787037
0,0.681191417878062
0,0.7536760244084574
0,0.7452876751330821
0,0.765082950749537
0,0.7414975059866628
0,0.5671543499169326
0,0.7240178578082769
0,0.0494927986828881
0,0.6844958446343
0,0.7388801386952702
0,0.7412499885130994
0,0.7412048902910009
0,0.6936252182729579
0,0.8534899482066833
0,0.6817096360578694
0,0.7354417754066287
0,0.8007237467604226
0,0.7865005590478124
0,0.7278860593389086
0,0.0494927986828881
0,0.0494927986828881
0,0.0494927986828881
0,0.7473550615377798
0,0.742695997348105
0,0.7368883909244459
0,0.6338030751101464
0,0.7090167892440947
0,0.0494927986828881
0,0.6911698081097057
0,0.0494927986828881
0,0.0494927986828881
0,0.7598562721252221
0,0.0494927986828881
0,0.7402117200549936
0,0.0494927986828881
0,0.7395901506412343
0,0.7118760715510563
0,0.6829335995599445
0,0.0494927986828881
0,0.6340693003775403
0,0.0494927986828881
0,0.0494927986828881
0,0.7365435325819629
0,0.7552168966503954
0,0.7267487998886002
0,0.8231812198749406
0,0.750611453210525
0,0.0494927986828881
0,0.7541920797470258
0,0.7660656952883566
0,0.6415617139318546
0,0.7504313618706989
0,0.7413737854252584
0,0.7530850775553695
0,0.7044569414044223
0,0.0494927986828881
0,0.7327619359664872
0,0.5529034783792732
0,0.7203699149236628
0,0.7430172486602103
0,0.5929779344514756
0,0.0494927986828881
0,0.0494927986828881
0,0.7457513706387181
0,0.0494927986828881
0,0.7510289814543428
0,0.0494927986828881
0,0.0494927986828881
0,0.8086072107974381
0,0.7159386053276474
0,0.7354439136829174
0,0.0494927986828881
0,0.0494927986828881
0,0.8372153890932689
0,0.7641528232031134
0,0.7575094496991276
0,0.7166008136254007
0,0.6995710196031986
0,0.0494927986828881
0,0.7467314428783144
0,0.0494927986828881
0,0.0494927986828881
0,0.8258180182953883
0,0.663213654296358
0,0.0494927986828881
0,0.758374991944476
0,0.0494927986828881
0,0.742286279236393
0,0.7233103237183818
0,0.0494927986828881
0,0.7538806154896663
0,0.7675727822757104
0,0.0494927986828881
0,0.0494927986828881
0,0.5766911277827707
0,0.0494927986828881
0,0.0494927986828881
0,0.755009462266685
0,0.755233438028447
0,0.7676008479324452
0,0.8059055765332049
0,0.0494927986828881
0,0.0494927986828881
0,0.6200015768120246
0,0.8913212808173095
0,0.7069862916557902
0,0.7124020165707828
0,0.0494927986828881
0,0.6801019931255559
0,0.7380021315011059
0,0.7530867453012691
0,0.0494927986828881
0,0.6894927444278401
0,0.7559174532860395
0,0.7530070010116807
0,0.0494927986828881
0,0.7001371983784136
0,0.0494927986828881
0,0.0494927986828881
0,0.7490126682004544
0,0.0494927986828881
0,0.75930150295705
0,0.0494927986828881
0,0.718592104783851
0,0.0494927986828881
0,0.7233990164565123
0,0.7694677459372438
0,0.6504097229618705
0,0.7269476941141818
0,0.7589872880040919
0,0.7556166806695589
0,0.7456979194130764
0,0.0494927986828881
0,0.6656786991539811
0,0.99999999997608
0,0.7025339527842765
0,0.0494927986828881
0,0.7620301732701319
0,0.7540643739266506
0,0.7551616506433521
0,0.0494927986828881
0,0.7590154041450552
0,0.8475545826156652
0,0.0494927986828881
0,0.7545087516785721
0,0.7733863355697882
0,0.6952116183657839
0,0.0494927986828881
0,0.0494927986828881
0,0.7587620436083292
0,0.5965166401470651
0,0.0494927986828881
0,0.0494927986828881
0,0.7449420226354986
0,0.0494927986828881
0,0.8360184500250939
0,0.0494927986828881
0,0.6606076634574063
0,0.7116379783293102
0,0.7477463098114558
0,0.8432803762350234
0,0.0494927986828881
0,0.7467868265122085
0,0.6465809673651659
0,0.7313462734277891
0,0.7712750237403263
0,0.716230865107262
0,0.0494927986828881
0,0.5532577604018648
0,0.0494927986828881
0,0.6880132224255622
0,0.7051598830223225
0,0.6715735872613313
0,0.7519637732980562
0,0.7603231153594763
0,0.8003593676702104
0,0.0494927986828881
0,0.7637342296209231
0,0.7318118085517707
0,0.7452351170002792
0,0.7144122015814044
0,0.8357951963104499
0,0.7511710235697542
0,0.7996957145485312
0,0.6862511723176978
0,0.0494927986828881
0,0.0494927986828881
0,0.765699786566572
0,0.73071573417678
0,0.816521096625556
0,0.7331409182356088
0,0.0494927986828881
0,0.7573161503682785
0,0.0494927986828881
0,0.0494927986828881
0,0.7695172838341198
0,0.0494927986828881
0,0.7661980129202779
0,0.7557072593561924
0,0.0494927986828881
0,0.5720806706878429
0,0.7816767589540452
0,0.6924410964411076
0,0.711967397594289
0,0.7744500759086282
0,0.7452531265739907
0,0.6228174098654976
0,0.7067235338001903
0,0.0494927986828881
0,0.0494927986828881
0,0.7307261213185141
0,0.0494927986828881
0,0.7597238821910898
0,0.7421883176713971
0,0.8026975007912582
0,0.0494927986828881
0,0.7585497294530903
0,0.7448370903202615
0,0.8870282823564078
0,0.721615509479089
0,0.62616197388734
0,0.7947671642595466
0,0.7502024690234426
0,0.0494927986828881
0,0.7303760878126708
0,0.6964037205216519
0,0.7096647650855944
0,0.7160158596185134
0,0.7767271202796653
0,0.0494927986828881
0,0.8127922610028521
0,0.7160101755491726
0,0.7507527569463007
0,0.7494923532359313
0,0.0494927986828881
0,0.0494927986828881
0,0.6325776856060008
0,0.7459928011907045
0,0.6710450757908144
0,0.800608330547499
0,0.0494927986828881
0,0.6524999057859232
0,0.0494927986828881
0,0.7430620504343791
0,0.7009854413846763
0,0.0494927986828881
0,0.6797748903569009
0,0.6760107220729188
0,0.742084684110938
0,0.7424236461649338
0,0.0494927986828881
0,0.7282164519484831
0,0.8360623461223493
0,0.7631451236041153
0,0.0494927986828881
0,0.0494927986828881
0,0.8078698339967102
0,0.7519303430372042
0,0.8207541228134287
0,0.0494927986828881
0,0.7399832640370234
0,0.6599086782319173
0,0.8384917685667349
0,0.7573739381391328
0,0.7219669711482516
0,0.7347282884793614
0,0.7025719886392467
0,0.7284064568657617
0,0.7441513069892403
0,0.7633638495423904
0,0.0494927986828881
0,0.6279105626262869
0,0.7497735924082769
0,0.7808072317122089
0,0.660562906280448
0,0.0494927986828881
0,0.0494927986828881
0,0.7510458149404908
0,0.6767464900699623
0,0.0494927986828881
0,0.6912330022689435
0,0.7989158068696978
0,0.7239249151123015
0,0.754587478098482
0,0.7836903051658844
0,0.0494927986828881
0,0.7496258720176144
0,0.0494927986828881
0,0.8603140273905658
0,0.0494927986828881
0,0.6872266041854211
0,0.6947674470686173
0,0.0494927986828881
0,0.0494927986828881
0,0.0494927986828881
0,0.756215807900618
0,0.6682152741130707
0,0.686989043609997
0,0.768935843828768
0,0.8147164793557711
0,0.0494927986828881
0,0.6696676250327221
0,0.6755658494431204
0,0.880645245093644
0,0.8399053027389638
0,0.0494927986828881
0,0.7517042221469075
0,0.0494927986828881
0,0.0494927986828881
0,0.6668199617307579
0,0.6400005961673072
0,0.7796345104516157
0,0.764603900422812
0,0.5866416659430712
0,0.6974268407202693
0,0.6988818279854938
0,0.0494927986828881
0,0.7337713828911442
0,0.7999329656418438
0,0.7418513436659507
0,0.7229743195384899
0,0.0494927986828881
0,0.6667177532040557
0,0.7422228774456745
0,0.0494927986828881
0,0.0494927986828881
0,0.7514691851888897
0,0.0494927986828881
0,0.7596551993863563
0,0.6393087712751812
0,0.7417174694823607
0,0.0494927986828881
0,0.7578944653189794
0,0.7177104909744205
0,0.7913400111239587
0,0.8400056690226457
0,0.7456452971381519
0,0.7463075921201353
0,0.7677612227070255
0,0.6452574647345589
0,0.0494927986828881
0,0.6828172280181143
0,0.7663452311953838
0,0.7513114716839914
0,0.0494927986828881
0,0.0494927986828881
0,0.6136203655089388
0,0.7640754875793863
0,0.0494927986828881
0,0.7880626820430765
0,0.9080357414032212
0,0.0494927986828881
0,0.68609680713647
0,0.7494725864053208
0,0.753564365044416
0,0.6569498236861228
0,0.7351727088944454
0,0.0494927986828881
0,0.745810019484033
0,0.7539951385208962
0,0.7498414549728292
0,0.7511653297614407
0,0.0494927986828881
0,0.7364039230286575
0,0.7127537246993145
0,0.0494927986828881
0,0.7481720952816396
0,0.8026405354702527
0,0.8053702894754535
0,0.8327253529304193
0,0.7744589849999843
0,0.7932750428075394
0,0.7481257049760864
0,0.7507177866398368
0,0.7508407369222599
0,0.0494927986828881
0,0.710564652362361
0,0.5948543100346415
0,0.0494927986828881
0,0.7329466650449884
0,0.7460242386421453
0,0.750262782423061
0,0.7353128126059372
0,0.7994938904462422
0,0.7544019998683166
0,0.7383373721680418
0,0.6293822754049958
0,0.7482322992305014
0,0.0494927986828881
0,0.7426673662978202
0,0.7529871152242876
0,0.0494927986828881
0,0.7800773749912265
0,0.0494927986828881
0,0.0494927986828881
0,0.0494927986828881
0,0.7668704255256307
0,0.0494927986828881
0,0.5759869790855221
0,0.0494927986828881
0,0.7220684909884214
0,0.7508419018256345
0,0.0494927986828881
0,0.7541618337858762
0,0.0494927986828881
0,0.0494927986828881
0,0.7464278829308768
0,0.7548379290438448
0,0.0494927986828881
0,0.7688041331493299
0,0.728203185101201
0,0.0494927986828881
0,0.758375903467198
0,0.7505757523019913
0,0.7359719064508878
0,0.0494927986828881
0,0.6723523361465683
0,0.7350816890144806
0,0.0494927986828881
0,0.7093786434974257
0,0.0494927986828881
0,0.7275979640128428
0,0.7323795498528461
0,0.763287724444202
0,0.7998312940887755
0,0.7552234519261046
0,0.6361249440614181
0,0.6971504340327414
0,0.0494927986828881
0,0.0494927986828881
0,0.6954433519301407
0,0.7205598361376697
0,0.7732088186347673
0,0.0494927986828881
0,0.7163671113738836
0,0.0494927986828881
0,0.746073010089305
0,0.0494927986828881
0,0.0494927986828881
0,0.0494927986828881
0,0.8041453002108205
0,0.9083094909949608
0,0.7384957856508252
0,0.0494927986828881
0,0.7378010786036623
0,0.7465097282116044
0,0.7680633221776493
0,0.0494927986828881
0,0.7254125188989778
0,0.7871519462730123
0,0.7478553406391752
0,0.0494927986828881
0,0.0494927986828881
0,0.0494927986828881
0,0.0494927986828881
0,0.0494927986828881
0,0.7997949274473514
0,0.7487324307564037
0,0.0494927986828881
0,0.7823133698940374
0,0.7520361978282584
0,0.6497880089023997
0,0.8024452626524626
0,0.7578293117267179
0,0.7351294569444334
0,0.7007960305157497
0,0.7391324991759514
0,0.8691705936560499
0,0.6413284095818149
0,0.0494927986828881
0,0.0494927986828881
0,0.7542449035623008
0,0.6886297651955114
0,0.0494927986828881
0,0.7384965721780953
0,0.0494927986828881
0,0.7381669018548261
0,0.0494927986828881
0,0.75773543374739
0,0.7539510500224865
0,0.6320042690640915
0,0.6689668477785373
0,0.6655747759174032
0,0.7771151010392817
0,0.7577831839021119
0,0.0494927986828881
0,0.0494927986828881
0,0.7457645685063987
0,0.8135940501929988
0,0.715280140025808
0,0.7539350462738874
0,0.834422008638139
0,0.0494927986828881
0,0.703258298845549
0,0.7978486941783905
0,0.736940713744303
0,0.732054079905635
0,0.0494927986828881
0,0.7504872840314457
0,0.6174548870227338
0,0.0494927986828881
0,0.6990635642211359
0,0.5961085338980204
0,0.7471840062277754
0,0.7348436443864714
0,0.0494927986828881
0,0.8446017566260368
0,0.0494927986828881
0,0.7551264548446323
0,0.0494927986828881
0,0.7449915391763778
0,0.8024986499070381
0,0.6806771965333107
0,0.0494927986828881
0,0.7572754276027324
0,0.0494927986828881
0,0.7541486608328639
0,0.0494927986828881
0,0.7448189144158927
0,0.7515411853231959
0,0.7126982146845773
0,0.0494927986828881
0,0.7490577333560811
0,0.0494927986828881
0,0.8221774890664486
0,0.7413507677547767
0,0.0494927986828881
0,0.7479945699240614
0,0.0494927986828881
0,0.7306791959807524
0,0.8365852919537801
0,0.7412275974607988
0,0.6416941742858264
0,0.7378244609794651
0,0.0494927986828881
0,0.0494927986828881
0,0.8140981209586032
0,0.0494927986828881
0,0.7449632044402168
0,0.0494927986828881
0,0.0494927986828881
0,0.7271625529649325
0,0.6580477758120016
0,0.0494927986828881
0,0.7323082020099092
0,0.7612305751403733
0,0.0494927986828881
0,0.0494927986828881
0,0.6353965678994392
0,0.6941182970424099
0,0.7312827759416157
0,0.761030668879768
0,0.6461720998687716
0,0.6403581585696692
0,0.6282716685536908
0,0.0494927986828881
0,0.0494927986828881
0,0.7578347962248051
0,0.7522429536718045
0,0.7493312111492305
0,0.6488855533950239
0,0.7564795966864145
0,0.5449370612489618
0,0.7256602493325705
0,0.0494927986828881
0,0.741318206902503
0,0.632365365010185
0,0.6524400442217088
0,0.8081102915401461
0,0.7598290570090018
0,0.7497535073196345
0,0.6737767433190085
0,0.7493847202724899
0,0.7781627090008243
0,0.7386895093380393
0,0.7361335364299927
0,0.6738901415635491
0,0.0494927986828881
0,0.6614310066859063
0,0.6111917072207751
0,0.7377939223811879
0,0.7076696525996864
0,0.7506699429121917
0,0.6856721297577881
0,0.0494927986828881
0,0.7200105061942766
0,0.6478638313019188
0,0.7434482070785409
0,0.839598693675252
0,0.7697077136623497
0,0.8436301594890766
0,0.5579780563396904
0,0.0494927986828881
0,0.0494927986828881
0,0.0494927986828881
0,0.0494927986828881
0,0.7457761013097317
0,0.6759266631517385
0,0.7511973925079681
0,0.0494927986828881
0,0.0494927986828881
0,0.0494927986828881
0,0.7329173050047444
0,0.7257480408411888
0,0.0494927986828881
0,0.0494927986828881
0,0.7415523583461967
0,0.7021827326896299
0,0.7891495099272873
0,0.0494927986828881
0,0.7418280374470103
0,0.7647733990199567
0,0.7697854261729155
0,0.668698042929949
0,0.7538034447395654
0,0.7359459098545265
0,0.0494927986828881
0,0.7439149640867485
0,0.744494687352626
0,0.7437153043956938
0,0.0494927986828881
0,0.0494927986828881
0,0.7373531517359817
0,0.7518482202634074
0,0.7590061119087118
0,0.0494927986828881
0,0.7544026073406304
0,0.7483250148931198
0,0.6405205749631095
0,0.6530314706138063
0,0.72482871083464
0,0.0494927986828881
0,0.0494927986828881
0,0.7665162743755621
0,0.0494927986828881
0,0.0494927986828881
0,0.7678068332726022
0,0.7763407145375196
0,0.0494927986828881
0,0.0494927986828881
0,0.0494927986828881
0,0.0494927986828881
0,0.7459242838260531
0,0.7256855607426771
0,0.716674724829765
0,0.0494927986828881
0,0.9072530171051676
0,0.7593053640972086
0,0.7517832710452657
0,0.714325499830316
0,0.0494927986828881
0,0.7459035949470205
0,0.8192925342437856
0,0.7381654878695297
0,0.634675738012822
0,0.7555735957595624
0,0.788535718108082
0,0.731744903956879
0,0.7731908632617801
0,0.0494927986828881
0,0.0494927986828881
0,0.0494927986828881
0,0.0494927986828881
0,0.7407119563051299
0,0.0494927986828881
0,0.0494927986828881
0,0.7187806962234284
0,0.6713282539187673
0,0.597165396755103
0,0.0494927986828881
0,0.6793208452605789
0,0.7742929595748425
0,0.6930883912504665
0,0.0494927986828881
0,0.7418523696787995
0,0.7829606491499026
0,0.7445950234968572
0,0.0494927986828881
0,0.7818839712754049
0,0.0494927986828881
0,0.7899554867757926
0,0.7677642981742988
0,0.7667428857730295
0,0.7360311497206488
0,0.8032083620309388
0,0.7134910988676058
0,0.7336257755375656
0,0.7014471514214724
0,0.0494927986828881
0,0.0494927986828881
0,0.0494927986828881
0,0.7960545671980379
0,0.818418532976147
0,0.0494927986828881
0,0.7456577195045299
0,0.8521841842544424
0,0.7321231735262965
0,0.6684336400840745
0,0.0494927986828881
0,0.0494927986828881
0,0.738072011080565
0,0.7053540755328204
0,0.0494927986828881
0,0.7183726998480453
0,0.0494927986828881
0,0.7423988690922786
0,0.0494927986828881
0,0.0494927986828881
0,0.0494927986828881
0,0.0494927986828881
0,0.0494927986828881
0,0.7597335651086494
0,0.0494927986828881
0,0.7470172160574133
0,0.0494927986828881
0,0.7541741766438619
0,0.0494927986828881
0,0.7616340815962589
0,0.0494927986828881
0,0.7142289888618952
0,0.7441399524068936
0,0.7169548853314817
0,0.7446664754666183
0,0.0494927986828881
0,0.6058486042573807
0,0.7605695421151127
0,0.0494927986828881
0,0.8237598260847452
0,0.7688751831623177
0,0.5492115961932341
0,0.7442168628183172
0,0.0494927986828881
0,0.0494927986828881
0,0.0494927986828881
0,0.7487347860871959
0,0.7383450798339538
0,0.7517532282962597
0,0.729480042367358
0,0.7473895396684994
0,0.7590993181065017
0,0.0494927986828881
0,0.7455367112100696
0,0.0494927986828881
0,0.8458383863938902
0,0.770309448678402
0,0.7310895510289063
0,0.7434458896321328
0,0.0494927986828881
0,0.0494927986828881
0,0.0494927986828881
0,0.0494927986828881
0,0.0494927986828881
0,0.7260356690119902
0,0.0494927986828881
0,0.6191172019754358
0,0.6995398356332753
0,0.6566763781427597
0,0.75587848501747
0,0.8423558021618198
0,0.7438851906077572
0,0.0494927986828881
0,0.711960279257916
0,0.7584750270937382
0,0.7965940525659473
0,0.7233710459248852
0,0.8077118693041578
0,0.0494927986828881
0,0.0494927986828881
0,0.7538096397214978
0,0.7585817927452714
0,0.6824157679485455
0,0.7837213302162631
0,0.0494927986828881
0,0.0494927986828881
0,0.7216833292433787
0,0.6963103766775179
0,0.0494927986828881
0,0.7326070722966374
0,0.76262165887001
0,0.7381196494206501
0,0.7506578512477814
0,0.8090145063109095
0,0.7636607211944997
0,0.7571674942101672
0,0.6631586741731476
0,0.587685168186837
0,0.0494927986828881
0,0.0494927986828881
0,0.7501312262491666
0,0.0494927986828881
0,0.0494927986828881
0,0.7766440143305581
0,0.0494927986828881
0,0.0494927986828881
0,0.7688440601375477
0,0.6628162110565269
0,0.753775441962371
0,0.8005405631625686
0,0.0494927986828881
0,0.0494927986828881
0,0.7071267158326666
0,0.0494927986828881
0,0.7620722524907068
0,0.6370532554799931
0,0.7965747585801332
0,0.7691990474852735
0,0.7269088470800324
0,0.6538784883795349
0,0.836531198471652
0,0.0494927986828881
0,0.7560015034328862
0,0.0494927986828881
0,0.6232368756728901
0,0.7837844772697541
0,0.7428526029399475
0,0.7601752952792745
0,0.73564637074281
0,0.7705751923722655
0,0.7460285440606452
0,0.0494927986828881
0,0.7436771545956217
0,0.7532875452531703
0,0.741190173772366
0,0.7723393521708161
0,0.0494927986828881
0,0.7598134605600211
0,0.0494927986828881
0,0.0494927986828881
0,0.0494927986828881
0,0.7105059501600302
0,0.6314394738212369
0,0.7024519378282361
0,0.7325788032805415
0,0.0494927986828881
0,0.0494927986828881
0,0.0494927986828881
0,0.0494927986828881
0,0.0494927986828881
0,0.7070522265234973
0,0.7118920765501753
0,0.6491024034292057
0,0.0494927986828881
0,0.7503939489995632
0,0.7652039594661741
0,0.0494927986828881
0,0.7722274675383478
0,0.0494927986828881
0,0.7488418526875941
0,0.0494927986828881
0,0.7325496629345969
0,0.7655846324201372
0,0.6807290456586969
0,0.7721378276458819
0,0.6890916815118888
0,0.7453552939125343
0,0.6934786895567372
0,0.8062257051035867
0,0.0494927986828881
0,0.0494927986828881
0,0.7578190887655817
0,0.0494927986828881
0,0.8577417814459459
0,0.0494927986828881
0,0.7506882039855031
0,0.7302475371990536
0,0.7326406098963081
0,0.0494927986828881
0,0.639444858399273
0,0.7594853270950362
0,0.7446558370491265
0,0.6184300782454453
0,0.0494927986828881
0,0.7701432761241954
0,0.7421744192318583
0,0.0494927986828881
0,0.6195945834312352
0,0.7559890300662994
0,0.7476683531582312
0,0.7962129292164644
0,0.7561349194062086
0,0.6851791741846958
0,0.7768366695711438
0,0.7410264295332842
0,0.0494927986828881
0,0.0494927986828881
0,0.7466567958813434
0,0.5984544723146502
0,0.0494927986828881
0,0.0494927986828881
0,0.7371462207428294
0,0.7499726442672802
0,0.7533847838371498
0,0.7745658515620837
0,0.7281943039241326
0,0.7723767514186989
0,0.6902640811733156
0,0.7524346256890216
0,0.8052949633994149
0,0.7439696287375541
0,0.7520745356853391
0,0.7520000093794708
0,0.6659856090179979
0,0.6594073053075274
0,0.8200703001566431
0,0.7513211363747329
0,0.7775430274754415
0,0.7357676742154764
0,0.6545369028733539
0,0.770404561993442
0,0.8242580605755395
0,0.750996856580741
0,0.7223596535556368
0,0.6972362069321895
0,0.7416942446102339
0,0.6352435335591459
0,0.0494927986828881
0,0.7076017810526414
0,0.7735637744711609
0,0.7494136030652864
0,0.0494927986828881
0,0.754253796734178
0,0.7265346509030228
0,0.7475444187021101
0,0.0494927986828881
0,0.0494927986828881
0,0.7174215713081038
0,0.0494927986828881
0,0.7013485247913038
0,0.8459830410709042
0,0.7461383092270393
0,0.802325943471773
0,0.7273218421455176
0,0.0494927986828881
0,0.0494927986828881
0,0.0494927986828881
0,0.0494927986828881
0,0.0494927986828881
0,0.0494927986828881
0,0.7069777252889865
0,0.8658192310538232
0,0.0494927986828881
0,0.7789046893028552
0,0.7348124550719112
0,0.0494927986828881
0,0.6062755613927352
0,0.7427647943640102
0,0.716855497555414
0,0.5883873984302324
0,0.7297901087002768
0,0.0494927986828881
0,0.63477554333294
0,0.0494927986828881
0,0.7214266271788511
0,0.7293493590595723
0,0.739668255367445
0,0.0494927986828881
0,0.7425378984114406
0,0.0494927986828881
0,0.8744293852689559
0,0.0494927986828881
0,0.0494927986828881
0,0.7478992654398227
0,0.7533401501667731
0,0.0494927986828881
0,0.0494927986828881
0,0.7542644065541086
0,0.0494927986828881
0,0.7412859979762872
0,0.7276360029436224
0,0.8410323829240359
0,0.6799847233840411
0,0.0494927986828881
0,0.0494927986828881
0,0.7559737201503974
0,0.0494927986828881
0,0.7484674726232704
0,0.6519922376854874
0,0.761778080720428
0,0.7574244617727465
0,0.7030900665257533
0,0.0494927986828881
0,0.8415996756392499
0,0.7054244685617076
0,0.0494927986828881
0,0.8321505623840404
0,0.0494927986828881
0,0.0494927986828881
0,0.7557632474872936
0,0.7355592260130818
0,0.0494927986828881
0,0.7330293253893541
0,0.7581493948258173
0,0.7671009045621215
0,0.0494927986828881
0,0.7114723450674069
0,0.7399874381106856
0,0.7095749336563597
0,0.0494927986828881
0,0.6048558249710652
0,0.7873446220093464
0,0.5763449011723768
0,0.824692444385504
0,0.7738209593434336
0,0.0494927986828881
0,0.0494927986828881
0,0.0494927986828881
0,0.7915910983541736
0,0.0494927986828881
0,0.72515499913888
0,0.7375074915918698
0,0.7533992619686213
0,0.7125052339548136
0,0.7464852213921728
0,0.0494927986828881
0,0.7346348695380633
0,0.7509314074934601
0,0.8319977078497856
0,0.0494927986828881
0,0.6983620848595474
0,0.0494927986828881
0,0.7783421665848883
0,0.6803287335641252
0,0.7757458114064737
0,0.6675967376921808
0,0.0494927986828881
0,0.7304455807945891
0,0.7348721298597289
0,0.7560816533847959
0,0.6614988089101239
0,0.7417591915362263
0,0.0494927986828881
0,0.0494927986828881
0,0.837026387239556
0,0.0494927986828881
0,0.6759301471231468
0,0.7451865552617986
0,0.0494927986828881
0,0.7022031411029039
0,0.6736353251898032
0,0.6371423172079514
0,0.0494927986828881
0,0.0494927986828881
0,0.0494927986828881
0,0.0494927986828881
0,0.7519392147567913
0,0.6741025007777542
0,0.7564465532923613
0,0.0494927986828881
0,0.7807428797360122
0,0.0494927986828881
0,0.7935044960609218
0,0.6678742752892729
0,0.6984092801785018
0,0.7235147854852798
0,0.0494927986828881
0,0.7464262420564741
0,0.6232776250626039
0,0.6294577809167605
0,0.7135355984505896
0,0.7221040880827767
0,0.6135201470264411
0,0.7281373819657109
0,0.729376698576472
0,0.745232927370652
0,0.7190647407934465
0,0.7519132005692187
0,0.7489728360472115
0,0.7155790571871973
0,0.7451362977911696
0,0.7364808919520854
0,0.0494927986828881
0,0.7365299567945931
0,0.754684383229466
0,0.7328551490987367
0,0.7027740189472437
0,0.7519387310941401
0,0.7542707578581996
0,0.0494927986828881
0,0.7412773491903563
0,0.0494927986828881
0,0.0494927986828881
0,0.7538646913858812
0,0.7490040912193986
0,0.7494963807126918
0,0.6982297027985018
0,0.0494927986828881
0,0.0494927986828881
0,0.0494927986828881
0,0.7512976983714039
0,0.7501987681713127
0,0.7254458767573083
0,0.0494927986828881
0,0.7177526576672353
0,0.7589748793997328
0,0.7584441727007945
0,0.0494927986828881
0,0.0494927986828881
0,0.7468486239553308
0,0.6665705593851564
0,0.0494927986828881
0,0.7076137427366245
0,0.7765664798610139
0,0.7444969114841699
0,0.731437563489672
0,0.0494927986828881
0,0.7453862294105891
0,0.7352201501475599
0,0.7501250527154493
0,0.7494078941784974
0,0.0494927986828881
0,0.741214915087191
0,0.7906866593447681
0,0.6143226075361946
0,0.7436060678875516
0,0.6451016213344144
0,0.7215590044430594
0,0.0494927986828881
0,0.7512556843568711
0,0.8710924385451527
0,0.6724751222134241
0,0.7842913710819791
0,0.0494927986828881
0,0.8527119615106039
0,0.0494927986828881
0,0.0494927986828881
0,0.744800410265648
0,0.0494927986828881
0,0.0494927986828881
0,0.7362484666117192
0,0.0494927986828881
0,0.797460614244196
0,0.7492927348538003
0,0.0494927986828881
0,0.6111908923897381
0,0.0494927986828881
0,0.6465673071864283
0,0.0494927986828881
0,0.7103293325063639
0,0.7529901757401807
0,0.0494927986828881
0,0.7104996175066896
0,0.0494927986828881
0,0.7200934578466546
0,0.747984774138826
0,0.6661327222355594
0,0.7510285653435202
0,0.6758733959259234
0,0.0494927986828881
0,0.7566712919085127
0,0.0494927986828881
0,0.7672266037211957
0,0.0494927986828881
0,0.0494927986828881
0,0.8438212125365449
0,0.7608534823721028
0,0.6876318211656826
0,0.726508772283643
0,0.7457866308161015
0,0.7349505634362566
0,0.7771798994431726
0,0.6295488831990876
0,0.7430213797207224
0,0.0494927986828881
0,0.0494927986828881
0,0.0494927986828881
0,0.7439843498172786
0,0.7417777702305839
0,0.7567260372359885
0,0.0494927986828881
0,0.7640948347914085
0,0.0494927986828881
0,0.7453620662064921
0,0.7454925525614506
0,0.0494927986828881
0,0.7563114776117519
0,0.7764854340641322
0,0.7946341013934073
0,0.7856775075261946
0,0.7544285125079832
0,0.7253239152114146
0,0.7644264435086702
0,0.0494927986828881
0,0.7338322064197802
0,0.8103211465010046
0,0.0494927986828881
0,0.7340012173115421
0,0.7534132406400698
0,0.0494927986828881
0,0.5581791606267904
0,0.7186461967367489
0,0.0494927986828881
0,0.6823796733030087
0,0.7498466972785478
0,0.7540750879934492
0,0.0494927986828881
0,0.6800745759570219
0,0.7638843826167483
0,0.7339339344595194
0,0.735043181448418
0,0.0494927986828881
0,0.7625148790359884
0,0.6729013222031929
0,0.6390209772368779
0,0.5462499276450525
0,0.7786775188861289
0,0.0494927986828881
0,0.0494927986828881
0,0.7495103442968694
0,0.0494927986828881
0,0.7350946242480189
0,0.7503711879618319
0,0.7346424932460531
0,0.7493090686408073
0,0.6999679471385065
0,0.6689377909455391
0,0.5636664799902938
0,0.7031544849272073
0,0.5775047801595633
0,0.7543909899455465
0,0.0494927986828881
0,0.0494927986828881
0,0.7248583894050957
0,0.0494927986828881
0,0.7197832086154331
0,0.8712543170489567
0,0.6470343268404076
0,0.7103445283760227
0,0.8474809990029067
0,0.0494927986828881
0,0.7526326343116791
0,0.0494927986828881
0,0.8385231306917708
0,0.0494927986828881
0,0.7466999654261621
0,0.6594935790929302
0,0.0494927986828881
0,0.7557946130019692
0,0.0494927986828881
0,0.8232328382087079
0,0.0494927986828881
0,0.0494927986828881
0,0.0494927986828881
0,0.0494927986828881
0,0.6716433593681295
0,0.9358021690799972
0,0.0494927986828881
0,0.0494927986828881
0,0.7034036472173214
0,0.808458088092852
0,0.7254489667181655
0,0.7881498445253791
0,0.7499416010922703
0,0.0494927986828881
0,0.7444426052866104
0,0.7370339011957984
0,0.7514615706130157
0,0.0494927986828881
0,0.0494927986828881
0,0.0494927986828881
0,0.7452144214534424
0,0.0494927986828881
0,0.9720706363838082
0,0.6836596667247331
0,0.759216692776566
0,0.0494927986828881
0,0.6849206236491319
0,0.7215794899622429
0,0.8185962782650631
0,0.7554354921238972
0,0.7508904766408803
0,0.6951323484847515
0,0.0494927986828881
0,0.7279285586982182
0,0.7232116796740006
0,0.7546056294729264
0,0.0494927986828881
0,0.6531283255393249
0,0.6855610599919169
0,0.7350015334224852
0,0.0494927986828881
0,0.7099399304055821
0,0.7391426594124562
0,0.6452662491655241
0,0.0494927986828881
0,0.7591914473898718
0,0.0494927986828881
0,0.74451553202586
0,0.7346879034129168
0,0.7456547223060834
0,0.6756317544797928
0,0.0494927986828881
0,0.748229803968555
0,0.7593400174523872
0,0.6704300980494827
0,0.0494927986828881
0,0.6367554877515899
0,0.0494927986828881
0,0.0494927986828881
0,0.0494927986828881
0,0.6773574710684068
0,0.0494927986828881
0,0.6941507254128394
0,0.0494927986828881
0,0.7089630272186672
0,0.7102035313440893
0,0.726798350300994
0,0.7652363529070504
0,0.6830930230587615
0,0.7846957845732416
0,0.0494927986828881
0,0.7403234895524725
0,0.8318178674311655
0,0.6273292558640489
0,0.7469754966100322
0,0.6000272851711266
0,0.0494927986828881
0,0.7229952146956495
0,0.7499979172913372
0,0.6700431989022472
0,0.7500165159668114
0,0.7208598207075754
0,0.0494927986828881
0,0.7521289244358484
0,0.0494927986828881
0,0.5683082783342045
0,0.0494927986828881
0,0.7526822019301763
0,0.7519236424155085
0,0.7621173073362708
0,0.6361025961130997
0,0.0494927986828881
0,0.8951635295339891
0,0.7526185785925448
0,0.0494927986828881
0,0.0494927986828881
0,0.7344946937341859
0,0.7911787881839979
0,0.7509852963791847
0,0.0494927986828881
0,0.748324621702588
0,0.7108351476626271
0,0.7248629190027718
0,0.7361571013293193
0,0.7117043165690177
0,0.7459357746453524
0,0.6731587908913627
0,0.645640388277253
0,0.7816292742929211
0,0.7460868733511984
0,0.796548808203971
0,0.7994614317637141
0,0.0494927986828881
0,0.0494927986828881
0,0.7754239585586066
0,0.8074881656072065
0,0.7505881910769577
0,0.6552225157203483
0,0.7381808330526582
0,0.8115631973506829
0,0.7486641396154852
0,0.0494927986828881
0,0.6427695870123525
0,0.0494927986828881
0,0.7410413088061026
0,0.7441316803870476
0,0.6631648420366589
0,0.6035479517329352
0,0.0494927986828881
0,0.7672378776977608
0,0.7114280539127766
0,0.0494927986828881
0,0.0494927986828881
0,0.7408674965942559
0,0.7458545526313306
0,0.7623229354302015
0,0.7436898061237057
0,0.7292044671455593
0,0.7275698038733378
0,0.7641593032988642
0,0.7171867215148168
0,0.7272686205337117
0,0.794847796145282
0,0.7488429573848385
0,0.7336433543678945
0,0.6980306616558183
0,0.71932316913399
0,0.6917906996406613
0,0.734431329712945
0,0.0494927986828881
0,0.0494927986828881
0,0.7333136312975554
0,0.74545165158826
0,0.7241892037862855
0,0.7474845826692155
0,0.0494927986828881
0,0.6484475029501747
0,0.0494927986828881
0,0.0494927986828881
0,0.0494927986828881
0,0.6782115467416845
0,0.8040275874252273
0,0.0494927986828881
0,0.7547375673708583
0,0.644936768596217
0,0.7943512170672745
0,0.693637381173478
0,0.6783625644551585
0,0.6005912650921553
0,0.7887565572446125
0,0.7793775099902364
0,0.0494927986828881
0,0.8821961593127442
0,0.0494927986828881
0,0.0494927986828881
0,0.7397393938751098
0,0.7681507560331322
0,0.0494927986828881
0,0.7429059282161633
0,0.8860149174465917
0,0.8171928218747243
0,0.6941077724166447
0,0.0494927986828881
0,0.7393671893038934
0,0.644560135791455
0,0.8366531603191825
0,0.0494927986828881
0,0.7433260982774601
0,0.0494927986828881
0,0.6683937843207522
0,0.0494927986828881
0,0.7684128449242085
0,0.7393637572013209
0,0.0494927986828881
0,0.7333437973504386
0,0.574059133891957
0,0.7597586205595109
0,0.6941961552085949
0,0.7043910068554179
0,0.5535071482556064
0,0.6510640198466967
0,0.7423385371012451
0,0.7605562411121376
0,0.6469274638338991
0,0.7495897619395062
0,0.0494927986828881
0,0.0494927986828881
0,0.7914745484644126
0,0.6110066298274873
0,0.7564046027320641
0,0.0494927986828881
0,0.0494927986828881
0,0.0494927986828881
0,0.7157363335157007
0,0.6261369676672388
0,0.8130232318969173
0,0.7996330173356528
0,0.6133340780806238
0,0.7301823433862175
0,0.6518341068922647
0,0.8305390550460938
0,0.7523084381163929
0,0.7475374004395108
0,0.0494927986828881
0,0.7433886893974715
0,0.7325380746845132
0,0.0494927986828881
0,0.0494927986828881
0,0.5685231053172257
0,0.0494927986828881
0,0.7421436220539324
0,0.6803266195943853
0,0.8068577984602169
0,0.0494927986828881
0,0.8363349035557386
0,0.5444421612851044
0,0.7880441553282537
0,0.7577034386031732
0,0.7249553764130923
0,0.0494927986828881
0,0.7334988267662939
0,0.0494927986828881
0,0.7372126691629557
0,0.7552021156956359
0,0.6438944046336152
0,0.0494927986828881
0,0.5400616134380355
0,0.0494927986828881
0,0.8534650124179105
0,0.8464498395643482
0,0.0494927986828881
0,0.6381577683967853
0,0.0494927986828881
0,0.7001663777813468
0,0.7425243278570653
0,0.757996373774669
0,0.7749437058125468
0,0.7531298496159662
0,0.7131239714465354
0,0.7282344243051195
0,0.7474593966701293
0,0.7921990104122087
0,0.756535330092419
0,0.7153306581799316
0,0.8014488312755202
0,0.739265525110296
0,0.0494927986828881
0,0.7476329756256467
0,0.7856346831387729
0,0.7910935848340338
0,0.706784789450188
0,0.7409250043586504
0,0.666806235194217
0,0.0494927986828881
0,0.8243581253913246
0,0.721670660531476
0,0.7317297210171883
0,0.0494927986828881
0,0.0494927986828881
0,0.0494927986828881
0,0.7686894858929217
0,0.7182547294915494
0,0.7506472492562032
0,0.6780935993732939
0,0.7705319971731645
0,0.7247812632222622
0,0.6672729312858594
0,0.0494927986828881
0,0.7537814040509315
0,0.7641937699978272
0,0.8226920510015118
0,0.6478427646973606
0,0.7777317301518253
0,0.0494927986828881
0,0.755733751078063
0,0.5575714074015893
0,0.0494927986828881
0,0.0494927986828881
0,0.7478768787219948
0,0.0494927986828881
0,0.0494927986828881
0,0.7489404619023156
0,0.6747462109850437
0,0.8073574534033169
0,0.7566450547527166
0,0.0494927986828881
0,0.7482510768701363
0,0.7542163883880769
0,0.6113923808942119
0,0.5988311589851602
0,0.7490543979309431
0,0.7450301795573683
0,0.0494927986828881
0,0.0494927986828881
0,0.5903024370173046
0,0.7555176000002188
0,0.0494927986828881
0,0.7303105637545865
0,0.0494927986828881
0,0.6696163457654932
0,0.7706226620532359
0,0.766178672168422
0,0.6043022519397134
0,0.5992391478489992
0,0.8125465522298916
0,0.7544623457606465
0,0.0494927986828881
0,0.7546953003168472
0,0.7493303598836037
0,0.8240397510180597
0,0.6768820965722958
0,0.7418748012771774
0,0.0494927986828881
0,0.7338076303284896
0,0.7414153250352079
0,0.735654961594094
0,0.7448052525713046
0,0.0494927986828881
0,0.7181821029902431
0,0.6339343236106673
0,0.0494927986828881
0,0.7569260506154502
0,0.0494927986828881
0,0.0494927986828881
0,0.7246763926078658
0,0.6595058509729295
0,0.7871063174201273
0,0.0494927986828881
0,0.0494927986828881
0,0.8264858081736137
0,0.7328417156468917
0,0.7009388839329965
0,0.0494927986828881
0,0.8553850142736016
0,0.7191880263525964
0,0.746753223236517
0,0.0494927986828881
0,0.7244481938646361
0,0.0494927986828881
0,0.0494927986828881
0,0.7047630928874505
0,0.0494927986828881
0,0.0494927986828881
0,0.7617063069112524
0,0.0494927986828881
0,0.7374766396556005
0,0.7215966386009052
0,0.7399267696812621
0,0.7022878057427995
0,0.7380634967323688
0,0.7850816825920706
0,0.7456149126296626
0,0.7501322622892812
0,0.6575132217416789
0,0.7381987713178592
0,0.0494927986828881
0,0.8568629094999259
0,0.7468822769195708
0,0.6764014396328449
0,0.6262591532333245
0,0.6370826401847635
0,0.7264523828260664
0,0.6752233402094319
0,0.8156511555586801
0,0.7354544960149492
0,0.7445799397902528
0,0.0494927986828881
0,0.6636300541558814
0,0.7557373090292214
0,0.6743466383026391
0,0.7545484439503702
0,0.73497556502866
0,0.0494927986828881
0,0.6413615455973171
0,0.732443931420339
0,0.6784695414407871
0,0.0494927986828881
0,0.8366898072101421
0,0.7522457262378647
0,0.7279598340113693
0,0.7830662382397643
0,0.747846262967624
0,0.7480768502184927
0,0.0494927986828881
0,0.7941357912236789
0,0.7208479555349484
0,0.5912018587157941
0,0.0494927986828881
0,0.5935779951629135
0,0.0494927986828881
0,0.0494927986828881
0,0.8302073212667991
0,0.7527052438094575
0,0.69936177100317
0,0.0494927986828881
0,0.7540275229830022
0,0.6719973986704845
0,0.0494927986828881
0,0.6401277543843598
0,0.0494927986828881
0,0.6785334998030144
0,0.0494927986828881
0,0.7529627171083731
0,0.6168037688640202
0,0.9051469426403604
0,0.0494927986828881
0,0.0494927986828881
0,0.7440086395210695
0,0.728452758584492
0,0.7933325037491544
0,0.7380968768922239
0,0.0494927986828881
0,0.0494927986828881
0,0.0494927986828881
0,0.0494927986828881
0,0.5944984565160824
0,0.7470522770363134
0,0.6718697171731685
0,0.7942179561404507
0,0.0494927986828881
0,0.0494927986828881
0,0.0494927986828881
0,0.744979880152066
0,0.7401606992194748
0,0.0494927986828881
0,0.6383366000171233
0,0.7564268558866029
0,0.7455510237310291
0,0.7012167630063764
0,0.8293686814516225
0,0.7112241168777166
0,0.7949246017968371
0,0.7415066176465064
0,0.6493070665475269
0,0.7414327978207977
0,0.0494927986828881
0,0.0494927986828881
0,0.6629928910326837
0,0.7721428741151333
0,0.6938709979524272
0,0.7885668989112912
0,0.6838545593405255
0,0.622791513296984
0,0.728955641056633
0,0.7126589149884132
0,0.7823627005204362
0,0.6906811478739805
0,0.6685392363945794
0,0.0494927986828881
0,0.0494927986828881
0,0.7406985412766872
0,0.7551392289890715
0,0.7477616561512247
0,0.7592599948321727
0,0.8365212752615137
0,0.7720438437947349
0,0.8348449687995803
0,0.8595158788673146
0,0.7550660455790215
0,0.5725927895203319
0,0.738233305759082
0,0.765465943717386
0,0.7538331671837293
0,0.7747046789816473
0,0.0494927986828881
0,0.741589980287246
0,0.575375625340217
0,0.673134046819982
0,0.7237447096202153
0,0.7644835703925852
0,0.8231220289314132
0,0.7907510590296193
0,0.0494927986828881
0,0.0494927986828881
0,0.752913473631587
0,0.7476109139484092
0,0.7118573025359352
0,0.7722798821906796
0,0.6745902725203047
0,0.8024450314642072
0,0.7517110793325021
0,0.7767308562453106
0,0.0494927986828881
0,0.0494927986828881
0,0.843728261171763
0,0.9934500858194344
0,0.0494927986828881
0,0.757165698157285
0,0.7395059108344576
0,0.7180793018343752
0,0.6462491596029698
0,0.682502994327988
0,0.0494927986828881
0,0.0494927986828881
0,0.7511325899751644
0,0.7904066534938419
0,0.7180430062012975
0,0.0494927986828881
0,0.6687975203798436
0,0.7158124447337355
0,0.7570882817590668
0,0.7034561197477163
0,0.7617724603698325
0,0.6509578413653582
0,0.0494927986828881
0,0.7237176341088257
0,0.0494927986828881
0,0.737412465154471
0,0.8400375321894693
0,0.7492201784240086
0,0.0494927986828881
0,0.7661468899552775
0,0.0494927986828881
0,0.7030361069528536
0,0.7737651651926025
0,0.0494927986828881
0,0.0494927986828881
0,0.0494927986828881
0,0.7727790183879499
0,0.7236945649937666
0,0.8076718918881581
0,0.0494927986828881
0,0.0494927986828881
0,0.0494927986828881
0,0.7507720422876296
0,0.5796248526554221
0,0.8740763620516044
0,0.7378956653968701
0,0.0494927986828881
0,0.0494927986828881
0,0.7555964283267528
0,0.8608056844249387
0,0.8051850208131628
0,0.0494927986828881
0,0.7386161743193871
0,0.7743348630094397
0,0.7503469267730674
0,0.7324491511045281
0,0.7556654347111192
0,0.8790557475317498
0,0.0494927986828881
0,0.7608140995263286
0,0.0494927986828881
0,0.6509728131912054
0,0.7844301183845993
0,0.0494927986828881
0,0.7048027167425721
0,0.0494927986828881
0,0.7339011044677297
0,0.6903181119190422
0,0.0494927986828881
0,0.7222987790992408
0,0.0494927986828881
0,0.6257118750031109
0,0.946528082071489
0,0.7520184354140007
0,0.7672903400724693
0,0.7453095300688254
0,0.7459886944461573
0,0.0494927986828881
0,0.7416875315145102
0,0.7354947397341376
0,0.7730148356150213
0,0.7821087391977872
0,0.0494927986828881
0,0.7418180478290729
0,0.0494927986828881
0,0.7151531369616348
0,0.0494927986828881
0,0.9991776186186874
0,0.7592439079134692
0,0.6874735485496758
0,0.6561796717433298
0,0.7343189271927114
0,0.7662315246907975
0,0.7827581613973453
0,0.6473845979523735
0,0.0494927986828881
0,0.6831164683500056
0,0.0494927986828881
0,0.8407636182276451
0,0.0494927986828881
0,0.7918537587376582
0,0.0494927986828881
0,0.769529967635901
0,0.6686329006757813
0,0.6673473813927883
0,0.5904397285734175
0,0.7328841400135867
0,0.7449618204376446
0,0.7207032110391965
0,0.6455676715759245
0,0.0494927986828881
0,0.8023888804233982
0,0.7525286149681294
0,0.7111211695823116
0,0.751526631092437
0,0.0494927986828881
0,0.0494927986828881
0,0.6139517562546662
0,0.0494927986828881
0,0.7389774279005601
0,0.7420528240760833
0,0.734272146939742
0,0.0494927986828881
0,0.721668040744652
0,0.0494927986828881
0,0.6654562032225517
0,0.0494927986828881
0,0.7738637972736268
0,0.6023812754644124
0,0.7527190596458209
0,0.6673607368857305
0,0.0494927986828881
0,0.7305507541818295
0,0.7413067433134855
0,0.8368650445671945
0,0.8001260910384287
0,0.7802935469526896
0,0.5421796248101918
0,0.0494927986828881
0,0.0494927986828881
0,0.7229337569613932
0,0.8674642244684663
0,0.0494927986828881
0,0.8927633892049051
0,0.7164485699484162
0,0.7335250390731053
0,0.6583828977346291
0,0.7474601480594205
0,0.7191401582579785
0,0.7339475853901741
0,0.7470250380001194
0,0.7070280758094638
0,0.7518318408034679
0,0.0494927986828881
0,0.0494927986828881
0,0.6954961284859014
0,0.7408448863352995
0,0.7087525815894842
0,0.7654004517461943
0,0.7707831164393334
0,0.6935309723127157
0,0.7555495293464931
0,0.6178743248778065
0,0.8115014932003738
0,0.7522670770249436
0,0.71475622738326
0,0.8043686069481312
0,0.6124584631285706
0,0.0494927986828881
0,0.0494927986828881
0,0.7819877955590595
0,0.0494927986828881
0,0.5778514022405935
0,0.7380338562078804
0,0.744823693725848
0,0.0494927986828881
0,0.0494927986828881
0,0.7533602156002402
0,0.7797954352742458
0,0.0494927986828881
0,0.7596579702340606
0,0.7477246994780142
0,0.6822730813780471
0,0.7801206056388673
0,0.0494927986828881
0,0.0494927986828881
0,0.7413944607633611
0,0.74557444875361
0,0.7970516606302953
0,0.0494927986828881
0,0.0494927986828881
0,0.7744315541900577
0,0.7520192251190752
0,0.7197668454176754
0,0.6101096178064065
0,0.0494927986828881
0,0.7519963813962574
0,0.7829897550105417
0,0.0494927986828881
0,0.6814479453156662
0,0.7320076407196898
0,0.0494927986828881
0,0.0494927986828881
0,0.697987970716296
0,0.0494927986828881
0,0.7357170774165873
0,0.0494927986828881
0,0.7007560330439991
0,0.6712366283510528
0,0.674536750868068
0,0.0494927986828881
0,0.0494927986828881
0,0.6241237957953374
0,0.5488707090181086
0,0.678127674776697
0,0.7458089855956471
0,0.0494927986828881
0,0.0494927986828881
0,0.7053450556617066
0,0.745251912019097
0,0.0494927986828881
0,0.695210878193909
0,0.0494927986828881
0,0.6654298292979396
0,0.0494927986828881
0,0.6311659869727106
0,0.6053191408390034
0,0.0494927986828881
0,0.629062035060883
0,0.7069923105271951
0,0.0494927986828881
0,0.0494927986828881
0,0.0494927986828881
0,0.8103758367683317
0,0.6904529091680862
0,0.0494927986828881
0,0.0494927986828881
0,0.0494927986828881
0,0.6962562932961551
0,0.7828408710376502
0,0.0494927986828881
0,0.7244983194323764
0,0.0494927986828881
0,0.7119772316474742
0,0.5694249148305328
0,0.0494927986828881
0,0.0494927986828881
0,0.0494927986828881
0,0.7389726557593331
0,0.9781415687548538
0,0.7733189525803698
0,0.7473000975926083
0,0.6867763904856351
0,0.7461404031445936
0,0.0494927986828881
0,0.6873532566760098
0,0.7529150676902236
0,0.805954603489027
0,0.7482226397384104
0,0.7508754461421057
0,0.0494927986828881
0,0.5561376526505765
0,0.5962941161276915
0,0.0494927986828881
0,0.0494927986828881
0,0.7985621948147527
0,0.7129572022278619
0,0.0494927986828881
0,0.7605267136891586
0,0.7518622557880726
0,0.9653260653307152
0,0.7520556124178657
0,0.0494927986828881
0,0.7347831047634923
0,0.7625151946684843
0,0.7495593279808288
0,0.5936722402136579
0,0.7227680424965417
0,0.0494927986828881
0,0.6225877082284248
0,0.8096724854353722
0,0.0494927986828881
0,0.7133040984548985
0,0.7249765230558116
0,0.7548759408139921
0,0.8275166756828644
0,0.7539798259869186
0,0.7506667154454822
0,0.7447218204941034
0,0.7239634417944936
0,0.7514266112576251
0,0.7294110940526257
0,0.7810335345294123
0,0.0494927986828881
0,0.0494927986828881
0,0.7510628176716464
0,0.7017118747282712
0,0.8533558398240927
0,0.0494927986828881
0,0.7752419890474694
0,0.68310126274103
0,0.0494927986828881
0,0.6020422579605472
0,0.751908175301424
0,0.7628641264702353
0,0.7490268807430737
0,0.0494927986828881
0,0.0494927986828881
0,0.7219259018881226
0,0.7537250923280847
0,0.7273126914083913
0,0.0494927986828881
0,0.71804038832854
0,0.0494927986828881
0,0.7435231133097698
0,0.0494927986828881
0,0.808693291702829
0,0.0494927986828881
0,0.7630877117182675
0,0.8116208439078669
0,0.7577889861108185
0,0.0494927986828881
0,0.755711912030679
0,0.7927583262232022
0,0.7400456750593438
0,0.0494927986828881
0,0.750178906075498
0,0.750824698147574
0,0.0494927986828881
0,0.7373338663154039
0,0.7304155321681398
0,0.8512660508782733
0,0.7761292182695511
0,0.7112822844635466
0,0.7951977811703327
0,0.0494927986828881
0,0.7252521433586442
0,0.699489032285153
0,0.0494927986828881
0,0.7557909357339827
0,0.752211142370836
0,0.7917082448665761
0,0.7282849113212585
0,0.0494927986828881
0,0.7579596813698023
0,0.0494927986828881
0,0.0494927986828881
0,0.0494927986828881
0,0.5755403205483312
0,0.0494927986828881
0,0.0494927986828881
0,0.7200416246501514
0,0.7472896371405804
0,0.6465158062010572
0,0.6868868785711026
0,0.8048307786466514
0,0.0494927986828881
0,0.0494927986828881
0,0.5648911604618778
0,0.74642612843167
0,0.0494927986828881
0,0.0494927986828881
0,0.6532460488963403
0,0.7969997518059624
0,0.0494927986828881
0,0.7387066741490376
0,0.826854469355836
0,0.852453653235626
0,0.0494927986828881
0,0.6863117741330543
0,0.7341927910782121
0,0.7474709572324557
0,0.7436124544745969
0,0.7038449706696595
0,0.7495540929162064
0,0.0494927986828881
0,0.6812845455162071
0,0.7428653967438207
0,0.7550347933505138
0,0.0494927986828881
0,0.5535929107916973
0,0.0494927986828881
0,0.6790987211136575
0,0.7356823344830928
0,0.7320450327235165
0,0.6710754874510281
0,0.0494927986828881
0,0.7222673580261046
0,0.7488768477413918
0,0.7488380379870164
0,0.7795486773604764
0,0.7029119633188149
0,0.823698295233184
0,0.6488954781543176
0,0.7473933343782685
0,0.0494927986828881
0,0.0494927986828881
0,0.714295372889422
0,0.0494927986828881
0,0.8314461780775733
0,0.7555942303006631
0,0.0494927986828881
0,0.0494927986828881
0,0.6986169529858839
0,0.5899712407937288
0,0.7352194326317057
0,0.690651781797926
0,0.6591730640168422
0,0.8067333970915944
0,0.0494927986828881
0,0.7453872250593186
0,0.7390201656324076
0,0.719219817913461
0,0.6107161826009565
0,0.0494927986828881
0,0.0494927986828881
0,0.0494927986828881
0,0.816986401596853
0,0.0494927986828881
0,0.0494927986828881
0,0.7260144458423534
0,0.0494927986828881
0,0.0494927986828881
0,0.7944916412433172
0,0.7558273735047137
0,0.7519839363621679
0,0.0494927986828881
0,0.0494927986828881
0,0.7306705080182173
0,0.0494927986828881
0,0.0494927986828881
0,0.6070854819259258
0,0.7762406557390047
0,0.0494927986828881
0,0.7062151732847873
0,0.7357124269823204
0,0.7336992998867389
0,0.6393308145125839
0,0.7767420412683828
0,0.0494927986828881
0,0.7332129247154575
0,0.0494927986828881
0,0.6731882822663967
0,0.8595818576701026
0,0.7800583869630077
0,0.0494927986828881
0,0.0494927986828881
0,0.7224155815174438
0,0.799513046261208
0,0.0494927986828881
0,0.0494927986828881
0,0.0494927986828881
0,0.7103765494530532
0,0.7506461506910709
0,0.0494927986828881
0,0.7485116375184977
0,0.7560582301249397
0,0.0494927986828881
0,0.7470168585184035
0,0.7197073396098524
0,0.0494927986828881
0,0.7574715367280997
0,0.0494927986828881
0,0.7459585675532338
0,0.641454423296144
0,0.6554263996951383
0,0.0494927986828881
0,0.7787186206336122
0,0.7358778561765402
0,0.7516643088454803
0,0.8110089062591669
0,0.782021838075059
0,0.0494927986828881
0,0.7455695361967138
0,0.6945585768244255
0,0.7451100257179577
0,0.0494927986828881
0,0.7547419708535211
0,0.7536131575562731
0,0.7823136056589726
0,0.0494927986828881
0,0.7464361891452832
0,0.6546390055833632
0,0.7340379846921841
0,0.703561003162954
0,0.7290870563649753
0,0.0494927986828881
0,0.7613045561427172
0,0.0494927986828881
0,0.8426937085793873
0,0.7690245267340248
0,0.6071792782799598
0,0.5355775837576148
0,0.715432595326746
0,0.7371537689566681
0,0.7941428927351716
0,0.690205215313225
0,0.7586615949666826
0,0.0494927986828881
0,0.6959209209685889
0,0.7508950385711355
0,0.7485185068548049
0,0.0494927986828881
0,0.5902623494541979
0,0.7687526194774948
0,0.7466032673359482
0,0.6606427252038168
0,0.7030868230289138
0,0.0494927986828881
0,0.7408720263148065
0,0.7009680047358996
0,0.6478339135034484
0,0.0494927986828881
0,0.7827649448852371
0,0.0494927986828881
0,0.7493251043547265
0,0.749392754165875
0,0.0494927986828881
0,0.7400811042329459
0,0.924336628381662
0,0.7091654597822962
1,0.8928677777041726
1,0.8110350885639858
1,0.8292493650919114
1,0.9843767150431504
1,0.9999999998544687
1,0.9737260344514598
1,0.7252416527983339
1,0.7567836029802542
1,0.7502742749154491
1,0.841968012662513
1,0.7796962924988782
1,0.7409630939721206
1,0.7268974751154313
1,0.9131430064322202
1,0.8171425717498271
1,0.8227325819143956
1,0.8433663804292335
1,0.8306370922032351
1,0.859037478953263
1,0.8454403817045614
1,0.8174661637833078
1,0.8469314490916651
1,0.8151426904066291
1,0.8124470815756575
1,0.8015163800801814
1,0.8490125458717703
1,0.7301622368099234
1,0.8473682608525936
1,0.762298910042872
1,0.7152985294532022
1,0.6598592728673874
1,0.8125950762799419
1,0.7232739218017993
1,0.998288297379934
1,0.8783202541665238
1,0.9919194973422576
1,0.855121376125713
1,0.7411946288390175
1,0.0494927986828881
1,0.9247936822654648
1,0.8670035912252751
1,0.819634496966594
1,0.616955887494912
1,0.8438540090586133
1,0.7452518604750429
1,0.8215208052389242
1,0.7769349056960818
1,0.8478921263814987
1,0.87611964616043
1,0.7391943931100596
1,0.8090765186796388
1,0.7700053278392877
1,0.7446434949256638
1,0.8757547189035648
1,0.9768217398055375
1,0.728372836487034
1,0.9997761926845636
1,0.8256746961477132
1,0.9898685012424376
1,0.7388382790020492
1,0.8094249951589326
1,0.7419972853596937
1,0.8778833991957673
1,0.8404176035367926
1,0.7208212762331357
1,0.7791697643917836
1,0.8776778493096274
1,0.8311927655082271
1,0.8523161202215427
1,0.7997653858998377
1,0.7726820042579736
1,0.7202491146120936
1,0.884660268091766
1,0.905064642698756
1,0.7352363289203674
1,0.0494927986828881
1,0.6776497698225135
1,0.8870814540064212
1,0.7164693871543996
1,0.8828784498941007
1,0.789111823819112
1,0.866089058465693
1,0.7865355619379687
1,0.7699767886351289
1,0.8770177540812298
1,0.8724756038576118
1,0.7801161393356469
1,0.8167087038533837
1,0.6928382442494918
1,0.7473558914387965
1,0.8026342668289919
1,0.8067688049255116
1,0.7208316244238403
1,0.885964771187759
1,0.7751369116951905
1,0.7852504371462332
1,0.8507572830310076
1,0.7901044457332943
1,0.9851350085682524
1,0.9605133087466576
1,0.8240369262395676
1,0.7417766528081619
1,0.793586118108764
1,0.873637960548071
1,0.7876517192630247
1,0.7814970990639569
1,0.751341481495664
1,0.9920319772527452
1,0.7494744281935647
1,0.8372539763256284
1,0.868178967266729
1,0.9193880046890428
1,0.7400041095489327
1,0.8529853530017687
1,0.987847122058916
1,0.6901935373661647
1,0.8023664700423848
1,0.7942143831483884
1,0.7637437389214753
1,0.8833394143658013
1,0.7706865138791112
1,0.8033982111148341
1,0.7615569296032513
1,0.8757668926450249
1,0.9436445944802324
1,0.7743308851083643
1,0.8240523624688968
1,0.756951593895436
1,0.7973620988203761
1,0.7901391017674722
1,0.7823298459155604
1,0.8820753327780315
1,0.8728270959184774
1,0.7925753660387677
1,0.8859490005245769
1,0.7536524475720207
1,0.845723068578397
1,0.7709052476556311
1,0.774824459557571
1,0.7281655464732881
1,0.7843489050519944
1,0.7449489185825305
1,0.8415338633163268
1,0.7826251297675919
1,0.9048438407389796
1,0.7947366297512437
1,0.8450893816682661
1,0.7926175534004857
1,0.8517376555095256
1,0.8561682203260951
1,0.7749500566284382
1,0.8683141787139261
1,0.8749282970231386
1,0.7176992037200008
1,0.7637918611572444
1,0.8638789609891582
1,0.7396243315794004
1,0.8087391611244684
1,0.7737091322565222
1,0.7556257064133429
1,0.8706588790943799
1,0.8538260199942118
1,0.8116234509041821
1,0.8434317119308145
1,0.7454434505310451
1,0.8049444271936296
1,0.8617603617198403
1,0.8382439963140348
1,0.8879756571550868
1,0.8665797840593995
1,0.0494927986828881
1,0.841979405440201
1,0.8594569812619969
1,0.9988867026527642
1,0.8461810679807897
1,0.989218402090418
1,0.79275795101409
1,0.9752081937208402
1,0.7963570158508209
1,0.6154157454515778
1,0.8267644521448081
1,0.0494927986828881
1,0.9766802800155928
1,0.8138776524829544
1,0.776684165296826
1,0.7182545055939046
1,0.8802841724033809
1,0.8081592390139735
1,0.8615035427960268
1,0.7604868437041282
1,0.8581506847861854
1,0.862029667971299
1,0.778436980470188
1,0.8389936049030084
1,0.7589875613769129
1,0.0494927986828881
1,0.9094174284266936
1,0.7852315452534883
1,0.8798053929233135
1,0.75177711343246
1,0.8102960942404951
1,0.7464400296377228
1,0.9777420105905096
1,0.977775115565067
1,0.7884846091235274
1,0.978312451843187
1,0.77341554753449
1,0.8701885424521038
1,0.7671267138448838
1,0.8284239247139027
1,0.7406089730346871
1,0.7911615757777793
1,0.8326911130821112
1,0.7871876796187145
1,0.7793179495240944
1,0.9784102040668792
1,0.8379949307117284
1,0.7454934041190517
1,0.6900170482430765
1,0.8915114660457781
1,0.816126206690807
1,0.8358716256782006
1,0.8411200849741299
1,0.7479742653442011
1,0.858626020255121
1,0.7179500987971064
1,0.7351303658285623
1,0.7802459294846869
1,0.835823653153881
1,0.817657772921423
1,0.0494927986828881
1,0.7857747982386668
1,0.7846711110884029
1,0.853648038092693
1,0.7140802524183596
1,0.7800257615391508
1,0.8975409112313828
1,0.8243566421172173
1,0.0494927986828881
1,0.7969080431883825
1,0.8000010908480713
1,0.7884410387544183
1,0.8769888849172379
1,0.9116699340084748
1,0.8232004935305839
1,0.8584703483387351
1,0.6969658772281899
1,0.7842392805011744
1,0.911922429990056
1,0.8673882173385163
1,0.7992529571907799
1,0.9641909191633564
1,0.7408515394916778
1,0.9037251399085624
1,0.8188367518674355
1,0.8469976456950414
1,0.7875159091358128
1,0.8703547154641772
1,0.6760616200808889
1,0.8775578116889451
