orig_idx,label,anomaly_score
73,0,350.3716278076172
35,0,9.86435580253601
1,0,9.906402230262756
24,0,51.53507995605469
58,0,3.2341736555099487
8,0,213.75833129882812
14,0,219.11963653564453
74,0,9.86435580253601
59,0,71.15485382080078
88,0,129.01850509643555
19,0,69.7088394165039
54,0,71.60430908203125
5,0,5.849334955215454
22,0,66.32156181335449
45,0,5.849334955215454
34,0,4.484958648681641
2,0,5.658170163631439
12,0,3.2341736555099487
13,0,7.013949394226074
100,0,180.02877044677734
80,0,4.484958648681641
6,0,5.658170163631439
48,0,5.849334955215454
11,0,5.849334955215454
69,0,40.75645923614502
30,0,62.407888412475586
93,0,69.7088394165039
99,0,5.849334955215454
64,0,184.53323364257812
60,0,4.016602635383606
3,0,7.013949394226074
50,0,4.210822403430939
87,0,235.95314025878906
61,0,69.7088394165039
44,0,4.016602635383606
82,0,180.02877044677734
85,0,20.295201301574707
37,0,5.205276668071747
49,0,113.24497604370117
56,0,5.658170163631439
94,0,5.557579278945923
70,0,5.849334955215454
25,1,161.28562545776367
26,1,252.24485778808594
27,1,367.6366882324219
31,1,297.09464263916016
40,1,590.0756378173828
41,1,347.1858444213867
43,1,188.71932220458984
52,1,347.1858444213867
53,1,135.5167236328125
63,1,273.2904968261719
77,1,278.0588836669922
81,1,85.22475814819336
89,1,161.28562545776367
90,1,131.20954513549805
91,1,144.11922454833984
92,1,133.98220825195312
98,1,386.84197998046875
