label,anomaly_score
0,0.0285409759660525
0,0.0290863917082793
0,0.0276284899879592
0,0.0452523290956803
0,0.0285988237315351
0,0.0278027397209005
0,0.0298926994148629
0,0.0080203086741639
0,0.0284534034765973
0,0.0153347012273619
0,0.0059568288543551
0,0.029343416230895
0,0.0275977064365152
0,0.1048223973912908
0,0.0286660459058517
0,0.0278827410680771
0,0.0281857129402007
0,0.028897308727923
0,0.0275220898431621
0,0.0276363369992714
0,0.0290441627424178
0,0.0058797325642406
0,0.029023770910185
0,0.0057311585472101
0,0.0283770006938539
0,0.0044517661930545
0,0.0285057095641741
0,0.0290476678100619
0,0.020484105729715
0,0.0287507482084352
0,0.0373702197080744
0,0.0278606749344786
0,0.0279946095784725
0,0.0264318336121481
0,0.0276045986589684
0,0.0276051997416606
0,0.0279262079667639
0,0.0790496162541284
0,0.0282184883022816
0,0.0144322650212264
0,0.028714527116363
0,0.0285146342525092
0,0.6956871508852627
0,0.0281008372487474
0,0.0274126899372426
0,0.0245204134564046
0,0.0283061739239192
0,0.0293681897930832
0,0.161254124899669
0,0.0288735427456346
0,0.0294366474684173
0,0.02888748269509
0,0.0281363909537051
0,0.0599776848545032
0,0.0224914512835397
0,0.0289812948637554
0,0.0492328637437856
0,0.0292152914378336
0,0.2039922182528666
0,0.0100892664996257
0,0.0274216740837821
0,0.0293726330622148
0,0.0293944088754995
0,0.0037682397202733
0,0.0048112171739243
0,0.0151780505392156
0,0.0275898727245876
0,0.004725344115445
0,0.0275955090778041
0,0.00398832262557
0,0.0275763596223822
0,0.0293454345957707
0,0.0274377305043171
0,0.0207020029911372
0,0.0235747276593161
0,0.0275217240973396
0,0.0292396930760425
0,0.0294176203854415
0,0.0274174555529883
0,0.0290473384575035
0,0.0051834932401411
0,0.0283875840872812
0,0.0038579825804264
0,0.0287576822609367
0,0.0274540940714889
0,0.0022916782557202
0,0.0240185335514633
0,0.010760005298433
0,0.028767042868931
0,0.0274100772018971
0,0.0090078359817623
0,0.027601043329261
0,0.0289791917425194
0,0.027655903047909
0,0.0279858513387453
0,0.0281367395596767
0,0.028355870285271
0,0.0276638533282191
0,0.0286014604908567
0,0.0096140847206484
0,0.0274360468873628
0,0.0277454413843579
0,0.0243488223113195
0,0.0273977392744299
0,0.0274628391622351
0,0.0228276658806445
0,0.0277160387425555
0,0.0280393867931422
0,0.0243085683618332
0,0.0289576827341259
0,0.0130848961638015
0,0.0274810348863464
0,0.0285088613186197
0,0.0290599971130178
0,0.0592176527513546
0,0.0278240781901191
0,0.0277112514473834
0,0.0160043792849034
0,0.031960621421666
0,0.0235341921002212
0,0.0041967263316174
0,0.0128129573611298
0,0.0293461628548464
0,0.0280155409993364
0,0.0285152814255092
0,0.0281186947487792
0,0.0247028807393976
0,0.0274574550344962
0,0.0074149494192324
0,0.029126587986226
0,0.0073662984547505
0,0.0043108699655427
0,0.0043433404219714
0,0.0287842461267866
0,0.0274811710527838
0,0.005354695334492
0,0.0285206660389993
0,0.0178184285979178
0,0.019427556248648
0,0.0371995078850492
0,0.0279489977674694
0,0.0288618117655544
0,0.0283121022201964
0,0.0291483258826476
0,0.0242095270201798
0,0.0281934499474476
0,0.0282370523870544
0,0.022472583734684
0,0.0540218849337344
0,0.0048011837955281
0,0.0285298750169758
0,0.0281502620885331
0,0.0038790119477109
0,0.0263528315493992
0,0.0249807032924934
0,0.0050192660473688
0,0.0243258646600578
0,0.0278662080600609
0,0.0233009527709328
0,0.0275410315450648
0,0.0390018084445535
0,0.0271264479067017
0,0.0235796428036097
0,0.027435288164643
0,0.0279663037578289
0,0.0285175611811121
0,0.2013891932279687
0,0.0051719336558717
0,0.0291535667593418
0,0.071219729772995
0,0.0283919385537694
0,0.027480045171031
0,0.0272233206182602
0,0.0237096275200665
0,0.012624814872162
0,0.0275303199395253
0,0.0287286676130813
0,0.0274331947714343
0,0.0276713657765724
0,0.0060125266798813
0,0.029081784395108
0,0.0240579694594362
0,0.0177080808524424
0,0.112418124050785
0,0.003052805942231
0,0.0131256816367364
0,0.028815277681951
0,0.020304953129931
0,0.0047413349174132
0,0.0291649424281512
0,0.0275063358369258
0,0.0275041714889013
0,0.0275614914700059
0,0.023724239650934
0,0.0271912120745732
0,0.0282020942050754
0,0.0070994646279109
0,0.0253870815529378
0,0.0276894093981431
0,0.0065488540394856
0,0.1158264701564743
0,0.0277657559141237
0,0.0275680333836488
0,0.0280960193461178
0,0.6053686876146732
0,0.0049506166380168
0,0.0271741000452523
0,0.02901161315692
0,0.0283299433686647
0,0.0283470507709457
0,0.0274583762076764
0,0.0249138776118384
0,0.0283391515434551
0,0.0280961749857657
0,0.0249659092175453
0,0.0279867158102375
0,0.0275490790810453
0,0.004100039578661
0,0.0291301060782249
0,0.0273729093495362
0,0.0294382898003422
0,0.0258940876985955
0,0.0044762186075898
0,0.0223713942641571
0,0.1036715059203615
0,0.0287692518582645
0,0.0044229677586028
0,0.005245280263999
0,0.0162016493066387
0,0.0294983176717218
0,0.0275546920678695
0,0.0285468122196124
0,0.0275516947064255
0,0.0276359254200938
0,0.0295579489682261
0,0.028985398400381
0,0.0289246765757735
0,0.0042575020588954
0,0.0170127752251235
0,0.0331809013302327
0,0.0294398526256101
0,0.0066639842755359
0,0.0281433185872494
0,0.0294448161022371
0,0.0048424431480712
0,0.1018839118010198
0,0.0233780105399608
0,0.0292802965820049
0,0.0274106033803542
0,0.0162150824302142
0,0.0288349891216619
0,0.0061858172512269
0,0.0295352962587731
0,0.0168619072352948
0,0.005118152556416
0,0.0198229883290722
0,0.0267821885371925
0,0.0289752969390434
0,0.0291775558844836
0,0.0290090341160522
0,0.018446766029125
0,0.0273888480828411
0,0.0044551094566373
0,0.0071298021792866
0,0.027560835266981
0,0.0286976297155038
0,0.0275043378770204
0,0.0051551010063192
0,0.0277881326135765
0,0.0290179109260402
0,0.0264363499722243
0,0.0273574656162006
0,0.0178724886604221
0,0.0041039295255603
0,0.0215331741587115
0,0.020669255931519
0,0.0192896844298742
0,0.0294722439641993
0,0.0290872156382092
0,0.0270800390127393
0,0.3169660586470218
0,0.0288245394220311
0,0.0275221039318654
0,0.0058917904529129
0,0.0128184965523908
0,0.0276953301320683
0,0.0274496151205475
0,0.0289046459338479
0,0.0037173755887026
0,0.0291831691629616
0,0.0226344644765561
0,0.0048333523285103
0,0.0276557370830994
0,0.0295262757173916
0,0.0275102905893109
0,0.0279833376059499
0,0.0094286660703347
0,0.0285981946782221
0,0.1040759258285837
0,0.0274505917083749
0,0.0169624878623958
0,0.0281013522369446
0,0.0293885423925812
0,0.0639040692937583
0,0.0251221814929292
0,0.0256253028608125
0,0.0046760856429251
0,0.0136567739622322
0,0.0271940663351189
0,0.0274077732240221
0,0.0279980104713095
0,0.0279366997418994
0,0.0284016891148102
0,0.0253724163843981
0,0.0286815239539663
0,0.0284758091077168
0,0.0275224385544995
0,0.0274672009976784
0,0.0113303942209752
0,0.007585202210784
0,0.0292031979305901
0,0.0279293210573678
0,0.0276726344169176
0,0.028628951294378
0,0.0274305230003588
0,0.011718187851098
0,0.6012864861677037
0,0.0276476687186362
0,0.0104823107969
0,0.0104411756766727
0,0.0094005342880829
0,0.0287708607689678
0,0.0117411916484099
0,0.0078873135369973
0,0.0276548609340997
0,0.029326924583463
0,0.0045996365890173
0,0.0284090351503925
0,0.0290506790515547
0,0.6304743996130409
0,0.0267224087563823
0,0.0043591113440896
0,0.0287679280121272
0,0.0275818027546255
0,0.0291973632461069
0,0.029005880461302
0,0.0060228431932431
0,0.0284888401538059
0,0.0288098388608156
0,0.0284086976327113
0,0.0293888246795156
0,0.0291335967587335
0,0.0273913486433621
0,0.0274227694800991
0,0.0274065582516261
0,0.0291929237217795
0,0.0273915210980448
0,0.0283016425252325
0,0.0283378421428831
0,0.0289743582219357
0,0.0280519354768281
0,0.0285622806766093
0,0.0128075003690914
0,0.0065429937953993
0,0.0286200260702077
0,0.0293962506204977
0,0.0281801396291824
0,0.029017187220197
0,0.0245311608342679
0,0.0292026783149061
0,0.0290819155908726
0,0.0288011508623811
0,0.0273997093736678
0,0.0284139341712201
0,0.0794974017677036
0,0.0248199346565049
0,0.0045992475550493
0,0.0291425621624386
0,0.0279834560073172
0,0.0054945127696043
0,0.0270187633150112
0,0.0290067438347981
0,0.0086143024386192
0,0.0291785055985765
0,0.0272395397637696
0,0.0154616485067447
0,0.0046034789696804
0,0.0274120181334249
0,0.0286257168209227
0,0.0287691549522657
0,0.0114444379552568
0,0.0293179716373212
0,0.0055190057009102
0,0.0292337573026518
0,0.0250724703554321
0,0.0280426351309615
0,0.0293592934658312
0,0.0279416631477215
0,0.0275390502595545
0,0.0290772362162121
0,0.0293851113773315
0,0.0287364902373994
0,0.0292601718404743
0,0.0294027950637965
0,0.0275389973315365
0,0.0276947515518686
0,0.005554266133632
0,0.0150590456026679
0,0.0048338079878175
0,0.0275261612681155
0,0.0293401559803372
0,0.0289721024810377
0,0.0242045199616592
0,0.0863969191042879
0,0.028555133991778
0,0.0275097659756592
0,0.0114208837878137
0,0.0041247721499864
0,0.0291915468013619
0,0.0041987954474133
0,0.0062418727901522
0,0.0278316110653222
0,0.0274775804203431
0,0.0033676323738749
0,0.0155557995488888
0,0.0293945220473177
0,0.0196309227145283
0,0.0293111061244831
0,0.02745889468511
0,0.0281283741382829
0,0.0279697739828343
0,0.0766165640034506
0,0.0295239009171803
0,0.0280824821295582
0,0.0276318851920697
0,0.0281407550722037
0,0.0142173088705038
0,0.028138660578176
0,0.0068040738826
0,0.009717801223876
0,0.0281606683352451
0,0.0274287967557912
0,0.0274561166739315
0,0.0431145351567816
0,0.02750423143523
0,0.0286829195650803
0,0.0274127509596968
0,0.0081744123669257
0,0.0289971832922753
0,0.0033735239720513
0,0.0103805306773256
0,0.0274106322352594
0,0.0275691584488544
0,0.0194883481334035
0,0.0103738272398123
0,0.0174169365953545
0,0.0087762677595313
0,0.0275773546899226
0,0.0287236098015022
0,0.0258728866530289
0,0.0245100522719829
0,0.0286144636156995
0,0.0097656824687177
0,0.0286190667782371
0,0.0283936106515121
0,0.0222170552890799
0,0.0164370028444791
0,0.0279571851201445
0,0.0292273122372654
0,0.0284517675310081
0,0.0048604991432412
0,0.028216616124604
0,0.0030058079513708
0,0.0354933522875672
0,0.0275898727245876
0,0.0247524718447253
0,0.0117982266803161
0,0.0236363842014885
0,0.0169347591881882
0,0.0276033071838224
0,0.0069146692015386
0,0.2532212379011073
0,0.0292130805817073
0,0.114625449957755
0,0.0051354351845774
0,0.0048818064401303
0,0.0276964009563292
0,0.0276146429173947
0,0.0283688360783236
0,0.0286273528419635
0,0.0274794751017174
0,0.0223002903473669
0,0.0148253123805281
0,0.0293422413238533
0,0.0234077252411728
0,0.027716731317225
0,0.0281358614851563
0,0.0025398046150507
0,0.0192761464068211
0,0.0274474901081048
0,0.0274840227699961
0,0.0288143005206806
0,0.2019539785194646
0,0.0274151506705624
0,0.0281249378426246
0,0.0250368981267505
0,0.0293212717351203
0,0.0282090490892003
0,0.0245512411998661
0,0.0048988660873526
0,0.0293742413076749
0,0.0280536624156436
0,0.0274885470194884
0,0.0256002138501058
0,0.0293938957650418
0,0.0289699159832569
0,0.0274311073914745
0,0.0196331033387661
0,0.0292341221482641
0,0.0051554751403486
0,0.0168298316331774
0,0.0093091401780346
0,0.0290962713265579
0,0.0097906574823132
0,0.023769436044368
0,0.0087839350894165
0,0.0554249728016935
0,0.0583679679590003
0,0.028915817690323
0,0.0080585132796817
0,0.0150166606042648
0,0.0156004446714719
0,0.0294118628293546
0,0.0148083776596164
0,0.0245078581691747
0,0.0284916976597581
0,0.0279138508041697
0,0.0271938721712522
0,0.0313838314001235
0,0.0074179181787516
0,0.0478234367429362
0,0.0015018405063618
0,0.2688754657983193
0,0.028356663484611
0,0.0111875068556061
0,0.0274304950613106
0,0.0287184250663036
0,0.0031401143070757
0,0.0274433626100743
0,0.0052831168042081
0,0.0274650308062937
0,0.0274551967484349
0,0.027513645304639
0,0.0074137000971782
0,0.0197614132393444
0,0.0291827331818026
0,0.0140405917534185
0,0.0025055389318682
0,0.0269182034593168
0,0.0276951982400823
0,0.0284481799190758
0,0.0295568338466613
0,0.0254652818652185
0,0.0066517640502063
0,0.0282880131326058
0,0.0164715215036858
0,0.0255545321483447
0,0.0289316916099379
0,0.029072825071072
0,0.0287238242788738
0,0.0062937582607319
0,0.0266514429449889
0,0.0251181333912915
0,0.2042914839833219
0,0.0275578220987619
0,0.0289707528090878
0,0.0134166258110522
0,0.0279951007444317
0,0.0282832465435235
0,0.003731558389746
0,0.028324445351288
0,0.027339891512241
0,0.0448488355526677
0,0.0200189994938925
0,0.0280625310901603
0,0.0274590155460169
0,0.0049421259237568
0,0.0288068534566829
0,0.0292368271161315
0,0.0281629212177874
0,0.0280271029696034
0,0.0079288766466082
0,0.0279197363604937
0,0.012382687329266
0,0.0191038553365053
0,0.0277896806322769
0,0.0103222526586058
0,0.0274107275266133
0,0.0058008160912777
0,0.026608985517607
0,0.0320620501164186
0,0.0289166105849637
0,0.2189631438476348
0,0.0188299871442967
0,0.0286424886653438
0,0.0293970786758797
0,0.0275261612681155
0,0.0293193869638668
0,0.0488588697801466
0,0.0283029368644958
0,0.0046796341005849
0,0.0270160501158972
0,0.013003261480949
0,0.0013234060008668
0,0.0283715100753561
0,0.0067965332993571
0,0.0055374812681591
0,0.0159580412317222
0,0.0047844494808863
0,0.0655304757568318
0,0.0076075664853494
0,0.0275529393433531
0,0.0292421749464714
0,0.0282984779406685
0,0.0294376367407168
0,0.0281078475603353
0,0.1164438028000872
0,0.0273290706110023
0,0.0285911470982837
0,0.0133787434645325
0,0.02947671218842
0,0.0275761701312576
0,0.0134005846546277
0,0.0280514454771754
0,0.0103097373029676
0,0.0274189525668685
0,0.0656156199251432
0,0.0025331385366916
0,0.0275876967139278
0,0.0281325867595283
0,0.0286489648553753
0,0.0092536816042682
0,0.0275161102429681
0,0.0275896554494273
0,0.0279134789171855
0,0.028825047898503
0,0.0286083868502476
0,0.0293384340362835
0,0.028251145412521
0,0.029328204007554
0,0.0274114014358204
0,0.0274237193744582
0,0.0293123831565019
0,0.0282793128826035
0,0.0043927211857281
0,0.0294031628830129
0,0.0042878943395524
0,0.0276372434402398
0,0.0274673333160321
0,0.0285622939739283
0,0.0047020575394005
0,0.0234500622537227
0,0.1134475263111498
0,0.0048011377386488
0,0.0058989067789683
0,0.0285709053185416
0,0.029489959672282
0,0.0282226788230855
0,0.0291262937959194
0,0.0056038614139055
0,0.0277042900429589
0,0.0233675531078527
0,0.0052324328362252
0,0.0284891053947182
0,0.0048620856701493
0,0.0277854388693902
0,0.0279173121853926
0,0.0257705471627192
0,0.0054823784740044
0,0.0280018712531233
0,0.0036555971568625
0,0.028632262965767
0,0.0081916647984136
0,0.02847146633256
0,0.029187972695638
0,0.0292183037154332
0,0.0282929688384171
0,0.0245109980045749
0,0.0073923637115062
0,0.0189533703741267
0,0.0235637463381217
0,0.027682499604244
0,0.0274153193328847
0,0.0030762669871054
0,0.0278897397399883
0,0.0062163592422352
0,0.0286446506059708
0,0.0294419072433972
0,0.0287691042466105
0,0.0044745209065858
0,0.0280282397587441
0,0.0224342243800694
0,0.0279234221696458
0,0.0591390810176908
0,0.0285189217649113
0,0.0293317638361169
0,0.0079025439749926
0,0.0281083144425676
0,0.0287945857802761
0,0.0279769696234459
0,0.0286257168209227
0,0.0046420642872621
0,0.0278066812864518
0,0.0839703703012847
0,0.0295533548922247
0,0.0110844068168739
0,0.0294192224196992
0,0.0274228494933253
0,0.0292382013846665
0,0.0295864937229096
0,0.0135407846390704
0,0.0278033324779041
0,0.0397342140666795
0,0.0320216499076718
0,0.0290273331931563
0,0.0289094216827303
0,0.0292261702516032
0,0.0290759609984782
0,0.0254022770486481
0,0.027713214033709
0,0.0253161487861249
0,0.0295441949470247
0,0.0283070323168649
0,0.002482132297059
0,0.0222686655023306
0,0.017046140660906
0,0.0293634680827996
0,0.0300050876828416
0,0.0284511564393006
0,0.0293461749300034
0,0.0193606599693696
0,0.0290620710628222
0,0.0046534899938513
0,0.0051791990645527
0,0.0273989744898804
0,0.0275143455173319
0,0.0274084763832852
0,0.0286499851329003
0,0.0286635157330301
0,0.0221387409910228
0,0.0229054940159273
0,0.0276576748666277
0,0.0275522025631244
0,0.0318633090342931
0,0.0274301094668758
0,0.0038703124385144
0,0.0247448936429148
0,0.0283186596290768
0,0.0275050805232101
0,0.0051523327785858
0,0.0284945922001392
0,0.0274236824718056
0,0.027365692455988
0,0.0235735814544544
0,0.0279003275430393
0,0.0274826260848557
0,0.0278264810404801
0,0.0291480627903708
0,0.0285281001821461
0,0.0294373116008057
0,0.0233132948161775
0,0.0294383270770335
0,0.0223926589204267
0,0.0057649421150946
0,0.0276280871178547
0,0.0048015639487223
0,0.0294041927675437
0,0.0281499351207967
0,0.0285197730374729
0,0.0117747029250077
0,0.00869047578653
0,0.0055177028320321
0,0.0291312272904187
0,0.0237671971831979
0,0.0423569026700577
0,0.0447529120884993
0,0.003021191497009
0,0.0271292742769834
0,0.0266341676764207
0,0.0269776967452139
0,0.0279688452668002
0,0.016781863117523
0,0.0294439548814734
0,0.0094321208946889
0,0.0274840227699961
0,0.0289177055500716
0,0.0258861164878315
0,0.0240316450578495
0,0.0250849115582293
0,0.003670311310488
0,0.029318129591799
0,0.0278805583619826
0,0.0283481565243554
0,0.0070311236954781
0,0.0094388547958707
0,0.0143488394171596
0,0.009571158466031
0,0.0066011417758894
0,0.0286641911114484
0,0.0293919720065495
0,0.0292508575350864
0,0.0417148043050203
0,0.018664802200594
0,0.0277802030125675
0,0.0274982468580402
0,0.0286424094718067
0,0.0283157619864644
0,0.0289769488975722
0,0.0283888095503083
0,0.0293030105954092
0,0.0048154633635938
0,0.0153150767024912
0,0.0027353715886073
0,0.0288271702285395
0,0.0277765564750381
0,0.0035790837269127
0,0.0274323508225013
0,0.0293524759878503
0,0.0294282326548405
0,0.0290184670837609
0,0.0245621513887591
0,0.0274384544065181
0,0.0198413681407785
0,0.066194677973374
0,0.0288550599845355
0,0.0085466860979305
0,0.0276549691772759
0,0.0109293079373367
0,0.0285644946640273
0,0.0294061281957082
0,0.0289811929309635
0,0.0290339166101337
0,0.0279197760880177
0,0.0227688204115356
0,0.0053426434780236
0,0.0219752947865621
0,0.0115479648914203
0,0.026941708640921
0,0.0288856174065112
0,0.011547198441075
0,0.0242993653305799
0,0.0082387445834149
0,0.0294991174591659
0,0.0019426842253642
0,0.3420510260745818
0,0.0137925756383435
0,0.018375014208354
0,0.0274662441350418
0,0.0086631733762558
0,0.7481213786766953
0,0.0293238949143942
0,0.028965875910928
0,0.0284010957730465
0,0.0233095202802897
0,0.0281520920904461
0,0.0185859411519163
0,0.0284302754638599
0,0.0134302670121603
0,0.0285139238726481
0,0.0285614033876984
0,0.0274577153513734
0,0.0279758338966107
0,0.025575994469022
0,0.0274621082984947
0,0.0278437559611426
0,0.0274730003368517
0,0.0191259728571185
0,0.0277203425928588
0,0.0278282717815866
0,0.0587467249480189
0,0.0283381387592343
0,0.0275841532998437
0,0.0053898118048244
0,0.028861647118783
0,0.0275055932122761
0,0.0285092209544722
0,0.0292310654747574
0,0.0242324063551249
0,0.0280239175917382
0,0.0390059603183562
0,0.0034963830862262
0,0.0277697218042692
0,0.0285019535300674
0,0.0281916022718896
0,0.0149939470665333
0,0.0274275050914193
0,0.0292488184685992
0,0.0316257440973848
0,0.021984925267135
0,0.0253982144799772
0,0.0284239944649862
0,0.0184156508117018
0,0.0291489618273359
0,0.0279137091088244
0,0.0079463310822033
0,0.0117945668410663
0,0.0294297208367523
0,0.0294015513608772
0,0.0029775838432718
0,0.0270539191069317
0,0.0290583075328531
0,0.0028049805629713
0,0.0053152606165438
0,0.0130613281883718
0,0.0293280926413051
0,0.0112868770004088
0,0.0275303574749175
0,0.0233437295857847
0,0.0294057671322521
0,0.0276059069309659
0,0.034312648882589
0,0.0289435732302956
0,0.023310187399074
0,0.0052069311462192
0,0.028044385123516
0,0.0081749083360728
0,0.0109343249341953
0,0.0277259460312903
0,0.0275041257088707
0,0.0170433991142522
0,0.0279532485410962
0,0.0233513210663634
0,0.0067565730820984
0,0.0098950417048632
0,0.0278305805461751
0,0.0175549959477708
0,0.0276015828282562
0,0.0293194670533501
0,0.0043385902468155
0,0.0292195185262043
0,0.0283199103739129
0,0.02888137352791
0,0.0288154638616776
0,0.0293385300112158
0,0.0274754967167532
0,0.0290904239731684
0,0.027497961949075
0,0.012308765606281
0,0.0059614404335976
0,0.0334201273372852
0,0.013003261480949
0,0.0068544336977462
0,0.0329780705712278
0,0.0093475185264368
0,0.0148288630665131
0,0.0291172202546438
0,0.0274523303559226
0,0.0249134010769218
0,0.0093387301959477
0,0.0267963257571742
0,0.0277036743683398
0,0.0036245374716688
0,0.0261981018435273
0,0.0089186402104457
0,0.0283427333829243
0,0.0328473410597962
0,0.0293636969185844
0,0.0114802805657346
0,0.0275112031760545
0,0.0231443595943547
0,0.0288693949911483
0,0.0276990480822946
0,0.0049998330839882
0,0.0277218332416362
0,0.0274471122668111
0,0.0283277535173976
0,0.0176071148718705
0,0.0280813376850696
0,0.0276521145435569
0,0.0288637057184427
0,0.0289270758978117
0,0.0272827826846926
0,0.0075220051248372
0,0.0122225877176545
0,0.0277161713788651
0,0.0069752850505419
0,0.029407678715697
0,0.0279402110245616
0,0.0277473437396022
0,0.0130088259256478
0,0.0106532741891185
0,0.0289573468222901
0,0.0276224327800072
0,0.0201321967159499
0,0.0101980272687488
0,0.0292280800940298
0,0.6869303025903197
0,0.0284059642420525
0,0.0294109259029853
0,0.0239461549126189
0,0.0289856298508776
0,0.0283290307629985
0,0.0282189537262204
0,0.0116775570268188
0,0.0291487121292904
0,0.0293647033302129
0,0.014143843081677
0,0.0236948242689515
0,0.0238167029989951
0,0.017434500281674
0,0.0274862740410113
0,0.0148890718595346
0,0.0284671222038133
0,0.0135693694613288
0,0.0276834460788091
0,0.0282192955574881
0,0.002945175729174
0,0.0283143850327555
0,0.0063491496269099
0,0.0274996220253042
0,0.0046091276128696
0,0.005847861872025
0,0.0253936311682157
0,0.0263780247423195
0,0.0236416313745966
0,0.0293986362460136
0,0.0054487164115975
0,0.0292189868774774
0,0.0275312957680325
0,0.0277164018375354
0,0.0611905978976453
0,0.0046915291930584
0,0.0182806991850648
0,0.0290408381083745
0,0.0276747215970255
0,0.0091614132714829
0,0.0179409953159035
0,0.0148825517377116
0,0.028514613887668
0,0.0100298087674525
0,0.0853705674726999
0,0.0291983170253871
0,0.0051818774008548
0,0.0274808419460312
0,0.0277304610415492
0,0.004959896337787
0,0.0293355124185266
0,0.0274225942038842
0,0.028195001010818
0,0.0281375234731914
0,0.0290911252688302
0,0.0272999564051658
0,0.0276647148852208
0,0.0276640392400604
0,0.0040481261001376
0,0.028822701292409
0,0.0250193724588271
0,0.0266750278419757
0,0.027835951800578
0,0.0143094044685949
0,0.0275556455525569
0,0.0092295068999221
0,0.0233667786199943
0,0.0044234724103852
0,0.0061390956698841
0,0.0280887397999237
0,0.0274231752289076
0,0.028218832879455
0,0.0276338798574527
0,0.0287764798232574
0,0.0288886666754782
0,0.028320764154273
0,0.027622662522389
0,0.0292096619705858
0,0.0258616179905575
0,0.0286734173392715
0,0.0060227401126856
0,0.0147432340673161
0,0.0128652549298648
0,0.0122754346800004
0,0.0233120341248452
0,0.0287739198706279
0,0.0293945736173229
0,0.0201417391359419
0,0.0274595297698497
0,0.0280554064253507
0,0.0294038025689169
0,0.003028787150191
0,0.0057121839816434
0,0.0274250455760303
0,0.0294059127609787
0,0.0293777022226086
0,0.0278071990479417
0,0.0282759696060072
0,0.0295533479958703
0,0.0055994880980482
0,0.0036648328765598
0,0.029412829111503
0,0.0056677981926282
0,0.028927601917484
0,0.0030389632251407
0,0.0444228832777251
0,0.0286865713422132
0,0.0285097499734768
0,0.0282842953216292
0,0.0047035246409552
0,0.0275927671272925
0,0.0183012926100722
0,0.0225584639193388
0,0.0285233583556537
0,0.0080821917493671
0,0.0279265201264437
0,0.027509569723247
0,0.1778314473263944
0,0.0092049948911195
0,0.0137868177466766
0,0.0249657350069121
0,0.0083465840877479
0,0.7279038176638978
0,0.0275103658192073
0,0.021733834179792
0,0.6302392276677982
0,0.0278094070385298
0,0.0280428235877867
0,0.0059550534995097
0,0.0278586561158929
0,0.0057121839816434
0,0.0279326776053458
0,0.0560506244724454
0,0.0048605217515488
0,0.029224712279102
0,0.0285459745576979
0,0.0278526849951526
0,0.0288608593307477
0,0.0293417984539347
0,0.0069164751603395
0,0.0151262972853073
0,0.0276872093212927
0,0.0038471631718079
0,0.0284470694221392
0,0.0163201131429467
0,0.0064578801530091
0,0.0277526584233325
0,0.0229307770443915
0,0.0254412125425369
0,0.0178508554290654
0,0.0070690868879362
0,0.0291999838778619
0,0.0275777802018679
0,0.0064655195227028
0,0.0236133893078845
0,0.0292296103475784
0,0.027411668468828
0,0.0280599933457274
0,0.0293343231902952
0,0.0274285020980121
0,0.0290819198788564
0,0.0274955937433352
0,0.0076761818562216
0,0.0281112734946684
0,0.0188028854393576
0,0.0289708101832472
0,0.0290494561695804
0,0.0281247641193983
0,0.0060081308486344
0,0.0045715233782978
0,0.0280051230133905
0,0.0182404598933561
0,0.0279393573370325
0,0.0280531911979974
0,0.028067274294607
0,0.028875239085534
0,0.0282775471339385
0,0.0288729783886283
0,0.0290139611378019
0,0.0471318277686426
0,0.027680841653246
0,0.0176516735055333
0,0.0246001166227208
0,0.0282580589242626
0,0.0061404021836708
0,0.0275034685118366
0,0.0094262265177544
0,0.0295094439095248
0,0.0043453037915056
0,0.0290541880169936
0,0.030623455480433
0,0.0070499324394582
0,0.0203258256244554
0,0.02872110496738
0,0.0236207423508171
0,0.0290661596204658
0,0.0274880791605982
0,0.0295377223771788
0,0.0233190954191759
0,0.0276962940114305
0,0.0157147954474521
0,0.0289452278204138
0,0.007344663674732
0,0.0274636308550415
0,0.0274913371026906
0,0.0170261434818819
0,0.0283681455418484
0,0.0066352129629307
0,0.02927494065705
0,0.0291244048893568
0,0.0045591646109824
0,0.0100998907280742
0,0.0118951605176717
0,0.0042329242331211
0,0.0988904672886017
0,0.0261752745362734
0,0.022328276961819
0,0.0147403949575224
0,0.0285394370099242
0,0.0089955190852299
0,0.0276211831202329
0,0.0289706313831642
0,0.0294040225600964
0,0.0273691896525644
0,0.0061952257273548
0,0.0275575817364731
0,0.0077582932842024
0,0.0274159967281822
0,0.0199986984546534
0,0.0288917513463067
0,0.010126731175266
0,0.0274452579173852
0,0.0253441936384826
0,0.0070269676471136
0,0.0277138072191801
0,0.0290431242978991
0,0.0167882404278498
0,0.0278099647278446
0,0.027498505316574
0,0.0254112461303251
0,0.0228276658806445
0,0.0286884032373915
0,0.0088651709679802
0,0.0275685522179711
0,0.0291131020025309
0,0.0281852369787425
0,0.0280184008502641
0,0.0218510901049213
0,0.0274353807130423
0,0.0292231176945558
0,0.004227989269757
0,0.0291031787178277
0,0.0287976354817709
0,0.0274333400451207
0,0.028440648760813
0,0.0294032422571409
0,0.0291955463217852
0,0.0290926951694696
0,0.0091949610598845
0,0.0088740681577137
0,0.0276279573967487
0,0.0250097266449824
0,0.0289594215253437
0,0.0287333123778665
0,0.0056449621439138
0,0.0276445433290308
0,0.0295912279367516
0,0.029229914286187
0,0.0269567904608938
0,0.027543116420277
0,0.0271655080044985
0,0.0234982356688555
0,0.027520304658919
0,0.0291800402430248
0,0.0345904916531064
0,0.0294609796136587
0,0.0287607039820418
0,0.0277525734841083
0,0.0284463473714451
0,0.0276777123542796
0,0.0273621868665215
0,0.0294743453393096
0,0.0289443947735977
0,0.027520952409441
0,0.0045529494984922
0,0.0292736707391529
0,0.02749382727986
0,0.0276661018404492
0,0.0284151501250817
0,0.0292831852038707
0,0.0293958073537215
0,0.0359735035348478
0,0.0067071744078357
0,0.0288935276244358
0,0.0280138672039677
0,0.0277458290839263
0,0.024344550028829
0,0.0293535022737495
0,0.0280832971760672
0,0.0276152938717668
0,0.0359302390184307
0,0.0291233124147621
0,0.0236222840162107
0,0.0293120347802979
0,0.0274842519190138
0,0.0178389198364688
0,0.0284752319107244
0,0.0254046926415656
0,0.0274969953785387
0,0.0269937777024911
0,0.0138358403690497
0,0.0080212479061974
0,0.0275595783435312
0,0.0108067623655425
0,0.0293376154612463
0,0.0287265991134242
0,0.0281546482078404
0,0.0241718734133228
0,0.027431530410831
0,0.0207339431566619
0,0.029048736626135
0,0.0291855122876714
0,0.0292872036212107
0,0.027991219026709
0,0.0029844776201675
0,0.028075171390494
0,0.0261790694886429
0,0.9335364922718568
0,0.0273946681487078
0,0.0284034053009373
0,0.0067321331661601
0,0.0277864314356395
0,0.076446461881868
0,0.0250145708555907
0,0.0274698602767408
0,0.0290643449216202
0,0.0102350655481609
0,0.0263603178321338
0,0.0204189258117361
0,0.0287058083081324
0,0.0276333907890571
0,0.0278002897003677
0,0.0229129084505972
0,0.0314358286833169
0,0.0156773368706127
0,0.0276069088774428
0,0.0282601242643852
0,0.0293591743248463
0,0.0045784572362186
0,0.0275064533650695
0,0.0040212674739226
0,0.0089816686766342
0,0.0274131295338562
0,0.0275807579761285
0,0.0277439108407053
0,0.0068345648279546
0,0.0251707938368573
0,0.026983444495533
0,0.0176323276291737
0,0.0046430652977014
0,0.0288226122131398
0,0.0292181557665849
0,0.0288411273321859
0,0.0288191963920515
0,0.0288839947602885
0,0.0437909822590549
0,0.0274884001672347
0,0.0281350199305878
0,0.0236234274846068
0,0.0080821917493671
0,0.0043979095298274
0,0.0047948289792388
0,0.0285403595657356
0,0.004115469108969
0,0.029436893880817
0,0.0290889655796204
0,0.0294167673780637
0,0.0272291914508041
0,0.027518766579307
0,0.0277407115542815
0,0.0083541258079623
0,0.0280506833875665
0,0.0292838070439882
0,0.018952674184016
0,0.4762536530912353
0,0.027950551073139
0,0.0294456059815656
0,0.0276335493040821
0,0.0292696366527528
0,0.0249560163548592
0,0.0275150015232166
0,0.0053740427157574
0,0.0275348496653331
0,0.0280609330875147
0,0.028751576601146
0,0.0286788270463824
0,0.014901337171192
0,0.0316850018248659
0,0.0288342169444461
0,0.0277543346265359
0,0.0279358330384073
0,0.0282595184776011
0,0.0275697379510035
0,0.0276935038294064
0,0.0162428919650054
0,0.0288862946907886
0,0.0267723390015924
0,0.0156656994039944
0,0.0265175175355135
0,0.0293202660717346
0,0.0218349740264923
0,0.117572447723623
0,0.0274132257433021
0,0.0294025467834557
0,0.0290264014281238
0,0.0276356136226512
0,0.0276524654378284
0,0.0280842665053605
0,0.0289922546811749
0,0.3648258198737281
0,0.029351334834299
0,0.0044269761832785
0,0.027702197061959
0,0.029401151306812
0,0.0080221757250719
0,0.0275578191875215
0,0.028938155377232
0,0.0064613559325531
0,0.0267585971407144
0,0.0039058343222833
0,0.0061259696821359
0,0.0187716044820089
0,0.0294187342793682
0,0.0293760573255802
0,0.0137090802897014
0,0.0056629937073013
0,0.0137945376916617
0,0.1207789366215791
0,0.0040223282753291
0,0.0613145856708519
0,0.0288885803509735
0,0.0293759344820811
0,0.0288171207005372
0,0.0290771588596091
0,0.0274793640568869
0,0.0274239558153674
0,0.0276348301505642
0,0.2843109870587603
0,0.0285548862004978
0,0.0233478532003587
0,0.0218255279318125
0,0.0208260214262538
0,0.0053995829213546
0,0.0142270708010246
0,0.0248790720545524
0,0.0281067027361922
0,0.0908911379930163
0,0.0043366404573069
0,0.0984136213955417
0,0.0103532578913904
0,0.0287387888506113
0,0.0274078852029927
0,0.0275726035527477
0,0.0282270693643879
0,0.005495070867229
0,0.0106663570026852
0,0.0294245802861112
0,0.0354622330039847
0,0.0063101094878442
0,0.0294034484306282
0,0.0274501586154169
0,0.0244740575866847
0,0.027542783193045
0,0.0048438559914885
0,0.0054072567295364
0,0.029508722382126
0,0.0062390200476056
0,0.0293550170797616
0,0.0284457363979799
0,0.0276327172837513
0,0.0118114240853192
0,0.0046613846758238
0,0.0280904054404666
0,0.029440059706576
0,0.0273752821498234
0,0.0081660428591114
0,0.0262086699147664
0,0.0276287160038604
0,0.0137536156108878
0,0.0294992587842944
0,0.0117640503128809
0,0.0098816382059134
0,0.028295591259095
0,0.0277881780158858
0,0.0074889558639193
0,0.0274734641175042
0,0.0183218047038259
0,0.0273667759839526
0,0.0276340653619882
0,0.0293999596934333
0,0.0288300958372696
0,0.0282786625536577
0,0.0245346579336301
0,0.0286632110243851
0,0.0276309132292971
0,0.0071353922093355
0,0.0292402716368644
0,0.0288113254989451
0,0.0274110401553128
0,0.0278015040437154
0,0.0283212183683264
0,0.0125843487046068
0,0.015168173086952
0,0.0271436819618775
0,0.0416912127905668
0,0.0287893138101312
0,0.0402916517496438
0,0.027435235032545
0,0.0187725794081648
0,0.0271115463360602
0,0.0286729632386966
0,0.0142340513835087
0,0.0743093685845558
0,0.0291557260011034
0,0.0094774094736512
0,0.0274340193996357
0,0.0029963595025012
0,0.0055156990620986
0,0.0277067494486664
0,0.0053164835524087
0,0.0275254781935988
0,0.0274806072769918
0,0.027409226651072
0,0.0284269081545163
0,0.0293159319666303
0,0.0276284795838683
0,0.023859176849417
0,0.0173401062685591
0,0.0040723788331222
0,0.0275737934821957
0,0.0281262036678125
0,0.0077784680142728
0,0.0281805492342217
0,0.0276720702727462
0,0.0288389825620383
0,0.0280842665053605
0,0.1052927097339935
0,0.0280753543810727
0,0.0039636342329938
0,0.0091274627853351
0,0.0277727978770703
0,0.0274797826228447
0,0.0274268553340464
0,0.0136665141414551
0,0.0274063137082228
0,0.0278356226314307
0,0.0292296103475784
0,0.0274143833471288
0,0.0047538806525507
0,0.0274734787101051
0,0.0274288380653346
0,0.0048273538517161
0,0.0286484125353258
0,0.0288006033874582
0,0.0254755092156684
0,0.0274220401247006
0,0.0090169547216176
0,0.0277245370530841
0,0.1085347942180544
0,0.0199447641304526
0,0.0292636843335424
0,0.0046032859749712
0,0.1466318154661317
0,0.0280102558167457
0,0.0293730722551447
0,0.0100922640057988
0,0.0235846255655713
0,0.6157316051334679
0,0.0279297238069645
0,0.0244478335163827
0,0.0292353601047797
0,0.0274551666714355
0,0.0292187762135081
0,0.0161572906965425
0,0.0274319442594391
0,0.0260310516799282
0,0.0287543251447486
0,0.0239119244008803
0,0.0291714550691941
0,0.0287315852168539
0,0.0278661794099331
0,0.0294040382212161
0,0.0048409765514714
0,0.0291099812583786
0,0.0276378102237005
0,0.0055107006304962
0,0.0274260158332861
0,0.0275820437822383
0,0.0282035084599285
0,0.0285296769832467
0,0.0289039213188029
0,0.0197718253715269
0,0.0274998389187939
0,0.028278028533106
0,0.0271514363620331
0,0.0294177675315356
0,0.0288500567728062
0,0.0048464054305837
0,0.0281618657013352
0,0.1277920980966836
0,0.0765106768669348
0,0.0076221631299023
0,0.2827765390350035
0,0.0282196621160584
0,0.0093287774762706
0,0.0274076925951661
0,0.0272812649980922
0,0.0280822780204687
0,0.0870447252529731
0,0.0173249831365519
0,0.0289473095446504
0,0.0060508313726906
0,0.0037621972872003
0,0.0289364031479186
0,0.0245392409222501
0,0.0153404318188343
0,0.0159228657118591
0,0.0276303800327475
0,0.0291794432449561
0,0.0275886392734679
0,0.0274036455344191
0,0.0100641836084334
0,0.0293163033190369
0,0.0176076488280074
0,0.0280975880197806
0,0.0286311988618596
0,0.0257183508199893
0,0.0280080366511811
0,0.0053053567450097
0,0.0292219071552005
0,0.0278939136411042
0,0.0293874191521893
0,0.0038939663874098
0,0.0274350782920206
0,0.0289263496319671
0,0.0275675482478342
0,0.0077793573422519
0,0.0293670744858101
0,0.0359953881993008
0,0.0047206839703886
0,0.0055745077878481
0,0.0277468227836513
0,0.0280805148978012
0,0.0291576408591369
0,0.0240427155338326
0,0.0274175238332522
0,0.0251180999846274
0,0.0279665909868827
0,0.0294666863428712
0,0.0281130139406352
0,0.0245539417928392
0,0.0275232688724577
0,0.0283265569705786
0,0.0036155012985554
0,0.0293183092452492
0,0.0293995670094179
0,0.0287352867261453
0,0.0125716582219164
0,0.0289132524634961
0,0.0053433407132187
0,0.0292648367649609
0,0.0063430153001208
0,0.0274088304036636
0,0.0262059992443337
0,0.0275900653293538
0,0.0280660482235228
0,0.0274363794978943
0,0.0385611875337916
0,0.029102569444229
0,0.0275457821583994
0,0.0181835388452646
0,0.0255570076651612
0,0.0029945259139743
0,0.0338074569158019
0,0.0294313187716336
0,0.0720468598464113
0,0.0289003376963325
0,0.0040262074351407
0,0.0278079507547097
0,0.0075356270173646
0,0.0202180659308457
0,0.0288236063804071
0,0.0284756019454746
0,0.0293787643519091
0,0.0051994674147831
0,0.0119402644894484
0,0.0286074701536696
0,0.0294730408250633
0,0.0290394075737538
0,0.0067100848093696
0,0.0292218914030373
0,0.0059583988285653
0,0.0284978027277008
0,0.0291438810956614
0,0.0274209575382199
0,0.0292258112302961
0,0.0520271499422397
0,0.0137156170517448
0,0.0207882767986956
0,0.0290592833406829
0,0.0053107352820464
0,0.027984769626365
0,0.0284645055870911
0,0.0280518038516198
0,0.0289992878837369
0,0.0286807070401025
0,0.9847745363445743
0,0.0061643330013795
0,0.0059079895648188
0,0.0281998272618384
0,0.0055867438733569
0,0.0190953168547136
0,0.0149398253636581
0,0.0276216069968275
0,0.343960375334974
0,0.0279914346190141
0,0.0183390584074781
0,0.0294017469036475
0,0.0276647946034277
0,0.0237678220327848
0,0.0274801892307437
0,0.0126095807969015
0,0.0275238834276379
0,0.0282269367512861
0,0.0277239147749698
0,0.0284658675492182
0,0.0286757981066429
0,0.0287900167124375
0,0.0271896931925164
0,0.0277398999424433
0,0.0776402786756069
0,0.0279398305423089
0,0.027682499604244
0,0.0044221352772693
0,0.0289837295635799
0,0.0126580489899727
0,0.0292577278152293
0,0.029398420335277
0,0.0274078653016445
0,0.0243850958859233
0,0.0199440778428627
0,0.0285731831517143
0,0.0325647624262108
0,0.1555268590771524
0,0.0105781868459178
0,0.0235035408394038
0,0.028080030231427
0,0.0289199402543014
0,0.0054740513194575
0,0.0291137890208581
0,0.0252461525435605
0,0.0274845066359371
0,0.0293900542083386
0,0.0284098736465015
0,0.0274227991825965
0,0.0294109830012214
0,0.0115774009554485
0,0.027844180511242
0,0.097269741962827
0,0.0274214940772462
0,0.0248064626612317
0,0.0274346568916666
0,0.0094487820803075
0,0.0288126546774797
0,0.0046010842992393
0,0.0104638674673829
0,0.0539948572288144
0,0.0256570385838041
0,0.007243132005405
0,0.0286529831875628
0,0.0281142806473077
0,0.0209157046457067
0,0.0118310699996753
0,0.023347197657413
0,0.0274755446172663
0,0.0018273658283516
0,0.0289488673506336
0,0.0285754271644559
0,0.0262857531332234
0,0.0285230624592186
0,0.9930742397657052
0,0.0257157309428065
0,0.0275676385149049
0,0.0289415119073128
0,0.0050080507003007
0,0.0274128978211893
0,0.1573093602539572
0,0.0284073273109553
0,0.0261371620971178
0,0.0275052056669799
0,0.0159788972052548
0,0.0238819450769529
0,0.0279880587695017
0,0.0064031362215
0,0.0278507941932065
0,0.0051827748553942
0,0.0293132113116794
0,0.0274360551678245
0,0.0275349496970133
0,0.0616184855383444
0,0.0288393571555301
0,0.027433590598759
0,0.029391661774638
0,0.013657876727567
0,0.0286911815840569
0,0.0176516735055333
0,0.0286767001158919
0,0.0106275045484729
0,0.0290957925199993
0,0.0062503656845944
0,0.0291302775050932
0,0.0111675024019378
0,0.0282721841291002
0,0.0285237738318946
0,0.0239582946342188
0,0.0116098902645993
0,0.0280599933457274
0,0.0056775524062587
0,0.0200040974283326
0,0.0293991007006505
0,0.028548724613526
0,0.0293359154010968
0,0.0102687081822941
0,0.0084737006384384
0,0.0282826887993873
0,0.0284972403122268
0,0.0034957912567429
0,0.0294507841807643
0,0.0088542982263903
0,0.029289783665379
0,0.0376255351397056
0,0.0269366761183449
0,0.0276616472177659
0,0.0276034104143879
0,0.0281482545203963
0,0.0040950640134101
0,0.0074623198571266
0,0.0274654249066983
0,0.6677865090874464
0,0.0290505579704463
0,0.0372673971088491
0,0.0274641030816244
0,0.0130618715179541
0,0.0274560102189529
0,0.0287267765371812
0,0.0274308582424096
0,0.028620135752919
0,0.0293097050743492
0,0.0276652733089504
0,0.0278826591974561
0,0.0012908739497479
0,0.0274528649062049
0,0.0282879405908604
0,0.0274699802298097
0,0.0303691495004211
0,0.0285398843729689
0,0.0079260564286007
0,0.0052958766826131
0,0.1900093250480485
0,0.0282062667761974
0,0.0294282516399981
0,0.0281128191971387
0,0.0279768597593072
0,0.0291846996019356
0,0.0274927591003486
0,0.006185107982288
0,0.00603483575307
0,0.029066576406596
0,0.0047225337512306
0,0.0055971977404986
0,0.0273673821403186
0,0.0276632104922599
0,0.0393432791779517
0,0.0099915598238145
0,0.0247282764801658
0,0.0265144165901058
0,0.0275034249201578
0,0.0286251877451233
0,0.0271655080044985
0,0.028831873695194
0,0.0080693322303928
0,0.1797281565002436
0,0.9935656277044428
0,0.0037796324637182
0,0.027982444043342
0,0.0200561703541139
0,0.0277772537180652
0,0.0293244407829388
0,0.1099577947053618
0,0.0258982548748327
0,0.0327951898485923
0,0.0294274828969684
0,0.026967543847653
0,0.0233953453724717
0,0.0097040167775684
0,0.028805612177048
0,0.0282524985944225
0,0.0276695626647341
0,0.0030952428851012
0,0.0279359602717703
0,0.0291623112721774
0,0.0275665911902167
0,0.0271899516445718
0,0.0266451735005199
0,0.0266805531403357
0,0.0274964225307138
0,0.0448207529124686
0,0.0234076921807887
0,0.0274946951227968
0,0.0157757956266204
0,0.0286256837461609
0,0.0222383658610597
0,0.0294435434083659
0,0.0092044796009773
0,0.0276425248040602
0,0.003815118166588
0,0.024981283580482
0,0.0291401476625252
0,0.0294018948660481
0,0.028662890334354
0,0.0206822661882039
0,0.0283023071312163
0,0.0293525871131555
0,0.0274477038049334
0,0.0288422489076855
0,0.0250578459372658
0,0.027181229881847
0,0.0104242054879325
0,0.0064758513635317
0,0.0293124174386429
0,0.0294314222742008
0,0.0195499295529353
0,0.0053777393830776
0,0.0291297670662434
0,0.0275053603408061
0,0.0276156536759718
0,0.0288459331121419
0,0.0292786308480919
0,0.0277850862120755
0,0.0490709868764676
0,0.0277243667512097
0,0.0138545832565294
0,0.0288773729311721
0,0.027223073030842
0,0.0870087748777027
0,0.0293211925080742
0,0.0289592443258402
0,0.0276250148950533
0,0.0144239485289165
0,0.0019383066830092
0,0.0287082825795823
0,0.0295963848557642
0,0.0085491599400018
0,0.0268807550566645
0,0.0272445997038905
0,0.0274102535340008
0,0.025925118575197
0,0.0275722922560752
0,0.0277976150489794
0,0.0570492906314912
0,0.028113782489452
0,0.0283079418369063
0,0.0279996175104608
0,0.0326585236601654
0,0.0050311863771857
0,0.0215978716526897
0,0.0236187278281323
0,0.0290406708380132
0,0.0291613106126245
0,0.0289779455953061
0,0.0293195124926388
0,0.0293336154808999
0,0.0279953458719274
0,0.0293762792262258
0,0.0216684638805194
0,0.0236873073717114
0,0.0066144505035782
0,0.0280472406193152
0,0.0211504187326059
0,0.0274193888618923
0,0.0268313057800953
0,0.0279814444164729
0,0.0275964566155676
0,0.0235412248935194
0,0.0059360509893298
0,0.0233156902984995
0,0.0283803733782798
0,0.0277054588981227
0,0.0210064295269292
0,0.0497690776931377
0,0.0091874139121428
0,0.0226023762133118
0,0.0045709872762594
0,0.0277807256905673
0,0.0077696088863199
0,0.0264466596546056
0,0.880221100299931
0,0.0274388476632492
0,0.0136146778288636
0,0.0292962549910127
0,0.0275982550661112
0,0.0022884934428322
0,0.029455675232801
0,0.028221895454893
0,0.0054069321509572
0,0.0049004447132061
0,0.0236204874198635
0,0.0243143077779311
0,0.2828280547637583
0,0.027858110522594
0,0.0208375277129736
0,0.0161248722397297
0,0.0284094307750726
0,0.02787155261154
0,0.008903729223772
0,0.0289033250621397
0,0.0042933279597068
0,0.0274871735976472
0,0.0485942720081285
0,0.027824938509646
0,0.0286565733641764
0,0.0276917676550971
0,0.0236682052799534
0,0.0275611006026773
0,0.0293998398083659
0,0.0334041006332187
0,0.0285067858808325
0,0.0253161313566708
0,0.028348104908613
0,0.0250086592977705
0,0.0274473477164528
0,0.027556520668693
0,0.029057545253078
0,0.028706149965262
0,0.0281555289708812
0,0.0275038442737663
0,0.011187060517115
0,0.0280923283968892
0,0.0276763950759139
0,0.0090723429237981
0,0.0288621026561441
0,0.0281249378426246
0,0.0190609857539971
0,0.0281570769659764
0,0.0363611014777703
0,0.0043553761363748
0,0.0274214547920849
0,0.0292989038645221
0,0.025415133322927
0,0.0398869490266639
0,0.0283434894742691
0,0.0425679895103404
0,0.0277157309013479
0,0.0274195824411114
0,0.0275016373451186
0,0.0274944442729479
0,0.0270699152505421
0,0.0275349214648405
0,0.0274206549418582
0,0.0290449541954621
0,0.0275928004186338
0,0.0285051280425794
0,0.0290902406457751
0,0.0293621046328262
0,0.3243826541456248
0,0.0233197319357206
0,0.0070262678012558
0,0.0204330010527555
0,0.027782213336701
0,0.0275303061881768
0,0.0074569969626143
0,0.0272526878625444
0,0.0057374411842653
0,0.0259331829196886
0,0.0265762554773076
0,0.0275116822129809
0,0.0146900190827227
0,0.0281875610737276
0,0.0280923641034723
0,0.0285465273859989
0,0.0144901318369199
0,0.0286514038752355
0,0.0281156693519289
0,0.0282978679314059
0,0.0293337054937642
0,0.0282415535235756
0,0.0275279528322925
0,0.0260680009933972
0,0.0057182960752887
0,0.0274528649062049
0,0.0140058993852386
0,0.0254086098399017
0,0.0082922335378191
0,0.0240686497786684
0,0.0118065676278422
0,0.0280102990176605
0,0.0290802972760848
0,0.0290786938668916
0,0.0113168028300176
0,0.0287773976944559
0,0.0263878892465055
0,0.0286057795033325
0,0.0126904725412326
0,0.0282576445029227
0,0.4706994603547952
0,0.0048718318952232
0,0.0274594995685065
0,0.0288137687968986
0,0.4679042254367206
0,0.0281387314300254
0,0.0074154647060599
0,0.0641589048080275
0,0.0282378871611189
0,0.0277755180618117
0,0.0277739496585916
0,0.0066173863893942
0,0.0290147776448715
0,0.0085872571170082
0,0.0219447909691618
0,0.0085576006150449
0,0.027409331925187
0,0.0279630238820473
0,0.0101171162315028
0,0.0277521949781109
0,0.0099648958474585
0,0.0293726451666702
0,0.0155581834868381
0,0.0109128735968807
0,0.0275676385149049
0,0.027920474998112
0,0.0290658598560653
0,0.0278457405016033
0,0.0289935810723029
0,0.0212002985922548
0,0.012343107133103
0,0.0060706787236705
0,0.0286892450881903
0,0.0277372578453452
0,0.0190549968302048
0,0.0183143593037703
0,0.0056321235323465
0,0.0249955161667058
0,0.0293426635051855
0,0.0277533299922824
0,0.0287499534222821
0,0.0275447986969923
0,0.0280448336779377
0,0.0278381013434033
0,0.6624119736503137
0,0.027412228980431
0,0.0295163074671454
0,0.0208116181155308
0,0.0285592285355386
0,0.0267873338007306
0,0.0103572375111839
0,0.0289572929878697
0,0.0288704784103512
0,0.0274180116298274
0,0.0114428412531108
0,0.0294033255824063
0,0.0286287256980873
0,0.0276458344348727
0,0.0281445087387183
0,0.029343889874364
0,0.0112856288548659
0,0.0294020394349614
0,0.0275689799555799
0,0.0041630751364715
0,0.0292486930164465
0,0.0279223639734003
0,0.0200186411747245
0,0.0244132450392964
0,0.028991167330442
0,0.0050459618307417
0,0.0281260650282241
0,0.0230241352049159
0,0.028809101610761
0,0.0283683368895815
0,0.0148557970937613
0,0.0043510359066648
0,0.0056494624797992
0,0.0283277725870818
0,0.0402446932172681
0,0.0291700592042975
0,0.0273868191275839
0,0.0280304553889523
0,0.0293171695728429
0,0.0239219126912958
0,0.0294045705305054
0,0.027713264943167
0,0.029315690761639
0,0.0278968569690168
0,0.0102754204211671
0,0.0277722678774792
0,0.0185407052379407
0,0.0274727415334597
0,0.0291158960872419
0,0.0275144553027562
0,0.0240082950811682
0,0.0161895850078037
0,0.0275322399707239
0,0.0287160502562045
0,0.0274107294237026
0,0.0280968810900526
0,0.0217696326587913
0,0.0042208451557033
0,0.0073983723156878
0,0.0279680134017196
0,0.0345232786511036
0,0.0285713601203474
0,0.0704322395056172
0,0.007224047100997
0,0.0248824318450448
0,0.0274177349775388
0,0.0282812831900487
0,0.0277915476120754
0,0.0279822407947215
0,0.0281280635603532
0,0.0282086703998932
0,0.0282895794249671
0,0.0291928687673191
0,0.0291709463637709
0,0.0286892770980132
0,0.0294442114371958
0,0.0278919632710025
0,0.0275503533144329
0,0.029192459900786
0,0.0191672197144674
0,0.0062549997199807
0,0.0280759004011701
0,0.0274135041004149
0,0.0293959302572122
0,0.0114715237270363
0,0.0274076925951661
0,0.0065853524193247
0,0.0285602369342015
0,0.0289198367480055
0,0.5747975735058667
0,0.0357748016385323
0,0.0053687848416616
0,0.0034290705660373
0,0.019240610532715
0,0.0286297542041341
0,0.0279050723848053
0,0.0125217114116254
0,0.0102439490416562
0,0.0446672125627819
0,0.0069671803309468
0,0.0273561329403883
0,0.027609787054084
0,0.0244618247315552
0,0.0041335172946335
0,0.0276900543442601
0,0.0272167600226719
0,0.0083339735908133
0,0.0291717586428946
0,0.0281138677939571
0,0.0277480577356805
0,0.0048886060464852
0,0.0275776646211309
0,0.6113727628442448
0,0.0274206912126965
0,0.0273972345490892
0,0.006626555879552
0,0.022204317655072
0,0.0292200089881078
0,0.014515061360753
0,0.0274131557572166
0,0.0283726365860233
0,0.0294462343172142
0,0.0243579655901703
0,0.0289697102861495
0,0.02158555668218
0,0.0020108782418038
0,0.3234219958052344
0,0.0293944329619433
0,0.0425824493214325
0,0.027471612605796
0,0.0277168536137549
0,0.0281095441422051
0,0.027465560416352
0,0.0292890523070394
0,0.003826380041226
0,0.0275499634434293
0,0.0274222791523957
0,0.0284900982005575
0,0.0290131198725046
0,0.0055158658096045
0,0.0274461896465398
0,0.0279658065788838
0,0.0282034720142304
0,0.0125041451745349
0,0.0279763888305082
0,0.0252880706808882
0,0.0049056712929116
0,0.0069639142110988
0,0.0275791113824457
0,0.0273945315685759
0,0.0276761468832676
0,0.0748889162798398
0,0.014193342978922
0,0.005267026179547
0,0.0066111583875708
0,0.0276307814295794
0,0.0282661742749355
0,0.0275533872167143
0,0.0276982937286625
0,0.0039068658399409
0,0.0131253428664721
0,0.0293440052461047
0,0.027491878789776
0,0.0065147006987541
0,0.0288647254431094
0,0.0289154122804619
0,0.0284463473714451
0,0.0305929378522095
0,0.0279556556304945
0,0.0266274109402499
0,0.0248955619620772
0,0.0231737041225893
0,0.0050231677028438
0,0.0294721412125703
0,0.0252880706808882
0,0.0291836642377722
0,0.0255375085970712
0,0.0047287474695228
0,0.0288084486629672
0,0.0293067479994584
0,0.0294035225119109
0,0.0277738107574783
0,0.0277501685830695
0,0.0260611236973884
0,0.0274372989178287
0,0.0081117941106405
0,0.0277137577348454
0,0.0143886713235619
0,0.0278877338987857
0,0.014142177324747
0,0.0020469841385695
0,0.0272908999382612
0,0.0257896229679673
0,0.0275737934821957
0,0.0054665853879775
0,0.0284167876309032
0,0.1245938103223345
0,0.0203582678443919
0,0.0275846908995171
0,0.0244754799845242
0,0.0028353015702395
0,0.0281684108416843
0,0.0292080374116436
0,0.0263733770441764
0,0.0233035356767047
0,0.0139310789696069
0,0.005156812777022
0,0.0293990531498915
0,0.0221745094336326
0,0.0151573236063504
0,0.0282474030868578
0,0.0292623329072546
0,0.005250264328371
0,0.0276085851779384
0,0.0279359084615214
0,0.0278661794099331
0,0.0274079905296774
0,0.0281222607226097
0,0.0097641354959641
0,0.0275676442075248
0,0.0198567979888009
0,0.0278537809044008
0,0.0274564979494402
0,0.0242318693079466
0,0.0134790867791679
0,0.0274136088622029
0,0.0238086445148413
0,0.0080884159678414
0,0.0047358735662915
0,0.0079456720138507
0,0.0451702242897849
0,0.0274520447289973
0,0.028187601000914
0,0.0033335231387256
0,0.0277001582151249
0,0.0288805345518028
0,0.0249391501638614
0,0.0276707575244263
0,0.0274162578585675
0,0.0284452278395611
0,0.0289813152479759
0,0.0275569392079215
0,0.0226468871360246
0,0.027425905876529
0,0.0328465626843563
0,0.0241275523603604
0,0.0294664221787994
0,0.0103183484892453
0,0.0279594588165247
0,0.0045817758293245
0,0.0280595821660396
0,0.0288624002271651
0,0.0077312054558602
0,0.027562888634765
0,0.029416056407501
0,0.0274212340959747
0,0.0212933098301427
0,0.0288895249726394
0,0.011244946259168
0,0.0293698714449362
0,0.0292522284489922
0,0.027436246022799
0,0.0277300131556202
0,0.0293876762108894
0,0.02940568171965
0,0.0914656516376452
0,0.0288255638014611
0,0.028832326280584
0,0.0064293671445193
0,0.0937915312331013
0,0.0277962728016904
0,0.0284853099514878
0,0.0290167858370402
0,0.0275861212911732
0,0.0288193321362901
0,0.0275056993907832
0,0.0049475096926773
0,0.0150563300885007
0,0.0276297461813292
0,0.0287730431625445
0,0.0277657924658877
0,0.0277748417978776
0,0.006180456418601
0,0.027562373118815
0,0.0278461564495993
0,0.0289943432203762
0,0.0294021410886244
0,0.0284825829583656
0,0.028634945845096
0,0.9517966388063503
0,0.0292635609255829
0,0.0112366884274578
0,0.0278046888156562
0,0.0406324590423446
0,0.0277137577348454
0,0.0055609567362703
0,0.0046017468308568
0,0.0279552457218226
0,0.0142474187777827
0,0.0128661420362825
0,0.0274615823952672
0,0.0191522430265073
0,0.024428060391869
0,0.0179903067009113
0,0.0105292157083764
0,0.0289935503274895
0,0.028153008452317
0,0.0060097449748771
0,0.0154652221842159
0,0.0275888434004492
0,0.0172355665036521
0,0.0233131031483026
0,0.0274688085175609
0,0.051460835387568
0,0.0283782128089555
0,0.0054789370981412
0,0.0274265200740244
0,0.0191267132897996
0,0.0251085438607229
0,0.0203105105802724
0,0.021745243895966
0,0.4479331337067145
0,0.0285381073917945
0,0.0236927873647383
0,0.0291550916509708
0,0.0051271750625547
0,0.0274915437920386
0,0.7488072993173762
0,0.02781304372916
0,0.0258991108421975
0,0.0278187060084515
0,0.0288736793422339
0,0.0183750809263368
0,0.0407925439928523
0,0.0276672060850132
0,0.0294053635256959
0,0.029183540997026
0,0.0263159616074357
0,0.0294100259158213
0,0.0091568178646332
0,0.0285286551210716
0,0.0292662486458552
0,0.018682876830281
0,0.0292723456026672
0,0.0288131762086367
0,0.0121336841920214
0,0.0295537283490416
0,0.027946676740836
0,0.0249868141110436
0,0.0059998647776367
0,0.0281655294473159
0,0.0291731931170432
0,0.0277075639339367
0,0.0291135398588122
0,0.0274333973348443
0,0.0284028622522223
0,0.0079381218355029
0,0.0277040171610604
0,0.0276216078318943
0,0.0287863233588525
0,0.0210125121389023
0,0.0086915394868693
0,0.0173479959311513
0,0.0295798427086396
0,0.0186854141945997
0,0.0274278711083537
0,0.0236071088378856
0,0.0275330663031645
0,0.0266907630154842
0,0.0276937336105623
0,0.0274794215116933
0,0.0149764738586443
0,0.0143705785981591
0,0.0281059744095586
0,0.0244300206982998
0,0.0280518956918882
0,0.0037097817051614
0,0.0045117202201928
0,0.0286392207576312
0,0.0275077069783906
0,0.0284001669117306
0,0.0284447120162622
0,0.0274147148082521
0,0.0291992493886628
0,0.0285215268283323
0,0.0288413676422696
0,0.0221920677840352
0,0.0274100375436036
0,0.0288584380835915
0,0.0065270828955411
0,0.0436018980040393
0,0.0275287504584137
0,0.029449950855016
0,0.0549045840214647
0,0.0287861227907457
0,0.0279550747238356
0,0.0295580573283232
0,0.0205827079725525
0,0.0288242495005382
0,0.0277465243046977
0,0.0337274184763506
0,0.029341972798183
0,0.0048940042736556
0,0.0316970215903583
0,0.0284088000498752
0,0.0282567737465812
0,0.0236013127000502
0,0.0281479147996295
0,0.0196010931080451
0,0.0044080487565587
0,0.0055093897069344
0,0.0284605028558051
0,0.0294514471553914
0,0.0292163153863339
0,0.0275510102998504
0,0.0275456879636592
0,0.027413932524479
0,0.0047900553613063
0,0.0293711637965496
0,0.0275749968135515
0,0.0277680120333883
0,0.0535475485143754
0,0.0292649948620981
0,0.0282670914164308
0,0.0275102806020482
0,0.0276844387033229
0,0.0292077703700773
0,0.0282803484746106
0,0.0055188024832817
0,0.0048722975022119
0,0.0274105722573263
0,0.0273978226293537
0,0.0077562083348888
0,0.0280552801000438
0,0.0294347166685273
0,0.0066445119411056
0,0.0172978927411558
0,0.0292193402358609
0,0.0292316837420448
0,0.0274206836866737
0,0.0279376730890566
0,0.0293047814549189
0,0.0253168258344313
0,0.0163987406718084
0,0.0036576718865151
0,0.0274310729094372
0,0.0290640278860393
0,0.0273965185745893
0,0.0236342310429649
0,0.0277266843728037
0,0.0261891448252469
0,0.0041555345361288
0,0.0281177021082925
0,0.0289490703589872
0,0.0289342640941558
0,0.0278994969321784
0,0.0027962580142888
0,0.0033903049304997
0,0.0088399325556396
0,0.0123818018214281
0,0.0247434613079921
0,0.0177575945266227
0,0.0244619346415797
0,0.0287058083081324
0,0.0289333426501131
0,0.0274765887722572
0,0.0128045637192397
0,0.0279929533544604
0,0.0031859730378074
0,0.0293916178211725
0,0.0207299118749009
0,0.027791946485191
0,0.0293895415621555
0,0.0275400393101554
0,0.0165784916752936
0,0.0144162417738947
0,0.0276562244430703
0,0.0244844631334807
0,0.0281565822539877
0,0.0168713117490737
0,0.027832362673562
0,0.0278702231203523
0,0.0291335967587335
0,0.0281629208912606
0,0.0057278289608478
0,0.0081006321326117
0,0.0295295910452078
0,0.0277032447967251
0,0.0290304067385733
0,0.0230762203652147
0,0.0118843270421152
0,0.0050067559626113
0,0.0283572499907734
0,0.02755062334034
0,0.0276977061470365
0,0.0289189102822897
0,0.0138716641680275
0,0.0275232149326071
0,0.0278933537136939
0,0.0292003798114675
0,0.005581788153017
0,0.0268955408751419
0,0.0292880636066454
0,0.0274684468911363
0,0.0289562238439689
0,0.0287661950658895
0,0.0096382179496287
0,0.0293083627452803
0,0.0218123609918488
0,0.0066032912727228
0,0.0294540045673253
0,0.029147269688232
0,0.0083029320787308
0,0.0293686929714118
0,0.017854153510739
0,0.0286561182053653
0,0.0290208208840649
0,0.0275373095547705
0,0.0278832239320369
0,0.0267400967711613
0,0.027436425390113
0,0.0124533507380607
0,0.027008109229051
0,0.025017720861245
0,0.0265354025377309
0,0.0275228370881478
0,0.0190494613227752
0,0.0082510861267156
0,0.0282419531727727
0,0.0098972000701225
0,0.0274132939140723
0,0.0055261688630464
0,0.0834977635294983
0,0.0295088468854421
0,0.0272174229064254
0,0.0162833582195083
0,0.0043756554888447
0,0.0275064533650695
0,0.0243386922574893
0,0.0245903326903191
0,0.0273884269326531
0,0.0289578597212562
0,0.0294025168896091
0,0.0284717769363776
0,0.0293125234455505
0,0.0198819504807985
0,0.0257540413963713
0,0.0249337869507503
0,0.0283263070445328
0,0.0277103717408113
0,0.0277064749434414
0,0.0274243896869483
0,0.0129473654377331
0,0.0279405968735489
0,0.0071266037100232
0,0.0305442770983959
0,0.028278372530113
0,0.0284239944649862
0,0.0264975540785631
0,0.0277941035345541
0,0.0285576718305239
0,0.0046446522047439
0,0.0071120200818002
0,0.0291038496957366
0,0.0280854591816813
0,0.0045287867872036
0,0.0275602010954341
0,0.0294391196882698
0,0.0123251048473148
0,0.0279072238869052
0,0.025201668941516
0,0.0137001447572432
0,0.0282828150367454
0,0.0263611524516005
0,0.0304875070895985
0,0.0275799298676657
0,0.0278579991719041
0,0.0294006698673584
0,0.0053329674989704
0,0.0206213670311821
0,0.0108574063108359
0,0.028632318312665
0,0.0292043956639752
0,0.0078701655435837
0,0.018016855374351
0,0.0212452738817259
0,0.0268243263086618
0,0.0274350960503008
0,0.0229664342077035
0,0.0088107696315835
0,0.0274424150252928
0,0.0254533159634358
0,0.0144506233487902
0,0.0285121013855386
0,0.0274218465197864
0,0.0107510733916446
0,0.0159848285779553
0,0.2161982643199308
0,0.0626456974343208
0,0.016283797706979
0,0.1447340496776717
0,0.0254159097905667
0,0.0288139739931028
0,0.0275810351346746
0,0.0286909384784778
0,0.0200501995540387
0,0.0754590096496883
0,0.0039921829876761
0,0.0398277059257973
0,0.0140101894308123
0,0.0274938852820859
0,0.0053687987257756
0,0.0105801650258813
0,0.0274325524183914
0,0.0289754617024039
0,0.0148839943803893
0,0.0044844185889674
0,0.1047140956507101
0,0.0039095253765612
0,0.0258880632020355
0,0.0276567122129984
0,0.0274277170690664
0,0.0287811622329138
0,0.01301023672311
0,0.0290891820393675
0,0.0286358611024283
0,0.0279938114109101
0,0.0106060548519673
0,0.0149727850927344
0,0.1194516040649697
0,0.017376589487276
0,0.0356085988719231
0,0.0290931163055455
0,0.0213665955948961
0,0.93365689795425
0,0.0278305805461751
0,0.0274950125548646
0,0.1175051136733344
0,0.0238860306795545
0,0.0274880791605982
0,0.0278070459460082
0,0.0167801029066784
0,0.0259729072633446
0,0.0275414048626559
0,0.005693289531956
0,0.0275951407104956
0,0.0133244095860473
0,0.0275038442737663
0,0.0286779283004955
0,0.029271782211735
0,0.0038266823548573
0,0.0072839973355985
0,0.0292761332286826
0,0.0293208568103467
0,0.0277898795139443
0,0.0294130273735057
0,0.6531012655101456
0,0.0277252261451226
0,0.0269352923663662
0,0.0276496826806083
0,0.0047793741413518
0,0.0276686450222042
0,0.0756858441886799
0,0.0070546119870179
0,0.0128429394262031
0,0.0289935503274895
0,0.2164902347605901
0,0.0290679576008382
0,0.0293246852231644
0,0.0293522057883283
0,0.0293566669729219
0,0.0071828976807248
0,0.0483335362781563
0,0.0274107802748179
0,0.0163273404651142
0,0.0277604437909421
0,0.0913380316616883
0,0.0112812792347689
0,0.0295319036823099
0,0.0276409860981541
0,0.0281637220524057
0,0.0036775342621662
0,0.0274148376145694
0,0.0281021963258631
0,0.0289114852573988
0,0.0281588442602798
0,0.028397476779154
0,0.0292862209611112
0,0.0286809868397693
0,0.02436913098522
0,0.0292211408192994
0,0.0039306385796606
0,0.029522009900821
0,0.0281077628213628
0,0.0120475270971516
0,0.0124380285624525
0,0.0277090696420841
0,0.0076602572724605
0,0.0278188082798898
0,0.0277203425928588
0,0.0292175659418629
0,0.0288969584736785
0,0.0085087715201353
0,0.0275999197502416
0,0.0090188062153523
0,0.0274167074258924
0,0.0290104394137893
0,0.0277215904330483
0,0.0274172762540472
0,0.0045462066745562
0,0.0286802683140699
0,0.0281920158938872
0,0.0030248859500836
0,0.0277162363506518
0,0.029210834917328
0,0.0278299336770934
0,0.0264557191976098
0,0.0292576844424145
0,0.0281095441422051
0,0.0284380660378973
0,0.0280260781111103
0,0.0212696078276778
0,0.0045090270866499
0,0.0274226133652798
0,0.0293602004360729
0,0.0092423578540372
0,0.015966082450895
0,0.0161791863156834
0,0.0277418555101725
0,0.0278075871351211
0,0.0289199402543014
0,0.0118365639017952
0,0.0274748531510474
0,0.0274546339884961
0,0.0488437120859061
0,0.0405128364588454
0,0.0279173221271395
0,0.0061555738306557
0,0.0282526280045168
0,0.0198227370961245
0,0.0058898846777514
0,0.0327931105812685
0,0.0181648132147328
0,0.0277657559141237
0,0.0038135603830356
0,0.0067199049869628
0,0.0287317524029791
0,0.0074691094469028
0,0.0285022918973105
0,0.0292005736148929
0,0.0104154906356044
0,0.0276097274873751
0,0.0284196547742512
0,0.0280571627181132
0,0.0330131966749306
0,0.0274759130727851
0,0.0069510212635375
0,0.0279828087226363
0,0.0274319511368538
0,0.0293709745880745
0,0.0275119960821336
0,0.0286203704783699
0,0.1519837638744209
0,0.0276166826744819
0,0.0278616493981636
0,0.0280115357580717
0,0.0292558030908204
0,0.03375646110508
0,0.0173065926727465
0,0.0293354048972471
0,0.0284179310605344
0,0.0254457821158412
0,0.0279594588165247
0,0.0290825743697769
0,0.0049998195737444
0,0.0260043605332891
0,0.0045328840693878
0,0.0048689613302966
0,0.0284153374925901
0,0.0185049604078185
0,0.0801137089158848
0,0.0167759360105323
0,0.004528245772876
0,0.0274811710527838
0,0.0567709091230422
0,0.6492772641800856
0,0.0276168823849415
0,0.0255039130859394
0,0.0287696936235972
0,0.024183918319833
0,0.0239721436927182
0,0.0282135511281614
0,0.0265968394570388
0,0.0102048377521649
0,0.0134562349653854
0,0.0080696802371169
0,0.0273769888337277
0,0.0286458444445982
0,0.0238689566550399
0,0.0274363794978943
0,0.0191186872598202
0,0.0282555028403767
0,0.0277031550479386
0,0.0277818112135449
0,0.0292376923699176
0,0.0274747919119774
0,0.0037844737888398
0,0.0292740695425151
0,0.0032461570240753
0,0.022384942088324
0,0.0277259117819112
0,0.0294072460841592
0,0.0137331587191696
0,0.0275738552677101
0,0.0235907339605972
0,0.0178290730481522
0,0.0286752350277717
0,0.0294499631980798
0,0.0276369092550395
0,0.0438152640935159
0,0.02753362699678
0,0.0129934072529503
0,0.0283633864100559
0,0.0251221814929292
0,0.0274539385484219
0,0.0297900477176929
0,0.0126177769576936
0,0.0274149619239364
0,0.0244068978701796
0,0.0263535224143654
0,0.0041896206738289
0,0.0281156693519289
0,0.003663768730047
0,0.0231928942201187
0,0.0289488673506336
0,0.0252241611294229
0,0.0284577731765192
0,0.0292438776927776
0,0.025386825897084
0,0.0290745421843704
0,0.0233715634080065
0,0.0288647148761439
0,0.0292113629416262
0,0.0140237050200275
0,0.0292231812288043
0,0.026018342405754
0,0.0285155115581585
0,0.0288669714540723
0,0.0281283741382829
0,0.0031117883583859
0,0.0292943783842214
0,0.9793639893341554
0,0.0125114821473578
0,0.026020750638891
0,0.0276293740387259
0,0.0260415354998885
0,0.0079463310822033
0,0.0191409734745284
0,0.028487037802785
0,0.0286083809158213
0,0.0286599609176492
0,0.0285008821506672
0,0.0248074268891425
0,0.0282037394326443
0,0.0272158319445311
0,0.0291085216445176
0,0.0279892819642688
0,0.0175351524362713
0,0.0293266587264385
0,0.0046236638073993
0,0.02828555809207
0,0.0292220640248902
0,0.025793795143375
0,0.0064234770702599
0,0.0292876848787537
0,0.0183502923717859
0,0.0258107539293535
0,0.0044376795949792
0,0.0293993278703119
0,0.0049216912455034
0,0.0281803246576103
0,0.0275488278677135
0,0.0565269989544438
0,0.0290723135986842
0,0.0247991804256935
0,0.0139090831681338
0,0.1902447393252675
0,0.0272464974592626
0,0.0283996515490585
0,0.0154944752224123
0,0.0283324552248515
0,0.0179094908587103
0,0.0286998496378965
0,0.0282108112193029
0,0.0240090337189404
0,0.0274567873343054
0,0.027518766579307
0,0.027444062587642
0,0.0291848170041245
0,0.0028064204652358
0,0.0052064793261048
0,0.0273338227914916
0,0.6026348075135495
0,0.0275061835264791
0,0.0233395213478448
0,0.0114429444099812
0,0.0277550469533549
0,0.0293699974538302
0,0.0290808635003646
0,0.028447085011123
0,0.0263514387213389
0,0.0243131910793084
0,0.0274062670487697
0,0.0282244378020163
0,0.1563693814034182
0,0.0248213874394606
0,0.0473047480900602
0,0.0043749162463893
0,0.0285697513951569
0,0.0278735526920341
0,0.0243632824685032
0,0.0277477364520684
0,0.0280640310784352
0,0.0281715462385344
0,0.0287713285070173
0,0.0287484718855384
0,0.0029947686729928
0,0.0287501527833374
0,0.0275025270618341
0,0.0164804390873605
0,0.0226728232844186
0,0.0226891429821513
0,0.0287213518093853
0,0.0290589320254229
0,0.0278654242110436
0,0.0280707375633086
0,0.0111047477069325
0,0.0282238432915817
0,0.0192242965965703
0,0.0882619398898898
0,0.0275224310210639
0,0.0265241375613015
0,0.0277004866962204
0,0.027528136060864
0,0.0280016770366476
0,0.0103689949675229
0,0.0279058105793676
0,0.0036193021340375
0,0.0075230782639883
0,0.0085984752955434
0,0.0288245394220311
0,0.0226723263585516
0,0.0277425378638088
0,0.1337016823209166
0,0.0290860480757696
0,0.0275295040815356
0,0.0058005331018063
0,0.0276631140565008
0,0.023867059061817
0,0.0294943611182558
0,0.028202979671363
0,0.0275588256359434
0,0.0290133680455581
0,0.0039219041570527
0,0.0290123217249617
0,0.0268921811188075
0,0.0274251564432078
0,0.0912440792021667
0,0.0278222427855427
0,0.027989777007446
0,0.0284233360301094
0,0.0281057482263884
0,0.0310537217534646
0,0.0286718216820642
0,0.0400876918546834
0,0.0180926482963771
0,0.0285915968888808
0,0.0281921139279418
0,0.012774462821017
0,0.0274310401329198
0,0.0204674453442673
0,0.004644710027567
0,0.0265283943979047
0,0.0275611006026773
0,0.0294335743101339
0,0.0066852805337187
0,0.0280974803575676
0,0.0275340551185471
0,0.0294620210590559
0,0.0274475968634926
0,0.0292419613418969
0,0.0321215844191651
0,0.0274446432342668
0,0.0281695710493937
0,0.0283534351562571
0,0.2095925504099274
0,0.0285518253005577
0,0.028278028533106
0,0.0132035905594862
0,0.0285233345127057
0,0.0033051851479647
0,0.0278049719141938
0,0.0279670174419288
0,0.0274865936799357
0,0.0277213751709946
0,0.0274140821705291
0,0.0507276692204444
0,0.0070745409236596
0,0.0292289684001447
0,0.0145067297794678
0,0.0293518364178256
0,0.0202167859198143
0,0.0056366359418579
0,0.023350869135007
0,0.0277173377064589
0,0.0275982988487085
0,0.0274104204935531
0,0.0290869874682657
0,0.0194529103172971
0,0.0274187820013439
0,0.0099941195659928
0,0.0279077908936713
0,0.0247237550476423
0,0.1902358712619796
0,0.0048880078964746
0,0.0147511870429135
0,0.0671372774679026
0,0.0282091769265745
0,0.0285266329730867
0,0.0280960193461178
0,0.0276011938581746
0,0.0274951636573475
0,0.0285928049226947
0,0.0175351524362713
0,0.0276299273623142
0,0.0233021772232183
0,0.0287611915218425
0,0.0185966646017089
0,0.0293393317871354
0,0.0077115524806309
0,0.0108350856257906
0,0.058686720818485
0,0.0190587046134331
0,0.028728765708316
0,0.0240694387042766
0,0.0286589143158873
0,0.0289372893463623
0,0.0273818541812442
0,0.0293413466250228
0,0.02743431389324
0,0.0267758910334872
0,0.0278809384822024
0,0.029245524880383
0,0.0073197567480954
0,0.0238576452703898
0,0.0066962216002457
0,0.0165961958674145
0,0.0281392262291986
0,0.0073674422136343
0,0.0276126936895028
0,0.0274629511414748
0,0.0275029026852597
0,0.0263750384978764
0,0.0124994648822168
0,0.080615559192749
0,0.0284231115640404
0,0.0282076114155358
0,0.0036815535998821
0,0.0275897278199195
0,0.0039187433111938
0,0.0289769488975722
0,0.0197851802544906
0,0.0288597268080343
0,0.0045428372434326
0,0.0278049628440341
0,0.0274747904161789
0,0.0283419957912404
0,0.0277201555010612
0,0.0042355934063634
0,0.0276798715036443
0,0.0034949541367489
0,0.0211430321658244
0,0.0280547169919332
0,0.0281070644643126
0,0.0353107233854659
0,0.0285027168599256
0,0.0282500980411202
0,0.0283581688078817
0,0.0274589339205017
0,0.0238684072038216
0,0.0286589702595688
0,0.0010635407991763
0,0.028198321968062
0,0.0216516972624651
0,0.0292635105096713
0,0.0207877134435152
0,0.0108456286209905
0,0.0059769823958987
0,0.0039702515821121
0,0.0220795896693276
0,0.6292710554431331
0,0.0060872766168158
0,0.0281272817806841
0,0.0283538499353256
0,0.0279571851201445
0,0.0287872646091458
0,0.0289488803561389
0,0.0045890687862332
0,0.0274264667269918
0,0.0219945428256437
0,0.0274161182450033
0,0.0286119246031358
0,0.0274056000869905
0,0.0074271398745313
0,0.0294982513082588
0,0.0095523968719619
0,0.0232864563663739
0,0.027893062389765
0,0.0276640392400604
0,0.0130126218102324
0,0.0274133780045528
0,0.0055327354727116
0,0.0280405562165061
0,0.0062618963888208
0,0.0276173815081848
0,0.0086232089768066
0,0.0281243540002962
0,0.0274139110008131
0,0.0637228261923932
0,0.0222265702770041
0,0.0280570472716122
0,0.0050860011575171
0,0.0276976367959825
0,0.0299509229760585
0,0.00489182403714
0,0.0275815103410341
0,0.0280077196363938
0,0.0258206802419074
0,0.0037612319231631
0,0.0014515275361158
0,0.0035486547424252
0,0.0275246207393589
0,0.0179804378785995
0,0.0282752294133822
0,0.0044071284245786
0,0.0276113019711105
0,0.0274327503947104
0,0.0281417968318201
0,0.0142574833514847
0,0.0045580235077225
0,0.0116381716176796
0,0.0280031428143598
0,0.0036624882165443
0,0.0274160862879757
0,0.0393371913218138
0,0.0285841530828205
0,0.0278103777543424
0,0.0293731333110784
0,0.0129925811407885
0,0.0274167853217612
0,0.0286964491910102
0,0.0240556229816379
0,0.0281219760126668
0,0.0155474544689224
0,0.0274366029742958
0,0.1703044457583281
0,0.0283775233496959
0,0.004420108592052
0,0.0223929126582237
0,0.0268983094298
0,0.0289602882026862
0,0.0251288116614309
0,0.0043795655900221
0,0.0291967821520487
0,0.0286909832963382
0,0.0202491939716748
0,0.0274159928919888
0,0.0084737006384384
0,0.0561135378745034
0,0.0124597511439399
0,0.0280644373070014
0,0.027116891629907
0,0.0290311378195492
0,0.0277209440129175
0,0.0233353212295277
0,0.0275689305466666
0,0.1056825073146047
0,0.0237100921960554
0,0.0080288406341487
0,0.0285754271644559
0,0.0108516685709685
0,0.0618022486990277
0,0.0285013902686892
0,0.0275274477177959
0,0.0272328394665743
0,0.0385266707193108
0,0.005542276423438
0,0.0057726861150884
0,0.0095554391725899
0,0.0286650303099372
0,0.0040698622090545
0,0.0110296697643012
0,0.0278923903566935
0,0.0265979465359461
0,0.0233909353102365
0,0.0021561587115638
0,0.0053772734793145
0,0.0079810160312609
0,0.0274589997845932
0,0.0437149797709304
0,0.0279899592171087
0,0.0283871074262506
0,0.0230100598145506
0,0.0291718230323767
0,0.015844575800749
0,0.0252906517482207
0,0.0278507941932065
0,0.0038532997889436
0,0.0208845965896091
0,0.0271641446013769
0,0.0276305183914245
0,0.0280125068717155
0,0.0291637697110536
0,0.0292166636361644
0,0.02760859536976
0,0.0022000609158135
0,0.0597750026537701
0,0.0167932274820494
0,0.014518383910194
0,0.0286537420794941
0,0.0281460931012645
0,0.0129212029106901
0,0.0280608215965434
0,0.029426435334065
0,0.0279736029073611
0,0.0292414051778762
0,0.0113777542304138
0,0.0270142688138447
0,0.0052724867645007
0,0.027457980068328
0,0.02736898377204
0,0.0289102423706596
0,0.0119397369019984
0,0.0104875603494313
0,0.0294439427066918
0,0.0279712918767541
0,0.0280875077152244
0,0.209443496934425
0,0.0274621082984947
0,0.0097466082233107
0,0.0292017842162966
0,0.029243927591121
0,0.027075580006162
0,0.0180650851156557
0,0.0274405999982272
0,0.0278383575524808
0,0.1691729887692805
0,0.0282181604798143
0,0.0204776196767628
0,0.0293380611446055
0,0.0279701961170945
0,0.0054450288960675
0,0.028857618674478
0,0.0058574925703426
0,0.0263864518835946
0,0.0288952221956205
0,0.0289017107976565
0,0.0275875934288316
0,0.0067201996375083
0,0.0283483496117618
0,0.0286339235961878
0,0.0062380413913978
0,0.0050642850939873
0,0.0059908787905469
0,0.0055745378616168
0,0.0284463829970793
0,0.0438073623424959
0,0.0278165026946783
0,0.0286988200712061
0,0.0290716463627066
0,0.3431054500363298
0,0.0274798630380316
0,0.032843233849488
0,0.0096427341929361
0,0.0053287079144532
0,0.0046354233129032
0,0.0214950438206392
0,0.0284895764688394
0,0.027639097503329
0,0.0325372018346987
0,0.0205151488435095
0,0.004880004906651
0,0.0285575109711012
0,0.0050361362400973
0,0.6270632251498236
0,0.0293765438722371
0,0.0283233691554694
0,0.0286030704527636
0,0.0283758164814934
0,0.0281177021082925
0,0.0045636322751766
0,0.029352554377306
0,0.0074950168038544
0,0.0280801672667435
0,0.0293563039709073
0,0.1362515621753957
0,0.023532313612935
0,0.029325398985852
0,0.0050953801270939
0,0.0488075271271643
0,0.0293499408804046
0,0.023852081898466
0,0.0047840042821238
0,0.1258384866980258
0,0.027567231640944
0,0.0274188772199051
0,0.0188101489603583
0,0.0283566259021844
0,0.0282037394326443
0,0.0188623179404214
0,0.0063107789611505
0,0.0281217231605547
0,0.0274826260848557
0,0.0281386139608337
0,0.1931701812115347
0,0.0274623513281313
0,0.0293726678257682
0,0.0291059361392106
0,0.0280322009797093
0,0.0251963374313729
0,0.1764062388411444
0,0.0058867708587122
0,0.0282233549258967
0,0.049304543522048
0,0.0277500731090788
0,0.0291762469289862
0,0.0046331532869481
0,0.0449745485688257
0,0.004587965944048
0,0.0293850204854611
0,0.0172038550012838
0,0.0293801725995373
0,0.0284425881122056
0,0.0285806094638097
0,0.0289645189379525
0,0.0281219448984931
0,0.00499030444555
0,0.0293788062987609
0,0.0225975434663283
0,0.0287655428875821
0,0.008246909519159
0,0.0281806992010949
0,0.049556541818241
0,0.0138485190123753
0,0.0290420773096195
0,0.027845206862033
0,0.6015511700213428
0,0.0265301017073886
0,0.0256336865960736
0,0.0039704595603396
0,0.0273684708516118
0,0.0347117489933217
0,0.0290710137516676
0,0.0293146467533209
0,0.0280477183692838
0,0.0276773938652522
0,0.029182556968363
0,0.0631798983071871
0,0.0072915153350723
0,0.0056934445988313
0,0.0274119906153051
0,0.0277672117937753
0,0.0537401743560995
0,0.0070728265024068
0,0.0293099227679373
0,0.0283366098790649
0,0.0215446706423704
0,0.027474810807874
0,0.0114904763525775
0,0.0263053226540739
0,0.0116163941001341
0,0.0382994401247516
0,0.025811872356777
0,0.027947295869151
0,0.029232673320723
0,0.0283216504107813
0,0.0116853450040431
0,0.003766871553876
0,0.0278713108466827
0,0.0246813606981481
0,0.0289364151409414
0,0.0289431824879218
0,0.0274662386903632
0,0.0293952765184844
0,0.0168950315641708
0,0.008686694319246
0,0.0199896350777502
0,0.0375168708877315
0,0.0257199808811011
0,0.0063430153001208
0,0.0233472479454217
0,0.0080433873512424
0,0.0061049373578197
0,0.0281290066779756
0,0.028038346040531
0,0.0237035062884594
0,0.003973450710138
0,0.0294030168740667
0,0.028294606379407
0,0.0199748441339809
0,0.0281539742066403
0,0.0176105676254938
0,0.0275212238096278
0,0.1766702591211884
0,0.1873621143301395
0,0.0265596059931561
0,0.01080957021693
0,0.0276011938581746
0,0.0285577469878158
0,0.0291839743531247
0,0.0185398116174026
0,0.0224628759970024
0,0.0274734314856256
0,0.0276794806840808
0,0.0087327148921926
0,0.0290227919518246
0,0.0277172907920975
0,0.027897097606013
0,0.0213003566451938
0,0.086472638762418
0,0.0292660198710473
0,0.0277117243615318
0,0.0291097842280351
0,0.0293129079612302
0,0.0250428956258508
0,0.0279080476806937
0,0.0277366263066662
0,0.0054883361537727
0,0.0039820767147258
0,0.0279180672893912
0,0.0260353036752866
0,0.0247928801101383
0,0.0216287360060517
0,0.0113173298921263
0,0.0045814866676842
0,0.0308366222819297
0,0.0279415626675823
0,0.0275383765355475
0,0.0282433085720711
0,0.0189822692706799
0,0.0274470500663454
0,0.0281584317096356
0,0.0279960626729098
0,0.0120243624356043
0,0.0277312044225364
0,0.4680667724562129
0,0.0275498335148207
0,0.0308764451437551
0,0.0290110371220437
0,0.0287454113867525
0,0.0275721437446401
0,0.0280475510340126
0,0.0274224138478935
0,0.0152809900659555
0,0.0075042086307146
0,0.0068040738826
0,0.0277863799512834
0,0.0292287013709727
0,0.0280118125609058
0,0.028506501693619
0,0.0280614072410686
0,0.0287588997667634
0,0.0274114014358204
0,0.0280786880012635
0,0.0293199694410452
0,0.0275440540517233
0,0.0293911113015727
0,0.0291359285065144
0,0.0037800795027566
0,0.366809658419048
0,0.053898237299857
0,0.012938836527418
0,0.0053609226834189
0,0.0142900872825534
0,0.0292967439495768
0,0.0280777992715322
0,0.0096177798262509
0,0.0287522371538694
0,0.0222451622973278
0,0.0282240726077954
0,0.0057303350275669
0,0.0288426173837805
0,0.0284896247224462
0,0.0036911938510461
0,0.0084369459713357
0,0.0280979298822875
0,0.1802928977292575
0,0.0036558188834412
0,0.0283784476580516
0,0.0288647148761439
0,0.0103608001201201
0,0.0621119786053766
0,0.0056243618794504
0,0.0080680720454605
0,0.0282395275708484
0,0.0277746997087863
0,0.0047059788941089
0,0.0292763235569064
0,0.0198057022532374
0,0.0274084118208498
0,0.0292441215703013
0,0.0287309852078462
0,0.0291519235621003
0,0.0285668450301854
0,0.0260201616436782
0,0.0274317030079151
0,0.0622112232854375
0,0.0277176441091613
0,0.0275387907709044
0,0.0283716107909261
0,0.0041123099863347
0,0.0287409511956018
0,0.0279399004580989
0,0.0279410884143279
0,0.0281664402852034
0,0.0258953839499879
0,0.0280372637715046
0,0.0233657481349537
0,0.0231321247952193
0,0.0274352994151081
0,0.022753059244444
0,0.0293025958834475
0,0.0280946013534705
0,0.010331883954298
0,0.0294311800391962
0,0.0616793798343951
0,0.1207483750450499
0,0.0278148395445415
0,0.0293979618268297
0,0.056376345610591
0,0.0039887295486737
0,0.0039704595603396
0,0.0271262618254392
0,0.0138991666936171
0,0.0755039117155622
0,0.0257014378701852
0,0.0274090595774388
0,0.0129480797976221
0,0.0276230400929172
0,0.0286643969174973
0,0.0293578763968063
0,0.0293879785924043
0,0.0286517523429645
0,0.0247598267437656
0,0.0289994552713568
0,0.0688569568037744
0,0.0294418999679548
0,0.023341395839107
0,0.0042737739255431
0,0.0233246304507281
0,0.0275969992547099
0,0.0140863636798546
0,0.0292306328786084
0,0.0247318533200524
0,0.0276450020373769
0,0.0257244485752702
0,0.0275025749994001
0,0.0278780745132593
0,0.0280600723528215
0,0.0222970325831142
0,0.0277058771869812
0,0.0194714777406143
0,0.005293303957831
0,0.027409331925187
0,0.0057963364959553
0,0.0293649946216473
0,0.028685786316255
0,0.029404934478061
0,0.0288637354595475
0,0.0043018571890712
0,0.0293754788287634
0,0.0256509827757724
0,0.0380937487378321
0,0.0155999996064156
0,0.0275724239794719
0,0.028756789074546
0,0.0043078679093234
0,0.0288787007437785
0,0.0287367154586653
0,0.0289385745202016
0,0.028559005284888
0,0.0288976814155722
0,0.028397881059708
0,0.026704138278221
0,0.0274950125548646
0,0.0037370622316646
0,0.0273931621857551
0,0.0260626935468133
0,0.0609783048094211
0,0.012343107133103
0,0.0274266623477671
0,0.0041638853129715
0,0.0096160362661445
0,0.0316361259853003
0,0.0080645936216223
0,0.0280138672039677
0,0.0274436547432706
0,0.0164822736379851
0,0.0116415512593493
0,0.0284809442909576
0,0.0289509470716976
0,0.0293577997134662
0,0.0286951734725302
0,0.0060861416408561
0,0.0292868750591946
0,0.0287871686560969
0,0.027504017220449
0,0.0147773972283778
0,0.0229986395305744
0,0.027501213982265
0,0.0284677597813568
0,0.0176443802486028
0,0.0275983667633297
0,0.0281727849206238
0,0.0276060016585281
0,0.0186258389471523
0,0.0285980714856601
0,0.0275690126897866
0,0.0289170968365103
0,0.0136203131170818
0,0.0277841935813826
0,0.0276864176233229
0,0.0276092875869744
0,0.685560645754885
0,0.0284906598697169
0,0.0278331694767244
0,0.0238323747537393
0,0.015341473812165
0,0.0281841757383306
0,0.1893263126770626
0,0.0273688445905344
0,0.0224305974547503
0,0.0212613076063995
0,0.0280583370105905
0,0.0276476687186362
0,0.0045086825556541
0,0.0175333024590352
0,0.023348825712456
0,0.0274156008245072
0,0.0275711615147471
0,0.0277323286310752
0,0.0285254080469174
0,0.0043146088993936
0,0.0244507057763911
0,0.0139322904354489
0,0.0222087908159158
0,0.0283311449551694
0,0.0290972783246811
0,0.0286584167826973
0,0.0094429088582725
0,0.0293770583081041
0,0.206281447699623
0,0.0288696012794215
0,0.0276639761549961
0,0.02873820126405
0,0.0290373093877218
0,0.0220818440529589
0,0.027491370327784
0,0.0289599387489348
0,0.0420311672718154
0,0.0072197958084461
0,0.0277111560901621
0,0.0115919924056158
0,0.0276666225994515
0,0.0034934711338539
0,0.0091583076880406
0,0.0293957617067777
0,0.0277227626502416
0,0.026463801989976
0,0.023685933334501
0,0.0273900090930025
0,0.0275283756801919
0,0.0285844440372731
0,0.0282512516469859
0,0.3420510260745818
0,0.0293814776138855
0,0.0279494358337044
0,0.0071476458677517
0,0.0287971042525295
0,0.0142544467631963
0,0.0054592451360535
0,0.0288898437605319
0,0.0160504615073355
0,0.0231506313910466
0,0.0274859653119566
0,0.0274592635960659
0,0.0277571792990708
0,0.0278371020692279
0,0.0277740341752054
0,0.0270402575916489
0,0.0288213283484363
0,0.007331329550198
0,0.0290544139880666
0,0.0286860453833012
0,0.0076367446294704
0,0.0280021625619786
0,0.0503876768004446
0,0.0288303874256926
0,0.0280698260729381
0,0.0288071722984368
0,0.0283102788606105
0,0.028132002961481
0,0.0265685837805312
0,0.0030251657295168
0,0.0203439394774216
0,0.0164129671421741
0,0.2536159538654376
0,0.0156694722498411
0,0.0224973488502267
0,0.0286051457615814
0,0.029454204321414
0,0.0345332967545337
0,0.0275702996785319
0,0.0277544388463019
0,0.0635066890138031
0,0.009420800239523
0,0.027411983602175
0,0.0278696826545264
0,0.0144665444901213
0,0.0276786383709533
0,0.027655903047909
0,0.008213399011938
0,0.0064044854160819
0,0.0100519435923449
0,0.0363327562971118
0,0.0030791920638825
0,0.0282852190761902
0,0.0059779002936227
0,0.0281458179552987
0,0.0907149367197383
0,0.0286312382132122
0,0.0130012975727607
0,0.0346814530791641
0,0.0286109268947115
0,0.0044110609864747
0,0.0056960787747978
0,0.0417389540993793
0,0.0081997127337146
0,0.0286139984444585
0,0.0057060696184365
0,0.0234314244384946
0,0.0292197409141828
0,0.0230643190840094
0,0.02857906414187
0,0.0279025972302058
0,0.0289651400864548
0,0.0201298571761069
0,0.028789662217347
0,0.0281637220524057
0,0.0212510129032229
0,0.9876118276579404
0,0.0275421979219465
0,0.0295293734500508
0,0.0292941652780212
0,0.0292496389352833
0,0.0217132466352966
0,0.0756282090722163
0,0.0260253348310633
0,0.0282540160347813
0,0.0041842528227745
0,0.0244271923468024
0,0.0290709733543663
0,0.0287465343593201
0,0.0315015998477843
0,0.026573713977985
0,0.0036635980359963
0,0.0282808576141824
0,0.0279053038330048
0,0.0285237738318946
0,0.0215715563508757
0,0.0245707781007039
0,0.0275161102429681
0,0.0276521709899138
0,0.0455808937701659
0,0.0117727142406664
0,0.0275316162731006
0,0.006021953344156
0,0.02938596899051
0,0.0294495074745399
0,0.0264299597842837
0,0.0275707315144435
0,0.0163597782840069
0,0.025156354440997
0,0.0294304815936457
0,0.0275659566912665
0,0.0287119785662931
0,0.0293949706472874
0,0.0293172114014848
0,0.029076304180125
0,0.0055863540922752
0,0.0730636051954885
0,0.0274319442594391
0,0.0321007867270982
0,0.0279417153919903
0,0.0191206204967311
0,0.0285233199329431
0,0.0091966354723406
0,0.0280656174880935
0,0.0277961903475721
0,0.1604386627748074
0,0.0188249374440572
0,0.0284204204652025
0,0.0286632283255795
0,0.0046832755274224
0,0.0152091812944547
0,0.0292746851731598
0,0.0294070455207832
0,0.1939544964711579
0,0.0112278288535934
0,0.0287540648435743
0,0.0058501106441985
0,0.0274443239954743
0,0.0049170748727207
0,0.0053910448668593
0,0.0278871080769132
0,0.0119827415219186
0,0.0053694119641519
0,0.0264466736082244
0,0.0058186516465567
0,0.0285346971167228
0,0.0264198200065748
0,0.028236004316772
0,0.0045514693366323
0,0.0290858279627393
0,0.0279148963059787
0,0.0258343303416145
0,0.0057285783393481
0,0.028653711522291
0,0.0117325516656605
0,0.0291410850885716
0,0.0152868629774354
0,0.019571325470984
0,0.0109527069022741
0,0.0274165772759555
0,0.0093861203340271
0,0.027679483582289
0,0.0053584457584308
0,0.0286683215235714
0,0.0273285884889388
0,0.006777297736604
0,0.6053997562194852
0,0.0285563278602472
0,0.9768430141393454
0,0.0292159209343296
0,0.0185563885117943
0,0.0054196830028554
0,0.0275267143243964
0,0.1076048644927765
0,0.0044939024988034
0,0.0059649626649597
0,0.0293881727705623
0,0.0276433543324269
0,0.0263496427300014
0,0.0386122411936835
0,0.6067320865751556
0,0.0154351730440072
0,0.0250041667611225
0,0.0275872453785637
0,0.0275214264650834
0,0.0241572814246755
0,0.0279326776053458
0,0.0274287967557912
0,0.0295101710868634
0,0.0087645112861772
0,0.0274810348863464
0,0.0259938663299949
0,0.0288358713166237
0,0.0294006426775083
0,0.0050639974800087
0,0.0274555034313113
0,0.0656853966855123
0,0.0275541096269374
0,0.0209179627239594
0,0.0279416723610585
0,0.0279781217813356
0,0.0039046580616029
0,0.0240817385930914
0,0.0222448909241768
0,0.0074869050748297
0,0.0290771265552396
0,0.0292817432305032
0,0.0062185878931131
0,0.0058170136128989
0,0.0283575385085311
0,0.0149563423901977
0,0.0287801944161776
0,0.0281830375041392
0,0.0274867049270651
0,0.0273350187691366
0,0.0277599454407178
0,0.1170852870322835
0,0.0280429378584952
0,0.0285206660389993
0,0.786321254367234
0,0.0285016625502806
0,0.0274581216421505
0,0.0282323956378788
0,0.0204271260899514
0,0.0294484128338321
0,0.029018666483991
0,0.1450158510965964
0,0.0274258896648877
0,0.0047653078160784
0,0.0278282045191811
0,0.0278101918091219
0,0.0290982991924668
0,0.0653666806169394
0,0.0295300033855612
0,0.0289414758711776
0,0.0281297543362178
0,0.0257127631693463
0,0.0280446405535208
0,0.0293415442907057
0,0.0293227272624273
0,0.0187358943345283
0,0.0282096013201062
0,0.0275593479361295
0,0.0207296882605248
0,0.0235042148258261
0,0.028299157314888
0,0.0280921117264142
0,0.0046885727807206
0,0.0291935866424782
0,0.2940761661657818
0,0.0251833263846545
0,0.0282601628140581
0,0.0188963484190969
0,0.0286046830518405
0,0.0294350293653589
0,0.0851916745474416
0,0.0201185633164466
0,0.0281187426086627
0,0.0282904182638656
0,0.0273140948512643
0,0.0282570159433782
0,0.0291846996019356
0,0.0291886196553834
0,0.0285915665492349
0,0.0332197154315259
0,0.0279009421910319
0,0.0277040435956635
0,0.0291738439035684
0,0.0246712048092166
0,0.0275445874668425
0,0.0029486312580366
0,0.0292819535845142
0,0.0060211524227818
0,0.0036754522690123
0,0.0283250009793049
0,0.0286437117921005
0,0.0288595194617118
0,0.0293589310516165
0,0.0412324337259043
0,0.0275563403562183
0,0.0283808800077789
0,0.0292743902923626
0,0.0284508681953139
0,0.1928967321406987
0,0.0180585168101257
0,0.0260048703296575
0,0.0275565775830113
0,0.0044546815922442
0,0.0055688231011536
0,0.0080299500869368
0,0.027955203983763
0,0.025954803896304
0,0.0290293330582561
0,0.0288058813306874
0,0.0285781039245362
0,0.0036605822170624
0,0.0032912017639237
0,0.0096633706412668
0,0.0274616853202637
0,0.027715146976976
0,0.0283645518607019
0,0.0274636785872872
0,0.029531730727201
0,0.0285473189749818
0,0.0548842840858542
0,0.0271453108846076
0,0.0325941538854625
0,0.009272262268635
0,0.0292410558925002
0,0.0283147636529348
0,0.0277776110398088
0,0.0284997063966625
0,0.0225682758757477
0,0.0274598846944443
0,0.024100953197509
0,0.0241957173946287
0,0.0077969732692813
0,0.0293792665889653
0,0.011323582696971
0,0.0044830385009305
0,0.0103001979362226
0,0.0274812214622199
0,0.0278884648011898
0,0.0282114217040593
0,0.0294488883846637
0,0.0274940987693235
0,0.0069322192845258
0,0.0078832356306653
0,0.0275551835006095
0,0.0225350284346237
0,0.0199817947831484
0,0.0276851636047399
0,0.0295018449189336
0,0.0108923954515773
0,0.605488354972632
0,0.0049329585482399
0,0.0274288964763597
0,0.0291330531160754
0,0.0287018227600012
0,0.0274050849391992
0,0.0249321878132534
0,0.0274239129062454
0,0.028418695023639
0,0.0202740224948533
0,0.0156436976390628
0,0.0283759533367151
0,0.0280166361803928
0,0.1511493736356254
0,0.0278843425767713
0,0.0094776857830147
0,0.0163259941691233
0,0.0533682352604253
0,0.015875655720328
0,0.0424128504574155
0,0.0276459867000856
0,0.0428767163707523
0,0.0278722276855651
0,0.0046444539318077
0,0.029246607699967
0,0.0268483133984014
0,0.0274213623077777
0,0.0277987835918903
0,0.0274564979494402
0,0.0201856959987703
0,0.028215000614991
0,0.0035983078928538
0,0.0294121427643623
0,0.0808893558360769
0,0.0119836127719345
0,0.0136685322646988
0,0.0275868662062038
0,0.0028578436842488
0,0.0293814501213141
0,0.0286976297155038
0,0.0294026658140297
0,0.0110121017010526
0,0.0045797281431287
0,0.0293331283525616
0,0.0257476683034433
0,0.0198523209530812
0,0.0280184395455586
0,0.028875161449849
0,0.0179974103780141
0,0.0135274293682023
0,0.0034231473969935
0,0.0278621274771447
0,0.00447370512133
0,0.0271611330516002
0,0.027630316430685
0,0.0286310895732216
0,0.0239195343452986
0,0.0101040053881337
0,0.6125862908033328
0,0.0041459862258258
0,0.0134626124660153
0,0.0277439108407053
0,0.027479298250338
0,0.0288084486629672
0,0.083487760146549
0,0.0275395475024455
0,0.0134839408016783
0,0.0044819693093626
0,0.0294480298536103
0,0.0291697104918105
0,0.0278158179602866
0,0.0038562936636567
0,0.0274417336297359
0,0.0276476687186362
0,0.0284327009902266
0,0.0277178731078944
0,0.0102162338796233
0,0.0042650718357355
0,0.0294196626190527
0,0.0242171284558603
0,0.0285364103257908
0,0.027368773947025
0,0.0155245625757129
0,0.0196449216669618
0,0.0060766343043996
0,0.029433310678298
0,0.0274523820194586
0,0.0284145354818344
0,0.0276851636047399
0,0.0293644961855774
0,0.0082856392599784
0,0.0293306381424381
0,0.0025607169371751
0,0.0562488795287094
0,0.028654723442178
0,0.0021593830829061
0,0.0030050001030507
0,0.0280294218675932
0,0.0290278036516082
0,0.0286487511578892
0,0.0290352011751531
0,0.0233018001911681
0,0.0285104564191875
0,0.0274311073914745
0,0.0210829228709743
0,0.0046054624155612
0,0.0042183620011356
0,0.027959233404365
0,0.0046536625508007
0,0.0940666100134549
0,0.0275433123169979
0,0.0275903224802577
0,0.0038448675406433
0,0.0277995353368389
0,0.0128098778794485
0,0.0274850402887476
0,0.0036666918298023
0,0.0276303899106861
0,0.7545166998075246
0,0.0231391918853334
0,0.0274376994079004
0,0.0276033936534728
0,0.0290325727844784
0,0.0033736353687079
0,0.0290540894158798
0,0.0290245355045586
0,0.027938217345594
0,0.0277774665250423
0,0.0063747948202852
0,0.0332426663297599
0,0.0090873488298869
0,0.0254257139344689
0,0.0280171848114914
0,0.0393685812219738
0,0.0074061250933821
0,0.0271035660630296
0,0.0244456374051672
0,0.0284163919873871
0,0.0106722479684388
0,0.0261500947517818
0,0.0281415193083749
0,0.0286562119638381
0,0.0243861449390476
0,0.0275711615147471
0,0.0089117782564599
0,0.0276723917369843
0,0.0126650605557397
0,0.0287608088354298
0,0.0262854245482072
0,0.0204045601307552
0,0.0030578103007885
0,0.0290028068936103
0,0.0233045943072202
0,0.0079868515744699
0,0.0277392957370362
0,0.0153235547559886
0,0.0279867158102375
0,0.0056773430961893
0,0.01648989009069
0,0.0057882969572693
0,0.0204022563507425
0,0.0061309563220372
0,0.0283456786621091
0,0.0292344514691027
0,0.0289488421504152
0,0.004626894301573
0,0.0051471724456525
0,0.0226112698220223
0,0.0288962569197382
0,0.0288626701169995
0,0.0280646590211211
0,0.0275364243304998
0,0.0286865713422132
0,0.0274514867785955
0,0.0291476930966103
0,0.0275024175080947
0,0.027478514285598
0,0.0214758553674992
0,0.0522329358446478
0,0.029059886625629
0,0.0284786348282002
0,0.0170221939729299
0,0.0272927622688358
0,0.0280549937751408
0,0.0279169004039542
0,0.0077708374867367
0,0.0511461283242234
0,0.0190407031587697
0,0.0274095317745887
0,0.0274338608236558
0,0.0287118672116122
0,0.0261117572200577
0,0.0283168467754098
0,0.0009720964406329
0,0.0280461361413325
0,0.1599373959649258
0,0.0276337224556778
0,0.0038647445613767
0,0.0059569104275766
0,0.0276986965225331
0,0.0151013609037001
0,0.0292140916631875
0,0.0277836386712904
0,0.0062350540319222
0,0.0293858523543762
0,0.0247589255769958
0,0.0160365336657057
0,0.015818102181687
0,0.0052674472506657
0,0.0261215579788388
0,0.0287146758543374
0,0.0283494963820041
0,0.0276738366531119
0,0.0037865602792921
0,0.0206586708327907
0,0.0275690367148081
0,0.0247854519861954
0,0.0274063583689402
0,0.007658215064983
0,0.0205586145380281
0,0.0288271518182929
0,0.0283173631863295
0,0.0131468337600258
0,0.0275007861529574
0,0.0241677629562535
0,0.0295408778252542
0,0.027962350098779
0,0.0135504930692128
0,0.0278634075963271
0,0.0293781926896918
0,0.0277258212147453
0,0.0280144277325636
0,0.0267524429628314
0,0.0103870563056643
0,0.0625958503346641
0,0.0050808740570495
0,0.0274172620140466
0,0.027147252169433
0,0.0283026336832576
0,0.0235221915367358
0,0.0278322077364645
0,0.0277366263066662
0,0.0283992324363585
0,0.0294054244882021
0,0.0293214939570458
0,0.0099517566255558
0,0.0233434623948639
0,0.0275426623378807
0,0.0097041690044662
0,0.0277443193530003
0,0.00927398693772
0,0.0607187928433771
0,0.0076084173736419
0,0.0236682771117801
0,0.0294147821873046
0,0.0273316545031246
0,0.0097135180500659
0,0.0276007669692753
0,0.0283511767811278
0,0.0274407770376861
0,0.4527031898583438
0,0.0033976818292694
0,0.2940576388445411
0,0.027192382626727
0,0.0276209746455626
0,0.06150736511768
0,0.0289030080607756
0,0.0225755019273366
0,0.0245141498492773
0,0.0278459142949103
0,0.0285152814255092
0,0.6441932460929932
0,0.0099559493632708
0,0.0274169404248696
0,0.0290485149249729
0,0.0030920082288705
0,0.0021071845407237
0,0.0282631591544434
0,0.0274190744610599
0,0.052342149076544
0,0.0289500763791875
0,0.0280064845592033
0,0.015760854251346
0,0.0292730397562708
0,0.0233003186547284
0,0.0263922489313495
0,0.0293598170638946
0,0.0274328783578873
0,0.0275940434329298
0,0.0274754967167532
0,0.0287097075326512
0,0.0274170741448619
0,0.0294411609023347
0,0.0275421979219465
0,0.0279017448207544
0,0.0211550997447623
0,0.0277205594647281
0,0.0034804771316965
0,0.0081583593346536
0,0.0658858950830864
0,0.0287156141555323
0,0.0274618121283459
0,0.0043380277491813
0,0.0779959440717119
0,0.2161550692272263
0,0.0293648318666061
0,0.0293947901844109
0,0.0274330313357825
0,0.0283995245005109
0,0.2345557160002278
0,0.028364454531232
0,0.108657414338307
0,0.027409331925187
0,0.0274594309124089
0,0.024291587176727
0,0.0276175326271873
0,0.004591825602406
0,0.0283199995508936
0,0.0292511140736338
0,0.0275015158641213
0,0.0150689529875038
0,0.0109706281099869
0,0.0277600770321867
0,0.0288479130207719
0,0.0057361163265687
0,0.0284361880495113
0,0.0111207170026747
0,0.0219052941678964
0,0.0288297136003727
0,0.0288110740367391
0,0.0277505371265571
0,0.028864360149486
0,0.0225665224176891
0,0.0289598932020014
0,0.0286010279017495
0,0.0292761332286826
0,0.0285274936189059
0,0.0060848751952379
0,0.0070160381195885
0,0.0286891616757669
0,0.0138949322125416
0,0.0286756185403045
0,0.0285027168599256
0,0.0284832989038223
0,0.0109478061347038
0,0.0112272021238091
0,0.027420393041549
0,0.0933978342697672
0,0.0157754618007395
0,0.0279462443101744
0,0.0251699872873958
0,0.0168994888989088
0,0.0284409632497949
0,0.0130336078133155
0,0.0294945072633263
0,0.0290652152818244
0,0.0094840019626567
0,0.0099230778297599
0,0.0280311809923364
0,0.027436425390113
0,0.0206965300467502
0,0.0292383493087254
0,0.01067583285088
0,0.0144207817205947
0,0.0778364766518459
0,0.2046839891266822
0,0.027879616680639
0,0.0284579882586365
0,0.0289454254184974
0,0.0115481829141737
0,0.0293605805555866
0,0.0282328994716172
0,0.011188266466159
0,0.0065102616962291
0,0.0274093692291716
0,0.0050150515118589
0,0.0288885803509735
0,0.0066412822840512
0,0.0277835987818449
0,0.0274961849754413
0,0.0233023187604137
0,0.0274127506229869
0,0.0275015822808806
0,0.0071747406522909
0,0.02849101557276
0,0.0202373227987725
0,0.0280923446907513
0,0.0282879436825075
0,0.0283763855530678
0,0.0181250708507318
0,0.0206425697318206
0,0.0388705241750617
0,0.0118493479687589
0,0.0275950208125188
0,0.0272409181644227
0,0.0288994951121096
0,0.0097513888127534
0,0.0279423838395759
0,0.0277046814812728
0,0.0291381548248002
0,0.0294441365335124
0,0.0294786787574065
0,0.0293852970134194
0,0.0066785155931437
0,0.0277203425928588
0,0.0292959311020939
0,0.0056542543790621
0,0.0292806995792143
0,0.0285809960382183
0,0.0046195712353253
0,0.025504251472438
0,0.0275083643320902
0,0.0202992303794168
0,0.0125885100316144
0,0.0193901625553636
0,0.9584542553466658
0,0.0294439011287679
0,0.0274608097922249
0,0.1276315676581642
0,0.0275819303173685
0,0.2173383220161211
0,0.0274313844847181
0,0.0276855617785968
0,0.0061310464958534
0,0.0277147108032899
0,0.0228498980211156
0,0.0292268475599935
0,0.0288419618000509
0,0.0293175836981634
0,0.026698739242145
0,0.0274650773218064
0,0.0056759647452444
0,0.0249138308462662
0,0.0288322055431272
0,0.0277465243046977
0,0.0164140428083177
0,0.0279730168835697
0,0.0282602804807742
0,0.0280381175635627
0,0.0291830928339236
0,0.0062952238262809
0,0.0247369101730864
0,0.0247050978076542
0,0.0276477249455456
0,0.0136000640450956
0,0.0274162578585675
0,0.0265616583393594
0,0.0166630219958904
0,0.0101086818620897
0,0.0301703334478168
0,0.0276863654302386
0,0.0275227861797392
0,0.0079279386043365
0,0.0107630138282489
0,0.0275863828403909
0,0.0119703187305217
0,0.002779187312343
0,0.0238686345798283
0,0.0274449790214093
0,0.027479298250338
0,0.0290349011564267
0,0.0368765828450685
0,0.0274659158383885
0,0.0093755001757806
0,0.0292368391920938
0,0.0044960950697486
0,0.0279747985364686
0,0.1709242988613698
0,0.0268662326383393
0,0.0206348148138322
0,0.0139827242951875
0,0.0283570354406585
0,0.0282828150367454
0,0.0274089022835074
0,0.0275832045568482
0,0.0274370359188007
0,0.0287616691940462
0,0.0067557027195062
0,0.0293873833785682
0,0.027430885394316
0,0.0093181678860693
0,0.0256413321021452
0,0.0280893950052469
0,0.0314838352156787
0,0.0290554972980835
0,0.0288972902384213
0,0.0274076098564931
0,0.0181622599754563
0,0.0391272891454752
0,0.0051388792180474
0,0.0293737863038988
0,0.0231782517553244
0,0.0257004175410954
0,0.0277746098165148
0,0.0287333123778665
0,0.0276514083094218
0,0.0292859371871348
0,0.0278809384822024
0,0.0285459082245325
0,0.008799521584708
0,0.0284194768732554
0,0.0235251651193477
0,0.0282808685454699
0,0.0274287207635917
0,0.0276579672839393
0,0.0085255489342262
0,0.0007453634683955
0,0.0294116059236723
0,0.0280521482786387
0,0.0282072488903777
0,0.027867250383844
0,0.0259462478263457
0,0.0279595736795207
0,0.0098536134403281
0,0.0282372036912603
0,0.0243859692398704
0,0.005188293525924
0,0.0284502893589619
0,0.027411668468828
0,0.0151020360551666
0,0.0108443272370913
0,0.0277154921223225
0,0.027630316430685
0,0.0274226877523286
0,0.003813260316238
0,0.0279223639734003
0,0.0234973594825875
0,0.0251981418945861
0,0.0291794657679897
0,0.0067315654971397
0,0.0274095844204107
0,0.0284243661978432
0,0.0282526280045168
0,0.008588909889698
0,0.0051715332699758
0,0.0157449356208152
0,0.0142690981777013
0,0.0282037394326443
0,0.0278365852650769
0,0.0257277477802478
0,0.0292603232864274
0,0.0274490674572695
0,0.0279675331452978
0,0.0085563992621119
0,0.0281950347925701
0,0.0083798121764558
0,0.0276593375253862
0,0.0283029368644958
0,0.0294013039198504
0,0.0103100313576501
0,0.0054492213101499
0,0.0281107481214801
0,0.027399609533123
0,0.0105343281052885
0,0.0119836126558435
0,0.0526229360154762
0,0.029348972955394
0,0.0262473519464451
0,0.0277744607067506
0,0.0286437878247159
0,0.0279215028385559
0,0.0168519524573999
0,0.0279544471734348
0,0.0288131001165164
0,0.0285364103257908
0,0.0075291432768022
0,0.0272391229805303
0,0.0056244269561489
0,0.0139109972545605
0,0.0253542270167323
0,0.0150933748669073
0,0.0242775360465872
0,0.0942718244757191
0,0.0275416586186613
0,0.0288403940989865
0,0.0293540043602307
0,0.0274631437819183
0,0.0155099478223537
0,0.0260885935415482
0,0.0281326964236646
0,0.0233944669144503
0,0.027483589673702
0,0.028814985314662
0,0.028605583616947
0,0.0078055186372338
0,0.028252977521373
0,0.0293959943826034
0,0.0096802664654302
0,0.1245958508237835
0,0.0274801892307437
0,0.0280098921546358
0,0.0047758753579968
0,0.0210744396932421
0,0.027940392311934
0,0.0421022202112149
0,0.0250275235056761
0,0.0286711435930344
0,0.0275466170582226
0,0.0287006722412929
0,0.0096907322847659
0,0.0311474700219287
0,0.0294446737397485
0,0.0277197001463903
0,0.013006538557095
0,0.0292377122352707
0,0.0056653005952753
0,0.0234341306322884
0,0.0284580760570673
0,0.0275368508025785
0,0.0069501351830912
0,0.0278634482193284
0,0.02944000974414
0,0.0284942237590168
0,0.0257843494042775
0,0.1474158430320748
0,0.0275104292408979
0,0.0290031981885038
0,0.0285135921902897
0,0.0292908268611677
0,0.0282069913622209
0,0.0282042983994293
0,0.0057710154341752
0,0.0235265839397796
0,0.02846674200506
0,0.0284907272433792
0,0.0295342540311523
0,0.0289122184769126
0,0.0293804938857947
0,0.0363821132721834
0,0.0045687493078386
0,0.028216517227028
0,0.005442528152838
0,0.0288808776708479
0,0.0294444916827475
0,0.0288496780288754
0,0.0277194253775772
0,0.0274301701489332
0,0.0257153317413086
0,0.0275619430888937
0,0.0287548285708618
0,0.1055367082191575
0,0.0031394581459826
0,0.0293834621792084
0,0.0068342275545281
0,0.0158274131664076
0,0.0295842510977971
0,0.0289491511479956
0,0.0083339735908133
0,0.029785385222503
0,0.027692410865699
0,0.0291435646277629
0,0.012343107133103
0,0.0292741793170069
0,0.0286831152722107
0,0.0292816205280753
0,0.0291319598428858
0,0.0291127235053199
0,0.0292266907296252
0,0.3482252115862434
0,0.02745598127868
0,0.028350135743317
0,0.0288050591002797
0,0.0289878850824979
0,0.0280290585319623
0,0.0529673908255383
0,0.0240259354079379
0,0.0233890911792129
0,0.0282810468099085
0,0.0034350838132442
0,0.0122872611665166
0,0.027592510443989
0,0.0277070721566607
0,0.027411171791401
0,0.0116264337079193
0,0.0289615001245061
0,0.0286256837461609
0,0.0252064301931161
0,0.0283161364505226
0,0.1029933152572364
0,0.0190236624898245
0,0.0145975359549866
0,0.0211430321658244
0,0.0279499925277477
0,0.0233049835969095
0,0.0293869395445535
0,0.0263665879388018
0,0.2109884003104339
0,0.004823662608277
0,0.0280771621172279
0,0.0277305797292896
0,0.0283361508183219
0,0.005881631417509
0,0.0274504766128864
0,0.0284255624814827
0,0.0281864664345219
0,0.0284021822564881
0,0.027857296514649
0,0.0283088519162631
0,0.0285088522148257
0,0.0101350624662902
0,0.0213081923833149
0,0.0277928119776081
0,0.0281013522369446
0,0.0144358327638765
0,0.0235363955444865
0,0.0481720992730331
0,0.0125236450411036
0,0.0291882924941359
0,0.0035124098516387
0,0.023556975961895
0,0.0112160269418131
0,0.0274052752698071
0,0.0293822889035433
0,0.0121422364345978
0,0.0233114065237648
0,0.0274477187042389
0,0.0289937622265284
0,0.0266159683201389
0,0.0279036079248991
0,0.0294412610492215
0,0.0070551711614205
0,0.0241557131276973
0,0.0279335765438502
0,0.0275794102592262
0,0.002174251206363
0,0.2769909561116213
0,0.0905764497950712
0,0.0267725603988525
0,0.0185228518336995
0,0.0293044551758714
0,0.0287183953853479
0,0.0288262856320525
0,0.0181691832269187
0,0.0277868023060179
0,0.0219237141664698
0,0.0275001819696005
0,0.0048140451113081
0,0.0282026190459449
0,0.0283872071926696
0,0.0134813726662622
0,0.0276913671406118
0,0.0041211856578535
0,0.0484657149210761
0,0.0274226133652798
0,0.0160805586947698
0,0.0255406763719871
0,0.0293916725584009
0,0.0141599797312335
0,0.0276185649759783
0,0.0296361770088582
0,0.0226023683881507
0,0.0282717948827328
0,0.0274078763657809
0,0.0100420185076709
0,0.0275397647598904
0,0.02845529402789
0,0.0291443454284118
0,0.0067014378447453
0,0.0038253670075911
0,0.0281288536849516
0,0.0270137649141377
0,0.0041213562049706
0,0.0293288252745375
0,0.0053621822131778
0,0.028456079024348
0,0.0291032892288525
0,0.0089679512797748
0,0.0115284089933733
0,0.0057838913248057
0,0.028180224799821
0,0.0275480183530173
0,0.0248115604452244
0,0.0195251611426626
0,0.0042248843028448
0,0.0294945232892562
0,0.0281289809121014
0,0.0229479122792837
0,0.0274125868605231
0,0.0258174854563585
0,0.0196012470123009
0,0.0226990056739723
0,0.027845236716316
0,0.01468660268496
0,0.0275981780231832
0,0.0152873602872202
0,0.016264388926995
0,0.0274745971706657
0,0.0131010836431598
0,0.0274160507360265
0,0.0288644219002609
0,0.0295063053298186
0,0.0379336424278438
0,0.0288553376923863
0,0.1534704383104022
0,0.0221548614330961
0,0.0034432427127194
0,0.0094335185150616
0,0.024149560313167
0,0.028397881059708
0,0.0426444826000994
0,0.0283432877312675
0,0.0290011052747207
0,0.0288132568924616
0,0.0280460521872603
0,0.0294185856588929
0,0.0138962349373453
0,0.0360019669288927
0,0.0245121618852125
0,0.0068045462144167
0,0.0285463933605212
0,0.0275798638616925
0,0.0229203824601501
0,0.027590087791846
0,0.0274629813766599
0,0.0281426912760082
0,0.0294044493902037
0,0.0283186252392627
0,0.0075330208731141
0,0.0279979330074615
0,0.0150497499765545
0,0.0284754418643036
0,0.0049773021185826
0,0.0094611694862054
0,0.0294639722649293
0,0.0274657144260216
0,0.0073017088441208
0,0.0260940951075488
0,0.0112326891295544
0,0.0274275254120055
0,0.0039636728202741
0,0.0284357828112393
0,0.0259547938401245
0,0.0276944225577034
0,0.0233722404673946
0,0.0257275208731984
0,0.0615982362195791
0,0.0278846724142866
0,0.0280785034596697
0,0.008095159322795
0,0.0263672042548955
0,0.0274457181167578
0,0.0282258049252224
0,0.0282729753853706
0,0.0271740157825094
0,0.018679407234838
0,0.0274120671193365
0,0.0276437886021002
0,0.0275698155376531
0,0.0292910226353633
0,0.0246110760652694
0,0.0254847980686997
0,0.028383496189496
0,0.0294130301128538
0,0.0287470889647118
0,0.0233382537611074
0,0.0264153243867488
0,0.0251895150352133
0,0.0024359878487258
0,0.0284602188536343
0,0.0153631350728272
0,0.0284321129273574
0,0.0133077884533818
0,0.0110305655539589
0,0.0289792645119272
0,0.0051892643177089
0,0.0283971197480356
0,0.0160507247678214
0,0.0293111355417736
0,0.0203294936556926
0,0.0440414940765568
0,0.0108669713586831
0,0.0293027715303798
0,0.0279880424323327
0,0.0178505125235096
0,0.0274374938075572
0,0.0090089443092062
0,0.0277859292140721
0,0.004731931367185
0,0.0274375478560463
0,0.0293931081205433
0,0.0282445391392698
0,0.0289546911291544
0,0.0277418161314622
0,0.0274086990236638
0,0.0280293395321762
0,0.0281980136487871
0,0.0290119462150919
0,0.0293966209786926
0,0.0692976482885976
0,0.0051217673291321
0,0.0236201700725295
0,0.0285667007598616
0,0.0282297697987734
0,0.004862999634145
0,0.0102241569166263
0,0.788593030092304
0,0.0275057390178489
0,0.0758642854682321
0,0.0293027715303798
0,0.0234233907972391
0,0.0292117962602834
0,0.0292923301499166
0,0.0274327564052834
0,0.0261110527552998
0,0.006226193341417
0,0.0274019170998572
0,0.0038718527508843
0,0.0274156008245072
0,0.0082850254485726
0,0.0153785793665673
0,0.0051252192019407
0,0.0036736609029317
0,0.0283583990064897
0,0.008286765828436
0,0.0116232562213747
0,0.003472319491735
0,0.0159757675598519
0,0.0275970979218565
0,0.0278169613452799
0,0.025151154086311
0,0.0290753765992873
0,0.0168347400514303
0,0.0506109643203388
0,0.027416928890151
0,0.0274177650174521
0,0.0274494662837006
0,0.0136097528338073
0,0.4684484534339017
0,0.0071045518589958
0,0.0292890243554165
0,0.027907754450167
0,0.0291425621624386
0,0.0274132312270878
0,0.029272325426867
0,0.0054267108017312
0,0.0283320821073062
0,0.0128676157203545
0,0.0288999617227004
0,0.0290132196678404
0,0.027905742035275
0,0.0167671214416282
0,0.0274594627597647
0,0.0281289838429055
0,0.0280904054404666
0,0.0080264138545751
0,0.0272105603876041
0,0.0188375067326667
0,0.028865271683974
0,0.0274232128242446
0,0.0194926174243248
0,0.027479298250338
0,0.0277027552164807
0,0.0233007892570602
0,0.0071420956036349
0,0.0207422797642983
0,0.0081922502626395
0,0.0294039025705784
0,0.0290021557081555
0,0.0249248605172604
0,0.0280143584329452
0,0.0293959573447509
0,0.0291242645503949
0,0.0315803812356059
0,0.0276760812990194
0,0.0270590909597534
0,0.0168589104892214
0,0.0282628591487684
0,0.1541472292517585
0,0.0290842766428267
0,0.0274171126013348
0,0.0287741600803541
0,0.0274847205573947
0,0.0147529145233681
0,0.0135089049490772
0,0.0274995711755708
0,0.0281231658084096
0,0.047931969047586
0,0.0049363105825924
0,0.0280840529683436
0,0.0275687602531402
0,0.0280487845136536
0,0.0280291925320668
0,0.0287510989761142
0,0.0292704065680952
0,0.0273002925389459
0,0.0281059530656473
0,0.0278786868057187
0,0.0270806636343124
0,0.0276258715707544
0,0.0152677391862088
0,0.0278881323730014
0,0.0286312382132122
0,0.0264104218394877
0,0.0276336463267201
0,0.0274918430901267
0,0.0289297298607399
0,0.02037867565818
0,0.0271996776002579
0,0.029018495873512
0,0.0101469350147517
0,0.0135685710143309
0,0.003151325730975
0,0.0293006577010842
0,0.0285334617727508
0,0.012023451075975
0,0.0052782474613944
0,0.0054704471376204
0,0.0275231637954782
0,0.0294412698894778
0,0.0281049677914848
0,0.0040094456790318
0,0.0292177596538414
0,0.0291655012347684
0,0.0282886248573611
0,0.0269908036932707
0,0.0200450170199265
0,0.0274318842330432
0,0.0163947243157264
0,0.0079091061443601
0,0.0294295498686064
0,0.0125948970597471
0,0.0289525239566288
0,0.0060531807700553
0,0.0281848556743663
0,0.0293698549619251
0,0.0282354663242673
0,0.029281335656115
0,0.0096370430656201
0,0.0293718420631587
0,0.0274440365577368
0,0.0286175517010489
0,0.0293995934705895
0,0.0262881118396957
0,0.0274726154634428
0,0.0279433313374628
0,0.0292475312175112
0,0.0284535004506376
0,0.0051663978981115
0,0.0210246627667218
0,0.0274931350091766
0,0.0261668394770872
0,0.0280005041734657
0,0.0275846886010486
0,0.0290156266943773
0,0.0275554535039892
0,0.0208139908036673
0,0.0080627424529138
0,0.0233029326807749
0,0.0970681756031566
0,0.0182016066899542
0,0.0069593073056374
0,0.0079212773136976
0,0.0287767272470884
0,0.028498727692182
0,0.0279539740750639
0,0.0197896825449935
0,0.0097513888127534
0,0.0276694267597783
0,0.0274583603068309
0,0.028987024966539
0,0.0273151468134036
0,0.0276412876309049
0,0.0108701618797915
0,0.0125633311866075
0,0.0140364413535545
0,0.0279716676823751
0,0.0276504106259744
0,0.0276751717815065
0,0.9803601734529942
0,0.0274153362821583
0,0.027516939482293
0,0.0281096615580533
0,0.0208673123093193
0,0.0276876803889815
0,0.0288065658361356
0,0.0276565810334352
0,0.0235426919951218
0,0.07887196571491
0,0.0435279590409051
0,0.028969570873666
0,0.0235286369130104
0,0.0037352210890972
0,0.0084138938547783
0,0.0266245808844402
0,0.0151268928238147
0,0.0292923038180804
0,0.0128537321104321
0,0.0295249265695016
0,0.0294060003644954
0,0.0081117941106405
0,0.0291620843433597
0,0.0289525239566288
0,0.0095849861876252
0,0.0280237461422461
0,0.033915680134829
0,0.028094088380438
0,0.0289736524241968
0,0.0130000461186119
0,0.1055458022642855
0,0.0292340103225412
0,0.0275960084666914
0,0.0034637309994325
0,0.0273945070546904
0,0.0251672260611463
0,0.0615307295227814
0,0.0292972885155852
0,0.0161565474066576
0,0.0075330208731141
0,0.0226837594287713
0,0.0275724659825194
0,0.0286031918366425
0,0.0275349282297717
0,0.0030242846530334
0,0.0087783498026745
0,0.0077531781283877
0,0.0275611006026773
0,0.2340900486440272
0,0.0196499106830119
0,0.0250739846511553
0,0.027175541908422
0,0.0289383488597778
0,0.028893545419039
0,0.0293127907478153
0,0.0275699025757793
0,0.027593061724316
0,0.0291797808071334
0,0.0288553683822677
0,0.028658398055151
0,0.0045440345395421
0,0.0291041503678869
0,0.0275433114512093
0,0.0274739792277914
0,0.3694717191987903
0,0.0151751772616375
0,0.0085184399918548
0,0.0292386158478034
0,0.0290332346744127
0,0.0292823159988745
0,0.0053168906661648
0,0.0281064242678487
0,0.0286335383860835
0,0.0203518474647237
0,0.0274484683834572
0,0.0135552845171803
0,0.0284327028453393
0,0.0162830588867182
0,0.006498411274173
0,0.0064897475129171
0,0.0031625281546803
0,0.8327665823697316
0,0.0254001196920753
0,0.0276656401318152
0,0.0119010015075792
0,0.0282618283178051
0,0.0285040217398339
0,0.0044475554621533
0,0.0293920321208002
0,0.0286207991941318
0,0.0194593482508289
0,0.0274099274304434
0,0.0275652231644522
0,0.0163669690968326
0,0.0287301391552439
0,0.0220227792260716
0,0.0284043270443654
0,0.0084246438373477
0,0.0281422878034527
0,0.0286000270017086
0,0.0056634913378165
0,0.0146637527435332
0,0.0069020111683056
0,0.0283970114123404
0,0.0192761464068211
0,0.611585375042914
0,0.011353466898512
0,0.0233356802093019
0,0.0269311282200036
0,0.0277756602086969
0,0.0037687625658641
0,0.0370517717271164
0,0.0497546778811586
0,0.01342142029838
0,0.0068282190721476
0,0.0285926565998331
0,0.0292030451235729
0,0.0078701655435837
0,0.0273694864411976
0,0.0247931686655097
0,0.0276171350934633
0,0.0276768406468759
0,0.0294758745586802
0,0.0145860086102863
0,0.0274434866167802
0,0.012163075289736
0,0.0288729969287604
0,0.0055302176460376
0,0.0052377171544102
0,0.014406158063388
0,0.0097294442073755
0,0.0288310146917636
0,0.028104780645954
0,0.0280967701498994
0,0.0284815200899171
0,0.0283627586676712
0,0.0037343730388382
0,0.027398265518903
0,0.0053864645679911
0,0.0287042758866468
0,0.0277738165998518
0,0.0647295518236375
0,0.0280893478065235
0,0.5957671546298364
0,0.0286318794718068
0,0.8319346015307953
0,0.0276865471997217
0,0.0281240423138453
0,0.0279210172183678
0,0.0278619846508368
0,0.0106640916998544
0,0.0293566116996771
0,0.0276621071677335
0,0.0292229658553114
0,0.0249673525990212
0,0.0292228978715662
0,0.0280221663267267
0,0.0281734896430065
0,0.0291947585047669
0,0.0246085220127555
0,0.0274202228696926
0,0.0275666166086012
0,0.0176202095615908
0,0.0147332867272959
0,0.028766148935039
0,0.0274840227699961
0,0.0215881281765545
0,0.0278763673405044
0,0.028456079024348
0,0.0293022140152647
0,0.027643013185554
0,0.0037719619285512
0,0.0286385223313577
0,0.023919527587865
0,0.0286361228237751
0,0.0280553309710135
0,0.0286508659516683
0,0.004687949979027
0,0.0270614877042731
0,0.0276210771319541
0,0.0291090144734346
0,0.0287237227046168
0,0.01354667557292
0,0.0271591173236369
0,0.0053619116984462
0,0.1723115341033152
0,0.0162111771949201
0,0.0290534430806544
0,0.0293638849549888
0,0.0276825968443422
0,0.0113145639090794
0,0.0290042219513724
0,0.0260231272128098
0,0.028299886600631
0,0.0290824430707933
0,0.0275216920135533
0,0.0277203470596288
0,0.0275319536745518
0,0.0257388608903512
0,0.0266762882610988
0,0.0286605501277247
0,0.0274886954329899
0,0.0276255345081119
0,0.0295325171796913
0,0.0253101196263427
0,0.0155258578137921
0,0.0278631285981492
0,0.0279149919009761
0,0.0015146934052709
0,0.027826557350728
0,0.0203854807707341
0,0.0274043512493166
0,0.0276588861679452
0,0.0274331754622401
0,0.0283451359704111
0,0.0119010015075792
0,0.029288677837053
0,0.1502869421801554
0,0.0236024727328428
0,0.0284585753311337
0,0.0280304553889523
0,0.0280351586955097
0,0.0050207205937499
0,0.0268087386807004
0,0.0126220788822928
0,0.0275663735967773
0,0.0031035334808606
0,0.027982444043342
0,0.0278459391113383
0,0.0274089420983259
0,0.0293089322845033
0,0.0256618797079846
0,0.0225773235099626
0,0.0117937217640103
0,0.0288736793422339
0,0.0292299235314245
0,0.0381054354859769
0,0.0151666995743213
0,0.0119128923682779
0,0.0886074731439986
0,0.0274092159237467
0,0.0034060299075419
0,0.0052328998409717
0,0.0284882669692724
0,0.0257912919282868
0,0.1069128354344095
0,0.0282108112193029
0,0.0150016793863236
0,0.0274399570301003
0,0.020467805257675
0,0.0293942684654564
0,0.5726237311632743
0,0.0114392462351622
0,0.0141307256724188
0,0.0103001979362226
0,0.0276138054083977
0,0.0294051821290431
0,0.0278083125645331
0,0.0115988193675833
0,0.027665971051538
0,0.0279431536335342
0,0.0481720992730331
0,0.0237117911868311
0,0.0275459763345047
0,0.0293678509513213
0,0.0286639379309275
0,0.029333607893662
0,0.0279624446708566
0,0.0066657934796449
0,0.0258370495762304
0,0.022059949754679
0,0.0255119615854675
0,0.024242420053118
0,0.0189123492451478
0,0.0065092729333739
0,0.0275931829556801
0,0.0275214434448602
0,0.0260548367337732
0,0.0294675540544197
0,0.0172960092302374
0,0.026469453617504
0,0.0292609194659186
0,0.0288750994032525
0,0.0052684692392125
0,0.0285652656676111
0,0.0086049534979818
0,0.0290463937439703
0,0.0276619488255787
0,0.0275650336705861
0,0.0266160411564767
0,0.0045285538111711
0,0.0274876641855424
0,0.0274371629943816
0,0.0286582230452047
0,0.0276360344831898
0,0.0201698432171529
0,0.0044021980726557
0,0.0141604919741254
0,0.0274382192271477
0,0.0254570876720715
0,0.0275732997291451
0,0.029066360685118
0,0.0069447239570711
0,0.0239514898275509
0,0.0072707749920804
0,0.0281675532685148
0,0.0115003061798042
0,0.0258661986982389
0,0.0280632647385793
0,0.0275803918375181
0,0.0282238432915817
0,0.0274786564333163
0,0.9944360254617884
0,0.027560835266981
0,0.0106506312992608
0,0.0335387610183324
0,0.0578512353717559
0,0.0195647660856748
0,0.0280646296803784
0,0.0265710978667591
0,0.0277910597196037
0,0.0274504766128864
0,0.0275079157961832
0,0.0274813913927628
0,0.0293370032633338
0,0.0094292338513221
0,0.029292165514771
0,0.0293981298694464
0,0.0284851514692213
0,0.0276206326489117
0,0.0283493310094914
0,0.0289556717689116
0,0.0243934851758148
0,0.0264684758068958
0,0.0290977031874226
0,0.0022906615018421
0,0.0145246641886725
0,0.0293366264137096
0,0.0058251381017615
0,0.0089935778118909
0,0.0283429473105871
0,0.0279213189064193
0,0.0058005745461031
0,0.0283804301518342
0,0.0254948377974536
0,0.0286970403112673
0,0.0259435010870697
0,0.0281090502338325
0,0.0291882532155327
0,0.0288913003337821
0,0.0081396108011486
0,0.0039492864088234
0,0.0069189642329097
0,0.0050284912647669
0,0.0275183237566139
0,0.0046626898236207
0,0.0288512233076887
0,0.0274901990599821
0,0.0274235112225265
0,0.0294695668956062
0,0.0286255612084258
0,0.0290283484509765
0,0.0275345983978017
0,0.0291658762117634
0,0.0275011249010551
0,0.0294241564321868
0,0.0037621972872003
0,0.028206675892539
0,0.027464066989745
0,0.0281640094690545
0,0.0286088234485588
0,0.0200513246497612
0,0.0293893607624777
0,0.0276784835086475
0,0.0123266449585566
0,0.0240591608887057
0,0.0278875169881146
0,0.029386037348894
0,0.0278404965853415
0,0.0274595297698497
0,0.0269808369968805
0,0.0075009635582021
0,0.02831969943369
0,0.3356485166460035
0,0.0573326085036653
0,0.0098443988277917
0,0.0069646516688821
0,0.0035072354127999
0,0.0293898375195785
0,0.0290183209568528
0,0.0166809592106889
0,0.0291644002542836
0,0.0048468308996868
0,0.0099743663086624
0,0.0274303145236451
0,0.0276097274873751
0,0.0286030124502294
0,0.0295196043556406
0,0.027211501447601
0,0.028405515515214
0,0.0274781197723321
0,0.0104923264393299
0,0.0057039455002293
0,0.0278805167234063
0,0.027459589723649
0,0.1366289312026165
0,0.0196660916467415
0,0.0274171126013348
0,0.0041582041474377
0,0.0270145224625591
0,0.0058411844548681
0,0.0278329780979911
0,0.0253195326732948
0,0.0290201851145075
0,0.0252367101823501
0,0.0276474964634113
0,0.4171218727316239
0,0.0090451520555267
0,0.0254631354546117
0,0.0081989206714485
0,0.0285457913817474
0,0.0295066561792205
0,0.0300095027423923
0,0.0132962654178862
0,0.0274781736001947
0,0.0083219472720782
0,0.0285185321396434
0,0.0274298579434085
0,0.029359059507845
0,0.0278354632836997
0,0.0225066243152837
0,0.0194259765303592
0,0.0043634731572274
0,0.0291450776788099
0,0.0218044230350996
0,0.0049193077933184
0,0.0275617418738052
0,0.0267086796105882
0,0.0178407200826554
0,0.012743361819437
0,0.023465791740369
0,0.029404263508661
0,0.0048690739830603
0,0.0274224408700104
0,0.0295986527810951
0,0.0034347597490603
0,0.0282386913528533
0,0.0065208988069146
0,0.0268012405530517
0,0.0136808253407755
0,0.02014793761804
0,0.0286330726215993
0,0.0288241542515637
0,0.02759812327884
0,0.0039105920977419
0,0.0275800634938188
0,0.0111913234711425
0,0.0288989616887793
0,0.0289506805715308
0,0.0101335453192836
0,0.0089461212033918
0,0.0158315182197161
0,0.0100172560541382
0,0.0279840548360621
0,0.027810618818489
0,0.00815351015736
0,0.0282352329575366
0,0.028634260466979
0,0.0113805062266244
0,0.0070927171607068
0,0.0289427852376157
0,0.0250023604669363
0,0.01627367715871
0,0.028583893413527
0,0.0292230449327783
0,0.006486546285024
0,0.0224595248842696
0,0.0093638684644702
0,0.0258940485060516
0,0.0752896803719645
0,0.0153270361346824
0,0.0288752694415361
0,0.0277949510358963
0,0.0280733756406296
0,0.0292425616935341
0,0.0056394536903193
0,0.0102621190228506
0,0.0069135069211234
0,0.005714511374579
0,0.0284921940415904
0,0.0274949743728492
0,0.029178271583683
0,0.0282065242029492
0,0.0232565757974649
0,0.0127501473019607
0,0.0025643602635629
0,0.0062126430497879
0,0.0287462481361999
0,0.0274755137013899
0,0.0280694327425476
0,0.0281235318160457
0,0.0061261454266105
0,0.0067630269012306
0,0.0291233454491019
0,0.0041600890980834
0,0.0056763831297448
0,0.0105417518627507
0,0.0034468257302187
0,0.0279418042414184
0,0.0293146467533209
0,0.029529199919236
0,0.0293619332917523
0,0.0290476247336745
0,0.027429826124437
0,0.0294178623938661
0,0.0295205166172055
0,0.0042190116108565
0,0.009315007547978
0,0.0115174136475853
0,0.0116712835263002
0,0.0138185260748234
0,0.0151501923654283
0,0.0277843802991865
0,0.0259230858314964
0,0.014862518243055
0,0.0242850199500472
0,0.0164547303736991
0,0.0293727990144387
0,0.0266487713702431
0,0.028633616328632
0,0.0060416318012365
0,0.0286309020626526
0,0.0254517282247132
0,0.0277098940609744
0,0.0290660364456958
0,0.0293931901886692
0,0.0293769857837721
0,0.0528695817515769
0,0.0274646477870867
0,0.0276658596612653
0,0.028391126581635
0,0.079175379140853
0,0.0277330579246758
0,0.0150410877518406
0,0.0085874282778115
0,0.0294987347857363
0,0.0275417538637429
0,0.0291923653070678
0,0.0277119349124899
0,0.0293628682808214
0,0.0289303663925474
0,0.0245056633577441
0,0.0234095350066164
0,0.0280104979191917
0,0.1080799710142684
0,0.0286441474573096
0,0.0135231628912812
0,0.0260429452113863
0,0.0688201249418177
0,0.0288474303430462
0,0.0238821752517658
0,0.0062013400321015
0,0.0046884112274698
0,0.0275104292408979
0,0.0221682575524198
0,0.027957940373292
0,0.0268736127983928
0,0.0294757824074849
0,0.009698224216922
0,0.0289828109492256
0,0.0274223320088492
0,0.0281224456252847
0,0.0283551420546915
0,0.1056724154782843
0,0.0218031927268449
0,0.005836601820765
0,0.032033603774383
0,0.0283326398497102
0,0.0285762884448936
0,0.0214009189296056
0,0.0281814282325798
0,0.005665570232298
0,0.0289915302064587
0,0.0280041290811536
0,0.0293412376186548
0,0.0278284394029647
0,0.0051093400635323
0,0.0038553207041525
0,0.0129160672724143
0,0.0274822561005397
0,0.0277383855772622
0,0.0293825176602195
0,0.0042089205900098
0,0.0238057346407272
0,0.0481260763342645
0,0.0090368771516029
0,0.028493092040109
0,0.0274892474469476
0,0.0293158793897379
0,0.0281261607301902
0,0.0284054566531542
0,0.0278251680406894
0,0.0275681216847069
0,0.0081106454004188
0,0.0055722899035563
0,0.0484087251527458
0,0.0287447463469991
0,0.0234860608073344
0,0.0276246565347095
0,0.2624198536923263
0,0.0026302416138832
0,0.0274675644574676
0,0.0247608469478321
0,0.0293068992520786
0,0.0292757624742049
0,0.0270859605870677
0,0.0868064635576149
0,0.0282773514395734
0,0.0122249135009974
0,0.0276426642832442
0,0.0275645753148941
0,0.0407256852309853
0,0.0287915249278105
0,0.0276394339658725
0,0.0334359168203755
0,0.0274136515761704
0,0.0286562119638381
0,0.0285716001058637
0,0.02785196155627
0,0.0278662080600609
0,0.0274893907081209
0,0.0281598719182934
0,0.0293248064658868
0,0.00532707891332
0,0.0436925927965531
0,0.0278988364301414
0,0.0274510016807788
0,0.0279894443312238
0,0.0169731062569386
0,0.0055060125802766
0,0.0293401881639214
0,0.0279734988067334
0,0.0289935503274895
0,0.0284256367774892
0,0.0242648905744384
0,0.0275529393433531
0,0.0029666169115452
0,0.0287191631765934
0,0.010886311137439
0,0.0286273790525346
0,0.0044685267267123
0,0.0274094664151855
0,0.0287785562666178
0,0.0240167724116333
0,0.0116781898647817
0,0.0028728337272246
0,0.0287894602253177
0,0.0130905088491361
0,0.0292486220346998
0,0.1036072168485792
0,0.0199859490191949
0,0.011072019092423
0,0.0275055731576986
0,0.0279025534503466
0,0.0048912593179078
0,0.0070651191472038
0,0.0276429960699534
0,0.0274302976521735
0,0.0280451960054804
0,0.0294234161817313
0,0.0245870460446862
0,0.0294725480600076
0,0.0290847880818095
0,0.0277537265386253
0,0.028299157314888
0,0.0282570287026832
0,0.0279295526771036
0,0.0274121501355074
0,0.0240865224411786
0,0.1188585550741894
0,0.0275261922652853
0,0.0072850030779744
0,0.0049307915385865
0,0.0198460906438788
0,0.0281901784342947
0,0.0159519214142188
0,0.0274155108594467
0,0.0094645418378062
0,0.0240653576334599
0,0.0276211966072833
0,0.0108338823897278
0,0.0286408341321594
0,0.0204233509391846
0,0.0281368582698276
0,0.029388098267841
0,0.0059552406198813
0,0.0270463823023889
0,0.0289669746379242
0,0.2352439053299814
0,0.0248631909576744
0,0.0056773430961893
0,0.026970977586382
0,0.0070802752786522
0,0.0293150381080871
0,0.01468660268496
0,0.0286098309199914
0,0.0285759455124119
0,0.0273960476331073
0,0.0289643558622403
0,0.025247400921421
0,0.0272969581141008
0,0.0274332935390005
0,0.0278110600411401
0,0.0175454073231877
0,0.0287254421470759
0,0.0089734079121288
0,0.0293644961855774
0,0.0282771834252809
0,0.0291161718773259
0,0.0281435469371858
0,0.015076396632542
0,0.0850515777457183
0,0.074511881694815
0,0.0287810937669251
0,0.0292890890819522
0,0.0274022667130169
0,0.0062710516457449
0,0.0252022857399666
0,0.0280315157353689
0,0.0111392599054202
0,0.0278928887029176
0,0.0373086117154235
0,0.0274972112718751
0,0.0283432051757478
0,0.994243067043738
0,0.0114831417056411
0,0.0285298750169758
0,0.0294196300352629
0,0.0277588352384097
0,0.0289878850824979
0,0.0291482134607204
0,0.0285113223582529
0,0.0284491154440363
0,0.0280483008279116
0,0.0237387262645659
0,0.0291247113919277
0,0.029266896981243
0,0.0262011303988057
0,0.0180137183666648
0,0.0277772537180652
0,0.0371594650846754
0,0.0254913758825735
0,0.0275924007228561
0,0.0277705407927888
0,0.0074217074235606
0,0.028932266132274
0,0.0289566474044952
0,0.0099207249017643
0,0.0281801088234881
0,0.4093354892879387
0,0.0291089214756076
0,0.0376492565061153
0,0.0277734825717299
0,0.0279966510579224
0,0.0039232602257736
0,0.027500601688602
0,0.0275675787032249
0,0.0164715215036858
0,0.0158366629037479
0,0.0235073563925225
0,0.0274514257878548
0,0.0205770952452186
0,0.6131649239049957
0,0.0284437670525089
0,0.1590659895592994
0,0.0277001092771218
0,0.0030351302449546
0,0.0315987945603667
0,0.0242352699064045
0,0.0289427741357602
0,0.0280695138350961
0,0.0276032257172219
0,0.0274166801671226
0,0.0274094664151855
0,0.0270760010276493
0,0.0275986618793716
0,0.0052132110682147
0,0.0264693822767287
0,0.0275928314020304
0,0.0280703960156547
0,0.0275263990931248
0,0.0275715079346491
0,0.0284976342757141
0,0.0292003973864237
0,0.0292820252751205
0,0.025779804709969
0,0.01259281898469
0,0.0429034649405874
0,0.0294374778917379
0,0.0292000602909609
0,0.006473123305182
0,0.0184258736585922
0,0.015158644554393
0,0.0048756986109521
0,0.0275415365809287
0,0.0060454921832162
0,0.0276495014798596
0,0.0274985635032079
0,0.0277985141164022
0,0.0217609203964009
0,0.0684544287615358
0,0.0190944783637699
0,0.0275109866929906
0,0.0277333496612531
0,0.0279024534183188
0,0.0294139460123908
0,0.0293477025535448
0,0.0351027102999683
0,0.0285795955923146
0,0.0273739143808881
0,0.2824032738553691
0,0.0288871677506051
0,0.0206418735320034
0,0.0518111326143299
0,0.0285016707135943
0,0.0278060430224164
0,0.0429146931444534
0,0.0293022005875827
0,0.0288058583378043
0,0.0284268027951854
0,0.028218003268626
0,0.0247853825361102
0,0.0272454428287187
0,0.0283020296252803
0,0.0171650382388055
0,0.0274085824530576
0,0.00499030444555
0,0.0282483408154228
0,0.0271627429828773
0,0.0286681576706138
0,0.0191893486039911
0,0.0130429554703654
0,0.0283808007074052
0,0.0043773700148379
0,0.0044318559762065
0,0.028347322485041
0,0.0294262242988914
0,0.0013357271759061
0,0.0040687207590166
0,0.1123730916958873
0,0.0291748124131032
0,0.0290446670089584
0,0.0037047232386675
0,0.0285945783980735
0,0.0174950645973549
0,0.0051354351845774
0,0.0290997611775147
0,0.0284309942239491
0,0.0278906793171249
0,0.0242095270201798
0,0.0294035605413628
0,0.0103429847456693
0,0.0279019337801548
0,0.0105950410966063
0,0.0047585873888229
0,0.017976379818276
0,0.0326984698801177
0,0.0294051077127681
0,0.027770359567416
0,0.0162371771866592
0,0.0270656153792444
0,0.0040265816045722
0,0.0268399638340476
0,0.0050529944005518
0,0.0278071549535307
0,0.0325534756064623
0,0.0118252927374194
0,0.0095758131897128
0,0.0100932520819291
0,0.005240390764715
0,0.0249153432697855
0,0.0289361140026868
0,0.0104886920516219
0,0.0265511448892957
0,0.0273439604821946
0,0.0284797821973524
0,0.0289670745096219
0,0.0294000157990009
0,0.0196471574807763
0,0.0293966623230088
0,0.0266384755321416
0,0.0263729313679633
0,0.0240416664139623
0,0.0277676356430201
0,0.0087441110683578
0,0.0274778254871773
0,0.0277538997685401
0,0.027413394659673
0,0.0237605929947256
0,0.0241412507683728
0,0.0139587503508153
0,0.0275055506546438
0,0.0044227166778671
0,0.0287160040992529
0,0.0277311389330447
0,0.028969570873666
0,0.0103728733139827
0,0.0294321885182298
0,0.0051544210998209
0,0.0055959919119736
0,0.023381080480269
0,0.0292496389352833
0,0.0288776926991034
0,0.0244226531817591
0,0.0288674068973353
0,0.0063257362392513
0,0.0290465784372816
0,0.0281596084606224
0,0.0286049256044848
0,0.0162151373060025
0,0.0275177566813455
0,0.0283353969725439
0,0.0069697541352357
0,0.0289853723643732
0,0.0201810925371108
0,0.0135377522397002
0,0.027368850683144
0,0.0274674317607673
0,0.0292286117873773
0,0.0203624447759623
0,0.0276716852465841
0,0.0285024715645525
0,0.028267316168328
0,0.0905402190302067
0,0.0111231593140879
0,0.017431397690137
0,0.0291957101030036
0,0.1422990686349007
0,0.0277558647331999
0,0.0049926871689282
0,0.0201681188410856
0,0.0295314200421978
0,0.0079042119457332
0,0.0275629205466517
0,0.0181703768310515
0,0.004386526229282
0,0.0275761701312576
0,0.0292275922879045
0,0.0273952512629209
0,0.1983421494974646
0,0.0092043145523366
0,0.011884807045682
0,0.0179789701393535
0,0.0171129751880622
0,0.0293366549713682
0,0.0236037568369808
0,0.004577016297029
0,0.0456999141433962
0,0.0278790425960358
0,0.0276338251195825
0,0.0284867087724023
0,0.0282108807240988
0,0.0291180893260433
0,0.0286678681676394
0,0.0078048845675295
0,0.0254670585538205
0,0.0276086799140446
0,0.0284157704286572
0,0.0275097107967084
0,0.0289815638682746
0,0.0039610001658501
0,0.022527957591904
0,0.0515316165605651
0,0.002872171186226
0,0.0278650496032579
0,0.0108114769295376
0,0.0286302836760632
0,0.0257751952406528
0,0.0059169831058512
0,0.028696123679673
0,0.0498588681112468
0,0.0277204063158138
0,0.0285056891827622
0,0.0040710359041348
0,0.0281186200161053
0,0.0277399726705758
0,0.028714055057679
0,0.0290640438338192
0,0.0236829397123186
0,0.0276126711085077
0,0.0277442522605331
0,0.0282048373978963
0,0.0274964225307138
0,0.0222872435340824
0,0.0274852543689701
0,0.0060311915165997
0,0.0241678687763568
0,0.0274375478560463
0,0.0282697699384197
0,0.0033005915086093
0,0.0039498401600089
0,0.0279490343749049
0,0.0277825007087552
0,0.0275801523366529
0,0.0216704284792284
0,0.0274715489245427
0,0.0275542919266284
0,0.0293783188109331
0,0.0280266431659263
0,0.0167540788580899
0,0.0288772879039873
0,0.0276590366496328
0,0.0274610920884669
0,0.0293463026369727
0,0.0111820061742962
0,0.0270730065429772
0,0.0103980640392385
0,0.0074471396634205
0,0.1358045860071171
0,0.0247457130010352
0,0.0292856194161442
0,0.0274713386198117
0,0.0287751210635968
0,0.0051193577751679
0,0.0080863998932991
0,0.0073109368728497
0,0.0293727298157732
0,0.0275355537974751
0,0.0285564293698125
0,0.0043642762390149
0,0.0275419722201941
0,0.014991213035527
0,0.023786835200712
0,0.0283413267316564
0,0.0158090744791484
0,0.0274224138478935
0,0.0274067653403688
0,0.0249973675963762
0,0.027483655306288
0,0.0077967346142887
0,0.0276856190768163
0,0.0290427510016144
0,0.0286040106633814
0,0.027418810038181
0,0.0286522209591917
0,0.0035517468217262
0,0.0281692507184497
0,0.0064771920774842
0,0.0336753557289062
0,0.0035216662352192
0,0.0289342189040211
0,0.0281812337172469
0,0.0275900986878477
0,0.0289750506329298
0,0.0077960345782677
0,0.0179385859817413
0,0.0201062008867448
0,0.0287027367526122
0,0.0274905253328188
0,0.0276224699496147
0,0.029318179161841
0,0.0292953303349777
0,0.005703938816999
0,0.0285183019466233
0,0.042011417299713
0,0.0148840543327572
0,0.0283272605217774
0,0.0289572468149845
0,0.0059214054332444
0,0.0278248146088975
0,0.0289427395455328
0,0.0144771423086074
0,0.0291135398588122
0,0.0061742479838624
0,0.3401233250096168
0,0.0290240105880276
0,0.0279982995736803
0,0.0263894917183243
0,0.0278898431512793
0,0.0281710315972169
0,0.0288777584552463
0,0.0255736377157965
0,0.0275798235859855
0,0.0138423344980971
0,0.023595113956724
0,0.0274443017123653
0,0.011559450722473
0,0.0052708264623604
0,0.0075367088031915
0,0.0074507215035444
0,0.0220925771153701
0,0.0032437604348918
0,0.0294485889026286
0,0.0280908101408324
0,0.028600872436617
0,0.0294728885035134
0,0.0226808220734444
0,0.0281463002323439
0,0.0278482596128368
0,0.0286312274499792
0,0.0037971709978095
0,0.0101775211754235
0,0.0967263654472328
0,0.0279636773589105
0,0.0187456266021419
0,0.027709679171403
0,0.008524054736437
0,0.0065568060387884
0,0.0276015452545928
0,0.0274607425106605
0,0.0284204204652025
0,0.0166432763313352
0,0.1020747219248821
0,0.0255772879770971
0,0.0359127969792819
0,0.0274063583689402
0,0.027971293374695
0,0.0044180326334003
0,0.0285608159827316
0,0.0337498641133927
0,0.0276068933165202
0,0.0114680738186434
0,0.0104698324869863
0,0.0276636894752352
0,0.0066093880346204
0,0.1411795997606637
0,0.0216988586854836
0,0.0284088725740849
0,0.0262140885447096
0,0.0254450941782658
0,0.027500774180686
0,0.027750157877321
0,0.0287699958229084
0,0.0291068653578158
0,0.0283117529733371
0,0.0098723144576145
0,0.0277373211308873
0,0.0294326339754096
0,0.0065454572585771
0,0.027781053921057
0,0.0290932048913752
0,0.026586168203683
0,0.0278082561959321
0,0.0156822487690642
0,0.0274111271850728
0,0.0266173463244011
0,0.0275980962182721
0,0.0274658760496922
0,0.0281539776763427
0,0.026278666687529
0,0.1690300705849254
0,0.0276250414271004
0,0.0277975092560118
0,0.028507084286309
0,0.0288397861578362
0,0.0145524672354383
0,0.1084857051109028
0,0.0284007387738861
0,0.0273955412637244
0,0.0276069088774428
0,0.0279621905332362
0,0.0242788413410377
0,0.0283963039549575
0,0.0287160502562045
0,0.0107966772829539
0,0.0291008374560125
0,0.0086368886770449
0,0.0291367392656476
0,0.0049989811753839
0,0.0281268240900794
0,0.0284847375451676
0,0.0173947140260784
0,0.010337889395031
0,0.0204860188468003
0,0.0274177187664506
0,0.0280477335777959
0,0.0440468587281394
0,0.0070802752786522
0,0.0099873045084735
0,0.02750453718648
0,0.0244469867395159
0,0.0054434775978678
0,0.0285355070903517
0,0.0135586350309281
0,0.0238368319632171
0,0.00776429453208
0,0.0280829122410673
0,0.14202973191927
0,0.0175760731556558
0,0.0057110115186667
0,0.0279370505309927
0,0.0470254255473927
0,0.0095746766953751
0,0.0070937448730878
0,0.0271174805456136
0,0.0289550375138852
0,0.0279892819642688
0,0.0068320873892801
0,0.0282974196266041
0,0.0145066311914605
0,0.0288939942919606
0,0.028996386318781
0,0.0293564737896997
0,0.0276834801418952
0,0.0087618299830602
0,0.0254440833518367
0,0.029529892732177
0,0.0276025872769996
0,0.0112593476902154
0,0.0292406298813944
0,0.0227782613204559
0,0.0285656890530351
0,0.0062387369310584
0,0.0260786461447164
0,0.0279676113210931
0,0.0145711305275259
0,0.0293866804234769
0,0.0087783498026745
0,0.0288451717477734
0,0.0059664970901516
0,0.0280004193732465
0,0.0281830877837303
0,0.0081774618151352
0,0.033056114467054
0,0.028643467101651
0,0.0292486983147978
0,0.028438645152984
0,0.0059602374013703
0,0.0235612604228942
0,0.0118745042571116
0,0.0953581645035844
0,0.0283839434067223
0,0.0293071284080596
0,0.00766275023519
0,0.0292399540146508
0,0.028500064835491
0,0.0235068820710643
0,0.1005870325627037
0,0.0077718199272706
0,0.0257784787359866
0,0.0289915791061161
0,0.0292566035154051
0,0.0294010908714839
0,0.0274225942038842
0,0.0277200627638602
0,0.0285790904511769
0,0.0288581642419422
0,0.0201044106054185
0,0.0282947707804677
0,0.0276333303668679
0,0.0280098632324584
0,0.0281864295371469
0,0.0290399821762563
0,0.0081323500870675
0,0.0276246079770849
0,0.0274324233783817
0,0.0277875605102038
0,0.0281792961812805
0,0.0290309361291891
0,0.0033135283079067
0,0.0291570178764021
0,0.0030813517570883
0,0.0285186060639183
0,0.2315425271197174
0,0.0276923695631692
0,0.0288045893191088
0,0.0134687682119745
0,0.0314069277466088
0,0.0279270987256879
0,0.0265582890018343
0,0.0283892597474504
0,0.0282530793938874
0,0.0273437717352531
0,0.0278244049454312
0,0.0131771378613887
0,0.0292193402358609
0,0.0295044962544045
0,0.0235763291090945
0,0.0279194141238216
0,0.0285140725562129
0,0.0290228706022351
0,0.0239124169533886
0,0.1035244322483402
0,0.0076482762123681
0,0.028258258972536
0,0.0285317896543179
0,0.0057026220361288
0,0.0277050069626852
0,0.0239046680098037
0,0.0282477426084411
0,0.0063677026820597
0,0.0275718825517109
0,0.0289929578431237
0,0.0038191347648134
0,0.0112979342515245
0,0.0292254274762769
0,0.0290710646201626
0,0.0285882772231197
0,0.0281599755546785
0,0.0280216583449113
0,0.0043345968412233
0,0.0289209790377702
0,0.0274887719114772
0,0.0275709518562898
0,0.0283028409116167
0,0.0118873481813806
0,0.0282575102980854
0,0.0270456348262489
0,0.0279895083092235
0,0.0279336653090726
0,0.0281195957701255
0,0.0136292142437864
0,0.0481932803360597
0,0.0099362357647363
0,0.0275138770190266
0,0.0147403949575224
0,0.0293459189419413
0,0.0258114083143557
0,0.0258105988143728
0,0.0206813931919152
0,0.0280679701108936
0,0.0292394381031734
0,0.0292487620431059
0,0.0274399972206468
0,0.0292279238152835
0,0.0280643320020641
0,0.0279777619840525
0,0.0294465487818328
0,0.0181748562325129
0,0.0278010550861887
0,0.0327526212345849
0,0.0283468209862108
0,0.0179024426542445
0,0.0171870898077288
0,0.027010684118004
0,0.0282130209841062
0,0.0284349320949935
0,0.0029323581444634
0,0.0274415482476496
0,0.0129811758733793
0,0.028796410251181
0,0.0129922492970459
0,0.0772726552344368
0,0.0287146758543374
0,0.0039843528121972
0,0.0229694290971409
0,0.0293477469121314
0,0.0069447187097028
0,0.028789976495893
0,0.0128049840119939
0,0.0051766718818993
0,0.0276650758205602
0,0.0293909194573098
0,0.0288221690480165
0,0.0284649409949976
0,0.008858595168692
0,0.0378360383927606
0,0.0294025313013119
0,0.0257349175398954
0,0.0107004379231896
0,0.0038401362366892
0,0.0228416753371791
0,0.0275546344511545
0,0.0275599958175384
0,0.0245148773232206
0,0.0262725956886462
0,0.0049040756856596
0,0.0118596050505868
0,0.0274120922734611
0,0.0121040152901346
0,0.0117946763820775
0,0.0266569045965482
0,0.0233352165964732
0,0.0293498115092787
0,0.0277824357221676
0,0.0289988827142875
0,0.027429512641261
0,0.0274726154634428
0,0.0282500988479325
0,0.0157226506535818
0,0.0274594133659003
0,0.0286645055642698
0,0.0274018120054253
0,0.0276037851934796
0,0.0289490622777062
0,0.0290993353276161
0,0.0290475739200229
0,0.0322185564289819
0,0.0290093071787765
0,0.0282124063509105
0,0.0277085004283065
0,0.0232481759335908
0,0.0277202768430221
0,0.0447493380545026
0,0.0279352676348534
0,0.1626229694675629
0,0.0276818101397806
0,0.0274926754783894
0,0.0230675898802102
0,0.0070704215600707
0,0.0248768275128027
0,0.0290942553014011
0,0.0284665558940145
0,0.0093291793992169
0,0.0279366997418994
0,0.004923483240772
0,0.0057927527460254
0,0.0274081932013668
0,0.0275461966271586
0,0.0287028178700774
0,0.0055880319435542
0,0.0047907444760227
0,0.0276234338636819
0,0.027739836245346
0,0.0292487935220082
0,0.2146106052559046
0,0.028504957806374
0,0.0118114240853192
0,0.0274645590276861
0,0.0286976297155038
0,0.005007734483079
0,0.1699586427256602
0,0.026334047159174
0,0.027519652423124
0,0.0279352798332651
0,0.0043027645107144
0,0.0049701503757183
0,0.0290331087010854
0,0.0287696689390713
0,0.0285440226656361
0,0.0275600716531984
0,0.0293535702646161
0,0.0275447958495285
0,0.0193783431023812
0,0.0138436133409047
0,0.0285335032859995
0,0.0185186726723841
0,0.0281108422376988
0,0.0290004836341339
0,0.0071067130414903
0,0.0233751516474358
0,0.0060343446398178
0,0.0293388552299448
0,0.0274850144159202
0,0.024045917990137
0,0.0252137286629756
0,0.0184117423674966
0,0.0287645526201097
0,0.0236906143785782
0,0.0084306985193209
0,0.0028810559370665
0,0.0037881840972716
0,0.0125049681520466
0,0.0282954908990573
0,0.0274906684340972
0,0.004233595452531
0,0.0287366084851322
0,0.006120727442562
0,0.0398655780586865
0,0.0289318109109456
0,0.0292143826265331
0,0.0281309203244505
0,0.0279784170206896
0,0.0278947683965733
0,0.0267125307981482
0,0.0276033071838224
0,0.0282979545378615
0,0.0353690947509283
0,0.0265085736259615
0,0.0276052210977742
0,0.0157209134423523
0,0.0280139924854198
0,0.0323305636594951
0,0.0130787186791081
0,0.0274083380204452
0,0.0274482844037046
0,0.008626192017416
0,0.0288581742290034
0,0.0292250910366253
0,0.028904507949536
0,0.0045959037190935
0,0.0522393284074888
0,0.0277538997685401
0,0.0292784687786711
0,0.0278692947345004
0,0.0233829899228439
0,0.0276194193552813
0,0.0274583762076764
0,0.0009811274470255
0,0.0280269352697215
0,0.0172979215576976
0,0.0285393773199254
0,0.0283570089919646
0,0.0380564433148434
0,0.0279335145233624
0,0.0584130041266219
0,0.0220508301340252
0,0.0278427382538459
0,0.0037674393421872
0,0.0216112475248707
0,0.0690964199125035
0,0.0274556082044704
0,0.027603961736904
0,0.0277448398954106
0,0.0284778945913131
0,0.0290475739200229
0,0.0038579825804264
0,0.0294031456829287
0,0.00572785275942
0,0.0062295070575608
0,0.0175922973113393
0,0.0284508719485172
0,0.0256884605784767
0,0.0277209440129175
0,0.0274152921601795
0,0.0165577690315023
0,0.0188386211417476
0,0.0275144257883241
0,0.0047638254158607
0,0.0188382739199758
0,0.0274553636716361
0,0.0051840546464734
0,0.0277878469458956
0,0.0279158351805215
0,0.0274317112680597
0,0.0283968759411029
0,0.027897097606013
0,0.0166128271291621
0,0.0291505347509411
0,0.0254411763875514
0,0.0284218109039278
0,0.0285321360968629
0,0.0293917543116947
0,0.0274589425265331
0,0.0274064097035679
0,0.0064462793467435
0,0.0077418993238367
0,0.0305550378777552
0,0.0294282326548405
0,0.0274551298867337
0,0.0277477364520684
0,0.027821644591556
0,0.0278564556305269
0,0.0283026336832576
0,0.0317005019846475
0,0.0293740759053128
0,0.022339633701336
0,0.0277323286310752
0,0.0291508091900514
0,0.0123975467075802
0,0.0274050432060682
0,0.0357108498333466
0,0.0275164167393377
0,0.0292040933199969
0,0.024814657799965
0,0.0290134159218443
0,0.028774370622419
0,0.0281820102950768
0,0.0037279987059066
0,0.0059963927010233
0,0.0074779904026344
0,0.0153842320259698
0,0.0059831087019457
0,0.0281734896430065
0,0.0282879436825075
0,0.027664955652419
0,0.0049271127253707
0,0.0279637586271083
0,0.023109597313024
0,0.0257991765787618
0,0.0287885770646686
0,0.024791559992595
0,0.0239824502150807
0,0.0275636294316243
0,0.0063011295771986
0,0.0629711610887832
0,0.0280276108075701
0,0.0162774510311282
0,0.009692697750527
0,0.0234264696436548
0,0.0342396231182164
0,0.0292028713156336
0,0.0274296394631989
0,0.026361742376271
0,0.0279422780825813
0,0.0029441710095865
0,0.0279555593296663
0,0.0288722079172491
0,0.0255553878370664
0,0.0293388969259407
0,0.0278543423958514
0,0.00583986746038
0,0.0293039494150094
0,0.0247990325474949
0,0.012621169515172
0,0.0143405671635925
0,0.0291302657587706
0,0.0048043538972488
0,0.0274058777698651
0,0.0285050520830623
0,0.0048214713344975
0,0.0073096127588981
0,0.0150166606042648
0,0.0102439840814001
0,0.6300750867559852
0,0.0291886530816086
0,0.0277891533448011
0,0.036004862797702
0,0.0276607735606768
0,0.0295331778981147
0,0.023442197373197
0,0.0268105305770794
0,0.0039666698330414
0,0.0283266014036698
0,0.0340111796555878
0,0.0275000177804408
0,0.0280821290360395
0,0.02756642411349
0,0.003794589284674
0,0.0246674792018985
0,0.027664955652419
0,0.3340010204328172
0,0.0276588594891683
0,0.0277698262910093
0,0.0278767691630434
0,0.1231335917394456
0,0.0060183939538222
0,0.0079401390923071
0,0.0273783387713782
0,0.0284570818142823
0,0.0226902166934502
0,0.0234264696436548
0,0.0284797933925158
0,0.0274086990236638
0,0.0274731727447416
0,0.0274142406586687
0,0.0056694508280389
0,0.0274935723945391
0,0.0283075290003017
0,0.0175324516467144
0,0.0288321023751358
0,0.0276155179206501
0,0.0055988993557817
0,0.0285204392392854
0,0.0276629706069072
0,0.0292913970707212
0,0.0274174453599712
0,0.0274098521987745
0,0.0279064272477456
0,0.0048148949583965
0,0.022656711755248
0,0.0047502846593273
0,0.038702028763479
0,0.0293795676373986
0,0.0079572689275094
0,0.0278177302026267
0,0.0332614995847829
0,0.0185531223842694
0,0.0062466294089246
0,0.0291482658115051
0,0.0294459777832034
0,0.0233001857323232
0,0.0282434875966416
0,0.0274192873458582
0,0.0043045898189703
0,0.0294404156146491
0,0.0476814128238271
0,0.0061762300838164
0,0.0048379680010686
0,0.0290202284190356
0,0.0276668960707442
0,0.0294180255433573
0,0.0280952588099062
0,0.028329618588085
0,0.0288035841321069
0,0.0241572233688874
0,0.0091966354723406
0,0.0235019422895987
0,0.0274388108964184
0,0.0278311589606944
0,0.0012329940802484
0,0.0154517645185793
0,0.028465581298394
0,0.0072693301631442
0,0.0291317965803522
0,0.0288129026752445
0,0.0202266438621241
0,0.0063448464058697
0,0.0468454832681195
0,0.0076382193790948
0,0.0286936214563954
0,0.0284047922074645
0,0.0274094685859858
0,0.0286139002229293
0,0.0274319235038312
0,0.0153462858110464
0,0.0277080776212336
0,0.0285070365573915
0,0.0040399377598654
0,0.0293551626819052
0,0.0054701540799535
0,0.0081794396662417
0,0.0275999998016519
0,0.0287718451225244
0,0.0292895072390652
0,0.191957903311413
0,0.0287568906939336
0,0.0244925249233612
0,0.0278130177073734
0,0.0083544977174949
0,0.0294152691350706
0,0.0269317173395982
0,0.0292257089441166
0,0.0055797315508935
0,0.02389824370038
0,0.029434095909639
0,0.0233789796678222
0,0.011744098510177
0,0.0274578615089182
0,0.0101657090323637
0,0.0233618666714148
0,0.0050100223831179
0,0.028377857079791
0,0.0190528237920002
0,0.0125152328425035
0,0.0063093497840724
0,0.027514212854308
0,0.02939218436493
0,0.0293282276845957
0,0.0136384558947329
0,0.0292321926936896
0,0.028144760053911
0,0.0273679745993696
0,0.027147916968951
0,0.0278251680406894
0,0.0657463317582402
0,0.0278034251115452
0,0.0037275891054268
0,0.0275676385149049
0,0.0290974064075914
0,0.0294738220178208
0,0.0069380846454828
0,0.0293255630860393
0,0.0281139095268659
0,0.0132288248672169
0,0.02766450931348
0,0.0143451989805765
0,0.023738102009783
0,0.0276125081467635
0,0.0062349585917376
0,0.0080338482687567
0,0.0289253627812126
0,0.0288088781916758
0,0.0054226152793608
0,0.0278271315620563
0,0.0250418483998706
0,0.015712580563853
0,0.0276313755378648
0,0.0275447986969923
0,0.028926656157956
0,0.028333896322233
0,0.0277067494486664
0,0.0293201021402332
0,0.0039427512033322
0,0.004104513519805
0,0.0101450435381004
0,0.0234736741893583
0,0.0479551917503031
0,0.0280526169698704
0,0.028543629097972
0,0.0275226395389116
0,0.027940392311934
0,0.0291329180379056
0,0.0038861331043906
0,0.0294039088116172
0,0.0290423640223586
0,0.0043962650564706
0,0.0057316406661123
0,0.0274054434440882
0,0.0286358490225901
0,0.0089010134423979
0,0.0293917543116947
0,0.0064423212706153
0,0.0290018758112127
0,0.0283534351562571
0,0.0271124348106929
0,0.0284656211550678
0,0.0289234561813549
0,0.06607494614974
0,0.0121128382223032
0,0.0051131858611083
0,0.0068628918266859
0,0.0422971414224677
0,0.0280866893832396
0,0.0165077438633021
0,0.0276276300044876
0,0.0288269930837683
0,0.0274094664151855
0,0.0047504452887532
0,0.0264355905740066
0,0.027466397461846
0,0.0289682535974949
0,0.0293632527686936
0,0.0089005910942551
0,0.0281392831166204
0,0.0034386365661188
0,0.0293695262272438
0,0.0285344313829054
0,0.0167775084367156
0,0.0860717848499075
0,0.0273856215548363
0,0.013140451911376
0,0.0274050248767757
0,0.0276065177777635
0,0.0287624214122245
0,0.0280620765836144
0,0.0191909596551959
0,0.0062975019803832
0,0.0276400442653403
0,0.0044790228828169
0,0.0286030704527636
0,0.0411624819812361
0,0.0278271557480176
0,0.028908282192592
0,0.0274311866246916
0,0.0281668126841851
0,0.0287190301846984
0,0.0822151763190511
0,0.0050722866207342
0,0.020394510297513
0,0.0280765257592492
0,0.0257039167862396
0,0.0280849770127352
0,0.0274406906193781
0,0.0349315717100286
0,0.0087467106559508
0,0.0081720768105189
0,0.0278695248569409
0,0.028455750004667
0,0.0055007545559853
0,0.0275980218032619
0,0.0232777407327709
0,0.0294764520018336
0,0.0294241879400328
0,0.0203787665383871
0,0.0089077093047281
0,0.0075019002214097
0,0.0243967119422596
0,0.0289007986079444
0,0.0102598132473127
0,0.0240011856616303
0,0.01185263446272
0,0.0083481212944023
0,0.0284600761730321
0,0.0274067039466248
0,0.0280986891093752
0,0.0292805512672101
0,0.0767755363777376
0,0.0027632468947014
0,0.0278593974809733
0,0.0284144416086371
0,0.0275021676076382
0,0.0274458584409699
0,0.0257085925597777
0,0.0275441420727254
0,0.1251769457301458
0,0.0195327349742161
0,0.0292734887704177
0,0.0274603615997435
0,0.0291480627903708
0,0.0271084217999519
0,0.1621852878317379
0,0.0282873274223175
0,0.0275776646211309
0,0.0278593974809733
0,0.0274123799910086
0,0.0284189286273212
0,0.0279266426652928
0,0.0279734988067334
0,0.0286013618775457
0,0.0037643698184039
0,0.027526329649747
0,0.0233708962452999
0,0.0278064905326529
0,0.0274242635668089
0,0.0256599307974539
0,0.0029634692514103
0,0.0279894500648442
0,0.0288122997944583
0,0.0276917676550971
0,0.0050636215444938
0,0.0161608627362397
0,0.0276927870850647
0,0.0044099056430564
0,0.0280151807691233
0,0.027532581505282
0,0.0290408791410916
0,0.0279466401955263
0,0.0284179892893382
0,0.0159741393054095
0,0.0393826010162882
0,0.0283183216271089
0,0.0286355223895628
0,0.0251940859222858
0,0.028774370622419
0,0.0281367395596767
0,0.0048843343222298
0,0.0084305326300888
0,0.0056197683799493
0,0.0093889402789497
0,0.0282070901536602
0,0.0037079724726769
0,0.0285463933605212
0,0.0043911006798778
0,0.0155241362589372
0,0.0281675566296642
0,0.0274147475057127
0,0.0293554367378599
0,0.0276222861315063
0,0.0276986286891463
0,0.0291892765974918
0,0.0276975891287005
0,0.0291743609365511
0,0.0278516094033468
0,0.0286126834859255
0,0.0211882786460358
0,0.0288124083477982
0,0.0285186030946202
0,0.0294063671207644
0,0.0100723028825972
0,0.0091446686232149
0,0.00499088473895
0,0.0206525473391114
0,0.0277366263066662
0,0.1053882060338378
0,0.0100322664552022
0,0.0038879991639362
0,0.0233781822891967
0,0.0277496456265713
0,0.0274150771169669
0,0.0275074451936975
0,0.0284317992781384
0,0.0289278634034703
0,0.0289569538853181
0,0.0277870187078391
0,0.0282435764170614
0,0.028896937524259
0,0.0289142751613086
0,0.0288537574638453
0,0.0095830250069147
0,0.0289137445656007
0,0.0292518153861139
0,0.0185553614679106
0,0.0068446135135023
0,0.0283183435323489
0,0.0288617892128273
0,0.0110333030084981
0,0.0037639656250132
0,0.027449271769637
0,0.0275702996785319
0,0.0133131582205017
0,0.0290283888710473
0,0.027036430478379
0,0.0232112861556165
0,0.0274947196418102
0,0.0281334459811551
0,0.0083657297887061
0,0.0057044202824538
0,0.0040821579011644
0,0.0275513973102717
0,0.0096523926268174
0,0.0292527065582128
0,0.0025277451547243
0,0.0284359217895875
0,0.0097659294001211
0,0.0042035950829504
0,0.0275586581403663
0,0.0057185160096862
0,0.109020022787116
0,0.0277200558665589
0,0.0292767773085877
0,0.0847722354755079
0,0.0129941249903203
0,0.0273733534560497
0,0.0140435643836727
0,0.0056396031202901
0,0.0045997413486374
0,0.0275094362400994
0,0.0506308183580495
0,0.0066108248182086
0,0.0114021411787816
0,0.0288727420027189
0,0.0263802529968636
0,0.0092295068999221
0,0.1019198175378022
0,0.028215252041589
0,0.0288713703262996
0,0.028782556756994
0,0.0258325810540766
0,0.029348587712803
0,0.0289364340081337
0,0.0291464181339236
0,0.0274174555529883
0,0.0049230307679554
0,0.0165902619314536
0,0.0251763547649485
0,0.0843297752797284
0,0.0045011329650661
0,0.0248373197227234
0,0.0071042397580967
0,0.0281091975289045
0,0.0280146154167786
0,0.0294180633050427
0,0.0294090089171093
0,0.0275804395038943
0,0.0282565160815282
0,0.0286165650883945
0,0.4308515455087449
0,0.0030419752659043
0,0.0048671763468761
0,0.0274084718658513
0,0.0289089779356255
0,0.0269100603095011
0,0.0148952165913023
0,0.0161055309382067
0,0.0120032730000838
0,0.0285911470982837
0,0.0278064905326529
0,0.0278166164658254
0,0.0108487653507206
0,0.0034433404269679
0,0.0275944714883658
0,0.0034853482311676
0,0.0283624261683594
0,0.028377857079791
0,0.027581411272747
0,0.0274748531510474
0,0.0280125439484649
0,0.0275398759324514
0,0.0344578158393598
0,0.0235007101340159
0,0.0047105915708793
0,0.0259379890930689
0,0.0256955057138622
0,0.0156264275708731
0,0.0294206126678599
0,0.027845873354421
0,0.0279701354279186
0,0.0201652200359773
0,0.0282461356049036
0,0.0014431564626741
0,0.027815780323703
0,0.0213009364980643
0,0.0235288443182572
0,0.0096707113725875
0,0.0344235319977043
0,0.027476074547528
0,0.0167019136596132
0,0.0274240566218313
0,0.0282776724301627
0,0.0281607290490519
0,0.0057560891199218
0,0.029258365055043
0,0.0291479509421191
0,0.0281814282325798
0,0.026930211710145
0,0.0030755233455878
0,0.0286542830359504
0,0.0043852225710191
0,0.027493877355294
0,0.027380903153336
0,0.0253551453924918
0,0.0293288231057361
0,0.0091195770338364
0,0.006206277360768
0,0.0274383307811269
0,0.0274564979494402
0,0.0433788923045261
0,0.0293890955170056
0,0.0085313389797788
0,0.0285291182361101
0,0.6940979884672664
0,0.0404136129154624
0,0.0265621655517615
0,0.0050146056490936
0,0.0291442398902807
0,0.0273242125471723
0,0.0317163566262467
0,0.0160097524279729
0,0.0279581090828764
0,0.0051212450349467
0,0.0061110016578571
0,0.0274227694800991
0,0.0288926191607297
0,0.0286736433480418
0,0.0048362775360023
0,0.0236450453393505
0,0.0291761983843031
0,0.0385957079473605
0,0.0140027438821408
0,0.0174130481259686
0,0.0274304950613106
0,0.0274879596994527
0,0.0262280584567243
0,0.0055956620543294
0,0.0293006531105191
0,0.0275675091828119
0,0.0281539776763427
0,0.005361922840754
0,0.0239494870025791
0,0.0483966227987387
0,0.0295887217928752
0,0.0697271213753935
0,0.0289368905011841
0,0.0242402092119831
0,0.0109236251031261
0,0.0029830497790341
0,0.0294027555641071
0,0.0285152657916378
0,0.0229257144168732
0,0.0103805306773256
0,0.0277565038947492
0,0.0281186947487792
0,0.0061643330013795
0,0.0289870491636496
0,0.0274119015229133
0,0.0294375794148788
0,0.0280056722852226
0,0.0301282156292692
0,0.0092000008911535
0,0.0343712726868371
0,0.027524454734359
0,0.0292366056302963
0,0.0274662893741828
0,0.0274564384086168
0,0.0283995634894379
0,0.0278567484898628
0,0.0275145695220667
0,0.0276445059296924
0,0.0443750796887347
0,0.028038346040531
0,0.0282574721198077
0,0.0202489206448354
0,0.0535339518782897
0,0.0285656890530351
0,0.0091531100440951
0,0.0275510383945965
0,0.0276906472593336
0,0.0264070273363132
0,0.0109616665233116
0,0.0247523456747264
0,0.0276174394312761
0,0.0130252852667502
0,0.0274140821705291
0,0.0276032717705128
0,0.0291490261282805
0,0.0046362473363446
0,0.0292822154787133
0,0.0276990480822946
0,0.0276203762092951
0,0.0294058105745446
0,0.0421228544420595
0,0.0262697827484051
0,0.0137909681862062
0,0.0237447326389713
0,0.0284451733795536
0,0.0275698069809507
0,0.027765954444326
0,0.0237004025460507
0,0.0294065554204592
0,0.0292473903140485
0,0.0041790207535954
0,0.0094691498001351
0,0.0287778425273139
0,0.0033906301530969
0,0.0294796387725049
0,0.0237213816288532
0,0.0275929948136569
0,0.0278033324779041
0,0.0280405191926942
0,0.0790337343764835
0,0.0293769625845896
0,0.0215417062233802
0,0.0284649300575744
0,0.0290651202964638
0,0.0279796016676609
0,0.0293790785154627
0,0.0279812820485167
0,0.0279758173529906
0,0.0280102558167457
0,0.0279277657865637
0,0.1222831929457691
0,0.0513487578594348
0,0.0032590940965363
0,0.0031919663849321
0,0.0278599846063197
0,0.0274979892972041
0,0.0279121364661159
0,0.028072913528714
0,0.0261675307377126
0,0.003599883063855
0,0.0277245370530841
0,0.0251601523148153
0,0.0282832862210878
0,0.0224189545102582
0,0.0292893570918485
0,0.0154327151746154
0,0.0279667486853466
0,0.0292631718534396
0,0.0270537366831681
0,0.0289588872266521
0,0.0274830191869666
0,0.0250645742692995
0,0.0290787801607339
0,0.0180315942587114
0,0.0269309118410699
0,0.8484058497356449
0,0.0290647559169188
0,0.0285438912851717
0,0.0242095637379463
0,0.0274322624335187
0,0.0284672777437731
0,0.0726564224452191
0,0.0284352284809667
0,0.0294187397788685
0,0.003760141115381
0,0.0274915114626221
0,0.0288127044035929
0,0.0289815490650547
0,0.0288188156095393
0,0.029677391885176
0,0.0284948133161897
0,0.0125677518028648
0,0.0277040753139494
0,0.0276626589301331
0,0.0069814237896037
0,0.0073961786647107
0,0.0233442061366127
0,0.0206425697318206
0,0.046024332038648
0,0.0279986941776234
0,0.0122443179077012
0,0.0018453944119421
0,0.0039874092267066
0,0.0051022133960603
0,0.0281359638556247
0,0.0290570288881445
0,0.0052611869190394
0,0.0274840227699961
0,0.0102224213356379
0,0.0332752451545658
0,0.0288366890743052
0,0.0294468395568169
0,0.0274966073564354
0,0.0029312494919159
0,0.0045629024654938
0,0.0292017842162966
0,0.0106565787560315
0,0.0274537983551761
0,0.0282238463896766
0,0.0290918095195964
0,0.0278507941932065
0,0.0277987835918903
0,0.0275113939423458
0,0.0247925175363601
0,0.0280691626260159
0,0.0324533318812433
0,0.0274160591531419
0,0.0062891811993628
0,0.0231122051328625
0,0.0137530385782826
0,0.0275516947064255
0,0.0279641820256402
0,0.0262322114965589
0,0.0288750180907633
0,0.0290457306638787
0,0.0276982245462607
0,0.0213942672211847
0,0.005525991857726
0,0.0290869285264556
0,0.0171857845417013
0,0.0279943235357723
0,0.0275022845072897
0,0.0291230377803049
0,0.0279856227282325
0,0.0057554470476712
0,0.0276159399910595
0,0.0275665255404783
0,0.0286795329828233
0,0.009422648143028
0,0.0274867487517305
0,0.0274166126259816
0,0.0100889497432462
0,0.0038673017429445
0,0.027456174100798
0,0.0112363788993537
0,0.029083586545555
0,0.0013920480017644
0,0.014455879020448
0,0.0278242403275452
0,0.0461090627076269
0,0.0247689879626068
0,0.0509555740305028
0,0.0279469999016256
0,0.0287596852393135
0,0.0283416869206919
0,0.0072064497990201
0,0.0280184836371843
0,0.0038450447756269
0,0.0281770166052267
0,0.0049481387151966
0,0.0102499767085807
0,0.0204147356657218
0,0.0069286479212721
0,0.0286294488986669
0,0.0279412452691326
0,0.0046554744653476
0,0.02784911110417
0,0.0071517141123665
0,0.0276995372082681
0,0.0278622309229954
0,0.3124158574602614
0,0.0292541003786356
0,0.0291736520998516
0,0.0259568941227602
0,0.0274087997021902
0,0.0502494044634022
0,0.0271506380972612
0,0.028236148263937
0,0.028215252041589
0,0.0281958506124073
0,0.0149680264670615
0,0.0135573959887785
0,0.0061833705565591
0,0.0288394456183045
0,0.029183745023358
0,0.02846337925045
0,0.0281323441061338
0,0.0191539994967613
0,0.0292880012860324
0,0.0058188288823902
0,0.0122387557236576
0,0.0233987459881361
0,0.0275872076390402
0,0.0289305210932239
0,0.0293992409508285
0,0.0282526280045168
0,0.0276455850508118
0,0.0281450449277511
0,0.0275767222251701
0,0.0159254062168438
0,0.028377996907713
0,0.0292693661450067
0,0.0059047341078296
0,0.0784793996728575
0,0.0014606995196603
0,0.0045509636430202
0,0.0061362663117713
0,0.0292483306161265
0,0.0129313518615029
0,0.180061115270274
0,0.0281570548635376
0,0.0282781985371433
0,0.0275070503074107
0,0.0060633925362037
0,0.0282174822669362
0,0.0484983798654525
0,0.0289756930037821
0,0.0204928883087774
0,0.0276773938652522
0,0.0289860163650355
0,0.0122689581778303
0,0.0237337676208701
0,0.0277087415727741
0,0.0037298626506849
0,0.0069596071323692
0,0.0284066329052298
0,0.0282105183622176
0,0.9218469178943164
0,0.0233986404556942
0,0.0274186830145359
0,0.0286579473194621
0,0.0283893423712851
0,0.029370727800081
0,0.0284849454115634
0,0.0280182496341288
0,0.0293605348674679
0,0.0066023944354147
0,0.0279061984168889
0,0.0368505239247534
0,0.0288416563617371
0,0.0223408922224506
0,0.0287584174123178
0,0.0593396868197728
0,0.0284754244293241
0,0.0234733319623016
0,0.0269334003656134
0,0.0041153328599431
0,0.0285112522292112
0,0.028111867152576
0,0.0242299694624749
0,0.0277226418138488
0,0.0234024434684347
0,0.02937601834851
0,0.0288349891216619
0,0.0082860746916124
0,0.6917547590453258
0,0.0293127741911219
0,0.0274542929367214
0,0.027774079929055
0,0.0143886713235619
0,0.0277868901754227
0,0.0292736133677051
0,0.0328802250651084
0,0.0274343406588139
0,0.0142126395211435
0,0.0280213913477228
0,0.0070756257833527
0,0.0294538398354981
0,0.0280098632324584
0,0.0261646181501521
0,0.0291355707681716
0,0.0252108302565452
0,0.0276630424736106
0,0.0274253432355035
0,0.0237319249494357
0,0.0040936394029642
0,0.0283570089919646
0,0.0284186332029698
0,0.0048515722447299
0,0.0040839122379269
0,0.0250521390906533
0,0.0193766883903205
0,0.0278560009351991
0,0.0064310304700581
0,0.0363395476102822
0,0.0108857634200549
0,0.0089691363287773
0,0.0264693822767287
0,0.0057246375062088
0,0.0276040379993528
0,0.0307257434459436
0,0.0039512956042143
0,0.0291430390950585
0,0.028155131114385
0,0.0043053456501488
0,0.0279081966121474
0,0.0124339370508218
0,0.0250609308012366
0,0.0276485966404476
0,0.0246651764076024
0,0.0275093424429747
0,0.0287012362217454
0,0.8156752671709194
0,0.027761146073049
0,0.0290895566238612
0,0.0031079011501004
0,0.02862220347391
0,0.0238257075111726
0,0.0202859837153144
0,0.0274167173593506
0,0.0113549135240457
0,0.0401319639349638
0,0.020340234206034
0,0.0295388296481997
0,0.0293678828873262
0,0.0999086505191482
0,0.0292877119203093
0,0.0233008367163275
0,0.5952175888182205
0,0.0282880028470016
0,0.0089804367181594
0,0.0293695551442057
0,0.0053287079144532
0,0.0177895377937957
0,0.0327990982412388
0,0.0031144659837797
0,0.0292064754512816
0,0.0032043952072105
0,0.003808848533073
0,0.0115416108350939
0,0.0275765575570679
0,0.0910502884663263
0,0.0279291266226689
0,0.0279822045125175
0,0.0045286148759695
0,0.0275261612681155
0,0.009055795919623
0,0.0040152331603902
0,0.0277128289233971
0,0.0283914108422233
0,0.0056629835333821
0,0.0274880268113909
0,0.029109292180898
0,0.0290096261876933
0,0.0275727399414254
0,0.028195280999868
0,0.1492266593323794
0,0.0265972194846832
0,0.0274039725134925
0,0.0293610134353791
0,0.0031996515130139
0,0.0282814800375024
0,0.0278219423203036
0,0.0291871501783555
0,0.0274306832973049
0,0.0132143656312907
0,0.0283179642907878
0,0.0277949510358963
0,0.0051623731793963
0,0.0284567579809726
0,0.0274403769170386
0,0.0275759546405806
0,0.0294268906524942
0,0.0276893051140438
0,0.0289300995248714
0,0.0054915667869289
0,0.0292442714530912
0,0.0293644961855774
0,0.0284479236929569
0,0.0288084486629672
0,0.0279999778900929
0,0.0123856519867021
0,0.0292153332126583
0,0.0277209519785038
0,0.0105399498343388
0,0.6188065152514473
0,0.0233020697290738
0,0.0074245307969746
0,0.0192301765795615
0,0.0159033443222474
0,0.0275517832266163
0,0.0285560944913585
0,0.0274653576493829
0,0.0183445474180114
0,0.033938401415892
0,0.030615801712292
0,0.0276780192533243
0,0.0021152159495832
0,0.0232178573673998
0,0.0286887677116
0,0.0987468415595843
0,0.0276118139986435
0,0.0274756852003355
0,0.0277802030125675
0,0.0277525734841083
0,0.004279575805936
0,0.0288807080926374
0,0.027522038693325
0,0.0569263938033661
0,0.0177865479076511
0,0.0285035236464462
0,0.0273446415526041
0,0.0475297770972281
0,0.0259172701326942
0,0.0276629706069072
0,0.0249475948984708
0,0.0053483239617889
0,0.0293600774172905
0,0.0280775237239829
0,0.0076478204859435
0,0.0033818148529797
0,0.0034911845208511
0,0.0247629630292839
0,0.0249659092175453
0,0.0276474080343689
0,0.0289357264491279
0,0.0043442103060209
0,0.0292381017363259
0,0.0294020524244903
0,0.027765954444326
0,0.0293234414619696
0,0.027878556894792
0,0.027170516656704
0,0.0280928583658405
0,0.1048608121201693
0,0.0273952849458454
0,0.0282864961688726
0,0.0250547394610484
0,0.0066169566853533
0,0.0277016832529691
0,0.0189682841083542
0,0.0275590997515401
0,0.0288148812494583
0,0.0292545695634882
0,0.0356012041303371
0,0.0287439141129284
0,0.0042029790569067
0,0.027542726869472
0,0.0286363637874854
0,0.0251441287455256
0,0.0049800174202407
0,0.0283531687940994
0,0.0278655520248472
0,0.028383496189496
0,0.0275666096839582
0,0.4526622028311777
0,0.0279108137068969
0,0.0245198817334725
0,0.0071369983969693
0,0.0288475084105892
0,0.0291473885682067
0,0.0292397241950714
0,0.0223960325814551
0,0.0290138737136966
0,0.0287607635920407
0,0.0069026999379323
0,0.028084063565502
0,0.0281102236488061
0,0.0265853906256679
0,0.039715252036245
0,0.1568391380300644
0,0.0293086627994649
0,0.0274536504093239
0,0.0281283741382829
0,0.0083623206479557
0,0.0287197090089426
0,0.0275687681269791
0,0.0277885144542746
0,0.0293461628548464
0,0.0238042946456379
0,0.0274221077119153
0,0.0367112487047596
0,0.0277190856645247
0,0.0254117857167245
0,0.0217633561187965
0,0.0287143621528005
0,0.0029958948300083
0,0.0059952834430253
0,0.0291017312640952
0,0.0278039496913081
0,0.0278562529174411
0,0.0209075889461682
0,0.0293316653298443
0,0.018680839450483
0,0.0074580761767031
0,0.0274513142211134
0,0.0278608112713587
0,0.0251304437481857
0,0.027930057979084
0,0.2307905125274866
0,0.0241331627570444
0,0.028536756294806
0,0.0274352994151081
0,0.0293833293088061
0,0.0278507131651811
0,0.0086723257472185
0,0.0072643974710412
0,0.0292784093803868
0,0.0287782246128505
0,0.0276455850508118
0,0.0288900871926668
0,0.0275422239260662
0,0.0350995822698978
0,0.0055189333732859
0,0.0278947683965733
0,0.0290247126155704
0,0.0165527201293897
0,0.0283124828938858
0,0.0291802479806527
0,0.1089818039331287
0,0.0274110341435006
0,0.0277904340550909
0,0.0334702585943063
0,0.0231488194551136
0,0.0890193182804986
0,0.0103524671630785
0,0.0045277292387052
0,0.0294045231803913
0,0.0239883790228811
0,0.0288726216290634
0,0.0046634216764698
0,0.0271748855544253
0,0.0702651036553846
0,0.0605951413767263
0,0.0292204231363914
0,0.0285366244898451
0,0.029341538878525
0,0.0285242949493738
0,0.0290551625026114
0,0.028828616861237
0,0.0294049685626193
0,0.0052302304872511
0,0.0186258389471523
0,0.0233998408773101
0,0.0193951850704084
0,0.0252528553114126
0,0.3577005981413649
0,0.0284313973349006
0,0.0274533067394201
0,0.0062458397673844
0,0.0276595986400767
0,0.0210543505686253
0,0.0283969690290034
0,0.028474273941894
0,0.0286141965789044
0,0.0381801720492628
0,0.0290479293479916
0,0.016516675934534
0,0.0295746986986706
0,0.0276366227719683
0,0.0277062114468188
0,0.0288340619819274
0,0.0275711615147471
0,0.0290867148053654
0,0.0283063799906387
0,0.0274587272906037
0,0.0271343099590971
0,0.0275578220987619
0,0.0057686664543707
0,0.0281010983727788
0,0.0274834090673246
0,0.0275575750201606
0,0.0289588617411543
0,0.0145711305275259
0,0.0293040365728475
0,0.0274276246102136
0,0.0046663718532322
0,0.0142549858870116
0,0.0030406826803166
0,0.0292588808998614
0,0.0282762353235926
0,0.0285066631827159
0,0.0239912049254601
0,0.0294003969450931
0,0.0294183994056995
0,0.029227223950866
0,0.008627100561135
0,0.029390103520135
0,0.0286273986890029
0,0.0152031709370102
0,0.0284928453926562
0,0.0291896430118711
0,0.0014253941008618
0,0.0274890978274906
0,0.0276069088774428
0,0.0153139159712696
0,0.0293999007575873
0,0.0092120297903505
0,0.0291896425358233
0,0.0316556640114351
0,0.0290270299007272
0,0.0194213867039218
0,0.0274162255743743
0,0.0292559486157513
0,0.0522186431640482
0,0.0029428377207807
0,0.0278498449188339
0,0.0284362649843941
0,0.0278884648011898
0,0.0292549260464771
0,0.0277224357094829
0,0.0069153248336575
0,0.0287333123778665
0,0.0274755137013899
0,0.0222688300014139
0,0.0289389673920996
0,0.0277361799475756
0,0.0177545755400108
0,0.0170577595599575
0,0.0171977975970183
0,0.0249464931253738
0,0.0189784705602263
0,0.0049630538806311
0,0.0255674427273374
0,0.0274880026115523
0,0.0042191751656292
0,0.0278736762927503
0,0.0252560019821807
0,0.0293350255743875
0,0.0111264931570459
0,0.0286694655272229
0,0.0289023389982397
0,0.0290987054727692
0,0.0104578149961875
0,0.1183804078584158
0,0.0759365690945931
0,0.0065137058677482
0,0.0280792253048252
0,0.0275927292374547
0,0.0264513812535253
0,0.0277891833043409
0,0.0218776701993897
0,0.0263299619514956
0,0.5474429519461483
0,0.0290301216871045
0,0.4748534066922788
0,0.0290028822370627
0,0.029404934478061
0,0.0044190460058006
0,0.0274700177209165
0,0.0230783259312293
0,0.0275333883565963
0,0.023429955713483
0,0.0236176803347896
0,0.0042718068739154
0,0.0292386967650566
0,0.0293123896873646
0,0.0274813946824165
0,0.0274051428745191
0,0.0290041109861075
0,0.0034169358204888
0,0.0154118757276108
0,0.0257912213674459
0,0.0292158238343347
0,0.0279875252010288
0,0.023768437492988
0,0.0275487704666422
0,0.0046686347939156
0,0.0291247526205265
0,0.0275496922218797
0,0.0294032719003891
0,0.0166371956374007
0,0.0274989697884957
0,0.0185916043336972
0,0.1457652353698235
0,0.0168236745138013
0,0.0295164005844892
0,0.0236473185335637
0,0.0189474851487451
0,0.0282445940358007
0,0.027886123250528
0,0.0283227707108205
0,0.027653891068092
0,0.0286545604541999
0,0.0072396417055848
0,0.0083464489768885
0,0.0279802577187685
0,0.0275713515103213
0,0.0061635087885771
0,0.0874671057040708
0,0.0279289202577979
0,0.0201635736136924
0,0.0140801342099654
0,0.0275664924781731
0,0.0247962549071109
0,0.0286032613089041
0,0.0280477335777959
0,0.0076748621960601
0,0.0291611736091641
0,0.0289402903692788
0,0.0291048904470156
0,0.0087015102644924
0,0.0198024552171705
0,0.345400550352935
0,0.021799424868049
0,0.0275409772612207
0,0.0288249599075442
0,0.0284129666244296
0,0.0143579388820314
0,0.0088426844504556
0,0.0380688381612192
0,0.0277576496367454
0,0.0290962394810715
0,0.0278014317834582
0,0.0248246373001038
0,0.0151254923270643
0,0.1056167026015212
0,0.7155101068638067
0,0.014984202698628
0,0.0274151992201098
0,0.0274859692432574
0,0.0284251877090123
0,0.0200155174840211
0,0.0257094678044433
0,0.0275542919266284
0,0.0279376082257918
0,0.0277386103272004
0,0.0079156338182979
0,0.0282772419322874
0,0.0281771536961601
0,0.0294836618524884
0,0.0294621987793411
0,0.0268627671157323
0,0.0056818840754406
0,0.0042392391690602
0,0.1987150909469997
0,0.0152639489395416
0,0.0222966235510443
0,0.0106251609097505
0,0.0284656588815949
0,0.0289672570373087
0,0.0059902254365318
0,0.0336110911724406
0,0.0290806579938078
0,0.0275007255993414
0,0.0053077160380361
0,0.0275167558370687
0,0.0121635588632083
0,0.0214262212521497
0,0.0288581642419422
0,0.0493238119210412
0,0.0030423276981795
0,0.0076457963955525
0,0.0065466911386979
0,0.0291374660749179
0,0.0274592744048404
0,0.0164936533782922
0,0.0278834145894069
0,0.0286185252645299
0,0.0269580818894192
0,0.028811024686594
0,0.0056021654597189
0,0.027793495938075
0,0.0259308366189286
0,0.023702176347326
0,0.0283438648603017
0,0.0274235466564469
0,0.027388450446255
0,0.2908048667076521
0,0.0288496780288754
0,0.0292895563624456
0,0.004606034772121
0,0.0059477919310608
0,0.0294504267794885
0,0.2161511475270185
0,0.0293832184447688
0,0.0123032800829098
0,0.028278028533106
0,0.0284817193126895
0,0.0281321300312604
0,0.0288671449241015
0,0.0276291326339575
0,0.0283230258431167
0,0.0288276603062885
0,0.0276309132292971
0,0.012219509639966
0,0.022868848300105
0,0.0293248705575931
0,0.0102626869237304
0,0.0276875243704315
0,0.0125699273806672
0,0.0116842176876166
0,0.0274270326193289
0,0.0171634856098689
0,0.0237714582254951
0,0.0253637754821033
0,0.0226843129721033
0,0.0276615288676596
0,0.028689607319274
0,0.0282363770585173
0,0.0276238576792639
0,0.0027642281164056
0,0.0282279816762077
0,0.0039901781544787
0,0.0287754757330686
0,0.0049138660188821
0,0.027447441083339
0,0.0274417015267473
0,0.0244825152390889
0,0.0288455183978817
0,0.004783758747561
0,0.0133622490996367
0,0.0099873045084735
0,0.0277485209029592
0,0.0860154148839516
0,0.016683268709551
0,0.00653268687421
0,0.0270344926319989
0,0.0280209477483312
0,0.0278130545599392
0,0.0096026557311083
0,0.05383220305438
0,0.0279933173461741
0,0.0202271040798731
0,0.0292816279976259
0,0.0292784746090793
0,0.0274770038770393
0,0.0274299511883438
0,0.014594895675673
0,0.0043875794800362
0,0.0285017016494167
0,0.0278482397624951
0,0.0028106523288225
0,0.0290655070624222
0,0.0291149560744757
0,0.0050923519126572
0,0.0274588163381333
0,0.0171132452773094
0,0.0294293086883358
0,0.0277836318008984
0,0.0275726035527477
0,0.0267472453303652
0,0.0059933108341258
0,0.0062130876632842
0,0.0271459273888922
0,0.0037111640626992
0,0.0238654857181738
0,0.0244841852598971
0,0.0030275812408699
0,0.0268669548013559
0,0.0292439674494888
0,0.0043070734675597
0,0.0289992197063993
0,0.0145876581719689
0,0.0287202149252398
0,0.0188850387111734
0,0.0279521550732667
0,0.0237164909011051
0,0.0292273337478115
0,0.0189045665615816
0,0.0274706383908044
0,0.0205586145380281
0,0.0225041608017272
0,0.0284549397784085
0,0.0294038700318074
0,0.0070707860240886
0,0.0232992374672528
0,0.0279086946103639
0,0.0259713072154212
0,0.0044424972261944
0,0.0062185480537475
0,0.0294031865035161
0,0.0098925406226528
0,0.005284424153935
0,0.0291701457332669
0,0.007467304376213
0,0.0276447779553799
0,0.027429512641261
0,0.0284973291985106
0,0.0035490439234953
0,0.0275737240554695
0,0.0276881043591656
0,0.0277196648073177
0,0.0617900081529147
0,0.0089178446086542
0,0.0062995653597392
0,0.0267123397012178
0,0.0284460497555965
0,0.0059299462333067
0,0.0260834849436389
0,0.0289293512682305
0,0.0281341503477033
0,0.0284989551563145
0,0.0278360317406969
0,0.0071744570519219
0,0.0288787007437785
0,0.027412996150681
0,0.0246691756152071
0,0.0217714361313438
0,0.0292431402688073
0,0.0047586796821134
0,0.0049785236568349
0,0.0039400021528913
0,0.0299528800242261
0,0.0281273846872459
0,0.0288137017156898
0,0.0274205123033653
0,0.0365486546841167
0,0.0289601864647944
0,0.0282021370459693
0,0.0288962539175637
0,0.0281207934193959
0,0.0283828230758115
0,0.5941614516735537
0,0.0040909640791005
0,0.0047958145691402
0,0.0283432383877307
0,0.0039772233042242
0,0.0280632699834373
0,0.0277556463765567
0,0.0282165684290753
0,0.1513321917812055
0,0.0242799533322472
0,0.013817677196425
0,0.0896023729367699
0,0.0050455155057486
0,0.0042505059110398
0,0.0225920040973233
0,0.0032401497654942
0,0.0289492572130248
0,0.0274170183617942
0,0.0280554064253507
0,0.0277968061851224
0,0.0052785493704142
0,0.0284409632497949
0,0.0055362940842962
0,0.0275442772036851
0,0.061517609005087
0,0.0235044787497507
0,0.0286660245675662
0,0.0063485273173424
0,0.0061188146512065
0,0.0050968609864547
0,0.0293917162463149
0,0.0288653494289162
0,0.0046172401061084
0,0.0178342237339904
0,0.0070906511728623
0,0.028501713310867
0,0.0245752904972972
0,0.0282752577100115
0,0.005047125857569
0,0.0055434210670132
0,0.0274778254871773
0,0.0277597586923007
0,0.0241118111153238
0,0.0277904340550909
0,0.097720562118963
0,0.0205443771360197
0,0.0274234397011156
0,0.0284068432800672
0,0.0243129372958273
0,0.0152381263756513
0,0.0268460663804218
0,0.0188436231085358
0,0.027420260567669
0,0.0233073255518304
0,0.0282461051824826
0,0.016198443966884
0,0.0036988757192299
0,0.028609679294305
0,0.0274264349656168
0,0.0055426404326762
0,0.013140451911376
0,0.0154636525548529
0,0.0297403580421415
0,0.0188512234614375
0,0.2670112337215979
0,0.0132871897889832
0,0.0280097797353064
0,0.0284770705539769
0,0.0278768478355139
0,0.0209804860736978
0,0.0289233080039324
0,0.549771994756318
0,0.02785241041468
0,0.1003081193346264
0,0.0291551805731988
0,0.0277779025024722
0,0.0290381852017971
0,0.0056926294292493
0,0.0293005217701328
0,0.0293718064205104
0,0.0275760837266836
0,0.0030567130971782
0,0.0273652614650436
0,0.0114021411787816
0,0.0193014104395154
0,0.0062976497756176
0,0.0275678083265164
0,0.1245874102650072
0,0.0099923792770418
0,0.0274925685803036
0,0.0116792941720102
0,0.0104627629548069
0,0.0277481291711386
0,0.0276381084880158
0,0.0288334779688222
0,0.0276581342861352
0,0.0153357692775
0,0.0275461730917466
0,0.0289024845716623
0,0.029296752743353
0,0.028138862553803
0,0.0293015371530371
0,0.055149257090372
0,0.0274361796023464
0,0.0276826798546394
0,0.0195484218403523
0,0.0278783653700283
0,0.0606434295402618
0,0.0279760818874128
0,0.0274383516531956
0,0.0290478123345033
0,0.015005823708546
0,0.0274366029742958
0,0.0276600514563834
0,0.0282473490939354
0,0.0274013193469931
0,0.0275711920361024
0,0.0051429386632952
0,0.0285094700505393
0,0.0289198367480055
0,0.0281006713620235
0,0.0284823439254265
0,0.0275923582939473
0,0.0279710204005984
0,0.0278022230992973
0,0.0283188169944238
0,0.0054877223244297
0,0.0274823783547037
0,0.027568988370823
0,0.0274073500791701
0,0.0765006755546659
0,0.0276937036248023
0,0.0083588123901679
0,0.027477813089913
0,0.0275097463726288
0,0.0277180981194675
0,0.0292558618967677
0,0.034151762999448
0,0.027546837635076
0,0.1063289604364639
0,0.0078658193234915
0,0.0270055733478636
0,0.0029851550072204
0,0.6122734924945469
0,0.4692366752533966
0,0.0293369260867443
0,0.0271655080044985
0,0.9580287976076958
0,0.0289971964264317
0,0.0257497484968641
0,0.0265696769133383
0,0.004169306246328
0,0.0478479288847772
0,0.0199739301233515
0,0.0249853937228887
0,0.027527648691455
0,0.0291015121657635
0,0.0089146674739963
0,0.0291633329330492
0,0.0288646016758337
0,0.0181943891529468
0,0.0195983024747935
0,0.0077637532478969
0,0.0279480584277238
0,0.0281055499624588
0,0.0276246501904697
0,0.0193002598556796
0,0.0127148792273954
0,0.0277683064320058
0,0.0274476002541955
0,0.0249560163548592
0,0.0251675532376635
0,0.3401634400995204
0,0.0289302264315313
0,0.0049000886287662
0,0.0281503683007925
0,0.0292843895182115
0,0.0233653727141216
0,0.0127109785137319
0,0.0056232707504539
0,0.0277139325009144
0,0.004762929923922
0,0.6026630576481624
0,0.0279604260534411
0,0.0281939388301451
0,0.0233197319357206
0,0.0289707638542098
0,0.0049302333434039
0,0.0258880632020355
0,0.0169447049683771
0,0.0163898438235126
0,0.023025579150847
0,0.4744398543375573
0,0.0273533488471886
0,0.0295043032854927
0,0.0281708546051865
0,0.0278846924289614
0,0.0037872978115138
0,0.0258130598206963
0,0.027369081242552
0,0.02816245167793
0,0.0235636250884114
0,0.0226811720070954
0,0.0288856174065112
0,0.0269378642708364
0,0.0258377124471812
0,0.0275024284805234
0,0.0101959128394602
0,0.0288900755822513
0,0.0274830652793667
0,0.0160663532997736
0,0.0282093279284522
0,0.3424999446534776
0,0.0294249934083091
0,0.0246743933218591
0,0.0275445360273306
0,0.0183809314189709
0,0.0278195217346773
0,0.0277095742025809
0,0.0269638583776941
0,0.0140586417260943
0,0.0286312007685519
0,0.0292689408771181
0,0.0147792023782358
0,0.605675639953704
0,0.0241570111002607
0,0.0276762400858432
0,0.0274287567750454
0,0.0275410706279905
0,0.02790148542474
0,0.0288422973064641
0,0.029171826296199
0,0.0148987485552282
0,0.0113437930222509
0,0.0033047670902949
0,0.0283647489555987
0,0.003914392655475
0,0.0112569885714528
0,0.0282775471339385
0,0.0229860203546203
0,0.0273670316142859
0,0.029002352265244
0,0.0067137911290841
0,0.0276058411015516
0,0.028140569574081
0,0.0125789240188932
0,0.0046173993937922
0,0.0171254644396316
0,0.0187253028900068
0,0.0292074608139079
0,0.0293760098830431
0,0.0294011896210237
0,0.0288501208113478
0,0.0461581807374093
0,0.0044824649487985
0,0.0232624791937815
0,0.0056636677863105
0,0.0110271951729418
0,0.0274324196126654
0,0.0285174868794972
0,0.0041445407485058
0,0.0282799667498653
0,0.0279555692506399
0,0.0293617920265882
0,0.0294017621853089
0,0.0274313844847181
0,0.1272406654190954
0,0.0276112591362773
0,0.0281235318160457
0,0.0274403769170386
0,0.0274951596433521
0,0.0299034557343703
0,0.0065168622543006
0,0.0158361978086063
0,0.0280637275102902
0,0.0315022021779911
0,0.0289613670741488
0,0.0275028653459559
0,0.0079042165143697
0,0.029236705155012
0,0.0273921831978156
0,0.0285809960382183
0,0.0285094700505393
0,0.0275063636461725
0,0.029404328584168
0,0.8090839154062932
0,0.0285925818696174
0,0.0276008694493697
0,0.0280052255718537
0,0.0291551786253089
0,0.0292076363376105
0,0.0277260191756676
0,0.0288212768803255
0,0.0275369143299421
0,0.0286136755106119
0,0.0264224841199128
0,0.0032758036306713
0,0.0292974422506602
0,0.0274730273423233
0,0.0274085578595922
0,0.0277776110398088
0,0.0215673538532215
0,0.0280045567965946
0,0.0289797123818915
0,0.0169853219192778
0,0.029259780158165
0,0.0290491394104689
0,0.0159763249578665
0,0.0286353568418008
0,0.0294268487571102
0,0.0051047259189342
0,0.0276756894054186
0,0.0040373151231212
0,0.0038592979328904
0,0.0284468210681658
0,0.02921483606329
0,0.0274835931280083
0,0.0282775471339385
0,0.0251613665852774
0,0.0274823204050041
0,0.0059157799838946
0,0.0286426617746043
0,0.0287566288746004
0,0.0294487311075668
0,0.0339321793630112
0,0.0284757713022763
0,0.0281847110653554
0,0.1502367765497906
0,0.0052513962052344
0,0.0029684703039282
0,0.0283279340733786
0,0.0276623470538142
0,0.0289306905532402
0,0.1357537448851707
0,0.0293459142425825
0,0.0274195023852934
0,0.0289906697902188
0,0.02397020796386
0,0.419108997464192
0,0.0078710467507896
0,0.0159232478838622
0,0.0062584329046341
0,0.0292374433757152
0,0.0274928971051003
0,0.0289606878997746
0,0.0093228465235791
0,0.0106679821014061
0,0.0293430769175875
0,0.0159972775663366
0,0.0274387431992968
0,0.0032672028074312
0,0.0286212207659418
0,0.0294111759132588
0,0.0281687223836675
0,0.0282093279284522
0,0.005911431964728
0,0.0476614574564235
0,0.0274298559464162
0,0.0289076985707724
0,0.0753838064303677
0,0.0251085438607229
0,0.0091498534426658
0,0.0278897869746649
0,0.05880873835034
0,0.028405515515214
0,0.0279820357067185
0,0.0275289372672078
0,0.0285860254914784
0,0.0267844658030219
0,0.0253309576204608
0,0.029091684839934
0,0.0292566154342789
0,0.0276005734278764
0,0.0293574347678572
0,0.0283511767811278
0,0.0283632777559103
0,0.0047408265431162
0,0.0248152712143144
0,0.0109716197725062
0,0.470267183451866
0,0.0028679381430743
0,0.0063115743379787
0,0.0248920008852382
0,0.0289236077271602
0,0.0046539121644252
0,0.0283243641315194
0,0.0294041428345937
0,0.0294621635133454
0,0.0291926766571232
0,0.0489430205243357
0,0.0028308352350991
0,0.4684484534339017
0,0.0274232834200601
0,0.0282570159433782
0,0.0293350581515389
0,0.028371960856285
0,0.0247798149630225
0,0.02808962265521
0,0.0274625423160222
0,0.0078785309193942
0,0.0228966381830416
0,0.0277340869633712
0,0.0140152162371677
0,0.0277256627434921
0,0.028952773645349
0,0.0282771834252809
0,0.0272002981589395
0,0.0294014237785529
0,0.0278740697741236
0,0.0353988540516375
0,0.027156859709278
0,0.0290742037954658
0,0.0288775281365555
0,0.0290244036748953
0,0.0036553934581478
0,0.01207185955616
0,0.035202916750716
0,0.2047887405311234
0,0.0202122066740219
0,0.0243247214440447
0,0.0061046000461495
0,0.041793382738737
0,0.0246328065014821
0,0.0292130481466619
0,0.0184783161773585
0,0.0281565822539877
0,0.0127247997062229
0,0.0279185866232194
0,0.0060311915165997
0,0.0289618736736933
0,0.0234822881821637
0,0.0285368933110132
0,0.0277450999812863
0,0.0270263272822793
0,0.0282158922180444
0,0.0023072667684818
0,0.028692259784298
0,0.0291538338485006
0,0.0041134983274056
0,0.0434806246273821
0,0.0291957195605795
0,0.0281576295695203
0,0.0288378346941581
0,0.0291363397649205
0,0.5611271915589267
0,0.0167628512642959
0,0.0274128934005005
0,0.1130036609806559
0,0.027947957773498
0,0.026347464108045
0,0.0254197954700896
0,0.0082098900762432
0,0.0291231497021703
0,0.0291485474525084
0,0.0291168018395495
0,0.0280376898322271
0,0.0085757390353212
0,0.0276166703448295
0,0.0293444610924179
0,0.0055733400001477
0,0.0229187437187401
0,0.0293570802524861
0,0.0277508693182212
0,0.0258407194214956
0,0.0051797727612027
0,0.0275106855829565
0,0.0278004264465613
0,0.0050017128392424
0,0.028029286261786
0,0.0292516646835229
0,0.0289472250921147
0,0.0280877070490078
0,0.0118941918703365
0,0.0278046262196271
0,0.0284007387738861
0,0.0044583407765311
0,0.3246157896561603
0,0.0135631282615763
0,0.027645222923924
0,0.0281962409176395
0,0.0273848838089728
0,0.0046462680530258
0,0.0286676970418743
0,0.0274492970128363
0,0.0150318654790954
0,0.0283551239089454
0,0.0290853421479154
0,0.0264261264641849
0,0.0145743260098129
0,0.0091358661342504
0,0.0293739023075074
0,0.049331834791938
0,0.0035633053655672
0,0.0286746947642251
0,0.0291879870047392
0,0.0280572226000623
0,0.0292660680640227
0,0.0292980897349584
0,0.0293417146928476
0,0.0098783514013872
0,0.0278033324779041
0,0.0292866182478494
0,0.0289996347424691
0,0.027547990052815
0,0.0293067097780136
0,0.0294550637142575
0,0.0075749954610497
0,0.0052986531172324
0,0.0041101520497202
0,0.0277609278374383
0,0.0167497117324173
0,0.0274203055102229
0,0.0234605128599705
0,0.0073020209745915
0,0.0090205514409336
0,0.0277144426536637
0,0.0134692769904242
0,0.0129305450354058
0,0.0293916130159191
0,0.0237262796410285
0,0.0190336811242477
0,0.0275747769707331
0,0.0276337224556778
0,0.0275172513877014
0,0.0274438735972766
0,0.0282527148999584
0,0.0281470361623572
0,0.0280276108075701
0,0.007585202210784
0,0.0118895215578273
0,0.0062505660415841
0,0.0841581126723017
0,0.0275886877320655
0,0.0293578763968063
0,0.0100932520819291
0,0.0083219472720782
0,0.0274093197376898
0,0.0286555861693191
0,0.0041967263316174
0,0.0249480386074211
0,0.0274476431403101
0,0.0275953281226355
0,0.0641641915006754
0,0.0288716155662217
0,0.0277139231633623
0,0.0294022248339339
0,0.0112993990583713
0,0.0274949031405123
0,0.0292569375768688
0,0.0168869538580994
0,0.0286977320856149
0,0.0293969013150478
0,0.0293136345575924
0,0.0275025504525483
0,0.0294179349592881
0,0.0038490855567949
0,0.0285475907088285
0,0.0266469548950383
0,0.0171881870980728
0,0.0275037696436828
0,0.0274944718985513
0,0.0358858056238498
0,0.0281902198370547
0,0.0111343086283481
0,0.0278448070650535
0,0.0279352798332651
0,0.0134342339924754
0,0.010739646037067
0,0.0035030736301331
0,0.0288350529130285
0,0.0242635823823064
0,0.0043202450533839
0,0.0609401491550969
0,0.0044305563077626
0,0.0275630801671834
0,0.0275625572624791
0,0.0157757956266204
0,0.0132343173807102
0,0.0618934893932465
0,0.0285286551210716
0,0.0491586479837255
0,0.0284657160927251
0,0.0274126899372426
0,0.0280234158490541
0,0.002920646622087
0,0.006048147835856
0,0.124792099879361
0,0.0123728840915083
0,0.0275730324199898
0,0.0471025638126059
0,0.0836679032244239
0,0.0282967447199043
0,0.0412709785198492
0,0.0293775916238301
0,0.0293952571787249
0,0.0285022650223381
0,0.0233240911182119
0,0.0284885862606281
0,0.0278195217346773
0,0.0286536624602316
0,0.0252528362757765
0,0.0091508344476228
0,0.0285008791234097
0,0.0036639389985925
0,0.0262300445884969
0,0.0189881668774997
0,0.02794903227256
0,0.0274419019243205
0,0.0252764573849203
0,0.0284593955603301
0,0.0281131295545734
0,0.0274473477164528
0,0.0280792196893187
0,0.0291893613273612
0,0.0270111287146244
0,0.0262927164525801
0,0.0277182571295122
0,0.0246068208530119
0,0.0129859070870023
0,0.0287105235954529
0,0.0276184382835895
0,0.0177611453117513
0,0.0275432765436327
0,0.0274447043460662
0,0.0273836798481516
0,0.029407678715697
0,0.0279057204052698
0,0.1298643416238828
0,0.0286350698288327
0,0.0294721412125703
0,0.0293906749385495
0,0.0290256916517274
0,0.0277451462817796
0,0.029095033608693
0,0.0277286338537788
0,0.0252123412364113
0,0.0276707158483955
0,0.3558591401905587
0,0.0293810250009425
0,0.268062265454131
0,0.0046553397250004
0,0.007176605309227
0,0.0225927720826343
0,0.0290136087208101
0,0.0268543453850257
0,0.0036651457857143
0,0.0283230258431167
0,0.0275343368817125
0,0.0288290103444874
0,0.0284139341712201
0,0.0277344347161959
0,0.0280332207963689
0,0.0283815996610299
0,0.0046070262904812
0,0.0732882030202384
0,0.0244716048919064
0,0.0280768219157487
0,0.0277883918291743
0,0.0274030483744782
0,0.0029707554403986
0,0.0274061488952884
0,0.0286537774998773
0,0.0062641169221329
0,0.0277096430428976
0,0.0233723697631477
0,0.0294850165720075
0,0.0284550391617758
0,0.0274660676059294
0,0.0290732591555243
0,0.0293173604470967
0,0.0054171841139148
0,0.012479649733375
0,0.0239565875413638
0,0.0274497816186632
0,0.0236628807141227
0,0.0240457365797249
0,0.0286853184184913
0,0.025686807814765
0,0.0275618601253254
0,0.0274887719114772
0,0.0282386846770013
0,0.0057215370960441
0,0.0615363923724671
0,0.0277865091850455
0,0.0276152519534243
0,0.0278785315602517
0,0.0277452484098042
0,0.0291149922241483
0,0.0125778113261461
0,0.0052299755391741
0,0.0046079361083076
0,0.0078785309193942
0,0.0257165266141469
0,0.0241996865160573
0,0.003656856099077
0,0.2039314800977331
0,0.0276797157582132
0,0.0282552220690097
0,0.0287156634698613
0,0.0291685491703827
0,0.0263441598858445
0,0.0286978261659111
0,0.0276629080072799
0,0.0274001297039368
0,0.0284168717870998
0,0.0215570072393715
0,0.0130199757726994
0,0.0234279206700904
0,0.029073371477798
0,0.0279163797076123
0,0.0282023957146539
0,0.026748203702628
0,0.0241055482833349
0,0.0154869403814288
0,0.0275260059821903
0,0.010153094043093
0,0.0285077698303947
0,0.0047479875549216
0,0.0278842270378278
0,0.0094463005893495
0,0.0275064875369437
0,0.0058857277503683
0,0.6578187092620561
0,0.0241516403433652
0,0.0207063379148864
0,0.0041281144240264
0,0.0551058056395964
0,0.0275296989506115
0,0.0195787843408851
0,0.0266026135377926
0,0.0237286747308702
0,0.0290547898799292
0,0.0286884842016599
0,0.1116094474188429
0,0.0031409350831826
0,0.0061542586625115
0,0.0281945698031063
0,0.028679247193429
0,0.0136435303690397
0,0.028628868617983
0,0.027692410865699
0,0.0098872230708281
0,0.0148149252428766
0,0.0282939884476693
0,0.0275699119521119
0,0.0294023841230067
0,0.0281223660575075
0,0.0274631731411627
0,0.0147773972283778
0,0.0148532417526837
0,0.0725496957194441
0,0.0036974806999725
0,0.029500752685489
0,0.0280580595831263
0,0.0106631121713727
0,0.0290485868240195
0,0.0040651551384111
0,0.0031329680213237
0,0.0249489045152858
0,0.0282241171716522
0,0.0279184938617721
0,0.012463188944579
0,0.0385665813052965
0,0.0131590960350732
0,0.0170366981087851
0,0.0286080534198813
0,0.0240694736027173
0,0.0124228501231432
0,0.0290574070404017
0,0.0050996265115873
0,0.0290869285264556
0,0.016008837493999
0,0.0068793922015775
0,0.0292888881469985
0,0.0188736067485221
0,0.0277273267884156
0,0.0038402165396411
0,0.0189765861445787
0,0.14757157614325
0,0.0293286533068817
0,0.0036827801376311
0,0.005734823741073
0,0.0274467029685343
0,0.028524756197266
0,0.0293354120503385
0,0.0277194959637845
0,0.0276545274296093
0,0.0279155866558469
0,0.009094879016347
0,0.0126970218069213
0,0.0014752268638845
0,0.0054487164115975
0,0.0270502632081159
0,0.0288070126195648
0,0.0290491208843177
0,0.0182018446967815
0,0.0293282461934807
0,0.0255737957551578
0,0.0288279018851287
0,0.0188036184831043
0,0.0080078969075188
0,0.0277335196216187
0,0.0277238266755329
0,0.0293856030042005
0,0.0230708644781197
0,0.0041561950234712
0,0.0265229966915287
0,0.0287874412767532
0,0.0286746605557784
0,0.0291030751697035
0,0.0265502993531605
0,0.0262160438287305
0,0.0290581345641352
0,0.0235626914050662
0,0.0264777244663819
0,0.0040592969863691
0,0.0211236645316893
0,0.025618735412024
0,0.0293924490519934
0,0.004898097481953
0,0.0291744109368495
0,0.0293796015288162
0,0.0289433813518833
0,0.0207635394053117
0,0.0288809929879612
0,0.0131983205773383
0,0.0277125926470475
0,0.024155434311002
0,0.0295708569959855
0,0.0274205431724521
0,0.0277157916789619
0,0.0267788818608965
0,0.0269937777024911
0,0.0220836408879003
0,0.0290202019128014
0,0.0122744941043443
0,0.0239680287756764
0,0.0180490233107281
0,0.029305771110034
0,0.0158309192699869
0,0.0412824772765155
0,0.0285655092856047
0,0.0274447043460662
0,0.0280940758456266
0,0.0287134558314887
0,0.0103448617529168
0,0.0285217916721823
0,0.0275495632770564
0,0.0284826291345811
0,0.0055007171049971
0,0.0289007255402234
0,0.0061914046216426
0,0.0285568872053474
0,0.0281112558962607
0,0.0286463831510576
0,0.0278774772406505
0,0.0052876691214877
0,0.0274556082044704
0,0.0295931577004235
0,0.0278016867535723
0,0.0069991477936368
0,0.0187760034755741
0,0.0294489054646731
0,0.0281961696248168
0,0.0294013288146778
0,0.0065522468454972
0,0.0288740110194361
0,0.0234946443208414
0,0.0065349106669509
0,0.0246289211350526
0,0.0070717328146929
0,0.028162061703952
0,0.0294134846165149
0,0.029701855081943
0,0.027435051261776
0,0.02932010305795
0,0.0293296485161946
0,0.088821404498842
0,0.0039418874544574
0,0.0280113483257832
0,0.0278657755582182
0,0.0156316955384063
0,0.0274760916133181
0,0.0133359070873044
0,0.0288077161549365
0,0.0288646557081525
0,0.0284701560058091
0,0.027473202532791
0,0.0292250201181413
0,0.0160404736477915
0,0.0105399312886181
0,0.0275439070160317
0,0.0059710395136569
0,0.0289185592870269
0,0.0084697000327605
0,0.014706790002834
0,0.0098547535928882
0,0.0280414228898345
0,0.0286853184184913
0,0.0287311633466007
0,0.0129865367792959
0,0.0076173817049953
0,0.0162177800379531
0,0.0064767203720149
0,0.0286111781306584
0,0.029541684414866
0,0.005989000800176
0,0.0197560910972636
0,0.0072658497339286
0,0.0328394335929925
0,0.0275791113824457
0,0.0094424502829346
0,0.0288261240729345
0,0.0276626019630634
0,0.0108708540227557
0,0.0152038228240819
0,0.0275485105202595
0,0.0050305654087927
0,0.0276681912168782
0,0.029023215518579
0,0.0289253627812126
0,0.0274099274304434
0,0.0102326997086866
0,0.0047275272893706
0,0.0035169684679164
0,0.0289762142763209
0,0.1695663263579516
0,0.004883448597942
0,0.0288573593875698
0,0.029440026942158
0,0.0284707298417381
0,0.0049213512416892
0,0.0282152436407212
0,0.1303962946193201
0,0.0282283436543458
0,0.0266900405903206
0,0.3384270487760027
0,0.0178895887277858
0,0.0280303279140084
0,0.0291896651611007
0,0.0255973943370348
0,0.027730130893517
0,0.0255499590974975
0,0.0087389408974822
0,0.4086638809710894
0,0.0249120951142582
0,0.0131328333977756
0,0.028789357848686
0,0.0290001923447545
0,0.0277542773015929
0,0.028598010819274
0,0.0275071371556234
0,0.0032229754054738
0,0.0045703693278555
0,0.0288949088224632
0,0.0140648980738386
0,0.0147507804782563
0,0.0274699907527954
0,0.0372995261370125
0,0.0291423651096121
0,0.0201241674086782
0,0.0274441733751011
0,0.0293102393065029
0,0.7907344582441492
0,0.0281432605082384
0,0.0275927737696243
0,0.0276096159936556
0,0.0070838764905912
0,0.0276120727170757
0,0.0289246765757735
0,0.0292487935220082
0,0.6706706743857533
0,0.027975518161034
0,0.0281958896273203
0,0.0290828601061795
0,0.00792487957742
0,0.0277968898497195
0,0.0318717630819821
0,0.0294475703324209
0,0.0282314048979919
0,0.0236519331943334
0,0.0284959177845628
0,0.0285461841619365
0,0.0275092187555814
0,0.0041620956850975
0,0.0080107071844371
0,0.0146407347725614
0,0.0042182744743276
0,0.0291512871035603
0,0.0274210549930318
0,0.0043875632394644
0,0.0187252167493294
0,0.0262284677660266
0,0.0294189081899813
0,0.0279353454822622
0,0.0289703474544149
0,0.0025460005898256
0,0.0279003275430393
0,0.1423082998800054
0,0.0052960937761819
0,0.0276773362853768
0,0.0280718834615958
0,0.0168838971454499
0,0.0103143233595762
0,0.0286807405521103
0,0.0254251019347754
0,0.0050623741261229
0,0.0293251066821355
0,0.1356833854297827
0,0.0184867417518815
0,0.0274514256701319
0,0.0289163776919191
0,0.0127274780136247
0,0.0286978208800224
0,0.0277239147749698
0,0.0306603600955465
0,0.0280489426386578
0,0.0151780505392156
0,0.0265373507700985
0,0.0293159027832359
0,0.0274826074568682
0,0.0286545730685083
0,0.0282778928144615
0,0.027834939096262
0,0.0284367855084598
0,0.0276509406576036
0,0.0293911608401045
0,0.0046115514821851
0,0.0249861012748958
0,0.0049251889735485
0,0.0286803552606432
0,0.0273648988510749
0,0.0291520349224114
0,0.0134936033803459
0,0.0200858442488124
0,0.0274437129614794
0,0.0291135081269413
0,0.0118935731461351
0,0.0279644058316598
0,0.0046042456920221
0,0.0293366018621652
0,0.0274828639559906
0,0.0274240892111833
0,0.0152196280819609
0,0.0283055973435982
0,0.0274518743991917
0,0.0274147230042415
0,0.0191629035538962
0,0.029198994767945
0,0.0055044727053605
0,0.0072213997320498
0,0.0294818888425735
0,0.0274459349364142
0,0.0048835738394088
0,0.0241106098127208
0,0.0124369477109336
0,0.0065543071449943
0,0.130147643664296
0,0.0288749805067378
0,0.027912559396913
0,0.028745073994368
0,0.0291983494262652
0,0.0281198995405808
0,0.0275459487880438
0,0.0263166782494061
0,0.0130114195772347
0,0.0233885347816347
0,0.0239351093512865
0,0.0066200519214335
0,0.0057848593390285
0,0.0280349473531363
0,0.0280880830340288
0,0.0086653493863685
0,0.0157662899635455
0,0.0290337341798526
0,0.0291897865450662
0,0.0065093469195134
0,0.0274403769170386
0,0.0284983552492457
0,0.0285396170752984
0,0.067829451192124
0,0.0274128076951877
0,0.0273966869154298
0,0.0209801905729332
0,0.0279802699872527
0,0.0282943657794726
0,0.0122295502230701
0,0.0188025538798454
0,0.0285473189749818
0,0.0125433092987696
0,0.0256369488907093
0,0.0267759922404224
0,0.0277152297889507
0,0.0347800251678299
0,0.0274852256796755
0,0.4718313756264875
0,0.0285328769428686
0,0.0293715451951781
0,0.0076880218569914
0,0.0274193058881061
0,0.0274340550265105
0,0.0278732378069933
0,0.0255139009217051
0,0.0040684076753448
0,0.0291807889319892
0,0.0291909093136355
0,0.0801340208136313
0,0.0041290669293542
0,0.0292562212906249
0,0.0276552655478216
0,0.0286914591351661
0,0.0270722369577041
0,0.007585202210784
0,0.0280302024583938
0,0.0152824854581386
0,0.0292819890565044
0,0.0042471471980976
0,0.0294598978674067
0,0.0277976150489794
0,0.0064677230447685
0,0.0178217742842526
0,0.011411518774939
0,0.0277506146366041
0,0.0169162093640965
0,0.0070382291905453
0,0.0286942080568234
0,0.0124130673738817
0,0.0275568473877636
0,0.0107506808527993
0,0.0177080808524424
0,0.0274158822212823
0,0.0283507280323059
0,0.0284923067119267
0,0.0293844307219721
0,0.0114110916786527
0,0.0282009753479681
0,0.0059001047171205
0,0.0279880587695017
0,0.01992832070042
0,0.0283887130252938
0,0.0275216265022996
0,0.0274415570823012
0,0.0286224575526732
0,0.0245981397064648
0,0.0279380212214905
0,0.0222341154791696
0,0.0097074611159258
0,0.0285441204634916
0,0.0289940656550835
0,0.0286704838383895
0,0.0087781689637413
0,0.0136989031438766
0,0.007394310126514
0,0.0279855277175664
0,0.0233005696095068
0,0.027971293374695
0,0.0274217818665188
0,0.0277206836154798
0,0.0274390886594506
0,0.0394743987352032
0,0.0075747492756217
0,0.0196812816669121
0,0.0291285489265877
0,0.027630110398315
0,0.02941715701199
0,0.0267223311674428
0,0.9567830675629744
0,0.0087015102644924
0,0.0270510814128955
0,0.0293298224376967
0,0.0286369232657046
0,0.0283941357898451
0,0.0149915941157902
0,0.049859096401904
0,0.0134939687437938
0,0.0295768527501921
0,0.027422905137543
0,0.0287521175906369
0,0.0279297673171645
0,0.0276630424736106
0,0.0292063800326905
0,0.1511477658844218
0,0.0257927682840381
0,0.0287004627492224
0,0.0277267658263447
0,0.0292271780030918
0,0.0274253744420253
0,0.0285085569388687
0,0.0289271923170841
0,0.0166504097614418
0,0.0283493048458024
0,0.027413230747504
0,0.0289275151020972
0,0.0285102032912607
0,0.0274246276323298
0,0.0261895241417817
0,0.0404256699036993
0,0.0048383593571575
0,0.0114529636351928
0,0.0022473081722577
0,0.0292110438699786
0,0.0282874561772379
0,0.0293327089105739
0,0.0292257707762035
0,0.0276098002508555
0,0.0275599086141844
0,0.0283069571093708
0,0.0285675642717528
0,0.0275588237082714
0,0.0251682483957716
0,0.0285860254914784
0,0.0292715209901413
0,0.0276097274873751
0,0.0272254276552474
0,0.0293029676198421
0,0.0286080534198813
0,0.341107780375514
0,0.0278413990194539
0,0.0277623029295129
0,0.0293310359852017
0,0.028926656157956
0,0.0277797666263462
0,0.0274910263603422
0,0.0269135626999116
0,0.0056937139678697
0,0.0098507351597033
0,0.0244681923267061
0,0.0072248342648522
0,0.0134991319696221
0,0.0280675267767889
0,0.0285050520830623
0,0.0060419616092633
0,0.0343183085141926
0,0.0274324233783817
0,0.0028184430548237
0,0.0275682907219247
0,0.028045329971538
0,0.0036966904431004
0,0.0541579201479732
0,0.007848001883881
0,0.0048804543794049
0,0.0192354253895347
0,0.004160692004268
0,0.0282247773365547
0,0.0292822221290567
0,0.0408722209161728
0,0.0037235546234935
0,0.025016256190003
0,0.0658263198774107
0,0.0050950090362813
0,0.6022934497101212
0,0.027643013185554
0,0.0243234606244956
0,0.0600149651656594
0,0.0253856820620948
0,0.0123648711506914
0,0.0288967407636701
0,0.0049386505024646
0,0.004985680115382
0,0.0566822211495906
0,0.1803438356342876
0,0.0277493702081196
0,0.0046429561981503
0,0.003538135165263
0,0.0171121536168651
0,0.0260233756373975
0,0.0281267610695093
0,0.0283382203115398
0,0.0044927706744215
0,0.0276818101397806
0,0.0274224989264682
0,0.0158072214654332
0,0.0273731784703691
0,0.0113318544583992
0,0.0221020424535743
0,0.0278226550859992
0,0.028251992047233
0,0.0278200560562263
0,0.2607609218743763
0,0.0279118110142836
0,0.0278658261230162
0,0.0158879093658435
0,0.0202034348902655
0,0.0272585507851288
0,0.028826757245935
0,0.0068765695164104
0,0.0294009357997783
0,0.0052067935048123
0,0.027675851115389
0,0.0289661516531947
0,0.0250356822629963
0,0.0085727515404138
0,0.0274627640898974
0,0.0056970627490935
0,0.0288959809215906
0,0.0058245370431643
0,0.0287824688710072
0,0.0921421255762251
0,0.0274133014602651
0,0.0116416792540299
0,0.0278696826545264
0,0.0274163069430915
0,0.0623459905153621
0,0.0215407924250976
0,0.0055538672761744
0,0.4679042254367206
0,0.0291815233818227
0,0.0149164909456751
0,0.015520284768053
0,0.0274729876660945
0,0.0149617552776002
0,0.0277746098165148
0,0.0104268144003817
0,0.0275837951891474
0,0.1836609209853237
0,0.0293607830746622
0,0.0279215745414505
0,0.0274305230003588
0,0.0274969740383206
0,0.1482505104201125
0,0.0278245918820688
0,0.0052926126351193
0,0.0181018171934603
0,0.0294045467280276
0,0.0287850251471689
0,0.0276213838558337
0,0.0278927002633259
0,0.0290195947098912
0,0.0274060810622065
0,0.0600631408647997
0,0.0280621548748082
0,0.0037633245361011
0,0.0056736580544899
0,0.0276679024584305
0,0.0285686363287712
0,0.0276201710410261
0,0.0275483791452055
0,0.028362566293386
0,0.0054355104033742
0,0.0065761843438184
0,0.0286484125353258
0,0.0250481307757655
0,0.0062275416386374
0,0.0284797821973524
0,0.2818414212688355
0,0.027840925341656
0,0.0287233410239461
0,0.0280626523881605
0,0.0675875472589929
0,0.0183276204824615
0,0.0293885198647738
0,0.027408213736392
0,0.0962606377102977
0,0.0278544071998045
0,0.0274106121092794
0,0.0217251851919315
0,0.0063047295879419
0,0.0278209896659033
0,0.0291718137695984
0,0.0289929578431237
0,0.0268366243525213
0,0.016097467178745
0,0.0030771030060142
0,0.0082912967511346
0,0.014218360405782
0,0.019378500048576
0,0.0274602594965135
0,0.0283167799667912
0,0.0276275000982511
0,0.0275428997146046
0,0.0094457335428028
0,0.0112913863159859
0,0.0293248883481064
0,0.0284063749193417
0,0.029377999200625
0,0.0134735300124806
0,0.0138653625547166
0,0.0284417630225438
0,0.0291339179554632
0,0.0291695011960606
0,0.0090810287475081
0,0.0102814363511222
0,0.0292292031836306
0,0.0291818145751286
0,0.0160625175903279
0,0.0285645536290653
0,0.0204593440613101
0,0.0269845984648833
0,0.0274327503947104
0,0.0275531365830113
0,0.0274650308062937
0,0.0279574707032802
0,0.0292901351247917
0,0.0291051196459636
0,0.0278171244231603
0,0.6608116328829
0,0.0261410453447481
0,0.0093418505594202
0,0.0279140477585643
0,0.0287759638179247
0,0.0054187078282242
0,0.0268718131518985
0,0.0281118344884787
0,0.7625509420508886
0,0.0274502124777471
0,0.0285410764648275
0,0.0281976454203716
0,0.027420659317787
0,0.0274235112225265
0,0.027810763819308
0,0.0285306669893162
0,0.0279241894917394
0,0.0134493598189309
0,0.0292080374116436
0,0.0274444411076537
0,0.0059013764946462
0,0.0288007440618879
0,0.0294364753096894
0,0.0289542436404949
0,0.028545326531109
0,0.0101213122676233
0,0.025516760830661
0,0.0286247201347718
0,0.0284583776403361
0,0.1817371283493963
0,0.0174748393078536
0,0.0286618133320363
0,0.0091949610598845
0,0.0050436802601516
0,0.0039187766834099
0,0.0290856699232205
0,0.0279436986221387
0,0.0836287337015404
0,0.0029055126363143
0,0.0285235509428569
0,0.0294403381015681
0,0.0274254032230696
0,0.0203624447759623
0,0.0271184308963001
0,0.0274056000869905
0,0.028080030231427
0,0.0279572756392925
0,0.0286285623244915
0,0.0255766423366332
0,0.0280101558842766
0,0.0287754757330686
0,0.0294054300184331
0,0.0283376092604526
0,0.02743807085197
0,0.0335413839463877
0,0.0274798843996144
0,0.0182667970388318
0,0.02888586388772
0,0.0292338322494738
0,0.0275281594757523
0,0.024187597650867
0,0.0291626411940256
0,0.0056698370254984
0,0.0286484125353258
0,0.0292808843195982
0,0.0260805192105164
0,0.023424195549941
0,0.0241319642026402
0,0.0246774129372705
0,0.0282133076086919
0,0.0274477523040198
0,0.028189713418091
0,0.0276626589301331
0,0.0274319867540294
0,0.027612614776715
0,0.0275611006026773
0,0.0249485553438016
0,0.0285737731056382
0,0.0055829413868795
0,0.0027873227305405
0,0.983742904870787
0,0.0220461779038262
0,0.0285575109711012
0,0.0291865762894441
0,0.0274607425106605
0,0.0286732792764705
0,0.0289147939602654
0,0.0073470046540602
0,0.0065784823156106
0,0.0081186365712776
0,0.0485018152817807
0,0.0057072924315663
0,0.0293959943826034
0,0.0274957206463732
0,0.0043099443519688
0,0.0114375819208142
0,0.0104575233073883
0,0.0277676534991709
0,0.0277686275502631
0,0.0044512217001003
0,0.0284196397650012
0,0.027891927581001
0,0.1575810324403715
0,0.0164999197351308
0,0.0274073500791701
0,0.0164879533435802
0,0.0277310988655021
0,0.0294195128195624
0,0.0291930811317742
0,0.0099954941208334
0,0.0052377171544102
0,0.0098605832642517
0,0.0059923756907163
0,0.0278594894888745
0,0.047010775041599
0,0.0276755721868073
0,0.0235285835515615
0,0.0287912880285798
0,0.0274454221966303
0,0.0270956782470224
0,0.0107671317845175
0,0.0282742435947235
0,0.0041921869125553
0,0.0287449975073344
0,0.0047647836257586
0,0.0274129141346626
0,0.0277559651741887
0,0.0292042579905095
0,0.0283096158707712
0,0.0288940954444946
0,0.0358488001982519
0,0.0276565810334352
0,0.0053559246197567
0,0.0292544243181255
0,0.0031302815502936
0,0.0294798515154197
0,0.0274065724609517
0,0.0079976085106467
0,0.0275616224917383
0,0.0410857653431029
0,0.0069969263483359
0,0.023728516854665
0,0.0043344687801172
0,0.0269011572371427
0,0.0032335157561209
0,0.0250189542011194
0,0.024941998835718
0,0.0849442820226169
0,0.0363780192178367
0,0.028246095747267
0,0.0289291490983717
0,0.0347112230551016
0,0.0121267380767791
0,0.01707838777265
0,0.0293384024028056
0,0.0279463761903094
0,0.0279769696234459
0,0.02769594002288
0,0.0280346362333631
0,0.0059998647776367
0,0.0294759306038649
0,0.0100180705269248
0,0.0282376782736845
0,0.0282663898494657
0,0.0196505761944817
0,0.0043129169756138
0,0.0275285643977996
0,0.0729122607250321
0,0.0038057215625218
0,0.0113858934784359
0,0.009384816840123
0,0.027665971051538
0,0.0276990206720674
0,0.0283371806970844
0,0.028794413872185
0,0.0043591113440896
0,0.0128051197303982
0,0.0293589515528986
0,0.0233599190714577
0,0.0293353670522636
0,0.021554357472236
0,0.1895141724423678
0,0.0031473113960528
0,0.0051037956109743
0,0.0270000688727795
0,0.0068049738407934
0,0.0054010345961469
0,0.0294493500551238
0,0.0042451127710016
0,0.0277209354969439
0,0.0283682564908794
0,0.0294151757309889
0,0.3442219319221533
0,0.2578373661744932
0,0.0043345662633053
0,0.1160441515272189
0,0.0274458978992124
0,0.0189191806625851
0,0.0292742730604075
0,0.0274926050838739
0,0.0106576744142041
0,0.0277056599538499
0,0.0291299161821142
0,0.0217760433202074
0,0.0276360675859191
0,0.0277845393673818
0,0.0293985465911251
0,0.0287696936235972
0,0.0268805502207224
0,0.0277492324802155
0,0.0059667050664151
0,0.0279033745185258
0,0.022328276961819
0,0.0293140886780528
0,0.0052829745764871
0,0.0294241776299956
0,0.0293663612011051
0,0.0046072961336007
0,0.0283380910883467
0,0.0275756883889557
0,0.0277930109326421
0,0.012810203004625
0,0.0237801065277216
0,0.0702053172406059
0,0.0276974861656525
0,0.0275869552774753
0,0.0283263070445328
0,0.0056272904826657
0,0.0198319144222013
0,0.0114148772263608
0,0.0288412124251062
0,0.0274249289563255
0,0.0289158008213181
0,0.006195131922559
0,0.0054886184411597
0,0.0277722558805148
0,0.0267664155601844
0,0.0290255411454771
0,0.0703002055697397
0,0.004248903057858
0,0.0454869634474917
0,0.0288729969287604
0,0.0236544019091705
0,0.0276034290113232
0,0.0274232309113728
0,0.0701904812470485
0,0.0204862035714336
0,0.0277416431009294
0,0.0252388255616971
0,0.0292116975269434
0,0.0285194022837904
0,0.004767934567213
0,0.0292827161288791
0,0.0277829897663985
0,0.2775560987449086
0,0.0288008286652823
0,0.0287853113936706
0,0.0294480531531914
0,0.029210643832206
0,0.0167700481222332
0,0.0035468693233182
0,0.0942165907157654
0,0.0289472684607846
0,0.0275873685112722
0,0.00914113740028
0,0.02785541419445
0,0.0032537906353021
0,0.0279586715237115
0,0.0125109215121742
0,0.0275238834276379
0,0.0276276561447736
0,0.0159699156495045
0,0.0277670713209169
0,0.0282761643590886
0,0.0287771611278545
0,0.0277757671306741
0,0.0294038434662054
0,0.028722027090795
0,0.027500292059902
0,0.0610230214203562
0,0.0047556004274674
0,0.0234902372963556
0,0.028411232598783
0,0.0233120698030595
0,0.027147252169433
0,0.0060347587211896
0,0.0045246677990035
0,0.0257245713461295
0,0.0289794460245842
0,0.0290312026506673
0,0.0280937400546522
0,0.0281594206805694
0,0.0305616857531166
0,0.0268264011679173
0,0.0275927082637302
0,0.0036547659915938
0,0.0293708508585627
0,0.006866973235633
0,0.0276765218491436
0,0.0288162650179481
0,0.027416928890151
0,0.0285815840700656
0,0.0274230856053841
0,0.0279914346190141
0,0.029216569343501
0,0.0102677937414175
0,0.0274454221966303
0,0.0278066262725652
0,0.0284839526334876
0,0.0058816770987715
0,0.0289632596663816
0,0.0078462422586117
0,0.0060538660418828
0,0.0287533460559853
0,0.0277152596475926
0,0.0278188082798898
0,0.0261691244514759
0,0.0282035352771503
0,0.0042443573947275
0,0.0502592528793043
0,0.026686897676332
0,0.0293482026908095
0,0.0143954676134521
0,0.0295018255715064
0,0.0145027208601963
0,0.0280530403683995
0,0.0292764147593324
0,0.0241054116368921
0,0.0241458394959024
0,0.0036741443003067
0,0.0289164982123567
0,0.0286373267624077
0,0.0277454413843579
0,0.0275080639218465
0,0.028467715186544
0,0.006108756699085
0,0.0276151531415985
0,0.0274830346537425
0,0.0056832826218964
0,0.0278724764051298
0,0.0275516119240383
0,0.029035257243931
0,0.0230495251429136
0,0.027815780323703
0,0.0536286208692858
0,0.0274281960344612
0,0.0275436430904798
0,0.0294317481091676
0,0.0150240431221925
0,0.0042508456645352
0,0.0274065189093087
0,0.028610026268145
0,0.0277242277401367
0,0.0276560833100136
0,0.0291501145535777
0,0.0286143192388585
0,0.0274131557572166
0,0.0274828595280149
0,0.0276094943612491
0,0.0236867128435116
0,0.0277510223976237
0,0.0062825886235401
0,0.0285886471305464
0,0.029578729761492
0,0.2649361874754125
0,0.0294001056478048
0,0.0277733361102242
0,0.0054242393449063
0,0.0278563805073063
0,0.0049070122835257
0,0.0233166283152365
0,0.0039525835796976
0,0.0274208639337378
0,0.0117221248970815
0,0.0235042813498023
0,0.028281292210617
0,0.0163057951153609
0,0.028392853558771
0,0.0130117249052529
0,0.0289383488597778
0,0.191685168146996
0,0.0044790228828169
0,0.0288358713166237
0,0.0287838922277851
0,0.0280266104920703
0,0.0274776243486402
0,0.0283025360113046
0,0.027508577733246
0,0.0283928459089697
0,0.0077110079070396
0,0.0294480531531914
0,0.028248467136034
0,0.0056167187489734
0,0.0293030105954092
0,0.0292086972084902
0,0.0108451632671483
0,0.1359036970045453
0,0.0284088793851196
0,0.0264749205797671
0,0.0291761988739138
0,0.0294791073228924
0,0.0274290708250332
0,0.0285972630887244
0,0.0273848491310592
0,0.0275250826495854
0,0.3455031712099611
0,0.0288771116647161
0,0.0291252150473143
0,0.0579404334073906
0,0.0037287790712916
0,0.0089289832099998
0,0.003554301504971
0,0.0293198379643764
0,0.0041172224037907
0,0.0160432362015613
0,0.6742359946156418
0,0.0081815541504289
0,0.0215319331673431
0,0.0192921909880511
0,0.0286115164079135
0,0.0294041156515968
0,0.0275920424690705
0,0.1093228124948959
0,0.0280884819733547
0,0.0152396876102165
0,0.0504453973575833
0,0.0307954626134929
0,0.0279636773589105
0,0.0294040250437527
0,0.0284196397650012
0,0.0164529599389509
0,0.0288720485627491
0,0.0287284933087183
0,0.0292713961749011
0,0.0273731539075631
0,0.0283463680078755
0,0.0282829756067986
0,0.0073467216137318
0,0.0282443992613246
0,0.0050249243931894
0,0.0243370130496072
0,0.0281447686479541
0,0.0274175269548607
0,0.0048534461161377
0,0.0146542339593979
0,0.0288057176626018
0,0.0293958249569613
0,0.0284727131953194
0,0.001712260535494
0,0.0274489282781009
0,0.0056965703553178
0,0.0031512031299515
0,0.0279675331452978
0,0.0275050493040521
0,0.0276691886806391
0,0.0278476965709843
0,0.0096669319263195
0,0.0115315499490068
0,0.027675851115389
0,0.0239067634223205
0,0.0029876074375945
0,0.0042726750811751
0,0.0288288268376016
0,0.0290959100439142
0,0.0058005154487634
0,0.4854055360700192
0,0.0276464646167599
0,0.0314757604977777
0,0.0278003426030419
0,0.0070137129845259
0,0.0209700491219655
0,0.0249279521277329
0,0.004023406648532
0,0.0227386965041166
0,0.0266712047537787
0,0.1257452855161107
0,0.0037339085899784
0,0.0283642912563915
0,0.0292232320348798
0,0.028059851889532
0,0.007636790357486
0,0.2873763609422301
0,0.0294863533483787
0,0.0150113617647633
0,0.027517199321708
0,0.0170960043285995
0,0.0215471607731322
0,0.0143089993051824
0,0.0082288925398073
0,0.0279531228256038
0,0.9804585073113168
0,0.0286296403357412
0,0.0280178523729854
0,0.0277599454407178
0,0.0284780153960269
0,0.0276279072752864
0,0.0284825257509665
0,0.0274325305773323
0,0.0254506577224166
0,0.0274250996694937
0,0.028377857079791
0,0.0289360911852911
0,0.0274084718658513
0,0.0161120493445039
0,0.028048869041784
0,0.0275767832554796
0,0.029248589760698
0,0.0287190673812713
0,0.0294315830393344
0,0.0270838116036467
0,0.0060280732508891
0,0.0289979355008447
0,0.0292546761307228
0,0.027422525963541
0,0.0287303995396688
0,0.008928828885181
0,0.0030508879373985
0,0.0293787770472417
0,0.0054611253074936
0,0.0274959284979583
0,0.0275106855829565
0,0.0269143795414683
0,0.0140891073848155
0,0.002981204165262
0,0.027430138439287
0,0.0250475274185096
0,0.0274225899047538
0,0.0293122019671761
0,0.0282786986201043
0,0.0066409127740234
0,0.0286867650718108
0,0.005492409715346
0,0.0021168496626561
0,0.0282276435908599
0,0.0037032030601294
0,0.0124932575539774
0,0.0274428070349638
0,0.0277251103343289
0,0.0116398708590395
0,0.0112165171922583
0,0.0289341022278075
0,0.0286169657765494
0,0.0274865077431062
0,0.0292273765859005
0,0.0275115560782185
0,0.0277111528289032
0,0.0087100203475026
0,0.0291146714837891
0,0.0114900977058055
0,0.0277141582529445
0,0.0414598680890185
0,0.0247554253499744
0,0.0280470656700506
0,0.1570465341893445
0,0.0042202712148069
0,0.6182531373345003
0,0.0288646519012483
0,0.0292451251280418
0,0.0242059652000904
0,0.0275824017278503
0,0.0204282123528338
0,0.0294032911107355
0,0.0283028491170222
0,0.0274384362852923
0,0.0180934462592474
0,0.0054034184326851
0,0.0063631971908905
0,0.0293232789164535
0,0.0294279364573667
0,0.0290903277554718
0,0.009196433720914
0,0.0253866572852353
0,0.0287551558458295
0,0.0274573236212257
0,0.0284801528417734
0,0.0157433309194643
0,0.0279233431889601
0,0.0040580210435701
0,0.208542722762728
0,0.027408671292115
0,0.0276182629456006
0,0.0116867733949517
0,0.029417226002517
0,0.0293127907478153
0,0.0627197998904487
0,0.0244079403224575
0,0.0309947921798843
0,0.0286535820634232
0,0.0271215382028207
0,0.0277666841830488
0,0.0141625571106672
0,0.0283301540017503
0,0.0277111401597208
0,0.0274145038884909
0,0.0174770480227446
0,0.0275071225812707
0,0.0275871072296238
0,0.0276157885113303
0,0.0283011167163768
0,0.0123030515813617
0,0.0234405899017205
0,0.0292011195247044
0,0.0249354976782504
0,0.027413982312548
0,0.0281271173546551
0,0.027903535173055
0,0.0243452556677433
0,0.0065582194970553
0,0.028244334376885
0,0.0287882361549329
0,0.0148900389431639
0,0.0033564334907653
0,0.0293944329619433
0,0.0274993411270579
0,0.0284348399084564
0,0.0665474669174495
0,0.0284657933498077
0,0.027666523955664
0,0.0282582520498753
0,0.0177229812761425
0,0.0048843343222298
0,0.0199879558632894
0,0.0280527371588191
0,0.0289715019170308
0,0.0281988393732107
0,0.0279507164246082
0,0.0126473741890303
0,0.0072590943404534
0,0.0274304446060011
0,0.0274113974033251
0,0.0293210321847957
0,0.0184830104462782
0,0.0278819422663274
0,0.0248809203109667
0,0.0097044736155643
0,0.0169956478359601
0,0.0294651983738617
0,0.0337733518393228
0,0.0068282190721476
0,0.0279798018149228
0,0.0234894519418778
0,0.0264441470281182
0,0.0278866526753557
0,0.029312307672515
0,0.0280049590105139
0,0.0290784798317949
0,0.2008171751226832
0,0.0280461470267115
0,0.0084745484507836
0,0.0248916134911573
0,0.0160989171432065
0,0.0284549397784085
0,0.0046719662734451
0,0.0274374109234605
0,0.0274231385295021
0,0.0052991870413317
0,0.0274084284868958
0,0.023304622320514
0,0.0274106737217358
0,0.0284897822649085
0,0.0274567336218043
0,0.0051338619243171
0,0.0274404953877709
0,0.0294041404696449
0,0.0195715254655478
0,0.027797587506329
0,0.0020068723382367
0,0.093081915544296
0,0.0275080775764276
0,0.0250878746356355
0,0.0070084205438048
0,0.0293162641293965
0,0.027742477441205
0,0.0285980486248933
0,0.0287177019410286
0,0.0031813552441688
0,0.0262433415554054
0,0.0292780512193937
0,0.0274472658533757
0,0.0227239401567118
0,0.0293886770360438
0,0.0292049318520525
0,0.0279223639734003
0,0.0274276620925512
0,0.0338904147246324
0,0.0271912120745732
0,0.0257236125935961
0,0.0038966084944102
0,0.0044523226333366
0,0.0281760293049033
0,0.0281118344884787
0,0.9396599823844874
0,0.0167211443356501
0,0.028183895111754
0,0.0275133333225701
0,0.0293426302154188
0,0.0274628391622351
0,0.0285637553517788
0,0.035773320935084
0,0.0286711685866716
0,0.027558714721088
0,0.0300484635712783
0,0.0282283436543458
0,0.013045625312221
0,0.0274322232568639
0,0.026590530122776
0,0.0218106873030167
0,0.0449119062237664
0,0.0294703481447489
0,0.004585403837089
0,0.0274756139234569
0,0.0294252559905583
0,0.0251622472263444
0,0.0133119654785465
0,0.0284717372696698
0,0.0283719640408325
0,0.015207409867727
0,0.0268037606145629
0,0.0049900466662133
0,0.0767979474036053
0,0.0043433228566666
0,0.0280387484434213
0,0.0120336764122539
0,0.0114267659993332
0,0.0276812806609701
0,0.022091023298549
0,0.0281463002323439
0,0.0045755108157844
0,0.0121387243768516
0,0.0279507424178623
0,0.0150948476539459
0,0.0275256085054483
0,0.0240240881293997
0,0.0430465939323107
0,0.0123789753637315
0,0.0046306157546225
0,0.0284603155517713
0,0.028362566293386
0,0.027888789979329
0,0.0191200141640743
0,0.0252435413435499
0,0.0276867398907999
0,0.0282483408154228
0,0.0247282764801658
0,0.004817137873927
0,0.0286909832963382
0,0.0171039506754454
0,0.0258415987641887
0,0.0215350619978495
0,0.0293424931303306
0,0.0275214264650834
0,0.0255880968131254
0,0.0281340289025154
0,0.0274835079875973
0,0.0042718856918282
0,0.0278683053615801
0,0.0065215622874038
0,0.0294311919315853
0,0.6082373795521719
0,0.0601138272769848
0,0.0275641013624169
0,0.0057287300317597
0,0.0162385482347169
0,0.0284911411057102
0,0.0287988938196581
0,0.0278243530199542
0,0.0294457095405337
0,0.0280626523881605
0,0.0033741052652966
0,0.0217708511150511
0,0.0214191554507069
0,0.0286010279017495
0,0.0274055284713461
0,0.0274095371865263
0,0.4740373630007518
0,0.0066578375247563
0,0.0302163626663523
0,0.0274055373609497
0,0.0200155174840211
0,0.0048699620141124
0,0.0078960037884312
0,0.0051711904121986
0,0.0279393573370325
0,0.0283758580757863
0,0.0191571098933262
0,0.0288534842992691
0,0.0047976983142473
0,0.0291442049507033
0,0.0144239485289165
0,0.0048082328455535
0,0.0214743028805119
0,0.0275031086465772
0,0.0285813830895485
0,0.2168270107695452
0,0.0034003294825655
0,0.0107236309905094
0,0.003212225476473
0,0.0077003773415709
0,0.0279129175515535
0,0.0275723530629584
0,0.0290838895567631
0,0.1878419302977385
0,0.0293086059671991
0,0.0286252944382268
0,0.0291490502020538
0,0.0293646382503719
0,0.0289617945778553
0,0.2279891537086108
0,0.0294038115643323
0,0.029186973899902
0,0.0035978056352225
0,0.0179320999621312
0,0.0237267000537783
0,0.6880331414116663
0,0.0176177620040303
0,0.0274566413205779
0,0.025043403194858
0,0.0053969083252505
0,0.0090331858818692
0,0.0048688206114855
0,0.0274721635142144
0,0.0089302685745102
0,0.0173644284214017
0,0.0039622197501172
0,0.0280811698301461
0,0.0285765129643327
0,0.0027895229512579
0,0.0235487213191027
0,0.0290449952806301
0,0.0267646731750909
0,0.0281402130678669
0,0.6729999411095187
0,0.0274367116328885
0,0.1679560270039901
0,0.0289221368715185
0,0.0275538779004474
0,0.019184595570223
0,0.0035555929101048
0,0.0556647944164373
0,0.0285597453241691
0,0.0294601279922467
0,0.027710728183227
0,0.0477134911882259
0,0.0127264664736538
0,0.0188457907968418
0,0.0279108868083362
0,0.027695468009202
0,0.0274698075336319
0,0.0261096065022589
0,0.0121069016301916
0,0.0489050057298783
0,0.0064514148401649
0,0.0097466082233107
0,0.0275149638643519
0,0.0284517210358699
0,0.0279688452668002
0,0.7968158659526902
0,0.0189661161019163
0,0.02897530019216
0,0.0281961717052341
0,0.0294512262634839
0,0.0051715332699758
0,0.0032102343535275
0,0.0034012644995454
0,0.1117308176276753
0,0.0279901614208726
0,0.0276995372082681
0,0.0293183373179053
0,0.0235661269921569
0,0.0196441241752069
0,0.028033112375107
0,0.0056127505618525
0,0.0279986941776234
0,0.0275027375490164
0,0.0039189980086044
0,0.0107174219110909
0,0.0294981001751622
0,0.0288665928670671
0,0.0276984338380306
0,0.0097335832275739
0,0.0025981796774705
0,0.0058066505845853
0,0.0291364670403307
0,0.0219341160184142
0,0.0275140661304716
0,0.0091058740508162
0,0.0287656116938888
0,0.0279328352197153
0,0.027657930195786
0,0.0148146177389685
0,0.0242985356153624
0,0.0274221077119153
0,0.0279723761913381
0,0.0276575575074088
0,0.0247716428091967
0,0.0649238988388941
0,0.0115039432572014
0,0.0280617335983982
0,0.0288826953483761
0,0.0274216415932952
0,0.0236212434623268
0,0.0282747650575395
0,0.0293702879027971
0,0.0059742170230801
0,0.0044089513158765
0,0.0210246627667218
0,0.0294491565010985
0,0.0277267658263447
0,0.0279129854098893
0,0.011763009210488
0,0.0294079228817803
0,0.0274084681169622
0,0.0071599768439047
0,0.0275626210147397
0,0.0233214775820448
0,0.0291034142561794
0,0.0290507994857245
0,0.0291413926321566
0,0.0276401230699157
0,0.0276300597083262
0,0.0266877110138532
0,0.0202919409077852
0,0.0276859960735407
0,0.0287213671790062
0,0.0048596648791316
0,0.027491857581713
0,0.0202310692156339
0,0.0249560163548592
0,0.025795883716829
0,0.072113877118868
0,0.0279599750689769
0,0.0247409171456516
0,0.0047225337512306
0,0.0293731333110784
0,0.0251162586438232
0,0.0275312957680325
0,0.0145056754577006
0,0.7892384494294081
0,0.0054907091214457
0,0.0298448106102444
0,0.0276768949534207
0,0.0052937001888932
0,0.2606728814953222
0,0.0274846426239049
0,0.0264825549188199
0,0.0195288659211937
0,0.207620791092255
0,0.0290124732175474
0,0.0280050699148696
0,0.0280641598494796
0,0.0276098002508555
0,0.0050877314278665
0,0.0215981963730998
0,0.0272166763316732
0,0.0293063535832035
0,0.0239958325068019
0,0.0278878038140758
0,0.0069073440056069
0,0.0274353807130423
0,0.003822530483038
0,0.0116696804062878
0,0.0738706546549228
0,0.0291421525017758
0,0.0285373206982597
0,0.0146448778822368
0,0.0279028262408204
0,0.0284359159237267
0,0.0479241327686865
0,0.0293862142506025
0,0.0047979384604307
0,0.0283640314428151
0,0.029083586545555
0,0.0292971195763549
0,0.0293662557596273
0,0.0041491083568533
0,0.0135720648796369
0,0.0279484830203897
0,0.027641520778391
0,0.0140204834237626
0,0.0144137137055613
0,0.0202012948043289
0,0.0038848159274934
0,0.6266013293566041
0,0.0291206712885818
0,0.0280178977566753
0,0.4748534066922788
0,0.0291364671234503
0,0.0293255444464697
0,0.0036851214450519
0,0.0288661391607648
0,0.0165000065534862
0,0.0293909300715015
0,0.0161498523134495
0,0.0062083557667012
0,0.0268844064647302
0,0.0276190394135535
0,0.00368879573383
0,0.0189270648205905
0,0.0275334123984196
0,0.0262604746273826
0,0.0275102103364687
0,0.02861089635401
0,0.0099915598238145
0,0.0277599031692673
0,0.0279689270760864
0,0.0275433114512093
0,0.0234626102553382
0,0.0294025561862475
0,0.0274396925784848
0,0.0122573675350617
0,0.0089937606662105
0,0.0286914591351661
0,0.0274325536855695
0,0.0284411093094724
0,0.0285342962861889
0,0.0927713082098687
0,0.0288112946434214
0,0.0277573216508978
0,0.0293251465009584
0,0.027984769626365
0,0.0274679577697674
0,0.0292236461911828
0,0.0082762959867603
0,0.0289917037013984
0,0.0293753727768822
0,0.0274336997255689
0,0.0290133263815992
0,0.0275881765483627
0,0.0123559896825513
0,0.0294310809602543
0,0.0274503390350049
0,0.0278805167234063
0,0.0244644688104375
0,0.028884712226844
0,0.040860362835562
0,0.0279830152896516
0,0.0282444271466399
0,0.0282352414172776
0,0.0274148717027848
0,0.0285136983567635
0,0.0276178600710429
0,0.0273977960736881
0,0.0292894170234139
0,0.0277804106133976
0,0.0277530807817278
0,0.0276666008825777
0,0.0257335000544103
0,0.0281035058718031
0,0.0349965456243265
0,0.0291552414507721
0,0.0594823288574222
0,0.0293633758796441
0,0.3431054500363298
0,0.0075407731676336
0,0.0293563189013348
0,0.0277870835079008
0,0.0280975880197806
0,0.0291761360468736
0,0.0205600371649606
0,0.0281746800389448
0,0.0161007186890954
0,0.0160942763198453
0,0.0294092893107306
0,0.0283424793016849
0,0.0080127866228192
0,0.6790666344053314
0,0.029122698358361
0,0.0213365521705556
0,0.0276297487904986
0,0.0236078259076797
0,0.0289992878837369
0,0.0141401105174194
0,0.0276622798838634
0,0.0291053751739949
0,0.0057183329363976
0,0.027146707234444
0,0.0292646399403105
0,0.0274166058055628
0,0.0069330062988016
0,0.0082415472515378
0,0.0276126936895028
0,0.0276533787804721
0,0.027886123250528
0,0.0213162103321243
0,0.0280363919602241
0,0.0250976969685858
0,0.0291265043941945
0,0.0274360551678245
0,0.0268789846285593
0,0.0294349769012706
0,0.0288434309090958
0,0.0235530428381967
0,0.0279213189064193
0,0.0278575419927659
0,0.0275927082637302
0,0.0143702093232213
0,0.0279611978085171
0,0.0302148082399009
0,0.011227839249874
0,0.0293503854609369
0,0.1858149723018099
0,0.0287650156684271
0,0.0276276362298433
0,0.0246127835454432
0,0.0693878160664787
0,0.0274220915980044
0,0.0292188583467171
0,0.0293807714953247
0,0.0229789251806416
0,0.0276037680529507
0,0.0290441271387916
0,0.0290710646201626
0,0.0654336456124891
0,0.0235892347222437
0,0.027552162076462
0,0.0274747919119774
0,0.0289177472279194
0,0.0276610071657822
0,0.0274644010624652
0,0.0274940561745891
0,0.0278178711200901
0,0.0051818329325631
0,0.0294401845597829
0,0.029406088691654
0,0.0209893635073104
0,0.0054187149027121
0,0.0277257054382128
0,0.0287232543065148
0,0.0287240172250487
0,0.0280966082745806
0,0.0275130595588618
0,0.0071572540766674
0,0.0060846933526783
0,0.0277329000174244
0,0.0281758771455471
0,0.0277917392649531
0,0.0179427954398381
0,0.0286860453833012
0,0.0274057657203906
0,0.0287912880285798
0,0.0253525955981134
0,0.0282192955574881
0,0.029277052531723
0,0.0275013253855807
0,0.0193975676509267
0,0.0274856102034084
0,0.0086184989770901
0,0.0293937476936336
0,0.0269233744058693
0,0.0278677480523524
0,0.023456300106838
0,0.0274216732788064
0,0.0061212657155171
0,0.0253622420890938
0,0.9944466996486088
0,0.0578702515210397
0,0.0267921433596824
0,0.0125111736843785
0,0.0294337219783847
0,0.0274252919597681
0,0.0253958211340106
0,0.0277623937737178
0,0.0240845292401839
0,0.0274553868137718
0,0.0276543839020512
0,0.0280014079090913
0,0.0289906721680976
0,0.0198204003099305
0,0.0125674968469767
0,0.011323582696971
0,0.0293518283179073
0,0.0274581057343023
0,0.0293463306114223
0,0.0145913566858671
0,0.0291055307198713
0,0.035678994536036
0,0.0142887983630811
0,0.0294140783055765
0,0.1623587376353494
0,0.0275792944608994
0,0.0164291080840733
0,0.0250940720425409
0,0.0275638408678091
0,0.0599731019815907
0,0.0280783352273372
0,0.028606254869395
0,0.0274565837371983
0,0.0092734544328033
0,0.0290503638037185
0,0.0276844153763512
0,0.0087604397596599
0,0.0275620241084391
0,0.0220882898259687
0,0.0083029320787308
0,0.0293398616060954
0,0.0282240726077954
0,0.022439827578388
0,0.0277510223976237
0,0.0279255914291493
0,0.0291541158153075
0,0.0292042786083755
0,0.0289000769059873
0,0.0056059393859247
0,0.027931837313147
0,0.0279512616459315
0,0.0217097351874789
0,0.0275711615147471
0,0.0149372467334701
0,0.0280898557614452
0,0.0069447239570711
0,0.0289078676385966
0,0.0061118710226677
0,0.0114675266487045
0,0.0276028078651347
0,0.0069914033143969
0,0.00659965111992
0,0.0294996049360299
0,0.0068776907909927
0,0.0280212254152625
0,0.0210602871996658
0,0.0279296365678661
0,0.0235495472134587
0,0.006498411274173
0,0.0294483397360436
0,0.0259638127714893
0,0.0292322497810329
0,0.0241151295658014
0,0.0175148014054634
0,0.0121841772292323
0,0.027410955450848
0,0.0286086947033064
0,0.8930248115053177
0,0.0292810676678458
0,0.02884791126991
0,0.0051409809200598
0,0.0277850958397472
0,0.0273857083470685
0,0.0050990178132398
0,0.0193664417887823
0,0.0278339509298013
0,0.0285116485610213
0,0.0274330856305245
0,0.0277366817601359
0,0.00402276835462
0,0.0270463823023889
0,0.028189713418091
0,0.0135209529764853
0,0.0293748501429376
0,0.0294235427796278
0,0.003152838075799
0,0.0290384636583821
0,0.0274154098729518
0,0.0040027822873324
0,0.028428048430743
0,0.0285271503306339
0,0.0404334307872049
0,0.0291241161894607
0,0.0263922489313495
0,0.0275590145222063
0,0.0292964413039562
0,0.0251525702459921
0,0.0047147492658044
0,0.0033441970810557
0,0.043811974040507
0,0.0234749201977426
0,0.0062275416386374
0,0.0283299433686647
0,0.0275249458942363
0,0.0214561424209904
0,0.012482021070677
0,0.0634534693683557
0,0.0123932780777145
0,0.0288608705958275
0,0.0295609289157825
0,0.0282318099689054
0,0.0278339151836056
0,0.028097579389258
0,0.0292495442674145
0,0.0276501907079267
0,0.027816901780567
0,0.029065706220154
0,0.0233021890545778
0,0.0276722260889703
0,0.0291658630370355
0,0.0278058836037645
0,0.0233241490281043
0,0.0286100843287961
0,0.003023391885252
0,0.0277601945493178
0,0.027492450109719
0,0.0274205308272048
0,0.0051108262501643
0,0.0274115176835236
0,0.0281033819490388
0,0.0291903729856027
0,0.0276482153003236
0,0.0288050591002797
0,0.0283930746500226
0,0.0037619204045296
0,0.0287891416807522
0,0.0211634573398363
0,0.0205658524720792
0,0.02311958530511
0,0.0281198533237709
0,0.027658927815345
0,0.0289058853871104
0,0.0284440038080517
0,0.0283138521985364
0,0.0810707502409653
0,0.027930057979084
0,0.0172725918880674
0,0.0274302183196874
0,0.0189474417306005
0,0.0276129394149528
0,0.0280928583658405
0,0.0233251228901619
0,0.0286613078577646
0,0.005412302247824
0,0.0287778934958575
0,0.0069646516688821
0,0.0276246565347095
0,0.0281793694134538
0,0.0172016852985618
0,0.0283221377545865
0,0.02899396498694
0,0.029319310820089
0,0.0287322708005175
0,0.0294034970919962
0,0.0275416121722283
0,0.029019185817814
0,0.008903729223772
0,0.0281152527433613
0,0.0285717513399822
0,0.0287699310134696
0,0.0173097277455148
0,0.0081979657623099
0,0.029351334834299
0,0.0290780444595668
0,0.0264480928407904
0,0.0274133530316316
0,0.0067698950445331
0,0.0061311087540067
0,0.0287849165582824
0,0.0277139563627793
0,0.0033903319070249
0,0.0288136293282851
0,0.028635174195522
0,0.0161751415215777
0,0.0276718661355785
0,0.0040992135007393
0,0.0287478162524564
0,0.2104029988244107
0,0.0275011085539257
0,0.0044517661930545
0,0.0045157087566417
0,0.0294480727282935
0,0.0371853292501338
0,0.0274905567950317
0,0.0615698974371396
0,0.0276139605988175
0,0.0283118164984469
0,0.0275330044010799
0,0.0093082024166965
0,0.0276685864055032
0,0.0274103442699395
0,0.3421129438679968
0,0.0275168783383446
0,0.0295261588845107
0,0.0275756714313111
0,0.7605034426485802
0,0.0278864259171424
0,0.0277697218042692
0,0.0293760560698481
0,0.0282011235917112
0,0.0286306480302387
0,0.0291551361325184
0,0.0046019768971328
0,0.0284520884867909
0,0.0293195577410829
0,0.0206768429232186
0,0.0227073412648798
0,0.0274116288145309
0,0.0281022541910366
0,0.003704894478432
0,0.0284139341712201
0,0.0277074103531881
0,0.0294999805197639
0,0.0275953879459542
0,0.0830029938032765
0,0.025972833532699
0,0.0177930426348222
0,0.0289246765757735
0,0.0277042900429589
0,0.0280171848114914
0,0.0036964182737577
0,0.0065881962067347
0,0.0258422087819005
0,0.0277538347314637
0,0.0290167858370402
0,0.0291541773033627
0,0.0063157429528559
0,0.0250759541277124
0,0.0231968253226704
0,0.0274762712964978
0,0.0044008621103727
0,0.0040605865897721
0,0.0289039088253251
0,0.0293328238857952
0,0.0037756910386171
0,0.0234552564635538
0,0.0290886070194988
0,0.0282726542000879
0,0.0287798587672092
0,0.0060115198259195
0,0.0283477467508608
0,0.0268211980109459
0,0.0293334878306379
0,0.0280155409993364
0,0.0281699372625709
0,0.2902433226895712
0,0.0275083948120764
0,0.0092610476050733
0,0.0294491734141605
0,0.0086216426967804
0,0.0288195560768666
0,0.0278215185009591
0,0.027417191104128
0,0.0288659213055939
0,0.6786694146809052
0,0.029218527044051
0,0.0029737014801287
0,0.0583167906660046
0,0.0290002953348244
0,0.0275276980953004
0,0.0274154456453696
0,0.0236775852184405
0,0.0290257227041046
0,0.0291329824018074
0,0.0033869061223317
0,0.0274532005194652
0,0.0274155108594467
0,0.029272299210561
0,0.0246834152971064
0,0.028303223568055
0,0.0277008719238073
0,0.0274561136588695
0,0.0055343685757241
0,0.0284754418643036
0,0.0233649516739804
0,0.0510936806230109
0,0.0282385558722255
0,0.0279460555129998
0,0.0276347604015046
0,0.0040293252998007
0,0.028675860325744
0,0.029380339535177
0,0.027971293374695
0,0.0291766813497988
0,0.0106272078289369
0,0.0291326141141262
0,0.0227424383011471
0,0.0259997476361853
0,0.0278990117536712
0,0.0291552291927633
0,0.0278093230901928
0,0.0275491067289444
0,0.0276032257172219
0,0.0287288425479467
0,0.0084080552945276
0,0.0065066511156038
0,0.0274365479265906
0,0.0292348437230378
0,0.0758637031167073
0,0.0013455281463563
0,0.0287986055676007
0,0.1302219154356449
0,0.0241702805010709
0,0.0066073857958389
0,0.0281645066201459
0,0.0294562479080895
0,0.0107581625798006
0,0.0389144358284426
0,0.0274198868986601
0,0.0249418150695165
0,0.0289554277820551
0,0.0283936106515121
0,0.0109731231005452
0,0.033361196372733
0,0.0276885432002662
0,0.027869482402659
0,0.0287841944620278
0,0.0391843148904592
0,0.0276656282134957
0,0.0033252746132109
0,0.0279263544709639
0,0.4740373630007518
0,0.0274164619779594
0,0.0037274279290211
0,0.0275076435231622
0,0.0280464749650839
0,0.0255722554926254
0,0.0274629377666523
0,0.0148333830145888
0,0.0279333233398738
0,0.0281381546715564
0,0.0296105636813268
0,0.0291001878717682
0,0.0276944213842432
0,0.0504797045681395
0,0.0254486905360068
0,0.0274547890548455
0,0.0256971379974679
0,0.0283371806970844
0,0.0293248684005846
0,0.0289853723643732
0,0.0728260855984035
0,0.0284222621794597
0,0.0287561551199533
0,0.707701973644575
0,0.982616521458522
0,0.0290502466675268
0,0.0198739764718873
0,0.728766443360906
0,0.0280908101408324
0,0.0103033076621678
0,0.0051974393986504
0,0.0192520862882574
0,0.0479036807372193
0,0.01249041196205
0,0.0274774484415172
0,0.0294447674745734
0,0.6209386592485014
0,0.0286335647831473
0,0.0133170235435026
0,0.0294281801526239
0,0.0278805167234063
0,0.0293136674631772
0,0.0283421396068448
0,0.0177183802372282
0,0.0238564231455933
0,0.0950989573675326
0,0.0253115004050963
0,0.0294048801947369
0,0.0275679867223074
0,0.0287129488854245
0,0.0285806892702291
0,0.0286578931736505
0,0.0279696540080477
0,0.0292975270370655
0,0.0158746428769889
0,0.0255126425011909
0,0.0737741414736915
0,0.0294381730497835
0,0.0243664590384985
0,0.0281762724750469
0,0.0310144721073172
0,0.0027479241331292
0,0.0283537946855384
0,0.0124230695037245
0,0.0292734887704177
0,0.0281170818016731
0,0.0277618720552675
0,0.155742646100764
0,0.0282093675304031
0,0.0033641759910955
0,0.0274244104880914
0,0.0258045455543307
0,0.0288104681006043
0,0.0154020207623028
0,0.0289937622265284
0,0.0042309609526299
0,0.0038136872789879
0,0.0280286303446701
0,0.0287598990346445
0,0.0276406458853131
0,0.0302873328496874
0,0.0290835192602372
0,0.0257912919282868
0,0.0280144277325636
0,0.0274222070356147
0,0.0285040217398339
0,0.0115986751443676
0,0.0275656821356225
0,0.0081660428591114
0,0.0244339204880248
0,0.0278568970803178
0,0.0282435266087912
0,0.0145690487571837
0,0.0673330228072249
0,0.029475551797182
0,0.0388175839102405
0,0.0275953879459542
0,0.0273730623387927
0,0.0290267754376494
0,0.0294025168896091
0,0.0275529393433531
0,0.0277084608099929
0,0.0682337972940385
0,0.0280388843792335
0,0.0112066206050454
0,0.0573456423653471
0,0.0871750870254548
0,0.028262927778108
0,0.0372161216521592
0,0.0288058936351292
0,0.0114299194938836
0,0.0049108974636924
0,0.0294052351933887
0,0.0277598278291035
0,0.0282921851643836
0,0.0213251358552197
0,0.0288954351262806
0,0.0282020237194606
0,0.0292822826887489
0,0.0147670699359718
0,0.0126470887647179
0,0.0274016583503877
0,0.0280418220469226
0,0.0274396925784848
0,0.0366451768951393
0,0.0253315685361262
0,0.0274848746037144
0,0.0106083293032156
0,0.0275589168497805
0,0.0280620210966797
0,0.0419755512758142
0,0.0062392261911057
0,0.0289671257094148
0,0.0033838444991723
0,0.0293203925174932
0,0.0069814237896037
0,0.0293771913658033
0,0.0287832358271973
0,0.0276742132499484
0,0.0275047904624548
0,0.087027612176646
0,0.0112036636533824
0,0.0237433341285942
0,0.0482251058352786
0,0.0263002784284961
0,0.0283977044880179
0,0.0274538891483116
0,0.0135085673744835
0,0.0285017687777103
0,0.0136892778189372
0,0.0282756928047072
0,0.0097613684449553
0,0.0294054081157027
0,0.027417510019925
0,0.0095012129627431
0,0.0039188606433083
0,0.0294327103172522
0,0.6578758464984916
0,0.0293726719988079
0,0.1091205721874293
0,0.0166226561477242
0,0.0287039276270245
0,0.0283661106164105
0,0.0127557175141863
0,0.0276698130921487
0,0.0291745209304806
0,0.0193483932286768
0,0.0278185613944219
0,0.027422183884054
0,0.0274669385335111
0,0.0141633922292124
0,0.0274419991305851
0,0.0276490587971275
0,0.0175659433498835
0,0.0273244236607125
0,0.0284273955681674
0,0.2049127487778533
0,0.0044684274671354
0,0.0275062894230035
0,0.027848504178236
0,0.0279187708819121
0,0.0285320252590322
0,0.0294495456951724
0,0.0196136712968098
0,0.0292855828044488
0,0.0280640728903041
0,0.0180540348281342
0,0.0290901394815843
0,0.0277404181281003
0,0.063200854374403
0,0.0275508273799075
0,0.0294311623622202
0,0.0291169507559464
0,0.0108230489284315
0,0.029390103520135
0,0.0077348885480022
0,0.0109427047211437
0,0.0217117664193432
0,0.8180633191345524
0,0.0287327250413279
0,0.0272590426638216
0,0.0278291514694458
0,0.019019186722267
0,0.0274705309855761
0,0.0171710012946566
0,0.8902839136523628
0,0.0274061814853178
0,0.0280470656700506
0,0.0293780368914889
0,0.027794052837807
0,0.0043651086384153
0,0.0274731435593118
0,0.0284461858021628
0,0.0293495093432697
0,0.0047338221673874
0,0.0063167199799791
0,0.0277099210633496
0,0.0092772186785647
0,0.0226840591302882
0,0.0265810039017334
0,0.0286963343060565
0,0.0282297697987734
0,0.0289092874897773
0,0.0141664231222177
0,0.0287893160070295
0,0.0274182266841518
0,0.0275279528322925
0,0.0056286847282789
0,0.0063877562408556
0,0.0254334488738365
0,0.0294678267363051
0,0.0289569888697553
0,0.0275071371556234
0,0.0044110609864747
0,0.0279357105826398
0,0.0065522468454972
0,0.0054714963275559
0,0.0284867087724023
0,0.0087200937628472
0,0.0808210725960328
0,0.0192620046201957
0,0.0031312260807725
0,0.0281653265291473
0,0.0292766340874159
0,0.0259931502634343
0,0.0285412254293868
0,0.0293553326651489
0,0.0267638156593151
0,0.0230384915699144
0,0.0095812504404289
0,0.0108197941484712
0,0.0290457945985918
0,0.0274714139162092
0,0.0278400760607313
0,0.0111439833412331
0,0.0786939610301357
0,0.0294044013819511
0,0.00570263624205
0,0.0292061055048899
0,0.0263656053999103
0,0.0665519774835092
0,0.0253477461868811
0,0.0275333659410669
0,0.0268165917216263
0,0.0081327523866039
0,0.1029357110596753
0,0.0293886131750074
0,0.005889581292222
0,0.0292614937113245
0,0.0038580355249821
0,0.0284666683300812
0,0.0282788703630601
0,0.0265494228057398
0,0.0285465088127347
0,0.0093861203340271
0,0.0280102661613864
0,0.1047038618386237
0,0.0148149252428766
0,0.0049900466662133
0,0.0030374223297627
0,0.0276171713797217
0,0.0285896849890406
0,0.0091560481569116
0,0.0363390669962492
0,0.0293652703252264
0,0.0281479615088831
0,0.0281492487774622
0,0.1233645700540806
0,0.0194054612227193
0,0.028162061703952
0,0.6065883695352234
0,0.0289112295307211
0,0.0186165283697103
0,0.0293908669820971
0,0.0274406068496258
0,0.0279377867741733
0,0.0085730406616566
0,0.0286701738921887
0,0.0287559137987912
0,0.0162540626213307
0,0.028282041270164
0,0.0276580437338374
0,0.0294436820013601
0,0.0295067122423341
0,0.0097502942308122
0,0.0276442572354063
0,0.027908124751712
0,0.0280925042476586
0,0.0274095013600012
0,0.0290874195960301
0,0.0285711547239646
0,0.0062454268082017
0,0.0293641493776327
0,0.0290164087572204
0,0.0274855005768098
0,0.0280002491599701
0,0.0504399363645565
0,0.4656011346888022
0,0.0275107486629893
0,0.0193252845534569
0,0.1739898268136272
0,0.009423810014847
0,0.0108842219246019
0,0.0278558381654987
0,0.0100209736193
0,0.028766148935039
0,0.0061351144076504
0,0.0069633966724003
0,0.0255528820344791
0,0.0780064067362929
0,0.028883549962952
0,0.0276427812498388
0,0.0230384106263058
0,0.0295194632645726
0,0.0144431717087764
0,0.0270334414851561
0,0.0283201294039176
0,0.0286127468395826
0,0.024090940304527
0,0.0050482958855381
0,0.0286922986406393
0,0.0291229518120679
0,0.0279214618143184
0,0.0152069293340188
0,0.0281523342145022
0,0.0045714883175503
0,0.0293988869167929
0,0.0060895157020234
0,0.0275650070921857
0,0.0273920529965462
0,0.027585068904997
0,0.0281092025497939
0,0.0285266329730867
0,0.0277743404009315
0,0.0471415350379819
0,0.0055309590277256
0,0.0155611491752844
0,0.0094439871359297
0,0.0270174666205183
0,0.0192661821221842
0,0.0284375243764212
0,0.0287850953404288
0,0.0280435200117763
0,0.0074359738006479
0,0.0233345107458585
0,0.0051773002107344
0,0.0291696056180878
0,0.0080960655928877
0,0.0280089481540649
0,0.620737935176536
0,0.0059180574955591
0,0.0287291905392741
0,0.0273596823362755
0,0.0292261789920855
0,0.0054124305841805
0,0.025678476820426
0,0.6765528366796977
0,0.0281297543362178
0,0.0274467984911513
0,0.019695542500276
0,0.0053709272912089
0,0.0279423921595584
0,0.5954045310765816
0,0.0929417895385062
0,0.0029118720999594
0,0.0289403210511178
0,0.0233511521195856
0,0.0274137596852629
0,0.0278091956413161
0,0.0061160696172155
0,0.006200226142583
0,0.028214379309206
0,0.0120571990987572
0,0.0279315729153419
0,0.0382856308216494
0,0.0281805198991827
0,0.0291329693081073
0,0.02749917387216
0,0.3453597921976187
0,0.0275325347560295
0,0.0186342815389611
0,0.0071042397580967
0,0.057062558997902
0,0.0293374484919481
0,0.0109412066200361
0,0.006539190054768
0,0.0276221350273426
0,0.0269463768520223
0,0.0277460099592124
0,0.0046710148035562
0,0.0155892976269843
0,0.0038989629574682
0,0.0056891637622984
0,0.028297595928158
0,0.0272223722376283
0,0.0276529318766234
0,0.027493647669703
0,0.0280169278284327
0,0.0283332753000488
0,0.0293676088869704
0,0.0243342625855999
0,0.00561240125086
0,0.0258454552092713
0,0.004130364069837
0,0.0279668173100827
0,0.0281977942772013
0,0.0071875287165597
0,0.0254847980686997
0,0.0292292908978825
0,0.0278322077364645
0,0.0277809694823106
0,0.0181603119366434
0,0.0293862224847197
0,0.0094426267476363
0,0.0295716949381415
0,0.0247496137486475
0,0.0283451699637669
0,0.0051429386632952
0,0.0197851802544906
0,0.0281852369787425
0,0.1759021543942678
0,0.0288924203306959
0,0.0285094700505393
0,0.0277002204160192
0,0.0294013388092587
0,0.0069153248336575
0,0.0294047561414303
0,0.0273587972890303
0,0.0563766009759746
0,0.0281204259364985
0,0.0288366912304343
0,0.0257168911559137
0,0.0064613902882742
0,0.0274189673446073
0,0.003665360525629
0,0.0043912308151336
0,0.0085997572533973
0,0.0114226452152132
0,0.0274149473950879
0,0.0288599023375425
0,0.0153150767024912
0,0.0290682648078687
0,0.0277915992147479
0,0.0026622096519388
0,0.0050180079660297
0,0.0205770952452186
0,0.0187719088176149
0,0.0274880268113909
0,0.0293105309418752
0,0.0277860362186517
0,0.0289475360485248
0,0.0069834903145815
0,0.0284986435615244
0,0.0276148773966788
0,0.0289635403870579
0,0.0409456389519563
0,0.025531513778442
0,0.0099608568693538
0,0.0075374699140562
0,0.0274728717968569
0,0.0719387616043779
0,0.0277455068108924
0,0.029351052220695
0,0.0291203419815515
0,0.0048030650682993
0,0.0031140076616752
0,0.0145295797788785
0,0.0294451960112705
0,0.023933992383841
0,0.0060730900523769
0,0.0277138822378467
0,0.0286533536747204
0,0.0050345607310004
0,0.0276034104143879
0,0.0274397634994011
0,0.0233060618056092
0,0.0109980128220225
0,0.0274666017902202
0,0.0291285489265877
0,0.0282078426384226
0,0.0275192536055495
0,0.0293803084791673
0,0.0177617159576458
0,0.0278751566571136
0,0.0103158749019161
0,0.0285364082137689
0,0.0044721164960684
0,0.0358527169364422
0,0.0292675174266783
0,0.0274882085076487
0,0.0028712746480019
0,0.0279507424178623
0,0.4722984287984095
0,0.0235390863025897
0,0.0042402774869442
0,0.0037407345675603
0,0.0292648382491414
0,0.0239447919432639
0,0.0278558166275287
0,0.0244659025101432
0,0.0282563540621019
0,0.0185189477727259
0,0.0250432921905131
0,0.0216993588065874
0,0.0252675489890173
0,0.0276277069120152
0,0.1319274141849272
0,0.0253540847450715
0,0.0274109692289286
0,0.0088148426993705
0,0.0295394000360294
0,0.027520952409441
0,0.4275026321060294
0,0.0274109467046586
0,0.0295444515126951
0,0.0083116104025567
0,0.0568591675951981
0,0.028812484689561
0,0.0287047037009236
0,0.0066340490156987
0,0.0290069473764896
0,0.0033847736458458
0,0.0290691069029016
0,0.0293967484612892
0,0.0377724275120717
0,0.0274309173919524
0,0.028632487378833
0,0.0177204161630423
0,0.0286065181878748
0,0.0119935981906847
0,0.0221841270597275
0,0.0274130550930171
0,0.0076947932803723
0,0.0294169570388442
0,0.0275869138765214
0,0.0293907897691873
0,0.0043044913518531
0,0.0274315298746349
0,0.0274974941212939
0,0.004450473283542
0,0.0279419200454179
0,0.008814980947792
0,0.02829384603377
0,0.0115134899835044
0,0.5786229108369787
0,0.0271509997912672
0,0.0016027523348622
0,0.0294651906568598
0,0.0295735477516136
0,0.0066409127740234
0,0.0277500731090788
0,0.006274596132107
0,0.0053287079144532
0,0.0151320221852185
0,0.0292394433411569
0,0.0275511593457868
0,0.0279494615276592
0,0.0119682661448219
0,0.0246644055066514
0,0.0032520159036169
0,0.0160082615072332
0,0.0267942593529323
0,0.0029267566799526
0,0.0083116104025567
0,0.0281010983727788
0,0.0291244840858779
0,0.0274072205063891
0,0.0242922791674912
0,0.0274965725851008
0,0.0279055034520484
0,0.029044635199334
0,0.0042084256785647
0,0.0072455474733462
0,0.0282531963777479
0,0.007162385911638
0,0.0196380697016994
0,0.0163273404651142
0,0.3369611604985851
0,0.0059492199741143
0,0.0115497845832684
0,0.0057558183998281
0,0.0591269837838376
0,0.0035407361031054
0,0.0284847623245362
0,0.1114150270964395
0,0.0088627362061252
0,0.0293842154079694
0,0.007323440445985
0,0.008500293215817
0,0.0054579096152969
0,0.0275541096269374
0,0.0502203860085182
0,0.0279679480275947
0,0.0625776229137213
0,0.0293954643846134
0,0.0117639121518502
0,0.0091966354723406
0,0.0292492747070727
0,0.0093083743048889
0,0.005735788129155
0,0.0280598327871712
0,0.0274909999411904
0,0.0477648815506699
0,0.0532858343245983
0,0.0030806489836815
0,0.0196708085628777
0,0.0064514148401649
0,0.0288854918316363
0,0.0293518766691075
0,0.028218832879455
0,0.0208248597550191
0,0.0252675489890173
0,0.0290596074545819
0,0.0036723095151057
0,0.0286789240348654
0,0.0285487728260434
0,0.0294366237300834
0,0.0285242949493738
0,0.0753249092336937
0,0.0286453262253808
0,0.0281762724750469
0,0.005960973624532
0,0.0284747051344529
0,0.027958350621557
0,0.0041860721387911
0,0.0281082298108639
0,0.0276126910850235
0,0.0069072036497004
0,0.0244280471717997
0,0.0139895449084884
0,0.0073738527582937
0,0.0286970403112673
0,0.0270714479834836
0,0.009237121580262
0,0.0274090500903185
0,0.0282086703998932
0,0.0282663423678256
0,0.0048214713344975
0,0.0277442772755694
0,0.0202167859198143
0,0.0281059734983974
0,0.0277112554670057
0,0.0056218349545824
0,0.0277630734912573
0,0.0293737701146097
0,0.0277986873954231
0,0.0282729753853706
0,0.0276818315741158
0,0.0294434392303565
0,0.0101618754801105
0,0.0281848120469908
0,0.0280170319526993
0,0.0274276464476701
0,0.0287177433999231
0,0.0274133767187841
0,0.004324644158506
0,0.0274319235038312
0,0.0294003185514689
0,0.0286978208800224
0,0.0293793951077026
0,0.8295313675843735
0,0.0291713885646687
0,0.0274826074568682
0,0.0289359043142971
0,0.0048034675539011
0,0.0066600392407742
0,0.0189440770836504
0,0.2271301591298076
0,0.0150563300885007
0,0.0276859960735407
0,0.0110993833250097
0,0.041442426762728
0,0.0289774893835782
0,0.0243143705720564
0,0.0284850807357395
0,0.028588758508688
0,0.0278458757918359
0,0.0290387567734608
0,0.0290565666369518
0,0.0287115706786702
0,0.0384035934498507
0,0.9553822243649356
0,0.0275955120263148
0,0.0168124910547008
0,0.0274127894105554
0,0.0197914864650974
0,0.0060784917241422
0,0.0289285929604711
0,0.02759268401258
0,0.0274177591504404
0,0.0291934302437413
0,0.0256257244391855
0,0.0036174302199339
0,0.0290179109260402
0,0.0279608220110746
0,0.0137486959000924
0,0.0192705406193123
0,0.0276202751780073
0,0.0273070290106549
0,0.0255604547755764
0,0.0277382233493853
0,0.0275645753148941
0,0.0119531168248822
0,0.0452156317849063
0,0.0081006321326117
0,0.0274288152761315
0,0.0289296668742721
0,0.0289007255402234
0,0.0280611970283125
0,0.3487171646701135
0,0.0259778712816296
0,0.0054020278788638
0,0.0283352858282376
0,0.0173740858129659
0,0.0289270083483801
0,0.0291711910675788
0,0.0642154304556863
0,0.0287409511956018
0,0.0274238950518103
0,0.0292054358425449
0,0.0271325436160155
0,0.0281970716134064
0,0.1522400451957592
0,0.0189475228766659
0,0.0100564872286233
0,0.0030720510681902
0,0.0283598554535786
0,0.0277475586612631
0,0.0274342134334498
0,0.0279025534503466
0,0.0072893175799107
0,0.027601043329261
0,0.0064414793006905
0,0.0030720510681902
0,0.0274170741448619
0,0.0233002220697477
0,0.0287742367000735
0,0.0038215108886395
0,0.0277237105228662
0,0.0257252901280629
0,0.0242243698802105
0,0.0288227668631125
0,0.0087467106559508
0,0.029321888406278
0,0.0285894365138445
0,0.0201370631567224
0,0.028080067972293
0,0.0047508781684246
0,0.0563009004626176
0,0.0278532173596734
0,0.0294153990000723
0,0.0078879655106336
0,0.0291215937872141
0,0.0166239819765839
0,0.0203261580137856
0,0.029266985588056
0,0.0278307927787081
0,0.0035344267834562
0,0.0275813651437186
0,0.0071306774360699
0,0.0293447881876872
0,0.0858975129045355
0,0.0373707675419897
0,0.0274127186665226
0,0.026176062643898
0,0.0293594601466532
0,0.0161810280414863
0,0.0286210393591382
0,0.0294038483313539
0,0.0089077166454572
0,0.007331329550198
0,0.024559636904777
0,0.028080030231427
0,0.0034307075504027
0,0.0055746568334316
0,0.0278530618589718
0,0.0274157812660654
0,0.0274292632932752
0,0.0293786569900283
0,0.0112742798020702
0,0.0289779611842863
0,0.0280721018754512
0,0.0286761324507894
0,0.0236772395209746
0,0.0286519880485458
0,0.0096907322847659
0,0.0274222789532605
0,0.0292803208125301
0,0.0063153066987889
0,0.0149695743338111
0,0.0052753368287114
0,0.0274873782124457
0,0.0123182539889206
0,0.028633616328632
0,0.0107155463245848
0,0.0276149912146961
0,0.0277417918512426
0,0.027601043329261
0,0.0174224017426293
0,0.012861448815637
0,0.028688692500314
0,0.0044342362739686
0,0.0273660231650331
0,0.0280028808129999
0,0.0138823214090798
0,0.0289921853724869
0,0.0052753474875356
0,0.0279803774689467
0,0.0107774582414176
0,0.0543404973174412
0,0.0031067044142915
0,0.0206633621701661
0,0.0098263915938422
0,0.2811419064549312
0,0.0274350018420283
0,0.543290305021103
0,0.028504957806374
0,0.0127229709950323
0,0.0932109269567288
0,0.028158177603296
0,0.0903536415545097
0,0.0121239509510576
0,0.05042041555298
0,0.0294362697220353
0,0.027787330451837
0,0.0254022770486481
0,0.0295278884422364
0,0.0274935585018808
0,0.0274957614345167
0,0.0276035940738116
0,0.0281104187815939
0,0.0050749201611502
0,0.0274157415860211
0,0.0289894395604626
0,0.0292934920399764
0,0.0062298635880151
0,0.0293260681158024
0,0.0175680910326775
0,0.0283888540380427
0,0.0294024847372885
0,0.0294233565370996
0,0.027460484099944
0,0.0275029475785098
0,0.0292239367059914
0,0.0170852606159327
0,0.0165516719038202
0,0.0281802646560294
0,0.0275630878493347
0,0.0282969161957368
0,0.0158666284129307
0,0.0281829161015649
0,0.0233682002425295
0,0.0267504925364015
0,0.0030311130109177
0,0.0045714883175503
0,0.0288958383640119
0,0.0379262617775239
0,0.0280578069639702
0,0.0052951353439708
0,0.0274920301845873
0,0.0047202013405032
0,0.0266794381717829
0,0.0274158822212823
0,0.029243927591121
0,0.0287234023093815
0,0.0045601858252201
0,0.0291875078384933
0,0.0163612823394106
0,0.0052645149496338
0,0.0044825759875454
0,0.027449271769637
0,0.011780549194184
0,0.0036888133829612
0,0.0274468385214401
0,0.0225747419426493
0,0.0283482699126584
0,0.0293830205261973
0,0.0233411337318043
0,0.4709884936805373
0,0.0338503498517185
0,0.0263938436494149
0,0.0084309453555739
0,0.0291820070358931
0,0.015018147130133
0,0.0039706595859965
0,0.0274050587212628
0,0.0275503533144329
0,0.00310083914151
0,0.0210114421610048
0,0.0186985674569256
0,0.0091029629979087
0,0.0283527418022801
0,0.0276339171215343
0,0.0468632364244917
0,0.0346240965092828
0,0.0279573785624764
0,0.0200334344451082
0,0.0082374731766157
0,0.0283129167118431
0,0.032893784373656
0,0.0285829256161198
0,0.0276275000982511
0,0.0049607927105375
0,0.0285503545563321
0,0.0200663720011776
0,0.0276126910850235
0,0.027868977006742
0,0.097623319231214
0,0.0140018492252039
0,0.0185281889508267
0,0.0187050405182022
0,0.028632487378833
0,0.0290340643866907
0,0.0245109980045749
0,0.0113976417109142
0,0.0277836386712904
0,0.0274187854508908
0,0.2287628788366814
0,0.1908009719282012
0,0.0041335172946335
0,0.0098794316712573
0,0.0062189291231303
0,0.0275989854407416
0,0.0288272379450858
0,0.0278476965709843
0,0.0275480208640496
0,0.0284903440194347
0,0.0072013663248795
0,0.0274087936452542
0,0.0274194385402903
0,0.0173545881298232
0,0.0291241627633902
0,0.0051235518584182
0,0.0274496169305891
0,0.0226725916889075
0,0.0276844153763512
0,0.0288063492340085
0,0.0546942255479636
0,0.0075788972656211
0,0.0118822730728088
0,0.0076319557753575
0,0.0145424294643279
0,0.0285294269040208
0,0.0106449504589958
0,0.028686415658606
0,0.0294299577576214
0,0.0142269846134145
0,0.0286082766304045
0,0.0028329623877505
0,0.0195714574172207
0,0.0292085247472928
0,0.0211048166332638
0,0.0290544139880666
0,0.0045971013198994
0,0.0289542800775056
0,0.0285864977477971
0,0.0059157461725332
0,0.0295265092201076
0,0.0287177008627582
0,0.0250876068592652
0,0.019436920019164
0,0.0276490179612537
0,0.0288118180410286
0,0.0278274790340322
0,0.0289466444240272
0,0.0274671884817206
0,0.0282798043911416
0,0.0294793239014572
0,0.0284366559578219
0,0.0146335614351126
0,0.0140293301328002
0,0.0234585639767499
0,0.0281618203377473
0,0.0274111840233891
0,0.0264499485300642
0,0.060145416396312
0,0.0274619738483397
0,0.0294853937014356
0,0.0289707528090878
0,0.0274411666560448
0,0.0683722206439653
0,0.0293349984001656
0,0.0287392210097135
0,0.0279260001509907
0,0.0284015060021234
0,0.0064355266164965
0,0.0288765186368386
0,0.0262138768334848
0,0.0290245871947746
0,0.0274469329744266
0,0.0113902497332525
0,0.028799221458579
0,0.0250587585343773
0,0.0284349573986147
0,0.0171332105194907
0,0.0035192039088661
0,0.0051145254317424
0,0.0286946071089508
0,0.0066640213583338
0,0.0283883531548876
0,0.0292877845081706
0,0.0171085022723638
0,0.0276337224556778
0,0.0274137516713099
0,0.0278695248569409
0,0.0084769551067537
0,0.0243530250578669
0,0.0262676947983031
0,0.0287409941485399
0,0.0182537424103913
0,0.0280407710913289
0,0.0276369451621028
0,0.0234166437773398
0,0.1126193077619088
0,0.0276112538186354
0,0.0275630909455414
0,0.058936240122264
0,0.028853852778801
0,0.0264318336121481
0,0.0153541313686937
0,0.0288750180907633
0,0.02025936401803
0,0.0288177797352597
0,0.0286061767744081
0,0.0187674803910334
0,0.1302428096068123
0,0.0844868062839495
0,0.0032613475284787
0,0.0162179966921541
0,0.0205922182311925
0,0.0044766219841053
0,0.0049004447132061
0,0.0249318750735649
0,0.0274569017198036
0,0.0288457598451466
0,0.0096907322847659
0,0.0058868710995144
0,0.0283215796517014
0,0.0032835852780719
0,0.0475224427909023
0,0.0290915089164218
0,0.1159744739203449
0,0.0277975693842635
0,0.0268860941566906
0,0.0242077651034559
0,0.0284715220635759
0,0.028109401547662
0,0.0275961675491475
0,0.0292863036738718
0,0.0293262245427519
0,0.0288297716152979
0,0.0294022391513334
0,0.0284101715140031
0,0.1000186548453551
0,0.0702302865457489
0,0.0110592314467227
0,0.0283049248192195
0,0.057373431128735
0,0.028139887284756
0,0.0277864314356395
0,0.0275084552804774
0,0.0090831397925207
0,0.0209506022162388
0,0.0282942915434731
0,0.028850635248921
0,0.0258443940025912
0,0.0222841440492961
0,0.0274258460647161
0,0.0281771394010282
0,0.0274202247982366
0,0.0282576339669354
0,0.0281187426086627
0,0.0293533498244064
0,0.0255284961306365
0,0.0283757831581994
0,0.0294640472411117
0,0.6131967602749095
0,0.0283887826672937
0,0.0123843348292233
0,0.0118931628621456
0,0.0277259155005403
0,0.0274299511883438
0,0.0274422889091118
0,0.027411171791401
0,0.0294063336554332
0,0.0348735318898391
0,0.0274244734549464
0,0.0274931427510532
0,0.0275247724678627
0,0.0091936401338906
0,0.0289214321689622
0,0.0278040550694634
0,0.0287631712320732
0,0.0257929703281118
0,0.0187992179965459
0,0.0282822391108169
0,0.0189801430831744
0,0.0235321803569691
0,0.0123331243945925
0,0.0283409149619721
0,0.0276406051814496
0,0.0293944000811962
0,0.0073050813185634
0,0.0211262083050233
0,0.0288389825620383
0,0.0274196247649131
0,0.0305925566223916
0,0.0285167148373833
0,0.0721869104333909
0,0.0279978288915812
0,0.0287757468316077
0,0.0283189560149763
0,0.0279359602717703
0,0.028825047898503
0,0.0275031086465772
0,0.0213343861167518
0,0.0070165813483162
0,0.0210473230287841
0,0.0281435469371858
0,0.0274272017435874
0,0.0291744182870201
0,0.0217868180929216
0,0.0042496278060646
0,0.0275649334233413
0,0.0277001092771218
0,0.0135930805629732
0,0.0027314339637479
0,0.0032266378065627
0,0.0289530585152775
0,0.0275321840752012
0,0.0242466325005971
0,0.0277551484426479
0,0.0294113185689187
0,0.0135295812953272
0,0.0281596084606224
0,0.0291252150473143
0,0.018910707818293
0,0.0080436493272536
0,0.0295139320994084
0,0.0300083752727661
0,0.0036954105120087
0,0.0291271471305375
0,0.0073824374872241
0,0.0282500269710795
0,0.0054858443405402
0,0.0043545755724664
0,0.0375688970862047
0,0.0050540184776829
0,0.0463413569589522
0,0.0281931073471373
0,0.0053680337214441
0,0.0274061488952884
0,0.0355401801448978
0,0.0277409654235713
0,0.0049233919742472
0,0.0245509549697163
0,0.0274908078124884
0,0.1985314090459726
0,0.0274264349656168
0,0.0294483703692687
0,0.0031289852220687
0,0.02414773502081
0,0.0277504442682363
0,0.0267846588301892
0,0.004141443393057
0,0.0294391489411695
0,0.0275006352171283
0,0.0278083535345432
0,0.0282048427439062
0,0.0294199115948702
0,0.0285341639706472
0,0.0270656153792444
0,0.0282969161957368
0,0.0294634432151264
0,0.0281089564046653
0,0.0274021681263497
0,0.0182690528322849
0,0.0274969953785387
0,0.0274598682492207
0,0.0124401570234795
0,0.0147816034289655
0,0.0258486615409517
0,0.0292234846440546
0,0.0280781835263843
0,0.0161642398883753
0,0.0221008514899767
0,0.1034942377621201
0,0.024255974126535
0,0.0259285926327157
0,0.0159654795044794
0,0.0275134609619641
0,0.0032329892314353
0,0.0282515357451039
0,0.028848129079876
0,0.0291163760285501
0,0.0027493942592186
0,0.0282974305328904
0,0.0238981459828486
0,0.0154230241098318
0,0.0280823889296508
0,0.0276491976189373
0,0.0289665162681328
0,0.0153731685814912
0,0.0276461436611327
0,0.028313049870416
0,0.0294009103680598
0,0.4779415588978898
0,0.0277164018375354
0,0.0286667882538071
0,0.0275625610003335
0,0.007089203510403
0,0.0293002471461564
0,0.0275116822129809
0,0.0276704377821173
0,0.0181230781744056
0,0.0284740545339119
0,0.0276169159838237
0,0.0239944622191625
0,0.0111986657468602
0,0.0286031918366425
0,0.0290885079602733
0,0.0170298463375704
0,0.0288043009633734
0,0.0033788490275
0,0.0294615736844825
0,0.0128177089277188
0,0.0040842262087617
0,0.0275771348913699
0,0.0278356226314307
0,0.0282057590291924
0,0.0278092328112121
0,0.0036643892294213
0,0.0278045180523044
0,0.0283337480443866
0,0.0274087890042298
0,0.0286580931631148
0,0.0264840945139772
0,0.0291570178764021
0,0.059776467389716
0,0.0295282866007941
0,0.0274391999992644
0,0.0286795329828233
0,0.0195487629249405
0,0.0286523208254105
0,0.0292273337478115
0,0.027459589723649
0,0.0030815811051848
0,0.0274937873992695
0,0.027776776244228
0,0.0294095203845833
0,0.02762152380113
0,0.0064862861090191
0,0.0015672387193962
0,0.0284994440969694
0,0.0290843510128026
0,0.0093889402789497
0,0.0052120668906547
0,0.0294046982263031
0,0.0274128091208047
0,0.0276907466205391
0,0.0057790159317978
0,0.0292799981078913
0,0.0278402749230365
0,0.0168564650465051
0,0.0275649423372658
0,0.0287367154586653
0,0.0293304865235483
0,0.0274111271850728
0,0.0134991319696221
0,0.6656605505200913
0,0.0250198357189283
0,0.0089005910942551
0,0.0062189050930201
0,0.0281637220524057
0,0.0287710657096
0,0.0047790163344066
0,0.0284743110480419
0,0.0284500762488949
0,0.0291575290574754
0,0.0292426391313822
0,0.0178250050092078
0,0.301235745291053
0,0.0040244127441436
0,0.0174130481259686
0,0.0119488685395743
0,0.0281518129476364
0,0.0202542168692068
0,0.004128578002583
0,0.0281541519400291
0,0.0276302059569644
0,0.0274068754604312
0,0.0280599933457274
0,0.0284030460016194
0,0.0282765185833155
0,0.0233617206746698
0,0.0274953029445502
0,0.0277762704478955
0,0.0275845163674041
0,0.0191122916482951
0,0.0280080366511811
0,0.0274645590276861
0,0.0261076980086041
0,0.0293708289156175
0,0.5998700438497604
0,0.0284874321098815
0,0.0282144103153156
0,0.0246374718608152
0,0.0182984356284575
0,0.0290013130229227
0,0.0139756008651059
0,0.0290255809739483
0,0.0292143410384062
0,0.0290069473764896
0,0.0293091867242254
0,0.0717739593154952
0,0.0289621033689666
0,0.0278781625251231
0,0.0278421036431876
0,0.0057580632589281
0,0.0277107745542511
0,0.0254453207688533
0,0.0279551177238479
0,0.0292631559642603
0,0.1168595382794855
0,0.0287449025042033
0,0.0243286358817422
0,0.0284696347897364
0,0.0281856579037097
0,0.0186998077862067
0,0.0280368079154314
0,0.0039706595859965
0,0.0274166058055628
0,0.028475763428994
0,0.0283988626239706
0,0.027981893821574
0,0.0029886477272685
0,0.0191297649698476
0,0.027554257554031
0,0.0182283443698751
0,0.029134543736652
0,0.026249224676103
0,0.0040723697039313
0,0.0286015693295876
0,0.6797055841228166
0,0.0067492160709014
0,0.0292470473043782
0,0.0293842712086372
0,0.0276204090321317
0,0.0034947336234855
0,0.0267803941077464
0,0.0294457439376087
0,0.0461408507008272
0,0.0375210636368742
0,0.683992292807809
0,0.0281381546715564
0,0.0136392268600516
0,0.0290538684299656
0,0.0276677066382646
0,0.0028553561870056
0,0.0286951159659281
0,0.0230413321547635
0,0.0275200728676769
0,0.0085122180411986
0,0.0274283123958192
0,0.007020674930941
0,0.0822330300353594
0,0.027866870356874
0,0.0965641955550336
0,0.0280064845592033
0,0.0291488718963889
0,0.0274598682492207
0,0.029405002580263
0,0.0294081725130283
0,0.0201856959987703
0,0.0290666898668419
0,0.0290607156744379
0,0.0276503914946627
0,0.0294173343008506
0,0.0043943179140532
0,0.0285937469986861
0,0.0278339124401641
0,0.0642836109706349
0,0.6008302365524196
0,0.0270795586276956
0,0.0058045960149815
0,0.0241141813016248
0,0.0282880028470016
0,0.028348346016213
0,0.0286270250161856
0,0.0278109897810115
0,0.0291917381911871
0,0.0283317841871522
0,0.0093378337895836
0,0.002777811553284
0,0.0293485250564585
0,0.0031728880540247
0,0.0278611664024726
0,0.0277949262131918
0,0.0274280527450567
0,0.0153877116716664
0,0.0266933771446952
0,0.0293827516251676
0,0.0277088847664425
0,0.0054497604634087
0,0.0283615855267696
0,0.0274632807317698
0,0.026990762828335
0,0.0141792698396873
0,0.0144910009532964
0,0.0194397894586656
0,0.027648301989206
0,0.0276818315741158
0,0.021957116838563
0,0.0248291622295671
0,0.0281260740407407
0,0.1048169012386128
0,0.0120323767300396
0,0.0288662213432506
0,0.023659114927855
0,0.008489198149835
0,0.0262530866918639
0,0.0277061021916785
0,0.0069240497885127
0,0.0278972635474005
0,0.028591071422977
0,0.0293557808150489
0,0.0291698943430858
0,0.1209783586710084
0,0.0288969427096026
0,0.0114252653508671
0,0.0281904534282009
0,0.0293706089877085
0,0.0127856927161305
0,0.0094585515829397
0,0.0275141144216196
0,0.0295276671102177
0,0.028971741793937
0,0.027603680255401
0,0.003460191614842
0,0.0285286246502136
0,0.0053140803963154
0,0.0278580575334128
0,0.0281684108416843
0,0.0063356911975124
0,0.027796020437703
0,0.0039829330745879
0,0.028637568616999
0,0.027537571291303
0,0.0281941927997339
0,0.0293910613674591
0,0.0043483833364995
0,0.1555524707549803
0,0.0133531970204196
0,0.0274148717027848
0,0.0276368077752422
0,0.0204408530048879
0,0.0277014719654357
0,0.0284203707339659
0,0.0289521695237466
0,0.0274340082443324
0,0.0050034124941507
0,0.2719978117862188
0,0.0291371525936949
0,0.0293976216208138
0,0.0258803341396621
0,0.0229103013115937
0,0.0042266605055038
0,0.0286083885077972
0,0.029499909299733
0,0.0263165793029547
0,0.0286881648243993
0,0.0280966082745806
0,0.0243308709972732
0,0.0233780022717447
0,0.0267126547944935
0,0.0102227570853968
0,0.0041269762072196
0,0.0031899502267345
0,0.0277047379947005
0,0.0294041526237875
0,0.0280059143073802
0,0.0148557970937613
0,0.0289707528090878
0,0.0294478037375171
0,0.0284326313725704
0,0.0283850913734235
0,0.0114965457160589
0,0.0053976940408537
0,0.0275526152615318
0,0.0843013247300385
0,0.0277886421941982
0,0.0274271329745183
0,0.0514113911429691
0,0.4735353742890223
0,0.0242349309446545
0,0.0315964810676182
0,0.0289851364840527
0,0.0168781123759408
0,0.0277491931226174
0,0.0152738799033286
0,0.0283003014660427
0,0.6733710782910437
0,0.0274283190644893
0,0.0275481296394727
0,0.0148700807886219
0,0.0087870025598497
0,0.0281937113710959
0,0.0057945076216075
0,0.0204521987848954
0,0.0312204469022451
0,0.0193388234570065
0,0.1914679001583521
0,0.0281988675748977
0,0.0048913506704558
0,0.0274631731411627
0,0.0349294778561708
0,0.0145579192217596
0,0.0294201826177976
0,0.0276667816903426
0,0.0064193047023393
0,0.0448063200235877
0,0.0294000847877309
0,0.0170241722037464
0,0.0280737533364014
0,0.0282574515529942
0,0.0275918947741619
0,0.0281273081122488
0,0.0287790733816395
0,0.0264729354654676
0,0.0291552659264787
0,0.0292116099806133
0,0.0316401216518358
0,0.0276224699496147
0,0.0204217569506923
0,0.0277091563229795
0,0.0274494828580619
0,0.0282064628934378
0,0.0283179805461234
0,0.0292376836615691
0,0.028070701948071
0,0.0132776728800529
0,0.0287265831386708
0,0.004492688768226
0,0.0276802537932205
0,0.0276060309693434
0,0.0523531977151594
0,0.0125352230345801
0,0.0274914521702579
0,0.021046182807383
0,0.0233920315500468
0,0.0025903192403476
0,0.0278262760776244
0,0.0287790733816395
0,0.0044758713161661
0,0.027522232471423
0,0.0281453810030513
0,0.0275868230925699
0,0.0031212243370544
0,0.028084790511392
0,0.029354912936355
0,0.0264670570065359
0,0.027045907542742
0,0.0250943716851008
0,0.0052122609915458
0,0.0289529153489915
0,0.0293452044855355
0,0.0281070793606846
0,0.0283071229312949
0,0.0273784028074348
0,0.0063002628568479
0,0.0666922830628443
0,0.0040258696853516
0,0.0281938318398782
0,0.02510742342192
0,0.0278364448097741
0,0.0064800601567015
0,0.0018081105198469
0,0.0796704826931821
0,0.0295635852172407
0,0.028197960464568
0,0.0154387352691272
0,0.0274242585658544
0,0.0252584198608334
0,0.0292701802061363
0,0.0030986032466819
0,0.0041703824909139
0,0.0274792126327718
0,0.0274818473948734
0,0.0233526287876648
0,0.0256234969565004
0,0.0115090280025637
0,0.0284896973388019
0,0.1009455154903708
0,0.0276262756839451
0,0.0275474983007511
0,0.005061865458006
0,0.0288141583937959
0,0.0289294951516288
0,0.0279423838395759
0,0.01064801967772
0,0.0254796313779041
0,0.0040100602906318
0,0.028195098173828
0,0.0221049289840156
0,0.0279206766116557
0,0.0228767996130406
0,0.0295942940864384
0,0.0288573617226221
0,0.0047636282362819
0,0.0109081457609774
0,0.0341382896242187
0,0.0293748726060556
0,0.617471488918284
0,0.0294395241133845
0,0.0233920030545078
0,0.0029540741350967
0,0.0094491399692528
0,0.0278273150074114
0,0.0290939993935196
0,0.0238140184930056
0,0.0274774724909932
0,0.0508376615953252
0,0.0291174659572058
0,0.0275712890275409
0,0.0288914867397143
0,0.0037287796559556
0,0.0274593924253378
0,0.0274773332088758
0,0.0274296954786435
0,0.0271420055082982
0,0.0179398151025882
0,0.0262116244396779
0,0.0586690759482745
0,0.0293303335240052
0,0.0285027168599256
0,0.028094088380438
0,0.026598817376874
0,0.0274286726300239
0,0.0272437734084286
0,0.0343123557283778
0,0.0277096513502382
0,0.0285383248599031
0,0.0118983223870205
0,0.0278782015709308
0,0.0283683985627391
0,0.0134412187239159
0,0.0288732759947485
0,0.0281557855640608
0,0.0188787352935261
0,0.0291987103239395
0,0.0159318423768603
0,0.0424480565914582
0,0.0190669859493559
0,0.0278769547896044
0,0.0288317407062547
0,0.0635358976594421
0,0.0293023824711861
0,0.0282189537262204
0,0.0107004379231896
0,0.0278902089682008
0,0.0057760752258932
0,0.0281309540187506
0,0.0199489196145004
0,0.0226797923081872
0,0.0276992838700251
0,0.0074218264670792
0,0.0216791058515308
0,0.0282955260481026
0,0.0258900637579017
0,0.0154356643688062
0,0.0280570816507488
0,0.0274800462945087
0,0.0098422607351957
0,0.0011974294598596
0,0.0274793640568869
0,0.0044649043182891
0,0.0291200201761777
0,0.0063033906488644
0,0.027844099050999
0,0.0049212881672072
0,0.0274231772643232
0,0.0275977849408919
0,0.0281358353222463
0,0.0193531859301797
0,0.0263111642217579
0,0.0274900165876892
0,0.0279359602717703
0,0.020758162192331
0,0.0278243530199542
0,0.0286216322831636
0,0.0280718150811417
0,0.0284612833543217
0,0.0282446683708716
0,0.0281770822388557
0,0.012475288894714
0,0.1114350664283751
0,0.0145422545541197
0,0.4200047693054602
0,0.0293496615836037
0,0.0285741720764617
0,0.0292193456713191
0,0.0205338129051954
0,0.0243352616175894
0,0.0285694543404815
0,0.0277498001469635
0,0.0117439098970045
0,0.0071286334293314
0,0.0277956353718398
0,0.0125846098669344
0,0.0294566052760456
0,0.0285307555983908
0,0.0287538388281482
0,0.0280483904835005
0,0.0292041380098415
0,0.028600872436617
0,0.0252992668181187
0,0.0205669441201105
0,0.0274574142389024
0,0.0286434594736732
0,0.0288316138241838
0,0.0280529020492937
0,0.0289322086366842
0,0.0058384188620846
0,0.029237002200586
0,0.0282069913622209
0,0.0276571057392972
0,0.0274220765295492
0,0.0116775570268188
0,0.1134485940262983
0,0.0286136283366762
0,0.0278471021634822
0,0.0293708826989034
0,0.0277141433815999
0,0.0293308697216057
0,0.0091097321468587
0,0.0285976615491156
0,0.0084240807695733
0,0.0294023812752137
0,0.0288586491949602
0,0.0292617121791051
0,0.0284721312116427
0,0.0127221107212708
0,0.0150563300885007
0,0.0174959494667264
0,0.0253727109661695
0,0.0050531848856227
0,0.0239582946342188
0,0.0237173873799681
0,0.0281975859680851
0,0.0076935254814465
0,0.0242985356153624
0,0.0278824266132259
0,0.0161398129618058
0,0.0274787999674238
0,0.0267883417282687
0,0.0122010712210914
0,0.0294044657879019
0,0.0274408200241665
0,0.0274617701528188
0,0.0112701890157711
0,0.0288287138342672
0,0.0294048901293641
0,0.0283470990477449
0,0.0092851502262904
0,0.0961758776274685
0,0.0076116673464835
0,0.0112955657848386
0,0.0289886954857041
0,0.0292058137035819
0,0.0278480598448818
0,0.0276126910850235
0,0.0290737813712145
0,0.0281929707486951
0,0.016813634245568
0,0.0291120420882051
0,0.023561761661638
0,0.0288239887185582
0,0.0254415114749425
0,0.0042713371057279
0,0.0176439700201622
0,0.0253576069267959
0,0.0189628169484126
0,0.0275377780555342
0,0.0274116985748463
0,0.0102697023895456
0,0.0279379212419087
0,0.0275495860616907
0,0.027898911179459
0,0.0620219860755063
0,0.0273960753183418
0,0.0277337290519718
0,0.023291149894095
0,0.0274125984722276
0,0.0095360265550372
0,0.0049607339176159
0,0.0274264512294103
0,0.0255332891301969
0,0.0276251426047652
0,0.0283644854004515
0,0.0259602187790623
0,0.0278132501300539
0,0.0282219394350283
0,0.0049695945926655
0,0.0292076081804379
0,0.0040939970603949
0,0.0089909599472655
0,0.0283022890007088
0,0.0288738392662095
0,0.0233581106115299
0,0.0277290064359162
0,0.0289824029391832
0,0.025580877957845
0,0.0047493306958868
0,0.004444180668292
0,0.0280914449200616
0,0.0281388169872534
0,0.0203654905356818
0,0.0275409991109226
0,0.0233286265951122
0,0.0284265280305702
0,0.0027385397129984
0,0.0049996895998475
0,0.0234412940810571
0,0.0274982449913935
0,0.0165760458012514
0,0.0039589469368032
0,0.0289800560694108
0,0.0292186373101221
0,0.0247554610692631
0,0.02763571733283
0,0.01486488096614
0,0.0096880133464079
0,0.0293474909779549
0,0.0294465969465482
0,0.0853960010652646
0,0.0037239080718471
0,0.0275762342391439
0,0.029018495873512
0,0.0275265870891239
0,0.0275307710660241
0,0.0274227694800991
0,0.0282255360498702
0,0.0132599756964211
0,0.0264106625947619
0,0.0392186202067854
0,0.0055968129270808
0,0.0267105047889152
0,0.0276069088774428
0,0.0277895448623681
0,0.0287224802347384
0,0.0278607088196831
0,0.0027437837122287
0,0.0280074814521628
0,0.0278106727750601
0,0.0283291667376522
0,0.0290720712126863
0,0.0062229257706696
0,0.029255730147258
0,0.0249712723087971
0,0.0292789251963814
0,0.0281357554449458
0,0.0289201243772641
0,0.0280798954563279
0,0.0293744555911374
0,0.0115183461260133
0,0.0214377189067622
0,0.0062252032048433
0,0.0281435279108347
0,0.6031101604081601
0,0.0283005559749058
0,0.005091513219981
0,0.0275319798025744
0,0.0108271075473984
0,0.0335529824878397
0,0.0060178427185936
0,0.0288538953976895
0,0.0284328699492628
0,0.9885129195830706
0,0.0529906704020569
0,0.0258825935349815
0,0.0295273455630732
0,0.4692366752533966
0,0.0279204724297087
0,0.0289203498785759
0,0.027411983602175
0,0.0058085457327445
0,0.0282544881387717
0,0.0045069413486066
0,0.0288216875862079
0,0.0294111614543163
0,0.0157868729719272
0,0.0242777201377394
0,0.0292322491801323
0,0.0272597197201596
0,0.0275464866760581
0,0.015756110504366
0,0.005921326379938
0,0.0147330486094845
0,0.0224929832825789
0,0.0086418095636967
0,0.0013942361408331
0,0.0273925379432302
0,0.0063156298161422
0,0.029418522102676
0,0.0264996259179857
0,0.0281407715084586
0,0.0285838229541718
0,0.0270699152505421
0,0.0290824430707933
0,0.0275358728681278
0,0.0279307683105316
0,0.015596037883028
0,0.0281471244519512
0,0.0143404863892458
0,0.0259180679830725
0,0.0051595762616149
0,0.0049445896242674
0,0.0112864724499298
0,0.0293160996792031
0,0.0051798025241599
0,0.0282915492653057
0,0.0294933712628483
0,0.028847005008004
0,0.0029697300200294
0,0.0509148436418395
0,0.0662970128836717
0,0.0286369232657046
0,0.00688425248149
0,0.0284315086439702
0,0.0291196177250476
0,0.0039014246207664
0,0.0289474398866759
0,0.0050180079660297
0,0.0046261588499786
0,0.0166248162051516
0,0.0130867767702224
0,0.006575497961972
0,0.0293950232173669
0,0.0287537471713359
0,0.0282800302022727
0,0.008243107598885
0,0.1266811086854487
0,0.009393087119084
0,0.0285737683366797
0,0.0036520759308207
0,0.0294033088092927
0,0.0127634218140822
0,0.0284833987792519
0,0.0287511927089274
0,0.0277072517287833
0,0.0289998191531794
0,0.0275551284709926
0,0.0059550534995097
0,0.0274523820194586
0,0.0184211690364405
0,0.0274962443997338
0,0.0275328116538108
0,0.0201521322462767
0,0.0276175326271873
0,0.0274408200241665
0,0.0286351626973532
0,0.0286180785046982
0,0.0290103724606785
0,0.0816675352109335
0,0.0044424972261944
0,0.0061433122558669
0,0.0283371806970844
0,0.0292099127756615
0,0.0277700579442745
0,0.0234976342384289
0,0.0276540599921966
0,0.0277245370530841
0,0.0274164953563125
0,0.0287190301846984
0,0.0032701641213584
0,0.0284891678347769
0,0.0280166361803928
0,0.0283166830980277
0,0.0423072983955601
0,0.0216586980581522
0,0.029153729995675
0,0.0037452116603909
0,0.0285493854730095
0,0.028595321565411
0,0.0279697894161559
0,0.0294641694968058
0,0.0252861332874761
0,0.0289063750650154
0,0.0275069661356502
0,0.0275124614964887
0,0.0280251760335171
0,0.0279350787913271
0,0.027878673728748
0,0.0167805333354569
0,0.0277450470808249
0,0.0046079369375919
0,0.0233017442535622
0,0.0287973004096843
0,0.0845460207225737
0,0.6446811679000904
0,0.0137433089929514
0,0.0276040379993528
0,0.0289887672039498
0,0.0291413367645053
0,0.0034054764688701
0,0.0585973287508257
0,0.0276006787233742
0,0.0356704820897978
0,0.0212074353856128
0,0.0286533536747204
0,0.0286998496378965
0,0.0275709233631762
0,0.040469711542853
0,0.0385084459313149
0,0.0289389673920996
0,0.0050117777162506
0,0.0285784610528442
0,0.0295115687322408
0,0.0282181242098297
0,0.0289491511479956
0,0.0071013764078732
0,0.0203624447759623
0,0.0055656822747134
0,0.0165940923815959
0,0.005996194711777
0,0.0028521909098757
0,0.0274214785624011
0,0.0275774465808053
0,0.0283390127150137
0,0.0142678535714093
0,0.0168147739306303
0,0.0212767517225321
0,0.0293818929933755
0,0.0277480144057971
0,0.0214277141107367
0,0.0055107006304962
0,0.0281607089084832
0,0.0251649761719498
0,0.0285465273859989
0,0.0164303246982953
0,0.0178378460331159
0,0.0280890706469013
0,0.0035647559158429
0,0.0286311407484344
0,0.0285884920502918
0,0.0639833772839677
0,0.0107755211970796
0,0.0275148683210954
0,0.0065175486787082
0,0.0115784842259553
0,0.0274195824411114
0,0.0274075223064179
0,0.0291564677118511
0,0.0282099154418591
0,0.0292025802445185
0,0.012789044315579
0,0.0275114403305174
0,0.0116227995228495
0,0.0284758393883788
0,0.0288334320437025
0,0.0035296271318227
0,0.028202219109852
0,0.0087052923943297
0,0.0274452201190905
0,0.0280240006263576
0,0.028909940028529
0,0.0285554909844767
0,0.0056295125096109
0,0.0036984086528644
0,0.0291662069284787
0,0.0293061268149249
0,0.0288174745136176
0,0.0034501770344783
0,0.0275983436730675
0,0.0290401444824595
0,0.0282681315000909
0,0.0483953712585761
0,0.0213147958502144
0,0.0151403908383717
0,0.003138857106201
0,0.2102965674464537
0,0.0292019199057267
0,0.0294532348436686
0,0.0045258670163828
0,0.1382684785574924
0,0.0277741998059769
0,0.0274880407113915
0,0.0293906769344579
0,0.0281105272251655
0,0.0274243597180805
0,0.0280461220745877
0,0.0277071923849201
0,0.0074272903804353
0,0.0074046585635756
0,0.0058381623179584
0,0.0254956827776262
0,0.0292568511617097
0,0.029275661428843
0,0.0289506903311061
0,0.1670735250716504
0,0.0236926709148092
0,0.0283166830980277
0,0.0290345487454297
0,0.0200049372251866
0,0.029351052220695
0,0.0289341022278075
0,0.0043919258735697
0,0.0162150033023649
0,0.0291616809624677
0,0.0275198788269999
0,0.0281162126990467
0,0.0275898905394589
0,0.0244960703752106
0,0.0084868326178275
0,0.0280811698301461
0,0.0026850180851283
0,0.0281153284297509
0,0.0277022003378862
0,0.0280835176159808
0,0.0283504045606323
0,0.0259880582772881
0,0.0290381068254837
0,0.0151286455958385
0,0.0282335293690552
0,0.0279569593985923
0,0.0293341753781782
0,0.2445867317869866
0,0.0277859292140721
0,0.0091452247853979
0,0.0191729172682857
0,0.0285076216827269
0,0.003412414458026
0,0.0092271008194335
0,0.0048706340946782
0,0.0276672060850132
0,0.0289582596677262
0,0.0276124795724639
0,0.0054465692538789
0,0.0285058001894053
0,0.0068988187393856
0,0.0279633047172034
0,0.0291050507543219
0,0.0120936670174333
0,0.0276856296790998
0,0.0276618515571205
0,0.0277863103122578
0,0.0053638512903386
0,0.0283265569705786
0,0.1199831443133621
0,0.0280898557614452
0,0.0233697694706966
0,0.0027449168248332
0,0.0082892456525613
0,0.027542783193045
0,0.0284570818142823
0,0.0248024954614673
0,0.014880998444764
0,0.0135704736311454
0,0.0138497718020912
0,0.0035631245311222
0,0.0287303995396688
0,0.1762205686063363
0,0.0285078412030236
0,0.0287204914636964
0,0.0219895214089045
0,0.0277054950838502
0,0.0065086557935388
0,0.0081199509545454
0,0.0139221735755984
0,0.0292936161122523
0,0.0282397509791571
0,0.0291075578747306
0,0.0285126156334464
0,0.0167939445767236
0,0.02066341108625
0,0.0281518129476364
0,0.0275099754302803
0,0.0282619414444318
0,0.0291603957263147
0,0.0287241055326836
0,0.0294303308593688
0,0.0099222116991493
0,0.0280724507808609
0,0.0148995714824003
0,0.0279713045127404
0,0.0133859698238429
0,0.0652840510575893
0,0.0276718247845035
0,0.015078326250161
0,0.0287511438676177
0,0.0728973269251054
0,0.0293571421879114
0,0.027481025100832
0,0.0067149473901864
0,0.0497032038113831
0,0.0063416139947524
0,0.2000816943950434
0,0.0033482368499939
0,0.02927665869427
0,0.0249172059906098
0,0.0229129084505972
0,0.0287288112486378
0,0.0037500650252506
0,0.0274803313641618
0,0.0035943657564244
0,0.0275210760184409
0,0.0092091469644902
0,0.0083697537927932
0,0.0254662417752653
0,0.0279352676348534
0,0.0074515145668276
0,0.0259989477498702
0,0.0276278753418817
0,0.011627048437234
0,0.008603128490974
0,0.0270943620342292
0,0.0755759353085867
0,0.0274042168282203
0,0.0293764650981669
0,0.2267515749923554
0,0.0284118332242699
0,0.0278801107588703
0,0.007886616133547
0,0.0043366404573069
0,0.0277317531943976
0,0.0293042470652113
0,0.0280662669141239
0,0.0084567707998688
0,0.0291815966978794
0,0.0282361593387653
0,0.0280210823110214
0,0.0095619819778488
0,0.0253311144347368
0,0.0170931339849941
0,0.0200970793237495
0,0.0285974327663597
0,0.0274134645380091
0,0.0293389570370081
0,0.0057369323255827
0,0.0242388171067736
0,0.0096928648909528
0,0.0794042062150315
0,0.01166570039094
0,0.0277947925812358
0,0.0182951086054781
0,0.0290406828005028
0,0.0294129666634535
0,0.0099936751366082
0,0.0290330651921031
0,0.0056865361751397
0,0.0274699848416808
0,0.0278744088037087
0,0.02888494346648
0,0.0290709554310778
0,0.0163829825791937
0,0.027595477870333
0,0.0275330663031645
0,0.1247574724778923
0,0.0232994582895501
0,0.0294398895466591
0,0.0057468844455094
0,0.0039351689206865
0,0.0412182267354149
0,0.0042096454280556
0,0.0290730585001989
0,0.0279667486853466
0,0.0291522039640163
0,0.0234238791464397
0,0.0285432512441843
0,0.0293197314912461
0,0.0314208851456073
0,0.0047639504668521
0,0.0095507435667552
0,0.027566650833215
0,0.0228101751881372
0,0.0212479771859802
0,0.0283918843330844
0,0.0293690340052656
0,0.01442767020922
0,0.0277136099099445
0,0.1986968294794616
0,0.0135340005355949
0,0.0209849495253831
0,0.0251122127841595
0,0.0056062402736003
0,0.0293361083179794
0,0.1723081571234776
0,0.021917708566472
0,0.0278785315602517
0,0.0274045206702718
0,0.028790082070786
0,0.0063423121450433
0,0.0279443461172795
0,0.027463840674561
0,0.0116601510765412
0,0.0293371334779543
0,0.0279553836719402
0,0.0170197156232049
0,0.0040799692761854
0,0.0274025953253923
0,0.0257826226345021
0,0.0241911728814397
0,0.0285266014530471
0,0.0282877315414652
0,0.0274019775440907
0,0.0137120986028764
0,0.029405718186231
0,0.0275245443472402
0,0.0284517407331229
0,0.028884712226844
0,0.0049686503698355
0,0.0288869743965772
0,0.0288057201523067
0,0.0276571648746487
0,0.0287767272470884
0,0.0280893950052469
0,0.028042554705029
0,0.0196678551229802
0,0.0114142337583763
0,0.0274320535983227
0,0.0275708850437872
0,0.0043422857154462
0,0.0292700587422306
0,0.0036773102652241
0,0.208981114237969
0,0.0189656510435723
0,0.0079552100790468
0,0.0165898254981442
0,0.0144858130552816
0,0.0289853723643732
0,0.069134749236787
0,0.0455542076657219
0,0.0287442876909103
0,0.0066204184647028
0,0.0226800882062182
0,0.0285309664363911
0,0.0274761919722274
0,0.0274243896869483
0,0.0027622522305433
0,0.0220461779038262
0,0.0160459803822875
0,0.0274818473948734
0,0.027413752474614
0,0.0277001031025881
0,0.0077577503057398
0,0.0281249378426246
0,0.0276427812498388
0,0.0290630045031271
0,0.0260585487963225
0,0.0787128683000656
0,0.0134820071553311
0,0.0274883822051388
0,0.0274632219813005
0,0.0136756061990339
0,0.0275026801787943
0,0.0291028158561141
0,0.0278291122267829
0,0.0035006378703718
0,0.0109341697605814
0,0.0671873359254126
0,0.0293512826456639
0,0.0283269215177104
0,0.0275575750201606
0,0.0276982937286625
0,0.0282517773667439
0,0.063427175043886
0,0.0149924936634734
0,0.033402009526121
0,0.027411171791401
0,0.0273726520530647
0,0.0291392349931089
0,0.0274368504016824
0,0.0248751266564655
0,0.0585670785337371
0,0.0281882018295717
0,0.027981758008239
0,0.0278456672090182
0,0.0184669029719379
0,0.0274402028203026
0,0.0277319455085832
0,0.0293831970740003
0,0.0282880131326058
0,0.0281105272251655
0,0.1094454456439753
0,0.0281422878034527
0,0.0237864026003638
0,0.0113881248709563
0,0.0197004928558383
0,0.0050347058632111
0,0.0284826667277936
0,0.0233533852154213
0,0.0113138944749764
0,0.0260457488387483
0,0.0290406878229566
0,0.0280677957954303
0,0.0290463749013262
0,0.0288955785768241
0,0.019940473220181
0,0.0290474243150963
0,0.0168914593019011
0,0.0274986056269215
0,0.0164067710656904
0,0.028351168192876
0,0.0196001005183461
0,0.0279626438806279
0,0.0233059653791481
0,0.0137372607329246
0,0.029350335418692
0,0.0133966270103002
0,0.0086617705224837
0,0.0105097099541334
0,0.027420260567669
0,0.0060467517329932
0,0.0070626941296348
0,0.0282954908990573
0,0.0283112769991818
0,0.0274800441849351
0,0.005693289531956
0,0.027594779962363
0,0.0598907895938481
0,0.0281680907927798
0,0.0279760299756741
0,0.0283026414422468
0,0.0278747915769165
0,0.029274943352726
0,0.1406268108592132
0,0.0235465038457718
0,0.0157528357293456
0,0.0281108659894265
0,0.0056736580544899
0,0.0073833360992796
0,0.0109396095323745
0,0.0276182192487258
0,0.0289297298607399
0,0.0063823358214578
0,0.0268137998471661
0,0.0043592594881451
0,0.0215804221021344
0,0.0195012912357921
0,0.0293740041904
0,0.0499192314460596
0,0.0084578997537124
0,0.0280977254438531
0,0.02919592845899
0,0.0293567869712632
0,0.0010495535814262
0,0.0287981154877746
0,0.0276580033037874
0,0.0141493864841147
0,0.0263792201982727
0,0.0250499602920819
0,0.0283539914579355
0,0.0288732100333779
0,0.0286207564599389
0,0.0287937853426971
0,0.0275673619537734
0,0.0233730758000588
0,0.0294803965118659
0,0.0271705421949117
0,0.0276460356318343
0,0.1112739734754653
0,0.0276421094468939
0,0.0053959010628669
0,0.0284075119672126
0,0.0284480570499797
0,0.0293469045748286
0,0.0279195131471706
0,0.2369780697978759
0,0.0281620488206124
0,0.0041879440765688
0,0.0054578764686259
0,0.0289120051177656
0,0.0290727909598233
0,0.0282391979121497
0,0.0002723221530767
0,0.0295567086434521
0,0.0276169159838237
0,0.0284802773737242
0,0.0293823491220263
0,0.0278969544071593
0,0.0280239175917382
0,0.0111808485870862
0,0.0283092212260929
0,0.0283930564180803
0,0.0274267622973316
0,0.0279793921309827
0,0.0202919409077852
0,0.0274394706484673
0,0.0075452221286981
0,0.0291273664736022
0,0.0289183157431393
0,0.027604152738886
0,0.012529343119315
0,0.0060325036415597
0,0.0293296855683071
0,0.0278437512666171
0,0.0108625828099087
0,0.0054267108017312
0,0.0054319538626277
0,0.005780359556202
0,0.0066111583875708
0,0.0282109629288408
0,0.0274677976964693
0,0.0295003011424736
0,0.028394460397316
0,0.0273930586672447
0,0.0274899817929927
0,0.0286898002865441
0,0.0291066638847333
0,0.0144985485774686
0,0.0293959573447509
0,0.0293104870870289
0,0.0183399734186867
0,0.0284035915339384
0,0.0274533067394201
0,0.0285439548787321
0,0.027660733864102
0,0.0286843947727694
0,0.0229263865321688
0,0.0293842154079694
0,0.029354633658114
0,0.2006180065913933
0,0.0274933418616769
0,0.028105330357197
0,0.0183417714781858
0,0.0275588237082714
0,0.0292876848787537
0,0.3136258254143739
0,0.0350922613201091
0,0.027792451178305
0,0.0164644585177144
0,0.0298624335607143
0,0.0275434937232152
0,0.0061403156047244
0,0.0278338824672762
0,0.0289126428299736
0,0.0276859960735407
0,0.0277460099592124
0,0.0277053583604647
0,0.0282352450452645
0,0.0219056519561428
0,0.0090844064817465
0,0.028588369823321
0,0.027394007181012
0,0.0081062813981026
0,0.0288259221804341
0,0.0274616124276848
0,0.0260345412321885
0,0.0028926165906154
0,0.0274883368330466
0,0.0292338943302181
0,0.0088056440231396
0,0.0279585029702404
0,0.0287850251471689
0,0.0289231057479646
0,0.023807135743255
0,0.0288830218413427
0,0.0276085554482221
0,0.0274123578077349
0,0.0276097274873751
0,0.0031789850539837
0,0.0275338211133836
0,0.0121303126578413
0,0.0283534649876292
0,0.0325244576052026
0,0.0082209157659285
0,0.0290927560797871
0,0.0278945317867976
0,0.0288848217803277
0,0.0108057613247061
0,0.0281143839560931
0,0.0247594623510343
0,0.0199981803053124
0,0.023152635913009
0,0.027555214332902
0,0.0076541070008124
0,0.0260885935415482
0,0.0287518626875928
0,0.0289688049374502
0,0.0286088234485588
0,0.0109530359104852
0,0.0044463025891293
0,0.0274163069430915
0,0.0280166361803928
0,0.0294263023227471
0,0.0483479416160024
0,0.0030998375647518
0,0.0280448186521208
0,0.0033029987731503
0,0.0279291266226689
0,0.029348587712803
0,0.0841472700687964
0,0.0293541238229522
0,0.0275747574595419
0,0.0280699197216893
0,0.029390278546574
0,0.0079599499293198
0,0.0275613199643352
0,0.0342543589833392
0,0.0241082552216007
0,0.0283320821073062
0,0.0389581886992144
0,0.0196477528214498
0,0.0261857525893283
0,0.0278857582053259
0,0.0285417456230584
0,0.6043159554147505
0,0.0199185634739448
0,0.0280533711685762
0,0.028214067437898
0,0.0288493469737582
0,0.0279219317641865
0,0.029326275162557
0,0.0276717643226676
0,0.0276661018404492
0,0.0275064533650695
0,0.004233099313948
0,0.0221658377691732
0,0.021689802579909
0,0.0292492763209163
0,0.0034630410671882
0,0.0291931147411879
0,0.0287582614070725
0,0.0580392172527828
0,0.0282602441037083
0,0.0032686642498311
0,0.0120542262376054
0,0.0290444060734186
0,0.0257676749170844
0,0.0023374630548121
0,0.029327643952517
0,0.027792130182442
0,0.0097849685132088
0,0.0080384655489003
0,0.0106290380917454
0,0.0293712148313239
0,0.2658860959725443
0,0.0276696150964949
0,0.0284526672956293
0,0.0058831910191941
0,0.0275296989506115
0,0.01916504237129
0,0.0281792961812805
0,0.0274401662316
0,0.0053053567450097
0,0.0206330085911777
0,0.0291340517720124
0,0.0148841162888761
0,0.0366703865483569
0,0.0346090692595883
0,0.0274228592320921
0,0.0274721799618778
0,0.0028534815219653
0,0.0234802667919295
0,0.0274650308062937
0,0.0287435574364564
0,0.0280259374511798
0,0.0280594508203798
0,0.017514519561719
0,0.0290803521644837
0,0.0285102032912607
0,0.0840678390752256
0,0.0138137961969303
0,0.0273861005119783
0,0.0285237738318946
0,0.0274610240406542
0,0.0274227292623297
0,0.0294041776588292
0,0.0280813127019193
0,0.9873911370986754
0,0.0292013164698602
0,0.0293804416568653
0,0.0235782401017981
0,0.0294794193703002
0,0.0283751070879345
0,0.0293928278847223
0,0.0274471980184798
0,0.0056163407917349
0,0.0037997118380847
0,0.0285923805403428
0,0.0277626400143535
0,0.0265609363880832
0,0.9569736407551556
0,0.014143745789483
0,0.0266974806343769
0,0.0276895477871945
0,0.0081564294543239
0,0.0274079905296774
0,0.0265425048520122
0,0.027417659220716
0,0.0142367270172171
0,0.0288380355708524
0,0.0125250541009981
0,0.0233642445988734
0,0.0282688067267531
0,0.0281219448984931
0,0.0287325281582194
0,0.005921326379938
0,0.1446939390384787
0,0.0164384891194364
0,0.024880598379265
0,0.027850936555092
0,0.0276751668375003
0,0.0930598732120621
0,0.0500559300782664
0,0.008687460824493
0,0.0138565166158314
0,0.0277131230956375
0,0.0283114308498825
0,0.0039127116194761
0,0.0107685367874337
0,0.0287425726443293
0,0.027541146366867
0,0.0276543247362155
0,0.0274085074291673
0,0.0047360609894424
0,0.0283819291709193
0,0.0266358816859098
0,0.0036940085529225
0,0.0053968700800808
0,0.0287243808742118
0,0.0290526512906681
0,0.0287406962062337
0,0.0276654042965693
0,0.0053258855339848
0,0.0274524327508967
0,0.027782213336701
0,0.0278888059902046
0,0.0257230187350448
0,0.0274344703124816
0,0.021677621159006
0,0.0229716694146592
0,0.028195278587049
0,0.0293784732368862
0,0.0249085270826088
0,0.0294488593167088
0,0.0184830104462782
0,0.0286176345792394
0,0.0226433919994254
0,0.027667490828411
0,0.0272150013250672
0,0.0290728816692266
0,0.0277483942469362
0,0.0243253895337018
0,0.016745810384986
0,0.0260481607049211
0,0.0294242906226353
0,0.0263521173231698
0,0.0292331923697121
0,0.0279336653090726
0,0.3326527987375706
0,0.0060436800771461
0,0.0253665058728666
0,0.022916941971808
0,0.0036760772660397
0,0.0285457152918335
0,0.0293901523301896
0,0.0250637429988908
0,0.0258584004418652
0,0.0280414862899641
0,0.0082239276822706
0,0.0282913547176905
0,0.0119375277062354
0,0.02930254753904
0,0.0274814137975138
0,0.0292368255892515
0,0.0276897366378668
0,0.0277162972373275
0,0.0275928205194119
0,0.0292659456405797
0,0.005758948147021
0,0.0222795334389586
0,0.0275359732082254
0,0.016530741423731
0,0.0275538779004474
0,0.0282074254196117
0,0.0280054652549468
0,0.0097275996729552
0,0.0015900706243832
0,0.0294587384786186
0,0.0178671048456262
0,0.0164623143252347
0,0.0275614914700059
0,0.0250275435607166
0,0.0051064964513164
0,0.029175158024366
0,0.0082924528314737
0,0.0268794167044138
0,0.0274765870116642
0,0.0279872607647658
0,0.0294069755925398
0,0.0171461903092971
0,0.0036598854700544
0,0.0284720300508216
0,0.0274343931776851
0,0.0278054335692445
0,0.0067584030179212
0,0.0287260883729936
0,0.0287107417521038
0,0.0286018876168197
0,0.0230851349467227
0,0.0269634778083494
0,0.0294255361281947
0,0.0189704012214444
0,0.0286719361913769
0,0.1149394372335071
0,0.0280005041734657
0,0.0274378739201849
0,0.0280054652549468
0,0.0120086357032079
0,0.0280757255352739
0,0.0285254080469174
0,0.0094189176040558
0,0.0096897855482582
0,0.0022210665331317
0,0.0269432817145912
0,0.0290084052296184
0,0.0291932465657708
0,0.0277274945985886
0,0.0195285913891869
0,0.0236278273968674
0,0.013263780233478
0,0.0289842767771769
0,0.0285042027658085
0,0.0274552104746173
0,0.0033109931085111
0,0.0294062742240747
0,0.0281875610737276
0,0.0274399483115723
0,0.00401359690837
0,0.0062341870400833
0,0.0048184497201493
0,0.0252636162788564
0,0.0279737676165228
0,0.0073802464429934
0,0.0128308757904911
0,0.0051456467312497
0,0.0274210571488582
0,0.0295500956687167
0,0.0195365302367003
0,0.0275050493040521
0,0.0277633287277319
0,0.0275429541306658
0,0.0339422752732024
0,0.0274183692133867
0,0.0287208896930114
0,0.0292025722473717
0,0.0291269682006456
0,0.0254829353432944
0,0.0279091364425785
0,0.0252740681950429
0,0.027907754450167
0,0.0280035494991566
0,0.0267684524968957
0,0.0078154919075425
0,0.0134588802165193
0,0.0282209195033587
0,0.0287881479405591
0,0.0274340158157414
0,0.0111589739179088
0,0.0290997210077491
0,0.0056541179110978
0,0.0048782732643523
0,0.0291096113589175
0,0.0326545764332536
0,0.0279986941776234
0,0.028028978673102
0,0.0278906407460126
0,0.0198942448396802
0,0.0274210990588199
0,0.0099509678555705
0,0.0284477716833978
0,0.0275650336705861
0,0.0037469001292535
0,0.0288417945988002
0,0.0471964933708422
0,0.0512469412282781
0,0.0292882304575793
0,0.0278200346079939
0,0.0278944703085669
0,0.985871021442054
0,0.0282160902342642
0,0.0286304088623834
0,0.0276540462045852
0,0.0287827316466555
0,0.037444916061738
0,0.0189661161019163
0,0.0063980988157284
0,0.0069955964374495
0,0.0278010031950381
0,0.0057313571484357
0,0.0059299462333067
0,0.0164999197351308
0,0.0039956967873137
0,0.0261532676172977
0,0.0274880407113915
0,0.0124336538328168
0,0.0286145523647795
0,0.0274414255467685
0,0.0334435494039111
0,0.0293931257689951
0,0.0277614660107716
0,0.0283904441958872
0,0.0173065330580972
0,0.0264445361388556
0,0.0235817742773746
0,0.0206330085911777
0,0.0275060218781835
0,0.0917381488674392
0,0.0703397808513447
0,0.0284717372696698
0,0.027809142855603
0,0.0128476783651914
0,0.0291792830955748
0,0.0252645579897122
0,0.0093848927166791
0,0.0274324196126654
0,0.0282602441037083
0,0.0272646006682645
0,0.0228535496750994
0,0.0283003193197732
0,0.0277550273326331
0,0.0068864370057863
0,0.0131197859779059
0,0.0274319250428922
0,0.0283687055940663
0,0.0447336215280064
0,0.1973403797654507
0,0.0295449356351712
0,0.0287509982960368
0,0.0294457443096387
0,0.0237338197441349
0,0.0025022385282358
0,0.0281101351547975
0,0.029175253598737
0,0.0274497816186632
0,0.027695338497388
0,0.0211427883085304
0,0.0098382951163168
0,0.0262706883810433
0,0.0185433470914797
0,0.0294289312377895
0,0.0086723257472185
0,0.027532156465649
0,0.0274765857354792
0,0.0150776959604122
0,0.0176123182377251
0,0.0042541743466357
0,0.0279173221271395
0,0.0280677957954303
0,0.0274215102724113
0,0.0284884408776311
0,0.0096217937612854
0,0.005503732408587
0,0.1013751710800715
0,0.029517562210258
0,0.0040304812515463
0,0.0275146257156773
0,0.0275127991807932
0,0.0281808780335538
0,0.0291861311077637
0,0.0291954610758516
0,0.0048530220105499
0,0.0280340034779505
0,0.0280185452188881
0,0.0036771597318454
0,0.0640881568163849
0,0.0281186947487792
0,0.0275006226137997
0,0.0267917949315519
0,0.0214506326330786
0,0.0287949399317292
0,0.3683480637964239
0,0.0121996332014833
0,0.02846337925045
0,0.0083386970905148
0,0.0288824834218864
0,0.0264852934460661
0,0.015720777843544
0,0.0049403522553483
0,0.0070352368086661
0,0.0284924968959657
0,0.0294056314119694
0,0.0087652503768868
0,0.0278026790097578
0,0.0261272369526791
0,0.0289517491053554
0,0.0082351428051307
0,0.0293061268149249
0,0.0164128441720695
0,0.0044325305069738
0,0.0090054717081341
0,0.0274655027730694
0,0.0074082301304527
0,0.0274630198562154
0,0.0293494652497988
0,0.0277475586612631
0,0.5167343664953816
0,0.3350582435768555
0,0.0274227819588576
0,0.0274495091721105
0,0.0283322576345933
0,0.0260669357409315
0,0.0282540042204371
0,0.0066379651709965
0,0.0035640361903581
0,0.0275127991807932
0,0.028520686180793
0,0.0293064363434204
0,0.0053527953920872
0,0.027415937930254
0,0.038136502644691
0,0.0288416243044167
0,0.027424330056008
0,0.0277037407475945
0,0.0062350603362912
0,0.0073496598906166
0,0.0287070687838409
0,0.016890374671048
0,0.0274738483278285
0,0.014278349818146
0,0.0283554703925755
0,0.0293232312495569
0,0.0292354670502487
0,0.0283191456804574
0,0.0290408653780071
0,0.0190415297744771
0,0.028187601000914
0,0.0275143482156421
0,0.027534455859632
0,0.1251222503017928
0,0.0292083869667862
0,0.0289739893237007
0,0.0065269091706459
0,0.0293016582718804
0,0.0034324440830945
0,0.0281641360496398
0,0.0293047814549189
0,0.0259345302143286
0,0.0291569998216771
0,0.0245858534031934
0,0.2308065619625483
0,0.0098502744534086
0,0.0260897204988939
0,0.0041126084002489
0,0.0262970343372736
0,0.0028184910185947
0,0.0135300577222021
0,0.0277804752151433
0,0.0294005350425312
0,0.0285911470982837
0,0.0282854445996704
0,0.0136786235537027
0,0.0267840185334313
0,0.0100267412488173
0,0.028909940028529
0,0.0058457921355197
0,0.0168750566792618
0,0.984752822733296
0,0.0288349060601638
0,0.028890333441794
0,0.0117809610567404
0,0.0576980083315181
0,0.0289327087768922
0,0.0357975985696676
0,0.0287280643899231
0,0.0279572524082211
0,0.0293239119608464
0,0.009440250153668
0,0.005494797088709
0,0.0130440492556907
0,0.029187465125833
0,0.0291207656795255
0,0.0918770977924139
0,0.0294263794825733
0,0.018446766029125
0,0.0294379512013283
0,0.0276802354023384
0,0.0261646520987852
0,0.0041126084002489
0,0.0302255963176596
0,0.0069081365555895
0,0.0055245749026403
0,0.0235832741197661
0,0.0274246494154734
0,0.0261196056437935
0,0.027817863881906
0,0.028202127459627
0,0.0294256003691797
0,0.0252365215658126
0,0.0065939929786499
0,0.0237931416519616
0,0.0277238794912846
0,0.006556835346723
0,0.028504866568274
0,0.0283924517851754
0,0.027368530460653
0,0.0223908155134604
0,0.0276335549662671
0,0.0095052509227354
0,0.0245335315370644
0,0.0274073603640663
0,0.0295366556236452
0,0.3882286708559893
0,0.018450540227138
0,0.0278026349317983
0,0.4757058669750172
0,0.0248977736085364
0,0.003295136098838
0,0.0205163759536678
0,0.0274598576459059
0,0.0294176084960188
0,0.0270682132684912
0,0.0288180233680355
0,0.027425556483259
0,0.0291593837399707
0,0.0110097936985233
0,0.0274090500903185
0,0.0044922810954624
0,0.0274759130727851
0,0.028942485577274
0,0.0276112591362773
0,0.0170443453397952
0,0.0291858709119415
0,0.9322897053267856
0,0.0224476305717344
0,0.0291273664736022
0,0.0256923504924348
0,0.0172700597881184
0,0.0281248861803305
0,0.0441407948299394
0,0.0294044693976795
0,0.0275064875369437
0,0.029288604184515
0,0.0096629386556528
0,0.0186668540014283
0,0.0274136088622029
0,0.008757268778786
0,0.0285201534333943
0,0.0649307357965585
0,0.0276856555738472
0,0.0233118991880612
0,0.0276761550296831
0,0.0235989667993302
0,0.0274992354547015
0,0.0179866190110244
0,0.0167911431396917
0,0.0184990356040386
0,0.0277951426524338
0,0.0171727337754598
0,0.0833752995547053
0,0.0254359234845426
0,0.0861740634216565
0,0.0289210647813542
0,0.0285489620846448
0,0.0168376701386849
0,0.021850008442535
0,0.0274203085366886
0,0.0285860378689107
0,0.0238691160721586
0,0.027876793351936
0,0.0279380212214905
0,0.0274850631150468
0,0.0285105121114786
0,0.0276436366082843
0,0.0272645583148345
0,0.0210305272899571
0,0.0261712468088936
0,0.0262575163296369
0,0.0204520564764376
0,0.0278075871351211
0,0.0274148942527732
0,0.0301619247211358
0,0.0225183799556645
0,0.0283546935985262
0,0.0282792377140035
0,0.0292141903036295
0,0.0276593375253862
0,0.0133139926228601
0,0.027590269821742
0,0.0061601704132641
0,0.0279335145233624
0,0.0276429360966723
0,0.0292455611820947
0,0.0266259878047404
0,0.0281158778504643
0,0.0279279928864571
0,0.0290200933132231
0,0.029274728009711
0,0.0108405175202018
0,0.5404936142433232
0,0.027508919709479
0,0.0283963907448109
0,0.0065436902115324
0,0.0333914063285222
0,0.0284476785965684
0,0.1230124745693728
0,0.0276508227215635
0,0.3384920250871107
0,0.0899915660436778
0,0.0711250447385392
0,0.0276810256613135
0,0.0288328543781593
0,0.0274083592851362
0,0.0057062114982328
0,0.0119412451041394
0,0.0620982748126086
0,0.0122489555869131
0,0.0279886059049041
0,0.0286988498238032
0,0.0277198170323498
0,0.0275958534653465
0,0.3507786550495494
0,0.0277226418138488
0,0.0052413166086316
0,0.0089071001796444
0,0.0278353504853357
0,0.0248261354107368
0,0.0294037162884938
0,0.0193253014929379
0,0.0284916976597581
0,0.0242619052004242
0,0.0285428331394668
0,0.0283701663503791
0,0.0274559820710001
0,0.0286955819913517
0,0.0278558166275287
0,0.0061806383486466
0,0.0274417296308381
0,0.0032057185005802
0,0.005714431406754
0,0.0290898107858597
0,0.0291275514388524
0,0.0292885350280948
0,0.0290574314223459
0,0.0114932301066612
0,0.0266977876765459
0,0.0507239320808263
0,0.0344422305978243
0,0.0278252139720915
0,0.0124087763402198
0,0.0289883963295337
0,0.0287803666437288
0,0.0280270216522826
0,0.0293331621834451
0,0.0272105603876041
0,0.0284725398734813
0,0.0152039898308311
0,0.0140870649534658
0,0.0292437218677042
0,0.0284545038102915
0,0.0119473324326631
0,0.0286385058231802
0,0.0286715396043791
0,0.0283636859665902
0,0.0274210571488582
0,0.026302070678181
0,0.0278512280072804
0,0.0179838458814177
0,0.0285116485610213
0,0.0057634824116971
0,0.0123867658751078
0,0.6693014517597167
0,0.0111752035977459
0,0.028397881059708
0,0.0276249593371353
0,0.0044523436382243
0,0.0244715551825257
0,0.0292770808998158
0,0.0292733224224555
0,0.0291739447300783
0,0.028985398400381
0,0.0275466313410158
0,0.0665680207779602
0,0.0285784610528442
0,0.0279144386756693
0,0.0275609548136428
0,0.0291341397132223
0,0.0855043353177002
0,0.0278561820477684
0,0.0258531122302813
0,0.0277415607735655
0,0.0192212160108335
0,0.0049004447132061
0,0.0277431831338088
0,0.0105701584161627
0,0.0181943891529468
0,0.0125063061684851
0,0.0292894740986271
0,0.0290062400402375
0,0.3000560393378721
0,0.0067312495787326
0,0.0106275045484729
0,0.0274531606781372
0,0.0052846186984206
0,0.0275830593776212
0,0.0316123279129906
0,0.0196729089745952
0,0.0275534042143641
0,0.0119695196925847
0,0.0185840117167363
0,0.0042667627135391
0,0.0275079775821641
0,0.0240824650284515
0,0.0239489639999823
0,0.0289962136136062
0,0.0207677218577896
0,0.0292868030260393
0,0.0145081043004728
0,0.0028732175277784
0,0.0275306229444356
0,0.3023951398488796
0,0.0274961849754413
0,0.021374414121137
0,0.6713544665122362
0,0.023559888408278
0,0.0120652195188463
0,0.0277645317813809
0,0.027529966643563
0,0.0274136515761704
0,0.0274890302365998
0,0.0286191705390192
0,0.0280869073456451
0,0.0226524027663469
0,0.0291188063265505
0,0.0291903719025576
0,0.0294870638078345
0,0.0043288572359735
0,0.0234004165822282
0,0.0289080324565406
0,0.1634348590535268
0,0.0283435475192556
0,0.0292720597696129
0,0.0038040891787519
0,0.0448647450997073
0,0.0228101751881372
0,0.0257839585306188
0,0.0285778745233878
0,0.0278016406177428
0,0.0276623739803831
0,0.0274205793816003
0,0.0233553652345023
0,0.0183772290079083
0,0.0293793331940005
0,0.0288366561524319
0,0.0275439070160317
0,0.0285894526937813
0,0.0291975436685097
0,0.0291354423352348
0,0.0779090688828024
0,0.9621346006927785
0,0.0274675037477056
0,0.0063338285054372
0,0.0294207406867726
0,0.0055117503962259
0,0.0280322009797093
0,0.029412937034188
0,0.0274103212849631
0,0.027826557350728
0,0.0248381520002286
0,0.0281204381976751
0,0.0255581930371145
0,0.0261435125642367
0,0.0275439476119681
0,0.0293992409508285
0,0.0282704892107467
0,0.019487919069499
0,0.0064687283538248
0,0.0277199056745197
0,0.0252983538395712
0,0.0275576128759667
0,0.0279559367685882
0,0.4722984287984095
0,0.028508811416071
0,0.0293625545925716
0,0.0231713010336011
0,0.0164245912725897
0,0.0206398740346658
0,0.0290665116915589
0,0.0053811900347771
0,0.0256388813102618
0,0.0207604184462751
0,0.0274554715319894
0,0.0285778745233878
0,0.0254984848478261
0,0.0055618047702693
0,0.0292778638444967
0,0.02416792045443
0,0.028892778931736
0,0.0054987218863494
0,0.0283681455418484
0,0.4968506537497306
0,0.0275853944146214
0,0.0274705309855761
0,0.0031324701400782
0,0.0207797175135921
0,0.0275503489691621
0,0.028080030231427
0,0.0049448489709003
0,0.0081117941106405
0,0.028548724613526
0,0.0058081125203835
0,0.0275903126565655
0,0.026514022991679
0,0.0102192859494988
0,0.0287221184757967
0,0.0582095464326236
0,0.0179587092836157
0,0.0292528854387447
0,0.0294326911873053
0,0.0048085247739429
0,0.652746583556474
0,0.0283327435159701
0,0.0275011119725451
0,0.0291533736055553
0,0.0259211439986728
0,0.0282385558722255
0,0.0763218246807931
0,0.0289526523172928
0,0.0217301650152266
0,0.0286601691169907
0,0.0278617073853805
0,0.0212376169154589
0,0.0192180779422298
0,0.0049739689345692
0,0.0278602786746315
0,0.0291445761800761
0,0.0125041451745349
0,0.0233940344025387
0,0.0285405828566963
0,0.0119402534669094
0,0.02879300460722
0,0.0039993108225729
0,0.028758748849842
0,0.027999344579351
0,0.0254169976398938
0,0.0281082298108639
0,0.0293101191053605
0,0.0073495867181145
0,0.4811466167112586
0,0.0278729439214552
0,0.006185460490678
0,0.6026348075135495
0,0.0036575581265683
0,0.0065028745064399
0,0.0052424963685852
0,0.010140370138869
0,0.0261994595413421
0,0.0058452486839177
0,0.0274869715681784
0,0.0063016633329978
0,0.0280475510340126
0,0.0198176035813131
0,0.0279420320245397
0,0.0052730984106008
0,0.0256331921047429
0,0.0281450068087956
0,0.0274446432342668
0,0.0278547830477867
0,0.0238811989934651
0,0.0294399285590515
0,0.0294311314750235
0,0.0096877380211202
0,0.0274941237375091
0,0.0195827645453994
0,0.0133654202869482
0,0.0290688334292599
0,0.0293697514434573
0,0.0274137858895598
0,0.0102509828819197
0,0.0255387112940519
0,0.0032625327501143
0,0.0281640094690545
0,0.0240312758562853
0,0.0053602800845278
0,0.0293843717461371
0,0.023316591861136
0,0.0280630942443745
0,0.0295092689580667
0,0.0280599933457274
0,0.0267363941667988
0,0.02753362699678
0,0.0274070500265731
0,0.0254913758825735
0,0.0287737790639274
0,0.0279676113210931
0,0.0272356853529517
0,0.0200014256637385
0,0.0251757722749907
0,0.0240205161991799
0,0.00682647629037
0,0.028065773462835
0,0.0290383233480049
0,0.0117423909926269
0,0.0293441644875333
0,0.0294474069895747
0,0.0254455304663334
0,0.0281645717805536
0,0.0121857916571593
0,0.0290128946924081
0,0.0267947200858878
0,0.0279419778410642
0,0.0149655552245867
0,0.0030200201750829
0,0.0226609464854385
0,0.0261308703400458
0,0.0257152626863635
0,0.0041720260492915
0,0.0199014656533309
0,0.0274411092690782
0,0.0077157837129232
0,0.0285422353117631
0,0.013717260721946
0,0.027736042718812
0,0.0278427382538459
0,0.0911329871941212
0,0.028407677741969
0,0.0274407770376861
0,0.0274403858178205
0,0.0269895131437112
0,0.0100771966932476
0,0.0292634246058487
0,0.0277738107574783
0,0.0250635276033018
0,0.0287804227540558
0,0.0109117337000701
0,0.0282524628961617
0,0.984353372704371
0,0.0102111708038711
0,0.0116613068473768
0,0.0238501829256552
0,0.027996075747981
0,0.0062459135414613
0,0.0121972455433294
0,0.0066073857958389
0,0.0282460322249682
0,0.0067907886359374
0,0.0275679370923426
0,0.0462847816603952
0,0.0131881309188729
0,0.0045434497289555
0,0.0277835382412668
0,0.0293678556656652
0,0.0158266094489282
0,0.0274743436962646
0,0.0274206211078031
0,0.0294492238202301
0,0.0035139437148427
0,0.018049813294041
0,0.0276761009249664
0,0.0279266426652928
0,0.0290420381286835
0,0.0260523849736762
0,0.0289550375138852
0,0.0294054939892756
0,0.0282269366853806
0,0.0556434475222067
0,0.0198479217264327
0,0.0182168367191947
0,0.0248639704080254
0,0.0293902056433037
0,0.1430484781068919
0,0.0066796837565953
0,0.0285673061850243
0,0.0101448019964087
0,0.0278943229423726
0,0.029419962222817
0,0.0454802804410636
0,0.0110224857749047
0,0.0079834766749662
0,0.0292577595961068
0,0.0277461530800868
0,0.0274467717865017
0,0.0276136428281118
0,0.0294015974133765
0,0.0255880968131254
0,0.0364724328366031
0,0.0280565988841784
0,0.0283500638122295
0,0.029195775729562
0,0.0254381875645934
0,0.070102697966345
0,0.0121243789572895
0,0.0105739605267267
0,0.0278130059652269
0,0.0293594200749571
0,0.0278972635474005
0,0.0089560475806051
0,0.016762860981932
0,0.0275649057049181
0,0.0279185326936892
0,0.0291826504221113
0,0.0286829195650803
0,0.0215425708967313
0,0.0282016362886694
0,0.0275047153677631
0,0.0286419991429533
0,0.0213637691277767
0,0.0294837639265962
0,0.0120193871629715
0,0.0180579409781384
0,0.0279462443101744
0,0.0293772916790642
0,0.0089405427516859
0,0.0283106891767701
0,0.0102616082408644
0,0.0230215055676846
0,0.0289157412432336
0,0.0200594768411051
0,0.0279309439721441
0,0.0294252559905583
0,0.0281709941894335
0,0.021695133397456
0,0.0293373817300592
0,0.0294930270435892
0,0.0282971122715046
0,0.027856138873551
0,0.0278341977267851
0,0.0280132999220282
0,0.0290592987181191
0,0.040931394711861
0,0.0092378432710028
0,0.0255315110040178
0,0.0266742920561353
0,0.0277720831147514
0,0.0275048111853651
0,0.0280928583658405
0,0.0035150762605708
0,0.0294050435803507
0,0.0185990198606594
0,0.0235251712123349
0,0.0294037596460817
0,0.0234105788382039
0,0.0286133411239596
0,0.0425191913405356
0,0.0280554251534753
0,0.0274163537075206
0,0.0277947776956968
0,0.0275467786558164
0,0.0165463628595446
0,0.0265867334951915
0,0.0279335145233624
0,0.0038499151074342
0,0.0144094205569427
0,0.0291325541220288
0,0.0283930481855775
0,0.0285894526937813
0,0.0289854508203319
0,0.0234094698177709
0,0.0220981009835352
0,0.0147471715732192
0,0.0274438129871042
0,0.0294049454860788
0,0.0279269110968066
0,0.0250940720425409
0,0.0257837919385181
0,0.0171744000407418
0,0.0112558269870142
0,0.0292958658554623
0,0.0285564293698125
0,0.5001083075779245
0,0.0288083261027828
0,0.0289019125035824
0,0.0435101330286227
0,0.0169602173966458
0,0.0293323259793979
0,0.0051733932753139
0,0.0276618338699291
0,0.0228709768257267
0,0.0132538493725733
0,0.0279691076691591
0,0.0276306214286224
0,0.0290844074511944
0,0.0274113521206536
0,0.0294039270298068
0,0.0283577488670632
0,0.0284505365043035
0,0.0275089326310253
0,0.0146909433970206
0,0.0250311686509926
0,0.0262816437803651
0,0.0056753250520245
0,0.028363211107163
0,0.0282926688496824
0,0.0293314960719992
0,0.2766034230498395
0,0.0291671478661378
0,0.0173842453053297
0,0.0105937488733558
0,0.1145670765908021
0,0.0293821527532013
0,0.0293464925149251
0,0.0268490500109367
0,0.0145697133164186
0,0.0293508490152274
0,0.027587333449113
0,0.0277956187121727
0,0.0284138558992518
0,0.0291365630795791
0,0.0178618529392639
0,0.0275681742878209
0,0.0039804285647749
0,0.0281463002323439
0,0.0271594033682257
0,0.0176319207062024
0,0.0282762967407325
0,0.0049729000360518
0,0.0277609867628482
0,0.0292145990235351
0,0.008677887266506
0,0.0017054520921639
0,0.0255705168584753
0,0.0288267563761833
0,0.0277154088938956
0,0.0182316046342756
0,0.017976379818276
0,0.0293930742702087
0,0.0290304976058547
0,0.004279575805936
0,0.026228171219313
0,0.0250030106083485
0,0.0267188739212496
0,0.0152278181441134
0,0.021332063336592
0,0.0286152061769456
0,0.0282964115644574
0,0.0275268258474595
0,0.0013821189014808
0,0.0190153650163354
0,0.0021566385271417
0,0.0280534552216138
0,0.0261842080485765
0,0.029041307044101
0,0.0277882035746602
0,0.0293765438722371
0,0.0279227380979974
0,0.0160766933603954
0,0.0110569978984522
0,0.0044590100150022
0,0.0184022809180744
0,0.0293665937216501
0,0.0283487172633871
0,0.0275372296567069
0,0.0275312957680325
0,0.0274289673934599
0,0.0281859275227348
0,0.0156386105077935
0,0.0274338577765551
0,0.0281379009074066
0,0.0025631663911098
0,0.0220350667983232
0,0.0288258643896492
0,0.0289086698174974
0,0.0275955840670466
0,0.0274803587618257
0,0.928560641104673
0,0.0288867053573276
0,0.0288107603141661
0,0.003813260316238
0,0.027811281518955
0,0.0170241722037464
0,0.0863726897132763
0,0.2507330233659441
0,0.0280508669163365
0,0.021977463593448
0,0.0101443851993436
0,0.0074741369236173
0,0.0274327564052834
0,0.0162107369440283
0,0.0039853346066177
0,0.0283731095083742
0,0.0276660814024613
0,0.0282093675304031
0,0.0085796067387316
0,0.0146582861361758
0,0.0277143887140682
0,0.0279828087226363
0,0.0274095317745887
0,0.0162076197737572
0,0.0214192768507842
0,0.0144917503856284
0,0.0283228411231373
0,0.028185400178842
0,0.0420390551022505
0,0.0277161390680714
0,0.0030726014739244
0,0.0278783545460118
0,0.0132682809381551
0,0.0276267479662597
0,0.0277987524869507
0,0.0275445360273306
0,0.0254394526560054
0,0.0201185633164466
0,0.0293951623103985
0,0.0295342540311523
0,0.0031614213135848
0,0.0054842168043184
0,0.0294007527933662
0,0.0266601361227968
0,0.0253035234144482
0,0.0284931516983014
0,0.0274224138478935
0,0.0278708961201023
0,0.0275647476271764
0,0.0041777356928823
0,0.027648301989206
0,0.007580785210606
0,0.0246926796124385
0,0.0274132312270878
0,0.0550662683312727
0,0.0282063786021216
0,0.0293282404594577
0,0.0290876594273293
0,0.0281394209800722
0,0.0274084718658513
0,0.0276333303668679
0,0.0274440171452239
0,0.025924925194716
0,0.0611326770104926
0,0.0265460314206444
0,0.027428891024896
0,0.0164664499798136
0,0.006309358645309
0,0.0291967036262225
0,0.0281797487706226
0,0.0290271158249209
0,0.0187456587749779
0,0.0274238596780361
0,0.003128931863016
0,0.0634550400161382
0,0.0342717122105007
0,0.0281419629774507
0,0.0274798630380316
0,0.0276297461813292
0,0.009569656661204
0,0.0093087870504376
0,0.0086817025860465
0,0.0275044624292353
0,0.0282666214528962
0,0.0274714139162092
0,0.0171528953671446
0,0.0036755418542124
0,0.0275651964507953
0,0.0341981833750888
0,0.0206425697318206
0,0.0286915072543554
0,0.0286936589905482
0,0.0196623519859596
0,0.0288484072460546
0,0.0059372076474284
0,0.0276058168402182
0,0.0282332772548221
0,0.0286857990559217
0,0.0682781560287764
0,0.0274726863407673
0,0.0283445272203293
0,0.0055690883811702
0,0.0289762672209091
0,0.0295366661333192
0,0.0215024223566127
0,0.02748202644241
0,0.0047493306958868
0,0.0284850704602198
0,0.0341722980073657
0,0.027604152738886
0,0.0273947272377848
0,0.9836925390485082
0,0.0275249827665427
0,0.6065883695352234
0,0.0217764246265981
0,0.2371231342719391
0,0.0110805090490807
0,0.0283718584958317
0,0.0290167685335245
0,0.0293976104864821
0,0.0264616635077297
0,0.0295556047728199
0,0.0041288835178027
0,0.0274089066770048
0,0.0283078084637417
0,0.0276723208258456
0,0.2851380608855809
0,0.0274387021191435
0,0.0197314612572973
0,0.012866544634324
0,0.0082598768587238
0,0.00340404759166
0,0.0287691121454188
0,0.0275482757128051
0,0.0271897456847005
0,0.0293194670533501
0,0.0723707996703718
0,0.0030478264916891
0,0.0284416573702403
0,0.0293818929933755
0,0.027414282176422
0,0.0081096406582207
0,0.006224149613742
0,0.0081297792127104
0,0.0237937203698964
0,0.0138285218387475
0,0.8771901110881506
0,0.0274120801896615
0,0.0276853639974098
0,0.027465745277599
0,0.0291349359678364
0,0.0183233033789632
0,0.0139531415881186
0,0.0274165033568511
0,0.010331883954298
0,0.0291682124330476
0,0.0275043733301964
0,0.0257458933713353
0,0.0274880026115523
0,0.0207312370328437
0,0.0277829029496888
0,0.0286161602326125
0,0.0293270510500977
0,0.0274278404152261
0,0.0289737901132247
0,0.027824347098334
0,0.0203586826556256
0,0.0274181785267046
0,0.0272769289444641
0,0.0287661950658895
0,0.0282749195410665
0,0.0287115706786702
0,0.0274632807317698
0,0.9176315909140148
0,0.0139064755895948
0,0.0293615517575094
0,0.0276722260889703
0,0.0276774501158748
0,0.009338480963904
0,0.0292126923664112
0,0.0280589350987093
0,0.0333310516679965
0,0.027479298250338
0,0.0276241230901899
0,0.0274224408700104
0,0.0278089515027549
0,0.0283393176724217
0,0.1524646172451316
0,0.0511620403441477
0,0.0132271970135924
0,0.0287624214122245
0,0.0279173656763206
0,0.028857210771378
0,0.0278027397209005
0,0.005611219040237
0,0.0172821762700184
0,0.0220395411851554
0,0.0293792636658598
0,0.0275736501275807
0,0.0037192684344883
0,0.0275904549701755
0,0.02766450931348
0,0.0275060490805136
0,0.0039195528470746
0,0.0294401461468026
0,0.0101275414629239
0,0.028963836865831
0,0.0234594037916421
0,0.0278420749275351
0,0.0291038496957366
0,0.0283498649596708
0,0.0276843640335699
0,0.0047547358873161
0,0.0274183692133867
0,0.0404410680558136
0,0.0288039211611946
0,0.0293991484078933
0,0.0233417049082337
0,0.0128311927088163
0,0.0018754482593257
0,0.005218471501006
0,0.0275326639373467
0,0.0275079286999931
0,0.0289685468378319
0,0.0233244204848753
0,0.0274452201190905
0,0.0165633598350585
0,0.0274544975123025
0,0.0282900012095233
0,0.0103334105909758
0,0.0291520729341882
0,0.0278956022754052
0,0.0290103649284597
0,0.027412228980431
0,0.0110413441340652
0,0.0274193461085474
0,0.0360421535662727
0,0.0235474251933705
0,0.0331433758044223
0,0.0285418852234734
0,0.0228999992825587
0,0.0286684513432091
0,0.0081527377965462
0,0.0278994969321784
0,0.0173630929075739
0,0.0278458757918359
0,0.0197718253715269
0,0.0657485245925189
0,0.0038553217871293
0,0.0274269188370723
0,0.0379487449307718
0,0.0281261607301902
0,0.0264471691078031
0,0.0287241584672128
0,0.0274883127775343
0,0.0223454352954367
0,0.0462047206730899
0,0.0293931880112207
0,0.027408664980086
0,0.0291482632747962
0,0.0294139691299693
0,0.0594489309560455
0,0.1232903388026151
0,0.0292160322583122
0,0.0275325053672563
0,0.027835434846398
0,0.0217916370533365
0,0.0922164594423586
0,0.028538307800726
0,0.0271455411769508
0,0.0044376450816368
0,0.0513746036808479
0,0.0282829756067986
0,0.0287309060837876
0,0.0274816086473118
0,0.027459069927977
0,0.0141317417941127
0,0.0128510291972995
0,0.0277533299922824
0,0.0076457963955525
0,0.0294209344237128
0,0.0075799938219136
0,0.0053889638645705
0,0.0047110817953563
0,0.0244133746531543
0,0.0201489440480946
0,0.0283412559781409
0,0.0368441104200702
0,0.0281260740407407
0,0.0293600750321729
0,0.0266327176388502
0,0.0275063736945464
0,0.0273899388673363
0,0.0292899412672525
0,0.0047109365436918
0,0.0274925464042854
0,0.0277078957533448
0,0.02759268401258
0,0.0284068432800672
0,0.0059671692700717
0,0.0280800395056727
0,0.0434513055322315
0,0.0223855771442309
0,0.0243481015671013
0,0.0114629883158364
0,0.9849047831041696
0,0.0142500260734951
0,0.0292710369017686
0,0.0290867554216378
0,0.0247842911618499
0,0.027590269821742
0,0.029188702950467
0,0.0049606825041774
0,0.0101711455567638
0,0.0287143223778469
0,0.0274790804027919
0,0.0288897642392268
0,0.0294482885299696
0,0.0280506833875665
0,0.0285028477226972
0,0.0075482243133667
0,0.0276304467921885
0,0.0294794208948827
0,0.0273920696523266
0,0.0052997327732044
0,0.0290642576659325
0,0.0295069068961537
0,0.0275599811395355
0,0.0289456457701892
0,0.0258771577222691
0,0.6287386761028756
0,0.0148952165913023
0,0.0037284471938429
0,0.0291973632461069
0,0.0274061738314917
0,0.0099173549053265
0,0.0294058071184464
0,0.0281558568569181
0,0.0242560558718988
0,0.0276055541850086
0,0.003890022506382
0,0.0285894853621553
0,0.0289848364296231
0,0.0283961124355006
0,0.0276472468359763
0,0.0279844222011324
0,0.0292843174946553
0,0.0275968684323714
0,0.0207841507936781
0,0.0080531977779405
0,0.0283620081585853
0,0.0354685186527118
0,0.0062446949949119
0,0.0296148693977674
0,0.02336456696114
0,0.0276380238121997
0,0.0282800302022727
0,0.0288465740730973
0,0.0288512299242723
0,0.028942055293879
0,0.0287144106114041
0,0.0292043956639752
0,0.0441179343090905
0,0.0098605832642517
0,0.0042479661691199
0,0.0285986574395322
0,0.0048743784348246
0,0.0044685757265461
0,0.0275723140675154
0,0.0209832115800617
0,0.0287761827599487
0,0.0073674422136343
0,0.0114284770423829
0,0.0091892278596956
0,0.0291305219605558
0,0.0282456559587357
0,0.027773602208184
0,0.0273602547798423
0,0.0279948213627023
0,0.0062072268238595
0,0.0293574698901019
0,0.0708488285681903
0,0.0293367270339407
0,0.028362566293386
0,0.0291209946895085
0,0.0277728146291792
0,0.0276623739803831
0,0.0350217502212672
0,0.0277463610105948
0,0.0162189700324793
0,0.0023552190909729
0,0.0277439108407053
0,0.0292652914836303
0,0.0059754963104883
0,0.0076644968744764
0,0.0285961015850278
0,0.0038384869783625
0,0.028746639586681
0,0.0275690557583966
0,0.0231929361938147
0,0.0292475293119295
0,0.0185183491857304
0,0.0274537862849786
0,0.0049665366079183
0,0.0294044201650425
0,0.007276082110607
0,0.0045817287257395
0,0.0276333453530537
0,0.0281385230507709
0,0.037219040492476
0,0.0290912025003256
0,0.0275092829768858
0,0.0265999058221612
0,0.012254513893566
0,0.0293964344720453
0,0.0287086351447073
0,0.0124667710395865
0,0.0282886248573611
0,0.0274730798113551
0,0.0277423108507442
0,0.0293492653953463
0,0.0700500565556802
0,0.0292948984805785
0,0.0295105297079647
0,0.0529085648039125
0,0.0276789545916513
0,0.0454524469098449
0,0.0284696347897364
0,0.0279141021011733
0,0.0277736617476319
0,0.0289839045380897
0,0.1199381766638287
0,0.0047900553613063
0,0.0288378578647612
0,0.0279088376911774
0,0.0045083487232552
0,0.0274313678038101
0,0.0274638348602504
0,0.0127390472086702
0,0.0277330997211517
0,0.0261725184182096
0,0.027722738441318
0,0.0281832854456217
0,0.0291760609805661
0,0.0038238106154383
0,0.0274112298022968
0,0.0347029650380028
0,0.0274325733044415
0,0.0274072922458982
0,0.0033150284971323
0,0.0282245519049301
0,0.0294015230744243
0,0.0057070822716502
0,0.0287432817844706
0,0.0277526584233325
0,0.0192118890406331
0,0.0211025584269135
0,0.0288896321206283
0,0.0293464925149251
0,0.027832362673562
0,0.0282678118130505
0,0.0238210614919769
0,0.0286093948858981
0,0.025810504321057
0,0.065809524179133
0,0.0274269177076447
0,0.0274473477164528
0,0.0277994135955914
0,0.0040183816858853
0,0.005714227017669
0,0.0278495863289252
0,0.0055706531584048
0,0.0283927666208694
0,0.0123625588306387
0,0.2314056444905098
0,0.0294232093796872
0,0.0287193911931841
0,0.0274460293246048
0,0.0092241834942914
0,0.0190257055186398
0,0.0276802537932205
0,0.0281017298971056
0,0.0290799824101436
0,0.0285191112580839
0,0.029467050017602
0,0.0094388471459755
0,0.0274134674022191
0,0.0088532179051643
0,0.0270787340446141
0,0.0114537257227347
0,0.0281952370417146
0,0.0055222449497797
0,0.0059371317488153
0,0.0276677242721752
0,0.0293806510060066
0,0.0278066755171806
0,0.027428588036142
0,0.0132517863932917
0,0.0038229347302322
0,0.0274194174760389
0,0.0132988513406899
0,0.0221666953537501
0,0.0095359791787408
0,0.027420503469808
0,0.0292550597047492
0,0.019051800197714
0,0.0244676566556866
0,0.1020147306351605
0,0.0276045986589684
0,0.0041623122444457
0,0.0294346745304917
0,0.0274611826565542
0,0.0278770810607535
0,0.0282108112193029
0,0.0040800530273226
0,0.0277528383052406
0,0.0283844239127777
0,0.0276141661572877
0,0.0292686538873368
0,0.0233993563158384
0,0.0291408751620773
0,0.0280841852050835
0,0.0292114371220795
0,0.0028323115615939
0,0.0288141955346913
0,0.0275319840782748
0,0.0220704964524291
0,0.0287741600803541
0,0.0274447043460662
0,0.9933206716219104
0,0.0073961710019841
0,0.0242677140363558
0,0.0168180637121725
0,0.0277988260501677
0,0.0421958281812295
0,0.0274817734161003
0,0.0057852398644816
0,0.0279857147901563
0,0.0058503050903911
0,0.0279121099900591
0,0.0056445653416811
0,0.0289193712039238
0,0.00786156239121
0,0.0102931930171394
0,0.0285328769428686
0,0.0293902034612359
0,0.02658003540947
0,0.1272721743160356
0,0.0274108914472191
0,0.027622264022167
0,0.0223855771442309
0,0.0080728240253696
0,0.0173005593005664
0,0.0285018477084452
0,0.0276545144667769
0,0.0066796939410488
0,0.0276839873746829
0,0.0504258964333466
0,0.9929543690299084
0,0.0143715827833161
0,0.0038074910126973
0,0.0294739328753041
0,0.0189193740563375
0,0.0289494948934715
0,0.0283135210605884
0,0.0239280193696473
0,0.0290113815135134
0,0.0282384553875983
0,0.0209520901382436
0,0.0274190070476585
0,0.0256762028014708
0,0.0574773986615615
0,0.0275381455842712
0,0.0293336629612838
0,0.029408851354262
0,0.0410211628879407
0,0.6068339317808644
0,0.0052294556184758
0,0.0276155882438326
0,0.027674724431537
0,0.0293809453206508
0,0.0043330573882792
0,0.018447108107497
0,0.029418694267942
0,0.0283696404719932
0,0.00406499585571
0,0.0279494358337044
0,0.0274085551533213
0,0.0275897063500149
0,0.0253896043619767
0,0.0568815528325187
0,0.1100663373275041
0,0.0286975667856779
0,0.0274544357452333
0,0.0242276078083484
0,0.0076059735318008
0,0.0279328640072305
0,0.029418038228726
0,0.0042002876689815
0,0.0284121148348213
0,0.0293569479332062
0,0.0051688523623929
0,0.0293923710985363
0,0.0274073603640663
0,0.050263373177666
0,0.0233700694842778
0,0.0292467273262473
0,0.0038451089503778
0,0.0280654282583304
0,0.0036869736314517
0,0.3443097887145868
0,0.0275491039943569
0,0.0288113327103526
0,0.0274993411270579
0,0.0058898846777514
0,0.0133466105931953
0,0.0286444028119832
0,0.0281751800600238
0,0.0274650773218064
0,0.0290730137560298
0,0.0276338798574527
0,0.0036677488258246
0,0.0104062794779087
0,0.0293985627824647
0,0.0079893384587611
0,0.0289188560891075
0,0.0285958029913729
0,0.0280472406193152
0,0.0281033819490388
0,0.0528872824638588
0,0.0275009746456906
0,0.025566749526964
0,0.0276387183250653
0,0.0285169246691135
0,0.0294207274508802
0,0.0152211031138821
0,0.0375796446089123
0,0.027440442820684
0,0.0288008286652823
0,0.0100698078159722
0,0.0280660482235228
0,0.0052113804652699
0,0.0247044992359232
0,0.0291300745580676
0,0.028913551957552
0,0.5987766212752995
0,0.027975518161034
0,0.0274706383908044
0,0.0295485419241267
0,0.0279574707032802
0,0.021230573177149
0,0.0276195201672971
0,0.0094340751589259
0,0.0053548187667529
0,0.0286704805736858
0,0.0288852104917228
0,0.0242914947114075
0,0.0287155146779869
0,0.0387558373114892
0,0.027670738481379
0,0.0233210684559354
0,0.6393585014875738
0,0.0131979117324606
0,0.0236219215294679
0,0.0181380056836409
0,0.0270141141885133
0,0.029218527044051
0,0.028926656157956
0,0.0291449467672564
0,0.0067259171392323
0,0.0599441937587916
0,0.0285298750169758
0,0.0103143861392556
0,0.0278667192793676
0,0.0089903111523702
0,0.0250611689986592
0,0.0279236418977008
0,0.0248466791421165
0,0.0238250551330656
0,0.0255423045634715
0,0.0617302387233655
0,0.0091274627853351
0,0.115415694753049
0,0.028998433132407
0,0.0283832168084289
0,0.0284509922045406
0,0.0165660645697862
0,0.0278805167234063
0,0.0254400320832479
0,0.0701186778585105
0,0.0126001868898209
0,0.0274609726444676
0,0.0132680309453091
0,0.0290543095365931
0,0.0290289622866521
0,0.0142422226176848
0,0.0019952913888578
0,0.0237138806949428
0,0.0007299425547958
0,0.028996324544038
0,0.0278841741733861
0,0.051052778368903
0,0.0278984640208778
0,0.0142326085998401
0,0.0060442151853421
0,0.0046973197233169
0,0.0084309453555739
0,0.0275007867318213
0,0.0274176406991776
0,0.017194253674459
0,0.0278598982707777
0,0.0288503645679491
0,0.02740895120071
0,0.0290467069258987
0,0.0171573740858468
0,0.0220122838204137
0,0.0148961266379402
0,0.0277630734912573
0,0.0277272197665517
0,0.0274069262053139
0,0.029007276507645
0,0.0289779611842863
0,0.0132398494405303
0,0.0045312099313628
0,0.0280731754129354
0,0.0277473927720851
0,0.0294519246675545
0,0.0283432383877307
0,0.0276353010656643
0,0.0290072362999928
0,0.0062960375837027
0,0.0274551298867337
0,0.0287659835839462
0,0.0274951333029035
0,0.02154526365717
0,0.0283327435159701
0,0.0121095315384621
0,0.0073779710208511
0,0.0261019974464227
0,0.0278592374154052
0,0.0273936996131879
0,0.0274414153875177
0,0.0112954107349989
0,0.0276508227215635
0,0.0274075059843999
0,0.0171846422850297
0,0.0078374238714958
0,0.0280443921436379
0,0.0274128076951877
0,0.0279549370232659
0,0.0168905035188653
0,0.0281739706216321
0,0.0091905053081552
0,0.0065948265760678
0,0.0180568537289477
0,0.0275826949079476
0,0.0244418966004588
0,0.0285703555847278
0,0.0154937161669759
0,0.0243022564833257
0,0.0061549082567
0,0.0289308221930715
0,0.4730415560157653
0,0.0278510886191514
0,0.028822550218003
0,0.0281743215133711
0,0.0278158179602866
0,0.0076393945841102
0,0.0240788833488407
0,0.0293084880738845
0,0.0274402028203026
0,0.0275267456269786
0,0.0748125532897405
0,0.0295167605545825
0,0.0277568371502506
0,0.0261739747198126
0,0.0291498309838672
0,0.0273704346744656
0,0.0033221530740331
0,0.0415025097960528
0,0.0115384427013286
0,0.0216010477882468
0,0.0290287233880686
0,0.0292500884964591
0,0.0293944053575914
0,0.0929191605410678
0,0.0251104280537723
0,0.0172838116992178
0,0.0260195632350713
0,0.0044383941569509
0,0.0275691296127506
0,0.0067130318043855
0,0.0273968980312611
0,0.0280698655699254
0,0.0293784009411102
0,0.02831675178682
0,0.0274115162043386
0,0.0097235303366654
0,0.0212215312394882
0,0.0287266135380555
0,0.003115377949625
0,0.0287039954712802
0,0.0267613419323813
0,0.0236101994752763
0,0.0235519572207721
0,0.0040192635613634
0,0.0130702915519676
0,0.0293245496554043
0,0.0110593976164101
0,0.0071986865246603
0,0.0239341673390793
0,0.0277200432929896
0,0.0285088189553691
0,0.0806017296055473
0,0.0292246822772341
0,0.0291059361392106
0,0.0217633137175889
0,0.023304774752626
0,0.0292923315955972
0,0.005400950561396
0,0.0130727292394583
0,0.0198146537842472
0,0.0189171198210239
0,0.0387846904520702
0,0.0246577715501224
0,0.0289316089827378
0,0.0097570335657632
0,0.0286921357189359
0,0.0281750043177154
0,0.4762536530912353
0,0.2611130328662928
0,0.0293874917139531
0,0.0289878850824979
0,0.0210473230287841
0,0.0354822960865398
0,0.0288631197277709
0,0.0261985662552183
0,0.0274066085496814
0,0.3186175254918374
0,0.003902406188622
0,0.0280120490098555
0,0.0374594877495959
0,0.0290194601528062
0,0.0276236289251313
0,0.0275232688724577
0,0.0293948579170349
0,0.0286447311779593
0,0.0281219087428536
0,0.0277835192232506
0,0.027630584526887
0,0.020561073914724
0,0.0176063999218377
0,0.0049175872065533
0,0.0274254754571847
0,0.0289907703291119
0,0.0579578238108461
0,0.0285749309207961
0,0.029473384589404
0,0.0274362747401344
0,0.006311229792773
0,0.0112182245287885
0,0.0050491017113678
0,0.0240186479064631
0,0.0277429172212356
0,0.029351334834299
0,0.0276743541302712
0,0.0285167148373833
0,0.0062018927535244
0,0.0103592254246287
0,0.0146989900471777
0,0.008746095112079
0,0.0132154345994142
0,0.0292059147094809
0,0.01462741652306
0,0.0156492724344309
0,0.0033997709375438
0,0.0278801107588703
0,0.0283696404719932
0,0.0289591544800608
0,0.0174654122967753
0,0.0039669344338523
0,0.0112988188683986
0,0.033783337133936
0,0.0294298780804562
0,0.0065634417306361
0,0.115321713345017
0,0.0284429648375958
0,0.0021989602319655
0,0.0048184497201493
0,0.0274214785624011
0,0.029002132802737
0,0.0216617532157723
0,0.0294350439482177
0,0.0274537521011246
0,0.029181236798443
0,0.0291847415918132
0,0.0275776489316893
0,0.027618027075628
0,0.0310887957339812
0,0.0275331368632313
0,0.0277693288503074
0,0.0276962748010934
0,0.0178706014880592
0,0.024864598131341
0,0.0287686977858972
0,0.0275097463726288
0,0.0274064097035679
0,0.2269198590546176
0,0.0280301616109814
0,0.028948176338899
0,0.0266269639877941
0,0.0923609357554073
0,0.0277860362186517
0,0.0085876345840063
0,0.0029268787401471
0,0.0278824266132259
0,0.0211504842191191
0,0.0274156176444088
0,0.0143086902268395
0,0.0289313237304193
0,0.0233280509310316
0,0.0294165890609565
0,0.0485018158550103
0,0.111286699584807
0,0.0280963648273211
0,0.012143856459565
0,0.0275503998177754
0,0.0079851583064542
0,0.0275470715918112
0,0.0276394994220264
0,0.0281332468743594
0,0.0083764755096396
0,0.34736742695627
0,0.0026376132231263
0,0.0290149007270837
0,0.0286829195650803
0,0.010668283161882
0,0.0095532816127394
0,0.0213446783816972
0,0.0183741624137477
0,0.0284201547110289
0,0.0274828764465841
0,0.0285744300277116
0,0.027826692219529
0,0.0287330716883532
0,0.0282630159657195
0,0.0162830588867182
0,0.0081564294543239
0,0.0257762449555554
0,0.0240430084995171
0,0.0111380188886709
0,0.0289494616629592
0,0.0128184965523908
0,0.0274814137975138
0,0.0288381444875964
0,0.0274996423976855
0,0.0242133310658225
0,0.0351759624281059
0,0.0282270693643879
0,0.0284051350785312
0,0.0243755291589982
0,0.0233387711388631
0,0.0275716512456053
0,0.0172732341746392
0,0.0286868981509577
0,0.0157518535605372
0,0.0045104192898631
0,0.0280494146853476
0,0.0275495860616907
0,0.0281292223525949
0,0.0286559672697755
0,0.0274101242130634
0,0.0293099073061802
0,0.0286476191409858
0,0.0293751994493021
0,0.0285710685943882
0,0.0287872646091458
0,0.0281613562482403
0,0.0147375377617849
0,0.0282108807240988
0,0.0193583632752964
0,0.02749096391749
0,0.0289836889568239
0,0.0292735975577265
0,0.0285279143535584
0,0.0274446352615372
0,0.0284027038043414
0,0.0282730774681774
0,0.0279190501364139
0,0.0027613231472389
0,0.0274833846342622
0,0.029435443110137
0,0.0283477467508608
0,0.0181392087935658
0,0.0274228277436731
0,0.0283003193197732
0,0.0274449790214093
0,0.0275308753543986
0,0.0732676776384336
0,0.0550123724053375
0,0.0290534430806544
0,0.0285977741649623
0,0.0276040071975391
0,0.0140016189235044
0,0.0058683705875937
0,0.0276713295080871
0,0.0109709763460413
0,0.0250935475879781
0,0.0277118330311599
0,0.0120730769769744
0,0.0061510603967507
0,0.0121865447263768
0,0.0281651284202616
0,0.0290861861252808
0,0.0275697722939027
0,0.0063042558728292
0,0.027782213336701
0,0.0275361273595804
0,0.0292713765254542
0,0.0292215620707101
0,0.0296892023743986
0,0.005209868420852
0,0.0189301895248567
0,0.0243943565804908
0,0.0274611523470554
0,0.010345703564021
0,0.0289060320711063
0,0.0281153790271591
0,0.3999464564279089
0,0.0278441154679035
0,0.0293648432015243
0,0.0394340373661778
0,0.0190143824847075
0,0.0276221350273426
0,0.0276421570459842
0,0.0278912865568029
0,0.0290144842597614
0,0.0282031329935044
0,0.0290132290614664
0,0.0278037800019211
0,0.0063321149088011
0,0.0274269335753773
0,0.0282435343011219
0,0.0258702619611048
0,0.0257445211132019
0,0.0279116996345668
0,0.0287859681295702
0,0.0284855303094464
0,0.0274516460328262
0,0.0287787022076027
0,0.0045639613485293
0,0.0282721657232397
0,0.0015743411223631
0,0.0285806861925604
0,0.0280487652847159
0,0.0274054330862201
0,0.0285795639753903
0,0.0057715935419739
0,0.0280356436656471
0,0.0284298416440404
0,0.0071787184202483
0,0.0061566280752193
0,0.0292941704367951
0,0.029178271583683
0,0.0291532824347501
0,0.0274588997504611
0,0.0284317992781384
0,0.003663369552917
0,0.0274603867557608
0,0.0274728456743183
0,0.004902456886215
0,0.0278009206566585
0,0.005331859299038
0,0.0289004605120006
0,0.0970370033444596
0,0.0407769192649551
0,0.0286329844564025
0,0.0052746402898387
0,0.0274541116058882
0,0.0274249023715453
0,0.0280164460974396
0,0.0274236258489568
0,0.0224567408095549
0,0.0274361151707731
0,0.0278413107855796
0,0.0824770917373659
0,0.0048804543794049
0,0.01405956997469
0,0.023280856992573
0,0.0274350018420283
0,0.0285431783116591
0,0.0277084728325398
0,0.0288358713166237
0,0.0292524205251491
0,0.0280715691901641
0,0.0276373440495744
0,0.0290951176798224
0,0.0242394480332599
0,0.0280308125510672
0,0.0250943716851008
0,0.0287107754729952
0,0.0279147026614215
0,0.0290626988822566
0,0.0200976492719612
0,0.027633795059792
0,0.029237201462871
0,0.013140451911376
0,0.0058381623179584
0,0.0253251297090343
0,0.0172038550012838
0,0.0101466053577472
0,0.0224122941731122
0,0.029142168066144
0,0.0289635774082875
0,0.1099256715427085
0,0.0288981811199877
0,0.0274593924253378
0,0.0282112961771825
0,0.0703556221580213
0,0.0282930617563241
0,0.0286305070604346
0,0.0286655823651688
0,0.0253066904427976
0,0.0291739447300783
0,0.0048825645061522
0,0.9335796730260424
0,0.0280961820617493
0,0.1456681343252677
0,0.0251692424741009
0,0.0274867413016689
0,0.0289154758833028
0,0.027449271769637
0,0.0104757570624646
0,0.0285910306442011
0,0.0274118151977793
0,0.0276032257172219
0,0.1067665361997802
0,0.0294465260894383
0,0.0294310184424567
0,0.024746448631606
0,0.0283773289800656
0,0.0057710032821614
0,0.0295038719668661
0,0.0286632283255795
0,0.0087051634212911
0,0.0170825712957122
0,0.0293798646651452
0,0.0106378580569718
0,0.0276132658928344
0,0.0274180021915478
0,0.080927345968096
0,0.0032074391121544
0,0.0173643593699538
0,0.0291402990711765
0,0.0286300882338597
0,0.0275529405101442
0,0.0065539434522197
0,0.0098093532902432
0,0.1404030618988302
0,0.0283227019706027
0,0.0288808611841775
0,0.0294030119216415
0,0.0029517174822445
0,0.023253468228952
0,0.0070838764905912
0,0.0274722370384911
0,0.0726068659126859
0,0.0280521482786387
0,0.0295737244127002
0,0.0284034270443088
0,0.0262114050218236
0,0.0277976829216269
0,0.0274182266841518
0,0.0276834468979973
0,0.0420850306491856
0,0.0293231180092413
0,0.0287204725545609
0,0.0281342224798631
0,0.0273962909591942
0,0.0278908534972562
0,0.0054681515793588
0,0.0088404835204376
0,0.028863749150773
0,0.0289416301752865
0,0.0274224408700104
0,0.0274150244525031
0,0.0275982988487085
0,0.0257662725048795
0,0.0291628699540538
0,0.0259891636439075
0,0.0293253205361549
0,0.0268277720972035
0,0.0067026671969454
0,0.0275496903876402
0,0.024493237623885
0,0.1219320818354303
0,0.0294266020813239
0,0.0280120490098555
0,0.0280473925718931
0,0.0293073321993937
0,0.0067502225337053
0,0.0306688294378882
0,0.0285473189749818
0,0.0040675297818122
0,0.028371960856285
0,0.0287990661855344
0,0.0278631888777282
0,0.0276239196601742
0,0.0283145407287766
0,0.0284946397792492
0,0.0030977851254684
0,0.0274952686250436
0,0.0281021963258631
0,0.0258097886904588
0,0.0278120209046479
0,0.0211866372208628
0,0.0293674739397427
0,0.0090563246254264
0,0.0165833524130688
0,0.0252360627615394
0,0.4160894923168607
0,0.0281559008496221
0,0.0272866833877471
0,0.0274127506229869
0,0.0277079731905744
0,0.0234551356652059
0,0.029143171033864
0,0.0287867021025062
0,0.0030336881927477
0,0.0117622600549364
0,0.0247234044309463
0,0.0287616636559541
0,0.014556610485467
0,0.029122698358361
0,0.0212530856752755
0,0.0084904401854758
0,0.0255262799928756
0,0.0285603771877308
0,0.0270274491770318
0,0.003793716487136
0,0.0048866279506224
0,0.0234623771294114
0,0.0222210046893345
0,0.0275242159419052
0,0.027417510019925
0,0.0057245307715204
0,0.0089635904310821
0,0.0279072078079969
0,0.0081017046973331
0,0.0429326978215018
0,0.0251776591245303
0,0.0277722678774792
0,0.0255737957551578
0,0.0039427148708714
0,0.0288771144002366
0,0.028107240742034
0,0.0040282441740028
0,0.0278540922940436
0,0.0043103044354778
0,0.0281287417955065
0,0.02214756351494
0,0.029359637140189
0,0.0279667978309678
0,0.0299209537207866
0,0.0293924179099627
0,0.0085833768124227
0,0.0287912880285798
0,0.0277007416276474
0,0.0274523493907841
0,0.0156978915454058
0,0.0294797198577924
0,0.0241516403433652
0,0.0286443925499122
0,0.0294805822413099
0,0.0156140761202739
0,0.0761280595249663
0,0.0240304025907995
0,0.0291302204936143
0,0.0274367484345713
0,0.0248730618918971
0,0.0136094719803695
0,0.0112233329333108
0,0.0294476372059688
0,0.0277779930579537
0,0.0105880072534287
0,0.0070331033175194
0,0.0288832616418468
0,0.0061798447523489
0,0.6293435025096771
0,0.0290185461154106
0,0.0278520246115522
0,0.0118567165853927
0,0.0041570917308614
0,0.00516538085745
0,0.0052202014630552
0,0.0141197879994837
0,0.0280429885540528
0,0.0280637275102902
0,0.0274076729715462
0,0.0157680884208641
0,0.0275641013624169
0,0.0283729068467541
0,0.0073247258082153
0,0.0040328484857038
0,0.0294047918667711
0,0.0293885405035168
0,0.028817904441222
0,0.028098186166881
0,0.0085681320688295
0,0.1043038548694668
0,0.0141375267495363
0,0.0294064869602875
0,0.022520145370387
0,0.0280767073659917
0,0.0193023717326033
0,0.0292721097156233
0,0.0228610338665282
0,0.0277034996040571
0,0.112162663548636
0,0.0042249956570052
0,0.0292964694935545
0,0.0273754796623715
0,0.027762775092784
0,0.0265967265521712
0,0.0290064952247793
0,0.0682282286958349
0,0.0275665911902167
0,0.0278454436236708
0,0.0275550655875342
0,0.0281122483455708
0,0.0098078819527373
0,0.0279623381124942
0,0.0244439824480354
0,0.0251276670189766
0,0.0274177591504404
0,0.0249627024359283
0,0.0180883500666159
0,0.0253608495333865
0,0.0229684505548211
0,0.6391069225773489
0,0.0282729753853706
0,0.0293424495935411
0,0.0233640458480267
0,0.0173277110066771
0,0.0284891678347769
0,0.0062549997199807
0,0.0111003436451441
0,0.0257571929610837
0,0.0277718554469949
0,0.0108836581166712
0,0.0294015267827727
0,0.0293298096100724
0,0.00366558285581
0,0.0282409074351368
0,0.0289592831676295
0,0.0237808142486132
0,0.02850078321146
0,0.0248679278490663
0,0.0284552346135047
0,0.0235430332187797
0,0.0026434217045576
0,0.0696792641325645
0,0.0275881626448218
0,0.0036633945299876
0,0.0292549260464771
0,0.0275953879459542
0,0.0292181162454687
0,0.0278890617664244
0,0.0285136813650368
0,0.0278001761879558
0,0.0251738436527653
0,0.0235824122286274
0,0.0213033715521341
0,0.0293474988633654
0,0.0274834130920915
0,0.0279142268437622
0,0.0279297673171645
0,0.0041081498404417
0,0.0143492850289117
0,0.0274616124276848
0,0.0198237735113942
0,0.0277949510358963
0,0.0277871621065105
0,0.0278988189223583
0,0.0094855089365838
0,0.0291498552326305
0,0.0274687458736912
0,0.0280183694344748
0,0.0112656991095595
0,0.0279757568443791
0,0.0083657297887061
0,0.0059828749978966
0,0.0292643909608543
0,0.0286820234224767
0,0.0111787533395914
0,0.0286582978379541
0,0.027457574112496
0,0.0277276734092828
0,0.0077629972357006
0,0.0124597511439399
0,0.0283860586125376
0,0.0289238733246009
0,0.028373763425265
0,0.0274519817060511
0,0.0274332777114369
0,0.0278581134205415
0,0.0284645502431091
0,0.0233731609295556
0,0.0294163125442596
0,0.0117758994602455
0,0.0240311209270436
0,0.0292675174266783
0,0.028933579048951
0,0.0239278234344937
0,0.0250906884304791
0,0.0032008919966325
0,0.0095596299380205
0,0.0290346060124432
0,0.0292730797929697
0,0.0280064845592033
0,0.0127501473019607
0,0.029308427950117
0,0.0277883282151852
0,0.0282091769265745
0,0.0273906892602529
0,0.0278762168242245
0,0.0048158679313014
0,0.0276942387815062
0,0.0075754219012865
0,0.0279986941776234
0,0.0212298707156246
0,0.0289617589500353
0,0.0277681463725107
0,0.0882046841337141
0,0.0280013708048828
0,0.0660640073541817
0,0.0283451699637669
0,0.0058374850944671
0,0.0273755958414191
0,0.0038911701830745
0,0.0277064749434414
0,0.0294802472710078
0,0.0289902497198695
0,0.0294451304833729
0,0.0285092209544722
0,0.0181584305155984
0,0.0346921364436614
0,0.0289818472101614
0,0.028675860325744
0,0.015911789175593
0,0.0281750043177154
0,0.0279366997418994
0,0.0867720829453817
0,0.0280914449200616
0,0.0281204370393962
0,0.0189876312876915
0,0.0276878934691721
0,0.0281999394529606
0,0.0274632043566558
0,0.0287028010397829
0,0.0287274898005703
0,0.0277488957764352
0,0.0242001956016782
0,0.0274681752873044
0,0.0274344722883733
0,0.0293679415041199
0,0.0175661295778889
0,0.0278613811888415
0,0.0275492804794894
0,0.0104008189960566
0,0.0291126353310484
0,0.0290507541726326
0,0.0248483243205595
0,0.0136829915236551
0,0.0289642129878402
0,0.0281070793606846
0,0.0288692441198739
0,0.027409776949812
0,0.0072605615683805
0,0.0198632106214459
0,0.0155137846523295
0,0.0027022339890115
0,0.014857446207222
0,0.0480560412139601
0,0.0276566220987547
0,0.0288647148761439
0,0.1700303694271603
0,0.0399275461795796
0,0.0277593649667279
0,0.027587333449113
0,0.0037169108181328
0,0.0290276079945447
0,0.4763173569093278
0,0.0283678174583591
0,0.0278593126304006
0,0.0113127858034576
0,0.0124228501231432
0,0.0293829425623955
0,0.0277184620290978
0,0.0293080849899168
0,0.006512863607565
0,0.0276381870959645
0,0.0218075310239384
0,0.0285903274028947
0,0.003670311310488
0,0.0744333869943715
0,0.0284887195368998
0,0.0283534649876292
0,0.0278884648011898
0,0.005452662926493
0,0.0068738506375226
0,0.0668423647383968
0,0.0298421321860237
0,0.0158251193677121
0,0.0294053682288756
0,0.020665959879001
0,0.0747084942561791
0,0.037021130036585
0,0.0231775623563577
0,0.0293939793529643
0,0.0184897020183195
0,0.0275767817120183
0,0.0275259345810476
0,0.0258370331199676
0,0.0515103892433732
0,0.0274850144159202
0,0.0277222177518352
0,0.0277975055379389
0,0.0274377361973902
0,0.020070933905757
0,0.0195944154461221
0,0.0057736656828985
0,0.1713561046435158
0,0.003348927255702
0,0.0285179182744062
0,0.0274844381171659
0,0.0291135398588122
0,0.0159403596046258
0,0.0057134868833544
0,0.0279328055232785
0,0.0292376836615691
0,0.0274443197099405
0,0.0289791472249338
0,0.0078048845675295
0,0.0294392582775363
0,0.0280095307608131
0,0.0282617449848944
0,0.0063631971908905
0,0.0294061018460735
0,0.1297969380725425
0,0.0049375994660466
0,0.0282735014206857
0,0.0290449952806301
0,0.027737532932975
0,0.0288594006855551
0,0.0280765263499161
0,0.0062677452639051
0,0.0277276734092828
0,0.0057087994876075
0,0.0274694701534706
0,0.0294037753312796
0,0.0277149245971862
0,0.0699213828612807
0,0.0293941304667184
0,0.0239196771418753
0,0.0288751048553143
0,0.0290735201386226
0,0.030454913593794
0,0.5332171877259955
0,0.0274748273478477
0,0.0281388169872534
0,0.0274157415860211
0,0.0280037915676059
0,0.0274023575570379
0,0.0705005864295206
0,0.0167288255679131
0,0.011884807045682
0,0.0278165515698685
0,0.0225041608017272
0,0.0036574953347224
0,0.0287427064775876
0,0.0268783150840581
0,0.0153521763534263
0,0.0041571728643627
0,0.0546694360608176
0,0.0055863540922752
0,0.0274942977478326
0,0.0284844667785716
0,0.0275050091754199
0,0.0288346385851771
0,0.0285626169652774
0,0.0275955712774293
0,0.0287392620057616
0,0.0280064845592033
0,0.0050096089603791
0,0.2966154154006455
0,0.0288905855731018
0,0.5899790977187069
0,0.1791862214020685
0,0.0533784649016603
0,0.0275536375351709
0,0.0293030105954092
0,0.0264716580440591
0,0.0072414695168811
0,0.0267236044477642
0,0.0274983322542968
0,0.0038649489506403
0,0.028595827337637
0,0.0258027318741341
0,0.0279650069324683
0,0.0064579952011244
0,0.0278277976927422
0,0.0125853245037608
0,0.0035026588977421
0,0.0700220047266919
0,0.0066868085954457
0,0.0072396351058366
0,0.04235900708684
0,0.0112538680573097
0,0.0274309173919524
0,0.0280291925320668
0,0.0287088444373339
0,0.0053773981387271
0,0.0285160001974045
0,0.0274923402318429
0,0.0245672223570658
0,0.0210473230287841
0,0.0286385223313577
0,0.0277265450486046
0,0.012556567214209
0,0.0053492601817858
0,0.0210246627667218
0,0.0291194691260779
0,0.0286650737918866
0,0.0293984876286886
0,0.00806346254106
0,0.005860805723106
0,0.0291110902013019
0,0.0291210039200882
0,0.0060481627679434
0,0.0158150470813724
0,0.0279421356667538
0,0.0292595692370582
0,0.0285567185317154
0,0.0276363626962146
0,0.0278054335692445
0,0.004696531128272
0,0.0291877937963538
0,0.0287357510948419
0,0.027582371646034
0,0.0162935467535924
0,0.0288556910036159
0,0.0281239111113047
0,0.0892937830009416
0,0.0270295844584003
0,0.0274188698470748
0,0.0276891772971351
0,0.0278190337618574
0,0.0284819291059849
0,0.0293371731287625
0,0.0291948098467561
0,0.0274032646398542
0,0.0274150277944864
0,0.0288614460376652
0,0.025135668288231
0,0.0183160541123174
0,0.470267183451866
0,0.7654998310847428
0,0.0010944821334743
0,0.0281342224798631
0,0.0092330881061286
0,0.0290518332418222
0,0.0057043041174964
0,0.0170292005691345
0,0.0287869878806118
0,0.0276001013032795
0,0.0277284972114342
0,0.0289216666727964
0,0.096427826743687
0,0.0735063292376042
0,0.0281070644643126
0,0.0078055186372338
0,0.0282249659249512
0,0.027720911629935
0,0.0278187060084515
0,0.0266877104219224
0,0.0276804438872691
0,0.44458646272635
0,0.0205661114938044
0,0.0143751460071352
0,0.0130985115614501
0,0.3654531729154787
0,0.0290037296479761
0,0.0048118871107069
0,0.0200811330405408
0,0.0064032566422657
0,0.0669541042621861
0,0.0131367977419413
0,0.0222875164243248
0,0.028159884216866
0,0.0274528649062049
0,0.0189078855560572
0,0.0292741442012838
0,0.0054584687468348
0,0.0206167458489691
0,0.0289852206618573
0,0.0277111498363197
0,0.0278818940784341
0,0.0274061394030669
0,0.0292627496800527
0,0.0274338608236558
0,0.0279996727619934
0,0.0171074026416075
0,0.028521661225252
0,0.0285131066636997
0,0.0279523620398586
0,0.0283202318628332
0,0.003174349824754
0,0.0635215319405752
0,0.0288058921317312
0,0.0281620869990268
0,0.0147383679330016
0,0.0289383742972141
0,0.0127359804955063
0,0.0283510623210559
0,0.0276974317887928
0,0.0252963869410938
0,0.0287470889647118
0,0.0283259680987246
0,0.0295460011763333
0,0.0080884159678414
0,0.0274504604462471
0,0.0202098002364438
0,0.0204463512338182
0,0.0108545359318662
0,0.0280432451227814
0,0.0279967848698718
0,0.0277596006271943
0,0.0125236450411036
0,0.0283924517851754
0,0.0291060420111634
0,0.0055566697799016
0,0.0440066873490577
0,0.0277366220224105
0,0.0763192979105816
0,0.7657178311488155
0,0.0042187371481415
0,0.0248693456526258
0,0.0247041676767102
0,0.0282695235393301
0,0.028507774766081
0,0.0048655914185958
0,0.0358509109232951
0,0.0292377122352707
0,0.0263747733875679
0,0.0286482836789444
0,0.0282348985014876
0,0.0293362844785086
0,0.0274185538339
0,0.0286491164689552
0,0.0291423651096121
0,0.0290644956626563
0,0.0279116996345668
0,0.0275741028768961
0,0.0125681275455751
0,0.0059742170230801
0,0.0284349180997431
0,0.0274685438202446
0,0.4024336434488578
0,0.0285827675892816
0,0.0212274319823804
0,0.0280405191926942
0,0.0274289849239478
0,0.3649364160555949
0,0.0241590195609006
0,0.4730415560157653
0,0.0290063132645946
0,0.0288875179862653
0,0.0103209073871587
0,0.0292708301035802
0,0.0276332620846289
0,0.0289784091260698
0,0.0293245166239682
0,0.0056984810060352
0,0.052382180571122
0,0.0094364173966496
0,0.0276926101118839
0,0.0294424039171171
0,0.0274311073914745
0,0.0221553187983849
0,0.0050164341363547
0,0.0120460348942954
0,0.0274483142549271
0,0.0033271259609835
0,0.0274278590827709
0,0.0933426210797339
0,0.0285127699429355
0,0.0275849274701073
0,0.0278657755582182
0,0.0274551298867337
0,0.0097849573346238
0,0.0287230956557333
0,0.0281017298971056
0,0.0105356657651784
0,0.0293214939570458
0,0.028416486942793
0,0.0285099101967404
0,0.0233434623948639
0,0.005948753561155
0,0.0284698926609186
0,0.0288921734064911
0,0.0327471226167159
0,0.0286541049389478
0,0.0072366045336553
0,0.0287193417590709
0,0.0085688405663157
0,0.0294362113849725
0,0.0279556101031627
0,0.0157820823808394
0,0.0196972066312983
0,0.0157200303503675
0,0.0156747699479785
0,0.0245405127860687
0,0.0292885595093166
0,0.0270726251118613
0,0.0276531770068522
0,0.0532371214670726
0,0.0255327663001308
0,0.0295358603177016
0,0.0289419214246399
0,0.0283203545298313
0,0.0290106847061516
0,0.0276924216168669
0,0.0372122401875886
0,0.028333154974611
0,0.0271482457042259
0,0.010126610147677
0,0.0283554703925755
0,0.0293765947044588
0,0.0216312481000361
0,0.0291913600874322
0,0.0293952765184844
0,0.0050829142282545
0,0.027947701318141
0,0.0486445176738813
0,0.0075714461546288
0,0.028377857079791
0,0.0045117291014831
0,0.0274826260848557
0,0.0027653821637302
0,0.015580211639584
0,0.0281286438418957
0,0.027924743110602
0,0.0293981933967798
0,0.0054812529306042
0,0.0287929979113907
0,0.0275121613927019
0,0.0279120805871288
0,0.0276040379993528
0,0.020468798511978
0,0.004883026839225
0,0.0275470875749687
0,0.0288131762086367
0,0.0274922097023606
0,0.0235465038457718
0,0.0285217325216854
0,0.0275433681558133
0,0.0237511549681281
0,0.0290824430707933
0,0.0053788675742567
0,0.6591421584646922
0,0.0274985635032079
0,0.0232066423026817
0,0.005449860979657
0,0.0265425534085653
0,0.0160280568161561
0,0.0292915233627269
0,0.054168822583069
0,0.0039110300587999
0,0.0053038062176073
0,0.0280649244716433
0,0.0281066960901933
0,0.0276006346299696
0,0.0053130367082806
0,0.0185361637193598
0,0.0289474844018961
0,0.0275009746456906
0,0.0288916103596362
0,0.0287455893017501
0,0.0289255313409857
0,0.027524978035091
0,0.0293570400436234
0,0.0278461564495993
0,0.0166567199453045
0,0.0052650140949655
0,0.0045536399581171
0,0.0282119205601928
0,0.0107412506373864
0,0.027418697237426
0,0.029960170019276
0,0.0293893607624777
0,0.0277833783352384
0,0.0234740669279539
0,0.0289378409361025
0,0.0234721087788785
0,0.0216289315519449
0,0.0101735617179868
0,0.005084056327919
0,0.0234366002453155
0,0.0295413500827192
0,0.0268505445789589
0,0.027439752460575
0,0.0275309569397711
0,0.023782600366935
0,0.0284522576309381
0,0.0274193461085474
0,0.0289755598112691
0,0.029310632060017
0,0.0098417158071126
0,0.029292938858734
0,0.6661783869427166
0,0.0282064702753341
0,0.0293838882388959
0,0.0226312526854171
0,0.0280558637270129
0,0.0277137577348454
0,0.0053464482765135
0,0.0275444959952812
0,0.0246177075120854
0,0.0293573672795288
0,0.0032206943693934
0,0.0284468210681658
0,0.0704554891702924
0,0.0040495652018991
0,0.0093756404757675
0,0.0284091224363549
0,0.0274516962605312
0,0.0288922033809592
0,0.0274644616605347
0,0.0095875148852688
0,0.0282954908990573
0,0.0063140033147823
0,0.0045609966782453
0,0.0188948430904828
0,0.0289684262250533
0,0.0141443540510922
0,0.0293971291776045
0,0.0261712768167271
0,0.0293470802552184
0,0.0046289720124687
0,0.0448630958966194
0,0.0330119297166087
0,0.0163771011870117
0,0.0274183070714658
0,0.0277541061765845
0,0.0277255458637803
0,0.027808804127716
0,0.0274107275266133
0,0.0285328595899926
0,0.0293155663266203
0,0.0281966212628647
0,0.0288155773448764
0,0.0277141471324372
0,0.0257042906718075
0,0.0042564154208099
0,0.0067258204429178
0,0.0227283459438866
0,0.0031502822044345
0,0.0136892991760586
0,0.0274065582516261
0,0.0249451203412526
0,0.0243785314751317
0,0.0228532213963141
0,0.0283700466296029
0,0.0278118571945265
0,0.0293693529183337
0,0.0230971095206854
0,0.005117206382049
0,0.8484412789094589
0,0.0276025800347046
0,0.0103615827036904
0,0.0292247786565617
0,0.0287504199238061
0,0.0249659092175453
0,0.0285960400466711
0,0.0286649942119596
0,0.0268978692096264
0,0.0041629874860775
0,0.0293466973494297
0,0.0230911154280101
0,0.0275527488598572
0,0.0258040595614325
0,0.0273723587498737
0,0.0034593620592143
0,0.0792389065649544
0,0.0293761070163129
0,0.0294185049094068
0,0.0045095944399891
0,0.0274153362821583
0,0.0281597797580287
0,0.028728674041964
0,0.0276695626647341
0,0.0294308637057198
0,0.0283419831187425
0,0.0274045136512006
0,0.0240860613416726
0,0.0293127148613485
0,0.0278837897490554
0,0.0200927189983917
0,0.0292225797085028
0,0.5990801655353738
0,0.0339460001297711
0,0.0275314548083654
0,0.0285687761770649
0,0.0282093279284522
0,0.0159265422885893
0,0.0261161083299887
0,0.0292637337007571
0,0.0292682736860151
0,0.0075090010997057
0,0.022995891675122
0,0.028705077175781
0,0.0065015410874083
0,0.0056090658929846
0,0.0073443695819921
0,0.0274963553504788
0,0.0294130324312572
0,0.0989351383914943
0,0.0235294371878441
0,0.0578590093110107
0,0.0280698189888921
0,0.0291671200191588
0,0.0278857582053259
0,0.0130851966452536
0,0.0278263321122583
0,0.037808520842303
0,0.0289136651257863
0,0.0288397171497023
0,0.0275617177408574
0,0.0285080686240189
0,0.0859494747056571
0,0.0034852791809907
0,0.028841377898603
0,0.0097534519677082
0,0.0265633614736152
0,0.0293856030042005
0,0.0290567354619856
0,0.0044544498362432
0,0.02875029207321
0,0.0286707894734603
0,0.0260053867329549
0,0.0292437666508928
0,0.0278884648011898
0,0.0057505258694906
0,0.0279516532766396
0,0.0292040906990302
0,0.027469796757472
0,0.0254029515617337
0,0.0285323841793978
0,0.0276545465923738
0,0.0277010110561582
0,0.0281565822539877
0,0.00570369805982
0,0.0278846724142866
0,0.0274862256035255
0,0.0103419276840512
0,0.0281868439969473
0,0.027537571291303
0,0.0275798714469925
0,0.0281401566866124
0,0.0282217065522392
0,0.0280037464242316
0,0.0284117939723515
0,0.004206668202914
0,0.0287213030712543
0,0.028376003132464
0,0.0097499508404308
0,0.0052255865177313
0,0.028047015151277
0,0.0295948549258335
0,0.027444961306186
0,0.0294409567512528
0,0.0278576156682278
0,0.0095147496607385
0,0.024479042168012
0,0.0195715254655478
0,0.0150853916816179
0,0.0289525633797228
0,0.0015051955243251
0,0.0626636485232372
0,0.0279045735542172
0,0.0292629474541976
0,0.0279253772291208
0,0.0642965383525282
0,0.0282172336321887
0,0.0038180154029371
0,0.0044271566107267
0,0.0286537774998773
0,0.0064107265698808
0,0.0274915453931404
0,0.0287139324980975
0,0.0278514926485226
0,0.0036104718334786
0,0.0291954484387888
0,0.0245752904972972
0,0.0212476885995759
0,0.0274194716720859
0,0.0277281037409458
0,0.0285820837793654
0,0.0274089474637919
0,0.0268583739483646
0,0.0076902424454885
0,0.0274476431403101
0,0.0274963922562283
0,0.9133964980292426
0,0.0054231284404904
0,0.0275438503358835
0,0.0382575520365782
0,0.0251868633435931
0,0.0284291183911669
0,0.0293775916238301
0,0.0291667549017258
0,0.0281491182037735
0,0.0255400944114919
0,0.0280518038516198
0,0.0284003233771581
0,0.0275322386305206
0,0.0023033063071094
0,0.0287791950953625
0,0.0695258568669936
0,0.0293654885713714
0,0.0023819408114772
0,0.0276275000982511
0,0.0039418874544574
0,0.0193283096855941
0,0.0288510779300061
0,0.0275333373416611
0,0.1316323683018812
0,0.0238042946456379
0,0.0059888569551164
0,0.0276896827775865
0,0.093709350136838
0,0.0274492970128363
0,0.0188735830048528
0,0.0231946934048842
0,0.0285459688447995
0,0.0033503463015537
0,0.0231007048981451
0,0.0196815942017332
0,0.0100563555776346
0,0.059845957974047
0,0.0275567194980057
0,0.0277533807249658
0,0.0057927785877206
0,0.0037339085899784
0,0.0058250418410644
0,0.0262033982731696
0,0.0054785881577364
0,0.0286071805730496
0,0.1903258898832031
0,0.0280637275102902
0,0.0289615294477795
0,0.0033455267986727
0,0.0203415836557341
0,0.0279955662538593
0,0.0206016018428582
0,0.0287552176711874
0,0.0294018500177257
0,0.0288934824986723
0,0.0257934838754587
0,0.028084438484983
0,0.028706365238919
0,0.0055959611394822
0,0.029372495114431
0,0.0293931907820028
0,0.0383225148600626
0,0.0068729985766271
0,0.027529966643563
0,0.0274288964763597
0,0.0029225232008574
0,0.0292142726740152
0,0.0274381362832613
0,0.0092034878487815
0,0.0052591440324664
0,0.0288849820508808
0,0.0271536804855937
0,0.0288924534631584
0,0.0289940993781524
0,0.0210968013835075
0,0.0061327614630773
0,0.0275196132617006
0,0.0264379120129294
0,0.0293775675362492
0,0.0280962005855385
0,0.0432320265337296
0,0.0233400159385217
0,0.0284144416086371
0,0.028890401867111
0,0.0130439665120683
0,0.0282416749200077
0,0.0207352080783616
0,0.0274486845227455
0,0.0186039992516619
0,0.0281230021491761
0,0.0036562069286361
0,0.0293742394625761
0,0.0277205973171129
0,0.0276363369992714
0,0.0282079155012773
0,0.1850594743711592
0,0.0279845831186378
0,0.0277395027360317
0,0.0382437607905679
0,0.029188533954218
0,0.0200131159405125
0,0.0161724047859191
0,0.0231406863334739
0,0.0192213735007757
0,0.0242644452862444
0,0.0283854446652727
0,0.0279487480943929
0,0.0284691332033575
0,0.0047165739982336
0,0.0530511131238186
0,0.0278600121798205
0,0.0241640758378909
0,0.0062501362478072
0,0.025869928817294
0,0.0205114495458902
0,0.0131073066423657
0,0.0280948730169416
0,0.0226625915485264
0,0.0293725811905528
0,0.0287125153476812
0,0.0274904962386323
0,0.0637750886592112
0,0.02852192438566
0,0.0275134609619641
0,0.0217235523797803
0,0.0285396552659829
0,0.0097592259482639
0,0.0139430860997478
0,0.0285193532677657
0,0.0293689049936281
0,0.0281718637527825
0,0.0288278479626787
0,0.0172403243205887
0,0.0295865511114871
0,0.0283330251073227
0,0.0236166818459039
0,0.0194172554966922
0,0.023595326476502
0,0.0289642129878402
0,0.0236445331401817
0,0.0293902236862435
0,0.0177961566177685
0,0.0070293433583521
0,0.0160397486968316
0,0.0064057826565109
0,0.0058457921355197
0,0.0280496947573822
0,0.0069862833171808
0,0.0061099580132772
0,0.0149338505301574
0,0.0066074557485316
0,0.0158554168191938
0,0.0925981868226606
0,0.0269820769201722
0,0.0057934710150055
0,0.0292457500571593
0,0.0291024264261147
0,0.027493980362759
0,0.0053835358526341
0,0.0162899929386435
0,0.0044891960535912
0,0.0084368386367819
0,0.0278211788508675
0,0.0285860378689107
0,0.0293435221300015
0,0.0088326712192539
0,0.0204189258117361
0,0.0292612187582053
0,0.0290393928588656
0,0.0293991510277919
0,0.0280192860709933
0,0.028018449877828
0,0.0288814326195455
0,0.0293999114697766
0,0.0054227287371614
0,0.0291697236283748
0,0.023441407638128
0,0.0124413093563707
0,0.0224516819143399
0,0.027560835266981
0,0.0285330570654112
0,0.0272713083522021
0,0.005295137350671
0,0.0235530594511704
0,0.0260037695413262
0,0.0277375596492049
0,0.0039508244097553
0,0.017431397690137
0,0.028862176381945
0,0.0031340752868618
0,0.1109962178686008
0,0.0115723323501367
0,0.0774879807445286
0,0.0145236558401785
0,0.0065041547535566
0,0.0141078148185039
0,0.0234234832082208
0,0.0041020704808235
0,0.0033514105796665
0,0.0279975466368857
0,0.0289871958565105
0,0.0294620662144168
0,0.0275220159232687
0,0.0029282206119471
0,0.0095884554730577
0,0.0275067700018609
0,0.0258979852851253
0,0.0276305035012126
0,0.0130807504059622
0,0.0286855044136067
0,0.0216976666911273
0,0.0274138518861579
0,0.1059919545823778
0,0.0177078127357981
0,0.0213943408017525
0,0.0015455211830949
0,0.008901576947046
0,0.0291595041436465
0,0.0039565673657903
0,0.0274408200241665
0,0.0276529849537112
0,0.0687065373417739
0,0.0295293549463368
0,0.0283653810304287
0,0.0293484939848416
0,0.0031066621452115
0,0.0276780192533243
0,0.0286763242316494
0,0.0288644398297777
0,0.0274867725832534
0,0.0274557114315569
0,0.0233703190780652
0,0.0274655027730694
0,0.0286106323444583
0,0.0286676531413088
0,0.6761155591252159
0,0.0053111990209277
0,0.0073205027750751
0,0.0201691248579516
0,0.0281073813588984
0,0.0279108367664368
0,0.028868192370561
0,0.0274248126769645
0,0.0290047229903481
0,0.0314744836936988
0,0.0274982468580402
0,0.0935887490348665
0,0.0275505827672045
0,0.0293170232394794
0,0.02829237097404
0,0.0076668089635468
0,0.0277187222005321
0,0.0650517678672154
0,0.0287763346842108
0,0.0044717513395913
0,0.0198328727556479
0,0.0279118110142836
0,0.04504477742764
0,0.0044918701642437
0,0.0274884463599605
0,0.0292167892463574
0,0.0284289688944239
0,0.0281280920324325
0,0.0211209569551401
0,0.0294990131207694
0,0.0188465657291708
0,0.0294203455721217
0,0.0218915781293
0,0.0056753250520245
0,0.0282088575392532
0,0.0274846259670627
0,0.027556552331927
0,0.0276252657182895
0,0.0036323913571936
0,0.0248402768463952
0,0.0213688832268648
0,0.0273748476466932
0,0.00230557975394
0,0.0294433871315608
0,0.0225003641455045
0,0.0283743396659031
0,0.0275563311795844
0,0.0290695815128491
0,0.0290426357644281
0,0.0062249110010433
0,0.0059560037490541
0,0.0286711435930344
0,0.0292555348885403
0,0.0241160267296397
0,0.0277034996040571
0,0.0278154311937913
0,0.029052299808986
0,0.0041288835178027
0,0.0278318194555998
0,0.0274175059380504
0,0.0247902377186006
0,0.004362820667765
0,0.0086872316354911
0,0.0293996248516165
0,0.0275593144089453
0,0.0279984947193316
0,0.0280213751210239
0,0.0293891214609104
0,0.0287563904963524
0,0.0054237766556436
0,0.0169387214794568
0,0.0286037238464961
0,0.029090191834327
0,0.027984032218274
0,0.0271091517399628
0,0.0042453921945939
0,0.1547304474182283
0,0.0289504356552462
0,0.0274962049902903
0,0.0274419019243205
0,0.0082552143627667
0,0.0294021570481386
0,0.0289763121888811
0,0.0085126227404683
0,0.0061031981022612
0,0.0276320142243847
0,0.0119636472284874
0,0.0240174101379395
0,0.0265189093097147
0,0.0284063749193417
0,0.0192239734496757
0,0.0234319282845691
0,0.0275923035966554
0,0.0049810742039599
0,0.0060061127910984
0,0.0294403751440339
0,0.0274840569033184
0,0.0100030193226433
0,0.0288703106959509
0,0.0054790661500368
0,0.5949425557434316
0,0.0282178108872321
0,0.0013959611582048
0,0.040581093473147
0,0.0288021084725335
0,0.0275071225812707
0,0.0143324751190075
0,0.0240457365797249
0,0.0283511767811278
0,0.0188730823727512
0,0.0104023356677601
0,0.0293165067672807
0,0.0242430700209846
0,0.0256135750903192
0,0.0279954995088139
0,0.0217760433202074
0,0.0064800675458839
0,0.026884992654052
0,0.0292178853625563
0,0.0279262079667639
0,0.0067283733348765
0,0.0281532919356581
0,0.0062681393273505
0,0.0287455893017501
0,0.0263155016167217
0,0.0062573501420199
0,0.0148257514807476
0,0.0275855200459805
0,0.0283710492646059
0,0.0274886725132887
0,0.0074851085920327
0,0.0286022904722448
0,0.1242530513467279
0,0.0291909845093761
0,0.0290057093464738
0,0.0244516786321502
0,0.0043711152735302
0,0.0130876812327302
0,0.0274487174154169
0,0.0274132312270878
0,0.0294388518826129
0,0.0293668724641985
0,0.0294035798621656
0,0.029081784395108
0,0.0048669708934755
0,0.0223115039537158
0,0.0292669696956705
0,0.0275311371651695
0,0.009990268470509
0,0.0218255279318125
0,0.0066899261954586
0,0.0289648874047575
0,0.0281146769475452
0,0.009899815533421
0,0.0277940247145227
0,0.1142174284394015
0,0.0037379763057367
0,0.0275325339505261
0,0.0275898727245876
0,0.0114537257227347
0,0.0274683880112908
0,0.0101147194599733
0,0.0227936934796906
0,0.0029228889434224
0,0.0052831440484108
0,0.0274076098564931
0,0.0026098923290375
0,0.0270364741065691
0,0.0280169278284327
0,0.0284614347135374
0,0.027801115105956
0,0.0290303912912097
0,0.0039071092093897
0,0.0284778962615681
0,0.0285737683366797
0,0.0450530323079442
0,0.0277559491099929
0,0.0976704417774027
0,0.0145579192217596
0,0.0275651643845011
0,0.0288456161588115
0,0.0281262146320196
0,0.0275193505180436
0,0.0124226381441667
0,0.018485852858307
0,0.0292858361589592
0,0.0283712999086646
0,0.0108845494198923
0,0.0276154710968576
0,0.0290006120667028
0,0.0293881764886801
0,0.0051133495869381
0,0.0287742367000735
0,0.0453628288166645
0,0.0275690507211323
0,0.0291725877891008
0,0.0259143126344458
0,0.0281889060513922
0,0.0044764466743121
0,0.0175931664502608
0,0.0279745730869667
0,0.0037128775593899
0,0.015233777659744
0,0.0108293544564036
0,0.0277566524483579
0,0.0222340512580483
0,0.0065716092919513
0,0.0293359154010968
0,0.0274664606020195
0,0.029139528381067
0,0.0336530944323164
0,0.0279675331452978
0,0.0275158638784577
0,0.0285135921902897
0,0.0079077357790872
0,0.0071747105088444
0,0.0161489122599637
0,0.027528136060864
0,0.0243351411757785
0,0.0238498443128771
0,0.0188753739372823
0,0.0291923934610232
0,0.0290803521644837
0,0.0291201244301881
0,0.0115469588966247
0,0.006961741482927
0,0.0280665920751161
0,0.0276974669066798
0,0.016163518707869
0,0.0284452634406037
0,0.0219248370841851
0,0.0217799815302306
0,0.0200822100365634
0,0.0282431687927027
0,0.0056380203453894
0,0.0114801625458705
0,0.026303681998436
0,0.0044329230079644
0,0.0276546802162686
0,0.0265339871004539
0,0.0156703270047663
0,0.0110559334383629
0,0.0126543519765248
0,0.006870626959271
0,0.3340992788598846
0,0.029390680677638
0,0.006201827738272
0,0.009347788225243
0,0.0037501425900898
0,0.0157424431299856
0,0.0237412051621767
0,0.0282781985371433
0,0.0281859275227348
0,0.0046972367405662
0,0.0277146461242991
0,0.0086809113021448
0,0.0294335122359005
0,0.0277488821592441
0,0.0288359374534786
0,0.0277426186416952
0,0.0282227330472781
0,0.0275304987686065
0,0.0278145862567308
0,0.0280708165459284
0,0.0284726008575936
0,0.0236828493636792
0,0.0276255345081119
0,0.0133718957685766
0,0.0293025519849459
0,0.0289923262592621
0,0.0233004644349019
0,0.0194984455032906
0,0.0293112997741358
0,0.0282146456375422
0,0.0293148635280646
0,0.0059907705507099
0,0.0276861413265136
0,0.0283908515973368
0,0.0278421895250002
0,0.0282851280568611
0,0.0274677772425079
0,0.02857018201908
0,0.0772311336774222
0,0.8914032652506496
0,0.0285135921902897
0,0.0275970530145687
0,0.0288813036264804
0,0.0275368765243463
0,0.0279902165960263
0,0.0037189006351141
0,0.0232781662421539
0,0.0039140661595614
0,0.0274869409903617
0,0.0286914584361736
0,0.0278713553600258
0,0.0636495148348108
0,0.0235545203460027
0,0.0281316134362648
0,0.0281643906180449
0,0.0289815782010429
0,0.027537571291303
0,0.0085491599400018
0,0.0294615422187293
0,0.0087793565015514
0,0.0264745336993204
0,0.003916577487924
0,0.0281864664345219
0,0.0088168080805318
0,0.0278845347240832
0,0.0284698358777122
0,0.0287705600663757
0,0.9862896123441466
0,0.0284586523939614
0,0.0290853287840244
0,0.0155409978760731
0,0.0280718834615958
0,0.027631751966003
0,0.0113179240307856
0,0.0160195737853039
0,0.0283808800077789
0,0.0294533080859304
0,0.0274170183617942
0,0.0115202240114363
0,0.0201254392327527
0,0.0287034690905012
0,0.0293960774641464
0,0.0680346520733054
0,0.0284247462450055
0,0.023318408036312
0,0.0041034580098403
0,0.0045633525843304
0,0.0226944934388331
0,0.0253477461868811
0,0.0143359864929305
0,0.0288416901681503
0,0.0092546752997059
0,0.0278591487663868
0,0.0278796470729063
0,0.0219078177273538
0,0.0274100772018971
0,0.0276762804438348
0,0.0140022685988172
0,0.0080384655489003
0,0.0289747131278307
0,0.0233692718210622
0,0.0262998142164051
0,0.0271770307720712
0,0.003399264720418
0,0.0215850021544198
0,0.0279512067096171
0,0.0241027146410226
0,0.0290953114291381
0,0.0276562517060287
0,0.0044241780172795
0,0.0212485587539969
0,0.0285320252590322
0,0.0286696281678794
0,0.0084510695186392
0,0.0158595977790343
0,0.0293509525900442
0,0.0123074386577691
0,0.0275639409010412
0,0.0272701390915022
0,0.0287746247598707
0,0.028798722614964
0,0.0291739447300783
0,0.0231328591234288
0,0.0282939654559647
0,0.0061630950339188
0,0.0278400760607313
0,0.0277442477516354
0,0.0276267553378103
0,0.0126653810419532
0,0.0275221967914971
0,0.0279948403215882
0,0.0278659846235989
0,0.023757527864913
0,0.0375034884782476
0,0.028246946067823
0,0.0274066685433473
0,0.0048689613302966
0,0.0274462739438412
0,0.0926553156026928
0,0.0277074309418294
0,0.0274103946841976
0,0.0124290382321365
0,0.0193181325282228
0,0.0105143825841363
0,0.0237104419561673
0,0.0285387007778054
0,0.0092506928439595
0,0.0274238950518103
0,0.028153648116283
0,0.0291658630370355
0,0.0026158628050722
0,0.0293970198031136
0,0.0283788614796311
0,0.0253979891985821
0,0.028093253907568
0,0.0275944543646306
0,0.0280327955825797
0,0.0274445407905938
0,0.0137055338370622
0,0.0157757956266204
0,0.001773144801294
0,0.0042814925095475
0,0.0288402620053102
0,0.0295087084059722
0,0.0045997413486374
0,0.0275232250692965
0,0.0293640574799927
0,0.0070030718436726
0,0.0276433319638853
0,0.027810763819308
0,0.0628566731625527
0,0.0290754185404933
0,0.0274666017902202
0,0.0292604582955579
0,0.0292279238152835
0,0.0288754765871237
0,0.028830469129329
0,0.004179360135382
0,0.0281761028935094
0,0.0029499873179485
0,0.0318949834337377
0,0.0291196039865621
0,0.027418438033407
0,0.013692033750493
0,0.0014631376943559
0,0.0280717959854256
0,0.0038715399715487
0,0.0849087426317006
0,0.0280127134812684
0,0.0275013664696836
0,0.0292944045764001
0,0.0284493493709907
0,0.0294292114972659
0,0.0281367395596767
0,0.0259510903808878
0,0.0284412346969674
0,0.0045715233782978
0,0.0249942625821913
0,0.0280876819216769
0,0.0287703908329826
0,0.0281170818016731
0,0.0282880028470016
0,0.0274645590276861
0,0.0038798459201217
0,0.027484529086587
0,0.027729604134589
0,0.0145123094972756
0,0.028831873695194
0,0.0284203707339659
0,0.0276371929968543
0,0.0274440882934394
0,0.0286923243280129
0,0.0283310577968831
0,0.029055983721545
0,0.0088338909808741
0,0.0255205419955712
0,0.7065432053645486
0,0.0276260486859211
0,0.0103895877172981
0,0.0288883829243343
0,0.025059529168652
0,0.028411355191709
0,0.028405515515214
0,0.0285048042024229
0,0.0279232009147115
0,0.5733443316144496
0,0.0292574293955667
0,0.0072477189983619
0,0.0284462811422878
0,0.0235125957243735
0,0.0105119157580148
0,0.0066303444860629
0,0.0076892114027049
0,0.0292353570772129
0,0.028949055841977
0,0.0290714503791251
0,0.0275389419467184
0,0.0773145913572501
0,0.0263865882281789
0,0.02385829310532
0,0.0285230225645298
0,0.0091552975285698
0,0.0174017105887074
0,0.003966648099757
0,0.0271004942127486
0,0.0253196847945337
0,0.0291686173950351
0,0.027754652569823
0,0.0281357554449458
0,0.0042851587538105
0,0.0291289655089505
0,0.0291009584234741
0,0.0267818857984483
0,0.0275900653293538
0,0.0120743665727597
0,0.0291521358754434
0,0.0247722191223006
0,0.0050677391982533
0,0.0288068534566829
0,0.0275110673690002
0,0.01916504237129
0,0.0110275600095499
0,0.0056808755202978
0,0.5674811730777589
0,0.0428839313349832
0,0.0256477231779101
0,0.0274288964763597
0,0.0289017107976565
0,0.0294269654716792
0,0.0283405994216959
0,0.042799254620008
0,0.0293836143574974
0,0.0576868046108149
0,0.0290771222131088
0,0.0221169909550195
0,0.0275349214648405
0,0.0233239289875582
0,0.0040749573570048
0,0.0279196882135751
0,0.0281952370417146
0,0.0496591865335611
0,0.1770572007005776
0,0.0081341916360184
0,0.0293353224805285
0,0.031414947622906
0,0.0284554995313036
0,0.0293446408038723
0,0.0359639126890807
0,0.0275725967834395
0,0.0142802213341827
0,0.0274408039511748
0,0.0274528350405298
0,0.0058312830181592
0,0.0030550575405604
0,0.0279368284121186
0,0.0260300927052234
0,0.0082590367792679
0,0.0083621405088853
0,0.0285915968888808
0,0.0285670231003521
0,0.018096117022937
0,0.0265496429728667
0,0.0275446164441155
0,0.0294237449346827
0,0.012244409376734
0,0.0275490293929636
0,0.0276784835086475
0,0.0053556853931061
0,0.0275527383958503
0,0.0279079105488109
0,0.0289096463283956
0,0.0284765065239418
0,0.0103557016221605
0,0.0283882443900953
0,0.0283546690543399
0,0.0088153291558133
0,0.0275872076390402
0,0.0282874369457325
0,0.0288420046453033
0,0.0277109438278329
0,0.0274459349364142
0,0.0051725943445022
0,0.0041635944197092
0,0.0283727866978045
0,0.0274505936914807
0,0.0285150848392638
0,0.0294284099005153
0,0.0274888331047647
0,0.019957265652326
0,0.005494387314798
0,0.027560222366565
0,0.0275799794025983
0,0.0283451359704111
0,0.0278656837459565
0,0.0117268374314296
0,0.0098267156459422
0,0.0281491182037735
0,0.5586030215295236
0,0.0278538442396267
0,0.0053658020159148
0,0.029203103360589
0,0.0285070069708122
0,0.0282283821809519
0,0.0869388273255842
0,0.0276974861656525
0,0.0278979571711153
0,0.0295261147155742
0,0.0283279283048498
0,0.0280753543810727
0,0.0282637869593487
0,0.0293576797058131
0,0.019906523106282
0,0.027675851115389
0,0.0247494701033337
0,0.0044993931321961
0,0.0277501685830695
0,0.0277161390680714
0,0.605350656209002
0,0.0231920651249582
0,0.0292634124084462
0,0.0058099959129251
0,0.0288745218320499
0,0.0278486687189314
0,0.0235493783744214
0,0.0274643483688605
0,0.0282939654559647
0,0.0093678941565132
0,0.026970191111904
0,0.0292292908978825
0,0.0274747212631834
0,0.0278773465613461
0,0.0274306515664403
0,0.0024590570986913
0,0.0682698869913204
0,0.0086550792763811
0,0.0274730003368517
0,0.027435522863263
0,0.029146126369977
0,0.0274370737884192
0,0.0126935762888252
0,0.3155892486261388
0,0.0156600880516713
0,0.0280932255216811
0,0.028879583240451
0,0.028368676398367
0,0.0286780549619491
0,0.0293445312071698
0,0.0073923637115062
0,0.011339410853145
0,0.0199173898516957
0,0.0276660572314253
0,0.0293403936683319
0,0.0128411961228391
0,0.0289923262592621
0,0.0284638644608969
0,0.0062880505752799
0,0.0089728113428883
0,0.0273623174492831
0,0.0057046415054141
0,0.0284183369632728
0,0.0237205091973295
0,0.0282336435709785
0,0.0035711167252437
0,0.0289086008862529
0,0.0275408836014877
0,0.028688441270975
0,0.0195096851561996
0,0.0056705129226401
0,0.0257429886264285
0,0.0274585395942115
0,0.0277577487819294
0,0.0291771175442717
0,0.0293058720334511
0,0.0241032794204499
0,0.0284517498835256
0,0.0039172388673434
0,0.0288124083477982
0,0.0958310142272183
0,0.0274269177076447
0,0.0274492970128363
0,0.0291102840678448
0,0.1011247322432381
0,0.0274097647932488
0,0.0279708283793988
0,0.005599738149319
0,0.0038804369798966
0,0.0070967090827299
0,0.0084826356239659
0,0.0079852506720058
0,0.0286896749101328
0,0.0371412599900243
0,0.0054806082078604
0,0.0276178536606924
0,0.0286320461965977
0,0.0096378750843719
0,0.0066001368457137
0,0.0036565775979484
0,0.0190814714887565
0,0.0289577098352643
0,0.0240011856616303
0,0.0282784301760544
0,0.0294412995926547
0,0.0271959637713118
0,0.0042708645473791
0,0.0052368964435928
0,0.0173339367255846
0,0.0276216069968275
0,0.0282081483392774
0,0.0274340158157414
0,0.0284243043516189
0,0.0276252657182895
0,0.0103534633505508
0,0.0275523423262307
0,0.0080506978644852
0,0.00452187042864
0,0.0284132585930371
0,0.0041845985129813
0,0.0650901569966047
0,0.0281848556743663
0,0.0282192087650408
0,0.0290726674709922
0,0.028264771976983
0,0.0279250271650199
0,0.0199785267412064
0,0.0095946584228123
0,0.0274970380867919
0,0.0277347656807192
0,0.0285913043754844
0,0.0114060537201142
0,0.0274498488532793
0,0.0136969967020042
0,0.0294446972358303
0,0.0277187222005321
0,0.0281515193004681
0,0.0294424338891036
0,0.0241169500897904
0,0.0135541765600716
0,0.012465892452399
0,0.029456919997008
0,0.0075308664548559
0,0.0080452238726065
0,0.0190342182935847
0,0.0294380075301666
0,0.0151565185284867
0,0.0199896350777502
0,0.0102048377521649
0,0.0277811954331554
0,0.0281049750540657
0,0.0280297401752988
0,0.0275177566813455
0,0.0288549340214364
0,0.0293775404914249
0,0.0284079328932598
0,0.0275945847330068
0,0.0769219930421181
0,0.0282348618185859
0,0.0390802083130845
0,0.0038448683129914
0,0.0280972313778212
0,0.0295460751277044
0,0.2318676718585349
0,0.0262978450106318
0,0.0252698494753063
0,0.0294276839215402
0,0.0215444772144847
0,0.0265301017073886
0,0.0160403304816717
0,0.0277532063189565
0,0.0121818269698949
0,0.0155115463673609
0,0.0268271670362839
0,0.0279614288838705
0,0.0054024017008196
0,0.027643013185554
0,0.0274514257878548
0,0.0277881820675187
0,0.006017151691623
0,0.0234321007156574
0,0.0292495442674145
0,0.0274444525775564
0,0.0274836199959444
0,0.0276782371569277
0,0.0244818600578544
0,0.0146744429739171
0,0.0143024993892651
0,0.0190471514578821
0,0.0060038379129322
0,0.0278305805461751
0,0.0187588244767394
0,0.0071575468997265
0,0.0289225720318413
0,0.0274906684340972
0,0.0282326958058813
0,0.0257454041296557
0,0.028882777682368
0,0.0289179423321987
0,0.041757933203405
0,0.0274191699373167
0,0.0275705889058535
0,0.0198674992532037
0,0.0274360795662848
0,0.0182719693681733
0,0.0289196622968482
0,0.0148755266655495
0,0.0286335383860835
0,0.0130168645103189
0,0.0130735288613988
0,0.0247732927281947
0,0.0292228695445918
0,0.0288544605675683
0,0.0085517425134817
0,0.0127068771089502
0,0.02602035897649
0,0.0275951407104956
0,0.0097421931823454
0,0.0284773046402783
0,0.0059078330132266
0,0.0289862959962758
0,0.0616161800459772
0,0.0240229413403772
0,0.0035752015439593
0,0.0201995853532909
0,0.0283697311792632
0,0.0285763205025056
0,0.0276363626962146
0,0.0274002442812396
0,0.0030855912985131
0,0.0118144181418829
0,0.0065532034256324
0,0.0274925848400874
0,0.0286959726928287
0,0.0283173640767381
0,0.0290721243150175
0,0.0075378052975592
0,0.0281853500095451
0,0.027227590300039
0,0.029318717801267
0,0.0285002349409259
0,0.0277756602086969
0,0.0292413269443629
0,0.0287465343593201
0,0.0287645526201097
0,0.004674873015182
0,0.0293924179099627
0,0.0290565251407228
0,0.0292064022861883
0,0.047462966013649
0,0.0275469020508677
0,0.0277442772755694
0,0.0052197865444574
0,0.7404700274621385
0,0.0221510334773722
0,0.0279380212214905
0,0.0274130461668715
0,0.0216186504719148
0,0.0289226455535043
0,0.0287233945099889
0,0.0057566652937519
0,0.0054562451731501
0,0.0276231054517471
0,0.0264490715728675
0,0.0290474239243931
0,0.0113694379088171
0,0.0385425115957251
0,0.0237047812968771
0,0.02655158906485
0,0.0276316294068516
0,0.0251441287455256
0,0.0058768689078198
0,0.0275786863268536
0,0.0286444028119832
0,0.0274148830928151
0,0.1044940564747892
0,0.0269198673479582
0,0.0120314114259814
0,0.0265727888207577
0,0.0278685248339124
0,0.0283210046318879
0,0.0127027009312459
0,0.0280113369791118
0,0.0287993472053478
0,0.0289319616488597
0,0.0235861740428517
0,0.0284019837480191
0,0.0144077789327168
0,0.0317656726214533
0,0.07059825453431
0,0.0280368079154314
0,0.0246945604618474
0,0.0280426520996075
0,0.0290090341160522
0,0.0060743897036324
0,0.028905824312879
0,0.0287373333172017
0,0.0291082367231468
0,0.0278343052885232
0,0.0282591249645189
0,0.0288317407062547
0,0.0293633758796441
0,0.0280774171392898
0,0.028799221458579
0,0.0278302998352299
0,0.0219753004226735
0,0.0200795572559612
0,0.0274209288871721
0,0.0086529427867484
0,0.0243797489864399
0,0.0274288380653346
0,0.0295221857096466
0,0.0033984398613118
0,0.0291972758306553
0,0.0857909754170993
0,0.0280817055133126
0,0.027982444043342
0,0.0033418720934309
0,0.0291255234667147
0,0.0161219135772382
0,0.0199654308777219
0,0.0288382131856671
0,0.0281466362626484
0,0.022798338189643
0,0.0107750624849494
0,0.0290063094777859
0,0.0235249203019753
0,0.0291668320574788
0,0.0274987982124006
0,0.0284894734146109
0,0.0275307873395365
0,0.0036809536928515
0,0.0287037914377643
0,0.0291769299404689
0,0.0200475343400707
0,0.0215715563508757
0,0.0274292632932752
0,0.0212259138605321
0,0.0292604632333127
0,0.0275259684088422
0,0.0089446328541377
0,0.0036882980947602
0,0.0101171162315028
0,0.0083160953973787
0,0.0277347398556247
0,0.0276774833452946
0,0.0073818023953548
0,0.0286888772701836
0,0.0287895183403038
0,0.0287978295074594
0,0.0292854605742939
0,0.0159303357596134
0,0.0274180021915478
0,0.0185666302399717
0,0.0291865312020973
0,0.0275215574686013
0,0.0060535698149182
0,0.0293505273642259
0,0.0277450470808249
0,0.0278027397209005
0,0.0274727415334597
0,0.0293247735673135
0,0.0050762985070403
0,0.0039752356118308
0,0.0289489847604561
0,0.0274363046554529
0,0.028600872436617
0,0.0283078084637417
0,0.0089580367926567
0,0.0200748868073956
0,0.0289085292615066
0,0.0247495936436481
0,0.0294797741969859
0,0.0274903919499024
0,0.0276801648483064
0,0.012968935962914
0,0.007629385415057
0,0.0265160061163369
0,0.0056322018992141
0,0.0205262963012998
0,0.0089945976936096
0,0.0190801200146069
0,0.0283481565243554
0,0.0293327811352904
0,0.0291188038384678
0,0.0283126603125197
0,0.0292872597231086
0,0.0108627460663829
0,0.0290698933517495
0,0.0274439262599431
0,0.0263792201982727
0,0.0274193686434931
0,0.0114641779112042
0,0.03173995095592
0,0.0167801029066784
0,0.0046846169647861
0,0.0285051329723335
0,0.0294006392723848
0,0.0176810705420558
0,0.0274394317147934
0,0.0289664666577229
0,0.0276181705174204
0,0.02900291052191
0,0.0284493493709907
0,0.0285321360968629
0,0.0060057149497732
0,0.021473001562879
0,0.004359006503191
0,0.007327956945578
0,0.0283839434067223
0,0.0048627126209343
0,0.027785161310623
0,0.0234449247438617
0,0.0235103839259504
0,0.0058940561126514
0,0.0294204120739543
0,0.0123073389421105
0,0.003961062377707
0,0.0278551728518094
0,0.0123279723536529
0,0.0288785569245906
0,0.0294041742594714
0,0.0281909000169855
0,0.0209496677267386
0,0.0279946149689147
0,0.0080355273201432
0,0.0240836896354776
0,0.0275759772703717
0,0.0282144658002324
0,0.0085874282778115
0,0.0281847609775737
0,0.0252855763535087
0,0.029357505711313
0,0.0278024131906403
0,0.0275383990617529
0,0.0274551967484349
0,0.0286831152722107
0,0.0289934190347618
0,0.0274977981474884
0,0.0275364214844412
0,0.028264771976983
0,0.0295523227702005
0,0.0293829828938527
0,0.0283481565243554
0,0.0282533192281424
0,0.0263766713262648
0,0.0280409275796005
0,0.0064006952042984
0,0.0377904897242705
0,0.0093087870504376
0,0.0286937778157285
0,0.0293945172717777
0,0.0283467524230923
0,0.0285266365687081
0,0.0275862266579364
0,0.0283272605217774
0,0.0262219522393215
0,0.0269962825777927
0,0.028714055057679
0,0.0279488092778166
0,0.0276011446573678
0,0.0204603250959043
0,0.0292560356703798
0,0.0055848201843787
0,0.024737989052019
0,0.0277957439053469
0,0.0045143557702128
0,0.0255003941293381
0,0.0236208875428549
0,0.0040675297818122
0,0.010187677111958
0,0.0239705941053751
0,0.0077498790609781
0,0.0266156866463975
0,0.0056665072843566
0,0.0045819296550502
0,0.0188927145248735
0,0.0132354200059605
0,0.0154413586727122
0,0.02769087045608
0,0.0104242054879325
0,0.0282574515529942
0,0.0294464454761532
0,0.027430117839505
0,0.0274057622521669
0,0.0281272015104983
0,0.0288505639760775
0,0.0288853757991402
0,0.0081006321326117
0,0.0213251358552197
0,0.0291826504221113
0,0.0059007168428182
0,0.0050623741261229
0,0.028954905731001
0,0.0132377258267131
0,0.0159130329132367
0,0.0333394843778488
0,0.0270943252773363
0,0.0284031897984807
0,0.0283517601865054
0,0.0054128124638337
0,0.0280819570614227
0,0.0291407712105102
0,0.0295134866707944
0,0.0285624752523968
0,0.0273884855026642
0,0.0288778363083602
0,0.0289080849845907
0,0.0278419401563443
0,0.0275508426490356
0,0.0276660572314253
0,0.0348613054705545
0,0.0278152750755581
0,0.0279559367685882
0,0.027513207285337
0,0.0280350946937919
0,0.0201841363842763
0,0.0274085551533213
0,0.0059737456145416
0,0.0043852750020831
0,0.0281853500095451
0,0.0045627404914717
0,0.0291819868221136
0,0.0233730914798914
0,0.0252665587151109
0,0.0289957585692947
0,0.9837525769026044
0,0.0223085334141978
0,0.8802760116451871
0,0.0274909430810626
0,0.0271189190960378
0,0.0289815490650547
0,0.028278028533106
0,0.1081130737031723
0,0.0278038922853382
0,0.0243771038111882
0,0.0176449197247774
0,0.0276673501132049
0,0.0041630751364715
0,0.0293996272890055
0,0.0085768522650028
0,0.0282407968779689
0,0.0058616577797465
0,0.0286542449579889
0,0.0108675418999584
0,0.0153807700524621
0,0.028652183867806
0,0.037211565672903
0,0.0274191611617101
0,0.0279336634829435
0,0.0275481186031554
0,0.0274131350260439
0,0.027530393109384
0,0.0287773682242693
0,0.0287647082139428
0,0.0283851186526459
0,0.0289965291006265
0,0.0274223201275822
0,0.0293757102407863
0,0.0282469454396867
0,0.028504522810888
0,0.0251741538222703
0,0.0168916948819042
0,0.0288422117854527
0,0.0282830901662347
0,0.0259500626775785
0,0.0129638075050433
0,0.0101417258605131
0,0.0144758489672926
0,0.0289631756739756
0,0.0293940583387237
0,0.0283074667375315
0,0.0187674805799854
0,0.0270347809436869
0,0.0215736039548375
0,0.0275410706279905
0,0.0249963375927165
0,0.0275503092889972
0,0.0068737012777221
0,0.0288465028752135
0,0.0135653916310149
0,0.0275367425122997
0,0.0048825326644585
0,0.0274137499793256
0,0.0283175420262638
0,0.0057836937604688
0,0.0243542206869207
0,0.0275317873179518
0,0.0293628795935512
0,0.0276472161881497
0,0.0291123671989741
0,0.0059569104275766
0,0.0263470646754512
0,0.0292195185262043
0,0.0286562119638381
0,0.0294607089053837
0,0.0275586605647518
0,0.0294006426775083
0,0.0281635400082011
0,0.029099428249207
0,0.0038341634837287
0,0.0196228987693883
0,0.0042120421559474
0,0.0280378868282356
0,0.0291253473958379
0,0.0263870263794131
0,0.0229135879714747
0,0.0274683208189078
0,0.0289226455535043
0,0.0274668101179678
0,0.0284890222367952
0,0.0274319679734722
0,0.0261756575637222
0,0.0288628106818241
0,0.0276537627514803
0,0.0278107580771638
0,0.0294411808680989
0,0.028119859132959
0,0.0260144626703743
0,0.003959947954769
0,0.0293552879321183
0,0.013766239158737
0,0.2559533422331748
0,0.0274231385295021
0,0.0044424972261944
0,0.0278103777543424
0,0.011922581893933
0,0.0061503953258206
0,0.0046536625508007
0,0.0287988408752951
0,0.0050968609864547
0,0.0036906476118525
0,0.029223740131082
0,0.0280118519213779
0,0.0276108183517902
0,0.2911473411386051
0,0.0113654825474989
0,0.080807264048917
0,0.029243412896202
0,0.0281189897330496
0,0.028919195400893
0,0.9768223128923272
0,0.0092339494556625
0,0.0029703091797995
0,0.0275042872436605
0,0.0257751952406528
0,0.0234957216851195
0,0.008324447049967
0,0.0283008640448581
0,0.0286331235223448
0,0.0052317358929298
0,0.0188501486216275
0,0.027563388490799
0,0.0294446146303493
0,0.0274147850158652
0,0.0080848111914009
0,0.0731905109920141
0,0.028687421244481
0,0.0128057679079865
0,0.0293364494133965
0,0.028953320874139
0,0.0037031586446024
0,0.0278598982707777
0,0.0293546445752964
0,0.0054467406643352
0,0.0261041878273868
0,0.0281901221111463
0,0.0240332795851446
0,0.0275688017823011
0,0.0271999755552276
0,0.0280358138573909
0,0.1264418932183403
0,0.0274116308368123
0,0.0285931164335015
0,0.0285847327675177
0,0.0246667135298408
0,0.0290469757857961
0,0.0255345756970106
0,0.0286360839603815
0,0.0045265749504918
0,0.1064847678202258
0,0.0061214303663998
0,0.0275561216508239
0,0.0288945252857879
0,0.0278657755582182
0,0.0099330997461878
0,0.0276401536311497
0,0.0288777584552463
0,0.0097673226304273
0,0.0274267622973316
0,0.0063031228617494
0,0.0124229302738405
0,0.0287333123778665
0,0.0502611081538675
0,0.0047389267628542
0,0.0276421570459842
0,0.0473684334946972
0,0.0276822432159503
0,0.029405692772139
0,0.028289451160554
0,0.0100957836074666
0,0.0290964924934836
0,0.0025988827148231
0,0.0275462922344375
0,0.0279916810059576
0,0.0203975131635493
0,0.0057670670901208
0,0.0284119239676161
0,0.0235401349376999
0,0.0283197197470017
0,0.0292876327535096
0,0.0057120726246983
0,0.02754158791613
0,0.0040462522066271
0,0.0220784080768328
0,0.0311835387235284
0,0.0173352519868096
0,0.0274186830145359
0,0.0292774440279598
0,0.0274644010624652
0,0.0244239153963781
0,0.0043810559422965
0,0.0206187430260396
0,0.0037268437409115
0,0.0044526442642089
0,0.0282005910308658
0,0.0297432700142753
0,0.027708450071329
0,0.0274838892658683
0,0.0278165515698685
0,0.0236591286198846
0,0.0058518114521214
0,0.088569051638985
0,0.0292969490857504
0,0.6060499379965288
0,0.0140335856639229
0,0.0279522706303139
0,0.0057804772325771
0,0.0266746637065277
0,0.0274848128220137
0,0.0277633287277319
0,0.0291998275141597
0,0.028958041464595
0,0.0882195078564235
0,0.0158016627131806
0,0.0284393175621074
0,0.0281734896430065
0,0.0265723089004363
0,0.0274382627521404
0,0.0277084361406635
0,0.0048850434003825
0,0.0277017674618141
0,0.0254928866840612
0,0.0036827929967965
0,0.0207013868858687
0,0.0088260050953538
0,0.0063987861052135
0,0.0099634397896659
0,0.0290247607180889
0,0.0053570417313929
0,0.0534978865748453
0,0.0290502386323778
0,0.02790148542474
0,0.0295430818519649
0,0.0280693383659594
0,0.0283510623210559
0,0.0220200741018957
0,0.008644728930039
0,0.0292279238152835
0,0.0281041271134391
0,0.027499682869692
0,0.0037122608132313
0,0.0045340864997486
0,0.0293826666657513
0,0.0235907339605972
0,0.0530898575198063
0,0.0043403384567312
0,0.0293578712927611
0,0.0104514912990078
0,0.027580717163868
0,0.029176407099512
0,0.0277295358267512
0,0.0286862184101539
0,0.0274052737333265
0,0.0289504356552462
0,0.0171085022723638
0,0.0274540848020974
0,0.0033526394380631
0,0.0281991149693197
0,0.0278441154679035
0,0.0274157377395958
0,0.008630253748164
0,0.0277329265546758
0,0.0274094664151855
0,0.0290422027825881
0,0.0294789911572922
0,0.0281805492342217
0,0.0281721975682923
0,0.0285148251030504
0,0.0293488034270605
0,0.0214430559278764
0,0.0288379204497636
0,0.0078413452375998
0,0.02903813576167
0,0.0275440468670865
0,0.0279632294215495
0,0.0255917972547436
0,0.0282661372722578
0,0.0290616334101435
0,0.0049332076465254
0,0.0235685580179574
0,0.0103209073871587
0,0.0276982318147576
0,0.0160172032066232
0,0.0230735922855579
0,0.02794973537841
0,0.0289985578980147
0,0.0241121237909983
0,0.0290098090306006
0,0.0286378251694412
0,0.0275055166374685
0,0.0252268072017138
0,0.0277111560901621
0,0.0292756700184247
0,0.0823081928754141
0,0.0242636699725873
0,0.0280308125510672
0,0.0146411559816737
0,0.0287554053319851
0,0.0247050978076542
0,0.0288432295673508
0,0.0123257610036661
0,0.0280637275102902
0,0.0278187986868487
0,0.0066693640008203
0,0.6079078939510917
0,0.0280715691901641
0,0.0046536625508007
0,0.0053201812038219
0,0.0273328412935043
0,0.0293185526750066
0,0.9862021841577666
0,0.0197363615648548
0,0.0294008802680088
0,0.0278722276855651
0,0.0192945952957067
0,0.0274238855391644
0,0.0279875621863739
0,0.0271736371819581
0,0.0567785470082325
0,0.0255166304776499
0,0.0290168458554684
0,0.0245044832938724
0,0.0275222494257935
0,0.0294049024510009
0,0.0283471559248128
0,0.0293515084366052
0,0.0280374595384916
0,0.0275699025757793
0,0.0243847714244508
0,0.0061825551621067
0,0.0104456882972003
0,0.0277767609779753
0,0.0279380212214905
0,0.0292596904940833
0,0.0234437474713462
0,0.0290641463177855
0,0.0279612509506945
0,0.0045971667370358
0,0.0282902960415545
0,0.0073753587715516
0,0.0289805398039398
0,0.0451775951933705
0,0.028737509970796
0,0.0280089481540649
0,0.0254848769910684
0,0.0105209033796289
0,0.069527990500485
0,0.0282357421899919
0,0.0036381839614609
0,0.0275009220966334
0,0.6802248418903991
0,0.0282456559587357
0,0.0170812407710767
0,0.0355887851148794
0,0.0286978164028254
0,0.0275134760148863
0,0.0277330997211517
0,0.0183481483312655
0,0.0278768510462123
0,0.0052486625011626
0,0.0285387831815737
0,0.008893474290762
0,0.007731670422672
0,0.0289186303239247
0,0.0288620602875659
0,0.0287695554465734
0,0.0045866751080054
0,0.0328658380537155
0,0.0228920591044148
0,0.0291752410144384
0,0.0288937512860448
0,0.0276885943130534
0,0.0274378739201849
0,0.0277970457964469
0,0.0058083665836678
0,0.0087349948229541
0,0.0037907926689662
0,0.0274103442699395
0,0.0275741028768961
0,0.0272706048198229
0,0.0286263727341072
0,0.0285714399300392
0,0.9859576203757082
0,0.0284429648375958
0,0.0046172401061084
0,0.0285043607552806
0,0.006170145990035
0,0.0279179076652781
0,0.0276537208423692
0,0.0123346279300743
0,0.0275105336821557
0,0.0297343132493647
0,0.0142664219668463
0,0.0275900986878477
0,0.0288608705958275
0,0.0294544219839159
0,0.0284144416086371
0,0.7507591102485236
0,0.0278207145529611
0,0.0177196764054211
0,0.0294873712459026
0,0.0289578463797016
0,0.0854324289726637
0,0.0143192404161224
0,0.0214129171692817
0,0.0294284970956845
0,0.0277954455330796
0,0.0295085812566334
0,0.0277039386817832
0,0.0218822623801834
0,0.0283566259021844
0,0.0086409651894351
0,0.0047199432300268
0,0.027793495938075
0,0.0281224456252847
0,0.0218943217083622
0,0.0274672009976784
0,0.0276624650401649
0,0.0262662707854125
0,0.0274494709211664
0,0.0252311624553069
0,0.029523237161323
0,0.0039460172238078
0,0.0164796306610419
0,0.0290480648457658
0,0.029123084657222
0,0.0043103044354778
0,0.0131187932218439
0,0.0068454356126069
0,0.0274070693423402
0,0.0283554703925755
0,0.0429160720557443
0,0.02907910101781
0,0.0033888097587669
0,0.0274154239391691
0,0.0088148426993705
0,0.0064237213098499
0,0.0111671259815534
0,0.028760399602442
0,0.0372526495699088
0,0.0124839237126257
0,0.0280528941668914
0,0.0274859653119566
0,0.0065870194291436
0,0.0278206007125225
0,0.0280675267767889
0,0.0294364142093134
0,0.0279796016676609
0,0.0274519439572434
0,0.0118741313710166
0,0.0294158893428839
0,0.0290828567614949
0,0.0142302331208992
0,0.0274851401638961
0,0.0290209893075722
0,0.0044512018968168
0,0.0235645570552868
0,0.0401437487233928
0,0.0276694553266502
0,0.0055790784427155
0,0.0180884349375545
0,0.0126824041559414
0,0.0229990533814127
0,0.0284148709325466
0,0.0283819206249801
0,0.0369148206581613
0,0.0279479174036279
0,0.0043338491131876
0,0.0284899195994547
0,0.0276602959398185
0,0.0292279179225573
0,0.0275928205194119
0,0.0280893950052469
0,0.028066209421878
0,0.0278792131804414
0,0.0278507131651811
0,0.0043168998858968
0,0.0147383679330016
0,0.0244521728596553
0,0.0292353803986526
0,0.0284083910949895
0,0.0287703304359476
0,0.027736042718812
0,0.0279721067964547
0,0.013887885007679
0,0.0277392156340577
0,0.0278917499571796
0,0.0229650563470562
0,0.0277833541639632
0,0.0276843640335699
0,0.0260387759166197
0,0.027784557713919
0,0.0191740403370817
0,0.0286529831875628
0,0.0274171272541787
0,0.0271516442217533
0,0.0294573360184432
0,0.0289305210932239
0,0.0252105689036894
0,0.0293673555378215
0,0.0292367351633773
0,0.0279532903964761
0,0.0283907943079089
0,0.0293052343403277
0,0.0277689916878186
0,0.0279327118332271
0,0.0039356221269632
0,0.0039697928728938
0,0.004874530165822
0,0.028639193358151
0,0.0072355702382806
0,0.0501925443658345
0,0.0279554241664489
0,0.0069800141328484
0,0.0057120881740288
0,0.0293370930922992
0,0.0204336829125244
0,0.0276938465111347
0,0.0288267884885654
0,0.0294871810971722
0,0.0128130681820144
0,0.0037116508200084
0,0.0101453209219564
0,0.0282762353235926
0,0.0269311282200036
0,0.0293967336693691
0,0.0277339538022537
0,0.0289446846334764
0,0.0059803186842919
0,0.0282306830952593
0,0.0294557766155846
0,0.027459600003735
0,0.0286734173392715
0,0.0285653059717646
0,0.0283164347678901
0,0.03503636042332
0,0.016693798375226
0,0.0283810907698318
0,0.0039616617249054
0,0.0382913271414277
0,0.0069007337616338
0,0.0292182856600721
0,0.0281292223525949
0,0.0714036242392448
0,0.0247724217909305
0,0.0283250290323368
0,0.0264312426148047
0,0.0263969091156874
0,0.0290665116915589
0,0.0285254080469174
0,0.0050034124941507
0,0.027448288540906
0,0.029234669319918
0,0.0288952803633511
0,0.0293988183974199
0,0.8315192613135193
0,0.041071582439845
0,0.0273532697317645
0,0.0174710150821345
0,0.0106606537724465
0,0.0274411666560448
0,0.0114886010066866
0,0.0274255094904965
0,0.0266761797115171
0,0.0215899541216424
0,0.027832384922888
0,0.0237588197398623
0,0.0287545565353461
0,0.0335128334197048
0,0.0278484583942265
0,0.027567231640944
0,0.0283409757786192
0,0.0458957439496748
0,0.0285533476298032
0,0.028755941947162
0,0.0293382683776
0,0.0284010957730465
0,0.0125969719791963
0,0.028252234781761
0,0.029207044498248
0,0.029297965795236
0,0.0284984631787646
0,0.0266531040500316
0,0.1039444711607215
0,0.0238352074531452
0,0.0229670934669156
0,0.0276824830973244
0,0.027424294111577
0,0.0559604449938375
0,0.0286661772101926
0,0.0285357124458965
0,0.0112670130390085
0,0.0283539437670896
0,0.0056677976016327
0,0.0277500731090788
0,0.0278861015950347
0,0.010385699340568
0,0.0090677830818615
0,0.0280908370011814
0,0.005177415559388
0,0.0201776321085628
0,0.0273734904702955
0,0.0292036995004235
0,0.027538011162019
0,0.0279822345142424
0,0.022551526176299
0,0.0242767921518268
0,0.0137986037799167
0,0.0127044937725463
0,0.0277419376938217
0,0.0042892723100331
0,0.0281904534282009
0,0.0278594894888745
0,0.0055576831855235
0,0.0250326201911424
0,0.0285641724281705
0,0.0293793254098614
0,0.0201266515556846
0,0.0084823619637534
0,0.0048408723746393
0,0.0276040115949899
0,0.0279203741074904
0,0.0289685523963381
0,0.0279223013418282
0,0.0033381641413555
0,0.0288428482558646
0,0.0281326168868151
0,0.0239032746989726
0,0.0293366560847286
0,0.0234247433051757
0,0.0281951126889649
0,0.0070219463120274
0,0.0290046345660342
0,0.0275041098501001
0,0.0274084708684871
0,0.0141391202532344
0,0.0045621665179998
0,0.0274583784851577
0,0.0287524406142929
0,0.012620299099226
0,0.0287094837910711
0,0.0278129221870723
0,0.0273288284991286
0,0.0131375583716952
0,0.0053800449009056
0,0.0279920624179982
0,0.0207982557907607
0,0.0050366568403323
0,0.0291247113919277
0,0.0234448880902237
0,0.0282426728032086
0,0.0274765742355761
0,0.0276978421504429
0,0.0294168901418831
0,0.0288413676422696
0,0.028038250849339
0,0.0033825734168136
0,0.0291425621624386
0,0.027907367241521
0,0.0277233928472353
0,0.0153893979452787
0,0.0275522952360224
0,0.0290174079380759
0,0.0179761170493856
0,0.0274107415760986
0,0.0293924593886244
0,0.0280056722852226
0,0.0236827151197404
0,0.0293179967994896
0,0.0336660825866237
0,0.0289174708879991
0,0.0287002821437708
0,0.0300353289931138
0,0.0085948949701679
0,0.027781901423186
0,0.0282562977071256
0,0.0275549273500983
0,0.0273919808424756
0,0.0047243845027292
0,0.0275604145201271
0,0.0613111482727917
0,0.0179745138161314
0,0.0283461599118539
0,0.0163523122615404
0,0.0289828109492256
0,0.0294502980232559
0,0.0293844351398038
0,0.0079458417949145
0,0.0276366227719683
0,0.6261968013164889
0,0.0206301053833962
0,0.0342937903480384
0,0.0245817876582855
0,0.0276461436611327
0,0.027709679171403
0,0.0295431571854906
0,0.0293558109479068
0,0.003616635801422
0,0.0277140352619802
0,0.0081315420104707
0,0.0408178931519589
0,0.0038035156765883
0,0.2660974374089522
0,0.0285727595885818
0,0.0250144002566967
0,0.0275899843774799
0,0.4894854466562519
0,0.0204629836225307
0,0.0278655520248472
0,0.0274835673794349
0,0.0115327974356156
0,0.0277538997685401
0,0.0288051989032847
0,0.029279769048753
0,0.0274329827022682
0,0.027471128862177
0,0.0041595482417161
0,0.0229253681329595
0,0.027460484099944
0,0.0274982850240496
0,0.0096686631659097
0,0.0283070915582319
0,0.0270848130861113
0,0.5879226579142209
0,0.0140883455206241
0,0.0274600981304879
0,0.0192548737202444
0,0.0275706339062112
0,0.0070657872611638
0,0.0158125785963814
0,0.029262066994694
0,0.0234121987215309
0,0.0288038994257412
0,0.028028952996905
0,0.0289886683848728
0,0.0120906416150171
0,0.0294136188046946
0,0.0194864359546484
0,0.0293944699208075
0,0.0276366227719683
0,0.0277246400496325
0,0.0287615560481548
0,0.0293101104251561
0,0.0038175139275226
0,0.029136764785516
0,0.0278677951566863
0,0.0284783830936497
0,0.0288536096321153
0,0.0279951602478273
0,0.0318964593147632
0,0.02912894447223
0,0.0031265589465065
0,0.0293938902482968
0,0.0274917207557821
0,0.0207112862183065
0,0.0059169899836901
0,0.0151015178127731
0,0.0126084159602144
0,0.0220611763368867
0,0.0274970380867919
0,0.0293855728773077
0,0.0275533872167143
0,0.0289623832037515
0,0.0294122606337265
0,0.0279171570095752
0,0.0287940610512372
0,0.0161281331168751
0,0.028551636935221
0,0.0159964300457368
0,0.0275012075859094
0,0.004707517748645
0,0.0057191018820899
0,0.0073381408932359
0,0.0135478226534048
0,0.029242115474974
0,0.0293849307039715
0,0.0275024183252351
0,0.0274143466932043
0,0.2445330107161791
0,0.0254827984194415
0,0.0252176572717285
0,0.0212072916210396
0,0.0197570378002634
0,0.0277268037744329
0,0.4011940925674422
0,0.0280162616567166
0,0.0251380186900891
0,0.0267841294765164
0,0.0289992197063993
0,0.0260673324131975
0,0.0102704958447222
0,0.0248917586728254
0,0.0130618715179541
0,0.0040145487182952
0,0.0274482636456092
0,0.0270929313471431
0,0.0275529486641212
0,0.0274080191949024
0,0.0238574828645095
0,0.00278268024626
0,0.0283012173338614
0,0.0268131903436105
0,0.0204823792801763
0,0.027369847779519
0,0.0284068432800672
0,0.028101527998524
0,0.024970518121736
0,0.0163917408087558
0,0.0276917676550971
0,0.0638277822384091
0,0.0280755655911049
0,0.0293540559385182
0,0.0115327974356156
0,0.0280672684901327
0,0.0052014767647461
0,0.0058725637696693
0,0.003111450099381
0,0.044356554112844
0,0.0266775836398368
0,0.0292204632638393
0,0.0016743912021671
0,0.027409689533191
0,0.0100298571620152
0,0.0275074451936975
0,0.0276493664758702
0,0.0342573702616523
0,0.0058412853296083
0,0.0274537521011246
0,0.0280396039232934
0,0.0183444824155808
0,0.0042135170628805
0,0.0277903502157631
0,0.0293603395536846
0,0.0171938140135519
0,0.0281218494487871
0,0.0290982471505161
0,0.0282385558722255
0,0.0214849822657387
0,0.0290351356425517
0,0.0283389360708533
0,0.0275146257156773
0,0.359343963953032
0,0.0042619424544662
0,0.027849971576532
0,0.0293397449043631
0,0.0288371676761295
0,0.0293860382554721
0,0.0276846034593389
0,0.0103700214481284
0,0.0280799166851504
0,0.0064922432486041
0,0.0293087497653636
0,0.0141946020822411
0,0.0278276341128058
0,0.0052766425670589
0,0.0294801420555923
0,0.005416536325041
0,0.0290999115656803
0,0.0243747884745571
0,0.0294136327116048
0,0.0279020836612054
0,0.0274073500791701
0,0.0277487768234877
0,0.0279777955064368
0,0.0275015389578335
0,0.0275387907709044
0,0.0295823318147752
0,0.0287107970308653
0,0.0075374699140562
0,0.0051559126046952
0,0.0216079609240062
0,0.0015694973999001
0,0.029325398985852
0,0.0288680151542102
0,0.0238443915552031
0,0.052779776448176
0,0.0342841593497515
0,0.0285809894361061
0,0.0279564157824998
0,0.0206754205987899
0,0.029066576406596
0,0.0289254310384803
0,0.0277087272597769
0,0.0048853932416861
0,0.0280824821295582
0,0.0620281879880795
0,0.0289567829699335
0,0.0274213964642721
0,0.0286722770432774
0,0.0274908327299586
0,0.0047668218572902
0,0.0274292632932752
0,0.0279507961652132
0,0.0186803256997197
0,0.028267982453275
0,0.0272216235616724
0,0.5113038533939345
0,0.0031813220350209
0,0.0057866341058598
0,0.0287574446129111
0,0.0268354000177731
0,0.0278622309229954
0,0.0882517001206287
0,0.0247281995558738
0,0.0513139860834663
0,0.0046489411032919
0,0.0276005504415118
0,0.0275345354609808
0,0.0154515954066545
0,0.027792383449103
0,0.013887885007679
0,0.0039482159054004
0,0.0282749391831462
0,0.0278599846063197
0,0.0282736753561148
0,0.0213842029149551
0,0.0228878475755993
0,0.1491247461801762
0,0.0233271967670795
0,0.0260429620883632
0,0.0057753548033228
0,0.0760240185012868
0,0.6326396703709846
0,0.0262637180337834
0,0.0291927982480965
0,0.0080682091466948
0,0.0170392687601229
0,0.0291974386075139
0,0.0290741938743281
0,0.0282683714713678
0,0.0039592500854877
0,0.0848173374081605
0,0.0251014237141314
0,0.0453513365833725
0,0.0197948775043511
0,0.029404385316115
0,0.023479425486821
0,0.0277189122710228
0,0.0279601347327302
0,0.0047371641277105
0,0.0294648240465045
0,0.0038578520827448
0,0.0032692318997678
0,0.0276036375063579
0,0.0273959828844978
0,0.0532458805728134
0,0.0293341753781782
0,0.0373417826639473
0,0.0279917306374212
0,0.0057408931339779
0,0.0166693868032988
0,0.0290541880169936
0,0.0251701206405921
0,0.0291566453869583
0,0.0037796026652031
0,0.0290391739155489
0,0.0105267621946328
0,0.0245469159381405
0,0.0450661132359956
0,0.0178378460331159
0,0.0271108292601213
0,0.0046315754454859
0,0.0277910376491679
0,0.0281280635603532
0,0.0038709804395167
0,0.0065453616680528
0,0.0274095640487983
0,0.0275077608541927
0,0.0289931066651727
0,0.0278642302963526
0,0.0212274651023378
0,0.0104502341596629
0,0.0135376301248185
0,0.0276335549662671
0,0.0228676266071648
0,0.0207845219229522
0,0.0293870208643096
0,0.0275673957932037
0,0.0351197992016962
0,0.0284330747989573
0,0.0293075112915846
0,0.0292399946694568
0,0.0293142414236155
0,0.0202764323553418
0,0.0284948133161897
0,0.0275440825174859
0,0.0275492804794894
0,0.0278079507547097
0,0.0287610232380895
0,0.0268582704538923
0,0.1387912362891765
0,0.0089872751148024
0,0.028229798871298
0,0.016741914596072
0,0.0274224190242854
0,0.0293140889747011
0,0.0336941753974279
0,0.0037397578103495
0,0.0277026442690787
0,0.0025524768704081
0,0.0141914517646611
0,0.0274394036496351
0,0.0260214139433571
0,0.0290939993935196
0,0.0278648399006492
0,0.0240614785437362
0,0.0279930000317054
0,0.0100199310309137
0,0.0284957734275898
0,0.0289038984023802
0,0.0041842528227745
0,0.0133509033555133
0,0.0291847820351373
0,0.0285236276013332
0,0.0087602547723161
0,0.0289102708812438
0,0.0245074854658621
0,0.0288671217899221
0,0.0288412124251062
0,0.0233687213875541
0,0.0280570069377106
0,0.0289773382455523
0,0.0028779237136615
0,0.024658433065854
0,0.0278905888026015
0,0.0087335610273046
0,0.0106114809845639
0,0.0278714920082766
0,0.0290468272259791
0,0.0193890188664777
0,0.0116391677304251
0,0.0244677552678444
0,0.0283366109057868
0,0.0595354928706283
0,0.0276650758205602
0,0.0293673013499172
0,0.0290467744206342
0,0.0291149560744757
0,0.0289755360632708
0,0.0235360082573671
0,0.0279405968735489
0,0.0287887140401243
0,0.0274516962605312
0,0.0291813309244443
0,0.027460484099944
0,0.004999190099092
0,0.0278977421208705
0,0.0024600448163506
0,0.0245413346019861
0,0.3071120018681879
0,0.0284836769737328
0,0.0046926188652094
0,0.004115469108969
0,0.0067458065525448
0,0.029271324690688
0,0.0291765080397788
0,0.0275598960395117
0,0.0338578591214476
0,0.0288258093411735
0,0.0279840584480403
0,0.0292015730911558
0,0.0149707653975328
0,0.0287713285070173
0,0.0277026442690787
0,0.0274935585018808
0,0.0278029128443742
0,0.0117327609566579
0,0.0266527565256804
0,0.0236623171893465
0,0.0158666284129307
0,0.0281859275227348
0,0.0286293768551477
0,0.0274150957466691
0,0.0291125909641708
0,0.0283471559248128
0,0.0212699751641542
0,0.0188814948729233
0,0.0278814773458823
0,0.0275036612833142
0,0.0278955332767647
0,0.2132993042366878
0,0.6079263591907376
0,0.004231857020398
0,0.0276907466205391
0,0.0278188082798898
0,0.0135967151607943
0,0.0277756320295922
0,0.0283572740076192
0,0.0075102851496993
0,0.0281217715654826
0,0.0354533676323867
0,0.0280325401213098
0,0.0291520097992401
0,0.0092952423852189
0,0.0056295125096109
0,0.0734155768559453
0,0.02785213024054
0,0.0279443965383188
0,0.0084828056902775
0,0.0248560702761998
0,0.0100957736066669
0,0.0277537148185481
0,0.0057882248749303
0,0.0293370032633338
0,0.0214079066433165
0,0.0281918876746361
0,0.0033725348643604
0,0.0261238967847591
0,0.0064128673392363
0,0.0284009906793847
0,0.028890333441794
0,0.0019614323019984
0,0.0283079418369063
0,0.0285314111135888
0,0.0529707291504827
0,0.0276149912146961
0,0.0027828028375498
0,0.028676884157448
0,0.0207649158480028
0,0.0277288754062117
0,0.0286694949526985
0,0.0045041827664977
0,0.0292088099570736
0,0.0279218483305511
0,0.0274798630380316
0,0.028904918084271
0,0.0096523926268174
0,0.0288878072717841
0,0.0096297902203746
0,0.029218527044051
0,0.0287409511956018
0,0.0270263272822793
0,0.0264237384181077
0,0.0106464688648184
0,0.0141185726210217
0,0.0123899843476235
0,0.0275516119240383
0,0.0294023419454632
0,0.0280929056352429
0,0.006003613601573
0,0.0274193482355122
0,0.0288320034335205
0,0.0129304475476416
0,0.0084318765335197
0,0.0178326692704261
0,0.0071838523967322
0,0.062306936106314
0,0.0135082031628054
0,0.0048195186316154
0,0.02334686495497
0,0.0222637102447176
0,0.0275156281859723
0,0.0279262079667639
0,0.0277776110398088
0,0.0038942986788706
0,0.0036612176112382
0,0.0282618204099658
0,0.0167138614105487
0,0.0011973979742507
0,0.0171008325605355
0,0.0275732850114534
0,0.0101047181332227
0,0.027910310190287
0,0.0279822345142424
0,0.0293803317108131
0,0.016245275209854
0,0.0281845804714313
0,0.0288484072460546
0,0.0254550040682502
0,0.0250761564895603
0,0.0293256233640944
0,0.0283354558599719
0,0.0284929589651354
0,0.0055538798506296
0,0.0278533016960366
0,0.0276216402240327
0,0.0282866970518431
0,0.0280364583573613
0,0.012308105036387
0,0.0056185071734756
0,0.0280104979191917
0,0.0277119349124899
0,0.0059160095443728
0,0.0276866474678195
0,0.0274431344086972
0,0.0408660864242692
0,0.0045441542712395
0,0.0045639613485293
0,0.0274920351915341
0,0.0165086316673269
0,0.0282080321800351
0,0.027891927581001
0,0.0273672073534693
0,0.027856138873551
0,0.0089667386474146
0,0.0291137944507149
0,0.0280124504924285
0,0.0289984553313078
0,0.0275422458182559
0,0.0053366214465049
0,0.0047736910412455
0,0.0241406156669993
0,0.029448808628059
0,0.0284300583985901
0,0.0067937535408978
0,0.0294869756836264
0,0.0279418223682197
0,0.0173551256106693
0,0.0289803909548578
0,0.00645921575971
0,0.0037697972115223
0,0.0096641696187446
0,0.0275514476441738
0,0.0284141308986799
0,0.0219877825385375
0,0.0294337837237415
0,0.0289804558778752
0,0.0275369393155184
0,0.0288692884471084
0,0.0028513311363241
0,0.0275194059325188
0,0.0589924473152598
0,0.0285674081083905
0,0.0283668589983152
0,0.0278313642973645
0,0.0279752585262292
0,0.0041908505283671
0,0.0291824890347431
0,0.0274706237209907
0,0.0293504329209747
0,0.0112786885981838
0,0.0244662110643153
0,0.0079358807167802
0,0.0293026479492291
0,0.028094510100244
0,0.0258622499784198
0,0.0061272181098878
0,0.0177183802372282
0,0.0290491394104689
0,0.1645413789372012
0,0.0113126792339434
0,0.0293893721267696
0,0.0275592735380012
0,0.0234017139210707
0,0.0097508926872681
0,0.0274313844847181
0,0.0087696381757951
0,0.0278160086032112
0,0.028909892809783
0,0.0293479878075225
0,0.0192242064584929
0,0.0278474735726135
0,0.0291902734018678
0,0.0269861878837682
0,0.0266718996197605
0,0.0281162278400937
0,0.0274133780045528
0,0.0274156008245072
0,0.0277681119799309
0,0.0239770649319662
0,0.0132566377544855
0,0.3238589885770468
0,0.0275120083238105
0,0.0274906899348087
0,0.0288496560754387
0,0.982646239565516
0,0.0202935840832289
0,0.0275503720520864
0,0.155239568131201
0,0.0292149253740831
0,0.0186639647141505
0,0.1974541666078178
0,0.0006968195892926
0,0.0242838047193583
0,0.0253660391792251
0,0.0205255544360977
0,0.0288221445171919
0,0.0277339812118117
0,0.0060717029150395
0,0.2652033769224999
0,0.0279393573370325
0,0.0052232520197808
0,0.0293841932248372
0,0.0283941558446853
0,0.0280118519213779
0,0.022661540700449
0,0.0277284972114342
0,0.0191071365089138
0,0.0108684156549991
0,0.0285014407070434
0,0.0259949960783079
0,0.0290705286881102
0,0.0240722335075014
0,0.0086175870138478
0,0.0282343920381167
0,0.0085573174956828
0,0.0282729753853706
0,0.0294330685464904
0,0.0284078898009561
0,0.0277205925057187
0,0.0153885227880905
0,0.0060894973700952
0,0.0288310976224607
0,0.0818394900867271
0,0.0242009309937703
0,0.0329120800547529
0,0.0274102044644481
0,0.0288166632315434
0,0.0291551805731988
0,0.0275376672683924
0,0.0287018723480796
0,0.0288261005434543
0,0.0276047259702228
0,0.0147068279200334
0,0.0293901284988199
0,0.0292524205251491
0,0.0274076925951661
0,0.0274306735989401
0,0.0048707598742786
0,0.0293393317871354
0,0.0064636529914786
0,0.0292152260442555
0,0.0060603072384237
0,0.025506314097804
0,0.0177715755076419
0,0.0054714963275559
0,0.0106970868145444
0,0.003645012134778
0,0.0074793196874762
0,0.0287663503649917
0,0.0278493533208203
0,0.0036612579475521
0,0.0244363579048065
0,0.0639975671139201
0,0.0250276804705522
0,0.0279897455186823
0,0.0281810213799445
0,0.0290895672068893
0,0.0278257399550977
0,0.0294040832667554
0,0.021974569716617
0,0.0291305830910985
0,0.0044234724103852
0,0.0275716656584281
0,0.0051488623598181
0,0.0279512067096171
0,0.0191527032751553
0,0.0283865342763041
0,0.0279066312660425
0,0.0053906505007272
0,0.0027660001204475
0,0.0269778433665448
0,0.025839879439209
0,0.0329690415095587
0,0.0261389908715286
0,0.0218739179245037
0,0.0274371653227726
0,0.0292939442971028
0,0.0274054210945289
0,0.028904835167256
0,0.0116789557802312
0,0.0283175746329021
0,0.0207475429291659
0,0.0293349207146116
0,0.0278026349317983
0,0.023442003442521
0,0.0394906679283344
0,0.0153664989765086
0,0.0061051236237974
0,0.0269059338192343
0,0.0032589219497006
0,0.0275308959097164
0,0.0102428476279546
0,0.0286859695986077
0,0.0177450097691394
0,0.0279282153887717
0,0.0279601347327302
0,0.0275300403844721
0,0.0291815233818227
0,0.0046103056105758
0,0.0185740868007096
0,0.0896579127992293
0,0.0275431546287675
0,0.0273884884983849
0,0.0193499314996063
0,0.0046634975762951
0,0.0287290156735016
0,0.0272129173363821
0,0.0292203232114245
0,0.0275322399707239
0,0.0327562381301543
0,0.0277689916878186
0,0.0278909613873566
0,0.0260941236053382
0,0.0288058921317312
0,0.0242883856788976
0,0.0155141071850926
0,0.0138830888888293
0,0.0192031110250988
0,0.0106976892350844
0,0.0287239570472058
0,0.0277305750502335
0,0.0294188863637027
0,0.0279328640072305
0,0.0282879436825075
0,0.0235641635547237
0,0.0284526672956293
0,0.0287811885475112
0,0.0373958425381167
0,0.0277585194840499
0,0.0260095925883755
0,0.0145759696458782
0,0.0288378346941581
0,0.028471582769474
0,0.0280646296803784
0,0.0245649320198671
0,0.0293336910757173
0,0.0087094823144829
0,0.0247443753696327
0,0.0285352612678757
0,0.6638853311241362
0,0.0037187907768083
0,0.185382920661489
0,0.0275060158224516
0,0.0294497469420858
0,0.0277278079044455
0,0.0050829142282545
0,0.0252443470230487
0,0.0184604460420114
0,0.0274052167350725
0,0.0289642129878402
0,0.0292549588983447
0,0.0283120219607558
0,0.0274237845827591
0,0.0286653050808575
0,0.0113777542304138
0,0.0284497886487865
0,0.0291546005633276
0,0.0289471688729922
0,0.0291523619341035
0,0.0281710315972169
0,0.0287510989761142
0,0.0274115446628412
0,0.0284442741455862
0,0.0281981392019441
0,0.0291888593670454
0,0.027817890276601
0,0.2054263574375565
0,0.0273669937909573
0,0.0278690472328665
0,0.6073124932113745
0,0.0099082273745419
0,0.0294063935550347
0,0.0142701275635233
0,0.9220815997019182
0,0.0276297461813292
0,0.0252579864241508
0,0.0150236921632764
0,0.058012534910382
0,0.0102137268262696
0,0.0043294727183556
0,0.0274675037477056
0,0.0292296103475784
0,0.028397881059708
0,0.3695652917923924
0,0.028572169901278
0,0.0285530505475893
0,0.0287030735674371
0,0.0191220470751104
0,0.0284588294550598
0,0.0276534967132901
0,0.0267071788337281
0,0.0289417217566948
0,0.004783049735075
0,0.0441946975527396
0,0.0270171670363525
0,0.0224047231973309
0,0.0283945433900256
0,0.0023193465817551
0,0.0274074462367635
0,0.0293760312953071
0,0.0294010455862455
0,0.0290960059109255
0,0.028363211107163
0,0.007100470162991
0,0.0009141596713229
0,0.0278452867670095
0,0.0293523298726588
0,0.0285261689280571
0,0.0066389796546974
0,0.0285931164335015
0,0.0282600106475065
0,0.0275067125858627
0,0.0274203085366886
0,0.0289910182927478
0,0.0124242622867006
0,0.0175924470862308
0,0.0386866639843772
0,0.0276252657182895
0,0.0232010835381688
0,0.0121223073180605
0,0.0232454172453092
0,0.0042814925095475
0,0.0046534368055106
0,0.0243234047777042
0,0.02810287127687
0,0.027544318302227
0,0.0281345082903628
0,0.0450758947029152
0,0.0293431360721978
0,0.0174211054481619
0,0.617329245017294
0,0.027633795059792
0,0.0280953255083614
0,0.022550694521096
0,0.0287028167188201
0,0.0277190403156906
0,0.0276182629456006
0,0.0072256344401675
0,0.0276622798838634
0,0.0076419582831783
0,0.0039646971995299
0,0.011347298935221
0,0.0293514168345755
0,0.0029636847346885
0,0.0266044338906743
0,0.027907367241521
0,0.0230612605641549
0,0.0290908675402704
0,0.0294750136506598
0,0.029436089095052
0,0.0282023957146539
0,0.0286207564599389
0,0.0283525952675175
0,0.0292535374933399
0,0.004004066720231
0,0.024276364121876
0,0.0276039230994633
0,0.0279916400391366
0,0.0655818319429938
0,0.6250710757034652
0,0.0058328941288118
0,0.0236810379388728
0,0.023410748450488
0,0.0285444269498129
0,0.027425364228783
0,0.0277631897485529
0,0.0220897423932286
0,0.0092837923574152
0,0.0275237032088051
0,0.0115689718350937
0,0.0124071938221031
0,0.0275435890259808
0,0.2268311860109166
0,0.3356434489917931
0,0.0230794534739353
0,0.0279623381124942
0,0.0110315216164679
0,0.0286190667782371
0,0.0282446683708716
0,0.0293744142831585
0,0.197627117339548
0,0.0289014611223912
0,0.0275430297303854
0,0.004445762148547
0,0.0151118411010714
0,0.0275319122321447
0,0.0058688527703831
0,0.0275554485310109
0,0.0290661602514703
0,0.028478371249078
0,0.0293837051433599
0,0.0274150311469796
0,0.0292220810643958
0,0.0274545256411403
0,0.0245955981615279
0,0.0124803652814844
0,0.0290805349679203
0,0.0198102100994717
0,0.0288546664395136
0,0.0051490791152179
0,0.0285432760326145
0,0.0282587711378462
0,0.009767511366655
0,0.0284743110480419
0,0.0039736649787212
0,0.0276275000982511
0,0.0285131066636997
0,0.0042808865040799
0,0.1604466023539029
0,0.0279012742738303
0,0.0294050435803507
0,0.0283223131909877
0,0.0274180246696875
0,0.6780308261297299
0,0.0056313306681613
0,0.0288160909684708
0,0.0636068380571526
0,0.0277542773015929
0,0.0149745275608908
0,0.0283808020047047
0,0.0275498682887527
0,0.029055457532351
0,0.0285288507886693
0,0.0274698602767408
0,0.0289301416024364
0,0.0274489425225031
0,0.0059339354959338
0,0.0129108784639709
0,0.0030077386334459
0,0.0241720802740257
0,0.0077774311049772
0,0.0274594862477626
0,0.0283223131909877
0,0.0276448568460454
0,0.0276279357973632
0,0.0238367533919281
0,0.0275101529708102
0,0.0381204307163972
0,0.0268852923743496
0,0.0054578222114141
0,0.024514935254659
0,0.0290803521644837
0,0.0294492238202301
0,0.0281916022718896
0,0.0289435021331156
0,0.0784446327861341
0,0.0054962780150461
0,0.0275412058214626
0,0.042707029565232
0,0.0278567003347926
0,0.0073534561824519
0,0.0275748153128474
0,0.0096729704209557
0,0.0077740888088517
0,0.0048260435609413
0,0.0276388730080387
0,0.0112956994811804
0,0.0287811885475112
0,0.0274714139162092
0,0.0276007669692753
0,0.0055572422372299
0,0.0019085802803862
0,0.0265117099390608
0,0.0276768457499164
0,0.0280477033128859
0,0.0276330512663981
0,0.0191776820791216
0,0.0234996739782126
0,0.0295319609746494
0,0.0285698106020388
0,0.0281662788891148
0,0.0177519003154103
0,0.0274110401553128
0,0.0280218896465441
0,0.0292192425159869
0,0.0284383141200592
0,0.0290875479378229
0,0.0287904045679159
0,0.0276695684904627
0,0.0293763122087463
0,0.0055292647693745
0,0.0048492457045754
0,0.0295198305103628
0,0.0276560253666034
0,0.0275637962844685
0,0.0068565307796995
0,0.0653471928514397
0,0.1073344638392507
0,0.0281933599362926
0,0.027794289915251
0,0.0292777154051605
0,0.0292685154551793
0,0.0291029693259433
0,0.0175470403926015
0,0.0378626418270482
0,0.0275118706554208
0,0.028214067437898
0,0.0048638137349108
0,0.005427486951454
0,0.0293546222074987
0,0.0157589405868606
0,0.025266832883084
0,0.0279508011245402
0,0.0294071720621365
0,0.0293994434514337
0,0.0292671501529074
0,0.0283372164597795
0,0.0285855837856864
0,0.0294391229352171
0,0.343501363983845
0,0.0269888777594621
0,0.031391153072571
0,0.0291547103015192
0,0.0288246764957041
0,0.0269731941105882
0,0.0290066963736161
0,0.0042278604372519
0,0.023361102801049
0,0.0082015505764452
0,0.0152328009721669
0,0.0142955293493085
0,0.0250917193695705
0,0.0291907206430706
0,0.0280185812563893
0,0.0272837209478073
0,0.0176653991795367
0,0.025192969563913
0,0.0234581222208261
0,0.0106140953870324
0,0.0668375005934137
0,0.0293748501429376
0,0.0052600807493588
0,0.0500072942729853
0,0.0281456189608256
0,0.0276647557105324
0,0.0274847261814572
0,0.0048725817760547
0,0.0293305011469225
0,0.0284920837438472
0,0.0052689964037499
0,0.064201332973998
0,0.0112002443302312
0,0.0294486983882988
0,0.0046932998067263
0,0.0056857814862645
0,0.01898134930236
0,0.029556584293707
0,0.027145075519533
0,0.0278692193836965
0,0.0222952556983184
0,0.0083609178073476
0,0.0295127846444499
0,0.027435049378181
0,0.012881801381294
0,0.0249919418084219
0,0.0276418973454563
0,0.0265629466131443
0,0.0293984181012995
0,0.0281903902590771
0,0.0287737786295098
0,0.0274556082044704
0,0.0278792678346693
0,0.0056035939467489
0,0.0051354351845774
0,0.0293431166908516
0,0.0287966184176303
0,0.0280518038516198
0,0.0282140713536387
0,0.0063269769981433
0,0.0178788698970785
0,0.0790607720908738
0,0.0285961827476956
0,0.0157508028523714
0,0.0290429730818213
0,0.021822267964601
0,0.0265176132479556
0,0.0274100375436036
0,0.0264593950533862
0,0.0285183019466233
0,0.0274675876431344
0,0.0294201305731997
0,0.0127002934132612
0,0.0075362866300121
0,0.0131779736031058
0,0.0292004703722791
0,0.0237199386358218
0,0.0294262449238691
0,0.1558134677988859
0,0.0285563223593024
0,0.0260398678701658
0,0.0068851928002932
0,0.0232267001567447
0,0.0278420000719497
0,0.007564048534301
0,0.0274276490270403
0,0.027494380958346
0,0.0284949938791084
0,0.0129356254646416
0,0.0082895492425647
0,0.028104241916843
0,0.0292818044989779
0,0.027787700848377
0,0.0278811563046769
0,0.0061590504640724
0,0.0962429671964627
0,0.0140891448413678
0,0.0271497558083514
0,0.0281193617035459
0,0.007386668473125
0,0.0267963257571742
0,0.0185109936907005
0,0.0112745972126264
0,0.0289122184769126
0,0.0280656174880935
0,0.0285445697020725
0,0.0292918442173517
0,0.0278607647548261
0,0.0292944337835089
0,0.0509918936566634
0,0.0258262212984553
0,0.0275767202346643
0,0.019935210325155
0,0.0290787009887985
0,0.0206083457917867
0,0.028915550883983
0,0.0047498320978102
0,0.0284179892893382
0,0.0280002027128877
0,0.0293329972169506
0,0.0089263226950482
0,0.0258778349457811
0,0.0274607534821154
0,0.0257139829100137
0,0.2050693605087149
0,0.0276685864055032
0,0.0280518038516198
0,0.0279446156130748
0,0.0274021409963472
0,0.0234813776746655
0,0.0278889812937971
0,0.0147381874950416
0,0.0237672414676684
0,0.0039625377275723
0,0.0277231292025062
0,0.0276363626962146
0,0.998883077362537
0,0.0635260006921373
0,0.0294505551741215
0,0.2980132376275548
0,0.0047236169397339
0,0.0278648866101144
0,0.0227434087281681
0,0.0293909628267111
0,0.0083846588285577
0,0.0284771912976952
0,0.0160115326704639
0,0.018296642323911
0,0.0275278587513878
0,0.0038081207533876
0,0.0288686573248439
0,0.0067303075054065
0,0.0038519475297429
0,0.0278946801245409
0,0.0201998862479087
0,0.0274730680077573
0,0.0372220920015298
0,0.0287945094252573
0,0.0281988393732107
0,0.0276076232472334
0,0.0283215796517014
0,0.0234904777218192
0,0.0355486705305975
0,0.0129112117061283
0,0.0275057457224254
0,0.0240361418364249
0,0.0274518899552136
0,0.0274030684713159
0,0.0042499989305361
0,0.012940794549469
0,0.0274193482355122
0,0.0057001821323652
0,0.0289542387405514
0,0.0200246304986909
0,0.0057743977616256
0,0.0077464785652496
0,0.0042845574442217
0,0.0156980658517777
0,0.0056668083926755
0,0.0274833670468832
0,0.0275901766985955
0,0.0233693964698667
0,0.0074415069308017
0,0.0058856455367103
0,0.0274610920884669
0,0.0284502893589619
0,0.0065293303138665
0,0.0281487118708598
0,0.0283481565243554
0,0.0039687751516412
0,0.0275113393129054
0,0.0234915261987812
0,0.0277807256905673
0,0.0077528063955242
0,0.0275875694725565
0,0.0228134908915919
0,0.0293087860912525
0,0.027861914512648
0,0.0337985115333406
0,0.0081540683058215
0,0.027849971576532
0,0.0293495122574978
0,0.027411668468828
0,0.0293466973494297
0,0.0243624510399939
0,0.0274075589814811
0,0.0270456348262489
0,0.0287109655445873
0,0.0281890576496858
0,0.0274267615813889
0,0.0275272480052085
0,0.012664352809274
0,0.0074592147736224
0,0.0274371385009477
0,0.0293277618888261
0,0.0283944295783629
0,0.0050550233507754
0,0.051872852799496
0,0.0399779763414081
0,0.0042805658389308
0,0.0274143024567755
0,0.0146448778822368
0,0.0281862370677152
0,0.0067376223861385
0,0.0280056722852226
0,0.0279571851201445
0,0.0193756475268705
0,0.0277134500804804
0,0.0280197552388768
0,0.0275852766346712
0,0.0293777249463629
0,0.0043411725377431
0,0.0109380142720695
0,0.0223460061335339
0,0.0547838263722348
0,0.016680307096154
0,0.027826557350728
0,0.0046014881563635
0,0.0138377299145533
0,0.0282689974314945
0,0.0266883407072001
0,0.0293811456666623
0,0.4740373630007518
0,0.0286313399213066
0,0.0275576752731167
0,0.0256142613135486
0,0.0034884734997826
0,0.0282714103490739
0,0.0373840068521347
0,0.0049877186445869
0,0.0745874403360193
0,0.0278276341128058
0,0.0289632596663816
0,0.0286261130071305
0,0.0287140756013575
0,0.0287916544281188
0,0.0275593266116567
0,0.0047895891279053
0,0.0276567513488195
0,0.0285446980958132
0,0.0075441370460367
0,0.027326012783469
0,0.0284862309577343
0,0.0221264112247086
0,0.0274149473950879
0,0.0276851636047399
0,0.0213446783816972
0,0.006913602227847
0,0.0205177606255393
0,0.0291840194001063
0,0.028642501721777
0,0.0282729753853706
0,0.0038065491741586
0,0.029386826389689
0,0.0197372420283378
0,0.023310062256524
0,0.0282385558722255
0,0.0284767959803147
0,0.0281736725107596
0,0.0275624274579331
0,0.0240394403519424
0,0.0271598381693206
0,0.0278723569999981
0,0.028298115213926
0,0.0076797781125505
0,0.026759624960425
0,0.029390358983379
0,0.02811572048902
0,0.0294067829704297
0,0.0216959294803372
0,0.0275345983978017
0,0.0507598959648208
0,0.0277514620481443
0,0.0115680377946304
0,0.0292461589507713
0,0.0277236304434446
0,0.0294038410862809
0,0.0292850273852435
0,0.0276647901681602
0,0.027851742069273
0,0.0295343195732473
0,0.0805855747729935
0,0.0289624705931135
0,0.0389214013118647
0,0.0283902994315582
0,0.0835663035969203
0,0.0275615172416406
0,0.0796490183595614
0,0.0275319536745518
0,0.0289781065404593
0,0.0287364340600574
0,0.0027821276877339
0,0.0281856846526933
0,0.0281781366289991
0,0.0274601795269302
0,0.0289110282911686
0,0.0057200007984258
0,0.0276559572409444
0,0.0285255350365912
0,0.022684876407652
0,0.029218224542067
0,0.0128619106954038
0,0.0290063712054108
0,0.0274492903279395
0,0.0241277540023695
0,0.017045070448678
0,0.0101657090323637
0,0.0131797146493751
0,0.0266415298299369
0,0.0284302754638599
0,0.0056170240502213
0,0.0165489057408173
0,0.0275849274701073
0,0.0292550971085562
0,0.0163331174057467
0,0.0203043723206146
0,0.0135090917106455
0,0.0229235256955843
0,0.0099515051159319
0,0.0289158595083735
0,0.0289137575437778
0,0.028726838526705
0,0.0290640131736113
0,0.0276620822874152
0,0.021974569716617
0,0.0166213091235527
0,0.0291590534764077
0,0.028084063565502
0,0.009698224216922
0,0.028995463545881
0,0.0292631399831495
0,0.0276619488255787
0,0.0281222607226097
0,0.0281923405921231
0,0.0288885716610658
0,0.0264539809512345
0,0.0059649626649597
0,0.0282086521019122
0,0.0042894966588991
0,0.0279207216232941
0,0.0065032993732599
0,0.0043757072907194
0,0.0068012898651771
0,0.0284322370562939
0,0.0287491946905841
0,0.0275406504671057
0,0.0242478957909987
0,0.0031242169103105
0,0.027537901185472
0,0.028072913528714
0,0.0059566856889237
0,0.0293003739429878
0,0.0197984298176385
0,0.0037227614015099
0,0.0283647342748303
0,0.028123333141173
0,0.0276059069309659
0,0.019858347611318
0,0.0015792361714174
0,0.0292900654164671
0,0.027601043329261
0,0.0162910407506152
0,0.0290869285264556
0,0.0066028810714873
0,0.0046200280127278
0,0.0282435764170614
0,0.028629682491091
0,0.0276974597157988
0,0.0187743877721097
0,0.0224740467327734
0,0.0291302992229414
0,0.0054540374525112
0,0.0275001819696005
0,0.0274969740383206
0,0.0277431482514826
0,0.0293433539295118
0,0.2162295591739368
0,0.0291854324489672
0,0.0292076989154892
0,0.0286231578887845
0,0.0282744643786995
0,0.0037079975252206
0,0.0122829361967928
0,0.0289645189379525
0,0.0294695814760468
0,0.0208287210110968
0,0.0281662522020552
0,0.0086324888060335
0,0.0142878715997615
0,0.0289280162179939
0,0.0047025377015928
0,0.0274332932864486
0,0.0284935589898877
0,0.0271809975536538
0,0.129165703101749
0,0.0040693342389287
0,0.0240719572505556
0,0.0049735794252779
0,0.0280633569199356
0,0.0430989714114481
0,0.0169020061341039
0,0.0093222247328809
0,0.0291927920398143
0,0.1114087101253886
0,0.0293305091366627
0,0.0126829196401827
0,0.0052655396649808
0,0.0288129459099219
0,0.0274767941911721
0,0.0083764755096396
0,0.0276782462070786
0,0.0279723358455009
0,0.0274415570823012
0,0.0400887318000578
0,0.0067698950445331
0,0.0080470918327483
0,0.0043952429404061
0,0.0036882980947602
0,0.0291561588135754
0,0.0095388663119421
0,0.0252062277384168
0,0.0051771617990239
0,0.5435067883102275
0,0.0240461061840185
0,0.0041605611827598
0,0.0097078022688174
0,0.0032647780591845
0,0.0276626019630634
0,0.0290105979136645
0,0.0566340170633467
0,0.0281057482263884
0,0.0100774712966276
0,0.0274580554337669
0,0.0274651047221589
0,0.0078850223679096
0,0.0279914346190141
0,0.0099780876277612
0,0.0287501527833374
0,0.0294728270272926
0,0.0286803228955404
0,0.2578606971913786
0,0.0039476459097919
0,0.0035725159409395
0,0.0029440328809506
0,0.0046736186561007
0,0.0272551004523206
0,0.0286988595083267
0,0.0289217286180445
0,0.0045555178713333
0,0.0062963473922112
0,0.029121289980372
0,0.0281394209800722
0,0.0175160919983517
0,0.02888586388772
0,0.0265984116970246
0,0.0291787607496931
0,0.0278282717815866
0,0.0280884614734859
0,0.0246806410066579
0,0.027535890007342
0,0.0088036063531455
0,0.0091048837029024
0,0.0291460519070572
0,0.0277072035589797
0,0.0289232233881711
0,0.0166831182531174
0,0.0118571230852407
0,0.0292289684001447
0,0.0278964505711371
0,0.0277344641930812
0,0.0275566912249363
0,0.0274827529485889
0,0.4274432839372105
0,0.0274178258443208
0,0.0205711057030541
0,0.0294496649310113
0,0.0291823265561612
0,0.0286045519542405
0,0.593929523980038
0,0.0275685487082589
0,0.0347375625178799
0,0.0282055178063524
0,0.027480045171031
0,0.0240454740154412
0,0.0281872758776246
0,0.0228973155993891
0,0.0279751460625181
0,0.0967958590133664
0,0.0053545947513129
0,0.5689989781323637
0,0.0237252530283783
0,0.0077114144970472
0,0.0058659672131758
0,0.013737538699947
0,0.0060423583386423
0,0.0289039883080092
0,0.1259933917523131
0,0.028718869964795
0,0.0272079385476535
0,0.028574586143149
0,0.0235871669181508
0,0.0277880745970744
0,0.0288855075696149
0,0.0089653896139818
0,0.0274147475057127
0,0.0279179063519109
0,0.0290877763439706
0,0.0293671267095583
0,0.0279452214596824
0,0.0277937948789709
0,0.0032803111462679
0,0.02790148542474
0,0.0293359922516824
0,0.0067804036894768
0,0.0287707863655247
0,0.0291168018395495
0,0.7553630626702396
0,0.0275742911124818
0,0.0273234102146755
0,0.0285045502728686
0,0.0223519978943147
0,0.0295235649892298
0,0.0250568520761124
0,0.0207232409986136
0,0.0050721868111465
0,0.0294357467633262
0,0.0276007669692753
0,0.0274970380867919
0,0.0273955412637244
0,0.0196881548023649
0,0.02759268401258
0,0.0291612338229698
0,0.0098997301517587
0,0.0031074276551921
0,0.0068941101762201
0,0.027456118619519
0,0.6954147909011579
0,0.0287146913898187
0,0.022263872392509
0,0.0085169947139236
0,0.0284618349726978
0,0.0056152014502917
0,0.0288613768259508
0,0.0288854349602012
0,0.0276502794012016
0,0.0269072263466459
0,0.0279892819642688
0,0.0281670672117367
0,0.0124457188940072
0,0.0278834089831019
0,0.0274581376766154
0,0.0293919135525817
0,0.0288697812980935
0,0.0140324809840526
0,0.0273882734142928
0,0.0056281297944252
0,0.0274046075910011
0,0.0293885384286975
0,0.0281239567502071
0,0.0284702669505057
0,0.0289947205938899
0,0.0274258460647161
0,0.0250377363033724
0,0.0274061488952884
0,0.0274428718307984
0,0.0281800465891286
0,0.0293321084057193
0,0.0287884557507112
0,0.0274610920884669
0,0.0292468983019405
0,0.0233743133502385
0,0.0388675174341461
0,0.0274497747772034
0,0.0235385119436064
0,0.0515671727263857
0,0.0123482360173607
0,0.0276417610807011
0,0.0283517601865054
0,0.0286959338505376
0,0.1795549260147997
0,0.0082220853432713
0,0.0077200261211736
0,0.0122489555869131
0,0.0281186238327861
0,0.0064207338972849
0,0.01321351758863
0,0.0226605199019057
0,0.027890534506295
0,0.0047867955655569
0,0.0293371350069157
0,0.0281952810683128
0,0.028717239151769
0,0.0028231447552983
0,0.0279950957897286
0,0.0235667904417846
0,0.0055589552995053
0,0.0285872609779772
0,0.0294088693943295
0,0.0275216265022996
0,0.0093210577549002
0,0.0283987303124946
0,0.0276011306125597
0,0.0164578934558033
0,0.0293807467993552
0,0.0065607889891472
0,0.0280928016849656
0,0.0274434866167802
0,0.0221695797510524
0,0.0638879282718072
0,0.0275261612681155
0,0.0129804680110094
0,0.0282189537262204
0,0.0129999723733311
0,0.0281625396505853
0,0.0110738017034365
0,0.0032143617461693
0,0.0058163440190402
0,0.0159342429885698
0,0.0274759165224967
0,0.0274110096277779
0,0.0146377651797999
0,0.0279306930725604
0,0.0289446202824222
0,0.0259859853167205
0,0.024796810707954
0,0.0269648601474885
0,0.0279270732112515
0,0.0274873782124457
0,0.0199109332590638
0,0.0275346879717728
0,0.6157826525856782
0,0.0150018165161137
0,0.0595901573315106
0,0.0287870098127093
0,0.0287243376857875
0,0.028851669401692
0,0.0732378430606933
0,0.0279611623434274
0,0.0288802524172537
0,0.0274896618073221
0,0.0244727572465035
0,0.0282430320171035
0,0.0274183692133867
0,0.0274183703190959
0,0.0190282694932955
0,0.02741529988288
0,0.0232995764680573
0,0.0294464891854835
0,0.0281520920904461
0,0.0284468210681658
0,0.0279921870368004
0,0.0065126065601431
0,0.0278355824907136
0,0.0293783188109331
0,0.0291741309558183
0,0.027431104142518
0,0.0047325464171483
0,0.0047259012720839
0,0.0282955970857584
0,0.0279446279171175
0,0.0276733476458422
0,0.0165076659046137
0,0.0269870561628313
0,0.0135892921621063
0,0.0274319679734722
0,0.0261739747198126
0,0.0292359387227458
0,0.0294025488358744
0,0.0286314951532651
0,0.015217903978574
0,0.0306222549543356
0,0.0041838792330625
0,0.0071922884631967
0,0.0275156281859723
0,0.024573518357734
0,0.0178040123955319
0,0.0132715538589554
0,0.0287762583633454
0,0.0291449086494251
0,0.0275892199791616
0,0.0281523342145022
0,0.026656509588966
0,0.029444052833716
0,0.0270228348233859
0,0.0274236824718056
0,0.0222151026392059
0,0.1015136159975429
0,0.0274046915153432
0,0.0046315754454859
0,0.0131751549234023
0,0.0293496516668559
0,0.0457147132616425
0,0.0167141306955172
0,0.0166432763313352
0,0.0281240423138453
0,0.0259306371742419
0,0.0462179991799734
0,0.0284727817559493
0,0.0216062355937182
0,0.0284689721254421
0,0.0201585762574303
0,0.0139930093673813
0,0.4876916665809146
0,0.0280380356001915
0,0.0282034385974265
0,0.0434320616862404
0,0.0011115231080662
0,0.0291682903898363
0,0.0285251849434637
0,0.0286446554732386
0,0.0141323693697784
0,0.02818780429579
0,0.0282079155012773
0,0.0682741987319082
0,0.0285826975650277
0,0.0292468983019405
0,0.0274895188872952
0,0.0234280982474497
0,0.027435051261776
0,0.019337090420854
0,0.028153648116283
0,0.0274073500791701
0,0.0275480220033801
0,0.0285027168599256
0,0.0280717647717841
0,0.0040642856637284
0,0.0287062811387765
0,0.0264723902204293
0,0.0280698756109009
0,0.0092826807539266
0,0.00507289233446
0,0.0220060415399427
0,0.2384189069091804
0,0.0252011465343708
0,0.0286711435930344
0,0.0138315081386487
0,0.0039332196753266
0,0.0276617319101237
0,0.0277574890868907
0,0.0277382864792123
0,0.027829984427977
0,0.0261916886027243
0,0.0067137911290841
0,0.0277986873954231
0,0.0036762170889446
0,0.0241368763833883
0,0.0056355218905974
0,0.0041264347167366
0,0.0068249624985575
0,0.0076797781125505
0,0.0282958280107355
0,0.0294991313771032
0,0.0287866040412769
0,0.0130092255330378
0,0.0294044505870756
0,0.0237192026623797
0,0.0291475248857274
0,0.0075308664548559
0,0.0292396778737026
0,0.0274132001926678
0,0.0245853108040586
0,0.0134690916335687
0,0.0285524254154526
0,0.0088074924034989
0,0.0275002671244947
0,0.0288365009600677
0,0.0293095886986468
0,0.0290145281983808
0,0.0283348350620585
0,0.0200070355517338
0,0.029414240429293
0,0.0274303145236451
0,0.0274261257426703
0,0.0286045700910229
0,0.0602421637153126
0,0.0235075773167604
0,0.0240023024914025
0,0.0060361138207823
0,0.0291460953665201
0,0.0041605611827598
0,0.0275927737696243
0,0.0294490158852263
0,0.0138767949008068
0,0.0084553368028311
0,0.0281334459811551
0,0.0285372008543531
0,0.0275231003782703
0,0.0278342109632834
0,0.0264344895499758
0,0.0290889277024393
0,0.0110121995927623
0,0.0043185774727846
0,0.0041966205108293
0,0.0279796016676609
0,0.0289988827142875
0,0.0289045260612422
0,0.0276808454365317
0,0.0277111401597208
0,0.0028666660928006
0,0.0292933829168403
0,0.0280829122410673
0,0.0292359251587923
0,0.0428724215740788
0,0.0276291326339575
0,0.1956454575399056
0,0.0275438113822212
0,0.0161099545160312
0,0.0290597162591616
0,0.0258385477142548
0,0.0275292972662739
0,0.0287894602253177
0,0.4654396132166939
0,0.0286290846799823
0,0.0572622829182571
0,0.0274165373117012
0,0.0285508062134021
0,0.0053737353960056
0,0.0041320150454541
0,0.027501213982265
0,0.0310701259710779
0,0.0277031550049112
0,0.019789961095013
0,0.0283989180754054
0,0.0276185880331561
0,0.018336034899053
0,0.0274829631716031
0,0.0076828570070448
0,0.0274925685803036
0,0.0043154908091781
0,0.0274117207788391
0,0.0294112507417861
0,0.0277330997211517
0,0.0274078474618877
0,0.0292302210780748
0,0.0056236671889008
0,0.4701741891157807
0,0.0291268730533984
0,0.0042920974435439
0,0.0278732378069933
0,0.0276654187144308
0,0.0048627126209343
0,0.0277402919353112
0,0.0285675602737968
0,0.7566855703956186
0,0.0807806101072201
0,0.004902994863194
0,0.0286989460224459
0,0.0275174406739127
0,0.0274601795269302
0,0.0287287087348268
0,0.00502888981873
0,0.0281766800887666
0,0.0276346731534393
0,0.0288177797352597
0,0.0292088722412397
0,0.0251873824106271
0,0.027583399766044
0,0.0213063988838184
0,0.0275041774347822
0,0.0274128076951877
0,0.027461240768174
0,0.004408777318674
0,0.0277119349124899
0,0.028012569758643
0,0.0283277535173976
0,0.0278536026738315
0,0.0033744421728509
0,0.0249332313769122
0,0.0285641872643818
0,0.0276373440495744
0,0.0276307488047323
0,0.0288653494289162
0,0.0055697457097567
0,0.0293388552299448
0,0.0275673957932037
0,0.0172381214390129
0,0.0283808800077789
0,0.0275737934821957
0,0.0036501049200336
0,0.0274851944837727
0,0.0276304545979804
0,0.0276418412696905
0,0.0288305293645005
0,0.0282355613681638
0,0.0282344010703356
0,0.0292889128780539
0,0.0290191579914473
0,0.0235814190977728
0,0.0292171760431395
0,0.0275604465268407
0,0.0285872545472225
0,0.0237668918036953
0,0.0288006313663414
0,0.0281162832761218
0,0.0293986842072709
0,0.0274200904455561
0,0.0409285035036151
0,0.0289403725044386
0,0.0284473957037162
0,0.0236840696606988
0,0.0274346568916666
0,0.0194105702417103
0,0.0279578987157766
0,0.027648679911835
0,0.0292803981721309
0,0.0292820553267255
0,0.0279820919450669
0,0.0277007452229118
0,0.0279462443101744
0,0.0623898381349493
0,0.0192473177463208
0,0.0284277970091727
0,0.0235742215606483
0,0.0056935656039518
0,0.0276714503135801
0,0.0089512038167002
0,0.0275277125193613
0,0.0260315684574311
0,0.0239272063132442
0,0.0279844880137437
0,0.0276325207510779
0,0.027509554781224
0,0.0274455817933807
0,0.0276126936895028
0,0.0002777084786803
0,0.0061846953203504
0,0.0286528143666793
0,0.0265854966444326
0,0.0513395511438565
0,0.0043686329708671
0,0.0278181712928151
0,0.0287619311295227
0,0.0275483750770144
0,0.0293964489246229
0,0.02367427792174
0,0.0291899924243416
0,0.0289727102678473
0,0.0168743178899121
0,0.0282824352572039
0,0.0284387763504373
0,0.028209287672625
0,0.0233856615323478
0,0.0293069385760605
0,0.0255168236359783
0,0.2829961723674779
0,0.0269388567140104
0,0.0275433302708199
0,0.0294014237785529
0,0.0280193924590667
0,0.0289145626133886
0,0.0293082650839528
0,0.017869237414515
0,0.0274296619334426
0,0.0294022622547933
0,0.0907859237862567
0,0.0286745518034338
0,0.016575109635717
0,0.0125041451745349
0,0.0275021676076382
0,0.0135141966939243
0,0.0284429648375958
0,0.0150045707225744
0,0.02863678432161
0,0.0277891833043409
0,0.0063685985073091
0,0.0218255279318125
0,0.0291113508721158
0,0.0035872760487444
0,0.0274598910926114
0,0.0292969490857504
0,0.0279168014572417
0,0.028560313058642
0,0.0181018171934603
0,0.0286871483958626
0,0.0262814554206124
0,0.0295423458908571
0,0.0234866093149356
0,0.029306056892756
0,0.0093747592303367
0,0.0290550855428922
0,0.0274187584316795
0,0.0279784690778117
0,0.0058831910191941
0,0.0179779236123019
0,0.0282850089196452
0,0.0060577877843348
0,0.0113087627335434
0,0.0039929772123146
0,0.0059203283364855
0,0.0291498081532806
0,0.0282896732883031
0,0.0274090500903185
0,0.0119475947708731
0,0.0274266063484731
0,0.0219679551624741
0,0.027826692219529
0,0.0276221792027237
0,0.0198814376134726
0,0.0174705558382745
0,0.0290132290614664
0,0.0285056399440156
0,0.0293806051119897
0,0.0256262565250124
0,0.028383496189496
0,0.0288465369488795
0,0.0285027168599256
0,0.0054386248083036
0,0.0287614994415087
0,0.0259180095129415
0,0.0278034565871234
0,0.0273120363541184
0,0.0137293069885122
0,0.0275926766568839
0,0.0275024007262469
0,0.0290713815830206
0,0.0238922999009599
0,0.0289564519914836
0,0.0282064654701932
0,0.0301688125340052
0,0.004173544145916
0,0.0221366604341339
0,0.0233328571342694
0,0.027412319153632
0,0.0285187203661757
0,0.0240787982357074
0,0.0274674317607673
0,0.0274838888462313
0,0.0290517225234193
0,0.0281744322118501
0,0.0276363671306553
0,0.005267033037041
0,0.016750524429282
0,0.0123312518442521
0,0.0450343465692677
0,0.0025591692320388
0,0.0277726381413079
0,0.0274846085376318
0,0.0283166830980277
0,0.0034299002027656
0,0.0292978189806028
0,0.0291895906116621
0,0.0131601636866309
0,0.0238187876347333
0,0.0119925863017381
0,0.027411761080658
0,0.1736979757181556
0,0.0294047389208859
0,0.0276947533404236
0,0.028920605853547
0,0.0294022622056542
0,0.0202191523691279
0,0.0293198355570694
0,0.0271994667602784
0,0.0531134312566777
0,0.0284849206104659
0,0.027494084916499
0,0.0188025538798454
0,0.0288950597768723
0,0.0082004633088569
0,0.0270780101850092
0,0.0139222784595906
0,0.028620135752919
0,0.0274182554754269
0,0.0088369605465779
0,0.0731166832909628
0,0.0291500442837648
0,0.0113557551208075
0,0.0280378868282356
0,0.0163207374865427
0,0.0273696935234102
0,0.0164566425802197
0,0.0281882018295717
0,0.028497393070735
0,0.0288358713166237
0,0.0048710255801104
0,0.3488160123745322
0,0.0056345381999917
0,0.0090947005954899
0,0.0279733665760774
0,0.0358814219436888
0,0.0288269930837683
0,0.0288406503410709
0,0.0281410639199161
0,0.0293842687715514
0,0.0292825490428752
0,0.0043238190267973
0,0.0274296394631989
0,0.0277733103457179
0,0.0254985017985538
0,0.0288614402061238
0,0.0280880830340288
0,0.0087572103273116
0,0.016796524434886
0,0.0278600121798205
0,0.0048605217515488
0,0.0272068915444893
0,0.0051598754162819
0,0.0045741513838658
0,0.0948730520161536
0,0.0256743045678925
0,0.0056092105025147
0,0.0622435055120359
0,0.0269777964372695
0,0.0278011477841725
0,0.0290015572265472
0,0.0274061919422492
0,0.0057496782581321
0,0.0287827373293504
0,0.0278071990479417
0,0.0222939878232139
0,0.0148125053486866
0,0.0275698069809507
0,0.0279637586271083
0,0.0281045170660785
0,0.0293756565045151
0,0.025196486720999
0,0.0168247660533906
0,0.0277062370240764
0,0.0089574667300477
0,0.0278682549833401
0,0.0089095642196148
0,0.00462689899442
0,0.0283532000443996
0,0.0795356824263817
0,0.0274714556388241
0,0.0282705454943994
0,0.0155144488569002
0,0.0188121457982793
0,0.0288514182565569
0,0.0280280878431761
0,0.0956492891075252
0,0.02756240952711
0,0.0294831620616577
0,0.0264981222240555
0,0.0123972377526089
0,0.002974040408824
0,0.0294729286207877
0,0.0250414456678123
0,0.028461745396618
0,0.0274490104846791
0,0.023764048974066
0,0.0670700584110516
0,0.028969570873666
0,0.0284359159237267
0,0.0274940987693235
0,0.0291050140659888
0,0.0275015326794698
0,0.0208872034341332
0,0.0278012600247419
0,0.0290720712126863
0,0.0242299404107283
0,0.0274798588182512
0,0.0287889511300236
0,0.0283173631863295
0,0.0274795014354224
0,0.0274296619334426
0,0.0278217256118709
0,0.025576160443017
0,0.0286462544845874
0,0.0216375370414516
0,0.0044100916322521
0,0.0290359791543686
0,0.0292282571312414
0,0.0292036518752495
0,0.0278276341128058
0,0.0272758637225168
0,0.0275711615147471
0,0.0290394674022825
0,0.006505484722025
0,0.0277896992971858
0,0.0101471789485516
0,0.0282128596198534
0,0.0294060543739037
0,0.0283432022598594
0,0.0128444525428674
0,0.0294384518357671
0,0.0274864255622293
0,0.0293994066032333
0,0.0279511958907893
0,0.0128625117138994
0,0.0038308879387161
0,0.0286198045704333
0,0.0276900024117843
0,0.029109322403506
0,0.0282054468935679
0,0.0277022003378862
0,0.0028553561870056
0,0.0195733055051269
0,0.0294073314819902
0,0.0274308404602382
0,0.065059359257001
0,0.0286992282087799
0,0.0293243532986646
0,0.0049662937825634
0,0.0287619311295227
0,0.0648337358867226
0,0.0285793512546917
0,0.0286444004357419
0,0.0275732997291451
0,0.0084023597916377
0,0.028138783017424
0,0.0285315774647513
0,0.0289481422328431
0,0.0274772370072369
0,0.0080949292675306
0,0.0274982468580402
0,0.0290515319227576
0,0.0275163655292605
0,0.0276686664993056
0,0.0283177544919626
0,0.0286458157060675
0,0.0273696806419501
0,0.094187728864348
0,0.0249215319714297
0,0.0282726933347287
0,0.0285167148373833
0,0.0280547169919332
0,0.0052904915753105
0,0.8849253942229383
0,0.0274278404152261
0,0.0272814942147204
0,0.0275435326381216
0,0.0282700878891648
0,0.0293496054731334
0,0.027849971576532
0,0.0274331424822709
0,0.0275530484332436
0,0.0279102751007525
0,0.0275875091089879
0,0.0274306735989401
0,0.0283712513759278
0,0.0323705024549943
0,0.028292615746975
0,0.0187285629878677
0,0.0281528089132282
0,0.0036665086648476
0,0.0101215888670545
0,0.0259588959189403
0,0.009426253210297
0,0.0265142596013637
0,0.0284818846630992
0,0.0289018207069734
0,0.0278071990479417
0,0.0275364214844412
0,0.0290931008026606
0,0.0288962569197382
0,0.0052650232839514
0,0.0082959353168436
0,0.0285539044961772
0,0.0284406958489241
0,0.0041447449723951
0,0.0107740597564461
0,0.023653032475132
0,0.0283347526016572
0,0.0275038442737663
0,0.9551195156423928
0,0.0291818712498167
0,0.0294070559856735
0,0.0293104159003003
0,0.027612294000334
0,0.0051434332101729
0,0.0159793575995892
0,0.0047668218572902
0,0.0282778928144615
0,0.0080137354053823
0,0.0292419357325381
0,0.0081087178412606
0,0.0066093880346204
0,0.0879963130246852
0,0.0283223131909877
0,0.0072047925416418
0,0.0292225096740276
0,0.0294760239632626
0,0.0288038994257412
0,0.0278257948378965
0,0.0767188750719872
0,0.0283413267316564
0,0.0477296657024652
0,0.0593425961212209
0,0.0102924695943101
0,0.0280110096564404
0,0.0245512377590401
0,0.0286067741060941
0,0.0093994088384596
0,0.0277622016545715
0,0.0284628908040785
0,0.0275583180276396
0,0.0281224456252847
0,0.0227196597764738
0,0.0275737934821957
0,0.0853555275082875
0,0.0095580394608097
0,0.0235582045564468
0,0.0274184032697199
0,0.0280122289559854
0,0.027513991811236
0,0.0283110153141279
0,0.0050375227345438
0,0.0274898098158023
0,0.0287434986433646
0,0.0288136571516565
0,0.0276360344831898
0,0.0212933098301427
0,0.0289993722625808
0,0.0465967418759895
0,0.0429226969064395
0,0.0029403781431889
0,0.0290031219005058
0,0.6602827861002246
0,0.0075916714069645
0,0.027518316864524
0,0.0284594467623833
0,0.0277501412794202
0,0.027465839215299
0,0.0278663619720966
0,0.0294473893517029
0,0.0289078133451192
0,0.0290668553114328
0,0.0275872453785637
0,0.0274100375436036
0,0.0169565712776676
0,0.0059845634231835
0,0.0274146101845939
0,0.0287478162524564
0,0.024493480074851
0,0.0275022566535098
0,0.0244334104331376
0,0.0208450713593095
0,0.0286835445299723
0,0.0045673617634936
0,0.0281835663232652
0,0.0279490003196581
0,0.0274394821441966
0,0.0288924534631584
0,0.0281156878352713
0,0.0132365023394584
0,0.0139895843556021
0,0.0294018948660481
0,0.0238334838115009
0,0.0280282397587441
0,0.0233301415192682
0,0.0274106033803542
0,0.0211187764193561
0,0.0126310808614016
0,0.0233262006584785
0,0.0257244485752702
0,0.0064104387401757
0,0.0292828436507143
0,0.0286562119638381
0,0.0240406243286499
0,0.009576250114786
0,0.0274150629490575
0,0.0068421950386704
0,0.1914359719642389
0,0.06150736511768
0,0.0295047572041014
0,0.0182352398786345
0,0.0276195339091495
0,0.0178421898332444
0,0.0278449685071286
0,0.0274262013137668
0,0.0239195343452986
0,0.0238034925733737
0,0.0275064185394542
0,0.0291219966589405
0,0.0275154668322301
0,0.0205052810854923
0,0.0284213873672611
0,0.0288180514396022
0,0.0292195185262043
0,0.0274816086473118
0,0.9292927697445972
0,0.0181245422652095
0,0.0287537571844812
0,0.0182312861669407
0,0.0294304683485603
0,0.0117224189737125
0,0.0255847179246359
0,0.0289664338145915
0,0.024773689663036
0,0.0274608866350524
0,0.028811035997698
0,0.0274205341299937
0,0.0294161472457497
0,0.0159295804647172
0,0.0296735063755104
0,0.0233066106733672
0,0.0285687679423036
0,0.0276840764323103
0,0.0283953516186408
0,0.0176213306843549
0,0.040078963569486
0,0.0274043353800188
0,0.011323582696971
0,0.0287822834308773
0,0.0286702667637899
0,0.0285129869441124
0,0.0036636861633404
0,0.0291023274403239
0,0.0279309047493434
0,0.0135768625772613
0,0.00795688278064
0,0.0278723569999981
0,0.0283520755030738
0,0.0177526935135023
0,0.0277462221104737
0,0.0281146729436285
0,0.0278934149998119
0,0.0293304865235483
0,0.0124037755272498
0,0.0291702895115274
0,0.0293938569897098
0,0.0277295358267512
0,0.0283380910883467
0,0.0040027822873324
0,0.0282705454943994
0,0.0279123043428531
0,0.0281881821444624
0,0.0098669221798636
0,0.0086304343612296
0,0.0294482665047345
0,0.0274507219722809
0,0.003984777436239
0,0.0275358608793473
0,0.0291300745580676
0,0.0287462664355568
0,0.0291600205187769
0,0.035359469976608
0,0.0286650737918866
0,0.0294176084960188
0,0.0291560881514158
0,0.0892916310958778
0,0.0233728288235261
0,0.0292682736860151
0,0.0275177566813455
0,0.0170839726186675
0,0.0293914166351491
0,0.0289078053758127
0,0.0266220181256831
0,0.0293168113787096
0,0.0029921476580198
0,0.0078740493088521
0,0.0152115153625398
0,0.0037670992025921
0,0.0292736940028663
0,0.0255105842740159
0,0.0074342514568323
0,0.0283059852488301
0,0.0292868577181896
0,0.0245449472899763
0,0.0277802030125675
0,0.0143381211141014
0,0.0265270622717373
0,0.0279324460453506
0,0.0097273282894971
0,0.0197477567677991
0,0.028700197647602
0,0.0133754188606707
0,0.0275869552774753
0,0.0275013253855807
0,0.0285334104487469
0,0.0035344182829026
0,0.0291827331818026
0,0.028214994527771
0,0.0273871654515442
0,0.0293560926339493
0,0.0068320873892801
0,0.0741984434944317
0,0.0274120181334249
0,0.0289226455535043
0,0.0250784446468468
0,0.0285409759660525
0,0.0172530749152304
0,0.0143821139969435
0,0.0289216196940727
0,0.0274186385599656
0,0.0274406068496258
0,0.0276627080772403
0,0.0233261470731114
0,0.0280672684901327
0,0.0117024534057543
0,0.0279048486575172
0,0.0039929604010843
0,0.0275576752731167
0,0.0274759384786707
0,0.0058183709295885
0,0.0278725592447412
0,0.0316684215297985
0,0.0053417045532397
0,0.027429474423372
0,0.0284797821973524
0,0.0062763559131328
0,0.0294701394146126
0,0.1935692853304386
0,0.0277697218042692
0,0.0290305951331779
0,0.5984921683837973
0,0.0289551492644443
0,0.0285709053185416
0,0.0140586417260943
0,0.0048378336828321
0,0.0157107247953979
0,0.0137484871446513
0,0.0281072275496195
0,0.0289206266123886
0,0.0274231579926592
0,0.0250734014222631
0,0.0254834489477261
0,0.0290429730818213
0,0.0032212465457535
0,0.0274124358529848
0,0.0292538699259668
0,0.0058163440190402
0,0.0276755223264525
0,0.0188720959914313
0,0.0272521113370803
0,0.007110958754423
0,0.0036949823062262
0,0.0274301701489332
0,0.0287284628152844
0,0.0276490587971275
0,0.0286868190786805
0,0.0364057355521046
0,0.0280041290811536
0,0.0288118391339973
0,0.0351294046680572
0,0.0281927883885981
0,0.0284189286273212
0,0.0199454098345777
0,0.0169372687872318
0,0.0277790962555831
0,0.0071702090125746
0,0.0052511088628447
0,0.0267910542179339
0,0.0274653557784637
0,0.0275412058214626
0,0.0023764829676792
0,0.0256211546276541
0,0.0275433758091161
0,0.0285902631851502
0,0.02853846583422
0,0.0098770321281714
0,0.027792011098882
0,0.0280184395455586
0,0.0274081623709768
0,0.01129056991206
0,0.0061261642614117
0,0.0291276927840121
0,0.0635459745668226
0,0.027675851115389
0,0.0280094191160499
0,0.029385851584872
0,0.0262105186356606
0,0.0122801189851049
0,0.026308568715175
0,0.0026966649077714
0,0.0293964472428732
0,0.02511461259786
0,0.0274280313324467
0,0.0230948063621425
0,0.0288625752509684
0,0.0290277726550763
0,0.028543629097972
0,0.0059888569551164
0,0.0284579882586365
0,0.0066882347338134
0,0.0144437417600042
0,0.0285937469986861
0,0.0272188681745075
0,0.0259995084495809
0,0.0286951159659281
0,0.0284918072599834
0,0.029451834301566
0,0.0046293045639429
0,0.0135930805629732
0,0.0179395935474541
0,0.0311518703336801
0,0.0283970215356215
0,0.0286383514752638
0,0.0031813220350209
0,0.0188143510651134
0,0.0286676970418743
0,0.0134372853610779
0,0.0905460026301348
0,0.0293771829488342
0,0.0268718608985026
0,0.2268969152298568
0,0.0281402004702174
0,0.0172655761444676
0,0.0274382160506455
0,0.010628876547586
0,0.0091364917068238
0,0.0271267080879613
0,0.0276387735909863
0,0.0287095606217583
0,0.0274417711477602
0,0.0274061738314917
0,0.004466652191588
0,0.028467033328008
0,0.0252905436454607
0,0.0229975678047684
0,0.0293381880540771
0,0.0291656385918751
0,0.0294338634500628
0,0.0291180893260433
0,0.0082351859221626
0,0.0239369417569647
0,0.0253477461868811
0,0.0283532549491772
0,0.0265798322275907
0,0.0274189525668685
0,0.0276293740387259
0,0.0276960286896728
0,0.0053831605651005
0,0.0029321661230892
0,0.0216185518259066
0,0.007056012031013
0,0.0280084247606645
0,0.0293041706168185
0,0.0267243537401286
0,0.0274781358744044
0,0.029144035227584
0,0.0040014372258427
0,0.0293782255037933
0,0.0274237212041463
0,0.0280762754782939
0,0.0522267473632476
0,0.0274815638278812
0,0.0276962940114305
0,0.028871973559041
0,0.0275303189347212
0,0.0289201243772641
0,0.0082237191390197
0,0.0274537862849786
0,0.0291207656795255
0,0.006236300542861
0,0.0293659375887909
0,0.028844458221269
0,0.0573820498949938
0,0.0211844315696706
0,0.0259274460456207
0,0.0294718279000214
0,0.0285586316868457
0,0.0278984640208778
0,0.0277012104753836
0,0.0355322801305024
0,0.028638165235132
0,0.0290033510428854
0,0.0107760499633449
0,0.0375833401514515
0,0.0283305093063295
0,0.0253464586481254
0,0.010145921667579
0,0.0283039436473016
0,0.0274865804527496
0,0.0274516657901714
0,0.0288869658427789
0,0.0275706339062112
0,0.0284298107147817
0,0.0277442772755694
0,0.0120817941137697
0,0.0143596771490828
0,0.0277330577609863
0,0.0155490401693812
0,0.0274460293246048
0,0.0285833695172662
0,0.0280757255352739
0,0.0745249689749783
0,0.0290948053138662
0,0.0086775492661833
0,0.0293656575745173
0,0.0281931205878186
0,0.0275001819696005
0,0.028848129079876
0,0.0277400973406113
0,0.0293130798957979
0,0.0275795207722769
0,0.0294356951245325
0,0.0291438810956614
0,0.02790148542474
0,0.0282711612003995
0,0.0285797857545982
0,0.0278955828639213
0,0.0287316062478696
0,0.0250274406845938
0,0.0291531730570626
0,0.0159758067408378
0,0.028096511118965
0,0.0253301076588367
0,0.0275117543070873
0,0.0676747210817647
0,0.0276417528115575
0,0.0284447120162622
0,0.0087079342635132
0,0.0060929867443622
0,0.0284478530077354
0,0.0262266473609048
0,0.0288989654260731
0,0.0220443784038195
0,0.0149936799499559
0,0.028416587855228
0,0.0278545053636578
0,0.0273951653197502
0,0.0163977550055825
0,0.0290003942008776
0,0.0286701738921887
0,0.0294279367073276
0,0.0294314113835761
0,0.0281319696329678
0,0.0281208168710984
0,0.0052985149328963
0,0.027898911179459
0,0.0293440052461047
0,0.0046536745199998
0,0.0066127092494565
0,0.0257388007854915
0,0.0050581510843593
0,0.0290270764536007
0,0.0154858954366172
0,0.0049217891848328
0,0.0104630951401566
0,0.0274244104880914
0,0.029120358303885
0,0.0274242635668089
0,0.0037419768148764
0,0.028460182409559
0,0.0268674042575221
0,0.0165680936310811
0,0.0152765500684415
0,0.0046789070765212
0,0.029404479882746
0,0.0274845066359371
0,0.0256401937888921
0,0.0288209579650858
0,0.0037410068298624
0,0.0291131020025309
0,0.0279109342700194
0,0.0284021822564881
0,0.0279300755483148
0,0.0290070703806396
0,0.1522895858401316
0,0.0974035510582521
0,0.0293831770367228
0,0.006451791754066
0,0.0620427552861143
0,0.0274697799780867
0,0.0053995006416936
0,0.0098909327474345
0,0.0277927315528735
0,0.0249451203412526
0,0.0130739368344116
0,0.0254753060559888
0,0.0287202149252398
0,0.0286207564599389
0,0.0390070349008593
0,0.0282363770585173
0,0.0143492850289117
0,0.0249745281945231
0,0.028805612177048
0,0.0613833253213561
0,0.035065060535784
0,0.0165678527540971
0,0.0089549673905343
0,0.0292904683727673
0,0.0282721841291002
0,0.0122727058074168
0,0.0191590299999124
0,0.0044875612454016
0,0.0045243655446269
0,0.0110531776352859
0,0.0236787822866421
0,0.023524363763808
0,0.1596919382148456
0,0.0280056722852226
0,0.0041782452481579
0,0.0285705591507688
0,0.0257502681867044
0,0.0234453022687229
0,0.0052245288627939
0,0.0153696188421888
0,0.005697746037373
0,0.0100245915993218
0,0.0274176880304469
0,0.0239869039444226
0,0.0274082469367377
0,0.0286161330681103
0,0.0035255391488577
0,0.0047586994852129
0,0.0159004999221863
0,0.0288882362235616
0,0.0288552478800475
0,0.0102235389920991
0,0.0285493464790588
0,0.0486682195868563
0,0.0284251877090123
0,0.0278314171876383
0,0.028708505077505
0,0.0095318664256339
0,0.0286523208254105
0,0.0093164236713445
0,0.0037224188272606
0,0.0244786605968383
0,0.0275773763264657
0,0.0275271383172956
0,0.0103486408827695
0,0.0280566398756718
0,0.0276455850508118
0,0.0274373620853819
0,0.0292205858779377
0,0.0253900045173852
0,0.0286194811454393
0,0.0294591409036912
0,0.027864225198553
0,0.0818519517067043
0,0.0152458398721215
0,0.0274640576675996
0,0.0288334779688222
0,0.0062260997232985
0,0.0278381013434033
0,0.0293379521095715
0,0.0288058115972932
0,0.0275520615273724
0,0.0277659908356189
0,0.0280323704203725
0,0.019014729840018
0,0.0452449893040322
0,0.0283780976426888
0,0.0294025004383111
0,0.0289831427706551
0,0.0049233919742472
0,0.0278660738624333
0,0.0236075584902296
0,0.0292304538495077
0,0.0454201501281971
0,0.029448550319341
0,0.0291846440218709
0,0.0287147313058133
0,0.0188753739372823
0,0.0279986941776234
0,0.0159410128930748
0,0.0093997258997263
0,0.02744468509626
0,0.0275578429893885
0,0.0274232965727802
0,0.0061409489135208
0,0.0339159959093472
0,0.0291476001302436
0,0.0203786218421146
0,0.0279531228256038
0,0.0294272422728846
0,0.0277437126279532
0,0.0224014757205861
0,0.0188046553561605
0,0.0283273830485644
0,0.0063505284324842
0,0.0290648895115327
0,0.0806270586318298
0,0.0289217745790744
0,0.0283511592687855
0,0.0285336680557451
0,0.0053635331193313
0,0.0274827130887558
0,0.0255553664374732
0,0.0197686042703219
0,0.0285575109711012
0,0.0283523358891219
0,0.0051514416215714
0,0.1232951897303946
0,0.0119099976719587
0,0.0291341397132223
0,0.0252485583129851
0,0.0105200191800344
0,0.0252794826271789
0,0.0285364103257908
0,0.0148735544716632
0,0.0283483496117618
0,0.0272124138251379
0,0.027411744281623
0,0.0261225773540645
0,0.0286892170257588
0,0.0274693881120918
0,0.0238330367862263
0,0.0294364040539018
0,0.0282825427406467
0,0.0282277335709991
0,0.0294552511528711
0,0.0288811441947941
0,0.0083636728895952
0,0.028473093569967
0,0.0062874054946279
0,0.0283852195219968
0,0.028480034437028
0,0.027421385173508
0,0.0283535714094785
0,0.0284218109039278
0,0.027419807166019
0,0.0168143763197242
0,0.0278730951624102
0,0.0163924105191496
0,0.0274964735573261
0,0.0292897253360733
0,0.2121978499853287
0,0.0276653369321262
0,0.0101455694617176
0,0.0282191077700803
0,0.0152086344285468
0,0.0154837136297163
0,0.0174499075603233
0,0.0044416773325334
0,0.0285081530312985
0,0.0264512376790744
0,0.0266700032561374
0,0.0280348238403705
0,0.0276390327499254
0,0.0289296931190727
0,0.0073367735450864
0,0.0292539136718684
0,0.0039741602188961
0,0.0281947565660449
0,0.0280491406122307
0,0.0282799667498653
0,0.0036405785465582
0,0.0276920234553644
0,0.006384034710024
0,0.0108821405307276
0,0.0285923001534626
0,0.0236778605857994
0,0.0267910542179339
0,0.0288644398297777
0,0.0275837196707992
0,0.0138436133409047
0,0.0293849278017127
0,0.028397881059708
0,0.0182120107535495
0,0.0111144957652733
0,0.0028364878871582
0,0.0285375527589197
0,0.0054117392393529
0,0.0046857642799644
0,0.0287876034727745
0,0.0280553309710135
0,0.0249364419055585
0,0.0282995307008494
0,0.0289722055507025
0,0.0072808350068735
0,0.0287685644172121
0,0.0058497147381229
0,0.0285218720090939
0,0.0277766305922232
0,0.0292738714796004
0,0.0293389243601314
0,0.0287488447678241
0,0.0287708958557083
0,0.0276666066926125
0,0.0283103371307536
0,0.0291771309926881
0,0.0293389598549194
0,0.024819688400339
0,0.0291909665158414
0,0.0118569585522074
0,0.0278324931044132
0,0.0072886539276499
0,0.0293792785426919
0,0.0276202751780073
0,0.0277359812610593
0,0.0273877091294742
0,0.0288964655636746
0,0.0061404021836708
0,0.027996075747981
0,0.0258198944866903
0,0.0283783956482107
0,0.028248127076688
0,0.0274631698215571
0,0.173173724118981
0,0.0275159480109421
0,0.0047587677847979
0,0.0283325915376675
0,0.0278948834837333
0,0.0202133540471206
0,0.0100619578156823
0,0.0280074814521628
0,0.0274414486828353
0,0.0064804709198024
0,0.0284594467623833
0,0.1525244704390491
0,0.0315022021779911
0,0.003018734645787
0,0.0085681320688295
0,0.0054877223244297
0,0.0581462284276209
0,0.0462678472472141
0,0.0285460828338232
0,0.0278303824289231
0,0.0303888681012176
0,0.0054393065152673
0,0.0292487620431059
0,0.0163029134445489
0,0.0193200947632116
0,0.0538401455927219
0,0.026658164741665
0,0.0226012441967645
0,0.0224193857653967
0,0.0292113684946476
0,0.0052650232839514
0,0.006043491743352
0,0.0038555521387253
0,0.0283353969725439
0,0.0278661794099331
0,0.0282644101977523
0,0.0212865877605211
0,0.0290403857182547
0,0.0182374421062102
0,0.029293903649768
0,0.0274797342779961
0,0.0282359105956509
0,0.0280656119663772
0,0.027562373118815
0,0.004490955734828
0,0.0177978213825385
0,0.0276822432159503
0,0.0207662046211236
0,0.0166589356533565
0,0.0283483496117618
0,0.0029726912427257
0,0.0089449432545335
0,0.028347941871012
0,0.0140175582595209
0,0.0130754700668399
0,0.0139971287938042
0,0.0285370941603463
0,0.0464238463708036
0,0.0274593073200392
0,0.0068409880768522
0,0.0282840722505604
0,0.0241712379251915
0,0.028656910359353
0,0.0033826119497351
0,0.012514949281129
0,0.029428094117698
0,0.0277630734912573
0,0.0280156184711937
0,0.027591362284522
0,0.0279734988067334
0,0.0258634266458808
0,0.0274437275286336
0,0.0237040650575844
0,0.0274492970128363
0,0.0289703221230664
0,0.0251918268040935
0,0.005473431233912
0,0.0265803940017638
0,0.0281557855640608
0,0.0237512904258016
0,0.0283319114318669
0,0.0267352125757421
0,0.02925247874349
0,0.027425031568466
0,0.0069153248336575
0,0.028577988590189
0,0.0288459331121419
0,0.0274492970128363
0,0.0290780973860814
0,0.0051047259189342
0,0.0049302333434039
0,0.0069174371674002
0,0.0213497769375999
0,0.0284535004506376
0,0.4679042254367206
0,0.028969570873666
0,0.0288736793422339
0,0.0276469673123493
0,0.0278429384613555
0,0.0295097396797366
0,0.0274470067314131
0,0.0102795819173171
0,0.0289999654546085
0,0.0275078087278886
0,0.0289693534037047
0,0.0281762724750469
0,0.0298273227571114
0,0.0281962409176395
0,0.0281198995405808
0,0.0291348204844747
0,0.0155698924921703
0,0.0053459008919043
0,0.0292064591113771
0,0.0895970863214302
0,0.0279251055829244
0,0.0064999196812676
0,0.0285482589715925
0,0.085583204899741
0,0.0279452214596824
0,0.045650125066049
0,0.0275713515103213
0,0.0287230956557333
0,0.004173692871822
0,0.0117456925364658
0,0.3313827042688031
0,0.0275460114349856
0,0.0288412124251062
0,0.0254809791837807
0,0.0066956372622006
0,0.0289970922692872
0,0.0292603104047821
0,0.0282096545620098
0,0.0280607337045105
0,0.0254519969598795
0,0.0282778928144615
0,0.0291847415918132
0,0.0290899234879961
0,0.1075239848145286
0,0.0285565051371387
0,0.0094552089488958
0,0.0117489818794384
0,0.0192807991517367
0,0.0285780270126966
0,0.0276835123027792
0,0.0066409127740234
0,0.0055629173185465
0,0.0274319470549127
0,0.6533655963570183
0,0.0414631159520241
0,0.0068514479655396
0,0.036026293356735
0,0.0275490944282282
0,0.0284352590472801
0,0.0283676320821347
0,0.0278509558166665
0,0.0276528878140428
0,0.0233907727957422
0,0.0236859529558005
0,0.0281088745544233
0,0.0264324559470436
0,0.0275960204883073
0,0.0274544357452333
0,0.0292081248432431
0,0.0052202014630552
0,0.0277325048612547
0,0.0295456164287767
0,0.0276528878140428
0,0.0074274584050552
0,0.0198730822609355
0,0.0664317147451774
0,0.0280387090566642
0,0.0284915588528695
0,0.0282531963777479
0,0.0291948098467561
0,0.0288178754540577
0,0.0274771354837322
0,0.0291306290612652
0,0.02888681955014
0,0.0047481993389629
0,0.0292655304396941
0,0.0281015893531231
0,0.0284628898702656
0,0.003777129696939
0,0.0048367314114648
0,0.0117241868765859
0,0.0157394197862143
0,0.0234433081805574
0,0.0066258748909304
0,0.0058523919288043
0,0.0279480700275864
0,0.0132063477059515
0,0.0285315185549489
0,0.0287326738854969
0,0.0274095844204107
0,0.0283317686993076
0,0.0240638321139579
0,0.0229174627317287
0,0.0290226855483844
0,0.0279206766116557
0,0.0291392064892321
0,0.0293714470537018
0,0.0287226530099702
0,0.0293789417731236
0,0.0271743021423969
0,0.0288020501544924
0,0.0286600180153147
0,0.0238042946456379
0,0.0287661950658895
0,0.0294593513649669
0,0.0295664109466339
0,0.0283176958507271
0,0.0352656193655898
0,0.3485179301508101
0,0.0110127641350107
0,0.0282868926574656
0,0.0276029259126043
0,0.1113813241566845
0,0.0274206836866737
0,0.0260143512573762
0,0.0059752228090218
0,0.0276497327066852
0,0.0274698602767408
0,0.0080694001573535
0,0.0295074216322781
0,0.0274840569033184
0,0.0277882035746602
0,0.0301842350419459
0,0.0071012961334043
0,0.0202829194616209
0,0.0178307232669158
0,0.0274610354157953
0,0.0153938097288261
0,0.0293558416819503
0,0.009767511366655
0,0.0283699393319308
0,0.004519905526948
0,0.0287485263577091
0,0.0293889474120725
0,0.0153828652350014
0,0.0734539536064627
0,0.0286584905811934
0,0.0275947447638427
0,0.0233939793702568
0,0.0280446405535208
0,0.002981432989472
0,0.0279030535809435
0,0.0293762792262258
0,0.0282866970518431
0,0.0285396170794785
0,0.0081089268896681
0,0.0294762065511293
0,0.0036518580905507
0,0.0276458917927824
0,0.0294149830008186
0,0.02782655272096
0,0.0274137215788827
0,0.0274573236212257
0,0.0242135681597658
0,0.0274237947845165
0,0.0138311872883462
0,0.0293056825006142
0,0.0277987672354119
0,0.0274250376546147
0,0.0254937891940805
0,0.0285223099061089
0,0.0293697514434573
0,0.0281297543362178
0,0.0288415724083545
0,0.0275175681614731
0,0.0284283015972382
0,0.0179030391860866
0,0.09734860637591
0,0.0294121792510979
0,0.0275858533317128
0,0.0280593899697285
0,0.0293811334156546
0,0.0240290601342573
0,0.704627813112451
0,0.0104967798821198
0,0.0135090777747311
0,0.0098805176677116
0,0.0277551403721474
0,0.0289959467419262
0,0.0274121085078626
0,0.029447968256748
0,0.0207209599448698
0,0.0033819296649126
0,0.0269966285661835
0,0.028265487896327
0,0.0293676979658741
0,0.3620204493461517
0,0.0482195994186719
0,0.0012637480382567
0,0.0191178474833438
0,0.0279464740821967
0,0.028563798757236
0,0.028102976079061
0,0.0274883857341654
0,0.0276963864884504
0,0.004971638168054
0,0.0043422857154462
0,0.0294001938271809
0,0.0289562238439689
0,0.7020475473751446
0,0.0274726154634428
0,0.0181160428770693
0,0.0065579304611483
0,0.0239638463150953
0,0.0278034565871234
0,0.0053256087396399
0,0.0088153291558133
0,0.007993789044272
0,0.0276531427400251
0,0.0067364942911678
0,0.0290273331931563
0,0.0274158265704663
0,0.0161381281235729
0,0.0043530121680982
0,0.0100937391627334
0,0.0437092723356917
0,0.0279652906524463
0,0.0274039932840913
0,0.0060474383183814
0,0.0276977422538693
0,0.0275828050675786
0,0.0275786863268536
0,0.0042100735461167
0,0.0277925815844956
0,0.0287977729372427
0,0.477208367977649
0,0.028477113440037
0,0.0200447587276708
0,0.0293495755770122
0,0.0038614931761627
0,0.028252234781761
0,0.0243143705720564
0,0.027618027075628
0,0.042544983126262
0,0.0261579143775691
0,0.0278146477652891
0,0.0278260387596164
0,0.0124826710438756
0,0.0274881084402666
0,0.027671946513874
0,0.0294981295601652
0,0.0278898431512793
0,0.0275486381894824
0,0.0293039379185883
0,0.0260479844039795
0,0.0049100568768718
0,0.003199964407373
0,0.027609787054084
0,0.0274223358294226
0,0.0245892477467232
0,0.0283057258105786
0,0.0277988260501677
0,0.0374554725054837
0,0.0267866133455078
0,0.02430737708167
0,0.0194739765516018
0,0.028781976624924
0,0.027984175913414
0,0.0554928788973517
0,0.0262854245482072
0,0.0096917221110011
0,0.0217843278378236
0,0.0036771432106277
0,0.0040730528958493
0,0.0172810590010739
0,0.0277559651741887
0,0.0042284077766226
0,0.0075422523580494
0,0.0183002062012154
0,0.0249413392893145
0,0.0233209873551724
0,0.028911274950265
0,0.0071775405441332
0,0.0249365542834144
0,0.0273589881748714
0,0.0274175059380504
0,0.0250742699141772
0,0.0274431344086972
0,0.0242796697033999
0,0.0274414281961421
0,0.0245303214641539
0,0.0045208214559374
0,0.0280848679199648
0,0.0274651823859053
0,0.0274684468911363
0,0.0054199419326202
0,0.0286300878980274
0,0.0287365853787458
0,0.027449271769637
0,0.0285428782300897
0,0.0286459069232524
0,0.028933618255877
0,0.0278846724142866
0,0.0116792540554962
0,0.0234721087788785
0,0.0293157168640974
0,0.0284414670294506
0,0.0290719386260155
0,0.0276242366388637
0,0.0038849770134736
0,0.0294725651763185
0,0.0277265450486046
0,0.0062555484835154
0,0.02902459181238
0,0.0252507759939983
0,0.020457467715233
0,0.0306285931846532
0,0.0142044832368371
0,0.027646214981607
0,0.0274173686092329
0,0.0265729827815456
0,0.0279688452668002
0,0.0282850668908082
0,0.028632487378833
0,0.0103445221491482
0,0.0278538996843933
0,0.0047443619763882
0,0.0274629813766599
0,0.0285372008543531
0,0.0366473020830421
0,0.0287605200091181
0,0.0151593443234001
0,0.0278923435935771
0,0.0291476001302436
0,0.0275071225812707
0,0.0274794720535488
0,0.0274805064249239
0,0.011627048437234
0,0.0293269951834191
0,0.2221529403057104
0,0.0291180893260433
0,0.0293680924407766
0,0.0290532722295503
0,0.0279086463060673
0,0.0176439700201622
0,0.012228033867281
0,0.0280573546697099
0,0.3570432590924957
0,0.0293166724910362
0,0.0269352923663662
0,0.0277756320295922
0,0.0284984900580576
0,0.008746095112079
0,0.0275237416300942
0,0.0204405853623342
0,0.0277835382412668
0,0.023773053177825
0,0.0280972423170145
0,0.0129409698487387
0,0.0289381913249741
0,0.0165530468784966
0,0.0289830420329159
0,0.0161037659296043
0,0.038389911205984
0,0.0274765216682093
0,0.9031644955628632
0,0.0294015513608772
0,0.0274904243720418
0,0.0274403677144265
0,0.004174017217137
0,0.0116465873259366
0,0.0135843138985063
0,0.0275899946283111
0,0.0293646498824475
0,0.0550237904360607
0,0.0278733578485257
0,0.0280870504723641
0,0.0095884554730577
0,0.012741305812783
0,0.0283391515434551
0,0.0284553970064836
0,0.0223028061536477
0,0.0031121712318265
0,0.0274845066359371
0,0.0292874672360445
0,0.0281280920324325
0,0.0272105603876041
0,0.0276222861315063
0,0.0234818968758691
0,0.0280755194001024
0,0.019188499996888
0,0.0015903530548133
0,0.0278781625251231
0,0.041265888242147
0,0.0275299101614135
0,0.0278242403275452
0,0.0274066085496814
0,0.0293813144038163
0,0.0265707957384072
0,0.0290696462355602
0,0.0055774616015015
0,0.6560992404922148
0,0.0203927278789985
0,0.0288739925670474
0,0.02828611408497
0,0.0053727240180994
0,0.0037674630879711
0,0.0238944806708134
0,0.0273471102212022
0,0.0288453403114374
0,0.0276186270944302
0,0.0291839675934861
0,0.0055722899035563
0,0.0140845472531668
0,0.0282215043765524
0,0.0164828180233468
0,0.0288055503605185
0,0.0277360635094831
0,0.0277596006271943
0,0.0278948634216773
0,0.0133920787426913
0,0.0042134786652632
0,0.0275835602787378
0,0.0281249378426246
0,0.0283787836394309
0,0.0129012908560326
0,0.0460576540032104
0,0.0275500382005371
0,0.0287196244795506
0,0.0095912827326402
0,0.0279693380476829
0,0.0036359039796034
0,0.0275213766374868
0,0.0053936133956658
0,0.0044939311088936
0,0.0290234367218801
0,0.0294031220140966
0,0.0281201680535469
0,0.0280467415759513
0,0.0047790163344066
0,0.0085929303163933
0,0.0283828398886162
0,0.0155383468130333
0,0.0283442454109482
0,0.0285928890160544
0,0.0274551967484349
0,0.0275503720520864
0,0.0180125707421668
0,0.0292171760431395
0,0.0225632079247186
0,0.0172509934649863
0,0.0268005905894384
0,0.020891245730202
0,0.0290024783625736
0,0.0087675015282269
0,0.0294479643666134
0,0.0181250708507318
0,0.0276199820539108
0,0.029153729995675
0,0.029164593273557
0,0.0030120006775277
0,0.0234679781776985
0,0.0285937469986861
0,0.0054821021902696
0,0.0288175576384333
0,0.0305879823351061
0,0.0273968164376656
0,0.0062906282060751
0,0.0283419957912404
0,0.0274816452956355
0,0.0283330583749269
0,0.0276064220439312
0,0.0082520854994745
0,0.02888681955014
0,0.0288896764898502
0,0.0204397229921791
0,0.0283419688224014
0,0.0274260158332861
0,0.0048461160794263
0,0.0274150772420761
0,0.0295449851908293
0,0.02131814703301
0,0.0292287013709727
0,0.00600822964282
0,0.0237801859996084
0,0.0204839434767331
0,0.0148178318862708
0,0.011275124890984
0,0.0281236439248568
0,0.0741682795055234
0,0.0283134589318791
0,0.0274435719393326
0,0.0234679186222128
0,0.0294421167785021
0,0.0281527678972162
0,0.0276672060850132
0,0.0277795741894051
0,0.0281016786234591
0,0.0109396095323745
0,0.053349951967515
0,0.0062969656432409
0,0.0278001761879558
0,0.0280150457874766
0,0.0289169395720269
0,0.0125309155378876
0,0.0165055348502769
0,0.0230947869270196
0,0.0288546289277448
0,0.0372079610389371
0,0.006183970332295
0,0.0275523566075717
0,0.0291333356414153
0,0.0279696540080477
0,0.027358544166039
0,0.0275897063500149
0,0.0124866647115362
0,0.0294988494313738
0,0.0294165458429078
0,0.0278339509298013
0,0.0274147961936744
0,0.0141006007608712
0,0.028461609521198
0,0.027520304658919
0,0.0092000008911535
0,0.0275220159232687
0,0.027693389830071
0,0.0293535561881204
0,0.0284222642041015
0,0.0564313890173088
0,0.028048869041784
0,0.0224762856332299
0,0.0282440965240135
0,0.0291045540172112
0,0.0286860453833012
0,0.0275164562505651
0,0.02158555668218
0,0.0279454808286255
0,0.0294390119777103
0,0.0266997383068069
0,0.0289409323547141
0,0.0274077605553684
0,0.0223985279738349
0,0.0559053507431886
0,0.0294405639144846
0,0.0285495875855732
0,0.028722027090795
0,0.0179739366364632
0,0.0292454737119111
0,0.0273620565722005
0,0.0177627452978505
0,0.0284417697220886
0,0.0037598139235924
0,0.0290420773096195
0,0.0174576135876583
0,0.0276011368121597
0,0.0038203025555309
0,0.009305201582684
0,0.0051861967362003
0,0.0226866178437192
0,0.0292568339234792
0,0.0084709158398136
0,0.0238874283749252
0,0.6324941976946483
0,0.0291659697788249
0,0.0107820135267035
0,0.0275024284805234
0,0.028646227861124
0,0.0096982030065037
0,0.0276662969384654
0,0.0167679034245009
0,0.0288125025023189
0,0.0280789682851519
0,0.0293261584150861
0,0.0233014766186215
0,0.0274823546881829
0,0.0283561090786555
0,0.0183349543291926
0,0.0287732167365764
0,0.026534863423088
0,0.0295368065162065
0,0.0284522445722644
0,0.0279974784990578
0,0.0030585943144797
0,0.0284765065239418
0,0.0287173094946691
0,0.0291055632869164
0,0.0501118688002309
0,0.0274590508765857
0,0.0052464403825841
0,0.0277022003378862
0,0.0049176770019579
0,0.028471582769474
0,0.029378121685099
0,0.0052075382776005
0,0.0294917238685099
0,0.0261834229546307
0,0.0276545274296093
0,0.0275378252592853
0,0.0291275514388524
0,0.0057432699167532
0,0.0232629344144208
0,0.0277251282432115
0,0.0294479643666134
0,0.0222145290036365
0,0.0278130257163534
0,0.021804270812224
0,0.0061280769770609
0,0.0048614245342107
0,0.0073813957460753
0,0.0279020384588766
0,0.0215738970918093
0,0.0025235474558896
0,0.0295557057894263
0,0.0281555289708812
0,0.0275708579815512
0,0.0276218434449987
0,0.0055582295211517
0,0.0039198069555691
0,0.0275874136521631
0,0.0044947922251813
0,0.0055589440952339
0,0.0276102429782653
0,0.0274476411732583
0,0.0162940062062142
0,0.0291726285741624
0,0.0288893255517077
0,0.0080742712660199
0,0.0817209509114548
0,0.0275495721356392
0,0.0295062688770494
0,0.0244033648085327
0,0.0289175891714384
0,0.0094612158937536
0,0.0047653078160784
0,0.0222769432635916
0,0.0291364273449878
0,0.0048906191648495
0,0.0029848553331299
0,0.0066318179050133
0,0.0283405994216959
0,0.0326803587347704
0,0.004246965680342
0,0.0333556061080026
0,0.0284361880495113
0,0.0054261803855463
0,0.0287030561903812
0,0.0223016369633186
0,0.004864902312068
0,0.0516642616998724
0,0.0289007255402234
0,0.0293331621834451
0,0.0089078586709364
0,0.0237793027985621
0,0.0274823608383962
0,0.0278322077364645
0,0.0791937102417769
0,0.0285131066636997
0,0.0055362940842962
0,0.0169011802116021
0,0.0266304612178774
0,0.021482403374854
0,0.0042024435392146
0,0.0274610920884669
0,0.0276755414896769
0,0.0277026442690787
0,0.1269604842149029
0,0.0293732909073583
0,0.0222042897120902
0,0.0256828024308254
0,0.0287747010635663
0,0.0619042878320956
0,0.0276145755887081
0,0.0062426430473972
0,0.0182172131593535
0,0.02862270105259
0,0.0866745476734638
0,0.028863178380663
0,0.028504522810888
0,0.0274105489363687
0,0.0293335885940649
0,0.0282287455321974
0,0.016097467178745
0,0.125735739932622
0,0.0280205367776807
0,0.0275665925492957
0,0.027516951456694
0,0.0280144895283933
0,0.0130833608203746
0,0.0101818278895191
0,0.0284887195368998
0,0.0342793599960572
0,0.0355625882304879
0,0.0273913274486406
0,0.0275290471945517
0,0.0280552801000438
0,0.0281512955804577
0,0.0277048801833611
0,0.0237087867890043
0,0.0274504766128864
0,0.0084138938547783
0,0.0276499943532582
0,0.4675388691356731
0,0.029207757384791
0,0.0277742882511663
0,0.0249225824670461
0,0.0281009736178602
0,0.0283576530079189
0,0.029369759855547
0,0.0534686286480425
0,0.0057551932482604
0,0.0280200134737982
0,0.010345703564021
0,0.0291728826974668
0,0.0240028094735092
0,0.0192376576239335
0,0.023581851792746
0,0.0070316192811658
0,0.029376339241749
0,0.0057270991522087
0,0.0276762941419173
0,0.0034985327604197
0,0.0276567122129984
0,0.0276019601764173
0,0.0228213875522285
0,0.037014437362618
0,0.0554203390722332
0,0.2222744286224972
0,0.073389140367332
0,0.022794492286084
0,0.0274465635381574
0,0.0282200859908564
0,0.0054699635188348
0,0.0275839341193259
0,0.0221255278483479
0,0.0288949526742662
0,0.0289454162415824
0,0.0121358659183294
0,0.0354639121159336
0,0.0292738714796004
0,0.0275585855259976
0,0.0276096501531677
0,0.0254334482962788
0,0.0034386875201241
0,0.028467715186544
0,0.0344840117768898
0,0.0072916010307663
0,0.0267840185334313
0,0.0085874282778115
0,0.0276822432159503
0,0.0061448137970017
0,0.0294058529940919
0,0.0276909758937523
0,0.0274519695260879
0,0.0292061073767062
0,0.0238858402108111
0,0.0156602278349095
0,0.0050248523911118
0,0.027810618818489
0,0.0281034884997915
0,0.0287820268348937
0,0.027982411362394
0,0.0294053682288756
0,0.028923588441513
0,0.0072556234363265
0,0.034495578145659
0,0.0286335383860835
0,0.0045881327166694
0,0.0213878977182897
0,0.0274118367347394
0,0.0277464856038066
0,0.0122809742351747
0,0.0274519695260879
0,0.0103924694983997
0,0.0235110278500986
0,0.0138485190123753
0,0.0291428202015469
0,0.0112450231467142
0,0.0289110622416788
0,0.0441493549090125
0,0.0275756714313111
0,0.0286814935304058
0,0.0193990607741998
0,0.0276008857894916
0,0.0169223001344629
0,0.0275210449940887
0,0.013334493342027
0,0.0283280299634306
0,0.0235474094498664
0,0.0277766305922232
0,0.005212325545389
0,0.0274129250383725
0,0.0288703129940302
0,0.027501701044523
0,0.005554266133632
0,0.0214212190640986
0,0.0283378327248984
0,0.0289992878837369
0,0.0285739846123225
0,0.0275899946283111
0,0.0278591710815166
0,0.0037756910386171
0,0.0294381965641937
0,0.0247367925668567
0,0.0278785315602517
0,0.0274447043460662
0,0.0279462443101744
0,0.0291431571052704
0,0.0292916416953554
0,0.0677340226957038
0,0.0283784476580516
0,0.0283145407287766
0,0.0275354602401103
0,0.0233607613670328
0,0.0060500546771219
0,0.029404643830067
0,0.0802511017195214
0,0.029241636688234
0,0.0273730464410285
0,0.029391738189437
0,0.0274267617389898
0,0.0293048765350454
0,0.0283878341035067
0,0.4666952487885991
0,0.0293783215592022
0,0.028360294834407
0,0.0277552986941581
0,0.0814151802855281
0,0.0275045247656255
0,0.0289117761128354
0,0.0274153285604846
0,0.0292644587877321
0,0.0283963399158037
0,0.0282661658491398
0,0.0288141181972761
0,0.0166469751823377
0,0.0874435760450129
0,0.027909800862803
0,0.0280016831338849
0,0.0113611128394823
0,0.0275307710660241
0,0.0283405994216959
0,0.0273563435925899
0,0.0292040587600048
0,0.0289972024564929
0,0.0187385825878732
0,0.0282143281134995
0,0.0403946710396633
0,0.024172084132364
0,0.0271683160476494
0,0.0132855287932624
0,0.0281767309252038
0,0.0277138072191801
0,0.012743361819437
0,0.0236715768478139
0,0.0277239147749698
0,0.0292041833412435
0,0.021490250363024
0,0.0123666774655719
0,0.0275376672683924
0,0.027781053921057
0,0.0059474893261249
0,0.0293760371159865
0,0.0160789729377715
0,0.0275119039172615
0,0.0274430680569833
0,0.0404928290437159
0,0.0274207466129039
0,0.0140945092894273
0,0.0050079711441756
0,0.0252965292474693
0,0.0047453200515364
0,0.8421302936237934
0,0.0290603943298835
0,0.0134858361610947
0,0.0290803521644837
0,0.0279197765304324
0,0.029151897502723
0,0.0291464297240237
0,0.0284443158727346
0,0.0273765650966439
0,0.0078608523308672
0,0.0291126950769885
0,0.0294034929621022
0,0.027810763819308
0,0.0288856174065112
0,0.0668569229900656
0,0.0274095865342435
0,0.0041534565076651
0,0.0119798455995253
0,0.028272059457165
0,0.0750497098410616
0,0.0276211966072833
0,0.0281625396505853
0,0.0193656704653956
0,0.1576755824301948
0,0.0079460091834283
0,0.0039103517893238
0,0.0133949366555495
0,0.0278908285336885
0,0.0040671033215387
0,0.027420988981042
0,0.022106536584582
0,0.027340327235838
0,0.0276132638371589
0,0.0280531301454327
0,0.0281695704852114
0,0.0282661885779545
0,0.0240723952638121
0,0.0041879440765688
0,0.021249639597238
0,0.0143142405867736
0,0.0289138277130359
0,0.0294032516516147
0,0.004161347116066
0,0.0278274025410253
0,0.0088711801344892
0,0.0118114240853192
0,0.029390103520135
0,0.1044393008974644
0,0.0286067741060941
0,0.0277152297889507
0,0.0288194976680605
0,0.0293548416483418
0,0.0280508823102341
0,0.0330100565351748
0,0.0286689870469426
0,0.0290772813105992
0,0.0076857517076982
0,0.0262250755469952
0,0.0279812820485167
0,0.0279409962594017
0,0.0278094075305926
0,0.0269356868105757
0,0.0125152328425035
0,0.4523713010880556
0,0.0274881366389818
0,0.0276389084416255
0,0.0290029886405215
0,0.0274410172609987
0,0.0255594724026413
0,0.0156039914055007
0,0.0275487206601768
0,0.0253529862647083
0,0.086519510643093
0,0.0276885432002662
0,0.0275542919266284
0,0.0058897935522613
0,0.0260993081685128
0,0.027603428084242
0,0.0288203200131659
0,0.0292959076105028
0,0.0083588123901679
0,0.0264897246732345
0,0.1021007937789333
0,0.0163982019304632
0,0.0281573955075195
0,0.0291736086722452
0,0.0282408595035959
0,0.021984925267135
0,0.0808063917347206
0,0.0266742920561353
0,0.027618027075628
0,0.0282388057758127
0,0.0446832327694728
0,0.0275295877639263
0,0.0273978933143307
0,0.0282419498129982
0,0.2399527760055985
0,0.0275015940825795
0,0.027716631138738
0,0.0058257700335752
0,0.0275890372624986
0,0.0293992786959042
0,0.022879016358646
0,0.0276660814024613
0,0.0219485159061611
0,0.0276126936895028
0,0.0279572144873942
0,0.0274182451135485
0,0.0281219554795593
0,0.0279917380334467
0,0.0293378877241351
0,0.0281189897330496
0,0.0284668248383902
0,0.0274158265704663
0,0.0281267537230797
0,0.0229901056456465
0,0.0292086308403901
0,0.0097044736155643
0,0.0282195022827233
0,0.0069026999379323
0,0.0051040737927088
0,0.0106721108301711
0,0.004125247332148
0,0.0274245953148928
0,0.0274601835623161
0,0.0320357649171741
0,0.0293987832198598
0,0.0274341093480144
0,0.029206910276074
0,0.0055459330638639
0,0.0292043652947927
0,0.0285687679423036
0,0.0293830283731775
0,0.0744952232821914
0,0.0173180243500707
0,0.0034654355576914
0,0.0283523073868043
0,0.0277292018552183
0,0.0079154098009166
0,0.0096880133464079
0,0.0275611240336719
0,0.0291708662219145
0,0.0290584601702871
0,0.0046440069316531
0,0.0263704248913962
0,0.0293984402049714
0,0.0171073087414791
0,0.014655458471732
0,0.0280924232017806
0,0.028729123043589
0,0.0040671033215387
0,0.024081459435971
0,0.0179580003839755
0,0.0446464866427955
0,0.0055481786632573
0,0.0252015885656324
0,0.0050274848348767
0,0.0376935091118919
0,0.0288182320440872
0,0.040489166554153
0,0.028195280999868
0,0.0284676017416695
0,0.0288516636639161
0,0.0249286407135632
0,0.0042774435255678
0,0.0274933418616769
0,0.0275267143243964
0,0.210790332066685
0,0.0293931661116886
0,0.0285644946640273
0,0.0277501412794202
0,0.0067868208236999
0,0.0274157076922477
0,0.027785681183475
0,0.0340726333184334
0,0.0045117291014831
0,0.0293909628267111
0,0.0291197184852733
0,0.0291075578747306
0,0.0095596299380205
0,0.0291882368252089
0,0.0282283436543458
0,0.0284767368036121
0,0.0051618655566443
0,0.2824989064989711
0,0.0287489212100975
0,0.0285959234041801
0,0.0275021712336231
0,0.0040269567056814
0,0.029172546571454
0,0.0289038471954752
0,0.0277947925812358
0,0.0286207564599389
0,0.0271628167594121
0,0.0284030464154558
0,0.0138501992027839
0,0.0055102164074383
0,0.0244020685371459
0,0.0046926360355519
0,0.0156767164563426
0,0.0279537719378777
0,0.0293011695085001
0,0.0036573981128522
0,0.0211244969712348
0,0.0056521543701917
0,0.0290995475339001
0,0.0290803595127741
0,0.0286093735295081
0,0.0077480938836923
0,0.0275588237082714
0,0.0107024147477309
0,0.0274470500663454
0,0.0314870771285786
0,0.0801115471838598
0,0.028653488301269
0,0.0281667053644927
0,0.0282670914164308
0,0.0286976297155038
0,0.0290037668273374
0,0.0045699699724815
0,0.0048291269727264
0,0.0057587336952344
0,0.0288612759016255
0,0.029415521655452
0,0.0294039088116172
0,0.0160084389241712
0,0.0288972701316306
0,0.0051925073307264
0,0.0279624197433573
0,0.0289022164243861
0,0.0048661844247826
0,0.0076241562981508
0,0.0284247462450055
0,0.0113526782445758
0,0.0284905210800359
0,0.6872166248672975
0,0.0276309226012721
0,0.0268564098528705
0,0.027406490654245
0,0.015626564178222
0,0.0097979947442915
0,0.0290179071952121
0,0.0039641325210121
0,0.0233311254159582
0,0.0280075015717367
0,0.0274229827748036
0,0.0285860378689107
0,0.0291854939156958
0,0.0414316309786399
0,0.0049661276253013
0,0.0116267916766833
0,0.029352768878461
0,0.017365628566416
0,0.1573612246717106
0,0.0275349691169008
0,0.0273733127243551
0,0.011494652568267
0,0.0275956595090107
0,0.0129273866820069
0,0.0092590327111423
0,0.0042257388410101
0,0.0275713515103213
0,0.0288673031806955
0,0.0283516048941875
0,0.02888681955014
0,0.0278186583760148
0,0.0276516444689626
0,0.0260226249468755
0,0.0284872799556267
0,0.028976353205533
0,0.0293268906972291
0,0.0235972109784976
0,0.0307070401197236
0,0.009088278903446
0,0.0193036734446933
0,0.0274746225555601
0,0.006293381877981
0,0.028932266132274
0,0.0283451699637669
0,0.0056431470223821
0,0.0283368255235117
0,0.0259588599119996
0,0.0287839061351348
0,0.0217204791691159
0,0.0050327040955285
0,0.0282825427406467
0,0.0275624826217114
0,0.0276844500481619
0,0.0071952475401234
0,0.0295149965762305
0,0.002583833253991
0,0.0281838103506846
0,0.029312228444646
0,0.027474784530146
0,0.0276562517060287
0,0.0282432128808732
0,0.0068330443564732
0,0.0275789201448699
0,0.023495496721857
0,0.0287284250618927
0,0.0279054060909699
0,0.2053911299654751
0,0.61832965200159
0,0.0167421385912971
0,0.0137453563574047
0,0.0114298003538167
0,0.0282182065893802
0,0.0275123487031786
0,0.0286829195650803
0,0.0086067058623999
0,0.0777081122625548
0,0.0277274049833984
0,0.0049520651615887
0,0.0285255350365912
0,0.0282714864960237
0,0.0284265306870981
0,0.0569963140001229
0,0.0290847223527912
0,0.0517801276552746
0,0.027466059643673
0,0.0274113041922921
0,0.0287708404871914
0,0.0289962395488241
0,0.0057865631722202
0,0.008209148839051
0,0.0144442193546358
0,0.0293787643519091
0,0.0256320355187579
0,0.0101743969943023
0,0.0274877015052349
0,0.028123333141173
0,0.0287749571922108
0,0.0204011058335254
0,0.0292343663413326
0,0.0274699858445311
0,0.0291754978410823
0,0.0289267362926619
0,0.0274205805479176
0,0.0285386887948284
0,0.0099737552884958
0,0.0152062179882095
0,0.0142007609338504
0,0.0288759895086576
0,0.0285759455124119
0,0.0293273356044426
0,0.027852412691424
0,0.0295806004724439
0,0.0275767832554796
0,0.0260000236185562
0,0.0622989536938302
0,0.012377968351771
0,0.0288873450555014
0,0.0233054881799675
0,0.0274463875039031
0,0.0259969231835562
0,0.0281731984191316
0,0.2555713035015738
0,0.0154483603560072
0,0.0287743643324244
0,0.2809350233295979
0,0.0290543289089844
0,0.029402765553782
0,0.0216420168730698
0,0.0289271121828958
0,0.0277859292140721
0,0.0281414886415026
0,0.004231857020398
0,0.0079976085106467
0,0.0293612678783016
0,0.0283320821073062
0,0.029058725175749
0,0.010584309074912
0,0.0666101511017711
0,0.027798245218673
0,0.232319528520474
0,0.0294335288105049
0,0.0236253867163264
0,0.0282319501691747
0,0.0123281195761893
0,0.0215885267297941
0,0.0195024369578688
0,0.0181887063831395
0,0.0285573417749439
0,0.0275134465188359
0,0.0284825226432254
0,0.0108751244939362
0,0.0389379671291156
0,0.020492467268673
0,0.0993872693458163
0,0.0033754611099849
0,0.023388593698274
0,0.0151697651793585
0,0.0274120630306593
0,0.0040704118970745
0,0.029373914061089
0,0.0286485010179194
0,0.0294313563987791
0,0.0092330881061286
0,0.0050694930287478
0,0.0377887736569602
0,0.029167207800542
0,0.0293269358022499
0,0.0292853027623211
0,0.0278015040437154
0,0.0277362699308012
0,0.0291335573290378
0,0.0276875166356663
0,0.0234578161461268
0,0.0288856174065112
0,0.0115388797086137
0,0.0285489247580084
0,0.9939178032893908
0,0.0287257108645139
0,0.0275084552804774
0,0.0277187222005321
0,0.3126269085424453
0,0.0279046949631447
0,0.05074351948023
0,0.0275172605257065
0,0.009221442195295
0,0.0288992261743248
0,0.0284143563523583
0,0.0258164852549165
0,0.0067743748082317
0,0.0494606545751409
0,0.1466718419658038
0,0.0283088545401934
0,0.0235739517680229
0,0.0283699393319308
0,0.0051995771794944
0,0.0051493837920099
0,0.029324601336691
0,0.0274330255333177
0,0.0271154070886403
0,0.0104252772085017
0,0.0276689357846995
0,0.0292553424681346
0,0.0027980779499462
0,0.0288966496519376
0,0.0248459590461581
0,0.1195078154838052
0,0.0277927619965145
0,0.7519732494589596
0,0.0290981777827077
0,0.0283528484926242
0,0.0274690542901051
0,0.0292997669575039
0,0.0788418642076251
0,0.0683206337503621
0,0.0286412413862269
0,0.0067749398051502
0,0.012585849474936
0,0.0233568258707923
0,0.0120768199048111
0,0.0274781518201329
0,0.0279171265281064
0,0.0093637025598988
0,0.0290062591194745
0,0.0281331003711323
0,0.0290654861560663
0,0.0085981072014492
0,0.0093466218292919
0,0.027640416755753
0,0.0278361726494739
0,0.0366791376814641
0,0.0129456294249337
0,0.0238803303531
0,0.0238291412397805
0,0.0272367924260927
0,0.0096065217958333
0,0.0277730906721556
0,0.0277371209273664
0,0.0279781217813356
0,0.0274790804027919
0,0.028112926815588
0,0.0135764255466113
0,0.0214091271249631
0,0.0279619057246185
0,0.0278492653426643
0,0.0274523523942687
0,0.0233771876122172
0,0.027601927096645
0,0.4740373630007518
0,0.0053776275061785
0,0.02666883006066
0,0.0264649728090613
0,0.0065318943158623
0,0.0647489478631366
0,0.0044306290672951
0,0.0280226286565258
0,0.0234388222560793
0,0.1060943112326198
0,0.0278556076200294
0,0.0587248712901769
0,0.0279983550611363
0,0.0172831307319217
0,0.0100210732373813
0,0.0039971912076092
0,0.0061980777478809
0,0.0280570472716122
0,0.0269962501095639
0,0.0073267906379174
0,0.0579616643944554
0,0.0038005765302716
0,0.0275394910739959
0,0.023023654852562
0,0.8639877404319191
0,0.0553309572089943
0,0.0424815285577751
0,0.0283028491170222
0,0.0283431235650031
0,0.0290933218215925
0,0.0279488092778166
0,0.009011783030453
0,0.0276944824301845
0,0.0338544154078991
0,0.2270716674483195
0,0.0274443302518621
0,0.0125023251985753
0,0.0293674951206614
0,0.0279301855090437
0,0.0283989180754054
0,0.0292276227219062
0,0.0199827347485236
0,0.0274110401553128
0,0.0048622002689438
0,0.0284984900580576
0,0.0292807873596419
0,0.0272081829367964
0,0.0486014021024568
0,0.0273017893829137
0,0.0287128739652308
0,0.0285329600511862
0,0.0228346737802337
0,0.0285563526601299
0,0.0102416657642334
0,0.0274276464476701
0,0.0277146243581574
0,0.0052531891599812
0,0.0294996375457563
0,0.0233802793075629
0,0.027717214746101
0,0.0040795622416934
0,0.0279281584088108
0,0.0286846097518552
0,0.0037960579293049
0,0.0293004265914327
0,0.0288782116283586
0,0.0293947343322009
0,0.028333981593436
0,0.0056021654597189
0,0.029061447027007
0,0.0282808692938999
0,0.0221392211510427
0,0.0167421385912971
0,0.0290449541954621
0,0.0278719269855432
0,0.028546579797832
0,0.003771883394268
0,0.0289964693139281
0,0.0276059069309659
0,0.0288550599845355
0,0.0369340733921754
0,0.0293990059153789
0,0.0277517544782419
0,0.3651421489662664
0,0.0291743120949274
0,0.0072658497339286
0,0.0275716708001684
0,0.0284561346303869
0,0.0109775363998291
0,0.0087398875803772
0,0.0395534664945414
0,0.0276305183914245
0,0.0220483599353897
0,0.0290344609483081
0,0.0280102990176605
0,0.0158994866261447
0,0.014173753621243
0,0.0040149430530105
0,0.0082513681515905
0,0.0264805638009423
0,0.006717817956823
0,0.0053508287377914
0,0.0297332714338732
0,0.0278079507547097
0,0.0269123211805227
0,0.0253808660128971
0,0.0291691075481844
0,0.0292323171400161
0,0.0279675331452978
0,0.0277196648073177
0,0.0284136472557341
0,0.027559077374857
0,0.0277512108671284
0,0.6760113518339697
0,0.0293718588639281
0,0.0274178352553138
0,0.0075387036677713
0,0.0276658408828377
0,0.0286383551458607
0,0.0288121224361064
0,0.0094029577577669
0,0.0284570039832636
0,0.0143827165340979
0,0.0290576640683019
0,0.0208723243185849
0,0.0284200714385538
0,0.0283195727667808
0,0.0098805176677116
0,0.0341272187250222
0,0.027427125748667
0,0.0298509186395928
0,0.0278215897818747
0,0.0044980738109614
0,0.0276828832841474
0,0.010464763650336
0,0.0292040298919185
0,0.0264973624913815
0,0.0114847656151697
0,0.0274221077119153
0,0.0043738722968718
0,0.0291880355099828
0,0.0274428970540691
0,0.0276177755493232
0,0.0098172225311449
0,0.0247555153670978
0,0.0290339166101337
0,0.0279107262564474
0,0.0276255986403236
0,0.0223358016975928
0,0.0035824030445629
0,0.0276007747187213
0,0.0624371213561403
0,0.0276582668890851
0,0.0295203101376076
0,0.0285960497763453
0,0.0037439956374123
0,0.0280524461019964
0,0.0289405105474954
0,0.0293475152546745
0,0.0257051090329654
0,0.0294471457669776
0,0.0280062037311415
0,0.0293417262864508
0,0.0279067568905427
0,0.0274104204935531
0,0.027866454770879
0,0.0206495610942153
0,0.0111158403650215
0,0.0286411344634978
0,0.0027379198811788
0,0.0274516962605312
0,0.0294215484652234
0,0.0279802699872527
0,0.0105367251471397
0,0.0292868030260393
0,0.0274426760184057
0,0.0293011809169153
0,0.0183029597813793
0,0.0238177868663886
0,0.0240394239321191
0,0.0283583990064897
0,0.0203004434572008
0,0.028901454033604
0,0.0274064097035679
0,0.0284396248318371
0,0.0100267412488173
0,0.0270946820099993
0,0.0293711296237581
0,0.0280796402394859
0,0.0055726085539626
0,0.0286181603843654
0,0.095542314392965
0,0.0242378932237903
0,0.0763229933788099
0,0.0053822908095789
0,0.0289615631867539
0,0.0423362634305586
0,0.0246452957163499
0,0.0049627440642198
0,0.0294168290519818
0,0.0274063137082228
0,0.0274005609987818
0,0.0395513501219232
0,0.0066486313603257
0,0.018717075341953
0,0.0291470149917373
0,0.0088148426993705
0,0.6154568672889454
0,0.0278888611282801
0,0.0839997374813492
0,0.0311673602159456
0,0.0274588997504611
0,0.0278758211591455
0,0.0279120805871288
0,0.0173926309842844
0,0.0281607089084832
0,0.029081784395108
0,0.0270364453008103
0,0.0266902202009399
0,0.0066849456041789
0,0.0288818116461995
0,0.0278066755171806
0,0.0286963120511752
0,0.0274345007483222
0,0.0075644794001854
0,0.0077842767309533
0,0.0276456586626201
0,0.0275870628310508
0,0.0274300089502443
0,0.0279300665102167
0,0.0278072807185533
0,0.0294420427080404
0,0.0042566007914325
0,0.0236300532210821
0,0.0289084736626277
0,0.003696252077842
0,0.0287775319618865
0,0.025921311651804
0,0.0040275637666348
0,0.0293594064651313
0,0.0284637732410252
0,0.0272409181644227
0,0.0157432187875042
0,0.009538503604024
0,0.0339028406117718
0,0.0284291183911669
0,0.0240814404465526
0,0.0049016135129246
0,0.0199964592113716
0,0.0293557407192996
0,0.0246462269227829
0,0.0031733939739992
0,0.0235310333250998
0,0.0260611779818341
0,0.0278250353151596
0,0.0247805999903165
0,0.0045002206761833
0,0.0280803099479033
0,0.009712155271758
0,0.0279288272361184
0,0.0295252598416576
0,0.028851917661618
0,0.0062056050717982
0,0.0292773372326306
0,0.0209789885911986
0,0.0099089826351522
0,0.0157029224988442
0,0.0293362844785086
0,0.0280044950579999
0,0.0054716416846964
0,0.0275661941363732
0,0.0293663829075275
0,0.0293349865183601
0,0.0284359217895875
0,0.0239327217056654
0,0.0281287417955065
0,0.0290641463177855
0,0.0251085438607229
0,0.0280260781111103
0,0.0275387003744173
0,0.0259706549055093
0,0.0166432763313352
0,0.0251694493240511
0,0.0274178294288894
0,0.0274120662235758
0,0.0275114538263712
0,0.015214363132497
0,0.0049040771464731
0,0.0097158592871642
0,0.0289777027356737
0,0.4908827395364658
0,0.0036641711720964
0,0.0225275098353009
0,0.0277278710951273
0,0.0287621809877436
0,0.0715774706506023
0,0.0080729492148696
0,0.0281008372487474
0,0.027543116420277
0,0.027463807121279
0,0.0274277052459394
0,0.0240080181126238
0,0.0284901832171017
0,0.0282639641849157
0,0.0293906648866012
0,0.0078029394862195
0,0.027893587353427
0,0.0278929501337918
0,0.0275529486641212
0,0.0288556387237392
0,0.0294519731850631
0,0.012624810404442
0,0.0172851201810291
0,0.0284098736465015
0,0.0276460994062096
0,0.0162734640865949
0,0.0561820151126632
0,0.0274261257426703
0,0.0125543708019312
0,0.0051395897666758
0,0.0284198810646182
0,0.0284778962615681
0,0.0287943227395724
0,0.0274455759045379
0,0.0275762342391439
0,0.0158024050152994
0,0.0275375317002332
0,0.0281066960901933
0,0.0261566545434367
0,0.0130054705364817
0,0.0280170319526993
0,0.0143753387198816
0,0.0280215532573498
0,0.0285266329730867
0,0.0208068938265656
0,0.0294249861737144
0,0.0335777687316258
0,0.0080025804625664
0,0.0270829570427871
0,0.0292774440279598
0,0.0274906899348087
0,0.027792383449103
0,0.0053967999737778
0,0.0276407328945815
0,0.0119574868266296
0,0.0274992278252693
0,0.0234835255523359
0,0.0276695626647341
0,0.0092765412596847
0,0.0284395746631785
0,0.0265732725960034
0,0.0276344546163007
0,0.005480465723778
0,0.0275979361886004
0,0.0284307379182454
0,0.0284063749193417
0,0.0291777895823732
0,0.9718849797632806
0,0.0124935638262851
0,0.029160720442027
0,0.0086418095636967
0,0.0116231230353883
0,0.0275261612681155
0,0.0122770573344075
0,0.0280778511420027
0,0.0292943737804798
0,0.0116032987407253
0,0.0284383194760952
0,0.005096544238057
0,0.0234971561869311
0,0.0273777733968424
0,0.027464653643019
0,0.0275588237082714
0,0.0123586672940844
0,0.0104886920516219
0,0.0275274877499683
0,0.029169337444861
0,0.0276786997324975
0,0.0276811354159617
0,0.0287827316466555
0,0.0275343489879097
0,0.0292208715156584
0,0.0278865342061775
0,0.0254913102918142
0,0.0275436423077893
0,0.0271248308186671
0,0.0208366961223161
0,0.0287343921546702
0,0.0128918699119554
0,0.0254656403372244
0,0.0044111739582781
0,0.0203464863584189
0,0.0075667750246331
0,0.0284596174154167
0,0.0274264512294103
0,0.0419158350728454
0,0.0136306317996693
0,0.02611404290766
0,0.0267252175437781
0,0.0050321669964228
0,0.0280339563815594
0,0.0275069661356502
0,0.0011188641870079
0,0.0218507421304784
0,0.0185745084843211
0,0.4724654835876946
0,0.0274209575382199
0,0.0061430796797664
0,0.027766204403298
0,0.0283919385537694
0,0.0092772186785647
0,0.0205194214065758
0,0.0041901800402326
0,0.0273853117966444
0,0.0279940956986621
0,0.0287336262960961
0,0.02760057009459
0,0.0275656296803026
0,0.0289490622777062
0,0.0292091853225049
0,0.0277382261750286
0,0.027547613407403
0,0.0762853458300104
0,0.0279400457132623
0,0.0279467653398327
0,0.0284381121450646
0,0.0285223013757364
0,0.4745780351777481
0,0.0274410785728517
0,0.0277578614771834
0,0.0040965612915678
0,0.0243246922570395
0,0.0274709923396829
0,0.0292897451549278
0,0.00460505206881
0,0.028569335449788
0,0.0275786863268536
0,0.0275800826147969
0,0.0273877558413088
0,0.0289315010592376
0,0.0238438456455508
0,0.0194839356068427
0,0.02588431348705
0,0.0198063843684107
0,0.0262266811198336
0,0.0771842718170735
0,0.0056254436984009
0,0.0279707976715096
0,0.028080030231427
0,0.0195794178694324
0,0.0237962425634371
0,0.0283303647380813
0,0.0189563301728326
0,0.0275747574595419
0,0.0241013758394214
0,0.0276404804526005
0,0.0120366798440106
0,0.0274193888618923
0,0.0047257652736711
0,0.0168340096607028
0,0.0273985829983282
0,0.9607135712162792
0,0.0290465477539602
0,0.0552660807033558
0,0.0282086703998932
0,0.0147564619358237
0,0.0236040058467774
0,0.0284218109039278
0,0.0031106422910332
0,0.0135053082590673
0,0.0046173530037854
0,0.0277438390301727
0,0.0274551638836181
0,0.0119204981074964
0,0.027560919577385
0,0.0280599760499154
0,0.0229680911840628
0,0.0115930801342644
0,0.0291212717555952
0,0.0107820135267035
0,0.0050030624001663
0,0.0288084486629672
0,0.0293025249447621
0,0.0144247142361749
0,0.0276879431079466
0,0.0279556101031627
0,0.0293984151726584
0,0.0283387592550823
0,0.3681359644497001
0,0.0293229309842733
0,0.026005596315221
0,0.0068983526012911
0,0.0041158206226912
0,0.0275868707914792
0,0.0276857902669818
0,0.0191517353907937
0,0.0159014325631273
0,0.0293282461934807
0,0.0284392028275478
0,0.0106649615789028
0,0.0285386887948284
0,0.0293760722735649
0,0.0046321370442772
0,0.0257981342922815
0,0.0280747153286883
0,0.0283871619294178
0,0.0248782640144711
0,0.0133373936779338
0,0.0279512067096171
0,0.01129056991206
0,0.0293350581515389
0,0.027757156902813
0,0.0290271887786332
0,0.0119048804179315
0,0.0214786718124278
0,0.0291028306341506
0,0.0288732053975783
0,0.0277069048293768
0,0.0274564306068057
0,0.025419143716688
0,0.0096166119974906
0,0.0280951435518451
0,0.0275189067921435
0,0.0289349152960017
0,0.0280382995122137
0,0.0291532046920187
0,0.0275189343186698
0,0.0237693269677912
0,0.0277622016545715
0,0.0078413452375998
0,0.02804217937975
0,0.0282182893973217
0,0.0279599750689769
0,0.0294121907474188
0,0.0275494208119938
0,0.0280615155756951
0,0.0162998970421492
0,0.0172332824934849
0,0.0182404598933561
0,0.0290690225298494
0,0.0293835377625895
0,0.0134113609475556
0,0.007921785447415
0,0.0239980119485179
0,0.0286331052868384
0,0.0156152354922973
0,0.015552444795354
0,0.0284710591003761
0,0.0288541476403886
0,0.0288130290574411
0,0.0283544504999622
0,0.0169923891967735
0,0.0055441077077108
0,0.0219606071970911
0,0.0276863654302386
0,0.0280420920081718
0,0.0287473046548665
0,0.0130521151419713
0,0.0037918381009515
0,0.0283127874662687
0,0.0288888169028079
0,0.0293853820680658
0,0.0284195361919573
0,0.0135906920355431
0,0.0277991734340488
0,0.0064474851221018
0,0.0275593479361295
0,0.0251254341138117
0,0.0236381136180451
0,0.0287303995396688
0,0.0285804151740681
0,0.0284352590472801
0,0.0287152445151168
0,0.0012290023616646
0,0.0274630316226291
0,0.0281152527433613
0,0.0088508882459955
0,0.0275691589993916
0,0.0139467164890007
0,0.0292852947483839
0,0.025907863773923
0,0.0170849676904238
0,0.0282719114318654
0,0.0040309705041707
0,0.016642850196155
0,0.0288303680921303
0,0.0290089607814567
0,0.0291260140454524
0,0.0291948933126701
0,0.0292724626922789
0,0.0293526692655425
0,0.0289805572052811
0,0.0216245696292775
0,0.0274141655841415
0,0.0106488544207333
0,0.0061433898248874
0,0.0825397386675913
0,0.0279038442673567
0,0.0294044930406137
0,0.0288636898905988
0,0.0291884131283136
0,0.029377349282414
0,0.0044446784448986
0,0.0335050847262501
0,0.0281588442602798
0,0.0125941853554335
0,0.0199742005408439
0,0.0491133397643468
0,0.6580846266169459
0,0.0281809541205006
0,0.028857618674478
0,0.0286810802413733
0,0.0048645303018107
0,0.0278339509298013
0,0.0042559134074064
0,0.0281381007916357
0,0.0030252992516114
0,0.0100161006489378
0,0.0092694482805385
0,0.0280132999220282
0,0.0274583150686127
0,0.02528799844252
0,0.0280266104920703
0,0.0274429752914796
0,0.0293277854960598
0,0.0284017877205249
0,0.0276846577822095
0,0.0037807152768515
0,0.0283078084637417
0,0.0286254264373881
0,0.0274191605882073
0,0.2749658123483816
0,0.027611810189182
0,0.0033631250756903
0,0.0093692327345005
0,0.0292756110117427
0,0.0274881084402666
0,0.0527214089972972
0,0.0118622188658285
0,0.0094776857830147
0,0.0293103566561426
0,0.0186370656111403
0,0.0291652712425939
0,0.0284203832064341
0,0.0192981926689932
0,0.0268277960754728
0,0.0030557582108357
0,0.0289272504338047
0,0.0039167017746566
0,0.0278533016960366
0,0.0237831085282923
0,0.0275358794892046
0,0.0276963864884504
0,0.0128932936675424
0,0.0274963553504788
0,0.0293628795935512
0,0.0039204194672463
0,0.0095292498417283
0,0.0285292439762622
0,0.0036664242786585
0,0.0276011894683713
0,0.0207217532787654
0,0.0288921734064911
0,0.0274316819849487
0,0.0168052085142792
0,0.0279667486853466
0,0.0277229519110029
0,0.0275764272664491
0,0.0073828411916654
0,0.0088212695352123
0,0.0436753081352776
0,0.0290788412608674
0,0.0165134760561698
0,0.0048558547345181
0,0.0276063905155881
0,0.0273836533822025
0,0.0293517393675043
0,0.0283189658215078
0,0.0282306830952593
0,0.0052093395899943
0,0.0278507131651811
0,0.0279204724297087
0,0.0244754799845242
0,0.0062039549714647
0,0.027427700916719
0,0.0068605057283047
0,0.0334507290447114
0,0.0276004843895312
0,0.02486882731327
0,0.0275830593776212
0,0.007344663674732
0,0.0255493026476661
0,0.0123724701658771
0,0.0266518712328893
0,0.0286442847416272
0,0.0294149857968327
0,0.0064996975186435
0,0.0132875399905438
0,0.028381141322655
0,0.6026348075135495
0,0.025506314097804
0,0.0275838993945041
0,0.0191893486039911
0,0.0284653675339737
0,0.0284790972781941
0,0.046859327669769
0,0.0275482342838585
0,0.0266978144680851
0,0.0081428449550658
0,0.0290291858619142
0,0.0099436740012181
0,0.0276608363379638
0,0.0294385655901034
0,0.009016791134782
0,0.0120475357701552
0,0.0037835143863265
0,0.0273475054902706
0,0.0271514363620331
0,0.0274387431992968
0,0.0277119349124899
0,0.0284763835221542
0,0.0285929588121843
0,0.0626037334838669
0,0.0287205864661978
0,0.0233915016274664
0,0.0228258915908773
0,0.0169981716578129
0,0.0281986000315486
0,0.0267045014076426
0,0.0290373606503786
0,0.0291623112721774
0,0.0274343931776851
0,0.0276552655478216
0,0.0276912420585651
0,0.0134957181998667
0,0.0537196913639728
0,0.0291196215304319
0,0.0241742769625732
0,0.0289024845716623
0,0.0289296668742721
0,0.0270527438598155
0,0.0140054810542252
0,0.0283330251073227
0,0.0287152065259307
0,0.0274306661544335
0,0.0282096545620098
0,0.0289145436633712
0,0.0050183869136501
0,0.0248045902759075
0,0.6389823714219531
0,0.0029608580086687
0,0.0294284545318676
0,0.0285186060639183
0,0.0277489135883715
0,0.0290871154117259
0,0.0279509015112773
0,0.0289872123383599
0,0.0293578302258978
0,0.0078342590679037
0,0.0291316066971746
0,0.0281479147996295
0,0.0290490959277232
0,0.0291439834457176
0,0.0274119906153051
0,0.0294494624232964
0,0.0091614132714829
0,0.0279752585262292
0,0.028863322308967
0,0.0274368106319861
0,0.0053858817086485
0,0.0288509962296436
0,0.0288186995109387
0,0.0278172435728939
0,0.920795203137332
0,0.0275656821356225
0,0.0274124358529848
0,0.0233307041936196
0,0.0170055534052186
0,0.2031218454621063
0,0.1362331281080451
0,0.0255127648170181
0,0.0282325686206819
0,0.0282251384668561
0,0.0094553502841206
0,0.0279716138543141
0,0.0244416602149203
0,0.0242769968134994
0,0.0256766884018493
0,0.0032321842758611
0,0.0275148338700881
0,0.0277151337744797
0,0.0050974024210583
0,0.0283819291709193
0,0.0291185348666939
0,0.0276875243704315
0,0.0278843425767713
0,0.0251071787427347
0,0.0289416301752865
0,0.0407785367267999
0,0.0161311696433298
0,0.0287937853426971
0,0.0291926977762734
0,0.0275008298060224
0,0.0293244407829388
0,0.0195265198539114
0,0.0283280332475069
0,0.0274505781044702
0,0.029218527044051
0,0.029011105105486
0,0.0281198995405808
0,0.0407501592946003
0,0.0273841559014472
0,0.0417882394730935
0,0.0274178624118195
0,0.0048582275213151
0,0.0279871847340637
0,0.0853268945039168
0,0.0276974317887928
0,0.0286444595142673
0,0.0325396366850125
0,0.0037192919151019
0,0.0277794780140756
0,0.028579061628758
0,0.0524222212070483
0,0.0279203741074904
0,0.0215350305123675
0,0.0286648989432959
0,0.0275947299869208
0,0.0274988003724684
0,0.0291242511375754
0,0.6673753273898767
0,0.0255936966268806
0,0.0373158167967664
0,0.0276842151311852
0,0.0205566559156978
0,0.003904756381406
0,0.0043302476095235
0,0.0275521823085185
0,0.0045113621220487
0,0.027627654880223
0,0.0288764316185219
0,0.0069591504099015
0,0.0191692237210891
0,0.0226979462199671
0,0.0283266014036698
0,0.0249685133286698
0,0.0218789252452693
0,0.0272457748281908
0,0.0276676939923964
0,0.0274870914859261
0,0.0131056660879539
0,0.028632857766333
0,0.0044131454106901
0,0.0279781543434886
0,0.0293753325132557
0,0.0242075021852113
0,0.0293221322894831
0,0.0470744590955128
0,0.0168195735619148
0,0.028429072060591
0,0.0107989624221572
0,0.0121020444892864
0,0.0279667978309678
0,0.0274197414973876
0,0.028368676398367
0,0.0099276074789963
0,0.0237060526914597
0,0.006092385259431
0,0.0057847175552924
0,0.0292441994222428
0,0.0283427333829243
0,0.0274359539310665
0,0.0179409953159035
0,0.4793056046202242
0,0.0277315131105531
0,0.0067149473901864
0,0.029199192897434
0,0.023746465977001
0,0.9865544579036328
0,0.0293198053515036
0,0.0038501883237315
0,0.0044538759583137
0,0.0185410443822586
0,0.0279050461950245
0,0.0093067119714901
0,0.02846674200506
0,0.056012568844174
0,0.0275727851753883
0,0.0283063277086826
0,0.0292398518151517
0,0.0243351181686931
0,0.0032262817275252
0,0.0612614670737805
0,0.0046025854877612
0,0.0284825257509665
0,0.027406098420034
0,0.0282091769265745
0,0.0271514962549056
0,0.0287333123778665
0,0.0288028501161229
0,0.0060912079578844
0,0.0093348480278758
0,0.0274322265442344
0,0.0032653034444865
0,0.020299722597779
0,0.0286902232802724
0,0.0277423108507442
0,0.0282072053562226
0,0.0290478123345033
0,0.0158993277866799
0,0.0149974005710785
0,0.0294031511901837
0,0.029401967297764
0,0.5634365040563336
0,0.0274199876031236
0,0.0281009736178602
0,0.0275649924869773
0,0.0246596193576923
0,0.0244947474248808
0,0.0228183222039068
0,0.0131712183465175
0,0.0280898557614452
0,0.028777255758209
0,0.0281394209800722
0,0.0288188156095393
0,0.0113881248709563
0,0.0292848986048194
0,0.0287588997667634
0,0.0274313756722075
0,0.0067203262386589
0,0.0115797019836669
0,0.0283570354406585
0,0.0277973042977616
0,0.0291846994868342
0,0.0123680838984758
0,0.0288962525120087
0,0.0290492312456438
0,0.0280575970366225
0,0.0274488703564193
0,0.0264480928407904
0,0.0475317127524621
0,0.0125063061684851
0,0.0286700602215536
0,0.007243132005405
0,0.0334179832507823
0,0.0277473437396022
0,0.0314142093377224
0,0.0275369143299421
0,0.0293142414236155
0,0.0286679810167267
0,0.0262565505028148
0,0.0282238432915817
0,0.0274868135882085
0,0.0276782371569277
0,0.0034650602038569
0,0.0283007944194038
0,0.0167227062858638
0,0.0057927785877206
0,0.0294228059131436
0,0.0281901784342947
0,0.0294481668743898
0,0.0177563410721447
0,0.0290471552347582
0,0.0284394012658955
0,0.0036387113011241
0,0.0275161201935223
0,0.005554266133632
0,0.0281377322868532
0,0.0267504925364015
0,0.0277402919353112
0,0.0291406365480952
0,0.062402060720632
0,0.0147613215227403
0,0.0278538038570403
0,0.0281336356417321
0,0.0249786803890858
0,0.0274177208568521
0,0.027437607505279
0,0.0238224656303891
0,0.0275273695057381
0,0.005338664583848
0,0.0090812447902466
0,0.0065099286392099
0,0.0275825052392019
0,0.0270796641070537
0,0.9302804800004832
0,0.027559227034416
0,0.0090056806604733
0,0.0277810309157906
0,0.0280350946937919
0,0.0281630412154678
0,0.0294584955054658
0,0.0285761153150621
0,0.9932573240940644
0,0.0292709641257538
0,0.0217439755656016
0,0.0279929533544604
0,0.0411878442349172
0,0.0291644535932933
0,0.0041720375969795
0,0.0284578914210516
0,0.0272263536046976
0,0.0275819303173685
0,0.0050496291452931
0,0.027783596460367
0,0.0117778725273684
0,0.0275290781982377
0,0.0055048843406923
0,0.0275509527427382
0,0.0288999617227004
0,0.0352789785437715
0,0.0275898727245876
0,0.0234004165822282
0,0.0293897171573087
0,0.028885874087013
0,0.0274084046821543
0,0.0292281113728362
0,0.0029677942321097
0,0.0260315199558839
0,0.0289110622416788
0,0.029395439673415
0,0.0046856393388532
0,0.014615626058413
0,0.0235643077700666
0,0.008139235189143
0,0.0060330777900547
0,0.0059660013372849
0,0.0244316422451913
0,0.0277793173644073
0,0.0291767596037087
0,0.0258314210810176
0,0.0290663116090647
0,0.231761123445132
0,0.0280646590211211
0,0.0233022707534455
0,0.0281461415674588
0,0.027421385173508
0,0.0277465243046977
0,0.0542988954662299
0,0.0277416431009294
0,0.0102666205743539
0,0.0280611970283125
0,0.0275342794915912
0,0.0038532997889436
0,0.0279146098824536
0,0.0277180981194675
0,0.0291473885682067
0,0.0283385447170882
0,0.0051675016990562
0,0.0281654621401239
0,0.0274149833736229
0,0.0294455593628726
0,0.0124034309735302
0,0.0111201379220761
0,0.0277255458637803
0,0.0274770291378587
0,0.0132776728800529
0,0.0061295753160597
0,0.0099498235737628
0,0.0201348905171575
0,0.0274248510747316
0,0.0275180883636003
0,0.0278824266132259
0,0.0277648344528681
0,0.0288311155110777
0,0.0150286567507341
0,0.0095639367420285
0,0.0120079325331259
0,0.0286591192938397
0,0.0276777726243671
0,0.0246556329977929
0,0.0286999050488116
0,0.0289744025381603
0,0.0251922100744788
0,0.0279373128296795
0,0.0217669173232453
0,0.0048850434003825
0,0.0057871103994899
0,0.0512285570488163
0,0.0282982441819218
0,0.0158636250271443
0,0.0288378958939848
0,0.0276220139598688
0,0.0278604899261696
0,0.0291277864277603
0,0.0257680918547826
0,0.0066441877006848
0,0.0057949142569293
0,0.0292880012860324
0,0.0261447508674996
0,0.0283610425465151
0,0.0279421356667538
0,0.0275051030525826
0,0.0256567972419088
0,0.0275104292408979
0,0.0066252612559598
0,0.0029239191396561
0,0.0286740875135944
0,0.0272644838300098
0,0.0290805349679203
0,0.0286509856524305
0,0.0287281345151049
0,0.0151427153909221
0,0.0290132958056026
0,0.0177893937007492
0,0.0283079418369063
0,0.0067790758745583
0,0.0282062591929881
0,0.02940935466388
0,0.0049879016188753
0,0.0272471738210606
0,0.0293962067416071
0,0.0064753795992236
0,0.0284935034448944
0,0.0198535524607467
0,0.0288581938688913
0,0.0073983723156878
0,0.0276284794165521
0,0.0277941035345541
0,0.0292468043121778
0,0.0275395475024455
0,0.0296249595659262
0,0.0277969825103935
0,0.0274721799618778
0,0.0281840611877669
0,0.0236492451975391
0,0.0310525403891534
0,0.0061169232494194
0,0.024432905703727
0,0.0672087508943715
0,0.0274102243040355
0,0.0280736816222983
0,0.0165865333183851
0,0.0293619332917523
0,0.0415618230341113
0,0.0339928371952213
0,0.0274210424532028
0,0.0276006367185565
0,0.0275297259180409
0,0.0036797119349689
0,0.0265051912526789
0,0.0296528645545763
0,0.0292872981804814
0,0.0172963062175751
0,0.0282096545620098
0,0.038345687700487
0,0.0234279359413668
0,0.0250440328865303
0,0.0287360974225709
0,0.0287757468316077
0,0.0293845705799608
0,0.0286860453833012
0,0.0068362628176294
0,0.005394983589547
0,0.0033119589015669
0,0.0257966035165152
0,0.0281778829994689
0,0.0278570281576544
0,0.0292223467769259
0,0.0283007393044791
0,0.0293807269378946
0,0.0289592712320559
0,0.0294393435389237
0,0.0083248956611519
0,0.0504087306481867
0,0.0891068012419473
0,0.0287696936235972
0,0.029106469183958
0,0.0293749248710621
0,0.0293454201527262
0,0.0293977367352897
0,0.0277685464667014
0,0.0274167067492141
0,0.0106127032781791
0,0.0200747687158284
0,0.0049616139210015
0,0.0281795140012935
0,0.0274227694800991
0,0.0279531228256038
0,0.0281630412154678
0,0.0179558704237611
0,0.0049559486976406
0,0.0278755200768162
0,0.0279531228256038
0,0.0096541648485711
0,0.0293417792840323
0,0.0046909134328759
0,0.0208287210110968
0,0.0128780966665203
0,0.02886592071609
0,0.0280489394627088
0,0.0285058001894053
0,0.0293818399743739
0,0.0276040115949899
0,0.0289784091260698
0,0.0284680155069061
0,0.0235957982172931
0,0.0291531987638906
0,0.0284005764258851
0,0.0290519842390319
0,0.0163725671055119
0,0.0064331721350543
0,0.0292761332286826
0,0.003659466437518
0,0.0283085250355507
0,0.0036621289709405
0,0.0285535192538441
0,0.027910866308903
0,0.0272529495996086
0,0.0294143489010785
0,0.0047668218572902
0,0.0278159557744507
0,0.027424294111577
0,0.0291207656795255
0,0.0019902990349804
0,0.0292586960429541
0,0.0214779719058852
0,0.033922109422483
0,0.0294326794383035
0,0.0279594588165247
0,0.0275374619137123
0,0.0284208154443705
0,0.012367103889307
0,0.0288179361951567
0,0.016149669824845
0,0.0274224039248077
0,0.0274377015987011
0,0.0280150834846775
0,0.0259250055514019
0,0.0287093986204176
0,0.0235117966832858
0,0.0165614860523903
0,0.0277404181281003
0,0.0281994294655478
0,0.0284295622766953
0,0.027698036422469
0,0.0148696461206127
0,0.0276504120330166
0,0.0156482983314354
0,0.0291548612779627
0,0.0278790425960358
0,0.0294341041843022
0,0.0277224357094829
0,0.0274147475057127
0,0.0275048830832426
0,0.0285561123584209
0,0.0278743599852888
0,0.0537144086013874
0,0.0276660814024613
0,0.0279313929050878
0,0.02898878422883
0,0.027609575767297
0,0.0294256003691797
0,0.0158982665583616
0,0.0618654401310144
0,0.4688383762831523
0,0.0273535980439313
0,0.0274370884810343
0,0.0339998094953708
0,0.0276774833452946
0,0.028252977521373
0,0.0261739747198126
0,0.0245098850604066
0,0.0293251066821355
0,0.0275900598068269
0,0.02752667870386
0,0.0276490179612537
0,0.0294458629434936
0,0.0274206836866737
0,0.0053907156670859
0,0.0281788337418793
0,0.0276780192533243
0,0.0282680604066244
0,0.0114257681243303
0,0.0099800243387862
0,0.0275583568635264
0,0.0278239755384046
0,0.0199009713734885
0,0.0107564376043811
0,0.0278321256280303
0,0.0299829600854191
0,0.0292091000625864
0,0.0233014456675994
0,0.0292798597181383
0,0.0285833695172662
0,0.0258213680736016
0,0.0274021973752604
0,0.0254485996567924
0,0.0159942123819219
0,0.0277610172684577
0,0.0281041881745353
0,0.0276763950759139
0,0.02740992838553
0,0.0279628616804577
0,0.0293957723740503
0,0.0875758179207003
0,0.0226525422838633
0,0.0274730680077573
0,0.0278872159202174
0,0.0288404819991123
0,0.0278540093112391
0,0.0225350284346237
0,0.0240819821886957
0,0.0277102707324465
0,0.0067433922514274
0,0.0277082020507706
0,0.0028576092683332
0,0.0276770807525954
0,0.0904604825252802
0,0.0280514454771754
0,0.0275503533144329
0,0.1087436851851619
0,0.0274202247982366
0,0.0275401646734029
0,0.0165239675371286
0,0.0283133407067205
0,0.005360477640749
0,0.0291843033028591
0,0.0290764315020871
0,0.0280464749650839
0,0.0055375163717996
0,0.023152635913009
0,0.0294126424685941
0,0.0293909402675731
0,0.0279019487579821
0,0.0208342800992028
0,0.0276803243229896
0,0.0308852932767415
0,0.0128744515301736
0,0.0294116538892754
0,0.0276260486859211
0,0.0279046949631447
0,0.0113282334932675
0,0.0282504867249725
0,0.0294405819466827
0,0.0127418420441468
0,0.0748630916459876
0,0.0275186009086042
0,0.027603696157755
0,0.1547221964915953
0,0.0689888150180037
0,0.0294025004383111
0,0.0288841094599159
0,0.027497659424634
0,0.0286516894771557
0,0.0220953020820607
0,0.0284298416440404
0,0.0059710395136569
0,0.0286831152722107
0,0.0212065623469132
0,0.0275990272797135
0,0.029237836172772
0,0.0196839548916937
0,0.0193945115798482
0,0.0295213655792302
0,0.0201414511675995
0,0.0274401218931928
0,0.9828446789009913
0,0.028080030231427
0,0.0274965310668693
0,0.0292492685283573
0,0.0288382721566528
0,0.0274460317610569
0,0.0278909676096709
0,0.027445642169182
0,0.0286494835987954
0,0.3362840001054873
0,0.0121052723098101
0,0.0292505889870815
0,0.0224671575015523
0,0.0944115830573759
0,0.0282376782736845
0,0.0200903855784709
0,0.0232160028786618
0,0.0419917882751969
0,0.0293919236638905
0,0.0204790683672933
0,0.028030186856007
0,0.0283198365207962
0,0.0103097373029676
0,0.0279724544600356
0,0.0116867484266644
0,0.0231142470273668
0,0.0295378853977381
0,0.02805524902006
0,0.0140845472531668
0,0.0284645668694128
0,0.0275979542573943
0,0.0280904317194178
0,0.0180493575498357
0,0.0288902804372623
0,0.0189843383838366
0,0.0275042352154722
0,0.0261097495384191
0,0.0288015396348946
0,0.0294038915385545
0,0.0123355897320302
0,0.0286606361839877
0,0.0294241345728753
0,0.0290560746622814
0,0.0036218854905559
0,0.0279938114109101
0,0.0279161218547452
0,0.0103037063828564
0,0.0288155997892314
0,0.0277709889900922
0,0.0361226938497195
0,0.0109753703053877
0,0.0506228705872593
0,0.0182429932985988
0,0.028321071199262
0,0.0280841959399916
0,0.0274758237774723
0,0.0043772276362635
0,0.0289266472155915
0,0.0044825759875454
0,0.0278038922853382
0,0.0293800173065301
0,0.0129972592837469
0,0.0978323169670267
0,0.0201922515076455
0,0.0030557762471256
0,0.0234297880702941
0,0.0294456874387574
0,0.0274797342779961
0,0.0274558238971531
0,0.0205180861197297
0,0.0050740663479921
0,0.0277834686296358
0,0.0285618680722952
0,0.0157508028523714
0,0.0281219287141343
0,0.015158644554393
0,0.0046066170137554
0,0.0085287291883673
0,0.0259370784156178
0,0.0274370884810343
0,0.0273646631016377
0,0.0275469020508677
0,0.0142781247724026
0,0.0263909675361304
0,0.0293831429238377
0,0.0252861973044489
0,0.0274132312270878
0,0.0274414486828353
0,0.0059677405777629
0,0.0291286422707892
0,0.0047582391109202
0,0.0274916305184968
0,0.9850137592956972
0,0.0286788048188935
0,0.018561925918355
0,0.0286190034738474
0,0.3587182291808244
0,0.0278457405016033
0,0.036982171641737
0,0.0067786803583964
0,0.0294440785928633
0,0.0275031185362393
0,0.0274333368603578
0,0.0280214845919593
0,0.0224342243800694
0,0.0282060805104473
0,0.02856085050532
0,0.028166732266149
0,0.0185846000013449
0,0.0290805344421662
0,0.0276664769238482
0,0.027851742069273
0,0.0290844321012954
0,0.0275204596495399
0,0.0289121891669174
0,0.0287037914377643
0,0.0289303048716573
0,0.0163273404651142
0,0.0274193058881061
0,0.0108089179594256
0,0.0036799784911594
0,0.0354467475310591
0,0.0278330772633598
0,0.0293333287439117
0,0.0279609418000521
0,0.0096427341929361
0,0.0407959581825811
0,0.0281465332344131
0,0.0269242631589354
0,0.0423110014128573
0,0.0260286804562145
0,0.0290351194495067
0,0.0291149560744757
0,0.0099030412742985
0,0.0513100100148143
0,0.006206103989179
0,0.0276146303963768
0,0.0281513817582526
0,0.1395972863748695
0,0.0277803142282319
0,0.0464838646178293
0,0.0093306263324207
0,0.0274477187042389
0,0.0312050111719201
0,0.0041542799942579
0,0.0061240515111949
0,0.0284671222038133
0,0.0155171246114098
0,0.0265100098274875
0,0.0042035950829504
0,0.0286809074287114
0,0.0275267143243964
0,0.0280703111141692
0,0.0275119960821336
0,0.0020921595013156
0,0.010379308883249
0,0.027409689533191
0,0.3821900544184121
0,0.017202241796305
0,0.0438650625449439
0,0.0038247279459252
0,0.0290879497073271
0,0.0293670247575364
0,0.0244677552678444
0,0.0091558974125808
0,0.0072366567946817
0,0.0274089445418986
0,0.0290339532127595
0,0.0293407873014303
0,0.0274066685433473
0,0.0271494667622123
0,0.0287335090479274
0,0.0245188383728485
0,0.019660323846772
0,0.0281044505379091
0,0.0039448876623867
0,0.0293417146928476
0,0.0276276332026886
0,0.0118097406625998
0,0.0074948079874905
0,0.0282740668103064
0,0.0275071371556234
0,0.011243627530333
0,0.4789078693665018
0,0.0281102236488061
0,0.0274990127347706
0,0.0082438862860527
0,0.4730415560157653
0,0.0088816882117232
0,0.0289265739781624
0,0.0276955440063159
0,0.0282735014206857
0,0.0292326627099777
0,0.0278950502977394
0,0.0034516510689389
0,0.0279552489641147
0,0.0068807764532026
0,0.0277423671707398
0,0.0063103264269099
0,0.017252629432903
0,0.0280736955055429
0,0.0050720965486528
0,0.0279990741031775
0,0.0057804772325771
0,0.027879616680639
0,0.029306995892609
0,0.016163518707869
0,0.0274167173593506
0,0.0045029430530682
0,0.0235423529468703
0,0.0288460294792079
0,0.0293660871435133
0,0.0276808454365317
0,0.0282740541151578
0,0.0054386248083036
0,0.027392174436591
0,0.0181527890797303
0,0.0286272217740139
0,0.029098062395214
0,0.0282645181949742
0,0.0036894403959471
0,0.0275793536530581
0,0.0051665968516876
0,0.0291988715758914
0,0.0294099454418672
0,0.0065950494119392
0,0.0285156981766436
0,0.0096033961606271
0,0.0283419360540221
0,0.0286954544393608
0,0.028330454851674
0,0.0278622309229954
0,0.0262720624723231
0,0.0264748707315316
0,0.0292580760111739
0,0.0293218660207081
0,0.0283070345497311
0,0.0278729752685063
0,0.0291001292324223
0,0.0221679782922305
0,0.0276202295352044
0,0.0272370971823529
0,0.0289387043441679
0,0.015217903978574
0,0.0288230051583873
0,0.0053095904272059
0,0.019633891287601
0,0.027802122660338
0,0.0265354025377309
0,0.0285620173983036
0,0.0094383723183067
0,0.0281119676558528
0,0.0330371034505047
0,0.0273717427404352
0,0.0285894853621553
0,0.0096532797882306
0,0.0354573698785316
0,0.029254924057735
0,0.0248984652458898
0,0.0243956090204859
0,0.0274896618073221
0,0.0294008492342122
0,0.0277651900401256
0,0.0274465889671363
0,0.0108923954515773
0,0.0294310564161823
0,0.0290837125380831
0,0.0266702227495
0,0.6393593645204474
0,0.0170512772570316
0,0.0275490293929636
0,0.0605168617706023
0,0.0275825052392019
0,0.0270263272822793
0,0.0283047903215807
0,0.0290484928452675
0,0.0033344033853151
0,0.028164712899356
0,0.0275074451936975
0,0.0277117243615318
0,0.027643013185554
0,0.0041851318858298
0,0.0277442522605331
0,0.0276015467589722
0,0.0213800837606521
0,0.0099113375914811
0,0.0083071288088688
0,0.2356156825220281
0,0.0277544388463019
0,0.0041691376526039
0,0.029412435848402
0,0.0287321536859955
0,0.0275177566813455
0,0.0278336863112687
0,0.0040663402541709
0,0.0279772825234607
0,0.0978350167684894
0,0.0289711148427842
0,0.0078342590679037
0,0.0274069402625192
0,0.0197466563215178
0,0.0292149536429011
0,0.0294096436714555
0,0.0275118688187538
0,0.0255410265652861
0,0.0009004248913887
0,0.0282000327147177
0,0.0281859275227348
0,0.0293792058366595
0,0.003384869170351
0,0.0148930212408016
0,0.0047443833948269
0,0.0396252036642825
0,0.0294006392723848
0,0.0275055249003793
0,0.1245732280644823
0,0.0274556564333752
0,0.0283026702991871
0,0.0277239147749698
0,0.0266060031196656
0,0.0277718442364154
0,0.0048087383023678
0,0.0293822277951467
0,0.027440968117463
0,0.0127501473019607
0,0.004900570084149
0,0.0274741312766619
0,0.0259568472761808
0,0.0237685981866871
0,0.0291101798467713
0,0.0286542273607998
0,0.1175080093164368
0,0.0059282986717953
0,0.0038187601959978
0,0.0275803903481235
0,0.0276526881914143
0,0.0274519439572434
0,0.0088458380880169
0,0.0293046541662414
0,0.0275923467446584
0,0.0282474469322234
0,0.0282385558722255
0,0.0387810696159989
0,0.0285809960382183
0,0.0274149473950879
0,0.0275735995578919
0,0.013024355747746
0,0.0293568034262826
0,0.0279880587695017
0,0.0095362970600531
0,0.005860789142732
0,0.0153853611680286
0,0.0294437640063037
0,0.027411152815054
0,0.0198927935592345
0,0.0221496164807878
0,0.0101107258275686
0,0.020665959879001
0,0.0249728993497725
0,0.0107679092728555
0,0.0154964376122118
0,0.0286484125353258
0,0.0278934149998119
0,0.0265486647977248
0,0.0050980101650119
0,0.029272811658438
0,0.0282160488563724
0,0.0019282284364065
0,0.0088497519684013
0,0.0262670255948157
0,0.02567185053015
0,0.0028289002306136
0,0.9720856327440328
0,0.6397063229023346
0,0.027407031464772
0,0.027556682512662
0,0.0274141249303748
0,0.0144648273363213
0,0.0274370884810343
0,0.0282824352572039
0,0.0290440298847673
0,0.0295016345599285
0,0.0283877549360612
0,0.0276200560938649
0,0.0282640519136897
0,0.0275389419467184
0,0.0289091508152493
0,0.0156899659083563
0,0.0284461757456364
0,0.0233007095918571
0,0.0098794316712573
0,0.0046872540090599
0,0.0134109245780858
0,0.0284145354818344
0,0.0286262202161702
0,0.0103440246418516
0,0.0242563957905688
0,0.0274762712964978
0,0.0277065531757513
0,0.470267183451866
0,0.0275141969069756
0,0.0285352934863439
0,0.0054895713389242
0,0.0279249908450027
0,0.0036808612185609
0,0.0274325524183914
0,0.0171865082406573
0,0.0515660035881946
0,0.0289727102678473
0,0.0037449799917164
0,0.0274297845474277
0,0.0279719587945998
0,0.02919697434327
0,0.0275685487082589
0,0.0275215574686013
0,0.0025405475326672
0,0.025618735412024
0,0.1556122231041846
0,0.0288665928670671
0,0.0274127506229869
0,0.005267026179547
0,0.0191242504238443
0,0.0251683833825476
0,0.0088829190217082
0,0.0162801302238675
0,0.0038343768744113
0,0.0284745009192914
0,0.0682543416399358
0,0.0282876660694072
0,0.0283582461946131
0,0.0295073788203509
0,0.0010961372501794
0,0.0220443756510043
0,0.0290805344421662
0,0.0280924232017806
0,0.0282776724301627
0,0.0276562244430703
0,0.0273457931846059
0,0.0286441474573096
0,0.0076449105204686
0,0.0054592451360535
0,0.0293610067040108
0,0.0068400024008688
0,0.0277242277401367
0,0.0161727433995702
0,0.0246508915217603
0,0.0274651047221589
0,0.066888043945626
0,0.0274468617640681
0,0.0275557203442051
0,0.0097005729604364
0,0.0281196620169275
0,0.0270939115187736
0,0.0038332202663114
0,0.0112889715896335
0,0.7566338948209651
0,0.0061697326289012
0,0.0239929417299733
0,0.0276392304612646
0,0.0278690684489762
0,0.0275410722772006
0,0.028656910359353
0,0.0285821886205956
0,0.0287329164082122
0,0.0281479615088831
0,0.029159563281478
0,0.0168542154997273
0,0.0275323327836802
0,0.0288394236065477
0,0.0152513906674534
0,0.9124433382334812
0,0.0032643409726872
0,0.0051093400635323
0,0.0292177496541652
0,0.0046244048613478
0,0.0293715678274498
0,0.0286529831875628
0,0.0292846828738831
0,0.0269731694478396
0,0.0060090156682727
0,0.0065739821842384
0,0.0082638763789866
0,0.0288535743543606
0,0.0293801098456171
0,0.4675388691356731
0,0.0294728270272926
0,0.0037588538587066
0,0.0289500395714482
0,0.0236924350300418
0,0.0114915021085876
0,0.0281998272618384
0,0.0285734317249407
0,0.0501211641572584
0,0.0037959011442577
0,0.0280885854385149
0,0.0292147634226113
0,0.0290048309113267
0,0.0248522524503116
0,0.009185446844352
0,0.0221915197632984
0,0.0290490897508523
0,0.0164873174023189
0,0.0200105647225136
0,0.0264497211086175
0,0.0041843609524677
0,0.0274773332088758
0,0.0054241856022277
0,0.0252648499471423
0,0.0269948398992804
0,0.0282238512924402
0,0.0049877186445869
0,0.0114557741973941
0,0.0275910457607513
0,0.049478234393563
0,0.0183080551228057
0,0.0198497809285821
0,0.0237846722538014
0,0.029112192718257
0,0.0278498701996888
0,0.0136342795172305
0,0.0360637644721734
0,0.0218847640101646
0,0.0293765438722371
0,0.0317877578762737
0,0.0042505059110398
0,0.0274422637772282
0,0.0207446605592206
0,0.0276062740589975
0,0.0049738223102526
0,0.0290370381847921
0,0.029381654663548
0,0.0113219643656143
0,0.0285040217398339
0,0.003249871563547
0,0.0276655864173196
0,0.0277512108671284
0,0.2042014021124763
0,0.0443354507968795
0,0.0188974629284737
0,0.0277177492573342
0,0.0135244714406286
0,0.0076857517076982
0,0.0331028100433653
0,0.0832251431818775
0,0.028920192975967
0,0.0286930525335786
0,0.024548895000812
0,0.0566381200162894
0,0.0281434859327361
0,0.013100624052973
0,0.0282929736271567
0,0.0274765887722572
0,0.0281527586562186
0,0.0283028250285267
0,0.0158556397530286
0,0.0047638614520908
0,0.6319688877351923
0,0.0245931613455887
0,0.0035502954153524
0,0.0274993411270579
0,0.0251654826615449
0,0.0228493577743904
0,0.0249037847467004
0,0.0279013955073432
0,0.0054853252105751
0,0.008209148839051
0,0.0103130049953788
0,0.1109980179030079
0,0.0158869345046405
0,0.0295608060074633
0,0.0279895083092235
0,0.0276335355889206
0,0.0286931943027976
0,0.0276417528115575
0,0.0281789239114285
0,0.0283124543873631
0,0.0288961028950837
0,0.0130395532703893
0,0.0286878276210701
0,0.0280740210770357
0,0.0296297517787966
0,0.0274053217251625
0,0.0035998503864186
0,0.0279697285414072
0,0.0276336083502851
0,0.0059474893261249
0,0.0267436921311044
0,0.0286836084128539
0,0.0291196177250476
0,0.0273124415778887
0,0.0089004366728773
0,0.027693389830071
0,0.028149642285992
0,0.0457176514982773
0,0.0252134074276869
0,0.0278643282905031
0,0.027448901996815
0,0.0034518036421393
0,0.0231824497899428
0,0.0163829825791937
0,0.0409421932524569
0,0.029209370758668
0,0.0250244872570807
0,0.0031877214322565
0,0.0291300824673511
0,0.0048627126209343
0,0.0292200089881078
0,0.0276540462045852
0,0.0284903484698201
0,0.0274118367347394
0,0.0278744088037087
0,0.0053387796793412
0,0.1207737068787346
0,0.0260823688745589
0,0.0285575109711012
0,0.0292828436507143
0,0.0274866326870675
0,0.0128223950221276
0,0.7265947108972016
0,0.0275641076511075
0,0.034453704422297
0,0.0183768084229912
0,0.0275057765245622
0,0.0289112065751611
0,0.0105280136510884
0,0.1175697992463467
0,0.0282090490892003
0,0.028094088380438
0,0.0278179280714316
0,0.0276097524602641
0,0.0249666119932848
0,0.0276335662930783
0,0.0293279446669977
0,0.0290038046097685
0,0.0108312484414866
0,0.0286306867497548
0,0.0037447541318294
0,0.0275284538496531
0,0.0913314462615781
0,0.0274623513281313
0,0.0095851286187201
0,0.0274309743703624
0,0.0134148648964843
0,0.0105693586683811
0,0.0280508823102341
0,0.0275112535769392
0,0.027483589673702
0,0.0289779970911483
0,0.027431982376526
0,0.0310922761161994
0,0.0290998640638948
0,0.0274570097450506
0,0.0272417243158305
0,0.0282170449145171
0,0.0292494528071178
0,0.0277501685830695
0,0.0562971439101292
0,0.0046055875596795
0,0.0238878487438554
0,0.0230517328637881
0,0.0281687223836675
0,0.0275277125193613
0,0.00694724817946
0,0.027991500451305
0,0.0293067535217817
0,0.028831873695194
0,0.0276721173022257
0,0.0290612564115052
0,0.0049667388585492
0,0.0273878100726191
0,0.006435732822526
0,0.0147557457386891
0,0.02538288924689
0,0.022808766977314
0,0.0028687808385424
0,0.0259078594610108
0,0.0060987995706017
0,0.0259308366189286
0,0.0109553217309504
0,0.0279900938933492
0,0.0130057800047475
0,0.0262254648768917
0,0.0105739605267267
0,0.016283797706979
0,0.0158945775110518
0,0.0293437101839412
0,0.0110442359721807
0,0.1561455536395613
0,0.0266225389893565
0,0.0274330255333177
0,0.0242774964327894
0,0.0175139713447205
0,0.0290036770755005
0,0.028905824312879
0,0.0274742728936782
0,0.0293273814927084
0,0.0087396436653971
0,0.027849971576532
0,0.0285196756283582
0,0.0258922389471517
0,0.0276515480154155
0,0.028576865368798
0,0.0242809577904874
0,0.0188068417520553
0,0.0031916185034806
0,0.0086947462009989
0,0.0506059891985689
0,0.0234205149170051
0,0.0278366494501493
0,0.6935792882812147
0,0.0029427791489084
0,0.0274340193996357
0,0.0274822042872099
0,0.0282297697987734
0,0.0278758226633191
0,0.0289824029391832
0,0.027515616028265
0,0.028311166350325
0,0.0281527302939131
0,0.029130270720902
0,0.0285656890530351
0,0.0291681814326938
0,0.0156002917278555
0,0.0280835176159808
0,0.0287787210405522
0,0.0260528336536926
0,0.0064701972036826
0,0.003259904996635
0,0.0251437888233059
0,0.0283996882346347
0,0.0274329776224923
0,0.0282339417238467
0,0.0283407913125896
0,0.0293040428945818
0,0.1713553641834298
0,0.0252081547778218
0,0.0282602502542201
0,0.0284876262638799
0,0.0275387124006567
0,0.0274375478560463
0,0.0292448672216814
0,0.0063627537125167
0,0.028149642285992
0,0.0323705024549943
0,0.0280428631775434
0,0.0051887836052933
0,0.0043317373584657
0,0.015236894685032
0,0.0037054470127063
0,0.0283167266885128
0,0.0234814611382655
0,0.028313608040883
0,0.0279884324176771
0,0.0275820437822383
0,0.0043182204044806
0,0.0287315852168539
0,0.0065716092919513
0,0.0287025195493065
0,0.0274089022835074
0,0.0081270952092462
0,0.0275215329979022
0,0.0277069048293768
0,0.0075114275333533
0,0.027772072613731
0,0.0418390856272503
0,0.0124639196126573
0,0.0278270385682235
0,0.0287557067704669
0,0.0294411920926026
0,0.0056560788755262
0,0.0286236192970261
0,0.0295280359090544
0,0.0275529486641212
0,0.0293324433488033
0,0.0278756632617024
0,0.0287729658145356
0,0.0288095435035435
0,0.0233074974194664
0,0.0047411832004786
0,0.4709222297216237
0,0.0289211254331403
0,0.0227421639921031
0,0.0277786502422602
0,0.0078547125154039
0,0.0057715935419739
0,0.035436957069315
0,0.0130170851185976
0,0.0270263272822793
0,0.219091722851601
0,0.0285894526937813
0,0.0293171695728429
0,0.030563294849447
0,0.0275926653373742
0,0.0294805950130603
0,0.0061032476612582
0,0.0285706993161245
0,0.0097158592871642
0,0.0283645518607019
0,0.0288626701169995
0,0.027572462425188
0,0.027381105428739
0,0.0241262274386839
0,0.0050722866207342
0,0.0293290786296156
0,0.0093994088384596
0,0.0241476428545787
0,0.0276334469511229
0,0.0285003482874846
0,0.0277137651246027
0,0.0030965984396045
0,0.0236775491572985
0,0.0164150302072596
0,0.0277987524869507
0,0.0275456879636592
0,0.0277755180618117
0,0.0291431812588172
0,0.0253548695931349
0,0.0289725035523586
0,0.0116391677304251
0,0.027526329649747
0,0.0275471314571746
0,0.0292986449139409
0,0.003805835128215
0,0.0278580575334128
0,0.052673382094923
0,0.015395943304721
0,0.0281715450469579
0,0.0284594467623833
0,0.0293504440982217
0,0.0276417528115575
0,0.0273172518812227
0,0.0248323960518415
0,0.0081938687271677
0,0.0183484500021431
0,0.0261825955165693
0,0.0008235796293552
0,0.0291687124312637
0,0.0042472380434009
0,0.0103700214481284
0,0.0217763097319093
0,0.0274209348548159
0,0.0285812395228449
0,0.0294143408634584
0,0.0215596771425658
0,0.0196133252295521
0,0.0028654922173136
0,0.0277075170984559
0,0.0040970352160836
0,0.4378531007873428
0,0.0292798942450904
0,0.0368211759493978
0,0.0294655774014154
0,0.0038861918689271
0,0.0286987041413076
0,0.0039315094954021
0,0.0298827252234026
0,0.0248181269181719
0,0.0287614319036165
0,0.0233106902489662
0,0.0224945373858015
0,0.0292716834669159
0,0.0286795329828233
0,0.0278420749275351
0,0.0282576339669354
0,0.0109064896574686
0,0.027702197061959
0,0.0193531014460581
0,0.0179622246029429
0,0.0128395708749077
0,0.0063762853895461
0,0.0237963076825372
0,0.027410955450848
0,0.0324587847919071
0,0.0215839638433078
0,0.0069577831391514
0,0.0281197653381068
0,0.0068772481865498
0,0.0290115114775164
0,0.0274537679339111
0,0.0290430900474916
0,0.0388919251435126
0,0.010908047839233
0,0.1089873265662513
0,0.0294593209020101
0,0.0277716721552509
0,0.027463840674561
0,0.0238280490924116
0,0.0275749968135515
0,0.0286183077388259
0,0.0284946397792492
0,0.0283327038679977
0,0.0347264703348994
0,0.0224881447189873
0,0.0040061993964361
0,0.0287989728131824
0,0.0282721299030833
0,0.00784706913091
0,0.0275199972450797
0,0.0274097730897756
0,0.0048716608310385
0,0.0272983738492591
0,0.0289433813518833
0,0.0263967905995936
0,0.0058381623179584
0,0.0282426728032086
0,0.0274236824718056
0,0.0027577936547837
0,0.0153589165836779
0,0.0047915307558762
0,0.0274141249303748
0,0.005549609411174
0,0.0281332468743594
0,0.0071341161310705
0,0.0275709233631762
0,0.0285456897883308
0,0.0286562072440909
0,0.0239336031879139
0,0.0284988441565399
0,0.0279792068577457
0,0.0135773359876356
0,0.0282933667904222
0,0.0047711106330848
0,0.012919068815888
0,0.0128625117138994
0,0.0293950273263047
0,0.0273889836643173
0,0.0287959218235442
0,0.0274534491452516
0,0.0282880028470016
0,0.0294330540641098
0,0.0057265373746963
0,0.0275083583792193
0,0.0274261257426703
0,0.0249474842234151
0,0.0110408222177163
0,0.005331905709117
0,0.0287260601492974
0,0.0292262794981501
0,0.0139790227382484
0,0.0038551592034781
0,0.023853934548651
0,0.0264360697617149
0,0.0173109542205884
0,0.0285694543404815
0,0.0291180893260433
0,0.0234055121924102
0,0.0274298835169092
0,0.2739423064423625
0,0.0282740668103064
0,0.0292621753167335
0,0.0275774177017884
0,0.0293868429667484
0,0.0142805983536511
0,0.0180378927684255
0,0.0280834241311018
0,0.0168618892604194
0,0.0267982394311776
0,0.0935382741490522
0,0.0280054652549468
0,0.0285941572896195
0,0.0289916289190913
0,0.0280227782658974
0,0.0274495091721105
0,0.0275840183951513
0,0.0037892725886612
0,0.0294063992891378
0,0.0277976150489794
0,0.0273669982570622
0,0.0269020084886332
0,0.02792449632405
0,0.0244246980274619
0,0.0280147189948109
0,0.0154998455375918
0,0.0276297461813292
0,0.0030807009328975
0,0.028015842846393
0,0.0275389506986145
0,0.0294795369134325
0,0.0290516669161813
0,0.0147660439819171
0,0.0282189537262204
0,0.026256334312374
0,0.0284283103478757
0,0.0270969148882284
0,0.0096519476866685
0,0.0227013552429108
0,0.0294355857882032
0,0.0276924216168669
0,0.0280530481163744
0,0.1391244972572494
0,0.0292865047334074
0,0.027994776027399
0,0.0246704027984221
0,0.0281059375397328
0,0.0288101599509779
0,0.028984565911499
0,0.0294019884529173
0,0.0207063379148864
0,0.0057890537179276
0,0.0275649057049181
0,0.0058301825581374
0,0.0274205805479176
0,0.0293374510168171
0,0.0052650232839514
0,0.0281665758668477
0,0.0291366025758838
0,0.0064795986008855
0,0.0258580724964453
0,0.0285631177036746
0,0.0275337160574526
0,0.0276946493948794
0,0.028157485920713
0,0.0285693013129835
0,0.0247358660187997
0,0.0284387197411939
0,0.0284088000498752
0,0.0176037495150462
0,0.0287204749908222
0,0.0282298058674279
0,0.0288121223716296
0,0.0081454136733482
0,0.003419557715376
0,0.0116283432505146
0,0.0288249189646379
0,0.0255077521182726
0,0.0290678263098697
0,0.0278198222555639
0,0.0291838981476777
0,0.0287667593224757
0,0.3608013359383319
0,0.0292574108969255
0,0.0291129330122827
0,0.090098923477913
0,0.0294205013221371
0,0.0712099648069931
0,0.0236185378907195
0,0.018268272674119
0,0.0271920396466956
0,0.0277844605523408
0,0.0274367733526745
0,0.0279652906524463
0,0.0262792554694728
0,0.0044266363183512
0,0.0140151739359551
0,0.0283511767811278
0,0.0291854560852888
0,0.0278026349317983
0,0.0290277726550763
0,0.0280448186521208
0,0.0265185478747079
0,0.0112815437951333
0,0.0037183510569468
0,0.0276999249597064
0,0.0282132072707872
0,0.0291318647596792
0,0.0439552155087168
0,0.0279219317641865
0,0.0206573607709663
0,0.0126028325774482
0,0.0277891833043409
0,0.1488862052085588
0,0.025289472735358
0,0.0080203352690849
0,0.0275776306319894
0,0.0275261612681155
0,0.0046768824987333
0,0.0275955120263148
0,0.0313898570156784
0,0.0294040878373186
0,0.0076424026799407
0,0.0274419767840195
0,0.0287334375807813
0,0.0274834090673246
0,0.0277937429924713
0,0.0293428407707772
0,0.0283819291709193
0,0.0234691307156163
0,0.0274183244424747
0,0.005339535093048
0,0.0286013598003614
0,0.0289468259278519
0,0.0276617319101237
0,0.028157736129504
0,0.0054383893235278
0,0.0081117941106405
0,0.0282053720293035
0,0.0279767336681527
0,0.0036699297699628
0,0.0058449399703273
0,0.0059410405872112
0,0.0274133647565501
0,0.0250818031574985
0,0.0052481653509995
0,0.0258911066486038
0,0.0074352803073181
0,0.0282632788355863
0,0.0154731405421748
0,0.0274232579320665
0,0.0056995375700069
0,0.029103538524437
0,0.0584273422876724
0,0.0034140341798969
0,0.0276085541901587
0,0.0207316650623468
0,0.0279637604139846
0,0.0274451490477577
0,0.0290545217928394
0,0.0280890706469013
0,0.0218725217311826
0,0.0278359404364878
0,0.0049052012901396
0,0.0287182846293814
0,0.0294188550269406
0,0.0275071225812707
0,0.0281273081122488
0,0.0234491071446003
0,0.0294054497053367
0,0.3428095937612203
0,0.0106423507685864
0,0.0086676184797202
0,0.0029790421155085
0,0.0275455448119795
0,0.0279110543481365
0,0.0181845550020847
0,0.0276553405187022
0,0.041535184783109
0,0.0155188027397956
0,0.0276653369321262
0,0.0380771497609101
0,0.0294049155656599
0,0.0293413710056882
0,0.0243565239283105
0,0.027843346789722
0,0.0039249213012836
0,0.027801132344066
0,0.0287929979113907
0,0.0078352541812645
0,0.0306686429600852
0,0.0289106580297326
0,0.0066178176844016
0,0.0283012173338614
0,0.0283052912015307
0,0.0098444250677452
0,0.4777376256210119
0,0.0024850190654737
0,0.0293183689623042
0,0.0047889448989815
0,0.0235448087898452
0,0.0243568946654924
0,0.013410628013557
0,0.023300429859734
0,0.0061745175141587
0,0.0286422790988863
0,0.0289541349735875
0,0.004882544057774
0,0.0754388542857837
0,0.0289271121828958
0,0.0950312443102366
0,0.0283106594088412
0,0.0282794583513135
0,0.0234376839940072
0,0.0292231880925249
0,0.0195312710279992
0,0.0080384655489003
0,0.0286513963670966
0,0.0274906330702222
0,0.0276307465915816
0,0.0056286847282789
0,0.0059061342423203
0,0.0042234807945865
0,0.0256316062628881
0,0.0283756395331854
0,0.0275804159909789
0,0.0138330205355889
0,0.0286362409631579
0,0.0284923453966012
0,0.0284559061657459
0,0.0413183487797678
0,0.0283055790954598
0,0.0292694561944497
0,0.0291511979627271
0,0.0276811420318097
0,0.0280052147745113
0,0.0293926075518531
0,0.0280491890522317
0,0.0272226688555572
0,0.002952081960535
0,0.0287144106114041
0,0.0277852827262663
0,0.0049879988503934
0,0.0285624752523968
0,0.0274242635668089
0,0.0278947683965733
0,0.0282000327147177
0,0.075398109424698
0,0.0289039418908494
0,0.0250720764647403
0,0.0275412058214626
0,0.0258272608599293
0,0.0291546548054807
0,0.0274049152022576
0,0.027683620568276
0,0.0059994527571464
0,0.0274258896648877
0,0.0259407950019558
0,0.0285167148373833
0,0.0271713236988949
0,0.0293802762637464
0,0.0278616493981636
0,0.027742550291737
0,0.0136901639256702
0,0.0281093909799679
0,0.0291909665158414
0,0.0159095645508791
0,0.0168617039585923
0,0.0277987835918903
0,0.02765500838381
0,0.0049487176476917
0,0.0291807094942266
0,0.011461313648705
0,0.026440744513538
0,0.028692736123483
0,0.0042326037560563
0,0.0212277172239041
0,0.012552943386341
0,0.0267933200437295
0,0.01207185955616
0,0.0138162508282914
0,0.197391852006306
0,0.0235842930522215
0,0.0073162823563248
0,0.0281655294473159
0,0.0283371806970844
0,0.0195667594235891
0,0.0275890292174244
0,0.0758766124063888
0,0.0259433015624709
0,0.0233076856818045
0,0.0266783529274489
0,0.0274846085376318
0,0.0093593908747718
0,0.0284342090760711
0,0.027414852482037
0,0.0276455850508118
0,0.0135377522397002
0,0.029218960799288
0,0.0590842033320908
0,0.0889153800410553
0,0.0257086516586782
0,0.0634371308549367
0,0.0284086385808104
0,0.0294259233492511
0,0.0148882963911937
0,0.0020127164601681
0,0.0292352060505717
0,0.0293751031194493
0,0.0280695138350961
0,0.0287850882071565
0,0.0037969402635495
0,0.0031842331564609
0,0.0029906069137908
0,0.0277659389171206
0,0.0277398340713858
0,0.0110402947587994
0,0.028977562776858
0,0.0277730906721556
0,0.0144654119804248
0,0.0274127303799731
0,0.0274298559464162
0,0.0126901905452153
0,0.0294402976142627
0,0.0752325791213203
0,0.0231785464795403
0,0.0180560407062793
0,0.0285400355874049
0,0.0137215094867468
0,0.0275019254698741
0,0.0049667388585492
0,0.0288924124189985
0,0.0055475739984746
0,0.0292581488423212
0,0.0287866040412769
0,0.0289524630437397
0,0.0173847473333732
0,0.0276763716420444
0,0.0274551958638469
0,0.0291275514388524
0,0.0307208119920636
0,0.0292509431353894
0,0.0075714252659051
0,0.0059963519751634
0,0.0054028845697396
0,0.1160934602242464
0,0.0293133068276941
0,0.0249505108214344
0,0.0274688538833326
0,0.0294960185648727
0,0.022910936897765
0,0.0207603673062108
0,0.0232080186971477
0,0.0288297716152979
0,0.0049871705435548
0,0.003269271922368
0,0.0271534467549672
0,0.0275453315592928
0,0.005814168461406
0,0.0280280878431761
0,0.0229011371505765
0,0.019547852783549
0,0.0232107344798692
0,0.0117501165683506
0,0.0291543260071003
0,0.0293946019766424
0,0.1261630087285932
0,0.6857455662450154
0,0.0397343682684813
0,0.0275295040815356
0,0.0287616691940462
0,0.0056573296683674
0,0.0274630713749802
0,0.0288631197277709
0,0.0104445651697986
0,0.028990649398
0,0.0275979998872228
0,0.0274064681960159
0,0.0293874019262354
0,0.0274240460393235
0,0.0030492071926752
0,0.0293356040233301
0,0.0241571837517167
0,0.0253750848464808
0,0.0278521081785578
0,0.0130633978546734
0,0.0102316942084954
0,0.0041695039263845
0,0.028842788313586
0,0.0145244913383152
0,0.0292496505436495
0,0.0279800724097961
0,0.0032163791588422
0,0.0134191995555671
0,0.0109944020774492
0,0.0056916064914033
0,0.0290518946260208
0,0.0220112879452279
0,0.0281491182037735
0,0.0273408714024816
0,0.0279594588165247
0,0.0279929822771843
0,0.0158493741779182
0,0.028583609687532
0,0.0047360284864977
0,0.0279121364661159
0,0.0284063330136203
0,0.0275294675176252
0,0.0286136344056238
0,0.0059873101611451
0,0.0276843640335699
0,0.0294909267826702
0,0.0326992097545777
0,0.0279107262564474
0,0.027637283726439
0,0.0166798233401817
0,0.0146429645939404
0,0.0247907324242033
0,0.0245157488079021
0,0.027547143285935
0,0.0288698120116651
0,0.0288880940903074
0,0.0290871154117259
0,0.0106902862225158
0,0.0286638810585986
0,0.0278070459460082
0,0.0168052105955102
0,0.0083643726711343
0,0.0250387039684698
0,0.027546305997198
0,0.023345716962096
0,0.0042598049783265
0,0.0120438788098358
0,0.0035048070203986
0,0.0292820654483876
0,0.0288188156095393
0,0.0277903502157631
0,0.0245940689169566
0,0.0577807275122689
0,0.0293680924407766
0,0.0274366029742958
0,0.0277193798006167
0,0.0088572294034518
0,0.0286897857186259
0,0.0279730429435367
0,0.029342486658945
0,0.0279076720999926
0,0.0294369522831977
0,0.0287888545987753
0,0.0041412740170053
0,0.0074705033596906
0,0.0233883639556595
0,0.0109396095323745
0,0.0051730870535673
0,0.0117293069333081
0,0.0208208541267392
0,0.0064184488202577
0,0.0293122474482462
0,0.0272501378839326
0,0.0277590415755063
0,0.0293841224166415
0,0.0275899946283111
0,0.027699923323923
0,0.0278735526920341
0,0.0097657677047378
0,0.0281146769475452
0,0.0220652389559966
0,0.0246286219699326
0,0.2240287119930033
0,0.0274117767651643
0,0.0808821772341057
0,0.0276743198022522
0,0.0104706096044528
0,0.0276267479662597
0,0.0284916976597581
0,0.0289989079596637
0,0.027698036422469
0,0.0233113546361848
0,0.0095864799344624
0,0.0179955629404551
0,0.6299436728004866
0,0.0223908155134604
0,0.0207108397840927
0,0.0279781217813356
0,0.0262404739498961
0,0.0277081039393903
0,0.006379469230794
0,0.0037901036330333
0,0.0280093223184594
0,0.0278981799507372
0,0.0277813939513372
0,0.029068972501352
0,0.0237905248989588
0,0.0253927945833276
0,0.0284609784057917
0,0.1422061024588352
0,0.028690311989895
0,0.0276394189923098
0,0.0274853605325427
0,0.029093284072838
0,0.027775358949033
0,0.0275108772864691
0,0.0293938957385142
0,0.0284317992781384
0,0.0172060447554827
0,0.0286119246031358
0,0.0283085250355507
0,0.0284304010383673
0,0.0191690991540144
0,0.022934640861995
0,0.0080113443821672
0,0.0291142508165211
0,0.0191729172682857
0,0.0294941817759637
0,0.0291434575902782
0,0.0275008189902307
0,0.0079833112657035
0,0.0042445712857371
0,0.0275410722772006
0,0.0039646971995299
0,0.025580877957845
0,0.0167853670675471
0,0.0275880218584602
0,0.027892669444158
0,0.0281491182037735
0,0.0274098299298269
0,0.0274258360165789
0,0.0153496511905621
0,0.01487192071274
0,0.0229512808338033
0,0.0164808849496957
0,0.0184904713431461
0,0.1025534471704348
0,0.027767404575458
0,0.0274174555529883
0,0.0234754847506585
0,0.0290987406362724
0,0.0251929919346803
0,0.0294073783110027
0,0.029082598930992
0,0.0028810559370665
0,0.0257912164800746
0,0.0057146042253076
0,0.0282644912419749
0,0.0105973924348364
0,0.0293772499483778
0,0.0051652187152648
0,0.0279080453352601
0,0.0029835368300601
0,0.0498856948390698
0,0.0280338778848193
0,0.0283587005283437
0,0.0292407334553174
0,0.0285441976932442
0,0.0275191313520201
0,0.0156571540230885
0,0.0283376195999089
0,0.0216901251940469
0,0.0279745204194279
0,0.0274315078025239
0,0.0276822432159503
0,0.0293979679046085
0,0.0293403936683319
0,0.0290456775977724
0,0.0252273786752748
0,0.0042674832087325
0,0.0275360248457613
0,0.0288432112005358
0,0.028889293171964
0,0.0313383001462851
0,0.019183148280841
0,0.9329785984257296
0,0.0293951750491974
0,0.029446771756519
0,0.0283268237058525
0,0.0293821578998123
0,0.0282530793938874
0,0.0279436498803097
0,0.0075362031296762
0,0.0292685171110693
0,0.0090241835903239
0,0.9862770884129528
0,0.0114083580556025
0,0.0135735300206743
0,0.0999000515100834
0,0.0110012763992039
0,0.0189987343124546
0,0.0274431398784165
0,0.0275043733301964
0,0.0276865889229665
0,0.3573418748895035
0,0.0282866970518431
0,0.0290592833406829
0,0.0279054520980638
0,0.0106703719074526
0,0.026989554415911
0,0.0292217635182737
0,0.0282241171716522
0,0.0181902202202178
0,0.022166169107309
0,0.681965052265095
0,0.0283051450676313
0,0.0275536077277188
0,0.0122692690786504
0,0.027429826124437
0,0.0039048238325502
0,0.0139750101511971
0,0.0349263730197002
0,0.0122938440475998
0,0.0288529724518612
0,0.3150470461901711
0,0.0290835594993348
0,0.0275691589993916
0,0.008022323450051
0,0.0291935092748336
0,0.0079043517794094
0,0.0282740154468147
0,0.0276426936837523
0,0.0280184395455586
0,0.0056956494583503
0,0.0084745484507836
0,0.0156140761202739
0,0.0219056519561428
0,0.0254574873310861
0,0.0175687135636176
0,0.0289548967102475
0,0.0197372420283378
0,0.0275178013144021
0,0.0284349808899347
0,0.0281228893802181
0,0.0291743044847971
0,0.0039426042054529
0,0.0276736522846
0,0.0246094117119626
0,0.0293641823758419
0,0.0283003193197732
0,0.0274510016807788
0,0.0433760235041478
0,0.0216561006052312
0,0.0572593253142265
0,0.027430885394316
0,0.0086964481502877
0,0.0116697081277635
0,0.0214571313895052
0,0.0293788062987609
0,0.0154392437380625
0,0.0056338644234489
0,0.0088851726380817
0,0.0293636568708879
0,0.0054489512291652
0,0.1039573063587357
0,0.0277965715870805
0,0.029274103291303
0,0.0275278587513878
0,0.0275569884078879
0,0.0140730258262414
0,0.0076857517076982
0,0.013755104863239
0,0.0067077408295882
0,0.0281341647587678
0,0.0225699993943678
0,0.012202185631709
0,0.0105892348470625
0,0.0287652114522911
0,0.6072157129794769
0,0.0557359462612583
0,0.0223817500036788
0,0.0196145404092825
0,0.013003261480949
0,0.0274744532321736
0,0.0276770807525954
0,0.0281809541205006
0,0.0287568906939336
0,0.0291827331818026
0,0.0281082298108639
0,0.0330709499755004
0,0.0279003275430393
0,0.0126190414258422
0,0.0294203408464739
0,0.0284045835259572
0,0.0274182554754269
0,0.0282264279034214
0,0.0288848742538098
0,0.028581731670127
0,0.0087358582151389
0,0.0276695332285409
0,0.0286357444578265
0,0.0291541667711498
0,0.0272124138251379
0,0.0233280959461673
0,0.0444453443366209
0,0.0286892450881903
0,0.0038349908567553
0,0.0064937983223542
0,0.0024479960753541
0,0.0225041065040398
0,0.0067404564125786
0,0.0281384810199741
0,0.1043994680676441
0,0.0274131350260439
0,0.0294025467834557
0,0.0280508823102341
0,0.0275465719742472
0,0.0289278660406015
0,0.028963108598449
0,0.0294650885117765
0,0.0239588371515458
0,0.0280695503487602
0,0.0258848445180658
0,0.0275928314020304
0,0.0280946013534705
0,0.0291209946895085
0,0.028278076370385
0,0.0278409850279612
0,0.0293424931303306
0,0.0259711215665364
0,0.0284437541542608
0,0.0294393073833239
0,0.0043986829327727
0,0.0275979780568901
0,0.0286131105206225
0,0.0085719464535987
0,0.0120546159475532
0,0.0293505233698833
0,0.0274976679559777
0,0.0274380347777819
0,0.0140412017614295
0,0.0473835130556767
0,0.0274655681292157
0,0.0235909737481729
0,0.0149266802442805
0,0.0293327327851519
0,0.0230533433647358
0,0.0278826591974561
0,0.01220848198936
0,0.0276819672732853
0,0.0274238917647681
0,0.0291423651096121
0,0.0171228299093279
0,0.0287707383194133
0,0.0276040379993528
0,0.0048755130590191
0,0.468131528600013
0,0.0290305414388196
0,0.0032067924690991
0,0.0237435018430907
0,0.0276600514563834
0,0.0293368734063247
0,0.0262046694049509
0,0.0274219888698668
0,0.0279735719843533
0,0.0270925199738835
0,0.027695338497388
0,0.0454522141735501
0,0.0287213773962637
0,0.02846674200506
0,0.027493497112633
0,0.0140695367948456
0,0.0113439021762575
0,0.0289205236406953
0,0.0150102101396315
0,0.1242313336675161
0,0.0281740733915194
0,0.0293002471461564
0,0.0279541776798118
0,0.00304069122973
0,0.027574461983518
0,0.0293576055030394
0,0.0288455268391636
0,0.0276542313049141
0,0.1231470547162458
0,0.0269703743281003
0,0.0095532816127394
0,0.0293631437968857
0,0.0278121775185367
0,0.0275300403844721
0,0.0055093897069344
0,0.0263751501790131
0,0.0063451237548387
0,0.0294224010979044
0,0.0274613498890093
0,0.0150086933938323
0,0.0287850882071565
0,0.0049299197523857
0,0.1174291227656371
0,0.0080436493272536
0,0.0017496030550407
0,0.0289238733246009
0,0.028415320922993
0,0.0067467661475943
0,0.0227534211379787
0,0.0275035218840768
0,0.0274718305979683
0,0.0292634502685349
0,0.0294077805259269
0,0.0057394363404622
0,0.0278619730531599
0,0.0286080827520387
0,0.029404479882746
0,0.0288887137032169
0,0.0275296989506115
0,0.0283086504641191
0,0.027474885004711
0,0.0188383244426393
0,0.0049480880176774
0,0.0274810108472014
0,0.0235685580179574
0,0.0207943368775796
0,0.0218383273144114
0,0.0036702180870062
0,0.0281994606192365
0,0.0263189344143012
0,0.028343683583388
0,0.0043930377884538
0,0.0281864664345219
0,0.0285440226656361
0,0.0293842179279496
0,0.0295516082835391
0,0.0208180751078861
0,0.0268667208440428
0,0.0265629466131443
0,0.0128418935237803
0,0.0294107590531031
0,0.0278251680406894
0,0.0282808871188853
0,0.0276012392517715
0,0.0251477475174724
0,0.0052645149496338
0,0.0269600865668556
0,0.028157485920713
0,0.0281948252689432
0,0.0975451739851173
0,0.0287113872521816
0,0.0045415877282603
0,0.0274470500663454
0,0.0275747879873398
0,0.9127901229471512
0,0.0036715141798074
0,0.0844785574300481
0,0.0062975058992523
0,0.0284426633555585
0,0.0292609932074363
0,0.0039533884961327
0,0.0264276367947177
0,0.0040855259136556
0,0.0274911393150058
0,0.0281675566296642
0,0.0275203519600579
0,0.0244732504057071
0,0.0287086763078418
0,0.0079893384587611
0,0.0293244222385538
0,0.0279203741074904
0,0.0251066380574415
0,0.0287336262960961
0,0.0276323215562507
0,0.0292477995381971
0,0.028766148935039
0,0.0274901907134456
0,0.1881227972100769
0,0.027612294000334
0,0.0283026336832576
0,0.0274844381171659
0,0.0279984947193316
0,0.0225183799556645
0,0.0272569733853504
0,0.0203989619715393
0,0.0030962756837924
0,0.028282698551766
0,0.0286824366340798
0,0.0067720166967037
0,0.0292871221356022
0,0.0047095590100927
0,0.0277384283318289
0,0.0276015828282562
0,0.0289510546245817
0,0.0275477109674556
0,0.0289253627812126
0,0.0290659542146416
0,0.0282705454943994
0,0.0162891371683109
0,0.029429847485275
0,0.0286289392513527
0,0.026791774394101
0,0.0048724057130319
0,0.0290256396864348
0,0.0091735677188319
0,0.0037378119737246
0,0.0289182053524201
0,0.0274901907134456
0,0.0027573867397606
0,0.0286267452564687
0,0.0280153657401286
0,0.0275538779004474
0,0.006259600089794
0,0.0401360851681372
0,0.0105950410966063
0,0.0248381520002286
0,0.0275202481545323
0,0.0283580803362994
0,0.0288692276357968
0,0.0065567368113416
0,0.0275082226420596
0,0.0160925187990288
0,0.0290013184343869
0,0.0278842270378278
0,0.0166610069183227
0,0.0274039569560618
0,0.003929687124845
0,0.0286866641631654
0,0.0278908285336885
0,0.0121821176866862
0,0.0222041266280772
0,0.0361411568116234
0,0.026568671090447
0,0.0290707731893578
0,0.02781687913641
0,0.0289816348069954
0,0.0099069290290912
0,0.0816254575514244
0,0.027832362673562
0,0.0290679576008382
0,0.027735817132189
0,0.0285987430222785
0,0.0294007742867755
0,0.0233335736389174
0,0.0045547167483261
0,0.0054894219912988
0,0.0291297481744539
0,0.0038580200740825
0,0.0049653066376047
0,0.0048621499742216
0,0.0278362587104361
0,0.0276116514106863
0,0.0045756388521745
0,0.0274826260848557
0,0.0294208668460189
0,0.0275716866351405
0,0.0284765344747695
0,0.0099022132960212
0,0.0285144146777715
0,0.1695663263579516
0,0.048820907342866
0,0.0274061776339034
0,0.0291207656795255
0,0.0401817400491072
0,0.0275567194980057
0,0.0274921828082324
0,0.026850069539515
0,0.0870026809869406
0,0.0307206183905042
0,0.0276064380690933
0,0.0282564809859593
0,0.0081624547171736
0,0.0279667966050661
0,0.0275842189626181
0,0.016868796534026
0,0.618093941782534
0,0.0267476895861158
0,0.0274502124777471
0,0.0274878168222191
0,0.0224041321430422
0,0.0274498488532793
0,0.0234719558990873
0,0.0145444033375061
0,0.0281422878034527
0,0.7235532058802038
0,0.0276433449132123
0,0.0291895166941644
0,0.0276168495815051
0,0.0168124594528076
0,0.0276143662031841
0,0.0088841806479383
0,0.0170791219941448
0,0.0278591710815166
0,0.0044835928950703
0,0.0280166361803928
0,0.0162211902837605
0,0.028565788942728
0,0.0280041691790697
0,0.0288750180907633
0,0.0582416525574413
0,0.0275499634434293
0,0.0274340082443324
0,0.6164388315041002
0,0.0323319842473445
0,0.0053575497684651
0,0.0274189889435516
0,0.0085557937856616
0,0.028001776720333
0,0.0173902615266387
0,0.0170908393299359
0,0.0279802577187685
0,0.0284903027213592
0,0.0159831443848122
0,0.0050491017113678
0,0.0286237863778734
0,0.02933949654215
0,0.006413862540657
0,0.0273873155134411
0,0.0409083161145622
0,0.1239704175679805
0,0.0288544605675683
0,0.0266171314620178
0,0.0328176381609468
0,0.0276182629456006
0,0.0293358927508354
0,0.0056253116082552
0,0.0141893087950148
0,0.0190904193345263
0,0.0115540387176194
0,0.0071588991901132
0,0.0287422717587087
0,0.0079523755193907
0,0.010736132341791
0,0.0273763876757843
0,0.0293597097036687
0,0.0045451053035965
0,0.0108355609769158
0,0.0041268732104444
0,0.0274139766774999
0,0.0602674545480684
0,0.027697626446564
0,0.0277907060784437
0,0.0280390702861287
0,0.0292672403827111
0,0.0122548746877788
0,0.0168744178683474
0,0.0063312170925998
0,0.0274140299636214
0,0.0279454808286255
0,0.0282483408154228
0,0.0278165937370229
0,0.0282007862508545
0,0.0201415086278002
0,0.0289525521294912
0,0.0797546187170635
0,0.0277102707324465
0,0.6757932384551861
0,0.0279878919124829
0,0.0275609826338939
0,0.0253219953763283
0,0.0281822138949023
0,0.0293822889035433
0,0.023607589307286
0,0.0268331134889172
0,0.008257175788024
0,0.0236542920487595
0,0.0027987973272978
0,0.027693466505187
0,0.0283148151434254
0,0.0283843416588528
0,0.0278762484422463
0,0.0276296068287581
0,0.0277756602086969
0,0.0294737511981772
0,0.0278482851566146
0,0.9999900543842264
0,0.0278702940299878
0,0.0292055238168835
0,0.0274801940012467
0,0.027626127503371
0,0.011267507067561
0,0.0284282724106308
0,0.0051953377242347
0,0.0214644760983039
0,0.0255496804748064
0,0.0064062493522624
0,0.0066274175592997
0,0.0284759188293397
0,0.0278657755582182
0,0.0207711358559038
0,0.1620383711451837
0,0.0038083904457192
0,0.0281170955289472
0,0.0119352827878033
0,0.019145902647569
0,0.0061932148182909
0,0.0276770693566552
0,0.0391942381408225
0,0.9876110290400568
0,0.0274562431915059
0,0.0113893552931651
0,0.0281109515127626
0,0.0287813854630372
0,0.0278805622690656
0,0.0285831145518525
0,0.0289161026995828
0,0.0078904982151175
0,0.0294194594268654
0,0.0259308366189286
0,0.0269994315703334
0,0.0053823040700474
0,0.6380391821676978
0,0.0292782929503158
0,0.0053158929081662
0,0.0274056967258844
0,0.0292063800326905
0,0.0268286399130751
0,0.028779789327246
0,0.0294066409559651
0,0.027515359282102
0,0.0056926294292493
0,0.0247813013377639
0,0.0284145858794668
0,0.0284862309577343
0,0.0274857726331726
0,0.0242452901909122
0,0.0285409759660525
0,0.0195096126081238
0,0.0204987217323298
0,0.0128888179149967
0,0.0276689269814322
0,0.0276011446573678
0,0.0148737724581357
0,0.618573223761555
0,0.0276367083399839
0,0.0287656116938888
0,0.0171367288013482
0,0.0237172480032292
0,0.0293272534494881
0,0.0100484664934282
0,0.0274107802748179
0,0.0099046446756008
0,0.0036554089646126
0,0.0116410504906401
0,0.0073168857004674
0,0.0293320702029611
0,0.0100527348937706
0,0.0202859837153144
0,0.0271735446850769
0,0.0128301573137659
0,0.0285315185549489
0,0.0198111341667481
0,0.0229082069698839
0,0.0277382864792123
0,0.0277122758337598
0,0.0276509406576036
0,0.0265988908882898
0,0.0291350450600879
0,0.0165611459110258
0,0.02873820126405
0,0.0267524429628314
0,0.025852262546207
0,0.0281287417955065
0,0.3438739594502435
0,0.0037365866881211
0,0.0274249289563255
0,0.012642835200434
0,0.0275576377412198
0,0.0236162331703901
0,0.0107567275702094
0,0.0276660572314253
0,0.0056011730449974
0,0.0802815932532073
0,0.0288089794314038
0,0.0289577648042264
0,0.0275446304854758
0,0.0222216057576288
0,0.0045026400376378
0,0.0294474263254979
0,0.0186339951194784
0,0.0289166253262205
0,0.0279447117318838
0,0.0274029108613651
0,0.0033300896012855
0,0.0286154006476202
0,0.029079164940586
0,0.0546203524589957
0,0.0292080374116436
0,0.0281778454797697
0,0.0094658188418734
0,0.0281471244519512
0,0.0274439010087935
0,0.0275726269720569
0,0.0285036866562453
0,0.0278948311235672
0,0.0108304467125246
0,0.0294010455862455
0,0.0288148643647304
0,0.0289416301752865
0,0.0076750942438584
0,0.0028491489583381
0,0.0094857007208871
0,0.0285614847997663
0,0.0222405995666637
0,0.0285613543159922
0,0.0274784291191003
0,0.0105045508284063
0,0.0267595644248142
0,0.0065733063813583
0,0.0200174687593446
0,0.9940988030937334
0,0.0060097449748771
0,0.0100253809383672
0,0.028466212612189
0,0.0294373687631066
0,0.0283959108656922
0,0.025759550794596
0,0.028734758514797
0,0.0289382652701561
0,0.0039942895492368
0,0.0293409458202049
0,0.0279960626729098
0,0.0069285507256639
0,0.0294751386906731
0,0.0274360698295735
0,0.0275161922153731
0,0.0123981703863405
0,0.0293616090411964
0,0.0288141583937959
0,0.0051724418410684
0,0.0285626169652774
0,0.0294780727134029
0,0.0293832184447688
0,0.0274141045876084
0,0.0551157295845194
0,0.0068444971836398
0,0.0292876538819089
0,0.0293396146526077
0,0.0281044088191672
0,0.0277234826606475
0,0.0294844345853614
0,0.0036355907991381
0,0.0292963072804728
0,0.0175322860367413
0,0.0234305151259192
0,0.0285203392651682
0,0.0288502451944139
0,0.028102323136676
0,0.0050309393301434
0,0.0280325401213098
0,0.0031040257565737
0,0.0098312354245931
0,0.0274771354837322
0,0.0046353192078275
0,0.0290530489530213
0,0.028710956775321
0,0.0237748447685768
0,0.0278991149608278
0,0.0279826429354847
0,0.0275875798191037
0,0.0066426542378689
0,0.028202219109852
0,0.0066722099362595
0,0.0293677704488383
0,0.0274645125146188
0,0.0285574729881598
0,0.0481803557984305
0,0.0276769474653728
0,0.0161585363359505
0,0.0292172860330236
0,0.0233690200697733
0,0.0288016425792234
0,0.0285421193138106
0,0.0281905187438262
0,0.0274285594754154
0,0.0275924264148917
0,0.0591336240414921
0,0.0122613748466531
0,0.0151892131497254
0,0.0280374595384916
0,0.0283936808320321
0,0.0288687028742067
0,0.0077480938836923
0,0.0287578582505002
0,0.0365082893597709
0,0.0291623137248936
0,0.0275354143044024
0,0.0293951277629814
0,0.0210437711633817
0,0.0244070552716478
0,0.0280182507924237
0,0.0292318774212918
0,0.0277003317989332
0,0.0050950090362813
0,0.0282646284561572
0,0.0108139796223214
0,0.0844864883426778
0,0.0293749150216452
0,0.029231680936686
0,0.0285396170794785
0,0.0291286422707892
0,0.0285085569388687
0,0.0275499459551797
0,0.0062298635880151
0,0.0280363919602241
0,0.0274261761926878
0,0.0274381362832613
0,0.0292434754797688
0,0.121927569866438
0,0.0278054335692445
0,0.0198248215360451
0,0.029216569343501
0,0.0077339520731353
0,0.0057179319266361
0,0.0291867126150779
0,0.0351714898242806
0,0.0276188369188741
0,0.3958266043576617
0,0.0274138425020752
0,0.0887670133208311
0,0.0275627574658496
0,0.0077896351836614
0,0.0291997248895939
0,0.0212957750678946
0,0.0260351126532603
0,0.0040342911094208
0,0.0276312110879302
0,0.0059215703319603
0,0.0233563559394176
0,0.0043094738568099
0,0.029190588641096
0,0.0237512904258016
0,0.0261317872073417
0,0.0130689511540952
0,0.0287648066607764
0,0.0286263394565942
0,0.0040293264834346
0,0.0264243323514901
0,0.0162836535360251
0,0.0289577648042264
0,0.0274117902322441
0,0.028543474922533
0,0.0279183000329695
0,0.0026931137102013
0,0.0273963175920156
0,0.0280139649883322
0,0.0272697718523695
0,0.0054962215043799
0,0.0290508457819731
0,0.0177252866802719
0,0.0294402805063354
0,0.0039305208843028
0,0.0115897859105563
0,0.0103223550110646
0,0.0279992757840269
0,0.0290515319227576
0,0.0237937203698964
0,0.0292437666508928
0,0.0061902768503849
0,0.0041162871489524
0,0.0421368625641813
0,0.0211296508358251
0,0.0274828595280149
0,0.0530633488915144
0,0.0276852242876308
0,0.0074911420512481
0,0.0278785315602517
0,0.0288491419173596
0,0.1035078981293846
0,0.0249563333081969
0,0.0260012974094825
0,0.0293917365146177
0,0.0267120228530772
0,0.023330964182951
0,0.0814107557238947
0,0.027674724431537
0,0.0277782390178879
0,0.0075198861252872
0,0.0282846811706342
0,0.0255281748197101
0,0.0292226299535818
0,0.0195560421163836
0,0.0290367032761344
0,0.0235153967949019
0,0.0286050881963166
0,0.0274336114464711
0,0.0043422857154462
0,0.0845895669704004
0,0.0056299418154253
0,0.0294918441523988
0,0.0129734084359577
0,0.0154639876741422
0,0.0083167254197992
0,0.0294037596460817
0,0.0245763738022763
0,0.0284598408794403
0,0.0436026196918349
0,0.0288391895975996
0,0.0294569276604939
0,0.0069153248336575
0,0.0189744824431919
0,0.0274443989746148
0,0.0274669689992362
0,0.0294409519545631
0,0.0281523342145022
0,0.0280215149214448
0,0.0286308390240136
0,0.0279623562287054
0,0.0275354336361704
0,0.0179910965382963
0,0.0092705309131762
0,0.0284613257094181
0,0.0276685864055032
0,0.0294172347946996
0,0.0276060264707584
0,0.0619075717431232
0,0.0278507131651811
0,0.0286211729802355
0,0.005061865458006
0,0.0292717906682508
0,0.0283201294039176
0,0.0283813956609306
0,0.0293953623426487
0,0.0285421382979191
0,0.0274693881120918
0,0.0279599750689769
0,0.027795207832288
0,0.0116661894788648
0,0.0293834278463512
0,0.0293908973176149
0,0.0292866893665502
0,0.027413394659673
0,0.0234518559296872
0,0.0275639387769366
0,0.0274145038884909
0,0.0232493840807353
0,0.027898911179459
0,0.0288600152446178
0,0.0061586262179214
0,0.0884614187082254
0,0.0251495143133536
0,0.0047266498039075
0,0.0193937093748723
0,0.0111752465318507
0,0.0289824029391832
0,0.0294492238202301
0,0.0292565730739625
0,0.0355365330185998
0,0.02847146633256
0,0.0242697078698517
0,0.0258740067254139
0,0.0289709409359656
0,0.0278396207581172
0,0.0248256198417486
0,0.0293016001349278
0,0.0107689039991446
0,0.0268335008585983
0,0.0203947564258564
0,0.022417168843901
0,0.0291757526102707
0,0.0278866117587256
0,0.029017464769747
0,0.02750744643083
0,0.0273857997245627
0,0.0292664584635782
0,0.0280861635417147
0,0.0051037234852843
0,0.0270563007487869
0,0.0276919226272625
0,0.027461717834991
0,0.0178193703914731
0,0.0278275060908773
0,0.0255938616894081
0,0.0292011195247044
0,0.0101915126710814
0,0.0281046150060409
0,0.0294341611213266
0,0.0294562187599967
0,0.0275845301460904
0,0.0294006426775083
0,0.0038644883382451
0,0.0274129155098232
0,0.0242059087746378
0,0.0278900911888889
0,0.0077203649857543
0,0.0275716603392763
0,0.0254913758825735
0,0.0258287090909067
0,0.0285977730601575
0,0.0278616493981636
0,0.0289899551010179
0,0.0281142937217683
0,0.0242364473022731
0,0.029200265611581
0,0.0275510694114631
0,0.0256490969586518
0,0.0030603360515947
0,0.028095296430593
0,0.0292950996002287
0,0.0480361900979555
0,0.197953205592706
0,0.0025309554353925
0,0.0140878918498397
0,0.0279644058316598
0,0.0289201243772641
0,0.0288267913398428
0,0.0256142980616772
0,0.0285897986985498
0,0.0113437930222509
0,0.027546305997198
0,0.0274353807130423
0,0.0046541223999644
0,0.0060853946406405
0,0.0291023248374256
0,0.0278073978857149
0,0.0488510552934765
0,0.0277820580092468
0,0.0355952861730904
0,0.0282952572524557
0,0.0441730261625215
0,0.0025958300810377
0,0.028329610930905
0,0.02755080712636
0,0.0286894819552756
0,0.0277498001469635
0,0.0075908691924853
0,0.0279304333309162
0,0.0263836989384721
0,0.0275451907024276
0,0.029445484638163
0,0.0276139605988175
0,0.0138873457443301
0,0.0233029054270501
0,0.028013824728196
0,0.0275653582959162
0,0.009616591143658
0,0.0292336287248626
0,0.0270269304806135
0,0.0292871002228684
0,0.0067696582172478
0,0.0281064364501264
0,0.02775417804626
0,0.0278707650472138
0,0.1593127047968961
0,0.0190067537786712
0,0.0129526264083048
0,0.0450857959990277
0,0.0247182126469749
0,0.0289895728925672
0,0.008488577378755
0,0.004986631391947
0,0.0293334753571571
0,0.0285390944601258
0,0.0271966450881171
0,0.0294156925933301
0,0.0274301314079075
0,0.011716919962056
0,0.0266328913586554
0,0.0122451196080205
0,0.0290931993275551
0,0.028362566293386
0,0.0025964284366843
0,0.0134911836223022
0,0.0282006124978985
0,0.6410156843436955
0,0.0288465331516617
0,0.0091229104577303
0,0.0168762934546003
0,0.0245067667493108
0,0.0171676249090149
0,0.3023030658513606
0,0.0289582221048531
0,0.0138852594402921
0,0.027856138873551
0,0.0586774948176958
0,0.0293387090873127
0,0.0156935991959264
0,0.0115650713183819
0,0.0274699303383217
0,0.0278763673405044
0,0.0487899342323198
0,0.0255799518435716
0,0.0104965209915271
0,0.0024184988611021
0,0.0038930898347538
0,0.0259950092071105
0,0.0274214940772462
0,0.0291362217863967
0,0.0276959145927186
0,0.0281661010667692
0,0.0037965425716664
0,0.0276360712898527
0,0.0293345276262154
0,0.0275744738727383
0,0.0259015104489724
0,0.0086236077376094
0,0.0276361119487672
0,0.0289585286311781
0,0.0279626438806279
0,0.0274332935390005
0,0.0042479661691199
0,0.0063610319163263
0,0.0285658531048909
0,0.025210066221988
0,0.0276647901681602
0,0.0072812152315363
0,0.6711605668397409
0,0.0292338943302181
0,0.028030186856007
0,0.0233754914647165
0,0.010787981984042
0,0.414731884043675
0,0.353769236347762
0,0.0106521861360176
0,0.0289466267091463
0,0.0234732827768725
0,0.0294255555071304
0,0.0294476179810866
0,0.0283462507753313
0,0.0505892590723207
0,0.0280591289997811
0,0.0217132466352966
0,0.0180147904702214
0,0.0274336829147417
0,0.0106526411622452
0,0.0282427660516361
0,0.0286579052044723
0,0.0058348221293025
0,0.0274109665821175
0,0.014359393313562
0,0.0274449074201151
0,0.028248467136034
0,0.0300996834383771
0,0.0274258896648877
0,0.0047831206472104
0,0.0280755099448896
0,0.0029821698925769
0,0.0277312643151766
0,0.0287797875758127
0,0.0226554919128256
0,0.0234646884042074
0,0.0278908028449199
0,0.0275326265719849
0,0.0277685211676027
0,0.0274638348602504
0,0.0289256397995071
0,0.1126899714961997
0,0.0291276173422249
0,0.0222840484131754
0,0.0282461051824826
0,0.0282718374805577
0,0.0115395745621167
0,0.0276060264707584
0,0.0281709331206671
0,0.0294430723168139
0,0.005020468398087
0,0.0043808916817092
0,0.0150461815415097
0,0.9944987614199672
0,0.0285848630588383
0,0.0284339490102483
0,0.0283334371013016
0,0.0275459689480476
0,0.0022475530861553
0,0.0255736864201721
0,0.0062975058992523
0,0.0278436922512789
0,0.0047653078160784
0,0.0275089546630282
0,0.0276039571802893
0,0.0286500533190021
0,0.0171603163137032
0,0.0177716538308373
0,0.0289196020462272
0,0.0187719088176149
0,0.0279988774002838
0,0.013844729015697
0,0.0047656663281732
0,0.0829564972919556
0,0.0294401118960979
0,0.0261267460548868
0,0.0155212661194691
0,0.0250448933250502
0,0.0290240872897174
0,0.009091390181324
0,0.0081724296992879
0,0.0294788992417482
0,0.0286126510036976
0,0.0276174141910856
0,0.0277712370475416
0,0.0281852914376933
0,0.0293594064651313
0,0.0615667966446997
0,0.0232354422296995
0,0.0086992083623313
0,0.02889260239749
0,0.004259960438924
0,0.0277602859471595
0,0.6065883695352234
0,0.0293328441616393
0,0.0281072275496195
0,0.016293643938088
0,0.0289201998375752
0,0.0152769779671698
0,0.0277660053805967
0,0.0283201294039176
0,0.028291109818194
0,0.0239477629876562
0,0.027786005449002
0,0.0282558713046497
0,0.0287586366836474
0,0.0273373152043783
0,0.0275926653373742
0,0.0247182126469749
0,0.0291738161128188
0,0.2548368734032463
0,0.0098713973994422
0,0.0243732811989294
0,0.0291611976169872
0,0.0071298022396782
0,0.0276590366496328
0,0.0036543627807448
0,0.0283610471901402
0,0.0269742432810882
0,0.0107974266122052
0,0.195284605021906
0,0.069908518484965
0,0.0274673360453626
0,0.0288228898854098
0,0.0246320782867695
0,0.0275206548051093
0,0.0270197456356578
0,0.0293696424531342
0,0.0281705158207715
0,0.027418097377949
0,0.0155231433586582
0,0.0289722087479143
0,0.0275767817120183
0,0.0246358890218283
0,0.0092295068999221
0,0.0096855138998683
0,0.0063448256935221
0,0.0277305797292896
0,0.0291879870047392
0,0.0275112335067193
0,0.0184150655229675
0,0.0027653187211786
0,0.0282227844031195
0,0.0291152889914271
0,0.0287893138101312
0,0.027876793351936
0,0.0287352611829497
0,0.02829237097404
0,0.0289133536027649
0,0.0029180199643862
0,0.0271873675709409
0,0.0289460863989687
0,0.0279255221376476
0,0.027630515097561
0,0.0293823044954493
0,0.0274512682647456
0,0.0048261449780832
0,0.0246814663941954
0,0.0172838116992178
0,0.0276210531119852
0,0.0287268063581363
0,0.0583969624492167
0,0.0282457360769604
0,0.0276842737468404
0,0.0266519709214665
0,0.0283590251663558
0,0.0282562488003055
0,0.0233840861559034
0,0.0071436766185409
0,0.0293307708710524
0,0.0275698155376531
0,0.027866870356874
0,0.9315846791736192
0,0.0242294173889186
0,0.0289209986360825
0,0.0274105489363687
0,0.0293563268233479
0,0.0234194040717874
0,0.0291622786258997
0,0.0036284490625546
0,0.0028579755493191
0,0.0274110801979847
0,0.0275165413728592
0,0.0037182065350936
0,0.0046173530037854
0,0.025085910356421
0,0.0274639640193559
0,0.0051034629987281
0,0.027550438600584
0,0.0448021888389552
0,0.0292344719055453
0,0.0283741025963287
0,0.0290295857528689
0,0.0282943657794726
0,0.0275201600557811
0,0.0278891554503597
0,0.02829237097404
0,0.003657372586525
0,0.0288921935370087
0,0.0291335482039661
0,0.0291907206430706
0,0.0240431777995401
0,0.0274043353800188
0,0.0247554953986409
0,0.0274793275319654
0,0.0289889601010972
0,0.0239804938121404
0,0.021185373349146
0,0.0036239150333457
0,0.0284699448424647
0,0.0162830588867182
0,0.005040756466381
0,0.0284800573548745
0,0.0291572649859198
0,0.0275168783383446
0,0.0288226949918506
0,0.0275692910375528
0,0.0182140840159286
0,0.0277119349124899
0,0.0274280377464464
0,0.0067419090296262
0,0.0124118668006276
0,0.0253656493161682
0,0.0284067257804539
0,0.0279443965383188
0,0.0287436732981721
0,0.088471988723362
0,0.1310741065606097
0,0.028536078025192
0,0.0044099056430564
0,0.0278682681267554
0,0.0178132541699579
0,0.0274892158622503
0,0.0291519088068983
0,0.0247829307580131
0,0.023960270049056
0,0.0284005764258851
0,0.0075989524270833
0,0.026755262089455
0,0.0124426352225131
0,0.0165053917120698
0,0.0050789664704245
0,0.0193206612123775
0,0.0203763118479619
0,0.0581717151285474
0,0.0293730012113949
0,0.0291136976592856
0,0.0290518246804419
0,0.0292708301035802
0,0.0013571100148108
0,0.1966694153487507
0,0.0051347145970583
0,0.0208800386058468
0,0.0280660766629392
0,0.0274533067394201
0,0.0280834241311018
0,0.010106619320955
0,0.014507156170327
0,0.0289265594143217
0,0.0281152527433613
0,0.0276184382835895
0,0.0273944298354368
0,0.0276801184493604
0,0.0045268923832469
0,0.0294407986316162
0,0.0280798047697424
0,0.0133006157578596
0,0.0086663151289199
0,0.0274133767187841
0,0.0059142933053098
0,0.0278520246115522
0,0.0291045245626656
0,0.008912240556856
0,0.0276897341760889
0,0.0087870025598497
0,0.0292323663095888
0,0.0230537170901273
0,0.0279227770175866
0,0.0277096513502382
0,0.065693118572146
0,0.0044224772495964
0,0.029227223950866
0,0.0127392566358419
0,0.0294737444324437
0,0.0274208549081265
0,0.0277446293274509
0,0.0287602704535151
0,0.0292349307200205
0,0.0528842526765466
0,0.0286945440776631
0,0.0285592285355386
0,0.0338905500344612
0,0.0274071806193436
0,0.0288732045463781
0,0.0233055022187585
0,0.0490148511616556
0,0.0084151712909212
0,0.0233446893666297
0,0.028891335303089
0,0.0177913348976708
0,0.0326645257393578
0,0.0281571318247104
0,0.0063610319163263
0,0.0276665622388369
0,0.0358325138673666
0,0.030110461436121
0,0.0266370372298535
0,0.0107673954171476
0,0.0290640312169327
0,0.0255888399566253
0,0.0276900543442601
0,0.0105488312182697
0,0.0234736253760382
0,0.0287746247598707
0,0.0295367485221818
0,0.027560222366565
0,0.027537839888814
0,0.0137839067410067
0,0.0108533070807772
0,0.0289563022376734
0,0.1009153121514298
0,0.0245180678333791
0,0.029504695065116
0,0.0290346202717546
0,0.0293868705355269
0,0.0293867543043338
0,0.0274170183617942
0,0.0281306551616033
0,0.0285100954660405
0,0.0276824830973244
0,0.0189929494173521
0,0.0274486845227455
0,0.0118225292299186
0,0.0071509168956555
0,0.0209759244350315
0,0.0056241664562694
0,0.0283260784085377
0,0.0303822737840214
0,0.0287691156611016
0,0.0274868341853298
0,0.0294216272233466
0,0.0039549985847223
0,0.0289003721800271
0,0.0274112369748842
0,0.0281107129337576
0,0.0258531122302813
0,0.0214438123025525
0,0.0175144670848569
0,0.0291861561607083
0,0.469843235062014
0,0.0276236605670977
0,0.0209506022162388
0,0.0168932862788648
0,0.0046910703313793
0,0.0097896688049261
0,0.0280593058556076
0,0.0280372985968728
0,0.0697410179560913
0,0.0796240590721819
0,0.0277366220224105
0,0.0278259265388865
0,0.0249774267986798
0,0.005855284391261
0,0.0283775233496959
0,0.0082105787152831
0,0.0280864963267894
0,0.0278712165359256
0,0.0274427093169428
0,0.0209436596542032
0,0.0284656553030411
0,0.004339349848143
0,0.0275705889058535
0,0.0280977708046141
0,0.0054842340835428
0,0.0619903105575731
0,0.0290580252570848
0,0.0286603430919736
0,0.0275435326381216
0,0.0254458165766799
0,0.0060851209419132
0,0.0251530434510438
0,0.2905872059634773
0,0.1406658375481403
0,0.0437687400699025
0,0.0274881084402666
0,0.0092077846490023
0,0.0282079155012773
0,0.0282617929562849
0,0.0288337532210742
0,0.0274682663002975
0,0.0151763241826004
0,0.0170512772570316
0,0.0286066732093951
0,0.0280729683534869
0,0.003920669368394
0,0.0237635423212123
0,0.0292564563676894
0,0.0244960125706889
0,0.0274945170599013
0,0.0249153432697855
0,0.0048555921961459
0,0.0285110768591537
0,0.0283809669027632
0,0.0136148615651948
0,0.0130633082618554
0,0.0277193798006167
0,0.0110196238022548
0,0.0115090280025637
0,0.0291071507000644
0,0.0237812926849379
0,0.0234421832328779
0,0.0055270826888737
0,0.0042811910193811
0,0.0278330755305061
0,0.0274070711284182
0,0.0180980025299239
0,0.0284934685669486
0,0.0286868190786805
0,0.0276387735909863
0,0.0276606147461696
0,0.0280811161621626
0,0.017316099547236
0,0.0047667604226747
0,0.0285624880906041
0,0.0279675331452978
0,0.0285624752523968
0,0.0278082561959321
0,0.4350786997751207
0,0.0284366559578219
0,0.0277973042977616
0,0.0266088738155156
0,0.0278459142949103
0,0.0278103777543424
0,0.0077069451605669
0,0.0063359578001507
0,0.0274880791605982
0,0.0285390944601258
0,0.0294043096000616
0,0.0274153285604846
0,0.0150749449305879
0,0.0103396887698059
0,0.0280672684901327
0,0.0138325272471217
0,0.0294285537057219
0,0.0278521081785578
0,0.0275184083784197
0,0.0298180231174197
0,0.609660992546318
0,0.0111782647022579
0,0.0058912468008788
0,0.0275159099387599
0,0.0280120490098555
0,0.0334852373513967
0,0.0275872453785637
0,0.0274722171105491
0,0.0052702555412092
0,0.0067357337554268
0,0.0290442521274557
0,0.0274508890955979
0,0.0294037846234219
0,0.0027502456302092
0,0.0049815230036604
0,0.0277789292375998
0,0.0288552742334769
0,0.0291627778778628
0,0.029085806608199
0,0.0199600413582357
0,0.0283916724360064
0,0.0283738042818795
0,0.0235209440761051
0,0.0281153284297509
0,0.0203221266902368
0,0.0276926760240276
0,0.0294528711212215
0,0.0276023585710898
0,0.0293206189953801
0,0.0277864314356395
0,0.0276570684096131
0,0.0081341916360184
0,0.0271895262507613
0,0.0052770297819726
0,0.0139279124017356
0,0.0288382507387767
0,0.0251693286905726
0,0.0117224189737125
0,0.0273942392250502
0,0.011903672666445
0,0.0043728723761782
0,0.0288646016758337
0,0.0288784271952495
0,0.0277126233087277
0,0.0274577424871974
0,0.0287742624562221
0,0.0281062685716189
0,0.029066319430056
0,0.0448267109022302
0,0.0095412364995737
0,0.0275520516771835
0,0.0032908983058518
0,0.0289213921167461
0,0.0275009746456906
0,0.0143955619253426
0,0.1606360550815123
0,0.0044541903520542
0,0.0437254604453916
0,0.0286661772101926
0,0.0270823410397138
0,0.0291247526205265
0,0.0204608611330605
0,0.0265941750645986
0,0.0275369143299421
0,0.0294282240199889
0,0.0040788180914474
0,0.0287039276270245
0,0.0116867484266644
0,0.029395816449184
0,0.0293071281368614
0,0.020175118255032
0,0.0290066386681805
0,0.0292905531936466
0,0.0176443802486028
0,0.0090812447902466
0,0.0051758056806732
0,0.0212861870686591
0,0.6149871684041581
0,0.0059877739011851
0,0.0275023370899696
0,0.0293578712927611
0,0.0274129821406282
0,0.0274613603509423
0,0.0286663044881345
0,0.0274434571922945
0,0.0042408796007262
0,0.0144532642162779
0,0.0248165289783591
0,0.0286769600660019
0,0.0308572262623077
0,0.0285171808424154
0,0.0282821199807409
0,0.007323440445985
0,0.0281299863952547
0,0.0043154908091781
0,0.0289648239319851
0,0.0037718555437518
0,0.0254594516322712
0,0.004052878364074
0,0.005595546944012
0,0.0285900070380337
0,0.0289812948637554
0,0.0221387409910228
0,0.027892669444158
0,0.0275167249192579
0,0.0112684852370525
0,0.00422413604782
0,0.0294102604141286
0,0.028955046566471
0,0.004223344456582
0,0.0254192726886909
0,0.0821891106242045
0,0.0084397098988187
0,0.0279447551005115
0,0.0145579192217596
0,0.605365880456635
0,0.0218565111038551
0,0.0278923435935771
0,0.0277810309157906
0,0.0287742367000735
0,0.0287247556391564
0,0.028502022056942
0,0.0275942547273481
0,0.0051492483818623
0,0.028836180124238
0,0.0283279340733786
0,0.0134544740390573
0,0.027593015698231
0,0.0051141293449381
0,0.0141225440599774
0,0.0289427395455328
0,0.0281463875687054
0,0.029054206036312
0,0.0278413870853272
0,0.0271996776002579
0,0.009901984942294
0,0.0275554485310109
0,0.0287070741083279
0,0.024140625493155
0,0.0058049556003628
0,0.0274361114246157
0,0.0634815059249922
0,0.0283011167163768
0,0.0289248516785616
0,0.0279510728937613
0,0.0206167458489691
0,0.027809743934196
0,0.0069500709072359
0,0.9758070788695568
0,0.0051611962144683
0,0.0284141086300943
0,0.0274061359545062
0,0.0274805337449593
0,0.0275023370899696
0,0.0279099583291669
0,0.0291480150718742
0,0.0276779048339686
0,0.0275994383695101
0,0.0286069388203403
0,0.0274587534483373
0,0.0235190593075092
0,0.0027363601384303
0,0.0054212317146365
0,0.0274119906153051
0,0.0282623880069302
0,0.0123869290645642
0,0.011079263456242
0,0.027435340802851
0,0.960562276997858
0,0.0278760548092356
0,0.0240896147257928
0,0.0186735715959105
0,0.0282751439950322
0,0.0275349299346675
0,0.0129834253588314
0,0.0293326986152611
0,0.0110761139732897
0,0.0035514502902106
0,0.0291930811317742
0,0.0293633043163551
0,0.0290514578596517
0,0.0293850724558696
0,0.0040230380323392
0,0.068300703654848
0,0.0076670839315785
0,0.0332580135042905
0,0.0281503683007925
0,0.0285332050099518
0,0.0269304210044003
0,0.0155861633963093
0,0.0289297298607399
0,0.0053584457584308
0,0.0274536738404898
0,0.0292430654177859
0,0.0188224120640389
0,0.0290071181683862
0,0.0733745206477542
0,0.0192968738235151
0,0.0249901085560308
0,0.0289356164594999
0,0.0276222861315063
0,0.0292805512199491
0,0.0279091178405809
0,0.0083188139639347
0,0.0278679997531692
0,0.0473965592355997
0,0.0086490867507752
0,0.0280835176159808
0,0.0283875371350464
0,0.0289858859076447
0,0.0277007048252766
0,0.0274350782920206
0,0.0415657291804266
0,0.0283412335847664
0,0.0051879704108784
0,0.0292308677458924
0,0.008928828885181
0,0.0293288805027137
0,0.0278143303614007
0,0.0289137135944674
0,0.0137637850198577
0,0.1189717920200929
0,0.0305095070735337
0,0.0281367395596767
0,0.0271066376503493
0,0.0274165609551553
0,0.0292535587210824
0,0.0287077067355429
0,0.0233120318914706
0,0.0043129508072974
0,0.0277050069626852
0,0.0275200225703781
0,0.0107446657325972
0,0.0072447970328619
0,0.0174446724583556
0,0.029488838355805
0,0.0277374209535088
0,0.027146819640729
0,0.029431328534312
0,0.0092560560769978
0,0.0274190025234672
0,0.024334972445334
0,0.0253723510910748
0,0.0283940258589145
0,0.0800382077265943
0,0.0277366263066662
0,0.0288183862840986
0,0.0279498241008225
0,0.0042774435255678
0,0.0277827478880687
0,0.0519002536088862
0,0.0244225885845451
0,0.0037001994180456
0,0.028334174245086
0,0.0254396598859801
0,0.0281762471785442
0,0.0192409223026778
0,0.0248470592811842
0,0.0290910759630574
0,0.0066285903065566
0,0.0283264347891899
0,0.0289730213390174
0,0.0188736067485221
0,0.0282729645173822
0,0.0062661614521062
0,0.0044231592434945
0,0.0941579243755031
0,0.0274143466932043
0,0.0037126408637382
0,0.0279080594061208
0,0.0276261816161739
0,0.027417510019925
0,0.0072871858896184
0,0.0088498171823928
0,0.0223525636663219
0,0.0082892456525613
0,0.012085370149108
0,0.0055127079377703
0,0.0181179231934732
0,0.0279960626729098
0,0.0058131124480601
0,0.0270617510025111
0,0.006337022191185
0,0.00811869911986
0,0.0121231544928388
0,0.0276364065148956
0,0.005721573896815
0,0.0285826975650277
0,0.0274186640222138
0,0.0287330442395372
0,0.014214723822139
0,0.0278521081785578
0,0.0282007862508545
0,0.0282547857197816
0,0.0158982665583616
0,0.024157329281629
0,0.0038001863172218
0,0.0153930121297826
0,0.0058381623179584
0,0.0290797200917179
0,0.0283668589983152
0,0.0065633203767368
0,0.0293785910310911
0,0.0277045548852738
0,0.0291786969788646
0,0.0411984344191597
0,0.024296901980688
0,0.0275932471435904
0,0.0291762615127036
0,0.0202373087414055
0,0.0198913048683868
0,0.009958557457595
0,0.0276369092550395
0,0.0825666211505631
0,0.0279192617668238
0,0.0278969544071593
0,0.0291738899401892
0,0.0087835395682428
0,0.0164226344926608
0,0.029207044498248
0,0.027419665284751
0,0.0244940964222457
0,0.0293291322825975
0,0.0286586082968182
0,0.0040270672134057
0,0.0078814012373781
0,0.0434513433718953
0,0.0322809470474832
0,0.0276798715036443
0,0.0165898805518502
0,0.0199896350777502
0,0.0237618192716964
0,0.0127095663889267
0,0.0276762400858432
0,0.0056602318900178
0,0.0407301118998479
0,0.0101099082598844
0,0.0240317052737017
0,0.0289170323387427
0,0.0099571617733911
0,0.0274518679498146
0,0.028633616328632
0,0.0284776725197377
0,0.0293859885676713
0,0.0274224003934569
0,0.0280046026423475
0,0.0270632600702368
0,0.0178078989151923
0,0.0269432522565897
0,0.0274782772125883
0,0.9847672350996896
0,0.0288216070030695
0,0.0029626236129654
0,0.0068565307796995
0,0.0255889833441816
0,0.0064041502457641
0,0.0274234263816086
0,0.0290822104624322
0,0.1482734722003428
0,0.0284945128169913
0,0.0093170473968675
0,0.0195267037930333
0,0.0149438709764318
0,0.0153069407380751
0,0.0039332880647205
0,0.0067502225337053
0,0.026599738838566
0,0.0337844855977635
0,0.0133774734447158
0,0.0017287264099147
0,0.0279595736795207
0,0.005418049756762
0,0.014612172379044
0,0.0316132401199659
0,0.0415354585749063
0,0.110989384721934
0,0.0293405409867077
0,0.0294793043784094
0,0.0282866970518431
0,0.027412319153632
0,0.0293052046665059
0,0.0282623127160652
0,0.0417124433991899
0,0.0286941029943032
0,0.0276109508403444
0,0.0280472406193152
0,0.027790073353034
0,0.0066915089857266
0,0.2855967986052812
0,0.0282714211124238
0,0.0536251925759047
0,0.0050256405840954
0,0.0912171268213559
0,0.1036914661983166
0,0.0276335549662671
0,0.0294017027103523
0,0.0276011227828572
0,0.0256659383913483
0,0.0279241894917394
0,0.1137019662088289
0,0.0063110898466118
0,0.093967770398082
0,0.0280736316178293
0,0.0288617834774276
0,0.0291497899637419
0,0.0143959190951973
0,0.0160328108596261
0,0.0095378200151748
0,0.0288626701169995
0,0.0058205520826213
0,0.0279603003786246
0,0.0281667983416631
0,0.028078854556931
0,0.0103468642630939
0,0.0275453197531643
0,0.0279404651710027
0,0.0287491946905841
0,0.0049460903413087
0,0.0125290381999664
0,0.0393593061448138
0,0.0284825257509665
0,0.0274185343693681
0,0.0089049513887299
0,0.0231417964844376
0,0.002280080990181
0,0.0293638323419754
0,0.0293698405729262
0,0.029023110554192
0,0.0293758498561991
0,0.0194802715694076
0,0.6038961347676699
0,0.0056887774940066
0,0.0269231314794607
0,0.0274233626193118
0,0.0069380846454828
0,0.0292423762250602
0,0.4468651932394765
0,0.0278500432396893
0,0.0293992786959042
0,0.0294412886253072
0,0.0286034251307675
0,0.0090426298189262
0,0.0293884358450793
0,0.0050937776553789
0,0.0131178805131073
0,0.0247267458388761
0,0.0087839350894165
0,0.027729321864124
0,0.0293339318751845
0,0.0036899248056396
0,0.0292171629455217
0,0.0292985558887485
0,0.0292762157760246
0,0.0279155866558469
0,0.0124510883868797
0,0.0103078139492679
0,0.0287152223988999
0,0.0158537573128643
0,0.0274189889435516
0,0.999999999962952
0,0.0282384852462315
0,0.0287678856127375
0,0.0208774473377496
0,0.0275344722342154
0,0.0037352210890972
0,0.027853434449554
0,0.0055308077996404
0,0.0196342495075668
0,0.0285861881164734
0,0.0281338539786185
0,0.0282551555484831
0,0.0282010324469305
0,0.0207013868858687
0,0.0294155003300018
0,0.0275202481545323
0,0.0281939039680658
0,0.0108866458698711
0,0.0290132290614664
0,0.2127442822529641
0,0.0278284756016524
0,0.028454423205664
0,0.0075989524270833
0,0.0238265373487665
0,0.0146756196659766
0,0.0286222399100598
0,0.0051019692178583
0,0.9945831708812496
0,0.0033954730869885
0,0.0249899684327305
0,0.0270821078915513
0,0.0274319250428922
0,0.0293991510277919
0,0.0274803111637456
0,0.0247759532943246
0,0.0279017215562907
0,0.0054509381959575
0,0.0239321928652716
0,0.0285379223459946
0,0.0278239546851819
0,0.0087073376934867
0,0.0583665550836964
0,0.0167376515982175
0,0.0170635677178377
0,0.0274043512493166
0,0.0285655526574318
0,0.0291464627847509
0,0.0274824952348659
0,0.0594037231797361
0,0.0275303061881768
0,0.0274658760496922
0,0.0283361508183219
0,0.0312224615277365
0,0.0293767076283938
0,0.0292002090056317
0,0.0283343738079688
0,0.029182280676999
0,0.0286710424262922
0,0.0277224357094829
0,0.0279213333366148
0,0.0287249318548458
0,0.0236873073717114
0,0.0280093223184594
0,0.0033418744930374
0,0.0292063905218614
0,0.1018977135082617
0,0.0354524559294823
0,0.0279724544600356
0,0.0278719429056913
0,0.0289771307339055
0,0.0233133545500366
0,0.0293892806323008
0,0.0280508626624911
0,0.0963362347349396
0,0.0288628369344785
0,0.0079911234253373
0,0.0292559137273214
0,0.0202824499336115
0,0.0257856137601587
0,0.0279265505511885
0,0.0067780083446382
0,0.028963836865831
0,0.0290234367218801
0,0.033191469887055
0,0.027617951119483
0,0.0291174659572058
0,0.019941635559829
0,0.0283582461946131
0,0.0275637963933658
0,0.0058381623179584
0,0.0099479273618254
0,0.0136709356656391
0,0.0281202554692632
0,0.0220971461279117
0,0.0266045692330487
0,0.0286433093285277
0,0.0274267378478471
0,0.0278825079864661
0,0.0277776110398088
0,0.0274241428336203
0,0.0277243667512097
0,0.0123902766053913
0,0.0141769619190076
0,0.0277464630362826
0,0.0274140438188688
0,0.0078657690472085
0,0.0065487958022016
0,0.0293694022129465
0,0.0066892150441657
0,0.0283012451436493
0,0.0288856429113061
0,0.0033340394403142
0,0.0279635502173741
0,0.0044198287664595
0,0.0275700743364295
0,0.0292358446934149
0,0.0280390702861287
0,0.0218395259049333
0,0.0083470789008885
0,0.0210551672139974
0,0.0229397893082746
0,0.0274502124777471
0,0.0197665600696785
0,0.0295325966882412
0,0.012254513893566
0,0.0242230283123141
0,0.0233386013687402
0,0.0276082258844214
0,0.0245118045996381
0,0.00695901986542
0,0.0274756139234569
0,0.025618735412024
0,0.0288394456183045
0,0.0605591453792387
0,0.0109565928545319
0,0.0334827682735944
0,0.0286976297155038
0,0.0293054418992158
0,0.0724614384913398
0,0.027475639541779
0,0.0274411945677101
0,0.0031491726842374
0,0.0288578326609675
0,0.0262666475351245
0,0.3128864835025426
0,0.0288626701169995
0,0.0274072394763758
0,0.0287693982410832
0,0.0141964694355077
0,0.0113776087042602
0,0.0285954696021452
0,0.0291982792301764
0,0.0273207758314672
0,0.0044585103701191
0,0.0244470297923156
0,0.0284346389559472
0,0.3997051348423671
0,0.0064293671445193
0,0.0275364243304998
0,0.0276117540256974
0,0.004051387934749
0,0.0283310269954179
0,0.0048610026042482
0,0.027953012496502
0,0.0281753136229162
0,0.0287560203102672
0,0.0277645317813809
0,0.005066699440705
0,0.0292746825210236
0,0.0274405517923643
0,0.0278639991414985
0,0.0200519056340026
0,0.0284481799190758
0,0.0278236701152592
0,0.0275179583812476
0,0.0051664593062536
0,0.027412319153632
0,0.0033017375699988
0,0.0283164347678901
0,0.0064799972725389
0,0.1864509467491508
0,0.0294188382564322
0,0.0180673521959954
0,0.0146989900471777
0,0.0119022582132988
0,0.028248127076688
0,0.0087467106559508
0,0.0046180022920338
0,0.0287121047546793
0,0.0291695606929225
0,0.0281665758668477
0,0.0237854639717274
0,0.0277538997685401
0,0.0291697104918105
0,0.02935013056205
0,0.027898911179459
0,0.0045300490172084
0,0.0197411580427409
0,0.027622264022167
0,0.0281970716134064
0,0.0250261591155179
0,0.0087049866889032
0,0.0238112657072083
0,0.0293618308668416
0,0.0276300597083262
0,0.0198819504807985
0,0.029307390522083
0,0.0274271329745183
0,0.007314826888225
0,0.0291582306990233
0,0.0293598691162358
0,0.0036552283687424
0,0.0189138379789882
0,0.0042102688928321
0,0.0220272110119501
0,0.0276546228964681
0,0.0098494968327612
0,0.0290816738716043
0,0.0040548898074467
0,0.0196526456913717
0,0.0274118170455905
0,0.0013041870408083
0,0.0277996588871386
0,0.0286136755106119
0,0.0292631718534396
0,0.0099080198402208
0,0.0282703707045278
0,0.0496780452039655
0,0.0280547169919332
0,0.0274137596852629
0,0.0280611970283125
0,0.0275938449166694
0,0.0289708248134426
0,0.0278106438665405
0,0.0288749606881692
0,0.042516743505963
0,0.0264883142766049
0,0.0100564991176485
0,0.0284494075343878
0,0.0281418215456703
0,0.0142590177215373
0,0.0274396925784848
0,0.0041438735170747
0,0.0283124050180767
0,0.0274164182659026
0,0.0289452205886351
0,0.0084222465619585
0,0.0054562451731501
0,0.0070190473409843
0,0.0294035992502418
0,0.0284622760980391
0,0.009928786504098
0,0.0028851897478076
0,0.019224420730233
0,0.0277138180863073
0,0.028745073994368
0,0.0281196609252684
0,0.0294272844062931
0,0.0292140916631875
0,0.1771651494943983
0,0.0284698926609186
0,0.0284359217895875
0,0.0274165216610619
0,0.0656399504736308
0,0.0276894093981431
0,0.0974865923062994
0,0.0236016087804944
0,0.029315969662222
0,0.0182551080469622
0,0.0278593126304006
0,0.0060217636008017
0,0.0282635256617308
0,0.024575131144737
0,0.0161245148623401
0,0.0274131240768805
0,0.0182889018789732
0,0.0241576069939463
0,0.027810763819308
0,0.0059293197967982
0,0.0278214641669803
0,0.0287757522285825
0,0.0377705100910936
0,0.0253106275374681
0,0.029034464579733
0,0.0276075091559404
0,0.0238691514847705
0,0.0283585175678816
0,0.028147909970603
0,0.0275345470942998
0,0.0291603559910223
0,0.0431805057357158
0,0.0276246079770849
0,0.0294579590443814
0,0.0283003193197732
0,0.0286397047971821
0,0.0065492343770659
0,0.0124057536480119
0,0.0294000503249642
0,0.1669824425669764
0,0.0290241942307289
0,0.0107573690693058
0,0.0282498935342015
0,0.0274714139162092
0,0.0238184863105825
0,0.0274345133459375
0,0.1849857311424889
0,0.0286875233188573
0,0.0289745711020663
0,0.0257459604538195
0,0.027406098420034
0,0.0285541794898662
0,0.0274417296308381
0,0.5239371635910451
0,0.746205276715059
0,0.027534455859632
0,0.0090028619387996
0,0.0035846460540104
0,0.0234732827768725
0,0.0036736609029317
0,0.0276315715298246
0,0.0345481418586981
0,0.0252586162078973
0,0.0043926806114832
0,0.0092481588335405
0,0.0293792636658598
0,0.0937815111698144
0,0.0040152331603902
0,0.0095640650789759
0,0.0283899265458583
0,0.0276373440495744
0,0.022753059244444
0,0.0283084074837726
0,0.0170867931147107
0,0.0288266609464041
0,0.0159077043295532
0,0.0255399458259994
0,0.0291887424807961
0,0.0278561164002977
0,0.0292669017516439
0,0.0166339847932061
0,0.0291180204502154
0,0.0247200642401942
0,0.0294114142689843
0,0.0273298413496593
0,0.0284049680367209
0,0.0291965978301215
0,0.0473224376898146
0,0.0293889474120725
0,0.0291271471305375
0,0.0275955120263148
0,0.0280059466701196
0,0.0275071225812707
0,0.0290360161133762
0,0.0294094636271471
0,0.0238799002784162
0,0.0069135069211234
0,0.036396639380689
0,0.0274055599602012
0,0.028646560756679
0,0.0235304727979943
0,0.0293860052322655
0,0.0278716398719934
0,0.0161570614646231
0,0.0174161575328853
0,0.0274174588469323
0,0.0292877785375958
0,0.0275676442075248
0,0.0287317524029791
0,0.0273938630321466
0,0.0275896961277642
0,0.0292883619494719
0,0.024262609288969
0,0.0285538802418193
0,0.0217100088934683
0,0.0038798459201217
0,0.0849608296494403
0,0.0060229840827753
0,0.9751741444640616
0,0.2523547168753059
0,0.0278953529131623
0,0.0282222458030329
0,0.01467296420829
0,0.0269283342983923
0,0.0023193465817551
0,0.0236842051034836
0,0.0278040550694634
0,0.0286582230452047
0,0.0102154351503749
0,0.0285851414592643
0,0.0281035334332755
0,0.0287027367526122
0,0.0287004638932563
0,0.0275529486641212
0,0.027285557670895
0,0.0053821607539263
0,0.0292846968132826
0,0.0042869289780764
0,0.0098816382059134
0,0.0289775967231295
0,0.0279767051206577
0,0.0275409786005505
0,0.0239209565199574
0,0.0044985759433658
0,0.0294045232661195
0,0.0275050091754199
0,0.0194454546453264
0,0.0240983970690041
0,0.0286261153443028
0,0.0289602940801884
0,0.0274260611543139
0,0.0062963473922112
0,0.0277084608099929
0,0.0275359637573096
0,0.0246117495458483
0,0.0289769592000428
0,0.0290927705457942
0,0.0237341108700745
0,0.0263045607689775
0,0.029016132422904
0,0.0051715332699758
0,0.027430833066842
0,0.0273898522884357
0,0.0088174798718906
0,0.0073868154656282
0,0.4679042254367206
0,0.0274171678949935
0,0.0291151769214437
0,0.0194839356068427
0,0.0274350782920206
0,0.0293644174800828
0,0.0278462890284157
0,0.0283322160000326
0,0.023737019202702
0,0.0277382864792123
0,0.0137380017978298
0,0.0035851839872436
0,0.3419654214940849
0,0.0130474942063906
0,0.0258499260598065
0,0.0081615816245128
0,0.0033272783950304
0,0.0274479660459988
0,0.0290860480757696
0,0.0284678074527539
0,0.0280304553889523
0,0.0275146257156773
0,0.0275067125858627
0,0.0166071462443692
0,0.0236880697390194
0,0.0085126227404683
0,0.0284463473714451
0,0.0094491399692528
0,0.0036564652961384
0,0.0282599252338183
0,0.0289203993547075
0,0.0223428135437391
0,0.0099389209217463
0,0.027871305482344
0,0.0237740571933545
0,0.027409524796737
0,0.0176480714166863
0,0.0283585175678816
0,0.0294057163348246
0,0.0069467121388668
0,0.0282286778191581
0,0.0274119906153051
0,0.0274939823669505
0,0.0276276917537281
0,0.0274084046821543
0,0.0293845798432943
0,0.0252706409848666
0,0.0249353208283302
0,0.0810592116156069
0,0.0047211269564275
0,0.0096653936344061
0,0.02850078321146
0,0.0038648485220518
0,0.028397881059708
0,0.0001564734549092
0,0.0281199011920947
0,0.0028306642938377
0,0.0284554995313036
0,0.0275365413460662
0,0.0274909008004736
0,0.0276171350934633
0,0.0155195166521377
0,0.0130986993437236
0,0.6523566863831196
0,0.0060815766107083
0,0.0277987200177809
0,0.0053462601148187
0,0.0275954377643124
0,0.0929231925102898
0,0.0238321608233119
0,0.0275699119521119
0,0.0289524630437397
0,0.0288038994257412
0,0.0043585739173968
0,0.0669997196258315
0,0.0039285540042823
0,0.0082966428016992
0,0.0277246885761049
0,0.0274587295058259
0,0.0285917549089314
0,0.0073495867181145
0,0.0276296684933168
0,0.009354590303104
0,0.0293006884293029
0,0.0275005190205815
0,0.00534408243638
0,0.0268283867809775
0,0.029110387216055
0,0.0281248723066253
0,0.0231995168893279
0,0.0278723569999981
0,0.0451728502865571
0,0.0293450209631756
0,0.0288461431981477
0,0.0088338909808741
0,0.0284125835951044
0,0.0292831065244089
0,0.0284285963552948
0,0.0268513154275204
0,0.0281189897330496
0,0.0063497226548591
0,0.0204122794433817
0,0.0292915998227772
0,0.0282189537262204
0,0.0292888881469985
0,0.4420845701312076
0,0.115602283445032
0,0.027525986606944
0,0.0291697104918105
0,0.0056391497544455
0,0.0253321298067141
0,0.0288178862281531
0,0.1631473341204876
0,0.0233159413554495
0,0.0146628271844115
0,0.028379047698296
0,0.0237736038442431
0,0.0522441789656174
0,0.0052118628576792
0,0.0279901614208726
0,0.0293985465911251
0,0.0250622876509644
0,0.028086218901226
0,0.0146569162461881
0,0.0210473230287841
0,0.0037569228481108
0,0.0279773381598704
0,0.0287897348706583
0,0.0223248703271764
0,0.0293887727428878
0,0.0246173034199034
0,0.0293810250009425
0,0.0198025363127514
0,0.0276400442653403
0,0.0289021851762117
0,0.0284098240255341
0,0.0234325455916464
0,0.0274108343027748
0,0.0280008871625285
0,0.1123366434020227
0,0.0282371678159375
0,0.0275506004717783
0,0.0203627832029487
0,0.0091642813083928
0,0.0274615227754028
0,0.0129694623544862
0,0.0141774393026842
0,0.0254589195918333
0,0.0274761919722274
0,0.0076701935243821
0,0.0209546758291183
0,0.006710320512085
0,0.0279554835819314
0,0.028851678750663
0,0.0153381782363938
0,0.0030288792351072
0,0.0179591046502505
0,0.0066070049906194
0,0.0058155783032631
0,0.004771263096797
0,0.0291766975964102
0,0.0249378690245548
0,0.0070508892689227
0,0.0277400559108777
0,0.0294012228171853
0,0.0293937476936336
0,0.0284327009902266
0,0.023261392338167
0,0.0286865713422132
0,0.0274653136443653
0,0.0276533029637243
0,0.0281303029042777
0,0.0243481204110336
0,0.0281695710493937
0,0.0274552774034745
0,0.029414450078464
0,0.161521547520694
0,0.0279973595741595
0,0.0044680458696937
0,0.0288378346941581
0,0.0275354602401103
0,0.028001868373731
0,0.0055780335235902
0,0.028320764154273
0,0.0276983867197059
0,0.0233558375031203
0,0.0293877560159563
0,0.0280447856791485
0,0.0284707298417381
0,0.0293596194673266
0,0.0061767836045774
0,0.0086292943073207
0,0.0276467943105173
0,0.0028089349852473
0,0.0035409627249778
0,0.028220452013387
0,0.0110128802750229
0,0.0254904281394897
0,0.027786138072509
0,0.0291238517519343
0,0.0289741833263455
0,0.027413566097482
0,0.0274176752305182
0,0.0288496891730897
0,0.2146139193584199
0,0.0290550505141306
0,0.0275016911783739
0,0.0279336634829435
0,0.0293653941387708
0,0.0751934030210788
0,0.0047602002740198
0,0.0275532467974265
0,0.0274261761926878
0,0.0293997114559538
0,0.0030079660052902
0,0.104508064202453
0,0.0280820332275033
0,0.002991542669106
0,0.0287194299629769
0,0.0171303790543624
0,0.0332515054218686
0,0.0274443239954743
0,0.0289488421504152
0,0.0276369503195513
0,0.0279326889553633
0,0.0275237416300942
0,0.0290320871291602
0,0.0279894500648442
0,0.0283570354406585
0,0.0290647540551825
0,0.0277642965135997
0,0.0292174447115887
0,0.027937788632749
0,0.0288584380835915
0,0.0281392831166204
0,0.0275672427912493
0,0.0216358796375416
0,0.0292570689514048
0,0.0164557365461927
0,0.0274357426842256
0,0.0275529393433531
0,0.0268220511631507
0,0.0151870093399111
0,0.0277122531563335
0,0.006071484857114
0,0.028550665385631
0,0.1512704701478695
0,0.0282195434364774
0,0.0275503533144329
0,0.0261468831500648
0,0.0279635502173741
0,0.0280921782646558
0,0.0284297723326298
0,0.6134190287119021
0,0.0291058267084668
0,0.0288833193626691
0,0.0274400453840058
0,0.0251573764642753
0,0.0126506477962618
0,0.0284526672956293
0,0.4718318907551831
0,0.029366790357819
0,0.0274581057343023
0,0.0277312643151766
0,0.0088681532310337
0,0.0274715372715929
0,0.0272007806293149
0,0.0274064681960159
0,0.0284983552492457
0,0.0204965446269801
0,0.0291551732682144
0,0.0290517915046925
0,0.027763569989976
0,0.0294331614204985
0,0.0438491340237701
0,0.0278817350157777
0,0.0268924516424109
0,0.0237909532882238
0,0.0294242748891354
0,0.024344550028829
0,0.0277854798954293
0,0.0290113846439025
0,0.0087065929069428
0,0.0213093179096805
0,0.0187939348841237
0,0.0051479704175662
0,0.0177873191320235
0,0.0274327564052834
0,0.627937908317585
0,0.0293376331522213
0,0.0505587186673658
0,0.0274113744702289
0,0.0229856277284164
0,0.0206836437648829
0,0.0138211527872717
0,0.0250026483185513
0,0.02766450931348
0,0.0291537430429434
0,0.0290541282528516
0,0.0274276246102136
0,0.0283919385537694
0,0.0086312606591407
0,0.0293698549619251
0,0.0233494431683985
0,0.0289290876522443
0,0.0292496505436495
0,0.0089784115200402
0,0.029395439673415
0,0.011229479425873
0,0.0281828966539631
0,0.0274967147399728
0,0.0274653662698953
0,0.027805495101844
0,0.02940517261652
0,0.0287293923445987
0,0.027560222366565
0,0.0160663532997736
0,0.0173295413936445
0,0.0103524671630785
0,0.0274862581185698
0,0.0276660572314253
0,0.0076482762123681
0,0.0282631556994384
0,0.029391019112668
0,0.0743668459992475
0,0.0274242635668089
0,0.0173679883471233
0,0.0284577635667792
0,0.027672292597057
0,0.025922730156764
0,0.0213082418819043
0,0.0279944249664135
0,0.0029671129097759
0,0.0293924504338616
0,0.0292722847806345
0,0.0275499634434293
0,0.0284168155614724
0,0.0051487742593325
0,0.0294261140056829
0,0.0275249249768196
0,0.0274416763587274
0,0.0278764662757847
0,0.0274805582866507
0,0.0290902858032192
0,0.0057351239553155
0,0.0038931318021805
0,0.0294160405491693
0,0.0039418874544574
0,0.0293253601119587
0,0.0244152800355046
0,0.029436210701965
0,0.0282259395777955
0,0.0292971467072514
0,0.0545398133081728
0,0.4378427334635256
0,0.0288267863151243
0,0.0275009746456906
0,0.0160135908664995
0,0.0198343935998022
0,0.0294046796669333
0,0.0276392304612646
0,0.0053603944943148
0,0.0093525975870381
0,0.0292414806101237
0,0.0124720152619835
0,0.007031199144186
0,0.0291990577581689
0,0.029237407650394
0,0.0280747153286883
0,0.0290503270193698
0,0.0046054624155612
0,0.0280946083021012
0,0.0284698926609186
0,0.0276981505071062
0,0.0056596423666259
0,0.0276571648746487
0,0.0276719135151079
0,0.0274883822051388
0,0.0279840548360621
0,0.0266394362616868
0,0.0119531168248822
0,0.0274228494933253
0,0.024066775537929
0,0.0068906789618294
0,0.0963760298155256
0,0.0061627062795608
0,0.0276492927155744
0,0.0255003832109078
0,0.027178386666826
0,0.0039990682222537
0,0.029203393258261
0,0.004715459214669
0,0.0236840610614644
0,0.0280054035965686
0,0.029396806966652
0,0.0274830346537425
0,0.0280490575959235
0,0.0288789981471866
0,0.0279057204052698
0,0.0293502656374521
0,0.0284012052809122
0,0.0277443460291365
0,0.0030380705251204
0,0.0042830758697259
0,0.0274973302404244
0,0.0145647987708337
0,0.0294665784353102
0,0.0368105467884895
0,0.027643013185554
0,0.0285924705577231
0,0.0264206010054609
0,0.0280841519439078
0,0.0275259345810476
0,0.0062851239231668
0,0.0290902406457751
0,0.0278054051677334
0,0.027405302986902
0,0.0290203139314034
0,0.0274120181334249
0,0.02750453718648
0,0.0247257747457437
0,0.0279010063876128
0,0.0144920749778876
0,0.0274473349724539
0,0.0276427397549682
0,0.0276183476678359
0,0.0274199254651575
0,0.0062478401721962
0,0.0118982378747943
0,0.027781053921057
0,0.0288295160958522
0,0.0193284841303428
0,0.0267077774908896
0,0.0274122418877656
0,0.0292425616935341
0,0.027890075146896
0,0.0268935934958346
0,0.0163145313811985
0,0.0242124616591991
0,0.0291334867192598
0,0.0289906749372786
0,0.0155128924154989
0,0.0204905323927343
0,0.028501713310867
0,0.0148845713320505
0,0.0274906899348087
0,0.0278036243255491
0,0.0082221478618283
0,0.0067471510474719
0,0.0270332999500043
0,0.0059340062444783
0,0.0274796232280988
0,0.0274346406853386
0,0.0293475905637194
0,0.0282828150367454
0,0.0276595579221551
0,0.0293822278032592
0,0.0208103244687449
0,0.0285712918883645
0,0.0274202247982366
0,0.0281573955075195
0,0.028681198457696
0,0.0280797089627158
0,0.0181415254691765
0,0.0290732211815493
0,0.0279055034520484
0,0.028874239380373
0,0.0274680831063621
0,0.0245134266586132
0,0.015223212508192
0,0.0281953082029219
0,0.0275774772780334
0,0.0275215574686013
0,0.0237436869941523
0,0.0997596885764142
0,0.1099289053493949
0,0.0287058083081324
0,0.0043100901023539
0,0.0059933704896163
0,0.0280426029438927
0,0.0281112037714869
0,0.0291485091740045
0,0.0276725206857255
0,0.0279894500648442
0,0.0295155832586699
0,0.0290856744537587
0,0.0294000342916418
0,0.0288698120116651
0,0.0043642762390149
0,0.0292687459604288
0,0.0274067653403688
0,0.0274185590938788
0,0.0289908901655994
0,0.029218224542067
0,0.0351100689896249
0,0.0287212178572282
0,0.0274832324910405
0,0.0294042452023971
0,0.0279096475639465
0,0.0281947636481897
0,0.0283227707108205
0,0.0275104366088184
0,0.027853434449554
0,0.0505337746420257
0,0.012863101345373
0,0.0180199396635883
0,0.0160236950349802
0,0.0036634231524455
0,0.0110861592000969
0,0.602468275685496
0,0.0276859572141243
0,0.0273680948528791
0,0.0279710974047791
0,0.0115774009554485
0,0.0276146429173947
0,0.0158220777600217
0,0.009081703470444
0,0.0280487652847159
0,0.0401407641336388
0,0.0752777562598387
0,0.0051570666435782
0,0.0290156266943773
0,0.0291916138842333
0,0.0141511215376526
0,0.0149207753914412
0,0.0279696540080477
0,0.0152014580986338
0,0.0173077824241602
0,0.0038562936636567
0,0.0218135097770086
0,0.0283130012341621
0,0.0056926294292493
0,0.0284458521905413
0,0.0161952201803142
0,0.0287560446125236
0,0.0289642129878402
0,0.0255241306430308
0,0.0278182722063124
0,0.029136160244127
0,0.023584580248143
0,0.0063298791062721
0,0.0293642465197198
0,0.0083957565527856
0,0.0290929176087323
0,0.0741230685796969
0,0.0278716398719934
0,0.0243286358817422
0,0.4173683653038705
0,0.0275450956120979
0,0.0280614331945957
0,0.0248719885427929
0,0.0293016582718804
0,0.0279400457132623
0,0.028886797293343
0,0.0032966254357254
0,0.0062851644197553
0,0.0275466170582226
0,0.0278675646450206
0,0.0050226289770397
0,0.9663621338212696
0,0.0286887014876297
0,0.0047734698400469
0,0.042609096474934
0,0.0193473474518583
0,0.0277427558975394
0,0.0156588759232218
0,0.0358284896522647
0,0.020872615659171
0,0.0275585855259976
0,0.0291872159599971
0,0.0274152921601795
0,0.0239303918244758
0,0.0274692158268547
0,0.028890265227275
0,0.027915190698616
0,0.0277253295505918
0,0.0228101751881372
0,0.0274204005376757
0,0.0028843823085366
0,0.0290381068254837
0,0.0276523165991605
0,0.0638564720421118
0,0.023588967346314
0,0.0294034370920232
0,0.0277759436158894
0,0.0095605607906207
0,0.0290277979426913
0,0.0213292157610693
0,0.0666926493670957
0,0.0290901284308622
0,0.0282874561772379
0,0.0064579952011244
0,0.0293132790886098
0,0.0277347398556247
0,0.0133752425978536
0,0.6288309248231722
0,0.0053003397102294
0,0.0036764427419002
0,0.0290979232836946
0,0.027482016459389
0,0.028147276703752
0,0.0190023680381111
0,0.0275510694114631
0,0.0274450320560955
0,0.0263780247423195
0,0.006863377384003
0,0.0216314448421037
0,0.005974881100612
0,0.9715636906001324
0,0.0239067634223205
0,0.0145001336528019
0,0.0284134251237264
0,0.0254837611264178
0,0.0292143336590364
0,0.0274841557993704
0,0.6088768876005554
0,0.0034315057389201
0,0.0071498191969836
0,0.0290336015445336
0,0.0283907508063446
0,0.0235306797231843
0,0.0046780572739556
0,0.0293204906299461
0,0.0152350546026028
0,0.027409191209794
0,0.0043498421988514
0,0.0397729228336916
0,0.024043295318019
0,0.0641554390400066
0,0.0043703993451342
0,0.0275630575506738
0,0.0266044338906743
0,0.0276577123714893
0,0.029395949488527
0,0.0288340619819274
0,0.0277085032928714
0,0.0277278079044455
0,0.2495394419663073
0,0.0278812684672583
0,0.0276166826744819
0,0.0276484996600448
0,0.0145569931241002
0,0.0287099531754148
0,0.0275083948120764
0,0.028397881059708
0,0.029227882386666
0,0.0289584636227187
0,0.00392464999291
0,0.0273820718738319
0,0.0277783095600014
0,0.0295040098582787
0,0.014555292273633
0,0.004430545368278
0,0.0097323003202498
0,0.0285292339917875
0,0.0282791495240419
0,0.0291631259881625
0,0.0294517064967043
0,0.0224895975862021
0,0.0031354220385008
0,0.0285469921523529
0,0.0235698107975092
0,0.0284649300575744
0,0.0234264756054448
0,0.0222049912416834
0,0.0236571906050834
0,0.3079893545056914
0,0.0278181712928151
0,0.0030513637950554
0,0.0275238834276379
0,0.0192976185093652
0,0.0274946474311593
0,0.0445960823323315
0,0.0132001496614421
0,0.0168460367155531
0,0.02790148542474
0,0.1225670241366911
0,0.2692142502300667
0,0.0201615117927141
0,0.0283250799223377
0,0.0284613257094181
0,0.0294052028249269
0,0.0286158258786838
0,0.0222217326136507
0,0.0195652537195512
0,0.0274428718307984
0,0.0294642455243871
0,0.0043616322856284
0,0.0112102577140049
0,0.0069087945320654
0,0.027484276700863
0,0.0245056633577441
0,0.0286462436247137
0,0.0225172133350127
0,0.0051702345543648
0,0.0275772976230895
0,0.608335197271444
0,0.0269011572371427
0,0.0289282010016674
0,0.0115445934527939
0,0.0273927319429992
0,0.0275809182452737
0,0.0280100608736269
0,0.0294036876590495
0,0.0281515253498372
0,0.004469545826476
0,0.029253320895769
0,0.0246971158498295
0,0.0173454788426729
0,0.00811869911986
0,0.0281099967335812
0,0.0292347855368295
0,0.0270152377899304
0,0.0275191313520201
0,0.0284916976597581
0,0.0058683705875937
0,0.035175606915963
0,0.0284606088625102
0,0.0274897606277684
0,0.0283462507753313
0,0.0282657173114898
0,0.0282705926882688
0,0.0285433606591425
0,0.0287226530099702
0,0.0278758285615172
0,0.0283578921053335
0,0.0274443950416317
0,0.0081720768105189
0,0.0293791384951631
0,0.0284304010383673
0,0.0276303800327475
0,0.0275394625938603
0,0.0175790959540817
0,0.0287959218235442
0,0.0274135390041221
0,0.0530148035917069
0,0.0284025683644917
0,0.0286338452065025
0,0.0286051457615814
0,0.0275035505970907
0,0.0281342224798631
0,0.0279039940340733
0,0.0277440780428446
0,0.0030702114464751
0,0.0276827388328885
0,0.0276829083354749
0,0.0076216977657236
0,0.0288122121034905
0,0.053349951967515
0,0.028418695023639
0,0.0286934190447122
0,0.00820626541833
0,0.0047427200802854
0,0.028873863503988
0,0.0066886937791211
0,0.0124564438777273
0,0.0244416131872075
0,0.1394283719380008
0,0.0287650699900786
0,0.0291423208506793
0,0.0280072940582527
0,0.0095566556930995
0,0.004516404345606
0,0.0281844252658495
0,0.0292970515233432
0,0.0241794000899076
0,0.0289642129878402
0,0.0275465669310596
0,0.0274206161635349
0,0.6163049139817759
0,0.0280529020492937
0,0.0274323528598499
0,0.0274784326185349
0,0.0274416763587274
0,0.0282238432915817
0,0.029442455270402
0,0.0294245058653573
0,0.0097758483080498
0,0.027785478398393
0,0.0268911208301245
0,0.0275396775164005
0,0.0275110673690002
0,0.0854924808610581
0,0.0221719670965746
0,0.1019078132860295
0,0.0286468453837959
0,0.3421129438679968
0,0.0293791158789549
0,0.0274673124869738
0,0.017036784052602
0,0.0276732023143664
0,0.0350502892974205
0,0.0139033931592427
0,0.0277760086846275
0,0.0100474062881936
0,0.056697813670404
0,0.0280967278686182
0,0.0280646590211211
0,0.0274084763832852
0,0.0282259395777955
0,0.0283458755914391
0,0.0277418861972942
0,0.0174977805187281
0,0.0277740452614201
0,0.0277684562517916
0,0.0285242949493738
0,0.0292014871037381
0,0.0234982639807371
0,0.0293992409508285
0,0.0093780368300519
0,0.0278276341128058
0,0.0294022248339339
0,0.028260961240222
0,0.0268491279018811
0,0.0281479147996295
0,0.0657908207195184
0,0.0096953109769987
0,0.0040382352461035
0,0.0155329267498291
0,0.0279262576634562
0,0.0199964592113716
0,0.0281695402689662
0,0.0061555738306557
0,0.0190173239630128
0,0.0279196096473812
0,0.0274434866167802
0,0.0041061600011266
0,0.0276981505071062
0,0.0076249274629136
0,0.0074955679706614
0,0.0290139713920289
0,0.0099891152877959
0,0.0234911787610233
0,0.8008725340368065
0,0.028065702488951
0,0.0293386584949522
0,0.0279357105826398
0,0.0042999193807736
0,0.0281573787042136
0,0.004359429763218
0,0.025336044739696
0,0.0294024602211165
0,0.0203730408477685
0,0.0264212954576568
0,0.0268063809627281
0,0.0281708546051865
0,0.0263015260307057
0,0.0293958302603857
0,0.0274021254636732
0,0.0277612973259398
0,0.0291879139217342
0,0.0281665758668477
0,0.0275338582100627
0,0.0248181269181719
0,0.028437334581531
0,0.0280440441858672
0,0.0273285884889388
0,0.0167040768844373
0,0.0052120668906547
0,0.0267696326245198
0,0.0223580153814896
0,0.0027550019141306
0,0.0252302587979968
0,0.0278863282344253
0,0.0284363822325089
0,0.0291266435210217
0,0.0277772537180652
0,0.0274911393150058
0,0.0289159750056696
0,0.0169762953779877
0,0.0250646100902079
0,0.0086190437073518
0,0.0281702636860927
0,0.0290098090306006
0,0.0183751353886939
0,0.0126477872566496
0,0.0278860172198165
0,0.011572319435488
0,0.028288244639612
0,0.028720214626573
0,0.0129516365710629
0,0.0037468491251655
0,0.0274772395451562
0,0.0171447575973479
0,0.0274154002214713
0,0.0286047367923873
0,0.024365703763134
0,0.0111045238941364
0,0.028673197592895
0,0.0043515600532869
0,0.0277060295810328
0,0.0288999407978841
0,0.0148138582022636
0,0.028692988287744
0,0.0221124471897674
0,0.0276917085065355
0,0.1441913041856455
0,0.0274087983693439
0,0.0274668619023647
0,0.0285750313384114
0,0.0281421182327836
0,0.0276804438872691
0,0.0158923435771558
0,0.0276270838995943
0,0.0290171174151761
0,0.027406316088189
0,0.0288413676422696
0,0.0127138094889991
0,0.0262866955219502
0,0.9826746065506852
0,0.0282851483669543
0,0.0275841532998437
0,0.0281907839695735
0,0.0040882108145752
0,0.0283794465832523
0,0.0255722398591299
0,0.028374083171833
0,0.0292473116433131
0,0.0055944534111808
0,0.0037579212988383
0,0.0275428997146046
0,0.0295394425439325
0,0.0286978208800224
0,0.0276917676550971
0,0.029337995484615
0,0.0092746552890562
0,0.0058273899031342
0,0.0284921844386732
0,0.0062296566693189
0,0.0288037002345833
0,0.0287107417521038
0,0.0289453560011555
0,0.0287979386971072
0,0.0280035494991566
0,0.0274071337774805
0,0.029340118190977
0,0.0274456723998564
0,0.0290480648457658
0,0.0293622733153785
0,0.028097107932929
0,0.0104706096044528
0,0.0289282010016674
0,0.0049320333536769
0,0.0286963105097982
0,0.0294044201650425
0,0.0292495856223339
0,0.0277015716019393
0,0.024363158378326
0,0.0686864018455684
0,0.0283810686921432
0,0.0285162209040453
0,0.0274321592433653
0,0.0044885288455634
0,0.0280016770366476
0,0.0292727022058461
0,0.0282657173114898
0,0.0288970514562622
0,0.0262792300575758
0,0.0252775694137446
0,0.0054285345560794
0,0.0275107486629893
0,0.0274366029742958
0,0.0291038088207701
0,0.0249425553325
0,0.0101984573226822
0,0.006281340632358
0,0.0275222131331963
0,0.0039692065561013
0,0.0191198482075008
0,0.0280876876648195
0,0.0063425788434532
0,0.6067568507319082
0,0.0290289622866521
0,0.0290167685335245
0,0.0279729793600601
0,0.028658398055151
0,0.0165134760561698
0,0.0276624195303962
0,0.0279357105826398
0,0.0291097842280351
0,0.0290021557081555
0,0.0280805032999239
0,0.005656578092913
0,0.0253987972459717
0,0.0198693809191623
0,0.0275891028777391
0,0.0315209551122294
0,0.0293255186725097
0,0.0274616900144376
0,0.0189487055057086
0,0.0292456322305885
0,0.027512550102508
0,0.0412259142344412
0,0.0061167445866688
0,0.0088760131586946
0,0.029079164940586
0,0.0288011197878436
0,0.0237642028596626
0,0.0058464173645713
0,0.0275168783383446
0,0.0274868135882085
0,0.0275352892083915
0,0.094930663072439
0,0.0277954455330796
0,0.0072797291538526
0,0.0277037694721871
0,0.0292590100728614
0,0.0294055403454322
0,0.0205527303692727
0,0.0295626853057412
0,0.0274705785810418
0,0.0274902047336627
0,0.0255152674794893
0,0.0274249752684711
0,0.0279907502805627
0,0.0277391405748325
0,0.0293263815044915
0,0.0294737479680566
0,0.027732299963842
0,0.0287224802347384
0,0.0424956946185935
0,0.0041089970730308
0,0.028832242822566
0,0.0135385944805051
0,0.0197792554275445
0,0.0053748184151226
0,0.0231362886977052
0,0.0166403754333417
0,0.0275715079346491
0,0.0287557169236069
0,0.0274213482639971
0,0.0284102692600833
0,0.0241584979327336
0,0.0890192632378186
0,0.0275773568944868
0,0.0192118890406331
0,0.0274441018611043
0,0.0292140904992601
0,0.0290001885179649
0,0.0289279798865287
0,0.028048297411642
0,0.028281872825908
0,0.0283277798814451
0,0.027765954444326
0,0.0304211409340939
0,0.0635007043043147
0,0.0048614245342107
0,0.0278372492598135
0,0.0284203707339659
0,0.0294032521094163
0,0.011626476772369
0,0.0275196376729417
0,0.0178680277909839
0,0.0178172500152669
0,0.0294496947831916
0,0.0201805501687301
0,0.0289523513325258
0,0.0285762884448936
0,0.0283878341035067
0,0.014699270311301
0,0.0184202781209691
0,0.0056217211194289
0,0.028860879592522
0,0.0037949804207554
0,0.0981252032884991
0,0.0040582831911775
0,0.1165568130039059
0,0.029106759424659
0,0.0030302416907338
0,0.0236801467717475
0,0.0284990805699022
0,0.0263537511538403
0,0.0278662080600609
0,0.0283362920056323
0,0.0150833133090394
0,0.0159390330069927
0,0.0274163601509377
0,0.0256340476289951
0,0.0274525525325833
0,0.0225484584350014
0,0.0293273433612258
0,0.0236536086819545
0,0.0274286968321468
0,0.0210624886787248
0,0.0191391402861645
0,0.0247180287671204
0,0.0042517865706519
0,0.029137129670617
0,0.0294412821071008
0,0.0275725227973525
0,0.0257507246468727
0,0.0292328111848902
0,0.0088023612908183
0,0.817061023277651
0,0.0278124009073139
0,0.0135524241491051
0,0.022814126372392
0,0.0051660053619801
0,0.0294037880674429
0,0.0279423838395759
0,0.0083643376766955
0,0.0141320658664706
0,0.0277798299139371
0,0.0277986873954231
0,0.0274469687514595
0,0.0058788265641951
0,0.0043843414496518
0,0.0039375796614588
0,0.0281709331206671
0,0.0218245221027156
0,0.0275465045577662
0,0.0041445407485058
0,0.0225836131099138
0,0.0219383346227706
0,0.0316445994734356
0,0.0280179294258354
0,0.0274297972057129
0,0.0784451731456299
0,0.0275799210944327
0,0.0109620486590394
0,0.0269185831084259
0,0.0287073688129228
0,0.0275274096480415
0,0.0027218864206553
0,0.0048359518379976
0,0.0280110096564404
0,0.0286780057196507
0,0.027951768398921
0,0.0139783645786342
0,0.0126900906688945
0,0.0336449678515397
0,0.0275894836213054
0,0.0225316359598827
0,0.0280329634438219
0,0.0119374209252015
0,0.0289293512682305
0,0.0037682397202733
0,0.0286829195650803
0,0.0289853723643732
0,0.0758335104695075
0,0.0098051180282702
0,0.001116837403372
0,0.0293528410009177
0,0.0277458290839263
0,0.0287729255627285
0,0.028033112375107
0,0.027498505316574
0,0.0641604409966323
0,0.0284426933360568
0,0.0281960661573493
0,0.0052970675010058
0,0.0073009376555731
0,0.0275576752731167
0,0.027450052483579
0,0.002843969342359
0,0.0288922464256609
0,0.025818413343935
0,0.0215809138678454
0,0.0236489013812978
0,0.0274227694800991
0,0.0253197981196822
0,0.0292065391353137
0,0.0281597701886099
0,0.0270942569658717
0,0.0281365899466218
0,0.0293902187103374
0,0.0278215185009591
0,0.0274176406991776
0,0.027174840940281
0,0.0124485203649878
0,0.0288018780065217
0,0.0167601500834653
0,0.0040224484759669
0,0.0031350894391715
0,0.0290189925959666
0,0.4679042254367206
0,0.0284167876309032
0,0.0274214373671268
0,0.0252411745513226
0,0.0267071788337281
0,0.0283350644408263
0,0.0281312499537529
0,0.0087777593176969
0,0.1198311760048584
0,0.027849540674948
0,0.5742278299548093
0,0.0219452027549966
0,0.00888599967561
0,0.0095552456462451
0,0.0074687035629262
0,0.0278372188268294
0,0.0279139652231156
0,0.0286437117921005
0,0.0051086746538393
0,0.0293571809497433
0,0.4483037639696149
0,0.0199976617107222
0,0.0275667381901426
0,0.027564845784627
0,0.0294320823236226
0,0.027577914850717
0,0.0126599015305163
0,0.0285860378689107
0,0.0275792437230442
0,0.0158791050198914
0,0.0234803008090498
0,0.0274231385295021
0,0.6515952724700435
0,0.007711537328399
0,0.0293718053517639
0,0.0296640134388294
0,0.0286857990559217
0,0.0389948587117143
0,0.0275863513259434
0,0.0277614032413974
0,0.0208287210110968
0,0.0209348026353034
0,0.0332237085683361
0,0.0108857634200549
0,0.0274110250809246
0,0.0063773236925201
0,0.0062102181159389
0,0.0292076251421653
0,0.0287067413554243
0,0.0293772118353034
0,0.0262978846590601
0,0.0284599881851334
0,0.0253104436965154
0,0.028835918686765
0,0.0253133301455328
0,0.0284603460906413
0,0.0281534932518285
0,0.0063101094878442
0,0.0293703441090939
0,0.022430486886148
0,0.0044924673785302
0,0.0274429698237934
0,0.0279421518615737
0,0.0276333303668679
0,0.0285248284759619
0,0.0276175326271873
0,0.0287406917025115
0,0.008527271962509
0,0.0292581488423212
0,0.0174084057074794
0,0.0086645819430334
0,0.0283329579932849
0,0.0274665341097456
0,0.0282199450290395
0,0.0291452157542516
0,0.0256164148668307
0,0.0031277572434092
0,0.0283941558446853
0,0.0056241664562694
0,0.0278314171876383
0,0.028959649541793
0,0.0285346919132915
0,0.0274141270287608
0,0.0040834366254336
0,0.0275149569656612
0,0.0263792201982727
0,0.0274453465795694
0,0.0094652642281896
0,0.0275103658192073
0,0.0224895975862021
0,0.0786965840015282
0,0.003915026609965
0,0.0048383593571575
0,0.0243819089314765
0,0.0274020295756636
0,0.0725947230104009
0,0.0244089416193753
0,0.0122275765680373
0,0.0282392084047519
0,0.0288897642392268
0,0.084438928671773
0,0.0115483835980641
0,0.0062091685574177
0,0.0036943804337146
0,0.0273893826571963
0,0.1981322488090189
0,0.0281662522020552
0,0.027413566097482
0,0.0286362409631579
0,0.0274850402887476
0,0.0274127186665226
0,0.0285048673195237
0,0.0080751172738014
0,0.0288191973605014
0,0.0292942353955949
0,0.0275193749608611
0,0.0287729658145356
0,0.0033157101391201
0,0.0422257285639226
0,0.009698224216922
0,0.0173869315495125
0,0.0289379369191635
0,0.0073171780457446
0,0.0276112591362773
0,0.0283792394884667
0,0.02846337925045
0,0.0047649657123203
0,0.0233118334927379
0,0.0286693980653986
0,0.0283487357127911
0,0.0049382665119914
0,0.0287827316466555
0,0.0036316508041981
0,0.0064601268408517
0,0.010048656339104
0,0.0289327087768922
0,0.0746520755646033
0,0.0274651823859053
0,0.0276529849537112
0,0.0107997031580558
0,0.0293354120503385
0,0.0274164714037041
0,0.0234939558845245
0,0.0282112961771825
0,0.0552335374046103
0,0.0269983488235356
0,0.0048955135671961
0,0.0291301060782249
0,0.0278963155763761
0,0.0329925583470564
0,0.0215496286090295
0,0.0316035996299057
0,0.0050412148067234
0,0.0274439010087935
0,0.0293447881876872
0,0.0276876074840494
0,0.0288022541955393
0,0.0088550327706425
0,0.0094643852489974
0,0.0274163069430915
0,0.0285649307801438
0,0.0292921935622922
0,0.0285741720764617
0,0.023838795356113
0,0.0290427598440548
0,0.0038766996179521
0,0.0130636194953138
0,0.0212173718960438
0,0.0274675806181278
0,0.0280992689254431
0,0.0273970245252819
0,0.0293784407303563
0,0.0293186443069346
0,0.0275860065072642
0,0.0294102775562432
0,0.0051299753670458
0,0.8956964151802473
0,0.0284088000498752
0,0.0276819672732853
0,0.0286133411239596
0,0.0224589453345415
0,0.0280999807185868
0,0.0199706113851363
0,0.0219868848985088
0,0.0280435200117763
0,0.029077740089051
0,0.1378849399635686
0,0.0282668315295547
0,0.0229129084505972
0,0.0287150063693446
0,0.0341291831685222
0,0.0275241323532305
0,0.0241222728483858
0,0.0276784957034138
0,0.013218269997484
0,0.0052851415935511
0,0.0283147811857095
0,0.0293706479696984
0,0.0097848845915137
0,0.0099320485940248
0,0.0294809122705725
0,0.0285869854511692
0,0.0044007426898121
0,0.0269528301067455
0,0.0276626589301331
0,0.0034573030426022
0,0.0274512779201518
0,0.0164166398028676
0,0.0276112538186354
0,0.005846536012606
0,0.0171614940118744
0,0.0293359050132198
0,0.011559450722473
0,0.0062661363143814
0,0.0055217498544265
0,0.0290231083217181
0,0.0235085464608724
0,0.0276660814024613
0,0.0236002694952692
0,0.0288852500712646
0,0.0276729017797071
0,0.028309037023195
0,0.018278654884219
0,0.020170977588422
0,0.0232891392898166
0,0.6199166101409849
0,0.0282864961688726
0,0.0274113744702289
0,0.0120666687069091
0,0.0181584305155984
0,0.0284700814354334
0,0.0056273993965749
0,0.0276102429782653
0,0.0046521911470433
0,0.0294126798848257
0,0.029006926020133
0,0.0681125803964176
0,0.0291824890347431
0,0.0274419681946524
0,0.021256856499237
0,0.0274472658533757
0,0.0182889013082096
0,0.0129889046751069
0,0.0045052559942169
0,0.027435235032545
0,0.0279054520980638
0,0.0280537255243563
0,0.0274308642531961
0,0.0294023874984238
0,0.0289625307284104
0,0.0117024534057543
0,0.0277576458999437
0,0.0039595914021803
0,0.0283358308595962
0,0.0037356760061805
0,0.0130924611713318
0,0.0275818257272282
0,0.0286785084102287
0,0.0276300597083262
0,0.0290310344303871
0,0.0293956692559371
0,0.0066222308901592
0,0.0274810348863464
0,0.0294027091229584
0,0.0294187805865636
0,0.0275242091850185
0,0.0280508669163365
0,0.0088333036830931
0,0.0172990452783161
0,0.0078091258380253
0,0.0277722678774792
0,0.028969027489021
0,0.0279245839596077
0,0.1435345576141576
0,0.0274853913348379
0,0.0140046405044123
0,0.0274155151671905
0,0.0284203832064341
0,0.5948808086897817
0,0.0425509968336991
0,0.0294894892455308
0,0.0275383325583156
0,0.0274106295087905
0,0.0213981990514396
0,0.0221652344797482
0,0.028397881059708
0,0.0052401437772082
0,0.0281589555319903
0,0.0233305668060097
0,0.0028772137834696
0,0.0276060016585281
0,0.029418099485184
0,0.0238940298709939
0,0.0041122542011088
0,0.0275750825920374
0,0.0221486273337476
0,0.0051133495869381
0,0.0242121346890154
0,0.0414687004232385
0,0.0274559474479405
0,0.0280613532731695
0,0.0282265137040187
0,0.0274452579173852
0,0.0074741369236173
0,0.0261449294463351
0,0.0057302912514301
0,0.0279443461172795
0,0.0292930678244242
0,0.0279613551492333
0,0.0050278159557297
0,0.0203898342935284
0,0.0291749852309815
0,0.0051711511403513
0,0.0843469199863375
0,0.0291773627338577
0,0.0288574539319699
0,0.0280856446552275
0,0.0288309085591269
0,0.0295381716751385
0,0.0280363919602241
0,0.0278155987759198
0,0.0056294822418395
0,0.0211554539336356
0,0.0282527228105881
0,0.13743150653547
0,0.9930910586283268
0,0.0837364092178784
0,0.0284666683300812
0,0.0275415365809287
0,0.0272294943950553
0,0.028208204977517
0,0.0237880204405668
0,0.0289183900455652
0,0.0293600173731973
0,0.0049210187164363
0,0.0290716814989675
0,0.0156870601518748
0,0.3657025745579493
0,0.0155898745955961
0,0.0258247781401147
0,0.0262630658136496
0,0.0246795261853916
0,0.0274603791208191
0,0.0192539746310843
0,0.027723879585119
0,0.0277317977206219
0,0.0290298556036359
0,0.0060652106407934
0,0.2357852304773552
0,0.0072810093607057
0,0.0167790384247265
0,0.0278335638873015
0,0.0283347339486897
0,0.0032909793449853
0,0.0211504842191191
0,0.0231344137705155
0,0.0277548835213627
0,0.0279265505511885
0,0.026011566662919
0,0.0099571617733911
0,0.0423122793192277
0,0.0500250759627582
0,0.0294012468414546
0,0.0280228657021738
0,0.0283649089228281
0,0.0236055871342974
0,0.0284003233771581
0,0.0077085343920202
0,0.0057871103994899
0,0.0281945257241303
0,0.0281882018295717
0,0.0030275213569752
0,0.0289708055626708
0,0.004594991899959
0,0.027430885394316
0,0.0281918876746361
0,0.0235200567745904
0,0.0293362844785086
0,0.0163756045497555
0,0.0287839420229513
0,0.0290331761306687
0,0.0090558375160321
0,0.0275285643977996
0,0.0276696152872739
0,0.984813300761224
0,0.0276652733089504
0,0.0276363626962146
0,0.0349509034141314
0,0.0278631285981492
0,0.0294424013083765
0,0.0292401222880511
0,0.0275207131195274
0,0.0213343861167518
0,0.0276097274873751
0,0.021566852018295
0,0.0040527861706592
0,0.0079539617456616
0,0.0288986801280793
0,0.0107371884347841
0,0.0283798092313983
0,0.028012569758643
0,0.0282917710364714
0,0.0288137913246723
0,0.0200558433155924
0,0.1082373451912538
0,0.0285286246502136
0,0.0294254525430014
0,0.0274196792912991
0,0.0086304343612296
0,0.0212733660353556
0,0.0359497823911857
0,0.0119232137161692
0,0.0284613257094181
0,0.0057829799905376
0,0.005921326379938
0,0.0277145096265986
0,0.0286761106544155
0,0.0276518184102618
0,0.0243092070566814
0,0.0278816093927327
0,0.0274148597869337
0,0.0244148147555638
0,0.0036542184165241
0,0.0280160826964479
0,0.9944940813433734
0,0.0279913900536662
0,0.0274913778951813
0,0.0723461760424623
0,0.028633616328632
0,0.0257671730724216
0,0.0289416476645385
0,0.0279729793600601
0,0.0062874054946279
0,0.0278909676096709
0,0.0269122781167917
0,0.027784249587206
0,0.6170447323671661
0,0.0290020915226756
0,0.0057238101077189
0,0.0053003397102294
0,0.0294424503176601
0,0.0093994088384596
0,0.0110944987188782
0,0.005541949587898
0,0.0236043707911001
0,0.0278551484190174
0,0.0277963075372348
0,0.0029647865765394
0,0.0128676157203545
0,0.0274912803965439
0,0.0286857990559217
0,0.025192969563913
0,0.0160823871250276
0,0.0175463631410131
0,0.0964512725097226
0,0.0171762336535458
0,0.0049475096926773
0,0.0285787636474992
0,0.0045289408282486
0,0.0283303647380813
0,0.0275628243316823
0,0.0275977064365152
0,0.0220953020820607
0,0.0596887192128427
0,0.0030884484211152
0,0.0293723424699668
0,0.0218563711650808
0,0.002777811553284
0,0.0704441566392995
0,0.0080751172738014
0,0.0068836320120347
0,0.0285549160915456
0,0.0739227260856449
0,0.0287891966846115
0,0.0262312955137106
0,0.0276508227215635
0,0.0020301258341642
0,0.0605768815183723
0,0.0274773332088758
0,0.02847146633256
0,0.028766148935039
0,0.0283121022201964
0,0.0274778552222135
0,0.0227527096787662
0,0.0055982954489249
0,0.0278032620060336
0,0.028728674041964
0,0.0050310523072575
0,0.0186253939200882
0,0.0169937125779397
0,0.0027743856056035
0,0.0279223639734003
0,0.0293798650757825
0,0.0274938852820859
0,0.0281091982936044
0,0.0041605611827598
0,0.0191511255134377
0,0.0063794402674682
0,0.0274774484415172
0,0.0287191448846246
0,0.0289684741933981
0,0.0292606558911342
0,0.0292228695445918
0,0.0274430239110051
0,0.0201837622623181
0,0.0287029759045655
0,0.0166248162051516
0,0.0276574961473699
0,0.0281285246380205
0,0.0249887803185074
0,0.0292979728880772
0,0.0074271398745313
0,0.0202415970524101
0,0.0285148434190174
0,0.0283730019889837
0,0.0289760635368836
0,0.0221466247603885
0,0.0283019738854572
0,0.0274937753424614
0,0.0275244669132024
0,0.0279511503203389
0,0.0275787489831685
0,0.0208068938265656
0,0.0281518129476364
0,0.027558298667837
0,0.0293740879708737
0,0.0460164271049274
0,0.027587333449113
0,0.0234910875252602
0,0.02769121960695
0,0.0284292482852655
0,0.0274076098564931
0,0.1717526166994349
0,0.0250325727055614
0,0.0280155409993364
0,0.0281213820644258
0,0.027420889243635
0,0.3384492336614303
0,0.0272525510484358
0,0.0147833252776628
0,0.0275483750770144
0,0.0275050493040521
0,0.0288508977284056
0,0.0279291266226689
0,0.0293577997134662
0,0.028665709118555
0,0.028740188959127
0,0.0294033092204598
0,0.028649130586085
0,0.027644312356097
0,0.0293341753781782
0,0.0278185613944219
0,0.0246943664216255
0,0.0122346378115987
0,0.0042911733540892
0,0.0291503898150133
0,0.0280811698301461
0,0.0295241065729254
0,0.0276680577687471
0,0.0293666557652008
0,0.0061823656038688
0,0.0041478005450505
0,0.0282644482589278
0,0.0289297298607399
0,0.0060413090097075
0,0.0290202364287464
0,0.0286629906840587
0,0.0036340212801559
0,0.0088532179051643
0,0.0288103408875604
0,0.0274375478560463
0,0.0274913943862592
0,0.0275003043337859
0,0.0788829414423055
0,0.0042762231886642
0,0.027813262300662
0,0.0274227991825965
0,0.0149233456504447
0,0.0163908512503709
0,0.0241982177751787
0,0.003721402089886
0,0.0275869552774753
0,0.0281695402689662
0,0.0294342625477605
0,0.0138720222004521
0,0.0276433646713093
0,0.0269840874658996
0,0.0049449086244857
0,0.0153631350728272
0,0.0293502323277519
0,0.0275209776720358
0,0.0243450897899673
0,0.0281951126889649
0,0.0285390944601258
0,0.0285506995697796
0,0.0274641664438865
0,0.0008382795386559
0,0.028149642285992
0,0.1591503708939943
0,0.02911748469122
0,0.0271966450881171
0,0.0287526616907973
0,0.0136211116610987
0,0.028013824728196
0,0.0356162664870675
0,0.0367288767484359
0,0.0292659301758735
0,0.0274909325816303
0,0.0274287177289306
0,0.029399889700918
0,0.1057606553379376
0,0.0028160378271263
0,0.0293971709585376
0,0.0293494301224534
0,0.0277317782508606
0,0.0041746374938315
0,0.0282714211124238
0,0.0294275547461342
0,0.0294399639899566
0,0.0279733929200421
0,0.0285746679363281
0,0.0292093360733424
0,0.0624146124503321
0,0.069195105195764
0,0.0264304738064244
0,0.0274183703190959
0,0.0208414365713113
0,0.0044416773325334
0,0.0294067675879508
0,0.0291624262187588
0,0.012166496368448
0,0.0142022954843881
0,0.0598254913507664
0,0.0290566381560968
0,0.02765286195764
0,0.0065772749779906
0,0.0188323637497256
0,0.0253049557988059
0,0.0286543552047315
0,0.0232077051823032
0,0.0274228729904685
0,0.0288702417844293
0,0.0276333571748253
0,0.0274108664714153
0,0.0285191667336613
0,0.0278541198831408
0,0.0144285251083558
0,0.0078785309193942
0,0.0230535973408757
0,0.0012719475553146
0,0.0268255093768454
0,0.0034036978091704
0,0.0277679411163698
0,0.007859708464671
0,0.0078025261114119
0,0.0275864952828835
0,0.0233022320005887
0,0.0140618609826247
0,0.0275470875749687
0,0.0157685309635856
0,0.0041775740149283
0,0.0250708867692402
0,0.0100884601124084
0,0.0276678628611428
0,0.0289473195835023
0,0.0283188925715735
0,0.0042071602516034
0,0.0293717538117038
0,0.0274238588334791
0,0.0062726402357264
0,0.0038869757157168
0,0.0080212479061974
0,0.0293477469121314
0,0.0041027133650521
0,0.0096851229702897
0,0.0290544452508011
0,0.0273909143254575
0,0.0275340842852966
0,0.003727917500961
0,0.0056872113689262
0,0.0039606554090784
0,0.0281272015104983
0,0.0278103777543424
0,0.027454230854634
0,0.0109819781990205
0,0.0626706560715361
0,0.02058278840742
0,0.0465450088120063
0,0.0275099754302803
0,0.0276737128921113
0,0.0063772706555671
0,0.0281518608057383
0,0.0284017960191972
0,0.0233536004937451
0,0.0281710695426405
0,0.0270643237367495
0,0.0244182070887836
0,0.0046173993937922
0,0.0187385825878732
0,0.0274753731813794
0,0.2574838642787098
0,0.0294406316765842
0,0.0128098778794485
0,0.1125705758470479
0,0.0274594133659003
0,0.028175552198716
0,0.0036420796367904
0,0.0288960474239454
0,0.0281307616559219
0,0.0274165743925345
0,0.0284121921918897
0,0.0157275856449155
0,0.0032072622697033
0,0.0293218101194654
0,0.0288506833979005
0,0.0061976202407873
0,0.0050793640761882
0,0.0298596282179167
0,0.0197455725878127
0,0.9838872303667704
0,0.0054894219912988
0,0.0190342364709314
0,0.0274463550184003
0,0.0115483638383892
0,0.0283380910883467
0,0.0275335803963926
0,0.0290593540897002
0,0.02936639101146
0,0.9845483166876808
0,0.0095761787247872
0,0.0277429172212356
0,0.0051450567755165
0,0.02487813160756
0,0.0108704862757477
0,0.0279282153887717
0,0.0061576960373521
0,0.0285125534778989
0,0.02893560897618
0,0.0361085669914536
0,0.0042861531560508
0,0.0288375091870286
0,0.0284298416440404
0,0.028437334581531
0,0.0274075059843999
0,0.0275169145236256
0,0.0279110543481365
0,0.0233559153585882
0,0.0289285013272619
0,0.0292320784034934
0,0.010623194658467
0,0.0287907980445296
0,0.0295409642894351
0,0.09294179702041
0,0.0289296668742721
0,0.0284604770533421
0,0.0058878522922221
0,0.0294046998582117
0,0.0278584745486442
0,0.0044021980726557
0,0.021270625540286
0,0.0078740493088521
0,0.0250478048060288
0,0.0287631712320732
0,0.028957329495854
0,0.028960004594668
0,0.9646918783149846
0,0.0236274326050241
0,0.0280536212157196
0,0.0278215185009591
0,0.0160338626744861
0,0.0295763928002107
0,0.0285274936189059
0,0.0113153369324255
0,0.0063201020225472
0,0.0161245148623401
0,0.0294030168740667
0,0.0281606683352451
0,0.0044517661930545
0,0.0190549968302048
0,0.0294122606337265
0,0.0295507833438239
0,0.0274492970128363
0,0.017045070448678
0,0.0177405451201583
0,0.0488975146976956
0,0.4450259239826518
0,0.0196145404092825
0,0.0276890061119921
0,0.0275421979219465
0,0.0161351558606438
0,0.0717611562527391
0,0.0160647255863437
0,0.0122151957259768
0,0.0146240441303253
0,0.0135720489494098
0,0.0060233432324806
0,0.0279328481641376
0,0.0273963761114294
0,0.0274533128643015
0,0.0278401269327247
0,0.0293476384858965
0,0.0285286551210716
0,0.0282521864137878
0,0.0289959467419262
0,0.0274962443997338
0,0.027790073353034
0,0.0184830104462782
0,0.0292216801178436
0,0.0176391290455743
0,0.011229479425873
0,0.028432696774779
0,0.0274831243756731
0,0.0231569794899735
0,0.0278591710815166
0,0.0281761028935094
0,0.0285384885665004
0,0.1149455350551175
0,0.0274224408700104
0,0.0274746697798479
0,0.0266425837947465
0,0.0274074372421284
0,0.0155418430604183
0,0.0282378871611189
0,0.0292450358721322
0,0.0285914619379679
0,0.0264645050273977
0,0.0277402919353112
0,0.0284447120162622
0,0.0287671327642549
0,0.0056964591829867
0,0.0278826591974561
0,0.0282086521019122
0,0.0233607405226761
0,0.0278188082798898
0,0.0230692316180299
0,0.0053329569031844
0,0.0627533282939446
0,0.0282661742749355
0,0.0240912562282295
0,0.0219735027883972
0,0.0276315715298246
0,0.0037566061381601
0,0.029014581406689
0,0.026162439265235
0,0.0984403831935514
0,0.0190162709590872
0,0.0278498449188339
0,0.0289596749131131
0,0.0236360287331861
0,0.0282098744835157
0,0.0049750662047654
0,0.0276491976189373
0,0.029386882201311
0,0.0153325558199674
0,0.0271359663757982
0,0.0271722813664014
0,0.0398377389162528
0,0.0278293797776094
0,0.0270101271584671
0,0.4692366752533966
0,0.0275653882283629
0,0.0106580740387028
0,0.0104164413562514
0,0.0280700703998715
0,0.0274901997857226
0,0.0139095451238136
0,0.0161741960178403
0,0.0126099351434658
0,0.0217649984377683
0,0.0212214347238225
0,0.0275588237082714
0,0.5851372994895419
0,0.0280048439720254
0,0.0289052512173403
0,0.0161978287242351
0,0.0274830346537425
0,0.0417575558673589
0,0.0279467659684013
0,0.0283063937088494
0,0.0143993381416884
0,0.0286207564599389
0,0.0286975159569104
0,0.0471561188290052
0,0.0254849283560803
0,0.0292316199021513
0,0.0238657690002201
0,0.0163306396540062
0,0.0274179770518232
0,0.0513890217881466
0,0.0274065251199285
0,0.0251511294901325
0,0.0279636297291764
0,0.1223552685657593
0,0.9131261026229388
0,0.0276284794165521
0,0.029472712040095
0,0.0072273523928593
0,0.0293114195960278
0,0.0274577424871974
0,0.469843235062014
0,0.0277443378375793
0,0.0292158747092231
0,0.0293569479332062
0,0.0290006120667028
0,0.0045890687862332
0,0.0233250428903589
0,0.0294697620739852
0,0.004855693620138
0,0.0292449793195342
0,0.0144998598770515
0,0.0288426611327686
0,0.0295166296665603
0,0.0420500620216722
0,0.0289671815673897
0,0.0129810538393912
0,0.0291161718773259
0,0.0281667053644927
0,0.0058714596173394
0,0.028418695023639
0,0.0283697311792632
0,0.0678253218178047
0,0.0092790904784045
0,0.0190483880393671
0,0.0967211371996482
0,0.0284995824906603
0,0.0274638059089898
0,0.0041010664826799
0,0.023343603518404
0,0.0274632009178112
0,0.0254117857167245
0,0.0284967044936231
0,0.0255770551255939
0,0.0289007255402234
0,0.029091684839934
0,0.0059448366988895
0,0.0284867174570647
0,0.0285590418586721
0,0.0293163867028643
0,0.0204552003573159
0,0.0274601795269302
0,0.0043816225172467
0,0.0282479963720902
0,0.0063460289470747
0,0.0277146243581574
0,0.0011740779571823
0,0.0063645730454703
0,0.0274579141745937
0,0.0159219317305439
0,0.0121902635369187
0,0.0275284682497939
0,0.0110986254821053
0,0.0274987506688645
0,0.0120323767300396
0,0.0283794465832523
0,0.0184326049522677
0,0.0152824854581386
0,0.0274532939859159
0,0.9929343340067096
0,0.0294222428844052
0,0.0245796859091722
0,0.0280805845580129
0,0.0250587585343773
0,0.0278052242844078
0,0.0040000256236588
0,0.0066638511732069
0,0.0057894986799252
0,0.0036128433163636
0,0.0225034967046637
0,0.0294377450104211
0,0.0113631524169148
0,0.029326275162557
0,0.0293924648078517
0,0.0274304826522971
0,0.0053592482266896
0,0.0274793033089729
0,0.0287025195493065
0,0.0288788688653107
0,0.0283873882283727
0,0.0080492808510575
0,0.0429380036877241
0,0.0559746989927661
0,0.0287311633466007
0,0.0164331599264366
0,0.0274923559484118
0,0.0283576287504227
0,0.0283789348845034
0,0.0051711017837601
0,0.0291782155013871
0,0.0045434170298192
0,0.0380684910788293
0,0.0275436818725302
0,0.0274895884741993
0,0.0258116324039187
0,0.0286441474573096
0,0.0269519873622302
0,0.0277491944695838
0,0.0060710394159243
0,0.0284164399902417
0,0.0049735794252779
0,0.0287491946905841
0,0.0060845121765125
0,0.0271741000452523
0,0.0275235938325825
0,0.0274074462367635
0,0.0274593516724429
0,0.0287838167197666
0,0.003734963774884
0,0.0294496950814519
0,0.0284189286273212
0,0.02762152380113
0,0.0427124410072243
0,0.0275520516771835
0,0.0292004009187035
0,0.0275657865544794
0,0.027832082048646
0,0.0275722731634683
0,0.0275044624292353
0,0.0284065233624704
0,0.0289291907980657
0,0.0071565653386217
0,0.028209323515292
0,0.0294647357801524
0,0.0261007105538603
0,0.0241974108605165
0,0.0029354741183195
0,0.0286285969659407
0,0.0294445744946222
0,0.9836190622319672
0,0.0274593516724429
0,0.0293592934658312
0,0.0263427470110478
0,0.027454283120129
0,0.0171010170534708
0,0.0275059179349449
0,0.028416486942793
0,0.0285471601921144
0,0.024419320489426
0,0.005454906089025
0,0.0281494488757893
0,0.0274615206253572
0,0.0274479313146762
0,0.0287381601984661
0,0.0291088464643964
0,0.0046170527783693
0,0.0291001292324223
0,0.0274509996597318
0,0.0108919878297175
0,0.0201750674266248
0,0.0282930768819882
0,0.0291760609805661
0,0.0244858786218663
0,0.0048100711103678
0,0.0293669178656816
0,0.1015762771941626
0,0.0224255064375602
0,0.0277411868656091
0,0.0062033204419668
0,0.0285637240886107
0,0.029296129780962
0,0.6064517690020284
0,0.0250927362798479
0,0.0289644137639202
0,0.0176444766041436
0,0.0045855224836968
0,0.0236250484128712
0,0.0275250826495854
0,0.0051346982957339
0,0.0039921262476952
0,0.7062423421242713
0,0.0293157232000305
0,0.0294058947065554
0,0.0110813208435849
0,0.0283293332467718
0,0.0285705591507688
0,0.0284288691729711
0,0.016783686484272
0,0.0050273071165911
0,0.0282367573194227
0,0.0067255335168577
0,0.0037113854950453
0,0.0275277125193613
0,0.0274495979248862
0,0.0283259680987246
0,0.0278126802321955
0,0.0291090797034303
0,0.0171526881789899
0,0.0275649049951764
0,0.0195715254655478
0,0.0195027613093126
0,0.003290239987828
0,0.0279460555129998
0,0.0280884614734859
0,0.4692366752533966
0,0.0050963197497547
0,0.0224965410094722
0,0.0240349779949024
0,0.0293421116446703
0,0.0244919965960805
0,0.0294339838036009
0,0.0293077010164684
0,0.0274135390041221
0,0.0291183758232756
0,0.0289033861543161
0,0.0187113847576572
0,0.0262371733632143
0,0.0274044835252452
0,0.0286079842077708
0,0.0260387759166197
0,0.0231098322079301
0,0.0288574539319699
0,0.0285275549948075
0,0.0280074814521628
0,0.0276194396614008
0,0.0278054051677334
0,0.0276857902669818
0,0.0280112256547876
0,0.0293902123805467
0,0.0038289231207705
0,0.0259043889380561
0,0.0274319442594391
0,0.0084352598566256
0,0.0293971476689816
0,0.0260284230246892
0,0.0290144596063476
0,0.0201894842419294
0,0.0037237102031827
0,0.0040016862355052
0,0.0157276364586461
0,0.0183080551228057
0,0.0161277496386528
0,0.0294086556050899
0,0.0156197039030525
0,0.0278033324779041
0,0.0271581389100076
0,0.0286417205612607
0,0.0291681732646287
0,0.0203831079913263
0,0.0072693301631442
0,0.0470457045586648
0,0.0275872453785637
0,0.0275529564976542
0,0.0291283181649506
0,0.0291624212537128
0,0.027535890007342
0,0.0277176558047397
0,0.0278331910577514
0,0.0702315189947161
0,0.0054008455190726
0,0.0124417845956797
0,0.0198343104164901
0,0.0113006903782047
0,0.0274236824718056
0,0.0274366448614641
0,0.0289000769059873
0,0.0103592254246287
0,0.0049057979792056
0,0.0290412636637809
0,0.0250099240152082
0,0.0276770693566552
0,0.0103405756608218
0,0.0174224017426293
0,0.0234712084849158
0,0.0288653016897388
0,0.0294345242036243
0,0.0278014317834582
0,0.0279505119979833
0,0.0152172236500354
0,0.0248859544524948
0,0.0291702998397732
0,0.0276822432159503
0,0.0293404472224261
0,0.0274467984911513
0,0.028735184311065
0,0.0286035203529106
0,0.0285881918000064
0,0.0217566325547204
0,0.0285127928170311
0,0.0057519444281112
0,0.0041390569598497
0,0.0067441112263332
0,0.0067329259798032
0,0.0292945428326399
0,0.0213123235713925
0,0.0667887752887646
0,0.9873119048012676
0,0.0057055833094024
0,0.0927475640956199
0,0.0280475510340126
0,0.0087845823475519
0,0.0235941211970253
0,0.0294331078290933
0,0.0579265438583621
0,0.0238797214570316
0,0.0281845076430596
0,0.0283102743690724
0,0.0060826397821634
0,0.028863178380663
0,0.0278299134977338
0,0.0276054909503224
0,0.0275194843545087
0,0.0063280090732834
0,0.0278504518966929
0,0.0283413722072255
0,0.028956856052157
0,0.0132053535960497
0,0.0290234367218801
0,0.0287850251471689
0,0.0281270179323039
0,0.005119727833481
0,0.0285459745576979
0,0.0064317726983011
0,0.0199693067070178
0,0.0290532615912513
0,0.0291263407657821
0,0.0274912803965439
0,0.0293979897158381
0,0.0294441116593289
0,0.0222652578991266
0,0.0270781948020711
0,0.0287170551354302
0,0.0096662435324909
0,0.0276591569202339
0,0.02152769273238
0,0.0284969351754842
0,0.0255126737998516
0,0.0041823151323727
0,0.027814263156564
0,0.004492207574061
0,0.0294190507284973
0,0.0120642418181467
0,0.0290607156744379
0,0.0277008719238073
0,0.0275252651649424
0,0.0283850727244273
0,0.0394044018863297
0,0.0292300622082324
0,0.0275742973221798
0,0.0056544330225457
0,0.0292637710560031
0,0.0283463680078755
0,0.0288196170941673
0,0.0278343626636515
0,0.0282232648107224
0,0.0274125264064023
0,0.0291389131063959
0,0.0278717795524077
0,0.0153392481743527
0,0.0285431431071955
0,0.0257445275560239
0,0.0293474719151676
0,0.0274301701489332
0,0.0292638491975817
0,0.0280652795242378
0,0.0246708339630622
0,0.0272940145924876
0,0.0291730889456413
0,0.0281384810199741
0,0.0280081189727657
0,0.0276448568460454
0,0.0292001763915439
0,0.0048440021146373
0,0.0275469020508677
0,0.0282370147279589
0,0.5993267021519463
0,0.9945463469796164
0,0.0051725021349363
0,0.0274083415339431
0,0.0276800035401143
0,0.0274403769170386
0,0.0187394954602821
0,0.0872317177196786
0,0.0263701456881701
0,0.0295184286567382
0,0.0274657056899542
0,0.028247237600931
0,0.0293054668334995
0,0.0046236711731882
0,0.0283783293512908
0,0.0285676994286728
0,0.0276120482977156
0,0.0048383593571575
0,0.0290062400402375
0,0.0279036782122555
0,0.029250853852416
0,0.0199088397453195
0,0.0284508427889033
0,0.0278723569999981
0,0.0029090804123042
0,0.0274094685859858
0,0.0284655128001733
0,0.0290373093877218
0,0.0294893971206508
0,0.0171705937301856
0,0.0274235112225265
0,0.0248315403811851
0,0.0335020115081115
0,0.0042476002256048
0,0.0229832224911444
0,0.0278304487763202
0,0.0070095933742293
0,0.0287256736913446
0,0.0281864295371469
0,0.0289782551721786
0,0.029221762234569
0,0.0293875674930575
0,0.0240088369195974
0,0.0290963257866784
0,0.0282323170806333
0,0.0200499568066929
0,0.0276122235103403
0,0.0274476411732583
0,0.0269614754548093
0,0.0053038639989794
0,0.027418097377949
0,0.0446903582785266
0,0.011442875097652
0,0.0289932943585875
0,0.0288914867397143
0,0.0277798299139371
0,0.0285130771412693
0,0.0249187354781943
0,0.0277883559409535
0,0.0275620523796452
0,0.0276347365142755
0,0.0291816191045683
0,0.0280291925320668
0,0.0274466855354573
0,0.0045919245941478
0,0.0129012908560326
0,0.0294234016619365
0,0.028096208476779
0,0.0222265702770041
0,0.0432840927340244
0,0.0932039036286473
0,0.0277108933824328
0,0.0279394637950641
0,0.0275009746456906
0,0.0277732844763741
0,0.0222448909241768
0,0.0285546178742383
0,0.0283373754757161
0,0.0275819601973322
0,0.0878944454308285
0,0.028724515182906
0,0.0105324272688458
0,0.0286453962368768
0,0.0042611269061151
0,0.0274739399847764
0,0.0293505611666808
0,0.0279547270095319
0,0.0094903215487707
0,0.0256627691226788
0,0.0234932620181632
0,0.0173693591831534
0,0.0274850708628305
0,0.0283715100753561
0,0.0278680329834284
0,0.0279777955064368
0,0.027766204403298
0,0.0253840384754131
0,0.0131484441787909
0,0.0280118519213779
0,0.0274242635668089
0,0.0145076278647795
0,0.0274705924366537
0,0.0221889339129207
0,0.016029542786988
0,0.0066452502132663
0,0.1052279914506669
0,0.0192908422614342
0,0.0274371653227726
0,0.0275158638784577
0,0.0028826023925228
0,0.0274042751884753
0,0.0295441949470247
0,0.0131912417454307
0,0.0282540042204371
0,0.0193392281087284
0,0.02765500838381
0,0.0280544226169758
0,0.0284281884475268
0,0.0243422720786798
0,0.045127762236372
0,0.026692280965908
0,0.0057566652937519
0,0.0048707598742786
0,0.0282000470037554
0,0.0094274596539815
0,0.0480492133401564
0,0.0047547376633757
0,0.0054465171509184
0,0.0288917807055279
0,0.0482986122256245
0,0.0282618204099658
0,0.0294618493717889
0,0.027461717834991
0,0.0289547311513649
0,0.0049088140941164
0,0.0287830813802473
0,0.0277821715740044
0,0.034520148029163
0,0.0147660439819171
0,0.027570859502217
0,0.0080764190747998
0,0.0142488228377962
0,0.0047280027042131
0,0.0286395411549939
0,0.0477114396959104
0,0.0289993027955424
0,0.0065560426776
0,0.0291832427924731
0,0.0101105768178733
0,0.0278716427018868
0,0.0284279448621255
0,0.0280658973101839
0,0.0136709356656391
0,0.0273799208183411
0,0.0035650684161021
0,0.027871305482344
0,0.0019922011554414
0,0.0287012067736286
0,0.0274141369145465
0,0.0054546347176741
0,0.0541568360290994
0,0.0289000836044067
0,0.0278262760776244
0,0.0248992648504934
0,0.0250630240554866
0,0.0152605322038673
0,0.0140368390519521
0,0.0175729990174467
0,0.0279292319205423
0,0.0292845902035918
0,0.0051686474670619
0,0.0294697087790683
0,0.0293148215563814
0,0.0274540470713606
0,0.0094774094736512
0,0.156618515905322
0,0.0278093230901928
0,0.0285102032912607
0,0.0058183749596446
0,0.0271883413073965
0,0.008514693696368
0,0.0292115202915164
0,0.0275965386494877
0,0.0044927429502688
0,0.0275965108048497
0,0.0079893384587611
0,0.0286535593788359
0,0.0173831575259759
0,0.0289427395455328
0,0.0050697959012125
0,0.0080883172986199
0,0.0274747212631834
0,0.0274109665821175
0,0.0275558132590542
0,0.0082695535169895
0,0.016310606917085
0,0.029187972695638
0,0.0274380347777819
0,0.0294044965211758
0,0.02331547373043
0,0.0245575452860939
0,0.0288934824986723
0,0.0244770218503985
0,0.0287810456985642
0,0.0269550813412779
0,0.0243715559208516
0,0.0283602899256743
0,0.0130433012046557
0,0.0274115476158231
0,0.024383505076149
0,0.0279938114109101
0,0.0275228143198685
0,0.0288225900625287
0,0.0286296922015428
0,0.0108239271351303
0,0.0062531134621542
0,0.0052359955829396
0,0.0280633569199356
0,0.008213399011938
0,0.0277593631861516
0,0.0315722508851273
0,0.029109292180898
0,0.0260448017321664
0,0.0293695306616465
0,0.0232354422296995
0,0.0274301701049333
0,0.0294017274019135
0,0.0284265306870981
0,0.0279114642521296
0,0.0033503463015537
0,0.0213119079797261
0,0.0784304948443848
0,0.0225992500785119
0,0.0558304612976154
0,0.0242042783664242
0,0.0259259903898379
0,0.0292525925013611
0,0.0283891838949208
0,0.0291769299404689
0,0.0187267716123183
0,0.0041304139167206
0,0.0039232291018915
0,0.0056464730979695
0,0.0207882767986956
0,0.0135274293682023
0,0.0282645215570064
0,0.007431143456266
0,0.0066138435286289
0,0.027548491508813
0,0.0242089549314515
0,0.0294401759604722
0,0.0295144841742255
0,0.0277209581006722
0,0.1723548093947875
0,0.0086926438992443
0,0.0288127259765072
0,0.0224552134178769
0,0.027440968117463
0,0.0042255038545738
0,0.0526111571151488
0,0.0070897587039243
0,0.9504851572865456
0,0.0060795164305673
0,0.0261104285297899
0,0.0290988355182856
0,0.0282774283639497
0,0.0056835724743043
0,0.0192640750521388
0,0.0280197825623869
0,0.0281293024247564
0,0.0059485852110438
0,0.0067074254180774
0,0.273815682737469
0,0.0115363236204719
0,0.0126028325774482
0,0.0274223201275822
0,0.0535439477185348
0,0.0283378421428831
0,0.0292216083509813
0,0.0279414206210801
0,0.0274269855380623
0,0.0114206701392567
0,0.0281942959463884
0,0.0293642216001273
0,0.0275336597174577
0,0.0290969536657727
0,0.0230395995965101
0,0.0025345143588992
0,0.012088969215802
0,0.021322503749977
0,0.0280726995522436
0,0.0275350905260814
0,0.0294742129475377
0,0.0259130203893188
0,0.0276870197802012
0,0.018447108107497
0,0.0276419262934148
0,0.0292362729261372
0,0.0284641779844742
0,0.015626455080024
0,0.028397699255282
0,0.0049335663967176
0,0.0273623174492831
0,0.0276038067402106
0,0.0273676195560206
0,0.0125969866600379
0,0.016903454803362
0,0.0227990839080572
0,0.0107519909487489
0,0.0285168394925852
0,0.0280733599670186
0,0.0274931350091766
0,0.0210926975918942
0,0.0043057124697536
0,0.0507147005338526
0,0.0275352892083915
0,0.0289860679316822
0,0.0043359028155548
0,0.0053049911377788
0,0.0274159928919888
0,0.0293520562678986
0,0.0155768121653444
0,0.0246908097168305
0,0.0284797933925158
0,0.005525314374027
0,0.0170150027811065
0,0.0010435500604224
0,0.0277721157280167
0,0.0274905651736232
0,0.0276009733295059
0,0.0787176083715661
0,0.0284411677890156
0,0.0167371193129258
0,0.0274150530367018
0,0.0197393595730326
0,0.0289546987367395
0,0.0038405543585301
0,0.0276092246446629
0,0.0274395816921765
0,0.0295350864910945
0,0.0274477523040198
0,0.029097246796688
0,0.0082679608601506
0,0.0288466518618657
0,0.0292177924562109
0,0.0184939924707011
0,0.0487937596808098
0,0.0274192633767124
0,0.0347891306527789
0,0.0053978082339814
0,0.0282136384152263
0,0.028067274294607
0,0.0293768848912744
0,0.0288314623533297
0,0.0284901832171017
0,0.0060390077423022
0,0.1614890018055327
0,0.0287757468316077
0,0.0166739423518091
0,0.0290672899482801
0,0.0280429884752982
0,0.0276574094991887
0,0.0244406121281762
0,0.029448854042897
0,0.0071894659976239
0,0.0293951845006183
0,0.0288028276393467
0,0.0284248156329882
0,0.0051056338571809
0,0.0274456227098091
0,0.0087198810576718
0,0.0557565631419698
0,0.0286592569007125
0,0.0341852857984665
0,0.0251425465125941
0,0.0292297387371294
0,0.070589050154946
0,0.0094088950784194
0,0.02748363869703
0,0.0060445382648585
0,0.0276992838700251
0,0.0229849091967888
0,0.0255103762622006
0,0.0082814200863125
0,0.0293385558217707
0,0.0274447043460662
0,0.0055033358566328
0,0.0279995600107744
0,0.0048100711103678
0,0.0237339511798683
0,0.0288849820508808
0,0.0100015800133741
0,0.0281349304540001
0,0.0245937291099109
0,0.027454704772562
0,0.02861089635401
0,0.0048826755821549
0,0.0288215955399192
0,0.0284999313464241
0,0.0135182735346898
0,0.0276534967132901
0,0.0290745316661285
0,0.0262662707854125
0,0.0052369647419328
0,0.0285885634512529
0,0.0275127991807932
0,0.0275839341193259
0,0.027482881741494
0,0.0291718132001238
0,0.0288691908297509
0,0.0202844556350911
0,0.0084124854344872
0,0.0079051819269872
0,0.0210794785259433
0,0.0284298416440404
0,0.0280249699817485
0,0.0274218465197864
0,0.0233388333911119
0,0.0291983907826183
0,0.0290290957500323
0,0.0280713795993443
0,0.0274479454810533
0,0.0287613941880908
0,0.0235507528821324
0,0.0279617013123502
0,0.0262186025348154
0,0.00745017526152
0,0.0048217492753901
0,0.0274114910475844
0,0.0134148316553552
0,0.0351025027022622
0,0.0282727358620142
0,0.0274431406632224
0,0.0213746570144806
0,0.009260756184122
0,0.027415937930254
0,0.0282069913622209
0,0.4965471996163999
0,0.0293195124926388
0,0.0275864113261085
0,0.0352732889612859
0,0.0274798588182512
0,0.2650870425879788
0,0.0261276872770717
0,0.0282753414073163
0,0.0289661778437198
0,0.0274899817929927
0,0.0244816184620827
0,0.038033104598388
0,0.0129839268974429
0,0.0290647870612327
0,0.0274074364223415
0,0.0236686208474049
0,0.0048532824067321
0,0.0085962825462833
0,0.0199391425038465
0,0.02845529402789
0,0.0270008626600427
0,0.0278213976767078
0,0.2179378789893613
0,0.0089109080223754
0,0.0212173718960438
0,0.0283678774359138
0,0.0151499033199427
0,0.0274487859347206
0,0.0611711716455725
0,0.0063754862592944
0,0.0283839445582186
0,0.0247288418828165
0,0.0960745549569702
0,0.0274320328200248
0,0.0064077625390275
0,0.0288041636588517
0,0.0281059569745311
0,0.0231660639013362
0,0.0293802130092499
0,0.0289227682594132
0,0.0274336114464711
0,0.047787652885457
0,0.0281224456252847
0,0.0282835014091301
0,0.0051441985371439
0,0.0283580313677955
0,0.0061010230609006
0,0.0261942940045338
0,0.0741611610517502
0,0.0112287616605955
0,0.029433310678298
0,0.0279742380604252
0,0.028084801615946
0,0.0216018847689354
0,0.0502156574884345
0,0.0278554759532369
0,0.0291742289429453
0,0.0293371505601982
0,0.0057030172458851
0,0.0060719625466434
0,0.0276628298532655
0,0.0293931181395558
0,0.0275084884105168
0,0.0283063253733829
0,0.0274575995502813
0,0.0283701663503791
0,0.029446811369035
0,0.0283070345497311
0,0.0287303995396688
0,0.0288654819521868
0,0.0285826975650277
0,0.0340175963795207
0,0.0293751342587782
0,0.0087022225372471
0,0.0289018606367806
0,0.028405515515214
0,0.0283111568645473
0,0.0288890609138525
0,0.0274634883459547
0,0.0276194396614008
0,0.0291520861362557
0,0.028766916957142
0,0.0080963397870423
0,0.0058414701718583
0,0.0282756714363776
0,0.0242661459232064
0,0.0283265569705786
0,0.0274680325720316
0,0.0275020378307975
0,0.0282049428121308
0,0.0030339266138902
0,0.0279110543481365
0,0.0057044202824538
0,0.0039519346075698
0,0.0290590815985436
0,0.0279320589075547
0,0.0292867611616096
0,0.0279096402792647
0,0.0228549265361933
0,0.0279113902001047
0,0.0263856115197845
0,0.0358193287012867
0,0.0275872453785637
0,0.0076185605171938
0,0.239745837199162
0,0.0332971864551951
0,0.026793980863441
0,0.0280170319526993
0,0.0292952603854879
0,0.0239890495060658
0,0.6588035397475996
0,0.0292953383082753
0,0.025127017741234
0,0.0277344239166237
0,0.0280695138350961
0,0.0179556829233723
0,0.0277772537180652
0,0.0276306634576209
0,0.0278419401563443
0,0.0057408839631914
0,0.0295176410243128
0,0.0126084159602144
0,0.0274189733501381
0,0.0283572242444853
0,0.0294027222969769
0,0.0080820264293125
0,0.0274422637772282
0,0.0287743028049377
0,0.0281018283408174
0,0.003700340550351
0,0.0294008074051895
0,0.0077298179809581
0,0.0253629700224779
0,0.0276179859245054
0,0.0137771079848833
0,0.0289231057479646
0,0.0058292616533869
0,0.0274596687407814
0,0.0145783793440304
0,0.0277585194840499
0,0.0274324019244888
0,0.0258078359956436
0,0.0047379758715745
0,0.0294046071805793
0,0.0293759344820811
0,0.0278082561959321
0,0.0275358241612592
0,0.0243508910319792
0,0.0293054668334995
0,0.0219751555754279
0,0.0042861868054068
0,0.0216701927679396
0,0.0446261559780813
0,0.0276755414896769
0,0.0040037078881475
0,0.0292062894727844
0,0.0276942384349954
0,0.0286395653897921
0,0.0250652442783485
0,0.0154497033884743
0,0.0051028208258816
0,0.0275181968795506
0,0.0232062447157514
0,0.0290324764134918
0,0.005798962512401
0,0.0233663937856862
0,0.0277411868656091
0,0.0276136318071192
0,0.0116824506455462
0,0.0278245948996228
0,0.0043450119013995
0,0.0292339737560011
0,0.057663234660661
0,0.1877464154020175
0,0.0287155073468594
0,0.2077608588202157
0,0.0294492238202301
0,0.0273640236558976
0,0.0044313788801799
0,0.0111572562850032
0,0.0039823689389449
0,0.9900708086950228
0,0.0280264192672135
0,0.0274472923932575
0,0.0062385631306796
0,0.0168794312692058
0,0.0282466660801334
0,0.0274802260828436
0,0.0292758902665682
0,0.6842067951298734
0,0.0289666748887623
0,0.0155879407138031
0,0.0281585881670909
0,0.0288506833979005
0,0.0282188332236153
0,0.0274931427510532
0,0.0176827528764382
0,0.0280915500822253
0,0.0118710366293179
0,0.4505265460313321
0,0.0055750102998608
0,0.0289625307284104
0,0.0234624694880149
0,0.0048195538772305
0,0.0284407658591941
0,0.0262624981825759
0,0.0275284538496531
0,0.1086073401984663
0,0.0279781757250858
0,0.0280770133370242
0,0.5390192175659517
0,0.0077582932842024
0,0.007784347978459
0,0.0027311844410656
0,0.0279816024021589
0,0.0292195605052289
0,0.0290471696136842
0,0.0448607950585153
0,0.0250035970256928
0,0.0274170625690643
0,0.0229344151218131
0,0.0278538442396267
0,0.639945534619811
0,0.0283167266885128
0,0.0120899455141378
0,0.0294345152093704
0,0.0932383319395915
0,0.0109180257522884
0,0.027651869033215
0,0.004178292496069
0,0.0274137215788827
0,0.0273941789297966
0,0.0275333202110869
0,0.0278700843199291
0,0.0282184041617198
0,0.0366637108509546
0,0.0050079462075782
0,0.0069500920991415
0,0.0208927447044951
0,0.1085725140415019
0,0.0285183019466233
0,0.0291749753252636
0,0.0292413087932955
0,0.020767825709027
0,0.0280737194134398
0,0.0112304294092066
0,0.0292072668471288
0,0.0275630909455414
0,0.028572031648284
0,0.028236004316772
0,0.0854485693222023
0,0.0274180116298274
0,0.0061728067844124
0,0.029315814953003
0,0.0279632310059869
0,0.0040700663141297
0,0.0051648381911685
0,0.0275851617140147
0,0.0282771834252809
0,0.0282046708447691
0,0.0289152685702801
0,0.0040535769460407
0,0.0279380961856717
0,0.027428378394232
0,0.0293191810035899
0,0.0102637881591569
0,0.0290964473634305
0,0.0291979792776438
0,0.0183463233133208
0,0.0274835271488609
0,0.0281158778504643
0,0.0196024222528163
0,0.0287650699900786
0,0.0042781030281951
0,0.027955203983763
0,0.0343583254982969
0,0.0031242169103105
0,0.0037601159683959
0,0.0221587572065116
0,0.0290268572634299
0,0.0182941185723529
0,0.0275048111853651
0,0.0265710983825458
0,0.004658892054534
0,0.0283669807979884
0,0.0237246981077634
0,0.0181584305155984
0,0.0289470628221808
0,0.028008959026552
0,0.0290855200980945
0,0.0286648989432959
0,0.3985789118411024
0,0.0286384975194848
0,0.0289010217940339
0,0.0287624214122245
0,0.0283262053864821
0,0.0277534650909535
0,0.0288379204497636
0,0.0280751618217673
0,0.0281064364501264
0,0.0030590434642769
0,0.0275747879873398
0,0.0275799794025983
0,0.0262374725165897
0,0.0277902246344729
0,0.0276929831909049
0,0.0292853486049464
0,0.0216275980786216
0,0.0032182830797532
0,0.0284800573548745
0,0.0280241225318684
0,0.0289796070191724
0,0.0284912899150969
0,0.0270137649141377
0,0.0274690364146675
0,0.0276040115949899
0,0.0219899631766599
0,0.0276491976189373
0,0.0058065275349735
0,0.0249588304437275
0,0.0292577665714553
0,0.0279953458719274
0,0.0222353743880268
0,0.0286104291858819
0,0.0292856870336376
0,0.0239203217301681
0,0.0286592093644083
0,0.0294754477177569
0,0.0012079355617658
0,0.0042371426707233
0,0.028623627449212
0,0.0218691821706314
0,0.0282064628934378
0,0.0288479780232917
0,0.0117439307847121
0,0.0289992986833406
0,0.0293127345861347
0,0.0275706339062112
0,0.0099613199606615
0,0.0276224699496147
0,0.0274234263816086
0,0.008728878748145
0,0.0240982430618883
0,0.0529457569009854
0,0.0234614249141521
0,0.0272741649724258
0,0.0276447779553799
0,0.0274128978211893
0,0.0282254966243342
0,0.0064293671445193
0,0.01335659490133
0,0.0282602639660658
0,0.0031271858116538
0,0.0292717827205942
0,0.0276039230994633
0,0.0171636568040363
0,0.0293941386625002
0,0.0276900543442601
0,0.0266357474185595
0,0.0164184856321019
0,0.0276156536759718
0,0.0221977328223867
0,0.0279086466964266
0,0.0291731401543189
0,0.028984565911499
0,0.0065736864640276
0,0.0043465850244102
0,0.0287022784592009
0,0.0293671351131199
0,0.0278480598448818
0,0.0290130793452629
0,0.0281905187438262
0,0.0284473540258189
0,0.0274329827022682
0,0.0038593549514143
0,0.0081750076290117
0,0.0276626019630634
0,0.2121787952193718
0,0.0274566062836872
0,0.0295478250569812
0,0.0277500731090788
0,0.0294408407337752
0,0.0286479658175588
0,0.027735078460774
0,0.0293847862600451
0,0.0028009474908377
0,0.0287027832726904
0,0.027851742069273
0,0.0340639661995567
0,0.0294299511319341
0,0.1197320639872691
0,0.0291854939156958
0,0.0295436977575612
0,0.0282727358620142
0,0.0049902255587446
0,0.0286152061769456
0,0.0274650773218064
0,0.0054135875890451
0,0.0329067701909083
0,0.0290738280729124
0,0.0271955657379048
0,0.0274160766087768
0,0.1308423922740668
0,0.0100172560541382
0,0.0275825052392019
0,0.0049512640499951
0,0.013230643465745
0,0.0275799298676657
0,0.0287372623392583
0,0.0039295945957094
0,0.0264905891904932
0,0.0036574384219225
0,0.0287103701640156
0,0.0276114286704815
0,0.0276647946034277
0,0.0234424232248632
0,0.0292492685283573
0,0.0271595822089821
0,0.0291391234449073
0,0.0334412105802285
0,0.0281855693806308
0,0.0058155612010641
0,0.0294245424068703
0,0.0234634607069041
0,0.0262391695196701
0,0.0288472459995269
0,0.1460488645113832
0,0.0285475707993305
0,0.0282624824207934
0,0.0273803201085784
0,0.0158288829863822
0,0.8997737158454476
0,0.0280567766470435
0,0.0274205308272048
0,0.0230215055676846
0,0.0193728614490991
0,0.0165482611267009
0,0.0279431583915054
0,0.015119486470261
0,0.0273749685626304
0,0.0057901537683142
0,0.027543239850258
0,0.0062269970197617
0,0.0276251170111091
0,0.0292697937352886
0,0.0288962710032425
0,0.028588369823321
0,0.0274124993183121
0,0.004982091517361
0,0.0290415941253827
0,0.0836858547172144
0,0.027475811465836
0,0.0286187463068457
0,0.0056507439274956
0,0.0291473073890732
0,0.0269578237057719
0,0.004124244670248
0,0.0045210331313865
0,0.0293804076413615
0,0.0294038915385545
0,0.0276097849218641
0,0.0275287063606944
0,0.0282244659131746
0,0.0275592735380012
0,0.0278118571945265
0,0.028165935559747
0,0.0237315263685842
0,0.0247720947799907
0,0.0274594309124089
0,0.0329164860012542
0,0.0274182266841518
0,0.0284317749183026
0,0.0057204669316942
0,0.0323386785205747
0,0.0293406569578388
0,0.0286983878659018
0,0.0287943227395724
0,0.0213992384035386
0,0.0163698321715889
0,0.007970143423218
0,0.0240070071958678
0,0.0282825427406467
0,0.0274206211078031
0,0.0294029898189892
0,0.0281175350262694
0,0.005534702075421
0,0.0085507206941333
0,0.0285295917564252
0,0.0275560903703259
0,0.0632890287181714
0,0.0293614647346238
0,0.0652963334533505
0,0.0286753782018534
0,0.0278118571945265
0,0.0274211704780404
0,0.0272319983793657
0,0.0092482315388737
0,0.0213767252734606
0,0.0054903291955928
0,0.0275199972450797
0,0.0243250024679464
0,0.0277510223976237
0,0.0275311371651695
0,0.0286078092399881
0,0.0239439691230184
0,0.0255745463147963
0,0.0294044810550336
0,0.0280988066127139
0,0.2242144425173056
0,0.4780725358768746
0,0.014952811812386
0,0.0294272844062931
0,0.0030490329125541
0,0.0285565386632201
0,0.0284366831202369
0,0.0284863762092301
0,0.0158779569104239
0,0.0090434914186373
0,0.0282000470037554
0,0.0273447827270889
0,0.0276185762238952
0,0.0045996365890173
0,0.029244472862204
0,0.0241640573851558
0,0.0283203545298313
0,0.0066370669369688
0,0.0291986086688921
0,0.0243610197458802
0,0.0324252129484212
0,0.0287796569078513
0,0.0166764912363867
0,0.1467994888185341
0,0.005100431026059
0,0.0038957844935718
0,0.0277525552366598
0,0.029307390522083
0,0.0276813212871522
0,0.0274086493525461
0,0.0288339109824652
0,0.0286763242316494
0,0.0062139662818346
0,0.0460316911896893
0,0.0293715678274498
0,0.0278507131651811
0,0.0274246276323298
0,0.0275580735866073
0,0.0069429605805459
0,0.0253170607728033
0,0.0056813462251773
0,0.0218225833122361
0,0.0279275192922307
0,0.027931715471564
0,0.0250708990211225
0,0.0037256776872689
0,0.0277831278819798
0,0.0094628576554055
0,0.0293058179517766
0,0.0170427872677222
0,0.0275661941363732
0,0.0279180601455265
0,0.0275685487082589
0,0.0071369983969693
0,0.0204668138362136
0,0.0285937469986861
0,0.0134351716737076
0,0.0199217114997441
0,0.0294418807365873
0,0.0036690134319313
0,0.0055928174280755
0,0.0139028029408948
0,0.0104445716572881
0,0.0058575763198747
0,0.0290740169363737
0,0.0284600761730321
0,0.0154882515243263
0,0.0274139110008131
0,0.0280033405014714
0,0.0042181395270853
0,0.0289944392587936
0,0.0288272379450858
0,0.010105648198678
0,0.0072681789175857
0,0.0129865367792959
0,0.0262160976244675
0,0.0287447009332352
0,0.0115522754053501
0,0.029350925455861
0,0.0274269188370723
0,0.0140945092894273
0,0.025265789176182
0,0.0075517003146356
0,0.0101105768178733
0,0.028559005284888
0,0.0286433093285277
0,0.0276129197250104
0,0.002738595575263
0,0.0274258460647161
0,0.0281922670698515
0,0.0691089866033601
0,0.0281500428887133
0,0.1096921149590752
0,0.020157991455806
0,0.074362122103528
0,0.0292645901540048
0,0.0282679861405077
0,0.0278118446769121
0,0.7247909717974603
0,0.0173300090909147
0,0.0283970091868976
0,0.0093287774762706
0,0.0284632768232867
0,0.027754652569823
0,0.0053714722160687
0,0.0291968177182456
0,0.02374820257537
0,0.0278720482776978
0,0.0276619488255787
0,0.0240803168355459
0,0.0295229505858258
0,0.0272671796719928
0,0.0275001819696005
0,0.1008570222160716
0,0.0077093062487441
0,0.0247983492738431
0,0.0274374109234605
0,0.0250093507808557
0,0.0286527069261802
0,0.060816258275157
0,0.0037244392733058
0,0.013037566989738
0,0.0284250905499368
0,0.0275161102429681
0,0.0071456637274648
0,0.028009949559601
0,0.0281750412055269
0,0.0281267537230797
0,0.0195561465446305
0,0.0288573617226221
0,0.0150187656240506
0,0.0241640277377963
0,0.0063007390323099
0,0.0289427741357602
0,0.0202332625106181
0,0.0286032613089041
0,0.0282135511281614
0,0.0177921274117141
0,0.0032315964364747
0,0.0290309361291891
0,0.006525559782458
0,0.0281070793606846
0,0.027965342747451
0,0.0293443596134265
0,0.0299026821101363
0,0.0126477872566496
0,0.0293708396234006
0,0.0479697939391273
0,0.0052401437772082
0,0.0295256814629955
0,0.0292656644225919
0,0.023080467880013
0,0.0288096521004146
0,0.029251618694047
0,0.019399735711977
0,0.0291738075848816
0,0.0173635197648909
0,0.0280731219546862
0,0.0286675601231607
0,0.0277585659011662
0,0.0109702446673458
0,0.5761249944884386
0,0.0274578946528623
0,0.027415241407421
0,0.0275717320881445
0,0.0260980208956453
0,0.0282661806824717
0,0.0287757967051527
0,0.0293523365022869
0,0.0290004693257944
0,0.0373400168421657
0,0.0275389853379222
0,0.0279934953492391
0,0.0039492197373715
0,0.0290666936273825
0,0.0163408628671686
0,0.0291003519891481
0,0.0289344249290987
0,0.0277937429924713
0,0.0293891385094586
0,0.0275506004717783
0,0.0291428202015469
0,0.6201249094687189
0,0.0274904168277195
0,0.0278220959018501
0,0.0139886458507986
0,0.0294472302383524
0,0.0042814925095475
0,0.0332307472189964
0,0.0278049628440341
0,0.0066775244106967
0,0.012163075289736
0,0.027711077240197
0,0.0274680231415797
0,0.0293399608338174
0,0.0294311205512451
0,0.0273737065203572
0,0.0062070255745223
0,0.0279793350689603
0,0.0276067085982742
0,0.0285646722662875
0,0.0191170664569062
0,0.0060899918973958
0,0.0277097402922708
0,0.0285561137274736
0,0.0268837102271452
0,0.0039673977909047
0,0.0044166346638319
0,0.0051886686218491
0,0.0262793817522909
0,0.0278130545599392
0,0.027555493601383
0,0.0046677149278454
0,0.005546942440377
0,0.0087022225372471
0,0.0277478446398677
0,0.0293308558127019
0,0.1548958062413616
0,0.0293982324726016
0,0.0024667639250919
0,0.027201972706854
0,0.0274340193996357
0,0.0286638810585986
0,0.0273946777990093
0,0.016851016854412
0,0.0278517783229007
0,0.0290099709015241
0,0.3027938190191563
0,0.0145690487571837
0,0.0044268253784406
0,0.028297310345025
0,0.0292812920168696
0,0.0051855800972676
0,0.0280385473059985
0,0.0291084557093377
0,0.0275525490695292
0,0.0261820507200604
0,0.0058596008722819
0,0.005521078885226
0,0.0281931205878186
0,0.0252188165068702
0,0.025521266058762
0,0.010678467000977
0,0.013388851672951
0,0.0146758242983764
0,0.0275601770533535
0,0.028876566658025
0,0.0217032604408053
0,0.0275747769707331
0,0.0132308863953478
0,0.028966652414997
0,0.0155698924921703
0,0.0274994589227912
0,0.0147133882635367
0,0.0292775581629122
0,0.0278850661024985
0,0.0275310486828609
0,0.0283173128941447
0,0.0245495107523883
0,0.0292340199855738
0,0.013657876727567
0,0.0294227708223541
0,0.0205192346072544
0,0.0030519400937218
0,0.0056677976016327
0,0.0271748855544253
0,0.004073249468833
0,0.0278251325858173
0,0.0275841532998437
0,0.0074501632325837
0,0.0279463621159378
0,0.0241952827304973
0,0.0287519125432385
0,0.0282471757321302
0,0.0110247779400424
0,0.0910738778488329
0,0.0074049393678995
0,0.0291689191390858
0,0.0054330603107594
0,0.0280013708048828
0,0.0279206766116557
0,0.0283743396659031
0,0.0274142802844293
0,0.0293923705649991
0,0.0097807798883877
0,0.027931321871113
0,0.0287386286231172
0,0.0051554870282404
0,0.0277779930579537
0,0.0216468917209
0,0.0279509015112773
0,0.0278169613452799
0,0.0135547934559056
0,0.0277997392295397
0,0.028330748133451
0,0.0253297655846324
0,0.028722570003073
0,0.0282047513370824
0,0.0279853210923932
0,0.0233008192368759
0,0.0291286422707892
0,0.0056399898943534
0,0.0284808407673911
0,0.0293016001349278
0,0.0243644071856621
0,0.0274537962150191
0,0.0130191531526691
0,0.0250210503383307
0,0.0281675532685148
0,0.0274530494870634
0,0.0282445059971035
0,0.0233015444418846
0,0.0280984304565523
0,0.0250587585343773
0,0.0246586355769496
0,0.0292739672630912
0,0.0056864999815855
0,0.0284664363950353
0,0.010226217805579
0,0.0280674175830433
0,0.0285104564191875
0,0.027644312356097
0,0.027458358064998
0,0.0144844977346561
0,0.0281199011920947
0,0.0290362366270199
0,0.0243133123482331
0,0.0065048623639788
0,0.0070474618961304
0,0.0277652741789453
0,0.0281804867095288
0,0.0483911173270777
0,0.0067780083446382
0,0.0281848556743663
0,0.004844469544981
0,0.0188503763432035
0,0.0275391505993628
0,0.0229378079538954
0,0.0292862209611112
0,0.0283009725582984
0,0.0278481051874354
0,0.0149372467334701
0,0.0285052691742027
0,0.0281415193083749
0,0.0289527749309204
0,0.0143278990586085
0,0.0063628075395672
0,0.0281491874501391
0,0.0274954843197644
0,0.0295891039321613
0,0.029530261718287
0,0.027613087436629
0,0.029208869069493
0,0.028982123661964
0,0.0239823296849773
0,0.026055516089978
0,0.029186901666782
0,0.0203509538208093
0,0.0235103367642542
0,0.0280924232017806
0,0.0275649057049181
0,0.0278130545599392
0,0.0188424315755428
0,0.029177715827806
0,0.0042205571704922
0,0.0263178197379153
0,0.0068365495498573
0,0.0291605685610587
0,0.0185918197399275
0,0.0262186612932181
0,0.0033480210287237
0,0.0290283888710473
0,0.0274165772759555
0,0.0099399927892016
0,0.0295850372993013
0,0.0283041662942025
0,0.0307983906324161
0,0.1515168322294134
0,0.0279640607394425
0,0.0283756395331854
0,0.009633473062731
0,0.0291793074809615
0,0.0061947090406155
0,0.0279734414314918
0,0.0099552034983134
0,0.6065883695352234
0,0.0276736522846
0,0.0139279124017356
0,0.0276647557105324
0,0.0279135278454163
0,0.028815574179213
0,0.0277177963569059
0,0.2207220851798088
0,0.0290645135818142
0,0.02790148542474
0,0.0272839483284318
0,0.0276802354023384
0,0.0269666098004185
0,0.019899478835776
0,0.0033687340119345
0,0.0274444525775564
0,0.0238847189675777
0,0.0275735718064512
0,0.0090615287015549
0,0.0280080366511811
0,0.006108756699085
0,0.0283901559964941
0,0.0087074066857273
0,0.0290272186981518
0,0.0293299195191903
0,0.0274332932864486
0,0.0269005437459763
0,0.0289056725778409
0,0.0034367367996043
0,0.0251015229878536
0,0.0274850708628305
0,0.0275918109769829
0,0.0280519354768281
0,0.0223049345800806
0,0.0280606988575291
0,0.024740963343225
0,0.024545914348915
0,0.0294662939339454
0,0.0261013665879601
0,0.0275953354074821
0,0.0276304570836278
0,0.0292810476951548
0,0.0274809544141364
0,0.004418824261519
0,0.0188501486216275
0,0.028880845449822
0,0.0295329048680224
0,0.0241596324600214
0,0.0268669548013559
0,0.0158059210243883
0,0.0269442771955934
0,0.0036738927977168
0,0.0392553669501265
0,0.0276796896740102
0,0.6499550562766941
0,0.0276808454365317
0,0.0282451734971341
0,0.0275920424690705
0,0.027409689533191
0,0.0289695598159736
0,0.0277594727819358
0,0.014406158063388
0,0.0172090217224516
0,0.0282670914164308
0,0.0308031322569796
0,0.0182200456204036
0,0.0275655034301385
0,0.0077229462797115
0,0.0274158549980002
0,0.0190327114753928
0,0.0217427280026863
0,0.0289981056628771
0,0.0146484537462788
0,0.4688383762831523
0,0.0494475941418894
0,0.028850974732674
0,0.0069710596336798
0,0.0280361876813202
0,0.0057180276378288
0,0.0068318312876956
0,0.015236894685032
0,0.993179856088793
0,0.0274451603184783
0,0.0285900070380337
0,0.0280169649362628
0,0.0184067665686224
0,0.0289761811403823
0,0.0294382898003422
0,0.0286144636156995
0,0.0040051963771262
0,0.0073797717401229
0,0.0475817353816583
0,0.0055282396385505
0,0.0161321375732057
0,0.0276583986926369
0,0.0249191988904043
0,0.0279790336320128
0,0.0060210514468269
0,0.0281830877837303
0,0.0181602138359226
0,0.0293368233826996
0,0.0275124614964887
0,0.0274313585526715
0,0.0052358160916454
0,0.0049216912455034
0,0.0053004524304455
0,0.0245100522719829
0,0.0042043994069464
0,0.0282338113286831
0,0.0276257197859741
0,0.025808877847488
0,0.0283719291353477
0,0.0284202544695522
0,0.0283582309552795
0,0.0282286116296738
0,0.0293822994859653
0,0.0045749156113521
0,0.0121797628638399
0,0.0032828875738116
0,0.0276185880331561
0,0.0276518184102618
0,0.0274225899047538
0,0.0731356457049158
0,0.029163407682555
0,0.0136706125789164
0,0.0074273084922597
0,0.0275762805275405
0,0.0293167358510252
0,0.0277579609503445
0,0.0276030485273693
0,0.0121271911735113
0,0.0278884648011898
0,0.0284366625266782
0,0.0283246341726095
0,0.0284145354818344
0,0.0106449212982258
0,0.0288886097987932
0,0.0285430692157728
0,0.0280470422909454
0,0.0240361182147689
0,0.0274054780710128
0,0.0279973595741595
0,0.0274834511309441
0,0.0279499925277477
0,0.1694889995342772
0,0.0268574744627949
0,0.0279006380894647
0,0.0290979232836946
0,0.1353223387274726
0,0.0293740999605037
0,0.0268976217644444
0,0.0293625747043475
0,0.0274365547939491
0,0.0267900430859123
0,0.0205915586938698
0,0.0064715301482213
0,0.0294769360658908
0,0.0053692595772918
0,0.0287111699205517
0,0.0280538163045471
0,0.0043702816148274
0,0.0293553595541767
0,0.0240009619704853
0,0.0274144856169235
0,0.0274996423976855
0,0.0274475097199218
0,0.0046539121644252
0,0.0249865339401103
0,0.0276349089669694
0,0.0236484830424145
0,0.0282658424791979
0,0.027534203878468
0,0.0286906835447899
0,0.12262261083008
0,0.0288664949529246
0,0.0274858974719793
0,0.0274188590600077
0,0.0281828966539631
0,0.0251150570489596
0,0.0099024244836482
0,0.02765500838381
0,0.0138894051688098
0,0.0290577103490242
0,0.0293776771622302
0,0.0287895293207365
0,0.028308718434592
0,0.0076164552637851
0,0.028985398400381
0,0.0294241880605482
0,0.0281077268965721
0,0.0264578078233217
0,0.0180214800890868
0,0.02769594002288
0,0.0285846780327677
0,0.0085447031021473
0,0.0292970571490392
0,0.0294464347094654
0,0.0281571318247104
0,0.034862476319967
0,0.0275273778098432
0,0.0117945668410663
0,0.0210401381144099
0,0.0284295622766953
0,0.0291979220035956
0,0.0279423838395759
0,0.0147513587507922
0,0.0276185649759783
0,0.0276465179346332
0,0.0277251103343289
0,0.0641763138884236
0,0.0274106776619344
0,0.0233030404940281
0,0.0160674637375586
0,0.0288480380003174
0,0.0190808280878798
0,0.0281240935469229
0,0.0293693872337982
0,0.0260712485377813
0,0.006058244343152
0,0.3430312009272276
0,0.0275421588238523
0,0.027440462696947
0,0.0270378628551732
0,0.0108168500040672
0,0.0222934885995783
0,0.0043475505854413
0,0.0757178643580725
0,0.0289895369088
0,0.0277209421637309
0,0.0288210118200842
0,0.0145628215746385
0,0.0275728392765354
0,0.0274231752289076
0,0.0278481051874354
0,0.0117609101444817
0,0.0286909384784778
0,0.0276482153003236
0,0.0331640667598162
0,0.0057203967136791
0,0.0293909114282499
0,0.0274181785267046
0,0.0062204010030528
0,0.0294040870111418
0,0.0269100603095011
0,0.0277589443339311
0,0.0294388842875476
0,0.0277407115542815
0,0.0276045866058589
0,0.0287782246128505
0,0.0708118105876508
0,0.0274073500791701
0,0.0289573468222901
0,0.0288468260076361
0,0.0029608981152291
0,0.0173146976071103
0,0.0274494709211664
0,0.0278342433305992
0,0.0287224802347384
0,0.0291839743531247
0,0.0054416633039464
0,0.0123830081311786
0,0.0052680896069867
0,0.0290968054581335
0,0.0122209355245093
0,0.027755411342388
0,0.0316689038613207
0,0.0067405024352541
0,0.0175007098824173
0,0.0801518526564412
0,0.0269229568831156
0,0.0292893085468678
0,0.0178227798575621
0,0.0250193984585664
0,0.0278015417909091
0,0.0289684749703723
0,0.0279119885872639
0,0.1063493012091159
0,0.0288875179862653
0,0.0273950219690257
0,0.0276423887764424
0,0.019937167175781
0,0.0288756579159323
0,0.0743079486115042
0,0.0291836651247996
0,0.0207063616116003
0,0.0285456418563352
0,0.0255046061003083
0,0.013072306598775
0,0.0033676323738749
0,0.0213446783816972
0,0.0289855632274744
0,0.0195400148315656
0,0.0277882035746602
0,0.0322636798062218
0,0.0752123697699106
0,0.0137875672907126
0,0.0290901284308622
0,0.0280599282035867
0,0.0274311316450313
0,0.0309476685730352
0,0.0093794616041645
0,0.0283477467508608
0,0.0332371378954187
0,0.0081485450665533
0,0.0771417680892125
0,0.0287348084093843
0,0.0275303061881768
0,0.0291091522738705
0,0.0235817742773746
0,0.0269399230710867
0,0.070837369583319
0,0.0301218793673907
0,0.0280197041193361
0,0.009813729317047
0,0.0282445391392698
0,0.0095097273298098
0,0.0293767057343424
0,0.0276864117286047
0,0.0306817829351291
0,0.0035786069638378
0,0.0288967407636701
0,0.0281432605082384
0,0.0151597772937291
0,0.027710728183227
0,0.0291815233818227
0,0.0107340485051233
0,0.0147547671890671
0,0.0278293797776094
0,0.0232163823515263
0,0.0069131301902306
0,0.0141493864841147
0,0.0294043512261156
0,0.028247641545919
0,0.0163491351420124
0,0.0283478945000523
0,0.0134573693709532
0,0.0312287533078319
0,0.0281744184250578
0,0.0058381623179584
0,0.0290969536657727
0,0.0032231896335587
0,0.0276333303668679
0,0.0062316650083571
0,0.0185129637155268
0,0.0148178318862708
0,0.0104352083828489
0,0.2263591058392452
0,0.0281283864124469
0,0.0280524775905939
0,0.0039030683543656
0,0.0274675716705458
0,0.0147086422880893
0,0.0291716691132279
0,0.0057567605263831
0,0.0134090389820039
0,0.0290995027698076
0,0.0144726094226608
0,0.0277924778626279
0,0.0259564428257237
0,0.0274454221966303
0,0.027903540068832
0,0.0272655358118389
0,0.0275296989506115
0,0.0294540953818426
0,0.036025295862865
0,0.0277342806649167
0,0.0258790398190203
0,0.00987222596928
0,0.0233391226864397
0,0.0287035274753479
0,0.0144252062670272
0,0.0280723160946374
0,0.0092115942842158
0,0.0254537565506245
0,0.02846674200506
0,0.0057608462829401
0,0.0301614675345314
0,0.0275467393905057
0,0.030101120383638
0,0.0229335758267143
0,0.0234442392118949
0,0.0274196938004808
0,0.0277333496612531
0,0.0054176452172124
0,0.0283712822944776
0,0.0290738186998973
0,0.370926359836419
0,0.0283296988457529
0,0.0038149918274221
0,0.0041854063241647
0,0.4730415560157653
0,0.0275503092889972
0,0.0289800104217404
0,0.0293599421362527
0,0.0275495860616907
0,0.0276230400929172
0,0.0201610145770325
0,0.045974498764535
0,0.0278773465613461
0,0.0052761525131848
0,0.0274397634994011
0,0.0238477261883611
0,0.0274269188370723
0,0.0249560163548592
0,0.0274171126013348
0,0.0283738927355897
0,0.0274325650965082
0,0.0074747813369414
0,0.0293288450294773
0,0.0290940818629221
0,0.0276183278741991
0,0.0294433284345077
0,0.0291741309558183
0,0.0246949124053261
0,0.0064656626920443
0,0.0291668320574788
0,0.0290813874164799
0,0.0288786597626842
0,0.0285127987119168
0,0.0117206074689437
0,0.0292714104029718
0,0.0027651936550709
0,0.0278673994222325
0,0.0031240038230348
0,0.0212518187451141
0,0.0275083643320902
0,0.0295963634768133
0,0.028140130800764
0,0.0056095785265068
0,0.0291694694966273
0,0.0293090105037324
0,0.0201228992030353
0,0.0047275272893706
0,0.6369485315390748
0,0.0293047476309669
0,0.0274154456453696
0,0.0049101176016249
0,0.0248618385888354
0,0.0053571036420231
0,0.0276610071657822
0,0.0085128069527753
0,0.0187669418326631
0,0.0128810958609671
0,0.0286881648243993
0,0.0055475739984746
0,0.0283615930979002
0,0.0043749467498251
0,0.0289204599808997
0,0.0436559694042214
0,0.0293224136632142
0,0.0292784746090793
0,0.0029134669723747
0,0.0282011235917112
0,0.0274490104846791
0,0.0233579081513927
0,0.0038578394262137
0,0.0292374220967434
0,0.1082087850411874
0,0.0281138677939571
0,0.0274568744672842
0,0.0292608907997453
0,0.1186010550980933
0,0.0287483160190149
0,0.0280646296803784
0,0.003168225498664
0,0.0282247939766433
0,0.0292200932952309
0,0.0192190519679391
0,0.027411959956262
0,0.0096811488753799
0,0.0187393392387395
0,0.0275144878214207
0,0.0138544368256596
0,0.0289634463184631
0,0.0031780173466181
0,0.0156895616957483
0,0.0293205869266648
0,0.0274078705751278
0,0.0241905255343037
0,0.0183315909943969
0,0.0274202513512562
0,0.0291364692037269
0,0.996833039882446
0,0.0277427198942643
0,0.0280364011997956
0,0.0179726227927497
0,0.0108704862757477
0,0.0282233549258967
0,0.0282630159657195
0,0.0287769975646779
0,0.0214504134252262
0,0.0934123844747513
0,0.0130867710995729
0,0.0036949554595996
0,0.0414629621726093
0,0.0292039969816986
0,0.0039476459097919
0,0.9873547858258908
0,0.0227438526500521
0,0.0258722375078174
0,0.0275194059325188
0,0.0288021259521129
0,0.0284119239676161
0,0.0272525481461311
0,0.0276204944706149
0,0.0293972104852675
0,0.0274547646932621
0,0.0089629687211873
0,0.0136605386192668
0,0.0050009993465227
0,0.027880809347443
0,0.1342114296405394
0,0.0276844645896308
0,0.0100757580681862
0,0.0247369101730864
0,0.0288077118286309
0,0.0291812455039078
0,0.0294052062503198
0,0.029401151306812
0,0.0292307210285818
0,0.0045458410953177
0,0.0290297520212879
0,0.014358127822766
0,0.0242028345182738
0,0.0276216078318943
0,0.0217443649634479
0,0.0277986873954231
0,0.0243659606955891
0,0.0290478700382745
0,0.0276405305417554
0,0.0041536358109908
0,0.0238909331653968
0,0.0288622068427513
0,0.0285637553517788
0,0.0276293845629179
0,0.0025037310165761
0,0.0290432309590699
0,0.0293773649284059
0,0.0293922073101326
0,0.0283275902763458
0,0.0395304460497841
0,0.0295882339844929
0,0.0187669418326631
0,0.1141588755657232
0,0.0215754788130496
0,0.0274994589227912
0,0.0074202035394794
0,0.0274983322542968
0,0.5562638198761618
0,0.0584321385649371
0,0.0280475510340126
0,0.0448748289228331
0,0.0289010885727107
0,0.0280775237239829
0,0.0273647280835444
0,0.027442480649962
0,0.0085556535990792
0,0.0289004415231226
0,0.0172718717380337
0,0.0274770648211434
0,0.0274803842803489
0,0.0250952746431435
0,0.0219400143732479
0,0.0090455214971599
0,0.0275267143243964
0,0.0100818516560001
0,0.0274176927714806
0,0.0198819504807985
0,0.0274305230003588
0,0.0279184474379209
0,0.0280759004011701
0,0.0513364210251888
0,0.0285667930607241
0,0.0052064793261048
0,0.003965921507555
0,0.0275204596495399
0,0.0075783768982423
0,0.027847850418837
0,0.3286636208233353
0,0.0283098643672924
0,0.0284508681953139
0,0.0205005744609727
0,0.0277535971087607
0,0.0274663001725605
0,0.0277679411163698
0,0.0275627453650434
0,0.0051523327785858
0,0.0294240392551797
0,0.0079644278455463
0,0.0244499156278835
0,0.0275266347142183
0,0.0036835547625896
0,0.0050298101328678
0,0.0119097294808235
0,0.0160613681430108
0,0.023374072117441
0,0.0285440226656361
0,0.0043237103633514
0,0.0290931854382143
0,0.0265914339425312
0,0.0186385299741387
0,0.0278096195725424
0,0.0056398412107051
0,0.029418851267029
0,0.0121397049944067
0,0.1602552253606648
0,0.0278859515687484
0,0.0276562166105268
0,0.0093118963460948
0,0.0149809206800988
0,0.0274698075336319
0,0.0274590163312086
0,0.6008356371348884
0,0.023182854671167
0,0.0053255820148306
0,0.0275130595588618
0,0.0275238549233392
0,0.0274454221966303
0,0.0043725958448942
0,0.0279522129548143
0,0.0230797603984909
0,0.0283729148617291
0,0.0274459408421785
0,0.0293179967994896
0,0.0293876762108894
0,0.022156460764977
0,0.0076027489172586
0,0.0240618130384599
0,0.0294249187977466
0,0.0276690252147332
0,0.0291785055985765
0,0.0284857600216134
0,0.0279025534503466
0,0.0290387674265946
0,0.0288556456860282
0,0.0233050583740604
0,0.0276442433149452
0,0.0276843640335699
0,0.0292804072491235
0,0.0274564979494402
0,0.0117600483979001
0,0.0293703161651698
0,0.0024581994476071
0,0.028688692500314
0,0.0279293210573678
0,0.0197653852436593
0,0.0275366061307689
0,0.0293512202552735
0,0.0291518385720474
0,0.013532995998896
0,0.097941921507602
0,0.0275739788867073
0,0.0283401598989089
0,0.0239356697129134
0,0.0274618121283459
0,0.0266140396671856
0,0.0278713553600258
0,0.0183091335120955
0,0.0276068492052112
0,0.0090867044556587
0,0.0293551039101633
0,0.0277483942469362
0,0.0054271428565563
0,0.0277120436412575
0,0.0111044494450182
0,0.028879042556053
0,0.0210485713654272
0,0.0119816434687223
0,0.0285264607506649
0,0.0274095013600012
0,0.0267281532802487
0,0.0237885264977955
0,0.0050079462075782
0,0.0145025921093684
0,0.0046943094031863
0,0.0042580953238187
0,0.0174425695283703
0,0.0277211183917908
0,0.0274767974186428
0,0.0280159106122711
0,0.0260649881156012
0,0.0117957627334476
0,0.0294734558051889
0,0.0294497891785419
0,0.0285016707135943
0,0.0274937124187602
0,0.0252480929048612
0,0.0288524853000129
0,0.0280957943573511
0,0.0037779769720144
0,0.0157437440803982
0,0.0274736987760736
0,0.0058489604959062
0,0.0292827178542956
0,0.0027964889621343
0,0.027420507997795
0,0.0286598809564848
0,0.0274486845227455
0,0.0194935402166229
0,0.010501682264429
0,0.0247554180834872
0,0.0069233453530632
0,0.0274067039466248
0,0.0279768597593072
0,0.0193727438273731
0,0.0056211643599899
0,0.0155355932227067
0,0.0167438980875511
0,0.0279142770663246
0,0.0241719130421021
0,0.0290534451279306
0,0.0054026233601959
0,0.0274551666714355
0,0.0293763981445005
0,0.0288236801481713
0,0.0202332625106181
0,0.0277465243046977
0,0.0295418538194511
0,0.0287936433902263
0,0.0269047964023025
0,0.0288423761792009
0,0.0094814556716753
0,0.0292908943086847
0,0.0271171739437042
0,0.0278059582474446
0,0.0275278703132242
0,0.0291119207002972
0,0.0272745183802933
0,0.0283990596624283
0,0.0285328482005541
0,0.0280104979191917
0,0.0282335533917041
0,0.0274976679559777
0,0.0280099150522017
0,0.0274273068539082
0,0.0282011378476249
0,0.0281549436701089
0,0.0237201730636835
0,0.0247429844193998
0,0.2416328871839052
0,0.0289780378912007
0,0.0274813345480884
0,0.0292849059947739
0,0.0288553376923863
0,0.0274969740383206
0,0.0275132574568512
0,0.0276709752873007
0,0.0291819868221136
0,0.0184990356040386
0,0.0096540789020888
0,0.0127887615170611
0,0.0267481513137047
0,0.0246641463727119
0,0.0288618664569466
0,0.1823532208128217
0,0.0280794310582562
0,0.0058292877688303
0,0.0050183869136501
0,0.0278250457658829
0,0.0283722013643079
0,0.0293658887852327
0,0.0040397862928726
0,0.0173523737095852
0,0.0273732513559131
0,0.6718419832840817
0,0.6164214348154208
0,0.0035595869148103
0,0.00460505206881
0,0.0293214939570458
0,0.0032222419951583
0,0.0277521788205185
0,0.0293861345857558
0,0.028504957806374
0,0.0077110079070396
0,0.0164194805402353
0,0.0043843414496518
0,0.0289600882952646
0,0.0399088379957124
0,0.0092341395993037
0,0.060317261138466
0,0.0274073500791701
0,0.0034153815391059
0,0.0277405599844139
0,0.0274469386626462
0,0.004198524852438
0,0.0292125419055762
0,0.0240248096506059
0,0.0282500269710795
0,0.0287232317650544
0,0.0073996591910089
0,0.0288596864400879
0,0.0294398543205889
0,0.0285572086979377
0,0.0163457521260164
0,0.0057576274138222
0,0.0281925085149359
0,0.0144912389519976
0,0.0278015040437154
0,0.0291740305557927
0,0.027429512641261
0,0.0113233172322135
0,0.0274891532375975
0,0.0293625998822736
0,0.0168635493553131
0,0.0274930673696558
0,0.0108894708917904
0,0.0285447882284266
0,0.0286453262253808
0,0.0290304067385733
0,0.0051299813549743
0,0.0340470177495235
0,0.0193974968871547
0,0.0272928696310061
0,0.0284047039890973
0,0.0287619610790037
0,0.0233339896779276
0,0.0268188211273033
0,0.0413866087308135
0,0.0162846835132628
0,0.0281295624081441
0,0.0064579952011244
0,0.027551758354255
0,0.0254252431273157
0,0.0274437275286336
0,0.0657234204940259
0,0.0293842871768291
0,0.0279757568443791
0,0.027823660995732
0,0.3282912494880849
0,0.027449271769637
0,0.0102708159821721
0,0.0292588808998614
0,0.0139902221100058
0,0.0264035685186194
0,0.02942926817137
0,0.0057204669316942
0,0.0216326389880252
0,0.0287414344377524
0,0.0038624278395446
0,0.0279123804168131
0,0.0274040416876489
0,0.0284392028275478
0,0.027476506392131
0,0.0276392304612646
0,0.0033664228553552
0,0.0208174326620824
0,0.0280360913581735
0,0.0168772866098669
0,0.0051484500911164
0,0.0468408579877304
0,0.0279243460651477
0,0.0274119906153051
0,0.013538676633565
0,0.0292474501115836
0,0.0031219030258971
0,0.027446413598466
0,0.006508716644253
0,0.0097833193897183
0,0.0286127547659537
0,0.0099244232028528
0,0.071348218618305
0,0.0280599933457274
0,0.0258470439243879
0,0.0281007990682096
0,0.0157368660591555
0,0.028741571643195
0,0.012143856459565
0,0.0273981168922944
0,0.0599515618123335
0,0.0238914799965051
0,0.0277466916084358
0,0.0293686758248409
0,0.0080413321042884
0,0.028392853558771
0,0.0246961313335943
0,0.027754652569823
0,0.0275167637003885
0,0.0280899890646646
0,0.0293972104852675
0,0.0286478305413233
0,0.0237008733195414
0,0.0638305841277681
0,0.0285336680557451
0,0.0055708998785637
0,0.0132310165451671
0,0.0293831972563398
0,0.0220740032584988
0,0.0292332908587939
0,0.0202266438621241
0,0.0122279172202652
0,0.0280291925320668
0,0.0286575730502017
0,0.0279240024361823
0,0.0170246288596795
0,0.0010820738663286
0,0.0291887293543556
0,0.0282135511281614
0,0.0235179008619273
0,0.0293410953405428
0,0.0282080751970156
0,0.0275958082905501
0,0.0283738701687966
0,0.0274770648211434
0,0.027992003545211
0,0.0289048233734232
0,0.0267347437992473
0,0.0339010929322463
0,0.0260771581767447
0,0.0557709090286256
0,0.0274102044644481
0,0.0280916727527569
0,0.0021193792760835
0,0.0294094636271471
0,0.0275343323772791
0,0.0276445433290308
0,0.0263260852145351
0,0.0042895258735716
0,0.0264453778985672
0,0.0278360317406969
0,0.0276199216049512
0,0.0285712692804028
0,0.0279149069148326
0,0.02865289617176
0,0.0294051549239448
0,0.0034254681410455
0,0.0286697808000842
0,0.0289784091260698
0,0.009292396606976
0,0.02881514412994
0,0.0112135084186464
0,0.0274160994944663
0,0.05880873835034
0,0.0505126914670277
0,0.0181815988219795
0,0.0285988237315351
0,0.0280936097585707
0,0.02264976206634
0,0.0052429627614227
0,0.0288290715196181
0,0.0275550697390344
0,0.022473513903784
0,0.0405977277638794
0,0.0276773938652522
0,0.0293476792731905
0,0.1323248083837282
0,0.027461717834991
0,0.0277065531757513
0,0.0284468210681658
0,0.0065672637896292
0,0.0281572458816123
0,0.0274523523942687
0,0.0275383325583156
0,0.0260220449562678
0,0.0066827712899337
0,0.0235535319449119
0,0.0276949023978566
0,0.027365366974453
0,0.0277119450973101
0,0.0050973809158772
0,0.0048273538517161
0,0.0114537257227347
0,0.0275075616458591
0,0.015954583384967
0,0.0293628844103071
0,0.0069072036497004
0,0.0242890100421063
0,0.0040604587570835
0,0.0215231245063194
0,0.0124445544067203
0,0.0289654920963424
0,0.0281857662067006
0,0.0274363184725771
0,0.0282165952638016
0,0.2757510658245838
0,0.0156609096168792
0,0.026423925238726
0,0.0045105721779883
0,0.0276658929383621
0,0.0061114581652936
0,0.0240815509163495
0,0.5991496330213486
0,0.0294411920926026
0,0.028459350409406
0,0.0286082766304045
0,0.026708534818256
0,0.0292921935622922
0,0.0256743135369287
0,0.0290347719784251
0,0.0041392284943248
0,0.0284205297257789
0,0.0044359758222796
0,0.0162251414505349
0,0.0129900403636573
0,0.0276776184121275
0,0.0281417968318201
0,0.0277751606366281
0,0.0290953114291381
0,0.0278033324779041
0,0.0292516246988114
0,0.0292049318520525
0,0.013121812041538
0,0.0274252685454
0,0.0280890324037782
0,0.028810748306755
0,0.0233266686122714
0,0.0286688576252394
0,0.0395997149891064
0,0.7137793304680965
0,0.0289047475278794
0,0.0276337224556778
0,0.025706751837767
0,0.0138545518367559
0,0.0293964344720453
0,0.3570432590924957
0,0.0293924219096326
0,0.0166514944797229
0,0.0287230559899487
0,0.0284177973117142
0,0.0129112901361539
0,0.0046690182578431
0,0.0273829010107586
0,0.0286824366340798
0,0.0274151756605771
0,0.0274538228554113
0,0.0111771493805513
0,0.0231586233789385
0,0.0702087500448301
0,0.0186705893147001
0,0.0256325426884547
0,0.0287320256661525
0,0.7987932352208965
0,0.0291809788491352
0,0.0078785309193942
0,0.017625276053243
0,0.0283064917387242
0,0.0282913547176905
0,0.0039499184176729
0,0.0274095640487983
0,0.027639689504532
0,0.028892778931736
0,0.0292646570788289
0,0.0256552057729716
0,0.0222370030381395
0,0.0275659020167584
0,0.0274109665821175
0,0.0166374443831982
0,0.0518188426515473
0,0.0103789362922159
0,0.0214318350800965
0,0.0284222621794597
0,0.0067753140994819
0,0.0287213030712543
0,0.0189270648205905
0,0.0218329087695897
0,0.0283610425465151
0,0.0178341104541988
0,0.0059236843400335
0,0.0279400457132623
0,0.0040090793607853
0,0.0286172195106489
0,0.0115087068734738
0,0.0252710283461615
0,0.0279996318585391
0,0.0277521788205185
0,0.028558746237993
0,0.0103507526020284
0,0.0278742811292546
0,0.0127339798665833
0,0.016642850196155
0,0.0080984444594626
0,0.0235659883018143
0,0.0252387286096958
0,0.0152568792488216
0,0.3475966391345971
0,0.0294194075606363
0,0.0377190362277057
0,0.0177723958597694
0,0.0284412060882786
0,0.0293899005037493
0,0.0280008871625285
0,0.0271367296534602
0,0.0288329889669019
0,0.0061231660636021
0,0.0286211729802355
0,0.0244770218503985
0,0.0275828028037722
0,0.1578054882667676
0,0.0290374685728974
0,0.0113221887443601
0,0.027897097606013
0,0.0275983667633297
0,0.0794811148741775
0,0.013242984444338
0,0.0029130147432318
0,0.0280500169391571
0,0.0318004821227012
0,0.0289461799908207
0,0.0072423424187614
0,0.0113085450286863
0,0.0040829530218878
0,0.0274451490477577
0,0.0345124804984704
0,0.0060252726201855
0,0.0294880088634127
0,0.0288349060601638
0,0.0292026783149061
0,0.0293028891296572
0,0.0280591417967263
0,0.0142925107880492
0,0.0227288992826275
0,0.0440387468100844
0,0.0274572781068756
0,0.0096192212734198
0,0.0422773842621744
0,0.0285234985901255
0,0.0292792417676365
0,0.028209287672625
0,0.0272038674077211
0,0.0292343173640565
0,0.0270741734409993
0,0.0107685367874337
0,0.0194147043056495
0,0.0052990813665585
0,0.0187620711852693
0,0.0283753158973347
0,0.0276164730572529
0,0.0274178258443208
0,0.0266509235244188
0,0.0290327173510164
0,0.0286942186448691
0,0.0157486645293638
0,0.0291460519070572
0,0.0291026713164894
0,0.0233128630448522
0,0.0260284230246892
0,0.0053968700800808
0,0.0281882018295717
0,0.6149019770666344
0,0.0291450328761027
0,0.4183671922965779
0,0.0274136404046509
0,0.0274518679498146
0,0.0277239147749698
0,0.028734987480449
0,0.028198048883834
0,0.0046394532811495
0,0.0285418124769226
0,0.0289182053524201
0,0.0275841532998437
0,0.0275424862330447
0,0.0251483829661313
0,0.0063287812262264
0,0.0289232741598827
0,0.0142726298188685
0,0.0071426958776803
0,0.013744799886773
0,0.0670840775035284
0,0.0200277610054505
0,0.0275143482156421
0,0.0055188024832817
0,0.0253946310229201
0,0.0274138136497809
0,0.0017773280327675
0,0.0275401995733057
0,0.0274381689091414
0,0.0233945115368683
0,0.0274377334172197
0,0.0279177166406114
0,0.0279798018149228
0,0.0293926754491465
0,0.0252139990601666
0,0.0071541341845601
0,0.0289188842546128
0,0.0288354995988719
0,0.006029605806698
0,0.0284962637954001
0,0.0294464223472308
0,0.015502800969524
0,0.0274156008245072
0,0.0275239401166918
0,0.0288477566719694
0,0.0119347194644657
0,0.0278645659544271
0,0.0052752909944666
0,0.0280260781111103
0,0.0280195385719745
0,0.0251486729142631
0,0.0191864546161048
0,0.0283561090786555
0,0.0059218596069794
0,0.0276276917537281
0,0.0285659253076082
0,0.0879430399303199
0,0.0277485101263691
0,0.0275926653373742
0,0.0284901832171017
0,0.0246690293464351
0,0.0134278501653669
0,0.0688416599095474
0,0.0244747888888476
0,0.0282756928047072
0,0.0213343861167518
0,0.0287243808742118
0,0.0292728506505022
0,0.0274053890911528
0,0.027727303493405
0,0.0287254896404171
0,0.00510377362744
0,0.0274076098564931
0,0.0281463875687054
0,0.0981977114704028
0,0.0276183278741991
0,0.0276804438872691
0,0.0292913209779378
0,0.0279691076691591
0,0.0276508227215635
0,0.0051669555191137
0,0.0280364011997956
0,0.0040238153895135
0,0.0165465573436012
0,0.0294239092724366
0,0.0215892333343278
0,0.0286153541843916
0,0.0280783352273372
0,0.6144899398038249
0,0.0275816313457051
0,0.0274869941162838
0,0.0196327532809307
0,0.0118662772434238
0,0.0096070386631784
0,0.0283069571093708
0,0.0277097425308744
0,0.0275389419467184
0,0.0286697370813681
0,0.0053704405583882
0,0.0285608159827316
0,0.0274961738040276
0,0.0027292761286165
0,0.0176516735055333
0,0.0296304548432844
0,0.0278628816003971
0,0.0288398937755789
0,0.0275901766985955
0,0.0287739768240832
0,0.028581731670127
0,0.014067337606853
0,0.6156646317893575
0,0.0294317113311309
0,0.0365892037182603
0,0.027878238733168
0,0.0294472805796495
0,0.0288746392765486
0,0.0060227401126856
0,0.0610528519767685
0,0.0239838810678039
0,0.0190832318933558
0,0.0274248126769645
0,0.0260948045392921
0,0.0057649421150946
0,0.0279184221319537
0,0.0257912164800746
0,0.1351485103479694
0,0.0279812820485167
0,0.0283874065454829
0,0.024428060391869
0,0.0054546347176741
0,0.0038129881782418
0,0.0293851818048151
0,0.0292032552908891
0,0.0072658680740777
0,0.0284027038043414
0,0.0049913153831897
0,0.0288225900625287
0,0.0281238765234303
0,0.4812976233219548
0,0.5426778125712471
0,0.0276591322021653
0,0.0275597759138358
0,0.0237360349295449
0,0.0294000500040834
0,0.0294049804766513
0,0.0285709053185416
0,0.0265235905950995
0,0.0278736862825673
0,0.0274723421925848
0,0.0036555971568625
0,0.0274905567950317
0,0.0037081002940344
0,0.0207875591143132
0,0.0293073547097631
0,0.0293214835835872
0,0.0123241371838847
0,0.0291501233864734
0,0.0210232803524698
0,0.0247435468341834
0,0.0277336411408078
0,0.0037954360168889
0,0.0218431728669449
0,0.0280549937751408
0,0.0276143623622637
0,0.0154394382689559
0,0.0119594413673867
0,0.0037302278419434
0,0.0279556556304945
0,0.0293645220655113
0,0.0044325631632326
0,0.0282317867776351
0,0.0175742405436891
0,0.0274938724137469
0,0.0052088765781486
0,0.0274616643001509
0,0.0279247420377797
0,0.0279454808286255
0,0.0274559057026139
0,0.0275381455842712
0,0.0274440365577368
0,0.0201521322462767
0,0.0275011674450782
0,0.0070551711614205
0,0.0314098451201275
0,0.0276680577687471
0,0.0528987352456512
0,0.0102362940532027
0,0.0038196167695987
0,0.0285135921902897
0,0.0263089762705414
0,0.0281094498233804
0,0.028689161464804
0,0.0279443461172795
0,0.0039634206003286
0,0.0289935503274895
0,0.0275450956120979
0,0.0277843580853757
0,0.0278810067629266
0,0.0097989615595665
0,0.0282925832622607
0,0.0254965300603581
0,0.027430885394316
0,0.0064128673392363
0,0.0259347295277599
0,0.0276992838700251
0,0.027787330451837
0,0.0280612844726283
0,0.029179097378922
0,0.0292498678692995
0,0.0081485450665533
0,0.0287656116938888
0,0.0034036779871012
0,0.0288784271952495
0,0.0290429753279242
0,0.0127634218140822
0,0.005265957752049
0,0.0036839520280348
0,0.0213414145962568
0,0.0278969007488229
0,0.0920440998844149
0,0.0292487866959217
0,0.0069515231301606
0,0.0480101819144827
0,0.1352882004393116
0,0.0042010416881168
0,0.0039293494293553
0,0.0274447218446144
0,0.0289253627812126
0,0.0074974026029665
0,0.0240821295800284
0,0.016683268709551
0,0.0203181773627535
0,0.0274623583413041
0,0.0276035202444107
0,0.0290452171328322
0,0.002105845294959
0,0.0293705787868278
0,0.0028084367917394
0,0.0283566259021844
0,0.0289417427491217
0,0.0283330583749269
0,0.0110763334122589
0,0.0294923531815189
0,0.0424184016144157
0,0.0294282473840892
0,0.0142965691079933
0,0.0275875091089879
0,0.026574255803936
0,0.004609746107623
0,0.029179015969918
0,0.0233656770756254
0,0.0277740341752054
0,0.0052979048504637
0,0.0245494668738221
0,0.0278662080600609
0,0.0045467830960237
0,0.0274107275266133
0,0.0277077094124185
0,0.0276581342861352
0,0.0285537566985758
0,0.0293463200202413
0,0.0275741726725184
0,0.0274143833471288
0,0.0207971896748769
0,0.0092219941741245
0,0.0284614227471619
0,0.0293655643473067
0,0.0282337925818583
0,0.052262658646339
0,0.0295107447230738
0,0.0095838733445494
0,0.0118565394440357
0,0.0083984614446159
0,0.0283974295991203
0,0.02611404290766
0,0.0285961015850278
0,0.0214699875111118
0,0.0266142959418777
0,0.0283974560103949
0,0.0219098838914477
0,0.0275673013995339
0,0.0285808335828586
0,0.0274051849312627
0,0.0281576413045202
0,0.0287892046776626
0,0.0284815248525737
0,0.0028248351429517
0,0.0083244710870606
0,0.027524454734359
0,0.0290704106036958
0,0.006058399868434
0,0.0293568372743778
0,0.0293901328267381
0,0.0290910117192728
0,0.0222746105798348
0,0.0278780745132593
0,0.028692736123483
0,0.0029708471832108
0,0.0285175650262166
0,0.0053440217540137
0,0.0291039317759948
0,0.0274329776224923
0,0.0233851579623937
0,0.0283012451436493
0,0.0289658990091749
0,0.0242184072104429
0,0.0284911728455962
0,0.028421833912892
0,0.9984804905130172
0,0.0277918328697684
0,0.0036973594608794
0,0.0288966664760642
0,0.0293265665756605
0,0.0220455140177747
0,0.0285906960497001
0,0.02928172075691
0,0.0294390756718151
0,0.0286964185347638
0,0.0097167739575856
0,0.0233169161351132
0,0.0282712966870983
0,0.0285739559253061
0,0.0272222890259829
0,0.0289012339738042
0,0.0102021187739275
0,0.0100484664934282
0,0.028589899747024
0,0.0289127256828669
0,0.0082583512594318
0,0.2130385592163925
0,0.2290041632395959
0,0.0280047808949165
0,0.0761713211322978
0,0.0259146828166621
0,0.0066696864621264
0,0.0281952370417146
0,0.0045146018957196
0,0.0093417278361666
0,0.0274098123124974
0,0.0285131066636997
0,0.0339158502602251
0,0.0284722894900098
0,0.0205614092804008
0,0.0275389419467184
0,0.0252928289092689
0,0.0737040389968616
0,0.0283613666202829
0,0.0274168975471212
0,0.0283483496117618
0,0.0035753722065359
0,0.5996674507454736
0,0.0284195361919573
0,0.0280678426718724
0,0.0292895932725662
0,0.0270466317424213
0,0.0274901907134456
0,0.0209207163367881
0,0.0076644720356538
0,0.0358298965181966
0,0.8044943615517508
0,0.0233142720732914
0,0.012902047102902
0,0.0274775993315097
0,0.0276010279109863
0,0.029030374649171
0,0.0283756395331854
0,0.5944877719631682
0,0.0302545470415577
0,0.0071517141123665
0,0.0294036942916751
0,0.0278299134977338
0,0.053294509677953
0,0.0042411199713075
0,0.0271377560815541
0,0.0214646917444523
0,0.0274167634004528
0,0.0286584167826973
0,0.0289721922417655
0,0.0274054434440882
0,0.0291098956607977
0,0.0287709096383477
0,0.0287969261502885
0,0.0046180475075821
0,0.0294287644371736
0,0.0111273439168888
0,0.0274358853651294
0,0.0289899551010179
0,0.0286952705198432
0,0.0287291905392741
0,0.0208675293022755
0,0.0048174520451971
0,0.0292374807220608
0,0.0275086340470002
0,0.0280483223233451
0,0.0055723146980107
0,0.0282721657232397
0,0.0050648308340168
0,0.0274722762251266
0,0.0250310146624893
0,0.0751191904657161
0,0.0204756836823526
0,0.0056873813804424
0,0.028029246777607
0,0.830770471248658
0,0.0097884843970062
0,0.028900234823719
0,0.0043911792689605
0,0.0083558076764159
0,0.0055475739984746
0,0.0079086641332838
0,0.0234810998831412
0,0.0294639446916243
0,0.0282873274223175
0,0.0275194613210992
0,0.0116867733949517
0,0.0600631408647997
0,0.0042566223802231
0,0.0276810340420988
0,0.0101014195971604
0,0.0060280732508891
0,0.0280138672039677
0,0.0132997643353663
0,0.863776179736166
0,0.0253878605149673
0,0.0045758522468527
0,0.0058619239520271
0,0.0287887140401243
0,0.0288647148761439
0,0.0277764431457494
0,0.5654953555791744
0,0.0278702995687673
0,0.0408817865593788
0,0.0274117902322441
0,0.0276438099862502
0,0.0278089555955031
0,0.0276528878140428
0,0.0293552683088458
0,0.0400399192931678
0,0.027464940405366
0,0.0276863491311395
0,0.0051056033379506
0,0.0278702129450558
0,0.0276437760809228
0,0.0275426931417821
0,0.029404930955347
0,0.0266813705923964
0,0.0115387981051644
0,0.0286616193669879
0,0.0284070497442297
0,0.0260758753333339
0,0.029549823319218
0,0.0293868366931902
0,0.0293163867028643
0,0.0191702727935543
0,0.0274441733751011
0,0.0051201699629092
0,0.0175728784437087
0,0.0272334488587894
0,0.0275135650821378
0,0.0292849731313753
0,0.0276287160038604
0,0.023820216561827
0,0.0291482950065251
0,0.0293463021491981
0,0.0274519439572434
0,0.0275171178850838
0,0.0274087983693439
0,0.0175898167653937
0,0.1507243028086155
0,0.0285465273859989
0,0.0293949381062265
0,0.0050399648147562
0,0.0098849373746868
0,0.0079798538883231
0,0.0283794465832523
0,0.0287317524029791
0,0.0182684171192994
0,0.0101451803975847
0,0.0269890119047532
0,0.0059557080415493
0,0.0277978544310533
0,0.0080019001175317
0,0.02689595596706
0,0.0293610067040108
0,0.3740612951221809
0,0.0027325094735871
0,0.0077640086847599
0,0.0049010923250158
0,0.0169950646650711
0,0.0294017274019135
0,0.0281900047269996
0,0.0201746105422451
0,0.0290168458554684
0,0.0149886252242494
0,0.028278028533106
0,0.0250299977400843
0,0.0212846573157566
0,0.0289446846334764
0,0.0040544305642311
0,0.0277104947641786
0,0.0243879413492427
0,0.0458651898623513
0,0.0052753368287114
0,0.0200512092312595
0,0.0246286219699326
0,0.0338005994673701
0,0.0048684766408523
0,0.0273738576533692
0,0.0217273586670949
0,0.0078427270774312
0,0.0281924575997464
0,0.0278532692208019
0,0.0199104893830588
0,0.0034402681304357
0,0.0274510906032564
0,0.0277291174409274
0,0.0271826278614261
0,0.029370713796823
0,0.0109484543801197
0,0.027690779696714
0,0.0286450615221706
0,0.0273815543110781
0,0.0248528580335439
0,0.0056006881797492
0,0.0052235259993647
0,0.0265607968633428
0,0.0291250872055643
0,0.0289341344494565
0,0.0045200922025526
0,0.0037263868234692
0,0.027762775092784
0,0.0280438236006838
0,0.0079597455837346
0,0.0282666214528962
0,0.0281077199322149
0,0.0209506022162388
0,0.0275325053672563
0,0.0283044478608533
0,0.2341185117313967
0,0.0277727978770703
0,0.0275334894120343
0,0.0283071068807938
0,0.0274113483506429
0,0.0022147678267501
0,0.016097467178745
0,0.020863024833686
0,0.0274098299298269
0,0.0291509369388661
0,0.1311172419214956
0,0.0048357402291488
0,0.0280689599264532
0,0.0288162650179481
0,0.0105208559004491
0,0.0100293352716502
0,0.0289847551982435
0,0.0280881318148882
0,0.0291247358121332
0,0.0274102535340008
0,0.0280106397385287
0,0.0127264431669237
0,0.0112746676194192
0,0.0102647417409973
0,0.0287945094252573
0,0.0190205956169455
0,0.0089101733144707
0,0.0284349573986147
0,0.0030207212231731
0,0.5992201056988443
0,0.0282376782736845
0,0.0129810538393912
0,0.0289152296640449
0,0.0138538460460346
0,0.0161714979229699
0,0.0089691363287773
0,0.03357924662569
0,0.029380456652071
0,0.0241336931189711
0,0.0289279780466628
0,0.0293482823828997
0,0.0236133683675955
0,0.0275601770533535
0,0.0318646968219868
0,0.0233737461513049
0,0.0283106891767701
0,0.0290339166101337
0,0.029395626211017
0,0.0289008733601412
0,0.0285376038420517
0,0.0276990480822946
0,0.0288879788383387
0,0.0293973264554481
0,0.027413752474614
0,0.0170392242125347
0,0.0211057314017433
0,0.0284926443888851
0,0.0288856554395607
0,0.0237024302474364
0,0.0278335638873015
0,0.029115010646264
0,0.036717639077011
0,0.0286661772101926
0,0.0291055448058636
0,0.0290738945296931
0,0.0203123308006606
0,0.0067528967850998
0,0.0274159928919888
0,0.0043657924197929
0,0.0580315561494389
0,0.0135216508082652
0,0.027470694801696
0,0.02760057009459
0,0.0069890640735152
0,0.0280813376850696
0,0.0275093454590307
0,0.0062501182526188
0,0.0040782744270472
0,0.0241798254379304
0,0.0019087448059209
0,0.006755256786887
0,0.0274771354837322
0,0.0286512221833583
0,0.0274649642690871
0,0.0280928583658405
0,0.0263151949908765
0,0.0086106979925531
0,0.0276247020344754
0,0.0166484920273954
0,0.0282855956258033
0,0.0274973302404244
0,0.0281952370417146
0,0.0075070441948759
0,0.005061865458006
0,0.0286315928775053
0,0.0266249391996951
0,0.0294032719003891
0,0.0294538733165982
0,0.0274443197099405
0,0.0053492434701892
0,0.0275301999010858
0,0.0185363711040813
0,0.0292829185071687
0,0.0152873809739306
0,0.0261890913013046
0,0.3510540010654576
0,0.0294734752060449
0,0.0283577488670632
0,0.0292017520639371
0,0.01120578389397
0,0.0052693916475149
0,0.0108669713586831
0,0.0228724517311738
0,0.025845315686228
0,0.0295446563469356
0,0.0051150084151707
0,0.0047483246510503
0,0.0274530494870634
0,0.0293125711561943
0,0.0039068073907288
0,0.0031865003467436
0,0.0049665610605842
0,0.0256667831652497
0,0.0278393269057598
0,0.0040527737605828
0,0.028195001010818
0,0.0276431696773259
0,0.007648664357903
0,0.0278024349649838
0,0.0282504442264981
0,0.3401233250096168
0,0.0277162598991786
0,0.0059299462333067
0,0.0280887297131114
0,0.0056255525669603
0,0.0291801144922022
0,0.0035502954153524
0,0.0278396207581172
0,0.0058714596173394
0,0.0071298021792866
0,0.0277255700856032
0,0.0283029368644958
0,0.0081544878299348
0,0.0145136087171208
0,0.0109066831030308
0,0.0092826800535927
0,0.0274085551533213
0,0.0214918203987017
0,0.0285774733751908
0,0.0281893762341908
0,0.0274452579173852
0,0.0274443950416317
0,0.0054100667163152
0,0.0373502018425429
0,0.0038040891787519
0,0.0276294294187935
0,0.0290607415411539
0,0.0177337607761807
0,0.0166476507048101
0,0.026260244928914
0,0.0280046169348063
0,0.02744468509626
0,0.0143697215362675
0,0.0278730291792929
0,0.0220450462467881
0,0.0284529087625475
0,0.0183767392358437
0,0.0137701256833146
0,0.0281809227653642
0,0.0286122410822756
0,0.0254135499798808
0,0.0275545270434534
0,0.0281771394010282
0,0.0286788270463824
0,0.0171727337754598
0,0.0279333233398738
0,0.0051254295323005
0,0.0065671418571491
0,0.0291381138269766
0,0.0111144018175215
0,0.0279697894161559
0,0.0282238512924402
0,0.0049424570312699
0,0.0249015419036376
0,0.0290931854382143
0,0.0294807232335805
0,0.0082435552032864
0,0.0293937720492026
0,0.0273507864970298
0,0.0281856579037097
0,0.0274836265296447
0,0.00328871757669
0,0.0292601986576708
0,0.0274118060804027
0,0.0285088613186197
0,0.0072498119808742
0,0.0290201851145075
0,0.0164166398028676
0,0.0277566524483579
0,0.0138752674135806
0,0.0281573108299961
0,0.005798962512401
0,0.028675860325744
0,0.0287602444415805
0,0.0240449513296945
0,0.0287867021025062
0,0.0275873803518633
0,0.0288879479532173
0,0.0282580462210046
0,0.0287685735505564
0,0.0276932505749987
0,0.0289262017720485
0,0.0273436174725512
0,0.0285254696879463
0,0.0282119732246806
0,0.0287708958557083
0,0.0265152057142768
0,0.0234583698934033
0,0.0276338251195825
0,0.0281199011920947
0,0.0255973322853392
0,0.0293602016885741
0,0.0285263954996495
0,0.0224705555835498
0,0.0273997821582926
0,0.0077485790706979
0,0.0275904549701755
0,0.0275676385149049
0,0.0253115004050963
0,0.0057013794558514
0,0.0281619916766793
0,0.0058569780642845
0,0.0284825829583656
0,0.0187027411905025
0,0.0279019902600331
0,0.0155572516915896
0,0.0257406891203666
0,0.0244433205562845
0,0.0261082381057296
0,0.0278540093112391
0,0.021344958590783
0,0.0284403251831511
0,0.0195212946315365
0,0.0274621840447196
0,0.0056631632528065
0,0.0241981229391656
0,0.028170871709786
0,0.0284315274274809
0,0.0277091331979447
0,0.1512337375664811
0,0.0286993347388499
0,0.027470694801696
0,0.0104229796985733
0,0.0275549948755903
0,0.0200381947776561
0,0.0268380698905726
0,0.0283478219762914
0,0.0250490247750353
0,0.0276181943332721
0,0.0049790402280107
0,0.0143465085450382
0,0.0037291866340983
0,0.0279636773589105
0,0.0044577273466351
0,0.0052229738557496
0,0.0242071886139994
0,0.027532554311418
0,0.0274594627597647
0,0.0232675826295334
0,0.0240124089886634
0,0.0293385482740214
0,0.0029555013386139
0,0.0282825792005323
0,0.0715392250185903
0,0.0285366244898451
0,0.0293860812445436
0,0.0640462575704909
0,0.0037563622424533
0,0.028691186246714
0,0.0275633428210079
0,0.0232903407436073
0,0.0274962794695582
0,0.0168255272081838
0,0.0315956464801636
0,0.0274357426842256
0,0.0293955028317052
0,0.0274623513281313
0,0.025308338860016
0,0.027525986606944
0,0.0288501208113478
0,0.0280050380220252
0,0.0048141425672402
0,0.0293346202721197
0,0.0086232995876912
0,0.1837559040845174
0,0.0123004207577714
0,0.0257905758090931
0,0.0281249110332342
0,0.0291061648591873
0,0.0239125706619939
0,0.0236253867163264
0,0.027718733575211
0,0.0274330255333177
0,0.0485920407188142
0,0.0372537496253686
0,0.0280756583267522
0,0.0277402919353112
0,0.0274206833633161
0,0.013898049357279
0,0.0274341791557833
0,0.0274184805794221
0,0.0279141021011733
0,0.0289035188376067
0,0.029381457398399
0,0.0269318884983837
0,0.0122201470679495
0,0.027604152738886
0,0.0274795421724879
0,0.0283741576950634
0,0.029303462356819
0,0.0273039295936449
0,0.0077314293599116
0,0.0285237557491805
0,0.029346512749428
0,0.0288594497929405
0,0.0090360148261286
0,0.029395828388407
0,0.0284689206344316
0,0.0293937948024051
0,0.0275599523303483
0,0.0224548937721781
0,0.0280762182775114
0,0.0234900259155916
0,0.0194428588994812
0,0.0275554485310109
0,0.027417191104128
0,0.0285858233903743
0,0.028342250019437
0,0.04902543611155
0,0.0286646910072678
0,0.0091603960040811
0,0.0290647540551825
0,0.0294427162261736
0,0.0274496479231743
0,0.0441244207382274
0,0.0285358294500136
0,0.1188143811157207
0,0.0282923654646597
0,0.0275627574658496
0,0.0108609621089321
0,0.026583154820069
0,0.0038648036016205
0,0.0282788420917154
0,0.0060168234398474
0,0.0282895809436951
0,0.0284867087724023
0,0.0292686386346453
0,0.0289113228702106
0,0.9945335602042809
0,0.0266170582584821
0,0.0062962591031234
0,0.0274611744902319
0,0.0284482137724817
0,0.0288465028752135
0,0.0293159063370779
0,0.0291188920062301
0,0.0214600310473453
0,0.0294727898839406
0,0.0291287190279891
0,0.0275301999010858
0,0.0279688381002374
0,0.029116876017943
0,0.0279667978309678
0,0.028905824312879
0,0.0056240284796789
0,0.0027559780678552
0,0.0280390702861287
0,0.0279604260534411
0,0.0087389408974822
0,0.0253315685361262
0,0.0043458883589258
0,0.0275873803518633
0,0.0218429723536273
0,0.0289981050684771
0,0.0194150852998076
0,0.0204520564764376
0,0.0274090500903185
0,0.0291797268971288
0,0.0275735995578919
0,0.0171163374976413
0,0.0263921084820554
0,0.029455273056358
0,0.0061902768503849
0,0.0282906794948587
0,0.0550249080047198
0,0.0276928416294588
0,0.0278002897003677
0,0.0048500600315022
0,0.0036576718865151
0,0.029356524830614
0,0.0040156931283927
0,0.0278484583942265
0,0.0286434586066284
0,0.0274631220266325
0,0.0289790403745182
0,0.0280649597600458
0,0.0257751952406528
0,0.0274519439572434
0,0.0079317966796856
0,0.0286579282463281
0,0.0042125768083364
0,0.0274112439212889
0,0.0277630734912573
0,0.0274510801898948
0,0.0276044314552369
0,0.1068413881129229
0,0.0287303773457014
0,0.0028106171948557
0,0.0276264411280487
0,0.0130028269717592
0,0.0279166020826718
0,0.0292403724312905
0,0.0274713948849056
0,0.0283598443496993
0,0.0414695927111872
0,0.0289888056458903
0,0.0044863298639828
0,0.0284134887802255
0,0.0278356226314307
0,0.0283582461946131
0,0.0274481440374084
0,0.0263022388518912
0,0.0275770760549112
0,0.0274338280612195
0,0.0281453810030513
0,0.0281241293585747
0,0.02940568171965
0,0.0042563000515644
0,0.5621007914304751
0,0.0059767724746728
0,0.0279291520778036
0,0.0264783988885499
0,0.0055276822958404
0,0.0293225428968876
0,0.0279048006919278
0,0.0290507707623443
0,0.0037797396673711
0,0.0274567991810736
0,0.027408671292115
0,0.0185897505295286
0,0.0281176908830416
0,0.0277844605523408
0,0.0274185538339
0,0.0288926191607297
0,0.0288512299242723
0,0.0048036176884102
0,0.0069190743881056
0,0.0055552806118908
0,0.027509569723247
0,0.0275956544118324
0,0.0290691913313407
0,0.0175005513404242
0,0.027982444043342
0,0.0274199301805888
0,0.0290409641549344
0,0.0083219472720782
0,0.0047916532759446
0,0.012308765606281
0,0.0294375088760931
0,0.0296046860578415
0,0.0276320129267057
0,0.0283298075200825
0,0.5806665439112021
0,0.0144266358766864
0,0.0276235287736318
0,0.0292730773231261
0,0.0020529020734085
0,0.0280146681943804
0,0.0279534591225253
0,0.0285066631827159
0,0.0080510982146315
0,0.0224988349607684
0,0.0284037368963848
0,0.1930106778047047
0,0.028155168851386
0,0.0275958534653465
0,0.0277623926891648
0,0.9346286600169768
0,0.0180854777101802
0,0.0082262603893869
0,0.0279247420377797
0,0.0287420745203021
0,0.013545681519522
0,0.0289163675619925
0,0.0048759578626345
0,0.0107582268980348
0,0.01384718721134
0,0.0143984949807396
0,0.0289279954765232
0,0.0293121622078118
0,0.0283033500167907
0,0.0350973883578834
0,0.3707605971043146
0,0.0282128596198534
0,0.0277547096564589
0,0.029391647171998
0,0.0168281435390592
0,0.0162192428912347
0,0.0032882729201923
0,0.0274794751017174
0,0.0063177901321034
0,0.0260150190196031
0,0.0292891563076391
0,0.0274678037497239
0,0.0287012165366153
0,0.0274283123958192
0,0.0276039230994633
0,0.0292604582955579
0,0.0281320529202525
0,0.0059873101611451
0,0.0289993722625808
0,0.0190630101352474
0,0.0125925846388976
0,0.0277325857487622
0,0.0258988629668682
0,0.0293742374064683
0,0.0171190899510889
0,0.0069618309870689
0,0.3202961972095052
0,0.0164400693632417
0,0.029511455123944
0,0.008299353158085
0,0.0177248137609726
0,0.0298829226319613
0,0.0148999763295954
0,0.012186326744998
0,0.004850866439646
0,0.712000435379437
0,0.0061433122558669
0,0.0293032615575779
0,0.0274250386728772
0,0.0269283342983923
0,0.0285586642190973
0,0.0283230107023418
0,0.1394327335501087
0,0.0278857582053259
0,0.0274306735989401
0,0.027857296514649
0,0.028026245712803
0,0.0279499925277477
0,0.0048904025746285
0,0.0281358353222463
0,0.0242843278517134
0,0.028346868773104
0,0.4612162955128897
0,0.0284657508056155
0,0.0274823546881829
0,0.011572319435488
0,0.0291084824522696
0,0.0274169314865312
0,0.0235174463103207
0,0.0282079310227701
0,0.0255433943753598
0,0.0286035772099606
0,0.0275820437822383
0,0.029103538524437
0,0.0274516962605312
0,0.0275274896203521
0,0.0278278757145609
0,0.0040270292030315
0,0.0276307488047323
0,0.0255340443041827
0,0.0293078611809221
0,0.0286623811777713
0,0.0142699559249341
0,0.0279400457132623
0,0.0050950090362813
0,0.0428649723867517
0,0.0264390073271549
0,0.0276691886806391
0,0.0288852104917228
0,0.0060243494222034
0,0.027397806286179
0,0.0250053010758331
0,0.0289384175780427
0,0.0098186971795043
0,0.0141789220886683
0,0.0290965008763733
0,0.0258992816395108
0,0.0079986371639252
0,0.0283868449195622
0,0.0288921734064911
0,0.0060235656338074
0,0.0266967093646009
0,0.0274687831035628
0,0.0293868857956636
0,0.0049386505024646
0,0.0202399852210259
0,0.0186930924132576
0,0.0135639307105458
0,0.0283129167118431
0,0.0080294950436609
0,0.0276114932267548
0,0.0057738204559691
0,0.0285218222882447
0,0.0294049454860788
0,0.0294053635256959
0,0.0284767368036121
0,0.0241133921285872
0,0.0040466437404131
0,0.0275983436730675
0,0.0295300348691904
0,0.0275641976635188
0,0.0278654242110436
0,0.0289971627101755
0,0.0294715118348217
0,0.0062018981906236
0,0.0081700027873714
0,0.029529001060735
0,0.0040868808311646
0,0.0292386913721473
0,0.0040398905490998
0,0.0276477797528213
0,0.0281920158938872
0,0.0275633573433471
0,0.0275681742878209
0,0.0280142283045288
0,0.0071351828649114
0,0.0119048804179315
0,0.0233641681328002
0,0.0482306706116588
0,0.0233558542728759
0,0.0274072826854213
0,0.023426686787972
0,0.0140227453974073
0,0.0276745952952984
0,0.0094564467506643
0,0.0051289630525819
0,0.0290070457717331
0,0.0274514257878548
0,0.027639097503329
0,0.0281565822539877
0,0.0287513264671285
0,0.028576969843605
0,0.0281222607226097
0,0.028963687063391
0,0.0125628001147704
0,0.029257081834056
0,0.0285407999189511
0,0.5536058418708103
0,0.0038965612217077
0,0.0274782772125883
0,0.0040285675274005
0,0.0045633525843304
0,0.2597366760649947
0,0.0274063137082228
0,0.0279531875480019
0,0.0291806614569759
0,0.0292623822411387
0,0.0204341075278061
0,0.0285506995697796
0,0.0303479753423618
0,0.0288221690480165
0,0.0033253736722413
0,0.007160638902019
0,0.0143320503635326
0,0.0291168018395495
0,0.026190487523735
0,0.0057730960132928
0,0.0119232137161692
0,0.0098829071169598
0,0.0260649101216601
0,0.0286780057196507
0,0.0283906815205363
0,0.0290857177074685
0,0.0281265069419874
0,0.0278251680406894
0,0.0279994564503346
0,0.0283077779680319
0,0.0293950818619277
0,0.0288594497929405
0,0.1387539723282304
0,0.0265142596013637
0,0.0070314612463012
0,0.0277026987495588
0,0.028992096551127
0,0.0291795382428173
0,0.0280490575959235
0,0.2690954624298907
0,0.026605384999323
0,0.027424280479289
0,0.0274235112225265
0,0.0274371385009477
0,0.608543763454327
0,0.0293702779399674
0,0.0282942416964813
0,0.0114353244498845
0,0.0090075409847064
0,0.0294333255619781
0,0.007285585642341
0,0.0285948623366316
0,0.0159417671723602
0,0.0236837105463069
0,0.008828508043963
0,0.0284263351251203
0,0.0249096011306639
0,0.0294129680773563
0,0.027730250721508
0,0.0269242631589354
0,0.0263697514912981
0,0.0073094556452982
0,0.0293417146928476
0,0.0260877201687617
0,0.0293688429865069
0,0.0150122834500874
0,0.0275799298676657
0,0.0292924340101155
0,0.0056895726068199
0,0.0251756511502787
0,0.0276450020373769
0,0.0780864190730768
0,0.0274340562863263
0,0.0275611593931714
0,0.0236974676682711
0,0.0101395114363852
0,0.0283745351771309
0,0.0274075059843999
0,0.0215138706506222
0,0.0293261062027144
0,0.0232152325522508
0,0.0279983502734147
0,0.0282915492653057
0,0.0294379717739993
0,0.0149035855024861
0,0.0274910585154312
0,0.028164712899356
0,0.028948634017876
0,0.0238885722745733
0,0.0222334641934138
0,0.0278591740034524
0,0.0222657129575603
0,0.0040328484857038
0,0.0288639323621177
0,0.0277475586612631
0,0.0278093230901928
0,0.0290791349857927
0,0.0288375917818969
0,0.0279901614208726
0,0.0283251135715112
0,0.0078917963850483
0,0.013307665325961
0,0.0087060556254327
0,0.0125770127481375
0,0.027420507997795
0,0.0064686907391425
0,0.2825527337296322
0,0.0108846117962768
0,0.0136893200574382
0,0.0274382887759596
0,0.0276916232470735
0,0.027801132344066
0,0.0293577997134662
0,0.0235557723362413
0,0.0276246501904697
0,0.0275934774481969
0,0.0289416301752865
0,0.0088182142722339
0,0.0544775917377708
0,0.0283190271120083
0,0.023715940249906
0,0.0277042900429589
0,0.0293977094932255
0,0.0283756395331854
0,0.0293332950203359
0,0.0278933537136939
0,0.0292591560564031
0,0.0250966488958928
0,0.029145169329924
0,0.0282558976272345
0,0.0277113729816177
0,0.0119263338955449
0,0.0687385654236978
0,0.0274477187042389
0,0.0247188450969128
0,0.0139376423359784
0,0.0274434866167802
0,0.0295036336261886
0,0.013657876727567
0,0.0274214940772462
0,0.0066445119411056
0,0.0088823526984444
0,0.0274193866930207
0,0.0149198155218837
0,0.0122166138456956
0,0.0288919679879142
0,0.0279392368549659
0,0.0061160258868696
0,0.016596363101563
0,0.0219056519561428
0,0.0283013213587455
0,0.0020974836824504
0,0.027435051261776
0,0.0276229555725625
0,0.0274102761144359
0,0.0289998808262646
0,0.0199217108113068
0,0.919865819828098
0,0.0292554830844432
0,0.0137223659828966
0,0.0273735548309077
0,0.017087379006808
0,0.0091190903067435
0,0.606609765733365
0,0.0826681380666397
0,0.0274138518861579
0,0.0143156048192745
0,0.0274350782920206
0,0.0231165025546526
0,0.029356126762474
0,0.0061036172966547
0,0.0277366058851151
0,0.0152352702511137
0,0.0156400931176858
0,0.0238406416524167
0,0.0275617753917256
0,0.0289937622265284
0,0.0293928367301318
0,0.0275792758407227
0,0.0285102032912607
0,0.0274772005137492
0,0.0277317977206219
0,0.028717986910432
0,0.0281665758668477
0,0.0244009391391651
0,0.0274175059380504
0,0.0279232960411767
0,0.0281728271582275
0,0.0278503379741765
0,0.005367170630598
0,0.068505232581708
0,0.0287449651377324
0,0.0047215412445797
0,0.0277336411408078
0,0.0694763379699966
0,0.0090205048532203
0,0.0038247248387687
0,0.0285735934217783
0,0.0293403294943874
0,0.0122573675350617
0,0.02436913098522
0,0.0254104414268927
0,0.0043114878753904
0,0.0051733098498846
0,0.0671332204163535
0,0.0143954676134521
0,0.0283712513759278
0,0.0291044987325093
0,0.0274684468911363
0,0.0191349126659441
0,0.0138963427513882
0,0.0280406426407184
0,0.0054330603107594
0,0.0291654638554362
0,0.0233142720732914
0,0.0275025992920254
0,0.0452163688579661
0,0.0244233120540303
0,0.0212526971934645
0,0.0134957181998667
0,0.0282818223691825
0,0.0062720551299112
0,0.0073564120477584
0,0.0285608159827316
0,0.0282864961688726
0,0.0253106886504647
0,0.0290971615810449
0,0.0122465942983289
0,0.0285660167163888
0,0.4646129814192486
0,0.0276707784562061
0,0.0283811951528609
0,0.0493130098904766
0,0.0243805546210965
0,0.0292032817912904
0,0.0107751930403636
0,0.0130324004705172
0,0.0277633287277319
0,0.0280464749650839
0,0.0269707130098247
0,0.0275487206601768
0,0.0266952344580156
0,0.0274254032230696
0,0.0293847233658786
0,0.5493183545618724
0,0.0285946183773494
0,0.0161989587074212
0,0.0262280805103326
0,0.0274182451135485
0,0.0233201293615884
0,0.028405515515214
0,0.0030126167735612
0,0.0022890435806068
0,0.0234729187054783
0,0.0246646007986261
0,0.0149992348550427
0,0.0288467074087377
0,0.0059446030221238
0,0.0279769696234459
0,0.0218970974238656
0,0.9942403976905456
0,0.0274055652971616
0,0.0239351432001743
0,0.0080959120753793
0,0.0051450567755165
0,0.0274162578519907
0,0.0059092771658581
0,0.0288829022055777
0,0.0034782189604713
0,0.0277871621065105
0,0.0283506535800579
0,0.0293957617067777
0,0.0149804052376561
0,0.0215641042092182
0,0.0293349157559192
0,0.0022715626097278
0,0.0274018237607782
0,0.0282808685454699
0,0.0143697215362675
0,0.0198408918399803
0,0.0274236824718056
0,0.0274218465197864
0,0.029200566417612
0,0.0293156755155824
0,0.0057503584065909
0,0.0263023598068355
0,0.0287424148359763
0,0.0288311155110777
0,0.0283510623210559
0,0.0165727213100253
0,0.0158634839905804
0,0.003149073829877
0,0.0278562529174411
0,0.0284570936282626
0,0.0236210812383065
0,0.0254985017985538
0,0.0279957232085448
0,0.0274160293484688
0,0.0287656056829491
0,0.0280570472716122
0,0.0332715592450507
0,0.0773684896881651
0,0.0245959958568605
0,0.0047281070549427
0,0.0284767186248447
0,0.0278230164018161
0,0.0282062953821179
0,0.0290032383064168
0,0.0026979787340221
0,0.0062563443983428
0,0.0447188617981969
0,0.0259626320733752
0,0.0176114606201608
0,0.0328187958140726
0,0.0284221639487888
0,0.0475073550916824
0,0.0279490343749049
0,0.0275292972662739
0,0.0049421363748545
0,0.0288685108932241
0,0.0233294479466072
0,0.0293670761868997
0,0.0276823897845239
0,0.060136288011442
0,0.0292009194929809
0,0.0274075745566013
0,0.0291307197128287
0,0.0278445692521611
0,0.0293669703891116
0,0.0271995058712541
0,0.0277215073440405
0,0.0279364347602807
0,0.6056105218284579
0,0.0203067540228663
0,0.0181164519003215
0,0.0290486856247249
0,0.0274265554649186
0,0.0282582520498753
0,0.0274615888400494
0,0.0290257291886015
0,0.0291087809204634
0,0.0233535055268123
0,0.03739213716989
0,0.0362057252029413
0,0.0176252480271647
0,0.0091058740508162
0,0.028214379309206
0,0.0275237678096895
0,0.0286320151246113
0,0.0294034370920232
0,0.0090046597291614
0,0.0177195796175137
0,0.0290897343068337
0,0.0277718173151749
0,0.0285201534333943
0,0.027709406354067
0,0.0293950818619277
0,0.0276446187451957
0,0.6007177051097936
0,0.0291716827215844
0,0.0274519695260879
0,0.0265085736259615
0,0.027693389830071
0,0.02766450931348
0,0.0087398875803772
0,0.0287876034727745
0,0.0198827135387997
0,0.0287285331110878
0,0.0645634724194729
0,0.0156137515919531
0,0.0278992937910146
0,0.0664948998189769
0,0.0282689584960308
0,0.0070914215415009
0,0.0160952651484818
0,0.0292670855094959
0,0.0295490383068972
0,0.9945112742655454
0,0.0270126946471981
0,0.029250049116047
0,0.0276683222608824
0,0.029080226633951
0,0.02932289928225
0,0.0240556931862229
0,0.0073172233252675
0,0.0819948111434654
0,0.0275928267929901
0,0.0233397564728922
0,0.0059209406487476
0,0.0276330512663981
0,0.0285845037846052
0,0.0274408200241665
0,0.0278466176607026
0,0.0055800863353272
0,0.0293988869167929
0,0.008679078140883
0,0.0276059069309659
0,0.0289851033454459
0,0.0106970868145444
0,0.0051108186261132
0,0.027715726248315
0,0.0292989168998445
0,0.0289819714651883
0,0.0291571607441531
0,0.0276450020373769
0,0.0185179017393375
0,0.0212074353856128
0,0.0085313018158158
0,0.0799581079640483
0,0.0256640890624817
0,0.0277878190406547
0,0.1301373445988641
0,0.0289055089690656
0,0.0114699183127688
0,0.0277214729477445
0,0.0276708426338395
0,0.0291850256595744
0,0.024791559992595
0,0.0289116328618221
0,0.0274883822051388
0,0.0291285108805821
0,0.028104326721738
0,0.0293660636478068
0,0.0274868135882085
0,0.0283127874662687
0,0.0170812407710767
0,0.008928828885181
0,0.0040223246839685
0,0.0113134482181877
0,0.0278709713546416
0,0.0285678844080799
0,0.1047480544015694
0,0.0093160492675447
0,0.0292100293991749
0,0.0798994455894093
0,0.0053633740950018
0,0.0292301048628851
0,0.0036592513035135
0,0.0269903192913369
0,0.0290543826687901
0,0.0137788295986675
0,0.016194837494497
0,0.0289198367480055
0,0.0280841519439078
0,0.0293589483573871
0,0.0219551407167172
0,0.0048622494242775
0,0.0406613533325962
0,0.0275338741539799
0,0.0276541015067344
0,0.0283322160000326
0,0.0048787776806749
0,0.0122582028712727
0,0.0277760378640823
0,0.0286305070604346
0,0.0234663607957602
0,0.0210569202434284
0,0.0258559957923561
0,0.0040412462985497
0,0.0066916633047034
0,0.0276585821794347
0,0.0231652194658815
0,0.0268530790854844
0,0.0274766475121047
0,0.0203950904014713
0,0.0274043353800188
0,0.0293939035398297
0,0.4762536530912353
0,0.027834924295012
0,0.0293258942576014
0,0.028471582769474
0,0.0276907466205391
0,0.027530562869771
0,0.0267910542179339
0,0.0290784696013138
0,0.0275846886010486
0,0.0284400659752956
0,0.0278342110149751
0,0.0275819303173685
0,0.0179428794536592
0,0.0255782952289776
0,0.0290574070404017
0,0.0226843129721033
0,0.0272525157887012
0,0.0081815541504289
0,0.0255884492273321
0,0.027849971576532
0,0.0094401342049275
0,0.0180127963409736
0,0.0276525216595061
0,0.0282043966134488
0,0.0295282590223241
0,0.0268175795018403
0,0.027903540068832
0,0.0287384899837262
0,0.017401165070628
0,0.0277267658263447
0,0.0292833440254739
0,0.0081093832151066
0,0.0190258190708295
0,0.0293224136632142
0,0.0287988408752951
0,0.006292668247074
0,0.0275278498041811
0,0.0275548881053899
0,0.0274120922734611
0,0.0125063061684851
0,0.0290394806456106
0,0.0055236742934367
0,0.0049585112487807
0,0.0286335911759105
0,0.0278482632183999
0,0.0277804752151433
0,0.0706289068035787
0,0.0275058431163209
0,0.5957449603113034
0,0.0274647316576032
0,0.0042513276520111
0,0.0116890700100643
0,0.0164212523797622
0,0.0275300403844721
0,0.0247098402576974
0,0.0278079507547097
0,0.0292594727934953
0,0.0274444411076537
0,0.0274063245680561
0,0.0284781032183011
0,0.0274732090481717
0,0.0289381253340107
0,0.0279304763326996
0,0.0150632737651316
0,0.0240697272328407
0,0.0292597827404244
0,0.0639435501090691
0,0.0062779932091997
0,0.0215678438800789
0,0.0293236514734471
0,0.0293035553529761
0,0.0158619730830187
0,0.0039080619233683
0,0.0279315105027257
0,0.0288738977761831
0,0.0275295800946514
0,0.0196838038806018
0,0.0273916597736563
0,0.0236628405213599
0,0.0182368335164508
0,0.0234169323944883
0,0.0275259345810476
0,0.0250396378240859
0,0.0185535031180322
0,0.0289307224223326
0,0.0138100030852598
0,0.0648640453467602
0,0.0269442452921578
0,0.018500177778122
0,0.0275843571194761
0,0.0081694308425702
0,0.0293969013150478
0,0.0058360360481907
0,0.0259831784396635
0,0.0274876454808634
0,0.0181938163538887
0,0.0284183369632728
0,0.0271144566966732
0,0.0290833053833839
0,0.0055563241973144
0,0.0257446291825628
0,0.0403956070260595
0,0.0207259336413071
0,0.0085519249792968
0,0.0105801522209594
0,0.0042509885652093
0,0.3147885028104722
0,0.0277094179330099
0,0.0241297371840998
0,0.0233429097390903
0,0.0276287160038604
0,0.021346674354855
0,0.029393999995252
0,0.0289038984023802
0,0.0274087890042298
0,0.0281901784342947
0,0.0152210949315404
0,0.0274346481434929
0,0.469843235062014
0,0.0177551320213894
0,0.0812585557042334
0,0.0285266014530471
0,0.2486129480930846
0,0.0276620822874152
0,0.0071636710218623
0,0.0269143824959338
0,0.0277983822663151
0,0.0111754501779623
0,0.0340992129704022
0,0.027903514914512
0,0.0275098438920975
0,0.0285564293698125
0,0.0281170818016731
0,0.0259407356881098
0,0.0096026557311083
0,0.0036230865656636
0,0.006274596132107
0,0.0274617701528188
0,0.003550630723251
0,0.023653351512746
0,0.6158459449145772
0,0.0277410246538344
0,0.0274106653590773
0,0.0289598629704522
0,0.028245866199632
0,0.02528799844252
0,0.0276605685666956
0,0.0203725556175215
0,0.0281464247539084
0,0.0235104010510212
0,0.0082037838315466
0,0.0281916815861488
0,0.0275687166695073
0,0.02690029830456
0,0.0274063245680561
0,0.0274779386071069
0,0.0509714217131114
0,0.00599922466428
0,0.0278907311036882
0,0.0294029044495201
0,0.0291749555842151
0,0.0187197867182175
0,0.0275818377006426
0,0.0278293957781472
0,0.0277784066126382
0,0.011844203467939
0,0.0042257184902907
0,0.0116284722772103
0,0.0295001828593441
0,0.0279333071292472
0,0.0275213688181026
0,0.0191527032751553
0,0.0119598443689401
0,0.0290311919830106
0,0.0277940649075618
0,0.0287179374341841
0,0.0284208154443705
0,0.2684407597511958
0,0.0125823456442643
0,0.014531092660048
0,0.028560313058642
0,0.0046921478321085
0,0.0285985111861875
0,0.0277316463851235
0,0.0272844282326925
0,0.0178087969664065
0,0.0238106830121007
0,0.0287739225907426
0,0.0281059744095586
0,0.0062744604889863
0,0.029140376287803
0,0.0274319235038312
0,0.0064917108182138
0,0.023374844228315
0,0.0274207136270084
0,0.0274601835623161
0,0.0051893177707902
0,0.0275726035527477
0,0.0285711630051951
0,0.3602128087541494
0,0.0275119960821336
0,0.0274929885648366
0,0.0098805176677116
0,0.0249071726942919
0,0.0276662900734983
0,0.0242735348753716
0,0.0280337640081635
0,0.0281770166052267
0,0.0289602940801884
0,0.005587321901645
0,0.0216731411376402
0,0.028497090612158
0,0.0293390482692717
0,0.0294057963933771
0,0.0173884736387087
0,0.0275979780568901
0,0.0274090312373001
0,0.0270858147463056
0,0.0274502124777471
0,0.0154763244651293
0,0.9875902900833028
0,0.0275445874668425
0,0.0283173640767381
0,0.025943229575912
0,0.0274509779149472
0,0.0292154227960623
0,0.0284352284809667
0,0.0290386651593095
0,0.0274598682492207
0,0.0278955408367156
0,0.0277161390680714
0,0.0292880636066454
0,0.0036996215496865
0,0.0268038661210155
0,0.0148810349220315
0,0.0029823062285011
0,0.0287361634839951
0,0.0281025486059986
0,0.0863604703292064
0,0.0239279849635191
0,0.0275076854685089
0,0.0274074372421284
0,0.0285347943003519
0,0.0277218377210879
0,0.0282402442059561
0,0.0290608375110759
0,0.0282730774681774
0,0.0277924778626279
0,0.0238865719289573
0,0.0118593591764777
0,0.0293461394367035
0,0.0274051849312627
0,0.0281918876746361
0,0.0370894892274025
0,0.0276520475139012
0,0.0246538898787685
0,0.0062715036544673
0,0.0279578833531862
0,0.0287807691630364
0,0.0283989180754054
0,0.0276307465915816
0,0.0570561546765525
0,0.027843346789722
0,0.0174950645973549
0,0.0295820321562883
0,0.0289926899422764
0,0.0043462458195624
0,0.0231253377274637
0,0.0282838783566579
0,0.0171603163137032
0,0.0029228889434224
0,0.0037079144981436
0,0.007098268478517
0,0.0274685438202446
0,0.0292174447115887
0,0.0274072614823757
0,0.0290853900709879
0,0.0245376881794319
0,0.0140103694593847
0,0.0267495377825375
0,0.0281188587463801
0,0.0240098856658737
0,0.0090459200295452
0,0.0126864196083629
0,0.0292693420637003
0,0.0143199758687549
0,0.0287616691940462
0,0.0042907317621686
0,0.0242279504276597
0,0.0259501991790232
0,0.028089589781297
0,0.0294598370859055
0,0.0285135921902897
0,0.0056359532158328
0,0.027427125748667
0,0.0133408045553046
0,0.0052374020191817
0,0.029376399182226
0,0.0347133893177176
0,0.0050918468636579
0,0.0106485705463524
0,0.0182349433769286
0,0.0050331205536659
0,0.0541444603249878
0,0.027560222366565
0,0.028252234781761
0,0.0254020684619845
0,0.0108914941472146
0,0.027457350801852
0,0.0292708640085087
0,0.0242691792301218
0,0.5937828051322429
0,0.0285642742098639
0,0.0158182349807992
0,0.0362876321251989
0,0.0279563953579625
0,0.0291143235577771
0,0.0275568473877636
0,0.0275056993907832
0,0.0048323392987069
0,0.0131327924877983
0,0.0284825257509665
0,0.0068591531297102
0,0.0282653400788097
0,0.0111273439168888
0,0.0279707284916314
0,0.027495405391569
0,0.0274913778951813
0,0.0289096561023208
0,0.0276348025790501
0,0.0049619579585695
0,0.0290965725964871
0,0.0279717095840192
0,0.0274951333029035
0,0.0287205864661978
0,0.0072787492536357
0,0.0044927706744215
0,0.0266188343723402
0,0.0081978141802203
0,0.0192968738235151
0,0.0128029991119036
0,0.0056891211126816
0,0.0027491973428862
0,0.0274182266841518
0,0.0257559467867602
0,0.0055775732951678
0,0.0281072302678454
0,0.0288987774816547
0,0.010236465649874
0,0.8271831806569003
0,0.0276174318446532
0,0.0276537627514803
0,0.0177559078150395
0,0.0283051450676313
0,0.0062561403014114
0,0.0279394861005899
0,0.0289886683848728
0,0.0094123782934833
0,0.0274058074423847
0,0.0258876571125769
0,0.0287625530510454
0,0.0287155570480453
0,0.0165614860523903
0,0.0274187584316795
0,0.0029211021925046
0,0.0082162891547169
0,0.0059770234127714
0,0.1273062658658323
0,0.0234315999578912
0,0.0065648117378962
0,0.0283661738044332
0,0.0290891488837093
0,0.0096591173070646
0,0.0243879413492427
0,0.0283410242454032
0,0.0291909665158414
0,0.0092044347858158
0,0.004169306246328
0,0.0076656861216896
0,0.0119221430922515
0,0.084108914123931
0,0.0065733063813583
0,0.0052261535897082
0,0.0289785266207668
0,0.0231652194658815
0,0.0196352068125973
0,0.0156816872256477
0,0.0189614792046233
0,0.028113414529756
0,0.0275357428756258
0,0.0267998945437762
0,0.1058865313769959
0,0.0274705846166703
0,0.0143354999917402
0,0.0279443958812019
0,0.0278507685715204
0,0.0041281594795767
0,0.0074383846292544
0,0.0278533016960366
0,0.024019249019164
0,0.0278627546381139
0,0.0112945773893607
0,0.4684484534339017
0,0.0275296590906639
0,0.0286340612152893
0,0.0140945092894273
0,0.0286194811454393
0,0.2416836521027441
0,0.0103615827036904
0,0.0280656174880935
0,0.0116686378482508
0,0.0286502292071369
0,0.0289138315390595
0,0.0092734544328033
0,0.0279416631477215
0,0.0072421585339629
0,0.0064089757447217
0,0.0293704747421743
0,0.0281917146198069
0,0.0285663656026408
0,0.0274975012840115
0,0.0269870561628313
0,0.0013089807755849
0,0.0281261607301902
0,0.0275036612833142
0,0.0274102705446512
0,0.0270795586276956
0,0.0274143008650483
0,0.0052688278353764
0,0.0283172914696894
0,0.0291350921362073
0,0.0276145514240005
0,0.0065096342306959
0,0.0293115827357571
0,0.0274172620140466
0,0.0163195756205287
0,0.0282269367512861
0,0.0283653651944825
0,0.0421477208171772
0,0.0039131640914303
0,0.0026517397288964
0,0.0243529570677176
0,0.0263479443117954
0,0.0067014378447453
0,0.0233139994671195
0,0.0286898002865441
0,0.0705230840171877
0,0.0277919666089596
0,0.0061853351137864
0,0.0152762477305483
0,0.0052579955772278
0,0.012798653055437
0,0.0235217294289294
0,0.0274992733153711
0,0.0168902982686523
0,0.0274170183617942
0,0.0289699159832569
0,0.0274639865423598
0,0.0292299871401825
0,0.0051531151884459
0,0.0291128312655064
0,0.9558204501006996
0,0.02485241417883
0,0.022519057329076
0,0.0038713735082213
0,0.0283863447843614
0,0.0290209716907453
0,0.0291667633643937
0,0.0281204370393962
0,0.0293556469163099
0,0.0256211076360008
0,0.0572648453202601
0,0.0274350960503008
0,0.0071369983969693
0,0.0220546953716975
0,0.0196257205707033
0,0.0082642499090874
0,0.0211435688655836
0,0.0207800955878086
0,0.0257093113298746
0,0.0280914449200616
0,0.0286641911114484
0,0.0287233197885166
0,0.0289479235653403
0,0.0034602671707856
0,0.029399409164582
0,0.0115608342242641
0,0.0263134534069067
0,0.0277670713209169
0,0.0293767057343424
0,0.0051995771794944
0,0.008135962609492
0,0.029281399301277
0,0.0255992754965674
0,0.0286169153652057
0,0.037202608851219
0,0.0277971550423806
0,0.0167804794900219
0,0.0033271616263018
0,0.0265016444826199
0,0.0279581090828764
0,0.0151280259649843
0,0.015895688965969
0,0.0243692094849027
0,0.0274473477164528
0,0.0279048486575172
0,0.0181584305155984
0,0.0090911583285642
0,0.0294055942075276
0,0.0274897606277684
0,0.0291461191223661
0,0.0241844211017218
0,0.0293281954514739
0,0.0031616566268573
0,0.0069575529534943
0,0.0275963226958001
0,0.0277780846896828
0,0.0046113582185454
0,0.0126187145553441
0,0.0197961722701792
0,0.0280908176381679
0,0.0289007037366809
0,0.0261660833032609
0,0.0274187820013439
0,0.028555211766547
0,0.0073489813919203
0,0.0283098601839936
0,0.0052294556184758
0,0.0287353635437784
0,0.0290185877090351
0,0.027485171266905
0,0.028144760053911
0,0.0282249816467471
0,0.0275869552774753
0,0.0139756008651059
0,0.0240317412539939
0,0.0278969544071593
0,0.015119486470261
0,0.0273207758314672
0,0.0286746605557784
0,0.0029713376110441
0,0.0282324220686074
0,0.0283314818714854
0,0.012708362240252
0,0.0234663698026866
0,0.0280734736828752
0,0.0274314242769851
0,0.0043968376970929
0,0.029552057823507
0,0.0137244908317399
0,0.0093125388967506
0,0.0285286551210716
0,0.0278276847992908
0,0.0274394427689828
0,0.0291137890208581
0,0.0227961556885216
0,0.0258043127331627
0,0.0282803484746106
0,0.0284624569138527
0,0.0080834829194223
0,0.0177467238682564
0,0.0121258822324084
0,0.026325854087644
0,0.0054551704428682
0,0.0272880421244018
0,0.027437967936268
0,0.0275735718064512
0,0.0152423567272729
0,0.027849540674948
0,0.0053195989675106
0,0.0307455136383068
0,0.0293429046555276
0,0.0283756395331854
0,0.0060229840827753
0,0.0274482534936837
0,0.0274646526556059
0,0.0289752198546737
0,0.0270166680469498
0,0.0128634240489206
0,0.0283534649876292
0,0.0034416678029569
0,0.0029921476580198
0,0.0293139275156262
0,0.029114640955691
0,0.005735788129155
0,0.0242927410230174
0,0.0093577996078292
0,0.0274514953841318
0,0.0064951498894829
0,0.0288522046730316
0,0.0149586428837469
0,0.0189526229233494
0,0.0270263272822793
0,0.0155141071595908
0,0.0027462293505676
0,0.0289366863055049
0,0.0239688892476137
0,0.0413565369631108
0,0.012529343119315
0,0.0281108659894265
0,0.0267913189310719
0,0.0276039372600417
0,0.0281191447558895
0,0.0038747121012406
0,0.0276690810398907
0,0.0279732982099094
0,0.0280480892167276
0,0.0293461628548464
0,0.0185049604078185
0,0.0291622786258997
0,0.0542084236368384
0,0.0275162890876361
0,0.0098558990281013
0,0.0275457942066481
0,0.0253696167547524
0,0.0243773692574312
0,0.0290661596204658
0,0.0180940763532337
0,0.0291058000998523
0,0.0278040550694634
0,0.02403981674697
0,0.0284016618479867
0,0.0282879436825075
0,0.0211199564927756
0,0.0029369623920123
0,0.0053680337214441
0,0.0288224337220129
0,0.0277218377210879
0,0.0286511866191734
0,0.027735078460774
0,0.0275353885784404
0,0.0249054973233363
0,0.0233206798720952
0,0.0172700597881184
0,0.0274120630306593
0,0.027508552535505
0,0.0189460470671225
0,0.0102693010552832
0,0.0273956457322424
0,0.0278197121636648
0,0.0274713467797008
0,0.0077543275294237
0,0.0114996829271585
0,0.0282775471339385
0,0.0281918964895024
0,0.0274248126769645
0,0.029347277054452
0,0.0269943186991218
0,0.0277951426524338
0,0.0109843362114321
0,0.0288428482558646
0,0.0044600824988816
0,0.0147068279200334
0,0.0158087785231311
0,0.0165052053556419
0,0.0041609503497022
0,0.0248986509443871
0,0.027826557350728
0,0.0294446972358303
0,0.0276184869640234
0,0.0126535062421941
0,0.0288766750673113
0,0.027707378321612
0,0.0225947579461183
0,0.0175835374921602
0,0.2185803548918547
0,0.0167790384247265
0,0.0290712782955936
0,0.0290696462355602
0,0.0149440064721842
0,0.0278288274012238
0,0.0277176552948869
0,0.0553583605498588
0,0.0277281915855292
0,0.0283485804623507
0,0.1269689049619539
0,0.0274601835623161
0,0.0279134732720669
0,0.0217301650152266
0,0.0237357373205656
0,0.0073413162180335
0,0.0290156266943773
0,0.0083994238689514
0,0.0274579215309071
0,0.0290503583839238
0,0.0290147468190741
0,0.0032706520767116
0,0.0284645668694128
0,0.0279681340307436
0,0.0068447062991469
0,0.0264252881924887
0,0.0275983804468896
0,0.2199486174383383
0,0.0074714946316119
0,0.0256123773923592
0,0.0294705360571478
0,0.0136522489167264
0,0.006253365308107
0,0.0284425121071344
0,0.0037458194071963
0,0.011874173474237
0,0.0250252683393212
0,0.0055434210670132
0,0.0293749613695217
0,0.029167108396967
0,0.0293864407584721
0,0.0285959409535192
0,0.0290448741514387
0,0.0283910232056152
0,0.0257519487592425
0,0.0292109086554848
0,0.0039512956042143
0,0.0059150795042309
0,0.0275280267730058
0,0.0294045607043246
0,0.0275757297511953
0,0.0274463875039031
0,0.0247931686655097
0,0.028595560955414
0,0.0061179117519679
0,0.0288535270059843
0,0.2195686489791594
0,0.0226362036476706
0,0.0276560253666034
0,0.0276450020373769
0,0.0293588265681276
0,0.028230965545473
0,0.0293695306616465
0,0.0416765856267921
0,0.0274631054930522
0,0.0276640392400604
0,0.0287368152417961
0,0.0292095408501591
0,0.0174057279680803
0,0.1086546726103005
0,0.0199964592113716
0,0.0287893561991978
0,0.0181702944799604
0,0.0246734781466604
0,0.0286735493606257
0,0.0273841716720313
0,0.0287044543719577
0,0.0253802762952607
0,0.0294697496758049
0,0.0274091267211223
0,0.0293749928713504
0,0.0276415112515368
0,0.0233322195534758
0,0.0138833137966237
0,0.0280192860709933
0,0.0189466996562434
0,0.029081784395108
0,0.0155993569197735
0,0.0262690783245975
0,0.0285524660472759
0,0.0290557172938875
0,0.0134836115614738
0,0.0287167244383617
0,0.0232995735300507
0,0.0146985163121602
0,0.0274214940772462
0,0.9563794965126968
0,0.0162681585618122
0,0.02881735512035
0,0.0275198700182265
0,0.0244137636181445
0,0.028556894866706
0,0.0274255875321908
0,0.0278901226578777
0,0.0274222555377535
0,0.0055380870389485
0,0.0137868177466766
0,0.0284662773780675
0,0.0286093948858981
0,0.0148361680379327
0,0.0074420629603901
0,0.0281503683007925
0,0.0169676141946471
0,0.0060788875106915
0,0.028733303261534
0,0.0281057482263884
0,0.0070119337053344
0,0.0291529218741096
0,0.0274266623477671
0,0.0168141319445946
0,0.0277756602086969
0,0.0098147339413804
0,0.027591962089312
0,0.0290381068254837
0,0.0293688604926548
0,0.0277293049926263
0,0.0247464648914285
0,0.0126705638683035
0,0.0286273790525346
0,0.0279096475639465
0,0.027485171266905
0,0.0282222785272475
0,0.0039549004219654
0,0.0282907636020639
0,0.0063448464058697
0,0.0276476687186362
0,0.0293806571650061
0,0.0528147547055818
0,0.0274595297698497
0,0.0150642941720131
0,0.0282831566159076
0,0.0250108930583613
0,0.0216375370414516
0,0.0274376994079004
0,0.0274443302518621
0,0.0290221153952362
0,0.0284236023042977
0,0.0293504065872632
0,0.0278098998093465
0,0.0287631712320732
0,0.027801132344066
0,0.0068718362821734
0,0.0289577648042264
0,0.0079999072192039
0,0.0048614245342107
0,0.0283549488347856
0,0.0478109133704906
0,0.0288083261027828
0,0.0276552437391326
0,0.0294697087790683
0,0.0479654230852453
0,0.0274974941212939
0,0.0219791247910363
0,0.0266358816859098
0,0.0135847117914475
0,0.0292013689240911
0,0.0214555216128411
0,0.0111774556121361
0,0.0278993839247765
0,0.0286285623244915
0,0.0274725950142652
0,0.0287629724548089
0,0.0269504210270636
0,0.0276825968443422
0,0.0286942093488497
0,0.0119801320263981
0,0.0285851414592643
0,0.0042174663428037
0,0.026000248510404
0,0.0209210563503949
0,0.0204287545744139
0,0.0287906872345005
0,0.0075392752594239
0,0.0212839768233101
0,0.0101394039161941
0,0.0281309203244505
0,0.0275455758239379
0,0.0117718071618324
0,0.0046536159204543
0,0.0258921258572212
0,0.0063101094878442
0,0.0280726582757419
0,0.0293829828938527
0,0.0146338858151713
0,0.0187682957040118
0,0.0725639826181763
0,0.0293252510474868
0,0.0371697690710568
0,0.0264502316211041
0,0.0275563403562183
0,0.0135439534431711
0,0.02881924990645
0,0.005959711219617
0,0.0293964181539269
0,0.004844346807585
0,0.0291514106486126
0,0.0226485061500679
0,0.0277910376491679
0,0.0282143635944153
0,0.0274560102189529
0,0.004014190056207
0,0.0290731898039133
0,0.0294745304202045
0,0.0288786750544655
0,0.0173681468146461
0,0.0043403384567312
0,0.0274486845227455
0,0.0266360801484949
0,0.0294600733647752
0,0.0266485863527493
0,0.0329732329174016
0,0.0137012336510886
0,0.0062875215218142
0,0.0044802376892284
0,0.028692736123483
0,0.0291596830317379
0,0.0282536605274531
0,0.0037958120601041
0,0.0280765263499161
0,0.0185905742320119
0,0.0241451224016966
0,0.1019683805848601
0,0.0294021868714999
0,0.0275050805232101
0,0.0213751696444938
0,0.0057001396746833
0,0.0080719404084084
0,0.0274287207635917
0,0.0274883822051388
0,0.028796975174976
0,0.0056751644155214
0,0.0293481866254803
0,0.0276032717705128
0,0.0289824475297894
0,0.0281970716134064
0,0.027786048443649
0,0.0270610445141808
0,0.0112479145056747
0,0.025873698471049
0,0.023756192660734
0,0.0259220445751474
0,0.0113309677909501
0,0.028712364410311
0,0.0274840227699961
0,0.0294107960423494
0,0.0193531014460581
0,0.0275122234127392
0,0.0164520251608745
0,0.0070141828535535
0,0.0286767001158919
0,0.0175002844153505
0,0.0293799017219939
0,0.0279635502173741
0,0.0284392533225473
0,0.0285193532677657
0,0.0175017753319335
0,0.0238416342060146
0,0.0275274096480415
0,0.158829974385948
0,0.1185303458028639
0,0.0287564184405226
0,0.0277719846730563
0,0.1118658001620144
0,0.0277836386712904
0,0.0176452005239579
0,0.0286813810960228
0,0.0123224987065414
0,0.0279452214596824
0,0.0294007558756513
0,0.0143536974036798
0,0.0184231966035943
0,0.0291815233818227
0,0.0054652403215921
0,0.0201420728689083
0,0.0280997396383443
0,0.0274433626100743
0,0.0279031405202118
0,0.0275469020508677
0,0.0060508313726906
0,0.0066218123003568
0,0.0293265061021316
0,0.0647403756173248
0,0.0274268623690765
0,0.0274144856169235
0,0.0293273433612258
0,0.0287425434654654
0,0.0035373944913908
0,0.0274317030079151
0,0.0040875694469004
0,0.0290141391908012
0,0.4103842319096443
0,0.0289358043819348
0,0.0274821992667163
0,0.0847112897997487
0,0.0023003232698994
0,0.0285769866545826
0,0.0290271669618162
0,0.0052655924476593
0,0.0290745280420848
0,0.0274604306735975
0,0.028969570873666
0,0.02741062794458
0,0.0290137053174894
0,0.0044922810954624
0,0.0044684195301584
0,0.6026348075135495
0,0.0274193482355122
0,0.0294460036715397
0,0.0274738554261647
0,0.0382912933240308
0,0.0285259645408484
0,0.0277978544310533
0,0.0274630204847166
0,0.0351194031912569
0,0.0036531871581098
0,0.0274189733501381
0,0.0746621930104736
0,0.0275831217977548
0,0.0308505594312838
0,0.0291858631139569
0,0.0050249243931894
0,0.0286074170014148
0,0.0089312965942465
0,0.0274184435481196
0,0.0293000297837843
0,0.0275029340879814
0,0.0149090737574367
0,0.0293453821714358
0,0.0275074451936975
0,0.0234383631627176
0,0.0274420111680166
0,0.0293481556886445
0,0.0283522621850962
0,0.0055117836950287
0,0.0269618025569079
0,0.0042085012047054
0,0.0272676632365305
0,0.0283527418022801
0,0.0757886388743817
0,0.0275685487082589
0,0.0112660456953511
0,0.0276235287736318
0,0.0279234221696458
0,0.0188122654225523
0,0.0116264337079193
0,0.0261195010517332
0,0.0287613941880908
0,0.0141158839070473
0,0.0175660391166401
0,0.0090065986509291
0,0.0160335948590075
0,0.0049549875365112
0,0.0276126135409573
0,0.0085681320688295
0,0.0283769341620593
0,0.0290604214165914
0,0.02949223014418
0,0.0284047039890973
0,0.0290630985703299
0,0.2232260339078255
0,0.027656080497156
0,0.0078897714246048
0,0.0034416395307315
0,0.0274580871408258
0,0.0282970024524007
0,0.0250858531007201
0,0.0251844216765278
0,0.0173544310833597
0,0.0238821639869624
0,0.0283511767811278
0,0.0293120086517504
0,0.0036736851278743
0,0.0278333061270994
0,0.0080538863417145
0,0.0289811693153772
0,0.0228956077307268
0,0.0196728539335451
0,0.0284367855084598
0,0.0275457942066481
0,0.0053890061248129
0,0.0275576128759667
0,0.0234845404192128
0,0.003648835158027
0,0.0276101899848082
0,0.0274844248910675
0,0.0067617522311563
0,0.1144291611976782
0,0.0253391156724209
0,0.0128831349168532
0,0.006985361619011
0,0.0280904787658947
0,0.0265185478747079
0,0.0290469757857961
0,0.0281518129476364
0,0.0274218012894337
0,0.0290366851119244
0,0.0292582777369459
0,0.0279688381002374
0,0.0028826023925228
0,0.0182590497339047
0,0.0206363515651755
0,0.0278968527275261
0,0.0279872223840956
0,0.0281244183782127
0,0.029276891004086
0,0.0287629724548089
0,0.029284112970458
0,0.0053801766021574
0,0.0274399483115723
0,0.0235311180440396
0,0.0047459289541343
0,0.0204343499939553
0,0.0274727415334597
0,0.1209718669262016
0,0.0128502638733678
0,0.0293630676691475
0,0.0289666979083438
0,0.0250837203643721
0,0.0290909789049599
0,0.0028091714689324
0,0.0292842353733802
0,0.0286556556260368
0,0.0275130721398929
0,0.0167040768844373
0,0.0266415298299369
0,0.0010177166960722
0,0.02769594002288
0,0.0273817043832879
0,0.0502477767766165
0,0.005870756057246
0,0.0274846551716015
0,0.0276243875032636
0,0.0110559334383629
0,0.0095284594779046
0,0.0338661591325262
0,0.0292503679969315
0,0.0278837776158156
0,0.0264360697617149
0,0.0233977032745218
0,0.0227083427976595
0,0.6819968819447259
0,0.0057519444281112
0,0.0195726547868159
0,0.0134161174899101
0,0.0311639372647342
0,0.0292715459590372
0,0.0275490293929636
0,0.0289047609178006
0,0.024191878996643
0,0.0282063393505877
0,0.0225519033737869
0,0.0038137666850543
0,0.0284602270385604
0,0.028048869041784
0,0.0131526259677856
0,0.0290051441273898
0,0.0253416775188543
0,0.0283791560577702
0,0.0277106977749833
0,0.0273726314736055
0,0.0106801082225147
0,0.0123009421627036
0,0.0292888495505705
0,0.0246867017355085
0,0.027508552535505
0,0.0099246192420782
0,0.270792522719277
0,0.0124667710395865
0,0.0280234158490541
0,0.0277534650909535
0,0.027656080497156
0,0.028516652464874
0,0.0274333999768029
0,0.0094612158937536
0,0.0075070441948759
0,0.0419626005449776
0,0.0279198123728091
0,0.0052080650933008
0,0.0275496922218797
0,0.0290447039805192
0,0.0276652733089504
0,0.0278453676926433
0,0.0293580823440197
0,0.0277899169333628
0,0.0424907579785307
0,0.0097849499402478
0,0.0173769645494474
0,0.0272234150021105
0,0.0267962957942144
0,0.0274562431915059
0,0.0275198788269999
0,0.1248372646320796
0,0.0274091143044665
0,0.0194165715086392
0,0.0267399618928084
0,0.0254643850829694
0,0.027580811391943
0,0.0293899768494498
0,0.028843360884423
0,0.0039027189614665
0,0.0474153996762535
0,0.0272845994654057
0,0.0116232562213747
0,0.0718211432375537
0,0.0274223320088492
0,0.0246859957048811
0,0.0177092349960876
0,0.0291612704675064
0,0.0281164782049442
0,0.0264897246732345
0,0.0280988384292798
0,0.0286305070604346
0,0.0274071806193436
0,0.0089302685745102
0,0.0294361793741888
0,0.0274072235709583
0,0.0289444797785756
0,0.0274783739516752
0,0.0287094837910711
0,0.023617939330182
0,0.0275140867981187
0,0.0294031093894131
0,0.0298526205486983
0,0.0027368496417262
0,0.0273771276104201
0,0.0289540125299235
0,0.0320747362364239
0,0.0274127303045092
0,0.0047389267628542
0,0.0049689272366989
0,0.0257649935420859
0,0.0046899697477142
0,0.0260021981296289
0,0.0274600869832373
0,0.0275358602733743
0,0.0360548799117072
0,0.0274153285604846
0,0.0286267008665174
0,0.0286548391689238
0,0.0283893049252088
0,0.0275870628310508
0,0.0279380212214905
0,0.0274510801898948
0,0.0287230956557333
0,0.0292372409929518
0,0.027438576739997
0,0.0277525552366598
0,0.029403960417676
0,0.02759812327884
0,0.0284037368963848
0,0.0028848828520124
0,0.0283019738854572
0,0.0275499367727229
0,0.027674122304909
0,0.0279044112224117
0,0.0076257949434913
0,0.01369814862264
0,0.0228532561633978
0,0.0288340619819274
0,0.0274147426570436
0,0.0131189952998298
0,0.0285203392651682
0,0.0436562970194455
0,0.0274139431366172
0,0.011740462731008
0,0.0257586887549109
0,0.0863308949625111
0,0.0275352892083915
0,0.0275181019339577
0,0.0264466596546056
0,0.0287315385170585
0,0.0431233611790711
0,0.005578721250971
0,0.0289827852039235
0,0.0278674676914173
0,0.1215285081121649
0,0.0261686092200421
0,0.0274857666505269
0,0.0286186518142714
0,0.0277904340550909
0,0.0274567707142644
0,0.0293451862924915
0,0.2746112448574026
0,0.0143293240092339
0,0.0288963944895014
0,0.0278723569999981
0,0.0052753474875356
0,0.0280054652549468
0,0.0222862316582524
0,0.0284758393883788
0,0.0293229621973678
0,0.013652648435316
0,0.027511124091765
0,0.0282410413144438
0,0.0281613562482403
0,0.0195983024747935
0,0.0286428133882912
0,0.0286746605557784
0,0.0046652283952873
0,0.0074977585982606
0,0.0276368036410129
0,0.0197913997048092
0,0.0019293311955226
0,0.02502784058156
0,0.008454898296181
0,0.0061321138146544
0,0.0047522593504764
0,0.0238901377679668
0,0.0277193798006167
0,0.0281945698031063
0,0.0292454703050545
0,0.0055986007979058
0,0.0288058921317312
0,0.0155184922289485
0,0.0275346828597432
0,0.0223493372474599
0,0.0283477467508608
0,0.0287822834308773
0,0.037165969964033
0,0.0274573749685806
0,0.0284546175114937
0,0.0182306366007272
0,0.0687174662364806
0,0.0275562410236594
0,0.0280613532731695
0,0.0086888831499389
0,0.0279589477575068
0,0.0198986513198171
0,0.0284546175114937
0,0.0278785456762588
0,0.0287864325083814
0,0.0281702514274157
0,0.0292022352075266
0,0.0274392194747486
0,0.0292121045022088
0,0.0275092500001643
0,0.0209325557992201
0,0.0286415130317991
0,0.0122489555869131
0,0.0327219110509671
0,0.0160504972454165
0,0.0276755414896769
0,0.018492114571082
0,0.0274095455582989
0,0.004817137873927
0,0.014737809298496
0,0.0059837140821986
0,0.02258067102718
0,0.0131965722157436
0,0.0239289847190468
0,0.007077972647153
0,0.0276067725563223
0,0.0569521016385189
0,0.0282056949651991
0,0.0294495697417031
0,0.0292805512672101
0,0.0274617204371161
0,0.0239583674417203
0,0.0053670014658099
0,0.0811004420588721
0,0.0275898905394589
0,0.029539182447938
0,0.0291984543467401
0,0.0290441271387916
0,0.4694276521511744
0,0.0279775336474777
0,0.0294503587241103
0,0.0111291407760435
0,0.0292123419730174
0,0.0275077608541927
0,0.027815780323703
0,0.0290946571563054
0,0.0282504442264981
0,0.0122639330464476
0,0.0245895986767813
0,0.0289531064089377
0,0.027644205786788
0,0.0277119349124899
0,0.0274372283730178
0,0.1008457170138082
0,0.0284467633253171
0,0.0274012011292493
0,0.0294646972606144
0,0.0252204230754353
0,0.028855892424767
0,0.0294065888619784
0,0.0280325401213098
0,0.0175061368941657
0,0.029412577945235
0,0.0065282047103158
0,0.0154202938326199
0,0.0264438835494222
0,0.0138378421359738
0,0.0284481647584933
0,0.0056835724743043
0,0.0278241945955051
0,0.0058722351505844
0,0.0282979285715028
0,0.0276795938029553
0,0.1173258737817952
0,0.0280591558135603
0,0.0168159213364635
0,0.0229872607026339
0,0.0277454512943882
0,0.0251151879256776
0,0.0274264278092612
0,0.0178671048456262
0,0.0277816930277221
0,0.0293136531194755
0,0.0275824003321132
0,0.0040686973959341
0,0.0260389866135379
0,0.0143955873009686
0,0.0050118616695948
0,0.0049318311034677
0,0.0285969281803715
0,0.0246549157139347
0,0.0277978466070042
0,0.0142574833514847
0,0.0074077126508359
0,0.0292960898102497
0,0.0276228660191856
0,0.0285833695172662
0,0.025580877957845
0,0.0274681752873044
0,0.0281140154300615
0,0.026000248510404
0,0.029381559689287
0,0.0288582918952636
0,0.018733347772364
0,0.0288974221283631
0,0.0107236309905094
0,0.0254158027121232
0,0.0480255733462651
0,0.027717214746101
0,0.0286191605058485
0,0.0294376686881203
0,0.0287661690908654
0,0.0295338061929504
0,0.0800988495014822
0,0.0279864306570549
0,0.02785213024054
0,0.0282431786032896
0,0.0283179805461234
0,0.02861184060164
0,0.0179802872262985
0,0.0084317612438242
0,0.0274430103091006
0,0.0277197001463903
0,0.0188458355076139
0,0.0143153745455089
0,0.0238630072465221
0,0.028692736123483
0,0.0282951358970299
0,0.0097262645333507
0,0.0274587534483373
0,0.0094829888843823
0,0.0049994922495124
0,0.00305289816209
0,0.0277340910084903
0,0.0233359005287739
0,0.0293771305108327
0,0.0175237806620831
0,0.0278437124457189
0,0.0285387529906341
0,0.0089734079121288
0,0.0267955298983646
0,0.0248782640144711
0,0.0046348104419745
0,0.0294032278229368
0,0.0279354287340236
0,0.006260314442888
0,0.0283857432125549
0,0.006267767372697
0,0.0290681908000358
0,0.0259351488651039
0,0.3421746560300466
0,0.0227386965041166
0,0.1064486112568903
0,0.0294114830828835
0,0.0287193128027257
0,0.0154823768008222
0,0.029323929255596
0,0.5605114145619012
0,0.0432078345404875
0,0.0276221792027237
0,0.0232371886651475
0,0.030013454964147
0,0.0282338199054507
0,0.0089979218973602
0,0.0294451765910349
0,0.0294776779178938
0,0.0784751978414771
0,0.0279606618582831
0,0.0225222880334094
0,0.0447082312718401
0,0.0276626019630634
0,0.029286791909571
0,0.0281668554154677
0,0.0280279641407237
0,0.0057498351560491
0,0.0096327551539041
0,0.0289317494183484
0,0.0276001782333301
0,0.0183481916387807
0,0.0232346998878013
0,0.0279030535809435
0,0.0293307708710524
0,0.1028527551367277
0,0.0275200416227772
0,0.0683324667647067
0,0.028098931215653
0,0.0184009182343109
0,0.0278844081023172
0,0.0276393350862048
0,0.0164193140435761
0,0.0282887019125743
0,0.0081380308947606
0,0.0281336908790924
0,0.0091158521231297
0,0.0038157976462772
0,0.0267758001845898
0,0.0292664584635782
0,0.0275706035915854
0,0.0274056967258844
0,0.0047641240802811
0,0.0279712745712078
0,0.027536688365928
0,0.0253812034711416
0,0.0283682711847193
0,0.0277623029295129
0,0.0292007132016673
0,0.0142965691079933
0,0.029337508909195
0,0.028988261180411
0,0.288438879336178
0,0.027374352903922
0,0.0277556028694225
0,0.0291033479340307
0,0.028397881059708
0,0.015423400812919
0,0.0162748688624642
0,0.0292990604112871
0,0.0270497113284747
0,0.0277973042977616
0,0.0277001031025881
0,0.0275698155376531
0,0.0274135039509634
0,0.0291525390147289
0,0.0213147958502144
0,0.0274859653119566
0,0.0280064679705922
0,0.0043345662633053
0,0.0283772524600656
0,0.0069586176642595
0,0.0290927560797871
0,0.0268634694191567
0,0.0276580033037874
0,0.0286013387170025
0,0.0283603780173328
0,0.0286049036238129
0,0.0095906179603969
0,0.0292856936335289
0,0.0276648971582915
0,0.0115594920520161
0,0.024146312599726
0,0.7316248597124497
0,0.0243705452931789
0,0.0290658372946226
0,0.0281112360265676
0,0.0035428832191538
0,0.0294228665846783
0,0.0105208559004491
0,0.0276600742393828
0,0.0184072033948972
0,0.0294675337150187
0,0.0274567424866043
0,0.0287165688411196
0,0.0283072662409652
0,0.0274807751121955
0,0.0053626455101807
0,0.0406441976185208
0,0.0238317700429247
0,0.006439828444675
0,0.0539994425775598
0,0.0747062671756417
0,0.0279598177053368
0,0.005775363148492
0,0.0286178597551903
0,0.0046315754454859
0,0.0082168649520277
0,0.027937510150738
0,0.0029323688690181
0,0.0440068917975396
0,0.0109396095323745
0,0.028163034434223
0,0.0275824980492019
0,0.0289665162681328
0,0.0065315337291178
0,0.0275653582959162
0,0.0275563767988454
0,0.1090698813704506
0,0.0291521632562909
0,0.0279078084818513
0,0.0046222075554604
0,0.0176067997205868
0,0.2492226719720885
0,0.0287518145042706
0,0.0280074814521628
0,0.0275256085054483
0,0.0275568073077416
0,0.0154977861282863
0,0.0275066327100136
0,0.0334368389552351
0,0.0175045497125948
0,0.0274084118208498
0,0.0292811899041469
0,0.0283177560982493
0,0.0278127939509956
0,0.0276895032298061
0,0.0239569282827429
0,0.0094857007208871
0,0.0236223417951179
0,0.0275336653495392
0,0.0274066085496814
0,0.0291384237304816
0,0.0292297387371294
0,0.0278722276855651
0,0.0278713585094474
0,0.0218977094113638
0,0.0276185649759783
0,0.0075227567225411
0,0.0292887473579768
0,0.0278206149289967
0,0.0294027222969769
0,0.0098299368074908
0,0.0140116888909846
0,0.0120422958101409
0,0.0115284089933733
0,0.0563357773031291
0,0.0147688180476437
0,0.0044578553833103
0,0.0136880600290758
0,0.0294040137497217
0,0.004368867575858
0,0.0285474448510725
0,0.0283012745433465
0,0.0289110907140212
0,0.0263919808768434
0,0.0275322911875416
0,0.0424893642826172
0,0.0044962326996087
0,0.0029360128263108
0,0.0280883679719552
0,0.0274098123124974
0,0.0240129036166537
0,0.029164563922209
0,0.0036839520280348
0,0.0094118794593229
0,0.0106679821014061
0,0.0294010414737175
0,0.028242580158125
0,0.0293652377873854
0,0.015878468657048
0,0.0277074103531881
0,0.0312208746184966
0,0.0235079715397685
0,0.0291429987247111
0,0.0282303319586744
0,0.0274721016907401
0,0.0273022684098996
0,0.028989548470423
0,0.01850083570337
0,0.0282991016878239
0,0.0277709723486705
0,0.0116567425172173
0,0.0281193617035459
0,0.0054886391610239
0,0.0105520153470064
0,0.0051474320150062
0,0.0284497169384297
0,0.0284392028275478
0,0.0276866435788223
0,0.0278200346079939
0,0.0138565166158314
0,0.1209620277900456
0,0.027480284973203
0,0.0288011635157855
0,0.0054842168043184
0,0.0138727197688728
0,0.0147721412459649
0,0.0291769412841349
0,0.025211721330207
0,0.0086132148201794
0,0.0276696206607597
0,0.029273715636663
0,0.0255369821159761
0,0.1176220033076312
0,0.027790243264134
0,0.0279885633301
0,0.0111639821475684
0,0.0210540515653779
0,0.0119265917926874
0,0.0274162201018958
0,0.0292510593258167
0,0.0193219229596046
0,0.0278260387596164
0,0.0228640284936214
0,0.0290871154117259
0,0.0287444707842546
0,0.0290661596204658
0,0.0284622828427706
0,0.0242189606129985
0,0.0274890302365998
0,0.0274334621658687
0,0.0249711848081313
0,0.0285383716736941
0,0.0289479235653403
0,0.0133310857007891
0,0.0274233626193118
0,0.0085355355304929
0,0.0293886257520245
0,0.028620135752919
0,0.027630693846695
0,0.1175120021068238
0,0.0293178610262072
0,0.0292276813271136
0,0.0174829317747989
0,0.004153048415869
0,0.027989994043352
0,0.0125681275455751
0,0.0276888202988719
0,0.0275605550161008
0,0.0293916448783163
0,0.9304402512764394
0,0.0294754020844428
0,0.0274718010261876
0,0.0051761011409078
0,0.0272141209498773
0,0.027409776949812
0,0.0275522235223747
0,0.0409728909526136
0,0.0090603528787702
0,0.0274515783652228
0,0.0276206022345754
0,0.0278123748796939
0,0.0285235509428569
0,0.0281299743437307
0,0.0122108798610927
0,0.0038885804603246
0,0.0169285251511193
0,0.0226148498153869
0,0.0293969013150478
0,0.027411983602175
0,0.0279418223682197
0,0.0045860308106916
0,0.0291691012909099
0,0.0046190005148168
0,0.0082583512594318
0,0.0279272410609746
0,0.0746598151932453
0,0.226779345104425
0,0.0279710974047791
0,0.0251733595258455
0,0.0287779662814749
0,0.0283602440982167
0,0.0275053286069772
0,0.0291207656795255
0,0.0289340323027065
0,0.0292203232114245
0,0.0279256411455203
0,0.0125152328425035
0,0.0278992312487959
0,0.0285888990570304
0,0.0275613199643352
0,0.0275282454433046
0,0.0282232687930101
0,0.0276590366496328
0,0.0283817464975091
0,0.0293278934771695
0,0.0053346557504892
0,0.0229975678047684
0,0.0277630079741217
0,0.0242028345182738
0,0.0063423121450433
0,0.0273974548546543
0,0.0051111482227347
0,0.0284996980842647
0,0.0203169781648707
0,0.0124002271817402
0,0.0070269676471136
0,0.0076853103356516
0,0.0274100090153428
0,0.0294318537707905
0,0.0282135511281614
0,0.0337948443055688
0,0.0214644961445704
0,0.0293387090873127
0,0.0276774833452946
0,0.0291617292306601
0,0.0060944881624795
0,0.0246836857164959
0,0.023882623410873
0,0.0061589871744191
0,0.0279758338966107
0,0.0290837125380831
0,0.0088550327706425
0,0.0286304088623834
0,0.0805416797825879
0,0.0275143482156421
0,0.0052332887286201
0,0.0047231764895715
0,0.0255357678468587
0,0.0277015716019393
0,0.0279893990143985
0,0.0044757711285447
0,0.0274415368168768
0,0.0292966336655995
0,0.005129222453042
0,0.027760887233402
0,0.0294882893666699
0,0.0279097265858967
0,0.0836050957406469
0,0.0277258380165323
0,0.0288318335307346
0,0.0054796642220214
0,0.0293737003629364
0,0.0275819303173685
0,0.0274589997845932
0,0.0080618124953212
0,0.0287266566110674
0,0.0289231580885491
0,0.1753137390891003
0,0.0284005764258851
0,0.020593424164611
0,0.0089281852911552
0,0.3401233250096168
0,0.0278363445319327
0,0.0286671454662184
0,0.0834304967141129
0,0.0264559599064683
0,0.0275706233828654
0,0.0249028022585753
0,0.0173075152309115
0,0.0275900986878477
0,0.009698224216922
0,0.0288561089798835
0,0.0278101266247777
0,0.0275315156592711
0,0.0236738700887572
0,0.0274360795662848
0,0.0051285642341792
0,0.0290568608407461
0,0.0280464749650839
0,0.0294404674989017
0,0.0279745035953118
0,0.0494462568861811
0,0.0175781140276668
0,0.0075559291825304
0,0.0273896184150979
0,0.0262852602192148
0,0.0263382041939049
0,0.0036671470985672
0,0.0206486919271944
0,0.0286383514752638
0,0.020023558089654
0,0.2277534922657489
0,0.0267051755374443
0,0.0275134647152759
0,0.0278207977054238
0,0.027581411272747
0,0.0104339658452757
0,0.4740373630007518
0,0.0280180861477966
0,0.0030148536909089
0,0.0276827388328885
0,0.0107153698434667
0,0.0290107928885972
0,0.0281829161015649
0,0.012172188596253
0,0.0287791486182004
0,0.0288244261674534
0,0.0294073935350455
0,0.0288855260423672
0,0.0868665240513891
0,0.0274206211078031
0,0.0054306038434277
0,0.0283142426094153
0,0.0149112949503741
0,0.0243717533183013
0,0.028934039998243
0,0.0161817191289357
0,0.0035644456691376
0,0.0233228964510839
0,0.0052812945819029
0,0.0278580575334128
0,0.0110474757032401
0,0.0154796643317943
0,0.3935215048528678
0,0.0286940354148763
0,0.0343842642032501
0,0.0273783145771616
0,0.0274689496615387
0,0.0151467019605226
0,0.0274414568574673
0,0.0046411181749163
0,0.0282929355767372
0,0.0188811180519474
0,0.0279916163956814
0,0.0624055890877898
0,0.0242788413410377
0,0.0072008899490065
0,0.0275226275699551
0,0.0269529065144013
0,0.0281168486218234
0,0.0325127406040138
0,0.0287729658145356
0,0.0233034045409241
0,0.0970896744890871
0,0.0288937326729395
0,0.017248440473238
0,0.0263024154581647
0,0.0092590674713068
0,0.0276452956141574
0,0.0226177440250609
0,0.0250674941365418
0,0.0285063771873565
0,0.0279394861005899
0,0.0288693864018233
0,0.0541653228971289
0,0.0174951581326194
0,0.0274669689992362
0,0.0277593649667279
0,0.0237757939268433
0,0.0274545256411403
0,0.0275464866760581
0,0.0291975927693467
0,0.0085439897259801
0,0.0291315223378998
0,0.0284081111035975
0,0.0159488886172438
0,0.0081681313976915
0,0.0279934953492391
0,0.0064816002366737
0,0.0292358967581049
0,0.0289203979556197
0,0.023930968026769
0,0.0082804985821779
0,0.0274310079753186
0,0.0086858086598066
0,0.0039796330761991
0,0.029243927591121
0,0.0284493493709907
0,0.0406326472454526
0,0.0495787746437834
0,0.0284148709325466
0,0.0287458471362923
0,0.0274196693932433
0,0.0051354351845774
0,0.0172754598894768
0,0.0275732997291451
0,0.0195342385948176
0,0.0293698714449362
0,0.0286246733574388
0,0.0275345354609808
0,0.02745598127868
0,0.0284949787297273
0,0.0037268437409115
0,0.0048627126209343
0,0.02816245167793
0,0.0814337315493881
0,0.0286810802413733
0,0.0293366560847286
0,0.0279752716604189
0,0.0231325244244887
0,0.0282651835866023
0,0.0291446704506578
0,0.028152081547943
0,0.0367834915706745
0,0.0293945850774767
0,0.0295514950038186
0,0.0293071726926836
0,0.029196467042464
0,0.0282515357451039
0,0.006990918128909
0,0.0290721843719824
0,0.0067968942251191
0,0.0236744500856996
0,0.0277374968946803
0,0.0276630424736106
0,0.0050642850939873
0,0.0062350640571518
0,0.0064760058836517
0,0.0445902586553146
0,0.0030867292265438
0,0.0287169202247072
0,0.0165940923815959
0,0.005177389540428
0,0.0339949979950815
0,0.0278389827209821
0,0.0251692674879686
0,0.0260520554105143
0,0.0294247845157417
0,0.0274616830438975
0,0.0261429914800002
0,0.0405913152481943
0,0.0126172110258172
0,0.0269065565037079
0,0.0274589747834338
0,0.0222746105798348
0,0.024338771948823
0,0.0276292430821365
0,0.0284481799190758
0,0.0281006925158447
0,0.0283272605217774
0,0.0116410504906401
0,0.0083663135625484
0,0.0272370055762304
0,0.0291932465657708
0,0.0275551284709926
0,0.0276216069968275
0,0.0286011732331176
0,0.0275254704209644
0,0.0061743451467736
0,0.0294431925130923
0,0.0287111493913584
0,0.0243516564170555
0,0.9088086812886462
0,0.0274051079618063
0,0.0293164213024208
0,0.0157304382212715
0,0.0280563102548939
0,0.0169357897415826
0,0.0259770427565376
0,0.9932946922654248
0,0.0244326590040542
0,0.028243245760556
0,0.0247399915111848
0,0.0281006713620235
0,0.030418340551569
0,0.0274140299636214
0,0.0291005879571427
0,0.0279508488633281
0,0.0285758181215851
0,0.0278587501321892
0,0.0187474530205991
0,0.0278334305620099
0,0.0503609995206262
0,0.0262120086394562
0,0.028220154022576
0,0.0053522355936728
0,0.0289112929660064
0,0.0222357587666503
0,0.0293930650560752
0,0.0206900300044711
0,0.1699623106125244
0,0.0544936012014031
0,0.0292052313762935
0,0.0290440613475945
0,0.0276260486859211
0,0.028059158618846
0,0.0203997199631442
0,0.6129546770339213
0,0.0208770366612472
0,0.0277835192232506
0,0.0211515039942768
0,0.0285697449371661
0,0.0064876379933084
0,0.0293620321701147
0,0.028719787514265
0,0.015168437117359
0,0.0060022079366852
0,0.0063030076182807
0,0.0275905338793168
0,0.028616803943037
0,0.0042397269847124
0,0.0292053385569669
0,0.6342822520756345
0,0.0121371274245328
0,0.0104897232112332
0,0.0284451259731314
0,0.0280442127398492
0,0.0279899521331091
0,0.0214507375924438
0,0.0284323030495838
0,0.0209272994084952
0,0.0284502893589619
0,0.027826692219529
0,0.0050314603535912
0,0.0278536522064039
0,0.0274153285604846
0,0.0287230956557333
0,0.0282598451818501
0,0.0289012805953811
0,0.581561697474847
0,0.0290408653780071
0,0.0283932035493573
0,0.029381027560253
0,0.0275345354609808
0,0.0283919385537694
0,0.0184316432564984
0,0.0111325819322092
0,0.0225937700724895
0,0.0291128312655064
0,0.0292148684542394
0,0.0285514745536206
0,0.0027907178257034
0,0.0031415946377354
0,0.0274269188370723
0,0.0671103852349398
0,0.0289000252457676
0,0.0767663024409029
0,0.0280196126497451
0,0.0274325524183914
0,0.002364334280326
0,0.0276723208258456
0,0.0253403478420955
0,0.0276431770990785
0,0.0096166119974906
0,0.0305255191639106
0,0.027525986606944
0,0.0284612833543217
0,0.02744468509626
0,0.0274209813949814
0,0.0294197597145202
0,0.1113972078398875
0,0.0276994087848653
0,0.0157193362534211
0,0.0288037093741123
0,0.0278548727609317
0,0.0273744966276611
0,0.0024920499834993
0,0.0052530327826083
0,0.0258467030964708
0,0.0291597386734911
0,0.0098797465924359
0,0.0276534967132901
0,0.0277252261451226
0,0.0141875724445912
0,0.0294040250437527
0,0.0280881318148882
0,0.0279162230980204
0,0.0096569660860079
0,0.0294190507284973
0,0.0285749309207961
0,0.0256364141903359
0,0.0289893694134261
0,0.0276333571748253
0,0.0235476999169388
0,0.0275148335065915
0,0.0042804600014032
0,0.0249660142155787
0,0.0052127272850353
0,0.0090784095177564
0,0.0095434340111307
0,0.0294030897705542
0,0.0292186330398606
0,0.0233035664799049
0,0.0103586665429514
0,0.0290741522256541
0,0.0294562753390522
0,0.0242396426512841
0,0.0274395929626735
0,0.0278868904978074
0,0.0281611624119692
0,0.1039604192549408
0,0.0274447816963105
0,0.0253137902080286
0,0.0320122596019529
0,0.0272171621316862
0,0.0281349600717909
0,0.3467602117758602
0,0.0304003862965082
0,0.0291010761677472
0,0.0223891370443776
0,0.0276846034593389
0,0.0274149833736229
0,0.0294254100414388
0,0.0284179393884496
0,0.0292446090203287
0,0.0061302632673107
0,0.0294239596092586
0,0.0430092258846847
0,0.0248706717847572
0,0.0277530807817278
0,0.0291379215761253
0,0.0289756930037821
0,0.0291667633643937
0,0.0063769514694869
0,0.0113794497173967
0,0.0294406383881419
0,0.0288738392662095
0,0.0068592965967127
0,0.0292769465524301
0,0.0291782155013871
0,0.0274273068539082
0,0.0633336225827659
0,0.0280946382444831
0,0.0245984283270014
0,0.0199623829868209
0,0.0283695489973827
0,0.0210475918830702
0,0.0294206914980505
0,0.0267434680908984
0,0.0287987992945457
0,0.0258876571125769
0,0.0174590321145388
0,0.0313101777716496
0,0.0272521113370803
0,0.0165006497450917
0,0.0053389232425856
0,0.0284326313725704
0,0.0274852407152844
0,0.0282918206623123
0,0.0395467503944036
0,0.0041953778916653
0,0.0036481773706916
0,0.0213100933225009
0,0.0276620630972733
0,0.02756352511098
0,0.0368391262933017
0,0.1536933706084078
0,0.0281907803088066
0,0.0337436561157922
0,0.0293232736097417
0,0.0234876046692039
0,0.0279400457132623
0,0.0293937889093371
0,0.0305605491331773
0,0.0287742367000735
0,0.027500922171675
0,0.0040350992861659
0,0.027458677259424
0,0.029450885977374
0,0.0283256264531623
0,0.0289894575030424
0,0.0116747520119684
0,0.0278469248371641
0,0.0293998398083659
0,0.0285581238211691
0,0.0275791551943311
0,0.0273874094139826
0,0.0276006674102117
0,0.0822134958183181
0,0.017045070448678
0,0.0114005566159084
0,0.02884590634799
0,0.0137515660283057
0,0.0292221049034736
0,0.0076233982153022
0,0.0293754788287634
0,0.0280002491599701
0,0.0238334936062428
0,0.0020515304843363
0,0.0279751588079425
0,0.0278395571109028
0,0.0107663487206893
0,0.0275331595095879
0,0.0274850402887476
0,0.027491878789776
0,0.0249425553325
0,0.027621854456686
0,0.027592965048519
0,0.0179027932618528
0,0.026013536137995
0,0.0274188772199051
0,0.0285218720090939
0,0.0048046155851637
0,0.0287822834308773
0,0.0288568795460664
0,0.9197217243279084
0,0.0283662581787292
0,0.025508657295101
0,0.0288691373302406
0,0.2566676993571043
0,0.0291694447395106
0,0.0094628576554055
0,0.0286000270017086
0,0.0055470742602927
0,0.0052501195609246
0,0.0294828203082354
0,0.0287070167447801
0,0.028259983745325
0,0.0291894528043611
0,0.0136429921805509
0,0.0119285506628774
0,0.0293227272624273
0,0.0294790020530713
0,0.0274655496825718
0,0.0077531781283877
0,0.0046685613093244
0,0.0128661420362825
0,0.0055416531526293
0,0.1546491548618027
0,0.028670296620849
0,0.0292967829476537
0,0.028740767040085
0,0.0275725967834395
0,0.0149127076534683
0,0.027586673926681
0,0.0275700613803886
0,0.0291295538598538
0,0.0274197794959037
0,0.0279030227691673
0,0.0274125560037504
0,0.029051842338011
0,0.0061666702909267
0,0.0279178584907203
0,0.6041551076457822
0,0.0233059653791481
0,0.0288539838084925
0,0.0543789345659075
0,0.0291178763763279
0,0.0281680604021914
0,0.0307067744208283
0,0.0274601795269302
0,0.0275894822249888
0,0.0047795281317287
0,0.0248782640144711
0,0.0293332845193256
0,0.0112272021238091
0,0.024612764800756
0,0.0292879898006317
0,0.0150927513442568
0,0.0289003376963325
0,0.0281416999128817
0,0.027645222923924
0,0.0274384274377288
0,0.0294042299634988
0,0.0289009398442258
0,0.8329248769077724
0,0.0049488013958382
0,0.0032163791588422
0,0.0275873803518633
0,0.0280125068717155
0,0.0106489509139617
0,0.0163438228998652
0,0.0134372853610779
0,0.0283610425465151
0,0.009797758144089
0,0.0074796556775386
0,0.0277859292140721
0,0.0274125126494482
0,0.0105904058907475
0,0.0127546674095611
0,0.0293122474482462
0,0.0274319679734722
0,0.0080193932524626
0,0.0148564867437417
0,0.0294042617904539
0,0.0276427812498388
0,0.0252097072960792
0,0.0289048394356003
0,0.0290868006322768
0,0.0119682661448219
0,0.0234059327757544
0,0.0285472109223631
0,0.0286862366753817
0,0.0282341147683522
0,0.0280740210770357
0,0.077295506687021
0,0.0295097969918138
0,0.8125167346763135
0,0.0287121228268146
0,0.027449277949708
0,0.0289732875043591
0,0.0280689599264532
0,0.0057001821323652
0,0.0496878408608747
0,0.0249560163548592
0,0.0128760012089844
0,0.0276004140205225
0,0.0218135218415234
0,0.0260673324131975
0,0.0192827379332636
0,0.0044002492364627
0,0.0032684075372478
0,0.0276997598349213
0,0.0287038458455269
0,0.0279004630164741
0,0.018751848180457
0,0.0194829066758932
0,0.0062824515342231
0,0.0294288167110125
0,0.0776355557461672
0,0.02821049694223
0,0.0284143809816836
0,0.0274333175184866
0,0.0255673365910781
0,0.0270510814128955
0,0.0289017873924927
0,0.0288445260041106
0,0.0235228345854602
0,0.029405106578603
0,0.0294432949270735
0,0.0112543403268802
0,0.0039011933936224
0,0.0287636018040857
0,0.027411458331644
0,0.0276608363379638
0,0.0029066148456877
0,0.0286527722997026
0,0.0197008843257968
0,0.0292959509122185
0,0.027864225198553
0,0.0219933848254693
0,0.0290471555083648
0,0.0073293480856651
0,0.0053501500303584
0,0.0196305160899816
0,0.0126377075682071
0,0.0285475477615962
0,0.0294422910997593
0,0.0073169112855726
0,0.0283028491170222
0,0.0262569190839156
0,0.0155302371310702
0,0.0987887955615087
0,0.0163083926749795
0,0.028256723837725
0,0.029216566083224
0,0.0280138916970866
0,0.0286371179618889
0,0.0243851751146938
0,0.3549946080706606
0,0.014099572973599
0,0.0294043013078911
0,0.1041820991653918
0,0.0260066227623341
0,0.0278993347575699
0,0.0287317524029791
0,0.0202752614747343
0,0.0211589993814886
0,0.0261934247406069
0,0.0282776724301627
0,0.0051058166488137
0,0.0044680293297097
0,0.0279531228256038
0,0.0281759959664231
0,0.0052365614306379
0,0.0270559502388399
0,0.0289473806301379
0,0.0279055034520484
0,0.0294466227777232
0,0.0290743847888335
0,0.0281822187065726
0,0.0456072679922648
0,0.0079453579227499
0,0.0275476234338467
0,0.0285366244898451
0,0.0138189140024746
0,0.0131849207518642
0,0.0288021697171519
0,0.0281092025497939
0,0.0049650894745564
0,0.0164166398028676
0,0.0047666925623962
0,0.0284813197212351
0,0.0107902171311269
0,0.0257491365242054
0,0.0276505727634159
0,0.0197639937781072
0,0.0274604430185335
0,0.0283520755030738
0,0.0038992733290835
0,0.0233752386835424
0,0.0290098090306006
0,0.0816894491935433
0,0.0268286470336668
0,0.0101546885270695
0,0.0275211521249834
0,0.0151027203489656
0,0.0098925406226528
0,0.0293343865303943
0,0.5573364443426685
0,0.0286145206542224
0,0.0105624608350109
0,0.0037972686513347
0,0.0131327924877983
0,0.0278009778462621
0,0.0274664606020195
0,0.0292606821935066
0,0.0294690896738738
0,0.013155847996231
0,0.028608612463203
0,0.0050075805453532
0,0.0236222545790972
0,0.0289537533082973
0,0.0275617177408574
0,0.0274202236460609
0,0.0577307582612469
0,0.027730858774314
0,0.0273740944525254
0,0.027400030227927
0,0.2174790601650316
0,0.0329033947247791
0,0.0037358104821113
0,0.029320876486492
0,0.0057602269408583
0,0.01902544022353
0,0.027508552535505
0,0.0033722409168473
0,0.0233352605475003
0,0.0294141276297211
0,0.021650111658255
0,0.0294059949220661
0,0.0045803831687213
0,0.0066258748909304
0,0.0281796025210863
0,0.0274120575202881
0,0.0275650336705861
0,0.0250612358222801
0,0.0056607261804145
0,0.4768091130882263
0,0.0231509789339288
0,0.0293376120756689
0,0.9633108860116312
0,0.0162159778790803
0,0.0128288086538781
0,0.0273691050950891
0,0.0103001979362226
0,0.0288225900625287
0,0.0057449844759169
0,0.0042924915813032
0,0.029405692772139
0,0.0183813404716485
0,0.6024982840005808
0,0.0289153019755834
0,0.0153456378509611
0,0.0277429172212356
0,0.029054558494549
0,0.0283733853315309
0,0.0284406958489241
0,0.0242082004666746
0,0.0279293555711769
0,0.0275416586186613
0,0.0294038826851677
0,0.0271215866421807
0,0.0292543671015746
0,0.0127052609299962
0,0.0094232509979885
0,0.0277487720667093
0,0.0041110742951736
0,0.0235545167284264
0,0.0274107483165044
0,0.027723094832923
0,0.0274277170690664
0,0.005480465723778
0,0.0284400659752956
0,0.0294393486274281
0,0.006207913226518
0,0.0190130033714529
0,0.0247110983660672
0,0.0178695839499158
0,0.0060827766501149
0,0.0292085602435977
0,0.0058857277503683
0,0.0062437801780504
0,0.0059932599872881
0,0.029377037411123
0,0.0197225977331897
0,0.016788313156355
0,0.0288262856320525
0,0.0117171515469784
0,0.0283435283535123
0,0.0294106188198295
0,0.0185760950311561
0,0.0136082685259397
0,0.0285751734896756
0,0.0101586133399688
0,0.0052250577376198
0,0.0250521370783767
0,0.0293569479332062
0,0.027568140673091
0,0.0287465830590346
0,0.0277001031025881
0,0.0063451237548387
0,0.0274986483965198
0,0.0281163712316533
0,0.0278257948378965
0,0.0223642876042006
0,0.0267942529165675
0,0.0058271481869258
0,0.0065919116966927
0,0.023333188232705
0,0.0236036172243506
0,0.0287990661855344
0,0.014062221419874
0,0.0274406068496258
0,0.0019350089881486
0,0.0251960009819176
0,0.04075387958856
0,0.0283084074837726
0,0.2667690439860009
0,0.0283313248396521
0,0.0068687249969626
0,0.0296079267415204
0,0.027556552331927
0,0.0293532806446884
0,0.0276362850520269
0,0.0110199870744951
0,0.0284463401646506
0,0.0274210424532028
0,0.0032419497359649
0,0.0289753617582906
0,0.0062512590454096
0,0.0279336634829435
0,0.0596675726679163
0,0.0161498523134495
0,0.0169093420643701
0,0.0422805436241761
0,0.0285389672798989
0,0.0285446503319756
0,0.0295340658563807
0,0.0293143458610556
0,0.0277287247655761
0,0.0284048970574404
0,0.0387608865812147
0,0.0170297940960269
0,0.0274471980184798
0,0.0214073563186323
0,0.0281501991221075
0,0.0493946901917564
0,0.0034373999472908
0,0.0038118509842176
0,0.0175010855373035
0,0.0238040543318702
0,0.0042362269654538
0,0.027505021372941
0,0.0187372664455696
0,0.0281413017734171
0,0.0270974799976206
0,0.0184936635158082
0,0.027666166935909
0,0.010989071705739
0,0.028106693541383
0,0.0188134684023219
0,0.028702799657841
0,0.0148898964504818
0,0.0277105411658964
0,0.0275516947064255
0,0.0294047308780967
0,0.0279449479192817
0,0.0286693930943666
0,0.0283114308498825
0,0.0252177800395985
0,0.0279925051635405
0,0.004826604467971
0,0.0053819424096728
0,0.0285787636474992
0,0.0710707651635015
0,0.0247732927281947
0,0.0077114709015004
0,0.0035739130111082
0,0.0287268902679474
0,0.0075575143904202
0,0.0275043455469278
0,0.0274806740633612
0,0.0038580222741066
0,0.0063084351519088
0,0.025943229575912
0,0.0086834823369816
0,0.0276114286704815
0,0.1626581535283084
0,0.0243659481243349
0,0.013809123620585
0,0.0403987379716758
0,0.0276309480178845
0,0.0294042617904539
0,0.0228194235862693
0,0.0293130478949182
0,0.02520686777564
0,0.0279310861633929
0,0.011719577782612
0,0.0277176552948869
0,0.0260632324864962
0,0.0367219306933488
0,0.0275423447315824
0,0.0037636859270853
0,0.0033149701973276
0,0.0279806648641382
0,0.0027497789597575
0,0.0031214387459536
0,0.0245742871810324
0,0.0133277507966108
0,0.1880280751398731
0,0.0274087890042298
0,0.029474752936284
0,0.0275918305625621
0,0.0292503470772486
0,0.0276376132547705
0,0.3401634400995204
0,0.0139448971062887
0,0.0272652483111493
0,0.0134909078985089
0,0.002829025979357
0,0.004100037229056
0,0.0179362892220035
0,0.4868276315616608
0,0.0280446405535208
0,0.0274345007483222
0,0.0051323383390995
0,0.036150455719709
0,0.0281280849794952
0,0.0037670682574826
0,0.0275983873441289
0,0.0073797717401229
0,0.0043462458195624
0,0.027408671292115
0,0.0292917413509162
0,0.9305311508818392
0,0.0084028943789689
0,0.0284114710992163
0,0.0059100555592404
0,0.027797587506329
0,0.0185999091299334
0,0.0127756283853694
0,0.0277795658619939
0,0.0341766337587819
0,0.0290620710628222
0,0.0177195796175137
0,0.005935121240649
0,0.0281250782035459
0,0.0149372467334701
0,0.0233922530620354
0,0.0292762266601315
0,0.013667884735621
0,0.0045817986841424
0,0.0072281680921833
0,0.0284921844386732
0,0.0284508813375215
0,0.2608651049046849
0,0.0048082266872099
0,0.008686694319246
0,0.02846337925045
0,0.0283679575597327
0,0.0036635592595362
0,0.032041631147518
0,0.0289643887306282
0,0.0283089438640427
0,0.0280387484434213
0,0.0134580576379263
0,0.0042824845219904
0,0.0353060919890985
0,0.0044590100150022
0,0.0281546632052905
0,0.0043766362544168
0,0.0072381814891972
0,0.0287041104715173
0,0.0099691385361809
0,0.0293971023937382
0,0.0274659891455666
0,0.018942764988535
0,0.0292214155548872
0,0.0286795847747196
0,0.0285051329723335
0,0.0293381413357813
0,0.028600769516541
0,0.026274045751858
0,0.027709679171403
0,0.0047073017512013
0,0.0050634441485285
0,0.0319661140562885
0,0.1337313738238236
0,0.6796227702492433
0,0.0269402393453285
0,0.0298213297864733
0,0.0290685517111925
0,0.0148397037763841
0,0.0094857007208871
0,0.0062380413913978
0,0.0279297437290975
0,0.0284350195333493
0,0.0249699335196064
0,0.0277420777363922
0,0.0274050800251299
0,0.0075070441948759
0,0.0047274702585993
0,0.0211752101602231
0,0.0279180672893912
0,0.0233255983416631
0,0.0059260606487992
0,0.0154132726780045
0,0.0293357084581131
0,0.0275551990192777
0,0.0291211504194842
0,0.0276255986403236
0,0.0218887659190571
0,0.0294384609580347
0,0.0200412305705887
0,0.029416368166032
0,0.1576276308085737
0,0.0254979253233001
0,0.0145852568737795
0,0.0284664323783579
0,0.0281545201020089
0,0.0274483657056923
0,0.0051746894413426
0,0.0070349202388837
0,0.0283327296613248
0,0.0274978038408448
0,0.0101301719844651
0,0.0285372008543531
0,0.0294063671207644
0,0.0240378970477561
0,0.0282681315000909
0,0.0115678421783624
0,0.0278848673730262
0,0.0041003704527547
0,0.0286058064507872
0,0.0289033848646456
0,0.0287475893920784
0,0.0276353010656643
0,0.0234176313391544
0,0.0223338670802413
0,0.0153815234886525
0,0.0284451259731314
0,0.0274838827305457
0,0.0439189406921294
0,0.0757463888037957
0,0.0275306229444356
0,0.0284704475877037
0,0.0603618163906833
0,0.9127901229471512
0,0.0294409530038339
0,0.0282461051824826
0,0.0297934879963104
0,0.0275741028768961
0,0.0291498309838672
0,0.0258699022791428
0,0.005460882966692
0,0.0995360791815724
0,0.0294963377138972
0,0.0086555700645709
0,0.0159051609856069
0,0.028561111707762
0,0.0039048238325502
0,0.0275749134920786
0,0.0326138210005201
0,0.0233347681009918
0,0.0237012203844344
0,0.0244705577649609
0,0.0274957206463732
0,0.0288553376923863
0,0.0288316138241838
0,0.0283362477992009
0,0.0276709639886903
0,0.0276562063185061
0,0.027460210928643
0,0.0249434340913592
0,0.0282331095714991
0,0.0289895728925672
0,0.0280472406193152
0,0.02932472065798
0,0.0241340179551118
0,0.0293430003800822
0,0.0286300878980274
0,0.0141647734407461
0,0.0126220788822928
0,0.0037766076135199
0,0.0288127259765072
0,0.0289561058840311
0,0.0279497451973919
0,0.026693710101769
0,0.027742477441205
0,0.0207687246846842
0,0.0280823889296508
0,0.0169429681492144
0,0.0275748589432811
0,0.0276267934077242
0,0.0027851793698508
0,0.0127717566970987
0,0.0290510678433532
0,0.0260867409488515
0,0.060182552380923
0,0.0092679096199417
0,0.0162192428912347
0,0.0114994590974623
0,0.0180131462683219
0,0.0255017666589618
0,0.0253769809040116
0,0.0063209008309445
0,0.0039863820229942
0,0.0066949912619991
0,0.0028174730114706
0,0.028538307800726
0,0.0274392194747486
0,0.0279880241388361
0,0.0170241722037464
0,0.0287710657096
0,0.027612614776715
0,0.0035500944427479
0,0.0275036612833142
0,0.0014193648404638
0,0.0285262501436498
0,0.0293481408460368
0,0.0211943047122645
0,0.0023368426830735
0,0.0267461577105219
0,0.0273419756371671
0,0.018352442254866
0,0.0277716721552509
0,0.0279592149093012
0,0.0232378647377073
0,0.0293414373410274
0,0.0061140574163056
0,0.0284093732389032
0,0.9862202827892368
0,0.0054504802952357
0,0.0274956432188203
0,0.0283339757338698
0,0.0289366242269344
0,0.0289156276924292
0,0.0068954882188111
0,0.0293569899597323
0,0.028743268358502
0,0.007095904752241
0,0.0153916437540589
0,0.0043146382053961
0,0.029395280354614
0,0.0274205805479176
0,0.0272716781696526
0,0.027560835266981
0,0.0276466241726107
0,0.027504017220449
0,0.0154538065439103
0,0.0281760293049033
0,0.0278244155421486
0,0.9847510893695152
0,0.0284837749194438
0,0.0284097170564297
0,0.0037917035497346
0,0.0289795421248054
0,0.0291177147211929
0,0.0280184395455586
0,0.0252861332874761
0,0.0276621619602125
0,0.0071956460455621
0,0.0345106751775378
0,0.0289594468300066
0,0.027938217345594
0,0.0047378493463858
0,0.0266908922465547
0,0.0063516565412026
0,0.0275018861821895
0,0.0275107486629893
0,0.0197639937781072
0,0.0276888764871172
0,0.0290206732727346
0,0.0274742583321783
0,0.0196263645356759
0,0.0027428618640125
0,0.0234608877987705
0,0.0289675039739495
0,0.0282803601187913
0,0.027856138873551
0,0.0274653130961524
0,0.8894809194202562
0,0.028728674041964
0,0.0275630130585127
0,0.0277275413037427
0,0.0038514283388207
0,0.0275406840721439
0,0.0169546330621501
0,0.0274079092015251
0,0.0101308421240016
0,0.0274117902322441
0,0.018303738145951
0,0.028396692967242
0,0.4475037443384502
0,0.0282729753853706
0,0.0081352967276516
0,0.0281657652004753
0,0.0072094579661433
0,0.0282092870906431
0,0.028881521828024
0,0.0058808236633127
0,0.0274267563275317
0,0.027510613362714
0,0.0082351859221626
0,0.0282670439811586
0,0.0075914714649218
0,0.027950595823361
0,0.0040412462985497
0,0.0034819274535768
0,0.0291882364948811
0,0.029217256514959
0,0.0280209477483312
0,0.0280591909404004
0,0.0055691490007208
0,0.0039537897853375
0,0.006308419615443
0,0.0070614059141684
0,0.0283989180754054
0,0.0279419683660459
0,0.0068304705937135
0,0.0221843740074669
0,0.0145244913383152
0,0.0221966439009112
0,0.0053808007051319
0,0.0282738614182382
0,0.0542015155144176
0,0.0233041488341912
0,0.0158344941476445
0,0.0134399095537783
0,0.0273690254474139
0,0.0177202820161433
0,0.02188026998909
0,0.0234515227545641
0,0.0279356600787921
0,0.0080994905748202
0,0.0278278757145609
0,0.0274149619239364
0,0.0235119225807256
0,0.0061551225682555
0,0.0056749754365576
0,0.0293227627024574
0,0.0276199752577071
0,0.4692366752533966
0,0.0291361833639608
0,0.0093678699454226
0,0.0275149059646512
0,0.0225841589306563
0,0.0216586980581522
0,0.0287799162806556
0,0.0873940561231646
0,0.0062975058992523
0,0.0236710637032172
0,0.0274630344671949
0,0.0281280997872654
0,0.0209615839298523
0,0.0561826931973751
0,0.0270277547606049
0,0.0226265371950671
0,0.0217947259945765
0,0.0627560434187077
0,0.0286746959679739
0,0.0293193669308001
0,0.0174437914646991
0,0.0216275980786216
0,0.0254668271165599
0,0.0282385247017618
0,0.0276735262551302
0,0.9859121667715396
0,0.0276078699860165
0,0.0045779132043935
0,0.027545003090384
0,0.0285078316965719
0,0.02750744643083
0,0.0274176406991776
0,0.0291852494866833
0,0.0289710034811227
0,0.0275284682497939
0,0.0172419836157629
0,0.0425577646073772
0,0.0278153996791197
0,0.0167825368942601
0,0.0350308410012281
0,0.0274517960694665
0,0.0041671022248248
0,0.0281091982936044
0,0.0274126390192979
0,0.003249871563547
0,0.0293441770737521
0,0.0280063684117627
0,0.0275359158442095
0,0.0069981443106947
0,0.0294398932390598
0,0.0274124358529848
0,0.009131810179159
0,0.0266878339326109
0,0.0178437159710751
0,0.4743324863526539
0,0.0060878546352815
0,0.027413932524479
0,0.0248959087736525
0,0.0249462040751344
0,0.0274154239391691
0,0.0274507668969041
0,0.0085089022118745
0,0.0274327774795503
0,0.0294006087512284
0,0.0293966118431531
0,0.0144599452843448
0,0.0276736522846
0,0.0289265594143217
0,0.0294519577908489
0,0.0275649277308487
0,0.0285409759660525
0,0.0045633525843304
0,0.0270787340446141
0,0.0085948248380593
0,0.0276401536311497
0,0.0277330997211517
0,0.0274120575202881
0,0.0280064845592033
0,0.0274959088527637
0,0.0293628580396034
0,0.0185623458976557
0,0.0274859692432574
0,0.0234342165882266
0,0.027382908629122
0,0.0275525490695292
0,0.0275170871198411
0,0.0055549279067009
0,0.3500725822695923
0,0.0112947049028488
0,0.0274785498926623
0,0.0282982441819218
0,0.0294205622827886
0,0.0158459913656661
0,0.0277485101263691
0,0.029192359737722
0,0.0113916529238274
0,0.0086194324672103
0,0.0275555034567318
0,0.0294021570481386
0,0.0275249458942363
0,0.006394679726128
0,0.0063704841790199
0,0.0223752108440472
0,0.0294112507417861
0,0.02784411335915
0,0.0038586136877571
0,0.9623204416483924
0,0.0223944461075906
0,0.0276202295352044
0,0.0274143623998388
0,0.0274062383290393
0,0.027831584590688
0,0.004721798774337
0,0.0256865949165356
0,0.0050123660606374
0,0.0699691871926368
0,0.0289460263588406
0,0.0274148036059627
0,0.0278178809949272
0,0.0276813212871522
0,0.0270471836637758
0,0.0055957746236409
0,0.0163530553310481
0,0.0277604437909421
0,0.0048348511493931
0,0.0274678037497239
0,0.0080117163125857
0,0.0472766073931684
0,0.0289544258809402
0,0.0042856568407061
0,0.0060322694718559
0,0.0284497925272444
0,0.0275750287921103
0,0.0293991873055078
0,0.012768631042452
0,0.0288484072460546
0,0.0288027158277865
0,0.0293149262442136
0,0.0277648344528681
0,0.0276060309693434
0,0.0041927808691115
0,0.0295470231083043
0,0.0281186886328413
0,0.0293511159978387
0,0.0280033405014714
0,0.0274755137013899
0,0.0274043353800188
0,0.0240037851844335
0,0.0150158441880245
0,0.0282727358620142
0,0.0246741282653966
0,0.0294336558351981
0,0.0235209319173337
0,0.0294290456024901
0,0.0275991067761098
0,0.0276825968443422
0,0.0273282185470304
0,0.0278131107452996
0,0.0093095179858583
0,0.0284784304491923
0,0.0274411809124485
0,0.0287213507779122
0,0.02937976294874
0,0.026140779002101
0,0.0197458336828295
0,0.0033200676577274
0,0.0280674175830433
0,0.0263065233352544
0,0.029358598473313
0,0.0275048207306496
0,0.0278806747270635
0,0.0287618658022936
0,0.0060662399321422
0,0.0265404859285107
0,0.028242162771066
0,0.027814263156564
0,0.0284343298419582
0,0.0118132053159167
0,0.0274593073200392
0,0.0278443772201045
0,0.0283180644596633
0,0.02349062131476
0,0.0281082298108639
0,0.0277756602086969
0,0.1891276526538828
0,0.0280778511420027
0,0.0277965363811123
0,0.0242578216729125
0,0.0239416793512028
0,0.0268426076985977
0,0.0275741898842855
0,0.0269469223477894
0,0.0063255310051667
0,0.0275588237082714
0,0.0292112191084673
0,0.0294078408895139
0,0.0067749398051502
0,0.0293133357244572
0,0.0279219317641865
0,0.091330816545111
0,0.0036987690536965
0,0.0259078594610108
0,0.0292154227960623
0,0.0238248526228657
0,0.0287088444373339
0,0.0042479661691199
0,0.0294887767642191
0,0.0063795650455389
0,0.0292845902035918
0,0.0191297649698476
0,0.0280667011209698
0,0.0276695626647341
0,0.0291591146876978
0,0.0269954362005589
0,0.0275090499574014
0,0.0284919200318966
0,0.0273534462865597
0,0.0275402319256617
0,0.0277555051246838
0,0.0287028787186196
0,0.0093143485278833
0,0.0277854575519196
0,0.0170749914739345
0,0.0281092025497939
0,0.0217810863758295
0,0.0519124188297612
0,0.0278575722059587
0,0.0288028746588586
0,0.0108142526586272
0,0.0077645995932418
0,0.0289677780750563
0,0.0274698075336319
0,0.028012569758643
0,0.0279134919755392
0,0.0277096430428976
0,0.0274125460365871
0,0.0276356000218487
0,0.0259656959745116
0,0.1546478638016941
0,0.0260090329898935
0,0.0058244911087071
0,0.0275028917432663
0,0.0282791495240419
0,0.0279549731232304
0,0.003638375500976
0,0.0307372304748361
0,0.0122350982974046
0,0.0275035525506298
0,0.0214318755755462
0,0.0154505629062158
0,0.0276335261424592
0,0.0275171923595068
0,0.0288586491949602
0,0.0275641773908703
0,0.029352715948221
0,0.0280260781111103
0,0.0277882255750717
0,0.0043556873740483
0,0.0274162578585675
0,0.0276171713797217
0,0.5974348480110061
0,0.0027464779960331
0,0.0719326416140649
0,0.0127893174509956
0,0.0279215314929206
0,0.0101302725128252
0,0.0274782772125883
0,0.0341314092105818
0,0.0275274096480415
0,0.016745810384986
0,0.0222353743880268
0,0.0294362279250157
0,0.0316187070499979
0,0.0287420905926199
0,0.0274184805794221
0,0.0293736287276994
0,0.0274067566026889
0,0.0294057695948352
0,0.0110447335475025
0,0.0182201966019901
0,0.0278286671958425
0,0.0274976679559777
0,0.0184281208009391
0,0.0057452685030036
0,0.0278868112359705
0,0.0051690125935656
0,0.0090221764805591
0,0.0591608664715997
0,0.0280898557614452
0,0.0285804321229824
0,0.0316059521903746
0,0.027834004808327
0,0.0065218407266479
0,0.0130880040952609
0,0.0278413990194539
0,0.028608326096868
0,0.0280477183692838
0,0.0278747915769165
0,0.0283756395331854
0,0.0038917196240462
0,0.0282912382235856
0,0.0294742856486611
0,0.0291806481733984
0,0.0188840039037769
0,0.0259317280730884
0,0.0280871658801682
0,0.0276754713842638
0,0.016470085667729
0,0.0274413467009129
0,0.0292174447115887
0,0.0036673039591653
0,0.0270885323161754
0,0.0291540532289261
0,0.0200143431972148
0,0.0140528827693625
0,0.0282979285715028
0,0.0202677189217117
0,0.005301093225845
0,0.027592627478409
0,0.2751751676710816
0,0.0242711085749263
0,0.0050046837254347
0,0.0281612487430375
0,0.0341391600545638
0,0.0029683679873895
0,0.0286977638877408
0,0.0277102707324465
0,0.0275296138081082
0,0.0506722266119587
0,0.0294013611208681
0,0.0273010903856662
0,0.0259985788792463
0,0.0279505827389643
0,0.0285900070380337
0,0.005179010499546
0,0.027456118619519
0,0.0057113086863535
0,0.0283290307629985
0,0.0037178948467938
0,0.0163884460838813
0,0.0275323327836802
0,0.0085520771652149
0,0.0281728034882177
0,0.0061539398867258
0,0.0287847697226576
0,0.0194402081414255
0,0.5888214814580757
0,0.0207913114670912
0,0.0275386125895595
0,0.0115200400989482
0,0.0370241588025517
0,0.0056022336522881
0,0.0269428120310407
0,0.0263369524695721
0,0.0275952274862609
0,0.0291257926028698
0,0.0290426357644281
0,0.0273669552514031
0,0.0274835356250449
0,0.0283129709914538
0,0.0113134482181877
0,0.027784972057218
0,0.0275361273595804
0,0.0279659839829876
0,0.0285184882535979
0,0.028471582769474
0,0.0043870963296596
0,0.0275641746492304
0,0.028251145412521
0,0.0274422074350546
0,0.0276787345380969
0,0.0274153182496346
0,0.0281549346992178
0,0.0174688704144436
0,0.0726857758245067
0,0.0233728104604787
0,0.0255250826411374
0,0.0288227886810545
0,0.0293518433000254
0,0.0274586227828459
0,0.0293155142247362
0,0.0287226763080448
0,0.0283841840451518
0,0.0294502484666137
0,0.0293881213129163
0,0.028384191949365
0,0.0289562238439689
0,0.028892778931736
0,0.0285653059717646
0,0.0283100111507006
0,0.0054673068408854
0,0.0274254921596162
0,0.0278969544071593
0,0.0055692847156697
0,0.0165678527540971
0,0.0284481799190758
0,0.0226161018388864
0,0.0257766951393185
0,0.0286570003395086
0,0.028850635248921
0,0.027394504272141
0,0.0278805583619826
0,0.0293297984527154
0,0.0274144547052996
0,0.0293553714515439
0,0.0039688589128176
0,0.0274249463269593
0,0.0276324758187573
0,0.0275749134920786
0,0.0190751209737599
0,0.0238238663036015
0,0.0045400505804571
0,0.0277732308122085
0,0.0117440049825735
0,0.0274229360936257
0,0.0047590472537488
0,0.0227553013009367
0,0.0032975431804671
0,0.0271489118963422
0,0.0285416550139006
0,0.0417549273041287
0,0.0275588237082714
0,0.0152728639497903
0,0.2384494283782864
0,0.0046633284372465
0,0.0037559140781858
0,0.0184211690364405
0,0.0275189067751878
0,0.0282354752058037
0,0.0166946053743844
0,0.0242384498876672
0,0.0129465677517392
0,0.0292472369488183
0,0.0067068866321579
0,0.0290716439320979
0,0.0171596301201652
0,0.0280002491599701
0,0.0047466822190996
0,0.0206334809264849
0,0.0278118446769121
0,0.0253696167547524
0,0.029322928422102
0,0.0278354089173914
0,0.0293249224102672
0,0.0246775285410217
0,0.0265281926930513
0,0.0277443460291365
0,0.032041631147518
0,0.028999899148449
0,0.0081093832151066
0,0.0274873782124457
0,0.027594992734434
0,0.0108114769295376
0,0.0282592769766272
0,0.0194417784890338
0,0.0278632898743947
0,0.0274360640694669
0,0.0287708404871914
0,0.0283454456315926
0,0.0245001083789416
0,0.0182465257553107
0,0.0333696856816183
0,0.0283930746500226
0,0.0274145038884909
0,0.0049737991536062
0,0.469843235062014
0,0.0101700902804639
0,0.0902942808430024
0,0.0058722351505844
0,0.0274838927252506
0,0.0281895691390923
0,0.0178664062857021
0,0.0065112216868343
0,0.0074293307418236
0,0.0274778254871773
0,0.0275407135741939
0,0.0108120325663044
0,0.028392853558771
0,0.0288267563761833
0,0.0060480644893047
0,0.0278211788508675
0,0.0273867089058191
0,0.0057398609989295
0,0.025443520107062
0,0.0327498961035959
0,0.0292305820171466
0,0.0280183694344748
0,0.028561790246079
0,0.0274598576459059
0,0.0274473230699862
0,0.0273693087696235
0,0.0177576658366575
0,0.0280260781111103
0,0.0291995376763018
0,0.0032006459257588
0,0.0061554050711404
0,0.0294008492342122
0,0.0293017735089839
0,0.0198501966571251
0,0.0030126743921048
0,0.0198063843684107
0,0.0214394866543888
0,0.0293799645707697
0,0.0148880313445705
0,0.0294417004619681
0,0.0280545818251277
0,0.0158454207660067
0,0.0284587486234609
0,0.0291764691241558
0,0.0274106295087905
0,0.0275167637003885
0,0.027487252805047
0,0.0241819607568737
0,0.0282400823750063
0,0.0293503621395937
0,0.0281767683802471
0,0.0271644776775214
0,0.0286959338505376
0,0.0215678438800789
0,0.0280074814521628
0,0.0274590744029239
0,0.0274699385693346
0,0.0039455524260009
0,0.0063357377061702
0,0.0287315852168539
0,0.0290156266943773
0,0.0050289342031297
0,0.005361800864822
0,0.1105914163113152
0,0.0274613498890093
0,0.0293540741018886
0,0.0276826798546394
0,0.0294016472394804
0,0.0097080303708714
0,0.0291442049507033
0,0.0274068302192553
0,0.0266226960713302
0,0.0293738566258244
0,0.0199836585318646
0,0.0240456880698811
0,0.0295083392715042
0,0.0286613464876325
0,0.0258296244053503
0,0.0053302003343898
0,0.0295130033813382
0,0.0037515022038295
0,0.0292114765948443
0,0.0086502109316625
0,0.0277154088938956
0,0.0274130634240697
0,0.0186253939200882
0,0.0280374595384916
0,0.0289619115926571
0,0.029269479793636
0,0.003583381059069
0,0.0293579035844464
0,0.0171203686092415
0,0.0090029217812101
0,0.0274532278535544
0,0.0273958811837609
0,0.0043100901023539
0,0.0233485772711534
0,0.0274647013853812
0,0.0060502592848977
0,0.0293042524852876
0,0.0416839648009376
0,0.0059677405777629
0,0.0185900946134714
0,0.0293652069605058
0,0.0293713056738946
0,0.0034829282772433
0,0.0280967278686182
0,0.0257476001182643
0,0.0298104421969833
0,0.0291697104918105
0,0.0151816731590052
0,0.0158156317628209
0,0.0249872121073962
0,0.0259863941842217
0,0.0278712878791843
0,0.0303729217033903
0,0.1594939347243485
0,0.0290218916345246
0,0.027450052483579
0,0.0274808441204248
0,0.0831212666890729
0,0.0276065351328294
0,0.029239834999102
0,0.0437335352318932
0,0.0293527112040019
0,0.0282136384152263
0,0.0289899551010179
0,0.0281011995789908
0,0.0058292877688303
0,0.0287973927834771
0,0.0285717635753057
0,0.0293944000811962
0,0.0275879111538942
0,0.0216808511301298
0,0.0279249908450027
0,0.0293540553693504
0,0.0067305949853985
0,0.0288967407636701
0,0.0278861738436464
0,0.0082936948297838
0,0.027695338497388
0,0.0277448398954106
0,0.0287224802347384
0,0.0049138660188821
0,0.0278411668733142
0,0.0274570097450506
0,0.0280548307613848
0,0.0208126640627873
0,0.0291629154672279
0,0.0245406953136352
0,0.0294972478239871
0,0.9749483708369308
0,0.0030289318886776
0,0.7610638123523669
0,0.0276115612499067
0,0.0294113426968232
0,0.0090169547216176
0,0.0279726270364918
0,0.0233889840669449
0,0.0275739788867073
0,0.0279078084818513
0,0.0283177560982493
0,0.0206928649588256
0,0.0236373849228871
0,0.0190549968302048
0,0.0280921117264142
0,0.0055363990375915
0,0.0285253617280713
0,0.0279866360541253
0,0.0263379142323666
0,0.0290774420221633
0,0.0275185672988541
0,0.0282932387850751
0,0.0148840543666155
0,0.0274566276583562
0,0.0290074045194026
0,0.0286037238464961
0,0.0275849501953344
0,0.0202525848438156
0,0.0286137799481218
0,0.0211821251945607
0,0.0285193532677657
0,0.0289360258216632
0,0.0038600657140967
0,0.0039734696622524
0,0.0050893418345247
0,0.0274198180893129
0,0.0278805186496017
0,0.0068551427296109
0,0.3410573436717953
0,0.0287004843887721
0,0.0206124284158986
0,0.0276863041070549
0,0.0038589175648906
0,0.0280454672246001
0,0.0285762265651906
0,0.022420954969352
0,0.0295213655792302
0,0.0064096661645233
0,0.0067586549337012
0,0.0280646590211211
0,0.1170188277634418
0,0.0284962637954001
0,0.038426047154136
0,0.0289664338145915
0,0.0290478048310455
0,0.0282526280045168
0,0.021139838269137
0,0.028702716740351
0,0.0287550001872916
0,0.0080607176889438
0,0.0282734027605097
0,0.0104164413562514
0,0.0274449698941145
0,0.0274156319558864
0,0.006056004752806
0,0.0084769551067537
0,0.0061643330013795
0,0.0279920624179982
0,0.0288478383377344
0,0.0040092487502776
0,0.0278192386625941
0,0.0242759704393151
0,0.0188632217889297
0,0.0274254032230696
0,0.0275267281969007
0,0.0275030021110052
0,0.0285792784461859
0,0.0274108343027748
0,0.0148106452399384
0,0.0027107979775003
0,0.0291236221585508
0,0.0989858119683745
0,0.0220427594755895
0,0.0151082088541949
0,0.0288450603165795
0,0.0124096928141924
0,0.0047997932041494
0,0.0274332813655963
0,0.0274289857865143
0,0.0096653936344061
0,0.0207964307213766
0,0.0274065571422262
0,0.0283130658065711
0,0.0291501233864734
0,0.0286806834662658
0,0.0278905888026015
0,0.0149345911489676
0,0.0278562353734169
0,0.0994235064731464
0,0.0282929355767372
0,0.0275536077277188
0,0.0275287212509699
0,0.0283679088920905
0,0.0283580313677955
0,0.0278607647548261
0,0.0204367030559643
0,0.0031377465468767
0,0.0069861796853741
0,0.0218442831079026
0,0.0274700177209165
0,0.0292990839079255
0,0.0274163437189983
0,0.0067575611768452
0,0.0274553868137718
0,0.0197900717618256
0,0.0274528064028256
0,0.0288167726791806
0,0.0283054322815569
0,0.0285131736279112
0,0.0145858806445006
0,0.0116661291748892
0,0.0734852233336006
0,0.4718313756264875
0,0.0127002538500549
0,0.0247810395179917
0,0.0053125105147517
0,0.0120726402890278
0,0.0032408532299347
0,0.0278672223323569
0,0.0280465401692109
0,0.0119936932830571
0,0.0039254921134024
0,0.0256923204339725
0,0.027592965048519
0,0.0287607312681156
0,0.0293536665358724
0,0.0258760638340935
0,0.0294040870111418
0,0.008249538044049
0,0.0234158602483532
0,0.0281856579037097
0,0.0287285575722029
0,0.0280505506099071
0,0.0277565472077232
0,0.00678151124365
0,0.0274280527450567
0,0.0131038325078903
0,0.0278118446769121
0,0.0264065230966597
0,0.0276308292007644
0,0.009592181379916
0,0.0626541260397984
0,0.0295352143830634
0,0.0286190655323191
0,0.0237140375537936
0,0.0275056993907832
0,0.0275050493040521
0,0.0291829319317167
0,0.0167171423526308
0,0.0284825257509665
0,0.0274141092692102
0,0.0286523208254105
0,0.029386826389689
0,0.027875546867728
0,0.0485129906125434
0,0.028080030231427
0,0.0279938114109101
0,0.0052137275201298
0,0.0145768207660469
0,0.0291245439117574
0,0.0279065429215474
0,0.0078546187087898
0,0.0114216608519791
0,0.0051925073307264
0,0.0268483133984014
0,0.0043668081798866
0,0.028364454531232
0,0.029450181863867
0,0.086305040530253
0,0.0292244077032563
0,0.0280987914487705
0,0.0279613551492333
0,0.0276980267065377
0,0.0234408046522356
0,0.0276401536311497
0,0.0325468861733019
0,0.0274024249092438
0,0.0051715332699758
0,0.0285660211006613
0,0.0287301461972322
0,0.0274149473950879
0,0.0286516894771557
0,0.0277109994536669
0,0.0290035722946224
0,0.024059294174527
0,0.0036742352730668
0,0.0274797494084644
0,0.0287659809374685
0,0.0234512796610114
0,0.006490720208618
0,0.0052528919511859
0,0.0208770366612472
0,0.0284099330772183
0,0.029229155530149
0,0.0266504938736805
0,0.0274567424866043
0,0.0293993797676834
0,0.0169835265632422
0,0.029401720746428
0,0.0279732504546825
0,0.02824488494891
0,0.0973002433471748
0,0.0289562104294327
0,0.0070050127813771
0,0.0168198545277627
0,0.0060630739776047
0,0.0294690993928485
0,0.0286111781306584
0,0.0274500837638081
0,0.0274877377859428
0,0.0081323500870675
0,0.028958041464595
0,0.0173754797835065
0,0.0162091742770879
0,0.0275295877639263
0,0.0260326350212764
0,0.0212600677217111
0,0.0284559051376208
0,0.028528756787182
0,0.0028253547931769
0,0.0265116619449839
0,0.0276164826555558
0,0.0282726731940164
0,0.0070613815867609
0,0.017866081552725
0,0.0053217784236779
0,0.0274350782920206
0,0.0274340562863263
0,0.0277045548852738
0,0.0287338430362208
0,0.0279487480943929
0,0.028881922774632
0,0.0163663878030588
0,0.0056537848228695
0,0.027991219026709
0,0.0292739537300453
0,0.0231506313910466
0,0.0019435192721592
0,0.0279765199253892
0,0.0288810929932365
0,0.0275335272700489
0,0.0294493355407688
0,0.0227188215703214
0,0.0251916964783374
0,0.0154616513882299
0,0.0195732362670868
0,0.0293997283392587
0,0.201798167306519
0,0.0037612319231631
0,0.0277417104755768
0,0.0274073128938288
0,0.0276156189594377
0,0.0274981206380794
0,0.0259175679833344
0,0.0293466480930861
0,0.0272216235616724
0,0.0275842255101903
0,0.0082906635224147
0,0.0281510026577243
0,0.0283244842241672
0,0.0275340981093681
0,0.0283378327248984
0,0.0285937469986861
0,0.0279554610725127
0,0.0274424498603343
0,0.0289929578431237
0,0.0079288766466082
0,0.0283683368895815
0,0.0284065304719675
0,0.0086634497919056
0,0.0274065251199285
0,0.0281578616502856
0,0.0274466855354573
0,0.0341044556965887
0,0.0234232691728898
0,0.0278682834160571
0,0.0085466860979305
0,0.0290185877090351
0,0.0665094393303185
0,0.0276301174341316
0,0.0244710067567517
0,0.0279900741214507
0,0.0130176049824734
0,0.1571710737086037
0,0.0256395193552386
0,0.0233825255868969
0,0.0276314858555914
0,0.0285261254810699
0,0.2646665891521091
0,0.0608671914693492
0,0.0205146701772297
0,0.0276421570459842
0,0.0273904990876597
0,0.0073455445805271
0,0.0265422812902974
0,0.0121036809552232
0,0.0290618554116815
0,0.0232993525809718
0,0.0282666214528962
0,0.0282079155012773
0,0.009653193777503
0,0.0292426607906361
0,0.0286648989432959
0,0.0281152527433613
0,0.0043817512230054
0,0.029170018511635
0,0.0286813177747805
0,0.0076584372203845
0,0.0059160095443728
0,0.0233374553558004
0,0.0061247137149301
0,0.0252301660690542
0,0.0280244777066623
0,0.0278333028191114
0,0.0279336634829435
0,0.0282023957146539
0,0.0472599015116988
0,0.0053808898071082
0,0.0028244224884848
0,0.0113692765741202
0,0.0284799536343967
0,0.0036274278341368
0,0.0213659743701287
0,0.0292017426420175
0,0.0289231580885491
0,0.0287962710440713
0,0.0290309657160222
0,0.011944989388364
0,0.0075315712357445
0,0.0088196141716462
0,0.0056616170121902
0,0.0275933348163265
0,0.0048995055568345
0,0.0853302233800019
0,0.0051924804233431
0,0.6597191533461647
0,0.028591723796433
0,0.0288583545789519
0,0.0109620486590394
0,0.0277708576309721
0,0.0065130904188464
0,0.0288506883865629
0,0.0043618806637268
0,0.0293786179140246
0,0.0060297805424323
0,0.0276156189594377
0,0.0236331146849487
0,0.0277903502157631
0,0.0425072529774339
0,0.0198523209530812
0,0.0282526280045168
0,0.0293887923917575
0,0.029024699758932
0,0.5230235248995297
0,0.0064928498856299
0,0.0270500043329915
0,0.0294981037591986
0,0.0266322927000505
0,0.002395838226298
0,0.0282034720142304
0,0.1504875815546969
0,0.0293823491220263
0,0.0065482653515026
0,0.0257837919385181
0,0.0281945257241303
0,0.0274713948849056
0,0.0294049804766513
0,0.0138289092782415
0,0.0252159348906421
0,0.0272731743934874
0,0.0273842245511173
0,0.0060074262651872
0,0.0030311476780881
0,0.0274098212496682
0,0.0274917207557821
0,0.0185014383320346
0,0.0064034837293891
0,0.0233607710518928
0,0.0158446280615994
0,0.037403573196933
0,0.0290018708868769
0,0.010668283161882
0,0.0234786857901584
0,0.0275706339062112
0,0.028080030231427
0,0.0121623707013117
0,0.0259488490418628
0,0.0276255986403236
0,0.0436892848550312
0,0.0073785627786077
0,0.0280405562165061
0,0.0284392028275478
0,0.0196309720516576
0,0.0275081578576938
0,0.0277196648073177
0,0.0065165771185477
0,0.0275394184912559
0,0.0224223386040774
0,0.0266343918372242
0,0.0229119329852886
0,0.0274148717027848
0,0.0213828173152977
0,0.0281990417964378
0,0.0293512889032248
0,0.0292269137341521
0,0.0290234367218801
0,0.0275019678496677
0,0.0274177216828564
0,0.0275236961673121
0,0.0153005854595925
0,0.0283129709914538
0,0.0281105496339344
0,0.0049701991741887
0,0.0277181893417644
0,0.0175379338922975
0,0.0126864018719615
0,0.0282119732246806
0,0.0277384008752709
0,0.0273909721181253
0,0.0281783911113591
0,0.0274091267211223
0,0.0253404918140697
0,0.0289267940416478
0,0.026061837965898
0,0.0275052741669796
0,0.0287633855046993
0,0.0277911046336492
0,0.0052428906060232
0,0.0185631026965248
0,0.0067698950445331
0,0.0305214487641206
0,0.0269133971942319
0,0.0280580595831263
0,0.027411761080658
0,0.0049827686783425
0,0.027410304078559
0,0.0294402593260977
0,0.0289007081691448
0,0.0197218579396371
0,0.0292189676995285
0,0.0109872866219077
0,0.00336726238307
0,0.0275330663031645
0,0.0293571809497433
0,0.0109446330293431
0,0.0042363951457075
0,0.0256659383913483
0,0.0269554213042336
0,0.0065513416802327
0,0.0290320871291602
0,0.0274449074201151
0,0.0260825857035653
0,0.0421259882546892
0,0.0284570286408884
0,0.0274623513281313
0,0.0340873180045359
0,0.0208384947926705
0,0.0274323528598499
0,0.0291259332149762
0,0.0278656837459565
0,0.0274376866297211
0,0.0233040466852523
0,0.0288665900783309
0,0.0062975058992523
0,0.0071538594760566
0,0.0275341684218972
0,0.0118800218516279
0,0.0169099225967459
0,0.0172219547749115
0,0.02771832452159
0,0.0278153923848866
0,0.0286082766304045
0,0.0279355610139132
0,0.0277744607067506
0,0.0120848576256353
0,0.0287678856127375
0,0.0284118332242699
0,0.0274083397627575
0,0.0279114793237338
0,0.0284055971199112
0,0.0292584606969161
0,0.0279129854098893
0,0.0275006955546302
0,0.0293183833953625
0,0.02760859536976
0,0.0274081258110312
0,0.0799632496654947
0,0.0216352159522395
0,0.0177807087761629
0,0.0274593401049842
0,0.0280166361803928
0,0.0285746447845444
0,0.0290871740341729
0,0.0124902704059085
0,0.0281422878034527
0,0.0112538680573097
0,0.0294292753038675
0,0.0278909917897301
0,0.0288721861582579
0,0.0147280843955502
0,0.027832384922888
0,0.0294039227648965
0,0.0136306317996693
0,0.0291448667297914
0,0.027414335675294
0,0.0256596775832241
0,0.0275096903989219
0,0.0276040115949899
0,0.0237484733802382
0,0.0279030535809435
0,0.0276632553405549
0,0.0492220975021973
0,0.0274194716720859
0,0.0236461454146196
0,0.0291632121048455
0,0.0035507915812644
0,0.040692732874855
0,0.0194267748831386
0,0.0290068111395286
0,0.0060784168384116
0,0.0276730108807332
0,0.0124903321879871
0,0.0142485829565025
0,0.0070614059141684
0,0.0280332207963689
0,0.0275348659335866
0,0.0276865471997217
0,0.0030943310272163
0,0.0878819878807697
0,0.0218255279318125
0,0.0274275427081877
0,0.0282419186615433
0,0.0272409181644227
0,0.0271954341916692
0,0.0288813355183076
0,0.0048518359418574
0,0.0280437223012388
0,0.0070339450152658
0,0.029289783665379
0,0.0295159380178289
0,0.0126806563574211
0,0.0051434332101729
0,0.0082594837244243
0,0.049684406603067
0,0.0289385745202016
0,0.02760859536976
0,0.005922109339901
0,0.0364253579134879
0,0.0247232413917403
0,0.2163015494668331
0,0.0287226530099702
0,0.0060765990445216
0,0.0121759032598992
0,0.0289374280422763
0,0.0280475510340126
0,0.0292134129086264
0,0.026855846529529
0,0.0278683292131146
0,0.0295940217494544
0,0.0291120298639789
0,0.0278124975168007
0,0.0248551572325478
0,0.0291917043206901
0,0.0292614067226514
0,0.0274796232280988
0,0.3449969981008251
0,0.0124673737707363
0,0.0293370281670503
0,0.0284916976597581
0,0.0246188357510328
0,0.028289451160554
0,0.0295331778981147
0,0.0275554223208006
0,0.0279108121790403
0,0.0280977254438531
0,0.0276534967132901
0,0.0274280377464464
0,0.0163637457334238
0,0.0291056829288817
0,0.0293095564830808
0,0.0278690684489762
0,0.0286766603702566
0,0.0042345184784083
0,0.0292268424850121
0,0.0277512908722746
0,0.0284460047796419
0,0.027491878789776
0,0.0284552518941144
0,0.02756458408236
0,0.0287115706786702
0,0.0275129456291352
0,0.0746082787753291
0,0.0037619204045296
0,0.0203296843505207
0,0.0290028108465947
0,0.0585555675647344
0,0.0071979814670475
0,0.005653642277828
0,0.0044696006550185
0,0.0293868429667484
0,0.0276534888697971
0,0.0036533259969208
0,0.0148499593885416
0,0.0295184664648596
0,0.0282565160815282
0,0.0280695503487602
0,0.0279574707032802
0,0.0294409380230545
0,0.0188614690677242
0,0.0250485297744444
0,0.0028672023172108
0,0.0290748838545702
0,0.0087054257510093
0,0.0283559050732909
0,0.0279707284916314
0,0.0089051509078433
0,0.0280677957954303
0,0.0283135202709142
0,0.0275295080749167
0,0.0274774484415172
0,0.0199836585318646
0,0.0043438651905468
0,0.004612398560711
0,0.0790167259381699
0,0.0292143336590364
0,0.0281850763116965
0,0.159761675114986
0,0.0053089050601633
0,0.0284114095382048
0,0.0097781932273439
0,0.0063107200317799
0,0.028120084510213
0,0.0276718661355785
0,0.0261175863528401
0,0.0171819003650977
0,0.0248419212018701
0,0.0275533872167143
0,0.0276412208459404
0,0.0036623975905061
0,0.0235440282983979
0,0.0276505727634159
0,0.0188455003218685
0,0.0033000552094893
0,0.0242565938212024
0,0.0119936932830571
0,0.0274891532375975
0,0.0288692276357968
0,0.0285980486248933
0,0.0294716844970868
0,0.0295486864254026
0,0.0044819693093626
0,0.0159027188966022
0,0.027428612721956
0,0.0248054987150944
0,0.0628368323904189
0,0.0628242503955148
0,0.0276766827886136
0,0.0875055212073315
0,0.0193378924180125
0,0.0214507375924438
0,0.0292155368433804
0,0.0270106558820527
0,0.0274276464476701
0,0.0288327363083698
0,0.0276851636047399
0,0.0249110075634159
0,0.0237302695933316
0,0.0277305784906809
0,0.0674823399320687
0,0.1159060916051973
0,0.0280819570614227
0,0.0145312680374691
0,0.0274053989429049
0,0.4303194846869564
0,0.0286842767077097
0,0.021721622072268
0,0.0190822639634083
0,0.0141989243675063
0,0.0275455448119795
0,0.0278166164658254
0,0.0042214655150574
0,0.0281091982936044
0,0.0490106401367577
0,0.0274914521702579
0,0.0274106737217358
0,0.0123032800829098
0,0.0279151768292863
0,0.0286153541843916
0,0.0082374700900218
0,0.0283451699637669
0,0.0080137863924584
0,0.0130724191610447
0,0.0274162673869009
0,0.0099786826183968
0,0.0278436504696903
0,0.0212382216241417
0,0.029266896981243
0,0.029177960931556
0,0.0292624309851147
0,0.0291874385756736
0,0.0069894087610053
0,0.0293485855292319
0,0.0293908965700678
0,0.0063858133105694
0,0.0291301928415292
0,0.028392191173808
0,0.0275194059325188
0,0.161942174829136
0,0.0008735098964222
0,0.0196536345183146
0,0.0281715450469579
0,0.0275669382474063
0,0.0280445127649534
0,0.102938906699936
0,0.0282385558722255
0,0.0285641724281705
0,0.0199859072856215
0,0.0240753235234866
0,0.0291939812038287
0,0.0474468753799372
0,0.0274154682541525
0,0.0055520351584402
0,0.0286045519542405
0,0.0063425788434532
0,0.0091088824394601
0,0.0337833713369841
0,0.0281558773408529
0,0.0293965629496295
0,0.027436425390113
0,0.0274452201190905
0,0.029382218389104
0,0.0270134454419514
0,0.0274575995502813
0,0.0077260664367477
0,0.0277734825717299
0,0.004635621006623
0,0.0276305183914245
0,0.0281658765269533
0,0.0226505658360155
0,0.0289744626117299
0,0.0862857452086862
0,0.0263439419319424
0,0.0292973762422529
0,0.0279059221602242
0,0.0288559288342502
0,0.0057287300317597
0,0.0336749201474413
0,0.0031670953868336
0,0.0283028250285267
0,0.0289632596663816
0,0.0275413604293783
0,0.0064086608353425
0,0.0274771893044381
0,0.0290705206325955
0,0.0121268948058659
0,0.0289236204391301
0,0.0275240190921587
0,0.0083320401054872
0,0.0274669689992362
0,0.0053138941167284
0,0.0274564689635731
0,0.0276502840569581
0,0.0043246339865208
0,0.0372309015615248
0,0.0274245108950519
0,0.0280646296803784
0,0.0239338495315006
0,0.0533601453952551
0,0.0414947417916014
0,0.0389679243691981
0,0.03271756735948
0,0.0276344949784381
0,0.0269177532756074
0,0.0278204837866534
0,0.0286820794455339
0,0.0107447844023762
0,0.0278119882336206
0,0.0042935093666209
0,0.0040538070436902
0,0.027410955450848
0,0.0220059933984533
0,0.004470921999182
0,0.0292299235314245
0,0.0085920266763827
0,0.0283984551939795
0,0.0049322927830102
0,0.0291944874233257
0,0.0282270693643879
0,0.0282937819476305
0,0.0254901095456718
0,0.0280425601085695
0,0.0049476922415888
0,0.0274394427689828
0,0.2779852075924016
0,0.0068807764532026
0,0.0279138090247674
0,0.0282046708447691
0,0.027784972057218
0,0.0281156398765939
0,0.0156570672221949
0,0.0290338142049606
0,0.0234476397802189
0,0.0292842338270009
0,0.0283500638122295
0,0.0284867087724023
0,0.0229492692370792
0,0.0274039779617959
0,0.0041227891785032
0,0.0121365898163748
0,0.0275444570988759
0,0.0273973255942108
0,0.0289060320711063
0,0.0046690182578431
0,0.0242489494589846
0,0.0154102426685772
0,0.0274203748486841
0,0.026693710101769
0,0.010736132341791
0,0.0289337587873745
0,0.0276169159838237
0,0.0293667124767978
0,0.003409397632961
0,0.0050790941854952
0,0.0290876594273293
0,0.0280318790004926
0,0.027264147922403
0,0.0045908020808027
0,0.0262485844281321
0,0.0198289881040901
0,0.0277039386817832
0,0.0275697788222711
0,0.0246873505212783
0,0.0703640572104464
0,0.0039009625763648
0,0.0053968700800808
0,0.0056751644155214
0,0.0278584745486442
0,0.0275450956120979
0,0.0275077069783906
0,0.0274106653590773
0,0.0327511514500646
0,0.0279441494037747
0,0.0294474069895747
0,0.0240231187053435
0,0.0288389825620383
0,0.0288924203306959
0,0.0052733221566718
0,0.0126089602911562
0,0.028035861274407
0,0.0275352892083915
0,0.0032983965760564
0,0.029361411705787
0,0.1918745697064983
0,0.028553740339614
0,0.0282335533917041
0,0.0278742811292546
0,0.0200010959735707
0,0.026005596315221
0,0.0277284700042573
0,0.0277553531368024
0,0.0408480616185511
0,0.0046356277906313
0,0.005419029393236
0,0.0284046244378485
0,0.0233619064309626
0,0.0291977108398091
0,0.0275083583792193
0,0.0027412819198058
0,0.0274402849601076
0,0.0285422353117631
0,0.0102577279919614
0,0.0268098895895595
0,0.029399261343087
0,0.0274503534044785
0,0.0043997862539348
0,0.0284146768891618
0,0.029046433122708
0,0.0425284894375493
0,0.0046462989428507
0,0.0294014170553338
0,0.0217871002570398
0,0.0883522645398995
0,0.0277209440129175
0,0.0294021281895737
0,0.0289188423047701
0,0.026900533176941
0,0.0275568473877636
0,0.0274822561005397
0,0.027625868832785
0,0.0281259718711838
0,0.0289210538400544
0,0.0278088926534636
0,0.9936779524170464
0,0.0274516657901714
0,0.0275877497170886
0,0.0279960626729098
0,0.0286401308683471
0,0.0635795489672351
0,0.2430855458118712
0,0.0367257090362921
0,0.0277670713209169
0,0.0042933279597068
0,0.0292946997489784
0,0.0575925531013444
0,0.0274271329745183
0,0.004160692004268
0,0.0284442741455862
0,0.0106060852740758
0,0.0177276350670656
0,0.0275636294316243
0,0.0234946443208414
0,0.0241088252691564
0,0.0245201619602464
0,0.0281046887075612
0,0.0282815261350587
0,0.0248668773246104
0,0.0243473089887509
0,0.0104178693007588
0,0.0292670143754026
0,0.0276476687186362
0,0.0134989630505072
0,0.0274286952100642
0,0.0193531859301797
0,0.6230358456593214
0,0.0292169615372545
0,0.0117376017901673
0,0.027456322022486
0,0.035681566270366
0,0.0274102044644481
0,0.0040671033215387
0,0.0289710030576543
0,0.0103507806754077
0,0.0292141945337412
0,0.0274310401329198
0,0.0292427620782575
0,0.0346002424661511
0,0.0071264042562701
0,0.008009186462746
0,0.024989226714015
0,0.0289382652701561
0,0.0279308934479541
0,0.0279314608668327
0,0.0286535593788359
0,0.017133308899162
0,0.0274262036274306
0,0.028664063694577
0,0.0190285262495108
0,0.0280044457808672
0,0.0079288766466082
0,0.029299033291014
0,0.0240492856940273
0,0.0145975359549866
0,0.0074250586296199
0,0.0076713526948373
0,0.0271123944778104
0,0.1300056303756178
0,0.0290754096670696
0,0.0276352936354497
0,0.0282636788619688
0,0.0222409639919029
0,0.0158361978086063
0,0.0274767602221313
0,0.0281330300394541
0,0.011780370106496
0,0.2987974176705599
0,0.0107510733916446
0,0.0276114202548651
0,0.0284099042738698
0,0.0280779842889885
0,0.0274367708344536
0,0.0284432447509188
0,0.0274134967694665
0,0.0281387159899166
0,0.0275109866929906
0,0.0337154146517466
0,0.0275678785819133
0,0.0053614074088807
0,0.0293924459328356
0,0.02749382727986
0,0.0285311899367555
0,0.0274717237740651
0,0.0243102539020981
0,0.0286688514090204
0,0.0293792218174879
0,0.5617980836863964
0,0.0274677737667294
0,0.0183893569310612
0,0.0123333958716473
0,0.0278995536660368
0,0.0316306693590252
0,0.0099109914654444
0,0.0473472830794421
0,0.0153461763595351
0,0.0043532863614783
0,0.0277783703406032
0,0.0294032521094163
0,0.0283255085220587
0,0.0280142314748846
0,0.0700306122051838
0,0.0275217769005891
0,0.0291036499658017
0,0.0247583400228801
0,0.0181942667113338
0,0.028013824728196
0,0.0036815535998821
0,0.0223413765869836
0,0.0291735462075214
0,0.028216616124604
0,0.0275343120708985
0,0.0046315754454859
0,0.028523980894573
0,0.0279469481958199
0,0.0081349229961936
0,0.0279280701386036
0,0.0031516651269484
0,0.0276897366378668
0,0.0279847784201805
0,0.0268713098849829
0,0.0292581488423212
0,0.028874050398325
0,0.0289344249290987
0,0.0058384188620846
0,0.0290015984663812
0,0.0289883404016935
0,0.0048249194247672
0,0.027739390300458
0,0.0277119349124899
0,0.0066037495517228
0,0.0209427348342352
0,0.0247418026480006
0,0.0257113941294952
0,0.0288885841115783
0,0.0288581742290034
0,0.024849642554992
0,0.0221091737963212
0,0.0174990041198861
0,0.1873918592225405
0,0.1228573211680294
0,0.0290305951331779
0,0.0238119501043957
0,0.0289800560694108
0,0.0286857990559217
0,0.0277055442167918
0,0.0283565686270371
0,0.0147117114446884
0,0.0277073590764603
0,0.0290276334057569
0,0.0291748248529672
0,0.028629682491091
0,0.0276883926738822
0,0.0294654158584807
0,0.0283869056794042
0,0.0165364860558646
0,0.0274537521011246
0,0.0166073770565861
0,0.0293975342743807
0,0.0277651900401256
0,0.0397682186933799
0,0.0633522854075681
0,0.0125935168137131
0,0.0059550534995097
0,0.0091057618774845
0,0.0284903982576168
0,0.0058007844523341
0,0.0292035039045029
0,0.003670311310488
0,0.0046358871474072
0,0.0054878495803021
0,0.0258418489192588
0,0.0089968964407661
0,0.0285042884994102
0,0.0275143285997127
0,0.0294597449961972
0,0.0246356693202009
0,0.0061711408349338
0,0.0274779386071069
0,0.0234167945685804
0,0.0285544367332276
0,0.0294355432503411
0,0.0353994833156593
0,0.0279990741031775
0,0.022369476812686
0,0.0132120803914356
0,0.0061940821902029
0,0.0636895707012075
0,0.0036810811795793
0,0.0052479616487678
0,0.0283621074124542
0,0.027416928890151
0,0.0025072616993382
0,0.2077573065351109
0,0.0099256375013392
0,0.0274834090673246
0,0.0049518277250648
0,0.0059062775126637
0,0.0287942767007733
0,0.0290962375858079
0,0.0278093230901928
0,0.027847020365785
0,0.0278155987759198
0,0.0049893724609997
0,0.0275375461521641
0,0.008990805991374
0,0.0052452416953745
0,0.0285303916181497
0,0.0391782146794187
0,0.0278143398272571
0,0.0292946251712954
0,0.0280233969535141
0,0.0063390991762098
0,0.0141514040939753
0,0.0295181337142669
0,0.0275741898842855
0,0.0278370655098461
0,0.0210121403211293
0,0.0282011932404797
0,0.0043222289341293
0,0.0279255221376476
0,0.0274061776339034
0,0.0112548777675682
0,0.0192002608382858
0,0.0274039552394712
0,0.0275604346754582
0,0.0277128289233971
0,0.0277882255750717
0,0.2904895755421273
0,0.0170520298413204
0,0.0284966641793918
0,0.0292576844424145
0,0.005492409715346
0,0.0233392346878884
0,0.0044583407765311
0,0.0288736928882129
0,0.029468642931761
0,0.0453489446190086
0,0.1440841917954481
0,0.027723166117925
0,0.0294274109972983
0,0.0104110765985978
0,0.028215174679445
0,0.029386819098731
0,0.0291154422058858
0,0.011243627530333
0,0.0292375170993866
0,0.0095097273298098
0,0.0284203707339659
0,0.0150997327694681
0,0.0260028757250107
0,0.0288855075696149
0,0.0181097262537388
0,0.028484123626655
0,0.0288130019073526
0,0.0278558166275287
0,0.0282222458030329
0,0.0114915021085876
0,0.0275839636792075
0,0.0257686029876352
0,0.0183832169403235
0,0.0283006583282709
0,0.0279180672893912
0,0.0290746712112898
0,0.0303096924964052
0,0.0236830880495242
0,0.0274106295087905
0,0.0277955505692457
0,0.0289280514826042
0,0.0551556510214449
0,0.0167285796101144
0,0.0173396711141795
0,0.0238842247798262
0,0.027425364228783
0,0.0264039000242692
0,0.005370784063815
0,0.0294834605498469
0,0.0274195359245219
0,0.028410463302506
0,0.0292168203472485
0,0.0092265284196475
0,0.0305197525470632
0,0.0090434561588528
0,0.0293527343599588
0,0.0271763545893686
0,0.0283549488347856
0,0.011884807045682
0,0.0213292157610693
0,0.0110363134157693
0,0.0206330085911777
0,0.0044083934756666
0,0.028681679226134
0,0.0279227770175866
0,0.0166145328981749
0,0.0294452953364371
0,0.0198821706901922
0,0.0284635454622798
0,0.027774079929055
0,0.0090975620145696
0,0.0040437066396114
0,0.005656578092913
0,0.0287663710761393
0,0.0279588012362549
0,0.0279010972222823
0,0.0274564942353614
0,0.0292273337478115
0,0.0279247420377797
0,0.0068166874013619
0,0.0280185452188881
0,0.0286462436247137
0,0.0274327503947104
0,0.0274166808124454
0,0.0288692964082661
0,0.0292324231560408
0,0.0288786310422611
0,0.0290203139314034
0,0.0290031082408906
0,0.0273933865466675
0,0.0103157790033537
0,0.0414124908134532
0,0.0046536159204543
0,0.0289545613649679
0,0.027572279550846
0,0.027459589723649
0,0.1162217872331838
0,0.0040469627716502
0,0.0144378008625487
0,0.0268020416139904
0,0.0187356975957969
0,0.0291652861821515
0,0.004366131357567
0,0.0635452157509951
0,0.0287769965685275
0,0.0287559623506229
0,0.0540381570400349
0,0.0278692463129996
0,0.0294299142780348
0,0.0087731798444453
0,0.021956578492452
0,0.0214602533019421
0,0.031250599772673
0,0.0276169159838237
0,0.0268806076470944
0,0.0276224699496147
0,0.0267608810240167
0,0.028077200225465
0,0.0047063316475531
0,0.0292428016511924
0,0.0250878746356355
0,0.0336104849068639
0,0.0037591991949819
0,0.0277718442364154
0,0.0283799977943594
0,0.0028665781208748
0,0.0054294753353714
0,0.0126286777663393
0,0.0229983140961176
0,0.0284510454911342
0,0.0251357063060983
0,0.0285116485610213
0,0.1051932403299204
0,0.0274673333160321
0,0.0278459142949103
0,0.0075742088860509
0,0.0289466022289169
0,0.0288862946907886
0,0.0214076122936002
0,0.0119685127916887
0,0.0284282676725448
0,0.0008781787081969
0,0.0177229425990616
0,0.0170216006966039
0,0.0279099583291669
0,0.0300893721236656
0,0.0094518066077513
0,0.0281453810030513
0,0.0283332444129617
0,0.1433905683863958
0,0.0027481734857328
0,0.0277132556383775
0,0.0281783911113591
0,0.0280045567965946
0,0.0283838888872453
0,0.1076334971378449
0,0.0287660148579042
0,0.0274111271850728
0,0.0282324448890085
0,0.0051148991134052
0,0.0277667472635179
0,0.0158239848285516
0,0.0286599315876998
0,0.4287343517182057
0,0.6080692687536146
0,0.0281375234731914
0,0.028653711522291
0,0.036689380890771
0,0.0283841840451518
0,0.0255462628348727
0,0.0030611410207738
0,0.0256465666889219
0,0.0284707298417381
0,0.0293999007575873
0,0.0291030206863831
0,0.0295483848947608
0,0.027938217345594
0,0.0274650654602097
0,0.0292104514543351
0,0.0286479658175588
0,0.0287683458283183
0,0.0285686363287712
0,0.0274558142382592
0,0.0274078474618877
0,0.0292267542187805
0,0.0285872711348394
0,0.027412912883696
0,0.0195909211455493
0,0.0294963498603797
0,0.0281268240900794
0,0.0277963211393036
0,0.0280365752815834
0,0.0276698807842415
0,0.0274154682541525
0,0.0326206887616171
0,0.0281961717052341
0,0.0027856352444898
0,0.5785713751787561
0,0.0280396154619297
0,0.0230523319447483
0,0.0107166417513499
0,0.0293822444504434
0,0.0279281478816117
0,0.0039616617249054
0,0.0275732838997237
0,0.0289102677898227
0,0.0280882947706711
0,0.0274264299240847
0,0.0292118058066784
0,0.0038389877581163
0,0.0271198676663587
0,0.0270410264489061
0,0.0275251499626664
0,0.0659520643268833
0,0.0293271292537941
0,0.0821441125730888
0,0.005843919076796
0,0.0148553844219368
0,0.0281832854456217
0,0.2044799400265144
0,0.004234887835834
0,0.0288722994648857
0,0.0280767126903121
0,0.0277614032413974
0,0.0058006283041693
0,0.028772143845993
0,0.00612464831474
0,0.5241310291078366
0,0.0084024346413444
0,0.0281939388301451
0,0.0180253932940521
0,0.029293607788843
0,0.0279270987256879
0,0.0292447958957993
0,0.0290997663484397
0,0.0288110740367391
0,0.0287060569988176
0,0.155066838871514
0,0.0274680831063621
0,0.0137627240478617
0,0.0379817681221432
0,0.028792023447347
0,0.0783352411241172
0,0.0050926865746882
0,0.0276143623622637
0,0.0227263301984234
0,0.004335193969885
0,0.0282829756067986
0,0.0288058921317312
0,0.0279787348315483
0,0.0272109895162717
0,0.0274252919597681
0,0.0087619996860086
0,0.011304988035441
0,0.0090844064817465
0,0.0037833524128983
0,0.0060234162120557
0,0.1073852118066176
0,0.0274249250417194
0,0.2472049700658411
0,0.0068788780911721
0,0.0286445518792058
0,0.6644445340702319
0,0.0088882811715021
0,0.0278346198873807
0,0.0048400479201966
0,0.026872306836399
0,0.0276511546770841
0,0.0266190335076173
0,0.016966679635023
0,0.9214115372088264
0,0.0316215679011881
0,0.0234658961884475
0,0.0275519088729466
0,0.0275167558370687
0,0.0452749952432882
0,0.0320925814549685
0,0.0295479665572644
0,0.0278291122267829
0,0.0294288751078155
0,0.0201206819960967
0,0.0275092187555814
0,0.0274659891455666
0,0.0202106561590645
0,0.0291482446097903
0,0.0289300572328511
0,0.0327243637539179
0,0.0283757831581994
0,0.0278360005702884
0,0.029493139158395
0,0.0583248622376548
0,0.0202475933682519
0,0.0276780192533243
0,0.022849708075326
0,0.0234439837112997
0,0.0039103836181178
0,0.0274437282067376
0,0.0162471432281901
0,0.0101849357477468
0,0.0037361713662608
0,0.0027359006913252
0,0.0287273619075603
0,0.0243319046413422
0,0.4684484534339017
0,0.0274206161635349
0,0.0284247462450055
0,0.0288792743491536
0,0.0290869285264556
0,0.0274950866616238
0,0.0279190079114898
0,0.0190342182935847
0,0.02781902964162
0,0.0289854984206979
0,0.0293505233698833
0,0.0078416734753171
0,0.0278563351800795
0,0.0060810089885824
0,0.0293058779000249
0,0.0279781080623417
0,0.0151725869700014
0,0.0277402919353112
0,0.027409689533191
0,0.0274446185137126
0,0.0888846147617058
0,0.107618629513294
0,0.0277168728645561
0,0.0056394007385654
0,0.0041189244672395
0,0.0289653917598914
0,0.027681852982673
0,0.018712165640022
0,0.0281661044617456
0,0.0288700849796562
0,0.0279227770175866
0,0.0180303601060561
0,0.0281699859084341
0,0.0209322156406652
0,0.0274202513512562
0,0.0294138939090232
0,0.0281704079503268
0,0.0274272675898254
0,0.0042965764451105
0,0.012482021070677
0,0.0276306636332296
0,0.0274145969166931
0,0.0274287207635917
0,0.0274865804527496
0,0.0237961495777053
0,0.0049362361671966
0,0.0278675646450206
0,0.0287991066855644
0,0.0276978784146805
0,0.0044606422175191
0,0.6203052791854671
0,0.0291862967120374
0,0.0275278587513878
0,0.0284815248525737
0,0.0403395736334367
0,0.0291118734257009
0,0.0279515915480447
0,0.0283167266885128
0,0.0038317888405344
0,0.0291909845093761
0,0.0278437512666171
0,0.0040007353846116
0,0.0287833438936808
0,0.019935210325155
0,0.027460160062037
0,0.0287756301294273
0,0.0059963927010233
0,0.027556552331927
0,0.0055848201843787
0,0.0280098632324584
0,0.0290376975875979
0,0.0176483235646157
0,0.0057945076216075
0,0.0052568469134697
0,0.0103699665244947
0,0.0043749162463893
0,0.0275794102592262
0,0.0291627323713059
0,0.0137903176227047
0,0.0274796952410569
0,0.0279400457132623
0,0.0271000084915252
0,0.1803979213824836
0,0.0279419364361107
0,0.0288674739113719
0,0.0087080477751211
0,0.0275131802663804
0,0.0279821121806475
0,0.027984769626365
0,0.0151944882803815
0,0.0246451727364611
0,0.013690947468924
0,0.0082857421581029
0,0.0163340942571899
0,0.0284747051344529
0,0.0237590047496826
0,0.0274647013853812
0,0.0274236766179896
0,0.004007416085056
0,0.027410613242922
0,0.0269764508743065
0,0.0294505649107636
0,0.0274449790214093
0,0.0228763125937946
0,0.0212864429390592
0,0.0313896404474773
0,0.0274800441849351
0,0.0559262025894215
0,0.0277276105873543
0,0.0287343278233877
0,0.0030087954484915
0,0.0291549143628919
0,0.028500064835491
0,0.0275899946283111
0,0.0290641463177855
0,0.0293753455771027
0,0.029388298324489
0,0.0293333761450533
0,0.0279647506782853
0,0.0512139804820691
0,0.0284584192400524
0,0.027916385133995
0,0.0279072078079969
0,0.0293688823544397
0,0.0046523124496967
0,0.0286870819072724
0,0.0257097311969543
0,0.0119786168926365
0,0.028388548958097
0,0.0284765065239418
0,0.0274242451453013
0,0.0187743877721097
0,0.0055662744587412
0,0.0048246522138359
0,0.0124237024988576
0,0.0274172572691071
0,0.0288394218335781
0,0.004277157177096
0,0.0260903406469481
0,0.0267725330586605
0,0.0280028808129999
0,0.0285357774587116
0,0.0091786341837436
0,0.0293754975606418
0,0.0274673156064034
0,0.0297651085898727
0,0.0060904801844229
0,0.028478869112385
0,0.0290480648457658
0,0.0230971095206854
0,0.0275070503074107
0,0.0286589613560763
0,0.0275601770533535
0,0.0276196875283249
0,0.0206194063835402
0,0.005714227017669
0,0.0708819199124541
0,0.0275071682134488
0,0.0244760423234281
0,0.0279550438644494
0,0.0267867309876601
0,0.0185427125011358
0,0.0291986267968462
0,0.0082959353168436
0,0.0104260127810178
0,0.0274227694800991
0,0.0257942541107086
0,0.0165891833473388
0,0.0036839520280348
0,0.0279060199920017
0,0.0281841218747808
0,0.0258604672187039
0,0.0235343213609966
0,0.0293030308288128
0,0.0281649460222695
0,0.0154347480102616
0,0.02611404290766
0,0.0257182228679088
0,0.0287072480898207
0,0.2887327493305139
0,0.0107055413533396
0,0.007965569817951
0,0.0146959355923554
0,0.0209809745348725
0,0.0274756139234569
0,0.0055354799276867
0,0.0291771046268537
0,0.027188105934061
0,0.0049096701020065
0,0.0281070793606846
0,0.0263234835511168
0,0.0274096686466735
0,0.0093210577549002
0,0.0276339794673539
0,0.0235763585299203
0,0.0207209599448698
0,0.0191517353907937
0,0.0276556485853566
0,0.0169128399085331
0,0.0287913952701872
0,0.0288057447047162
0,0.0134224574365344
0,0.0264529239659408
0,0.0293637803335533
0,0.0289955437925183
0,0.0279720228106371
0,0.0277091331979447
0,0.0291923886690583
0,0.0238294338394402
0,0.0119703187305217
0,0.0058381623179584
0,0.0294419671248183
0,0.0294039270298068
0,0.0281589555319903
0,0.0029642106099658
0,0.0289648417213919
0,0.0293594421873949
0,0.0221320479828286
0,0.0274895884741993
0,0.0278226444126298
0,0.0289343772314876
0,0.0275297245929836
0,0.027522946790689
0,0.0064408000285292
0,0.0274632219813005
0,0.0587671566401434
0,0.10663689371268
0,0.157062032587031
0,0.0037876070894414
0,0.0277667472635179
0,0.024458723066923
0,0.0300701731333794
0,0.0278384989841949
0,0.0150443935585125
0,0.0054587515329368
0,0.0184594811229587
0,0.014839886843495
0,0.0113633161427934
0,0.0277030032994497
0,0.0237035062884594
0,0.0174471808512866
0,0.0144139649220966
0,0.0289792123807629
0,0.0353269194971073
0,0.027414335675294
0,0.029376091709399
0,0.0252475061920414
0,0.0295147608151808
0,0.0483984811507931
0,0.0079051724493827
0,0.0276362850520269
0,0.0282922110201189
0,0.0283492204774866
0,0.0058003380416063
0,0.0281323100047044
0,0.0274635509499114
0,0.0233701141641316
0,0.0243850314439111
0,0.0046294450987425
0,0.0276951809490636
0,0.0277329000174244
0,0.0036018915302528
0,0.0248311040911494
0,0.0283653214416926
0,0.0287146913898187
0,0.027834924295012
0,0.0279575130565409
0,0.0293764604101862
0,0.0213475983532324
0,0.0067338014508577
0,0.0285731203478786
0,0.0283078084637417
0,0.0231914899115024
0,0.0032007848051169
0,0.0275298398556366
0,0.0132766373237721
0,0.0038719162183603
0,0.0291008382932675
0,0.005367170630598
0,0.0274160862879757
0,0.0207882767986956
0,0.0287587499836485
0,0.0672744572685719
0,0.0104886955098032
0,0.0062453045487186
0,0.0188366969355076
0,0.0209923458834685
0,0.0279651256022711
0,0.0274427093169428
0,0.0067996723167483
0,0.0273929926662157
0,0.0142758150613711
0,0.0279336653090726
0,0.0211316711266832
0,0.0051703899278231
0,0.0279706323517119
0,0.0293817968554518
0,0.0280631823745965
0,0.0774066577446047
0,0.0071716659156024
0,0.0051402908493771
0,0.0187078572178802
0,0.6537942758370455
0,0.0286368462584361
0,0.0290751243466496
0,0.0061223797916289
0,0.0143988099043383
0,0.0275298398556366
0,0.005372893894572
0,0.1703445640516051
0,0.0294362964524556
0,0.0254476183223143
0,0.0275298398556366
0,0.1417538203924665
0,0.0274711706282878
0,0.0274719562281621
0,0.0034290705660373
0,0.0081255603491575
0,0.0275026439565575
0,0.0190995163616828
0,0.0054946344297382
0,0.0079833112657035
0,0.0291004502430306
0,0.027494678727273
0,0.081555164693373
0,0.0100378349887713
0,0.0293739403934851
0,0.0281044931114728
0,0.0287327250413279
0,0.0293130478949182
0,0.0245760350166495
0,0.028423588955831
0,0.0285586289145442
0,0.0288494313331524
0,0.0282543517687029
0,0.0276062985117712
0,0.0277084608099929
0,0.0278130059652269
0,0.0284308963007744
0,0.6646103755997
0,0.0089779836397596
0,0.0245991811452957
0,0.3683089554858984
0,0.0285177022799787
0,0.0245162021958727
0,0.0162269512743592
0,0.0560345337560523
0,0.0280099150522017
0,0.0032905706890539
0,0.0289981547183522
0,0.0291699493195253
0,0.0056983441652025
0,0.0277927315528735
0,0.0183020404823059
0,0.0279252997553008
0,0.3144639422288198
0,0.0109458063315657
0,0.0274154586445003
0,0.0256007222232402
0,0.0201096511108476
0,0.0291251583335411
0,0.0061497465091664
0,0.0292311999300711
0,0.0275059779202938
0,0.0240266664754556
0,0.0037226923401057
0,0.0280029008253338
0,0.0049292489404536
0,0.01969245813484
0,0.0032188804810611
0,0.028218832879455
0,0.1388752933632125
0,0.0271904951705265
0,0.0027948151100995
0,0.0287414344377524
0,0.0282771555705455
0,0.0220419412172844
0,0.0150166606042648
0,0.0037800828680123
0,0.0063451237548387
0,0.0095954638719848
0,0.0285762884448936
0,0.0281035745270411
0,0.0286381398939723
0,0.0200070355517338
0,0.0282282126562974
0,0.0205179682993917
0,0.0690771670523703
0,0.0286212207659418
0,0.0281213820644258
0,0.0249935614234758
0,0.0294330866303211
0,0.0281367395596767
0,0.0273940723533687
0,0.0292511007339678
0,0.0284868375991388
0,0.0356577062580621
0,0.0286429335167772
0,0.0043403384567312
0,0.0276853322123512
0,0.0289203979556197
0,0.005661676473409
0,0.0374252933288876
0,0.0286516894771557
0,0.0106018095395146
0,0.0163604009164643
0,0.0292073428750915
0,0.0308422503659679
0,0.0287912880285798
0,0.0293106902691966
0,0.0286404998642566
0,0.0136502158636833
0,0.0687674258662705
0,0.0274509860972618
0,0.02810287127687
0,0.0274149619239364
0,0.0331445575762896
0,0.0274232207109839
0,0.0286111781306584
0,0.0047404038982215
0,0.0258608037210628
0,0.0278436843199338
0,0.0237509867900992
0,0.0282929355767372
0,0.0153612192335729
0,0.029326064778051
0,0.0057642517806344
0,0.0274862802797531
0,0.0037907926689662
0,0.0274865936799357
0,0.6987394403314745
0,0.1292170311978625
0,0.0292588808998614
0,0.0039890242030643
0,0.0279080594061208
0,0.0243634433061954
0,0.0275723755470691
0,0.02740992838553
0,0.025263826168745
0,0.0277258212147453
0,0.0375163304490291
0,0.0070999238035533
0,0.0179088738930282
0,0.0050249243931894
0,0.0294547596029356
0,0.0239944622191625
0,0.004981280109031
0,0.032302359041448
0,0.0074430271444374
0,0.2977546462611924
0,0.0276458917927824
0,0.029436619431651
0,0.0165697743737723
0,0.0281414886415026
0,0.003109238180515
0,0.0280405562165061
0,0.6239632956396286
0,0.0198768205185792
0,0.0283784680884658
0,0.0274822561005397
0,0.0457918990085931
0,0.0051415192073516
0,0.0064356434469996
0,0.0179175303036886
0,0.0226944934388331
0,0.0050030624001663
0,0.0288064435206625
0,0.0529415233230218
0,0.0292763989632402
0,0.0282479963720902
0,0.0234691216631095
0,0.008975448458246
0,0.0238978240110199
0,0.0046716883094563
0,0.0277756602086969
0,0.0288037002345833
0,0.0079386699204055
0,0.0283126603125197
0,0.0072509930951729
0,0.027174840940281
0,0.0280242793508579
0,0.0274332932864486
0,0.0274857666505269
0,0.0283167266885128
0,0.0280169649362628
0,0.0234730898763027
0,0.0291364198585887
0,0.0292338943302181
0,0.0275732997291451
0,0.0176979222622487
0,0.0032088078954514
0,0.0278026349317983
0,0.027493785845447
0,0.029039538662713
0,0.0037111217278345
0,0.0276145755887081
0,0.0289514947773927
0,0.029122698358361
0,0.0294870922633856
0,0.027791300207913
0,0.0274353371470038
0,0.0260315008480058
0,0.0285358751271761
0,0.0292215959006439
0,0.0278655520248472
0,0.0264099698692815
0,0.0282247773365547
0,0.2927303455752862
0,0.0287893273687771
0,0.0100322664552022
0,0.0293110533395381
0,0.0117854032075338
0,0.0202270459690003
0,0.0283036712652828
0,0.0107554040212908
0,0.0293940194592565
0,0.00287460414438
0,0.0050579951503934
0,0.0046719662734451
0,0.0260338747956758
0,0.0307372278152902
0,0.0045441542712395
0,0.0178478744298709
0,0.0274124797850539
0,0.0041748821601267
0,0.0276305551651563
0,0.0275798430705119
0,0.0277493403196514
0,0.0287533460559853
0,0.0064483591242794
0,0.0280290585319623
0,0.0286305070604346
0,0.0273969708257557
0,0.0288782181383285
0,0.010411264566374
0,0.029321520225066
0,0.0282225065109013
0,0.0158220777600217
0,0.0047849973593179
0,0.0285900557203311
0,0.029024655277563
0,0.0054987218863494
0,0.0164547451146985
0,0.0073408782435284
0,0.0291188920062301
0,0.027410940366601
0,0.0056888942801467
0,0.0203744429415069
0,0.0275365251646927
0,0.0054576581837846
0,0.0027575166026882
0,0.0239203217301681
0,0.0120782206925843
0,0.0055327874540754
0,0.0042686484549125
0,0.0276762400858432
0,0.0157793719679431
0,0.0293804076413615
0,0.0274533128643015
0,0.0073278524095746
0,0.0052385139472004
0,0.0039804285647749
0,0.0282530793938874
0,0.0315209551122294
0,0.0293822277951467
0,0.0175865067440789
0,0.0275096903989219
0,0.0282911585507424
0,0.025770865182923
0,0.0116792074046187
0,0.028740403437989
0,0.005541949587898
0,0.0144917503856284
0,0.0281802646560294
0,0.0289271054655889
0,0.0810717398482288
0,0.0276004140205225
0,0.0041812986163055
0,0.0113893552931651
0,0.0274043517107975
0,0.0042643974005227
0,0.0100564991176485
0,0.0286428133882912
0,0.028914868129051
0,0.0281613562482403
0,0.0106479220071325
0,0.028162867951858
0,0.0287089918971427
0,0.0283372990040904
0,0.0246467892698513
0,0.0274313844847181
0,0.011275124890984
0,0.0057401020578297
0,0.0288581742290034
0,0.009712689709853
0,0.0284012828898057
0,0.028896324467046
0,0.0278009819825025
0,0.0288033135813755
0,0.0227844671427958
0,0.0285551265824805
0,0.0294139460123908
0,0.0290063809778239
0,0.0293450940983688
0,0.0053730850406097
0,0.0036778482564124
0,0.0194270487440021
0,0.0294186831926358
0,0.0275711615147471
0,0.0288337029919137
0,0.027492906249815
0,0.0274387463075058
0,0.0101271091216241
0,0.0293715164783027
0,0.1293067004478193
0,0.0264369396441578
0,0.0290541880169936
0,0.0129889046751069
0,0.0182058560038875
0,0.0233799731196884
0,0.0052734039362423
0,0.0294064439914538
0,0.0046902909348639
0,0.0072208051455073
0,0.0064375803564279
0,0.0275457913411773
0,0.0287137948316783
0,0.0557922827583615
0,0.0241066490610478
0,0.3987507627217677
0,0.3066335158917466
0,0.0060876125510545
0,0.0269709371864739
0,0.0284284787531363
0,0.003910053565877
0,0.0276664474922394
0,0.0090459200980084
0,0.0039548443643205
0,0.0319489213507585
0,0.0077815937427803
0,0.0197805073175079
0,0.0276835123027792
0,0.0063689907609169
0,0.8774947947580541
0,0.0287464366362196
0,0.0277512108671284
0,0.0274373780544244
0,0.0044227166778671
0,0.0132694608383354
0,0.0588581472585299
0,0.0103487962250949
0,0.0291595262361476
0,0.0274003741850409
0,0.0567116821490516
0,0.0274384362852923
0,0.0275073085369101
0,0.019255235268415
0,0.564067099954391
0,0.0292585740842673
0,0.0286431702013883
0,0.0288707189389275
0,0.0274755686681249
0,0.027639097503329
0,0.0274562431915059
0,0.0291641814974331
0,0.0235085945732536
0,0.0274573257082653
0,0.0280720555460552
0,0.0020515649538942
0,0.0242458041885327
0,0.0274530772246285
0,0.028805612177048
0,0.0293938782868256
0,0.0279667486853466
0,0.0274476289919487
0,0.0221630506466233
0,0.0287052169586414
0,0.027666523955664
0,0.0275274896203521
0,0.0244055897572577
0,0.0277132556383775
0,0.0114918806672394
0,0.0282680465717105
0,0.0095498880372097
0,0.0107554040212908
0,0.0280819570614227
0,0.0255212298637771
0,0.0045366046930317
0,0.0275906981857884
0,0.0050696311738706
0,0.005128508113479
0,0.0291975808065404
0,0.0272686243988145
0,0.0035429373575985
0,0.0056167187489734
0,0.0282560195128905
0,0.028397589772711
0,0.0294858787335511
0,0.0229248151026643
0,0.0274616657293117
0,0.0152824854581386
0,0.0041438735170747
0,0.0281028238701915
0,0.2936689101540446
0,0.027565039721872
0,0.0215510597364895
0,0.0177882009135424
0,0.0281744322118501
0,0.0163987406718084
0,0.0053430436988989
0,0.0122748731722448
0,0.0072342211316017
0,0.0041828904101683
0,0.0274399570301003
0,0.0071990114772181
0,0.1763652384693076
0,0.0679319136739832
0,0.027792383449103
0,0.0105693586683811
0,0.0280035494991566
0,0.028590512308546
0,0.0287317524029791
0,0.0294487849370133
0,0.011876169013903
0,0.0660648617014374
0,0.0287281345151049
0,0.0044794329142366
0,0.0572835966600058
0,0.1865600377933345
0,0.0028190102537031
0,0.0184939924707011
0,0.009543303901845
0,0.038394595841828
0,0.0286655470983524
0,0.0244083087387218
0,0.028425078222776
0,0.0184826051986582
0,0.0234619622468147
0,0.004576582680253
0,0.0274120662235758
0,0.027543116420277
0,0.0273700179043763
0,0.0083934945317421
0,0.0274447043460662
0,0.025334008095854
0,0.0037631398322951
0,0.0285670231003521
0,0.0292730741353754
0,0.02895160286812
0,0.029267699595807
0,0.1105466478408562
0,0.0830087494377789
0,0.0288618206448569
0,0.0116665248664486
0,0.0277715997039585
0,0.003694265482956
0,0.0277499185576232
0,0.0279304333309162
0,0.0041995508544526
0,0.0294265465247896
0,0.027826692219529
0,0.027468330311785
0,0.0082959353168436
0,0.0288605923343131
0,0.0276392304612646
0,0.0528757782761322
0,0.0038658718277528
0,0.2770329647840148
0,0.0293813874861842
0,0.0282256317035403
0,0.0280524461019964
0,0.0278498045252657
0,0.0277339538022537
0,0.0158485889215884
0,0.0239476913156791
0,0.007627520427858
0,0.0279534050423278
0,0.0288372218010782
0,0.0240008246089399
0,0.0274740206873894
0,0.0289157412432336
0,0.0244334104331376
0,0.0040959285977522
0,0.028290450565635
0,0.034331047220156
0,0.0044218157375308
0,0.027545655590078
0,0.0332943714389313
0,0.0113893552931651
0,0.0294434673485994
0,0.0287908210782605
0,0.0717976752672055
0,0.0242277366986842
0,0.0275591659545012
0,0.0285540159526748
0,0.0282669770661197
0,0.0289545683178286
0,0.0294487344423173
0,0.0170782355589839
0,0.0161931032002831
0,0.0285342111855583
0,0.0265988409023235
0,0.0282189537262204
0,0.0281918876746361
0,0.0287996279972324
0,0.0274227991825965
0,0.0144644634464305
0,0.0285793068051605
0,0.0293163213713633
0,0.0279423838395759
0,0.0289530218795231
0,0.027502507827652
0,0.0282582520498753
0,0.0294238382694155
0,0.9731620362209084
0,0.0278824728909357
0,0.018630924929646
0,0.0220367185472848
0,0.0284817193126895
0,0.0119967223598813
0,0.0107290684400212
0,0.0274490104846791
0,0.0282348985014876
0,0.0102647417409973
0,0.0276097524602641
0,0.0275872453785637
0,0.0279391841339652
0,0.0277079045314663
0,0.7173450522397465
0,0.0463125645407058
0,0.0290832502073988
0,0.062974137052103
0,0.0233512240140831
0,0.0278901907691531
0,0.0263071327413028
0,0.0110102134431979
0,0.0400750259161901
0,0.028220041251842
0,0.0089598872084532
0,0.0281805492342217
0,0.0235621796006144
0,0.015020351054094
0,0.0834361034105297
0,0.0282620509374589
0,0.0237599040891016
0,0.4643351250311707
0,0.0276447838999245
0,0.0136258382399045
0,0.0259047286291799
0,0.0035603116415434
0,0.0294031932460519
0,0.0287613941880908
0,0.0284995049306505
0,0.0261286985912756
0,0.0293992786959042
0,0.0285383910964989
0,0.0284995049306505
0,0.6326563690720906
0,0.0135906920355431
0,0.0134989630505072
0,0.0276701311937232
0,0.027457182761067
0,0.0177943081315262
0,0.0293868255957524
0,0.0294009097895628
0,0.028879583240451
0,0.0129411684035492
0,0.0261801781018071
0,0.0287751520000645
0,0.0157121483081665
0,0.0109980393143408
0,0.0280664660485992
0,0.0280047808949165
0,0.0265315253898435
0,0.0470690292643895
0,0.0267132155970314
0,0.0276566078711123
0,0.0286090191056048
0,0.1209253254502632
0,0.0287518145042706
0,0.0284612568339838
0,0.0283681455418484
0,0.0268310019748436
0,0.0022236924029296
0,0.0270584474406538
0,0.0190165977817311
0,0.0071004944533585
0,0.0274417711477602
0,0.0274678586580542
0,0.0186181855528933
0,0.0284381121450646
0,0.0274578905172937
0,0.0245630807324111
0,0.0277203425928588
0,0.0282434875966416
0,0.0042187371481415
0,0.0275306337040374
0,0.0293006639362874
0,0.0043344687801172
0,0.0280291925320668
0,0.0275063212339697
0,0.0286744446422553
0,0.0283739243024162
0,0.0284578432590299
0,0.0890195937538204
0,0.0083657297887061
0,0.0280766177591651
0,0.0058624412733576
0,0.0063880698025877
0,0.0280632699834373
0,0.0280708165459284
0,0.0272296299299272
0,0.0292894571452798
0,0.0222113060383867
0,0.0280487071782531
0,0.0294061281957082
0,0.0183581884066906
0,0.0223345466408802
0,0.0042710637744038
0,0.0287134558314887
0,0.0274048562661274
0,0.0285040363100902
0,0.0039186592764713
0,0.0242092640581764
0,0.0274361151707731
0,0.0073361534605314
0,0.0224456506933813
0,0.0157486645293638
0,0.0159821866538439
0,0.0063531744744633
0,0.077763420878031
0,0.025064982837381
0,0.0276633343241253
0,0.0183390987327462
0,0.0273943718887867
0,0.1869191595217864
0,0.0039521707493412
0,0.0275579756579009
0,0.028593376181731
0,0.0287161067962862
0,0.3695089547063718
0,0.027454704772562
0,0.0274044982161081
0,0.0270292013866021
0,0.0132773890750451
0,0.0291522819196147
0,0.0287791950953625
0,0.0268852983504373
0,0.0268616249465923
0,0.0106251938518189
0,0.0282064654701932
0,0.0096903176003366
0,0.0199454098345777
0,0.0280580408834935
0,0.0276868144268603
0,0.0286565333902831
0,0.0036896983094511
0,0.0285269244817749
0,0.0179915743689791
0,0.0141716447529225
0,0.0287198075203046
0,0.017496244137154
0,0.0288366561524319
0,0.0061630950339188
0,0.0278429591937303
0,0.0042783743528872
0,0.0082847631892274
0,0.0108352791716327
0,0.0056295125096109
0,0.0287243989442168
0,0.0276156189594377
0,0.0284683668414249
0,0.028465581298394
0,0.014401377179594
0,0.0097657677047378
0,0.0278455163709288
0,0.0274857666505269
0,0.0288313407073138
0,0.029253727658607
0,0.0255821318650783
0,0.0151113051102588
0,0.0292977802847502
0,0.0274989687861186
0,0.0293233660718683
0,0.0296016728560534
0,0.0287182846293814
0,0.0105878799323033
0,0.0274419681946524
0,0.0279222400461217
0,0.029434963293731
0,0.0283269215177104
0,0.0280351134577842
0,0.0287491946905841
0,0.0273070290106549
0,0.028487037802785
0,0.003263995216967
0,0.0275531711227767
0,0.0292208663182546
0,0.056523320107963
0,0.6102470446023012
0,0.0276450452605348
0,0.0086632314989596
0,0.0280521433461705
0,0.0278876791985575
0,0.0043933013565064
0,0.0165582750226558
0,0.0042205571704922
0,0.0274681752873044
0,0.1827374587656045
0,0.0036631794191214
0,0.0091725952993949
0,0.0244085010870689
0,0.0027391172145489
0,0.0290488761747105
0,0.0293654885713714
0,0.0276183476678359
0,0.0282067561165348
0,0.0274331947714343
0,0.0047090581251117
0,0.0291042649311043
0,0.0293496517981907
0,0.0265196955453897
0,0.028581756935891
0,0.0286673697536299
0,0.0274151992201098
0,0.0289141425374937
0,0.0293972834788656
0,0.3116530915698539
0,0.0272435076167873
0,0.028967803699089
0,0.0285851567617901
0,0.0278639991414985
0,0.0275649924869773
0,0.0229257144168732
0,0.0049652834265109
0,0.0289226953264527
0,0.0233749408051221
0,0.0275083643320902
0,0.0164167843117937
0,0.0274524405237097
0,0.0044373838590636
0,0.0152120391047929
0,0.0065577500347036
0,0.0284417697220886
0,0.0163947243157264
0,0.0274915401963652
0,0.0275109319123523
0,0.0290453072843012
0,0.0136539228206634
0,0.0085745372876854
0,0.0212600677217111
0,0.0064930525381953
0,0.0043287111831011
0,0.0283784680884658
0,0.0277485101263691
0,0.0279248849720543
0,0.0285488508599569
0,0.0228414023965096
0,0.0289193712039238
0,0.0100608008077925
0,0.0283199103739129
0,0.0360355181098858
0,0.024369174427474
0,0.0045401351415568
0,0.0289449196567926
0,0.0285305896096719
0,0.0276117112979803
0,0.0222003960124443
0,0.0197752035774353
0,0.0278206007125225
0,0.0165775857694886
0,0.0293533364959477
0,0.0274193888618923
0,0.0291166650906002
0,0.0281719867815766
0,0.0273914931368319
0,0.0274172315798255
0,0.0234161015163925
0,0.0185261155876707
0,0.0293836567381843
0,0.0274938852820859
0,0.0234285710480417
0,0.0268971661929956
0,0.0279131564154655
0,0.0280695503487602
0,0.0275857355869867
0,0.0286889038949938
0,0.0246321405949343
0,0.3293935295475221
0,0.0289342473565057
0,0.0275927082637302
0,0.0234097347031688
0,0.0275230550561997
0,0.033785013235273
0,0.027735078460774
0,0.0051093526344222
0,0.0032665086676438
0,0.1150048093697757
0,0.0284304010383673
0,0.0268619145405471
0,0.0051668076690124
0,0.0279185866232194
0,0.0132705405501739
0,0.003641099379996
0,0.0287871205635237
0,0.0055277449248607
0,0.0290573693348971
0,0.0286650737918866
0,0.0284464943908119
0,0.0289163590501844
0,0.0277476407588943
0,0.0809355550516998
0,0.0107164587963108
0,0.0244230915166716
0,0.0274764536103685
0,0.0274801635311539
0,0.0390551131017694
0,0.0284269891084163
0,0.0060306395972625
0,0.0287781779827112
0,0.0274048562661274
0,0.0050135615443783
0,0.0283462507753313
0,0.0073240998638107
0,0.0032386654930299
0,0.0218130045806385
0,0.0292339351443099
0,0.0064293936510857
0,0.0274291263347879
0,0.0292326627212152
0,0.027437051084122
0,0.0271900846541255
0,0.024034594114073
0,0.028916057066529
0,0.0290581345641352
0,0.0283463680078755
0,0.0118113281450642
0,0.0285187203661757
0,0.013751375589419
0,0.0274063583689402
0,0.018238277854323
0,0.0259373021858915
0,0.0277473437396022
0,0.0274224408700104
0,0.0290113846439025
0,0.0278384989841949
0,0.0247408215238717
0,0.0096966652131236
0,0.0278204458251537
0,0.1358195586858343
0,0.004298162389446
0,0.0275421979219465
0,0.0280656174880935
0,0.0201982311087175
0,0.0162767402842745
0,0.0262362905138783
0,0.0053863575310622
0,0.0279651758894921
0,0.0289337494036734
0,0.0317586764129632
0,0.0292887705745238
0,0.0291721596714026
0,0.013935225837106
0,0.0221008514899767
0,0.007645395255741
0,0.0280753543810727
0,0.0282135777426392
0,0.0031117883583859
0,0.0579309075442277
0,0.0276766827886136
0,0.0057870099258754
0,0.0151816731590052
0,0.0290895160304982
0,0.0137007666790871
0,0.0166226561477242
0,0.0245479456728578
0,0.0063093497840724
0,0.0023832118051442
0,0.0031447839182158
0,0.0127934298143758
0,0.0275889989704083
0,0.005005283893015
0,0.081692638514535
0,0.0276419494396279
0,0.0178740846429624
0,0.0285107076650996
0,0.0287023415441275
0,0.0033404599354351
0,0.0294045051235011
0,0.027560340206168
0,0.0294369654737358
0,0.0039139868401727
0,0.021338531945388
0,0.0288853839439082
0,0.0277196648073177
0,0.0430025799872713
0,0.0857376647452112
0,0.0274396925784848
0,0.0278621828325237
0,0.0417240106983409
0,0.0292200089881078
0,0.0126952321525863
0,0.0283364023993396
0,0.008807758667489
0,0.0118438184347049
0,0.003732944211714
0,0.0260592689877347
0,0.0276857573620778
0,0.127200015962149
0,0.0217070336618763
0,0.0083481212944023
0,0.014827981083969
0,0.0282547857197816
0,0.0293867809859384
0,0.0140346302286348
0,0.0274216866662312
0,0.0277513756128653
0,0.0442984980418415
0,0.0276713295080871
0,0.005618259147071
0,0.0136881547475349
0,0.0280884122032184
0,0.0178289655909363
0,0.0285774246094335
0,0.0290112530425616
0,0.0129523375639859
0,0.0573152328831636
0,0.0208533868608361
0,0.0294335020543464
0,0.0283534351562571
0,0.0235690052050442
0,0.0315209551122294
0,0.0275550697390344
0,0.0198594630487862
0,0.0274519439572434
0,0.0288311155110777
0,0.0233590096537849
0,0.0286437273224664
0,0.0274816086473118
0,0.0275485344225184
0,0.0295852998632969
0,0.0287743028049377
0,0.0289472684607846
0,0.0290647559169188
0,0.0238784511817906
0,0.0077697551887467
0,0.0145435866869349
0,0.198401382684261
0,0.0105286141290525
0,0.6064837648969145
0,0.0282181647610487
0,0.028770092470722
0,0.02774071001445
0,0.028498727692182
0,0.0290017140162414
0,0.0271567363398054
0,0.0131767863938607
0,0.0278311589606944
0,0.0141612318364646
0,0.0294148072481288
0,0.0208781366434423
0,0.014905042423614
0,0.028649213233583
0,0.2409901111437005
0,0.0280035494991566
0,0.0274370737884192
0,0.0291368337543242
0,0.029444395199584
0,0.0354672723169753
0,0.0284628947223088
0,0.0276954851208082
0,0.0274887719114772
0,0.0240653576334599
0,0.004451711713748
0,0.0300599146803369
0,0.0293748108232661
0,0.0291209567858006
0,0.0369520657337308
0,0.0293454201527262
0,0.0279071356583901
0,0.0221091737963212
0,0.0246647373024263
0,0.025072262732884
0,0.0100107331220363
0,0.0268966891221061
0,0.0286780057196507
0,0.0287212343000601
0,0.0960072061062002
0,0.0290267754376494
0,0.0293728817760171
0,0.0275767832554796
0,0.0063436937340019
0,0.0163600553701774
0,0.0171970568394927
0,0.0274897606277684
0,0.0091909002871624
0,0.0045854109384107
0,0.0161377907427015
0,0.004053575340619
0,0.0274702878063627
0,0.0276267934077242
0,0.0291481305803143
0,0.0234019782866519
0,0.028728674041964
0,0.028882516174782
0,0.0310068484752291
0,0.0285677148459742
0,0.0294170630092332
0,0.0291817905923225
0,0.0153150767024912
0,0.0266958324815479
0,0.0275616859175234
0,0.0274614500480999
0,0.02769594002288
0,0.0045931524670954
0,0.0048625603429465
0,0.0289212911291271
0,0.0112834729990207
0,0.0284653205175694
0,0.0286822142826978
0,0.0284758091077168
0,0.0276653297386392
0,0.0278305028544998
0,0.027506205249905
0,0.028530048556233
0,0.0284490048051891
0,0.0281017607261188
0,0.02673989721367
0,0.0294502853727707
0,0.022470508197118
0,0.1679807506407781
0,0.0277537265386253
0,0.0276456586626201
0,0.0288364802226593
0,0.0269880197305912
0,0.0139142796097448
0,0.0285532001390794
0,0.0036608237276699
0,0.0047169884768179
0,0.0281118344884787
0,0.025004604869322
0,0.02343280048636
0,0.0275949046881491
0,0.0240013316313972
0,0.0276366227719683
0,0.0294330740683941
0,0.0390318100199235
0,0.0279324460453506
0,0.0094855089365838
0,0.0062636114795391
0,0.0289275151020972
0,0.0293558109479068
0,0.0279452230228262
0,0.029512843200853
0,0.0291407058565893
0,0.0358896391193539
0,0.0282940911013002
0,0.0294232981954447
0,0.027423731733959
0,0.0135400319020053
0,0.0294107626288478
0,0.0281482025331858
0,0.0028618382416664
0,0.0211592299671428
0,0.0191862920432351
0,0.0286476476529752
0,0.0281295624081441
0,0.0274131557572166
0,0.0113525382270473
0,0.0274446432342668
0,0.0282828729784684
0,0.0062607945505508
0,0.0025473294273952
0,0.0293833677684744
0,0.0605631571050293
0,0.0276429960699534
0,0.028157485920713
0,0.028842145973602
0,0.0125169702335349
0,0.0290588469787664
0,0.029487472620779
0,0.0283711161999965
0,0.029126587986226
0,0.0237989140461885
0,0.0962664550846749
0,0.017093370761558
0,0.02310177570681
0,0.0283592923418819
0,0.0073311681234775
0,0.0279555740378898
0,0.0202014475863566
0,0.0240457365797249
0,0.0244901732038596
0,0.1704563430145536
0,0.0216041841139345
0,0.0132967456351725
0,0.0279996727619934
0,0.0238755060477857
0,0.0236025769675099
0,0.0291705293306838
0,0.0202078626345026
0,0.0245915357943886
0,0.0133163530055574
0,0.0057924405683392
0,0.0044929763152641
0,0.0100199310309137
0,0.0276503914946627
0,0.0201995853532909
0,0.028835918686765
0,0.0171522989899395
0,0.0516199138844409
0,0.0057696272170251
0,0.027606608211082
0,0.0168443458063848
0,0.0293941326261538
0,0.0407848612266013
0,0.0289569888697553
0,0.0293682040982232
0,0.027603459058109
0,0.0037233045547414
0,0.019563064017269
0,0.0288784271952495
0,0.0294257571929589
0,0.0285375469674903
0,0.0062510329765078
0,0.5983561778970589
0,0.0043074659003833
0,0.0058222978594165
0,0.0278918880802719
0,0.0275097192936308
0,0.0269546285535107
0,0.0286265858974401
0,0.0277927559777118
0,0.0070557556306875
0,0.0274058777698651
0,0.0274202247982366
0,0.029406088691654
0,0.029393336191206
0,0.0274757014210914
0,0.0258865933272047
0,0.0293473562284917
0,0.0215754788130496
0,0.0279963402435705
0,0.0227075135570229
0,0.0274815892575036
0,0.0291130193660516
0,0.027853434449554
0,0.0282651835866023
0,0.0068083785439077
0,0.0281381546715564
0,0.0162701255734661
0,0.0282332772548221
0,0.0287898072711297
0,0.0277963059668579
0,0.0276751668375003
0,0.0290670891446627
0,0.0039610001658501
0,0.0076746111319238
0,0.0084330696131636
0,0.0027596649649751
0,0.0278372492598135
0,0.0243023577185874
0,0.0276599846107441
0,0.0294243196251297
0,0.0056877426034636
0,0.2393372561114284
0,0.2945709114436874
0,0.0275624129932987
0,0.0234402582365907
0,0.1112872124000909
0,0.0249285433615518
0,0.0290532722295503
0,0.0293277618888261
0,0.0268856487418296
0,0.1047978045623238
0,0.6105293550923848
0,0.0283077710631806
0,0.0038286524412731
0,0.0292511007339678
0,0.0280103878006608
0,0.027440968117463
0,0.0233918089965613
0,0.0274158642853004
0,0.0658059570284868
0,0.0119071662148647
0,0.0290485457014994
0,0.027947701318141
0,0.0234372769950919
0,0.0287892046776626
0,0.0283413267316564
0,0.0277805485580516
0,0.0138874097788283
0,0.0060793495073188
0,0.0287610232380895
0,0.0050827266091933
0,0.0288831496933817
0,0.0255765606410703
0,0.0056359440762804
0,0.0231270021171349
0,0.0071020451500764
0,0.0289403725044386
0,0.0292425588736797
0,0.0106367260207978
0,0.0172098162815348
0,0.0274437275286336
0,0.0251102907138732
0,0.0281485182711258
0,0.0282093675304031
0,0.027757467886495
0,0.0313201393448363
0,0.0167810797220416
0,0.0293600774172905
0,0.0281613855968664
0,0.0286479983557298
0,0.0293670502101565
0,0.0278312957728952
0,0.0240309770763954
0,0.4768091130882263
0,0.0294451327108729
0,0.0285350613349516
0,0.0101695430137568
0,0.0029523812801142
0,0.0278343052885232
0,0.027413566097482
0,0.0278581495474392
0,0.5984944839540152
0,0.027664955652419
0,0.0288558043222477
0,0.0293901792176723
0,0.0286768262331546
0,0.0273738576533692
0,0.0279667486853466
0,0.0243121711225343
0,0.0286186518142714
0,0.027900565901429
0,0.0292274854438675
0,0.0153462300254211
0,0.0274768759285939
0,0.0188150374019879
0,0.0180872427288269
0,0.027842080163928
0,0.0038119230386522
0,0.0274877996535929
0,0.0260076145817695
0,0.0048046155851637
0,0.0027974495830185
0,0.0287817478376993
0,0.0045294133684388
0,0.0044288608637873
0,0.0227824498462086
0,0.0291921171042092
0,0.102808177643603
0,0.0198328727556479
0,0.0054297883610682
0,0.0151941059247483
0,0.0301759644686291
0,0.029391769390534
0,0.0104801171832791
0,0.0290325736985094
0,0.0159640365430816
0,0.0106272078289369
0,0.0275186094561521
0,0.0282419531727727
0,0.0066662745643144
0,0.0274419681946524
0,0.0290375097742858
0,0.0274206836866737
0,0.025180977490576
0,0.0292300516088105
0,0.0277910376491679
0,0.0277281477856481
0,0.0120823356433203
0,0.0293824326404215
0,0.0186640153319675
0,0.0286358611024283
0,0.0056533276258517
0,0.0293691049561313
0,0.0276186357508994
0,0.0274857666505269
0,0.0092543697086561
0,0.0202332180547604
0,0.0287085454887026
0,0.0357101977821936
0,0.0274074372421284
0,0.0216617532157723
0,0.0210459740758189
0,0.0274494289653011
0,0.0282810468099085
0,0.0286986727229211
0,0.0283369509007824
0,0.0274883822051388
0,0.027911979944164
0,0.0471430927307522
0,0.0246566661502703
0,0.0056917406213594
0,0.0061187334803417
0,0.1807438410595262
0,0.0050647791244483
0,0.0274264424513735
0,0.0092770064181795
0,0.0106792394722694
0,0.0287840720274387
0,0.0274461153194577
0,0.0279219885510622
0,0.0155469943990388
0,0.0258735776550899
0,0.0048087383023678
0,0.0289666748887623
0,0.0274193461085474
0,0.0267585971407144
0,0.0293217524707423
0,0.027521071017901
0,0.0157504874738993
0,0.0293668724641985
0,0.0294161776896375
0,0.0274265200740244
0,0.0284461858021628
0,0.0293299916118166
0,0.0274915330750349
0,0.0280158637468843
0,0.0283269215177104
0,0.0223542268322899
0,0.0277526824089039
0,0.0598163005325779
0,0.0236335420049209
0,0.0281268240900794
0,0.0288949088224632
0,0.0031062713901124
0,0.0040536771979098
0,0.0284017877205249
0,0.0057013794558514
0,0.0287243907244649
0,0.0275625315126512
0,0.0175041519313981
0,0.0275761701312576
0,0.54546422665996
0,0.027495593051311
0,0.0140171874793642
0,0.0080107071844371
0,0.0292340740374907
0,0.0287248158319809
0,0.0237124099107648
0,0.0282645181949742
0,0.0283322160000326
0,0.0267784917125615
0,0.0282501471129766
0,0.0041918624448779
0,0.0277429172212356
0,0.0023423447907843
0,0.0275150015232166
0,0.020703350335014
0,0.0287416423476195
0,0.0179008144220033
0,0.0250290952689529
0,0.0278412284688026
0,0.0056761044169506
0,0.0260540624897433
0,0.0308524743717254
0,0.0293985331082969
0,0.0273711222329152
0,0.0282327654771917
0,0.1249512573801055
0,0.0284431399765401
0,0.0289388830390279
0,0.0086676184797202
0,0.0251094968193136
0,0.0278331694767244
0,0.0294053967056747
0,0.0283522621850962
0,0.0245863021721952
0,0.0293592044453476
0,0.0191606635165544
0,0.0238518389690349
0,0.0154020207623028
0,0.1084427585239028
0,0.0077095589591399
0,0.0296330432504094
0,0.0055568711287293
0,0.0175395110087898
0,0.0288685108932241
0,0.0318567246397815
0,0.0288313407073138
0,0.0274713888712532
0,0.0036611384303832
0,0.0288021259521129
0,0.0276844153763512
0,0.0073621641206269
0,0.0287579173232161
0,0.0274253432355035
0,0.0268667208440428
0,0.0277018570438496
0,0.0203286649468987
0,0.0275492804794894
0,0.0047167393331129
0,0.0037559140781858
0,0.0290473309927611
0,0.0293861375760975
0,0.0294923381617357
0,0.0275487206601768
0,0.02954330813226
0,0.0285491767436814
0,0.0278230988975361
0,0.0160942763198453
0,0.0160505241522252
0,0.0329765564572423
0,0.0292544112006246
0,0.0057496946496614
0,0.0287791674589426
0,0.032855615430483
0,0.0290867554216378
0,0.1202833614098624
0,0.0459127447932244
0,0.0276058777123736
0,0.022685955162713
0,0.0285085569388687
0,0.0282064654701932
0,0.027525986606944
0,0.0284517210358699
0,0.0113864284139396
0,0.0151302332552206
0,0.0275863881566561
0,0.0284088000498752
0,0.0242652014835805
0,0.0284852715418877
0,0.0068953914118834
0,0.0294325336443969
0,0.0275173044120957
0,0.0307215334554314
0,0.0276098002508555
0,0.0279672686644678
0,0.0279874133071899
0,0.0277581445225473
0,0.339277834395063
0,0.0056286847282789
0,0.0034307099825866
0,0.0192222134157546
0,0.0280280232949532
0,0.0282094594255863
0,0.0294686100089709
0,0.0158004063232029
0,0.0225665754418413
0,0.0275841532998437
0,0.0288217821388003
0,0.0275772440802598
0,0.0216301456929502
0,0.0530250042045945
0,0.0292713865881758
0,0.0213992384035386
0,0.0130686785561495
0,0.0249490560512009
0,0.0087777593176969
0,0.0274616792076066
0,0.0142469781776902
0,0.0255846287944164
0,0.0090948901273957
0,0.0293800643052319
0,0.027844099050999
0,0.0286582978379541
0,0.0257012901365931
0,0.0293469709747661
0,0.0282277481392877
0,0.0277497374462508
0,0.0289446202824222
0,0.0289839045380897
0,0.074815818578308
0,0.0145697133164186
0,0.0243739859021612
0,0.0274285594754154
0,0.0062264275646176
0,0.0413170864279022
0,0.0277046814812728
0,0.0250340043347485
0,0.0109953689185298
0,0.0082666223647613
0,0.0294483300617777
0,0.0264490565110793
0,0.0276364644071855
0,0.0204405853623342
0,0.0290541553001039
0,0.0236951033300077
0,0.0260878593540805
0,0.0289034798654507
0,0.0274714139162092
0,0.0265825234755618
0,0.0025762380450317
0,0.0239421553283779
0,0.0062607945505508
0,0.0240399944602127
0,0.0280094191160499
0,0.0234946443208414
0,0.0278249127990658
0,0.0284359217895875
0,0.0282625904012463
0,0.0293500599390694
0,0.0281551128849686
0,0.0132753231204259
0,0.0283417601313453
0,0.0168002920890536
0,0.0274310079753186
0,0.0280929056352429
0,0.0285125534778989
0,0.0277339538022537
0,0.0293406626177483
0,0.0262710583566343
0,0.5757792553072685
0,0.021217406680865
0,0.5524374987011319
0,0.0289929936342016
0,0.0281287417955065
0,0.0278211788508675
0,0.0294595441149448
0,0.0051596227105719
0,0.0276364550636777
0,0.078681914243066
0,0.027766204403298
0,0.0045940788377281
0,0.0286273986890029
0,0.0286231578887845
0,0.0299392679676566
0,0.0293498061318529
0,0.0171956826914292
0,0.0146597395559693
0,0.0277804752151433
0,0.0289705220810201
0,0.0280839504619075
0,0.0282978679314059
0,0.0277623937737178
0,0.0237175256776589
0,0.0293966515970884
0,0.0274217597080934
0,0.0052358160916454
0,0.9222036533095236
0,0.0274857380340008
0,0.0276278815174309
0,0.029441984324365
0,0.0044933019583843
0,0.0283548168146663
0,0.0309854153180502
0,0.0285818324583849
0,0.02753362699678
0,0.0290449541954621
0,0.0286153568655715
0,0.0233015781210247
0,0.0157673095227786
0,0.0286135215436389
0,0.0276901260489075
0,0.0277299488907255
0,0.0211607995227336
0,0.0276927509113708
0,0.027750157877321
0,0.2117518128105858
0,0.0269919613605557
0,0.0290949671242691
0,0.0056145843766283
0,0.0249633886456102
0,0.0281404538896596
0,0.0273577461491709
0,0.027712270173538
0,0.0025916068739718
0,0.0555660806413901
0,0.0289473016044276
0,0.0052385139472004
0,0.0258284825581924
0,0.0183061105888875
0,0.028333649334161
0,0.0274061179081567
0,0.0058862396907604
0,0.176820193368301
0,0.0241135023851178
0,0.0294456711379089
0,0.0278354632836997
0,0.005028616984329
0,0.0353610003082881
0,0.0111627804378957
0,0.0278331694767244
0,0.011339410853145
0,0.0169123555644565
0,0.0285915665492349
0,0.0293214939570458
0,0.0276622798838634
0,0.0101657090323637
0,0.0280072747896727
0,0.0042217244934559
0,0.2330449429916962
0,0.0294439276900763
0,0.0282173158843717
0,0.0277312643151766
0,0.0291640100340945
0,0.0031164388497792
0,0.0282341147683522
0,0.0285835925199856
0,0.0062348848899708
0,0.0048533870905503
0,0.0203611654734802
0,0.0149105987714461
0,0.0289477720109456
0,0.0228976170649986
0,0.0282500980411202
0,0.0234585639767499
0,0.023987930779014
0,0.0100378075974669
0,0.0282514852701165
0,0.0052160811241588
0,0.0283614297661715
0,0.0032907318134188
0,0.071979295322134
0,0.0289622555562616
0,0.0290843744906805
0,0.0288279753162561
0,0.0287171385816996
0,0.0287300499883224
0,0.0273837799036103
0,0.0272500940269278
0,0.0278222135350152
0,0.0234231982973978
0,0.0288192730932289
0,0.0238791590917174
0,0.027411874742894
0,0.0291697104918105
0,0.0294392147496237
0,0.0294648240465045
0,0.0255003832109078
0,0.0038233652795063
0,0.0062437801780504
0,0.0274111271850728
0,0.0432305364870844
0,0.0278585366371343
0,0.01743788256042
0,0.0279718538539226
0,0.0157121483081665
0,0.0326749294822356
0,0.0039324509134718
0,0.0289528277165338
0,0.0158923435771558
0,0.0083481212944023
0,0.0286073195231406
0,0.0287026577600998
0,0.028379023297795
0,0.0087799346388815
0,0.0278395488697545
0,0.0290696462355602
0,0.029145169329924
0,0.0275588237082714
0,0.0280679402496018
0,0.0053840456415648
0,0.0185134967164154
0,0.6632768630601673
0,0.0063619818156557
0,0.0293220087081447
0,0.0233540948809149
0,0.028044288166555
0,0.0053216125347967
0,0.0277658535407195
0,0.0161150730205479
0,0.0276492927155744
0,0.0161619184184736
0,0.029169798116543
0,0.0274759130727851
0,0.0283158278382284
0,0.0281007990682096
0,0.0131852196930059
0,0.0290700207140283
0,0.0253854474865476
0,0.0293323619000769
0,0.0229965745245191
0,0.029423283181418
0,0.0274240725639526
0,0.4730415560157653
0,0.0293511077606641
0,0.0292990137479893
0,0.003357534819788
0,0.028639023459578
0,0.0293030944633463
0,0.0280580595831263
0,0.0288526362720346
0,0.0285574279601951
0,0.0027619860407977
0,0.0148294332336358
0,0.0080931409590693
0,0.0288513273909883
0,0.0285843277133414
0,0.0107056318920932
0,0.0279211799851535
0,0.0006195827682968
0,0.0271878046764609
0,0.0286284801644528
0,0.0086653493863685
0,0.0693216055909602
0,0.0283561090786555
0,0.0282495307454969
0,0.0061200733663904
0,0.027649828309443
0,0.007224047100997
0,0.0274182451135485
0,0.0275814034578355
0,0.0295905969085333
0,0.0274712356098715
0,0.0557099689520007
0,0.0283804301518342
0,0.0277278710951273
0,0.0291776685778511
0,0.0276344454790659
0,0.0149553307583625
0,0.0428380842140463
0,0.0516578181804429
0,0.0028694485868067
0,0.0280049261807167
0,0.0273895981439776
0,0.0290995475339001
0,0.0118285239483985
0,0.0061803864511034
0,0.0262795962765853
0,0.0290406828005028
0,0.0061017962452904
0,0.027424280479289
0,0.0286434143606951
0,0.0126233526509692
0,0.028140569574081
0,0.0248641428768625
0,0.0226944934388331
0,0.0244144096609451
0,0.0274925685803036
0,0.0266960293728793
0,0.0168778579442352
0,0.0289303799154109
0,0.024531464908309
0,0.0290318344614362
0,0.0276235243479423
0,0.0030698540353019
0,0.0285996297114233
0,0.0236829397123186
0,0.0287455225056203
0,0.0281153284297509
0,0.0280928583658405
0,0.0294477550606838
0,0.0037610268573258
0,0.0195518838123524
0,0.0279797796362069
0,0.0199345808152618
0,0.0286330726215993
0,0.0280268627393621
0,0.0285703555847278
0,0.0246739292867448
0,0.0058554668261597
0,0.0279680530702219
0,0.0287941615434032
0,0.0280907099288529
0,0.0318223164404115
0,0.0294285537057219
0,0.0283647489555987
0,0.0111361665385925
0,0.0285980748273174
0,0.0221539151558505
0,0.0243636017708944
0,0.0127525989183909
0,0.0271677630738809
0,0.0277623937737178
0,0.0276424859367507
0,0.0289588872266521
0,0.0107069469565276
0,0.0209998066235747
0,0.0103366346905954
0,0.0276466241726107
0,0.0285167531851331
0,0.007314826888225
0,0.0275879111538942
0,0.0194402081414255
0,0.3513048384955904
0,0.0275398759324514
0,0.0818158670993958
0,0.0285557579072059
0,0.027623147705752
0,0.0288253570481797
0,0.0279531228256038
0,0.026671367559829
0,0.0275125145392308
0,0.0282271808925197
0,0.021490962546272
0,0.0277800290483575
0,0.028155168851386
0,0.028887265274315
0,0.0048260435609413
0,0.0278457405016033
0,0.0283314818714854
0,0.0254255769307029
0,0.0281527586562186
0,0.0278884648011898
0,0.0279333844676124
0,0.6099694537366479
0,0.0289109980538618
0,0.0275407135741939
0,0.0071711748857806
0,0.0426487068101076
0,0.0275442479338943
0,0.0078339874770752
0,0.0290391236670456
0,0.1309432421408141
0,0.0283266014036698
0,0.0293609689918091
0,0.2099207074538393
0,0.0147579696279186
0,0.027579535491015
0,0.0046385365597993
0,0.0281186200161053
0,0.0148120909214599
0,0.0275941653027854
0,0.0280085274764454
0,0.0054881798705217
0,0.0275267678633916
0,0.0274923160172937
0,0.0294758376958122
0,0.0291355707681716
0,0.0141759340006773
0,0.0277229840371822
0,0.0275580735866073
0,0.0285676994286728
0,0.0170181431149078
0,0.0275678785819133
0,0.0293972104852675
0,0.0289158008213181
0,0.0274308000952896
0,0.0289177055500716
0,0.0274216732788064
0,0.0279713023623616
0,0.0278912865568029
0,0.0278438566403399
0,0.0280926699097285
0,0.0570421735601597
0,0.027528136060864
0,0.0059540813895795
0,0.028477645730976
0,0.0294465983671566
0,0.0150585364181862
0,0.0165784290367035
0,0.0281620869990268
0,0.0258119604257462
0,0.0291201839420843
0,0.0168313004589067
0,0.0274698075336319
0,0.0274173265949941
0,0.028618456786692
0,0.0085496612582061
0,0.0274051428745191
0,0.020710551195327
0,0.0292177877690931
0,0.0290672899482801
0,0.0093690105580799
0,0.0284954469119053
0,0.0294029199007192
0,0.0275511593457868
0,0.0288382918925217
0,0.029374064989294
0,0.0242914696059779
0,0.0803844182166599
0,0.023527160348427
0,0.0283280141387152
0,0.0289547346537424
0,0.0285793068051605
0,0.0286970403112673
0,0.0276273194299722
0,0.0328702736900957
0,0.0071421211592338
0,0.0274221615701474
0,0.0228194877538685
0,0.0237465886796482
0,0.0290398233552811
0,0.027618027075628
0,0.0087896887057026
0,0.0050030624001663
0,0.0236092925143573
0,0.0274397634994011
0,0.006112549695442
0,0.028506543165084
0,0.0279381568142009
0,0.0292498091720311
0,0.0277636133092379
0,0.0239740170606181
0,0.0099941195659928
0,0.0277255537735623
0,0.0283223131909877
0,0.0289915791061161
0,0.0253171528899578
0,0.0273167955679047
0,0.0274045136512006
0,0.0275813194410832
0,0.0094740704590631
0,0.0197844874704552
0,0.0174585943783828
0,0.0293577141164072
0,0.0265967265521712
0,0.0273933865149304
0,0.0234922223387725
0,0.0237491176049889
0,0.0242214312346679
0,0.0061576960373521
0,0.0087467106559508
0,0.0060227401126856
0,0.0290055768303605
0,0.0137175879435946
0,0.0286424152000901
0,0.0246754525030057
0,0.0233617184613582
0,0.0248360321861201
0,0.0224470904574893
0,0.0292264786203419
0,0.0104353738106854
0,0.0154387229858367
0,0.0073613181920272
0,0.0081473832160674
0,0.0278926284033484
0,0.0285124977641917
0,0.0243286010068907
0,0.0272753547696651
0,0.028563798757236
0,0.028851678750663
0,0.0286238976922841
0,0.0284119239676161
0,0.0274635509499114
0,0.0253197981196822
0,0.0281975118850056
0,0.0602344364977737
0,0.0209664185334545
0,0.0274454221966303
0,0.0277708227251089
0,0.8111824124512474
0,0.0274124797850539
0,0.0227654722890775
0,0.0522980299468935
0,0.014057808084281
0,0.0080588522428675
0,0.0250432921905131
0,0.0278043049716002
0,0.0278367623198962
0,0.029326924583463
0,0.0199217114997441
0,0.0060542897731713
0,0.0761068516506575
0,0.0134020147691516
0,0.0246848956145396
0,0.009452324513649
0,0.0068630201518153
0,0.0280467528294856
0,0.0273903649080499
0,0.0277490423739397
0,0.0214878522466554
0,0.0277973042977616
0,0.0051538580304182
0,0.0276095192967747
0,0.0279494358337044
0,0.0290834574616891
0,0.015652796961996
0,0.0057420571739009
0,0.0285186030946202
0,0.0176071148718705
0,0.0093861203340271
0,0.0276315715298246
0,0.0294045705305054
0,0.0289709409359656
0,0.0282474262491719
0,0.0276481275715296
0,0.0284406958489241
0,0.0285366994387852
0,0.0296485539671449
0,0.0200413710982681
0,0.0274153285604846
0,0.0080658816499962
0,0.0104008189960566
0,0.0290109582675663
0,0.5658941620408208
0,0.0294348717182644
0,0.0043581817210312
0,0.0274883822051388
0,0.0280905925859156
0,0.0276504197406293
0,0.0041045211137161
0,0.0274974941212939
0,0.0032033808496811
0,0.0274698075336319
0,0.0276813202912052
0,0.0233879325126499
0,0.0282721507021032
0,0.0291241983320759
0,0.0288905855731018
0,0.0067479995254719
0,0.00800170879423
0,0.0286738136233923
0,0.0293538569342678
0,0.0283915227059615
0,0.0278621510631935
0,0.0288315930322395
0,0.0287006722412929
0,0.0281621808128691
0,0.0282547857197816
0,0.0282836350248237
0,0.0051099746513983
0,0.0274759010028159
0,0.0266405394438342
0,0.0274208249966616
0,0.0274061179081567
0,0.0277589443339311
0,0.0037507917723014
0,0.0615852722158907
0,0.0291327831668366
0,0.028070701948071
0,0.0275495860616907
0,0.0291171653023279
0,0.0293132217601551
0,0.0288824834218864
0,0.0042113163926041
0,0.0274950286413052
0,0.0294504996969785
0,0.0289898339306351
0,0.0283510623210559
0,0.0242625437201476
0,0.0276398951868222
0,0.0286305995901633
0,0.0139756008651059
0,0.0282238432915817
0,0.0287595634775309
0,0.0273936872938871
0,0.0287559137987912
0,0.0294629471105168
0,0.0281351167868573
0,0.0129014233295008
0,0.1452001708407427
0,0.0270621686185264
0,0.009903978265052
0,0.0263092922268465
0,0.0294393779292664
0,0.0281663608577972
0,0.0276467943105173
0,0.0284154232843421
0,0.0277172229495595
0,0.0261103862859389
0,0.0280429884752982
0,0.0274183070714658
0,0.0236109927439413
0,0.0209565075448848
0,0.0277173887372304
0,0.0096256640646079
0,0.0083241590391784
0,0.0030434611696887
0,0.0276001104867615
0,0.0278459300925134
0,0.0282929355767372
0,0.0278017020221786
0,0.0163769779009677
0,0.0261293797800178
0,0.4385423741283739
0,0.0037192317990062
0,0.0275818553709661
0,0.0274322311426555
0,0.029354633658114
0,0.1270588691066793
0,0.0082480357730981
0,0.0284301811277122
0,0.0251047841429043
0,0.0280755655911049
0,0.0274913533147006
0,0.0088657563610699
0,0.0275328050189865
0,0.0288578555977933
0,0.024419320489426
0,0.0275021676076382
0,0.0274890419871554
0,0.0275641013624169
0,0.0274417711477602
0,0.027364739141321
0,0.0117653976484546
0,0.0279754425386685
0,0.0276277357172818
0,0.0028553561870056
0,0.0294493999756431
0,0.0277427835072057
0,0.0212933098301427
0,0.0205839161752617
0,0.0038154301130401
0,0.0245021276636625
0,0.0258040595614325
0,0.0843200436752474
0,0.0209530319996001
0,0.0283788614796311
0,0.0274682663002975
0,0.0279444662593455
0,0.0794858447966465
0,0.0068903695799802
0,0.0288290103444874
0,0.0595584238098511
0,0.0293909402675731
0,0.0291428202015469
0,0.003494346073674
0,0.0220873588223112
0,0.0287031819896088
0,0.0285876317463659
0,0.0442655055903335
0,0.0274577972605316
0,0.0162033110596824
0,0.0284411510643551
0,0.0037172375343369
0,0.0275904450520789
0,0.0276950903736827
0,0.0291956093834001
0,0.031920798550438
0,0.0247449383572592
0,0.0276757210460873
0,0.0047669570087243
0,0.0062457111832859
0,0.0237336828053226
0,0.0053412212763621
0,0.0249351068309451
0,0.0046190341507626
0,0.0276400585794883
0,0.0282570159433782
0,0.0289892948378154
0,0.0293647815779665
0,0.0150584445683855
0,0.006011486735137
0,0.0080066792385479
0,0.0276787742582848
0,0.9719585027052514
0,0.0279075411005177
0,0.0042041462019228
0,0.0285375341304371
0,0.0322049206662257
0,0.0290347663658728
0,0.0217641715099882
0,0.0287811467061876
0,0.0282624824207934
0,0.0102224213356379
0,0.0277899169333628
0,0.2793565681929119
0,0.0274553868137718
0,0.0066324788504527
0,0.0295346185415524
0,0.0280580595831263
0,0.0120475357701552
0,0.0244977774463358
0,0.0291671669275307
0,0.0052443179786302
0,0.0206268432916708
0,0.0283026336832576
0,0.023100689829498
0,0.0039547619807973
0,0.0035315124284072
0,0.0274100551387589
0,0.0140845472531668
0,0.2445695836002662
0,0.027425905876529
0,0.0284902581878072
0,0.0285415163863352
0,0.011731147467326
0,0.0164157494141182
0,0.0279955662538593
0,0.027950168626577
0,0.0290084261271458
0,0.0280653501816866
0,0.029151897502723
0,0.0283930746500226
0,0.0051833871125276
0,0.0288886546983317
0,0.0099733998568947
0,0.0279350787913271
0,0.0293991484078933
0,0.0208951880504814
0,0.0274419463340335
0,0.0284500360423379
0,0.0231229356235992
0,0.0288460294792079
0,0.029481110382577
0,0.0647344368679766
0,0.0275055166374685
0,0.0057001815537604
0,0.0114636984153296
0,0.0112691337894913
0,0.0292637710560031
0,0.0206822661882039
0,0.0271425630928195
0,0.0290562663774042
0,0.0158997429515701
0,0.028862176381945
0,0.0274890419871554
0,0.0247397684547906
0,0.0115339990984927
0,0.0226568524260288
0,0.0288739812957582
0,0.0060569922861253
0,0.0261092063096953
0,0.0274063539487758
0,0.0210134979116776
0,0.0061180595389155
0,0.0311135815282201
0,0.2111438359890755
0,0.0283103371307536
0,0.0275300403844721
0,0.0284561346303869
0,0.02742582274768
0,0.024708454932193
0,0.0275588256359434
0,0.0281259718711838
0,0.0275510694114631
0,0.0125942226285484
0,0.5649798638853337
0,0.0274533128643015
0,0.0368838727932393
0,0.014633530732877
0,0.0276359091579922
0,0.0277206836154798
0,0.1630041840492039
0,0.0233020793972296
0,0.0282199958512709
0,0.0033067750053428
0,0.0287069621107948
0,0.0251642315908929
0,0.0280669349767944
0,0.0275309512926135
0,0.0285194444166471
0,0.0966935436427354
0,0.0236068004814913
0,0.0066763797113401
0,0.0274470500663454
0,0.0283883943106404
0,0.0275982988487085
0,0.0275332848498443
0,0.0345864546377263
0,0.0279257206111613
0,0.0276661958625466
0,0.0081841176915057
0,0.0152340956534698
0,0.0274097976786507
0,0.0219778830483299
0,0.0219902923262274
0,0.0276113472579235
0,0.028013824728196
0,0.0284733423303031
0,0.0283260782154476
0,0.0276431770990785
0,0.0987877561085565
0,0.0287058083081324
0,0.0462436716559627
0,0.0274476431403101
0,0.0290776420747715
0,0.0280981854935073
0,0.0054251741827895
0,0.0285861881164734
0,0.029453189197294
0,0.0287170551354302
0,0.0250818031574985
0,0.0282184760763126
0,0.0279443461172795
0,0.0284917175921723
0,0.0290791036074683
0,0.0307984175668033
0,0.0277910376491679
0,0.0239518801845582
0,0.0274301701489332
0,0.0094769513895315
0,0.0277589443339311
0,0.0039624222001221
0,0.0292755666756208
0,0.0246713424784967
0,0.0274095253801493
0,0.0062050372096681
0,0.0276463304330496
0,0.028856266820451
0,0.0054220420138707
0,0.0290644377448041
0,0.0254138770897682
0,0.0050567787746949
0,0.0148224579075609
0,0.0223413583339687
0,0.0136120676791972
0,0.0287676565538966
0,0.0037504917946346
0,0.0715057362179469
0,0.028465785915625
0,0.0283804723241474
0,0.0290903277554718
0,0.0286138341783057
0,0.0280705492203595
0,0.0162346427087456
0,0.0276352936354497
0,0.0282869839515032
0,0.0056753658188489
0,0.1314945718624233
0,0.0088542130072985
0,0.0276825175921559
0,0.028850635248921
0,0.0288614699228378
0,0.0293928687296181
0,0.0275689326688576
0,0.0273696577145442
0,0.0284483524699924
0,0.0283058324885465
0,0.0058596008722819
0,0.0274422074350546
0,0.0274295012628866
0,0.0139443445625776
0,0.0210152872096946
0,0.0052176756969492
0,0.0290253139407179
0,0.0040951247692369
0,0.0287334375807813
0,0.0638723157850479
0,0.0239721436927182
0,0.2944071244506784
0,0.0234373680222898
0,0.0278857388911218
0,0.003709745069031
0,0.005771798558211
0,0.0058301092410453
0,0.0275236671096327
0,0.0289895369088
0,0.0287982319562511
0,0.0292003686556647
0,0.0274085227880346
0,0.0276302016817094
0,0.0279576046511386
0,0.0274792818450338
0,0.0040110464127887
0,0.0128611218676758
0,0.0052603043675342
0,0.0293650730875809
0,0.0290063732573538
0,0.0293078611809221
0,0.0239696760018634
0,0.0482951754812658
0,0.0275071225812707
0,0.0318015096676493
0,0.004301989949085
0,0.0293023427663516
0,0.0071159481858874
0,0.0043157573435238
0,0.0294122606337265
0,0.015263954227075
0,0.0281713399999922
0,0.0274370884810343
0,0.028987715452772
0,0.02940810262407
0,0.020975081643928
0,0.4086604064441865
0,0.0280181817667008
0,0.0099178300615878
0,0.0293456853001263
0,0.0237588086674948
0,0.0286257119502447
0,0.0274856268669258
0,0.0124839237126257
0,0.0016229621607667
0,0.0320359436093426
0,0.0294656420123577
0,0.0286915072543554
0,0.0093499397736599
0,0.0241375043252695
0,0.0276941523347761
0,0.027501213982265
0,0.0182242963579667
0,0.0115300608658827
0,0.0172572195672314
0,0.0274169033678505
0,0.02740747528848
0,0.0155864985792837
0,0.0283227707108205
0,0.0274264512294103
0,0.0288064614011122
0,0.0284382522207596
0,0.0292370093045463
0,0.0292343663413326
0,0.0279563860146031
0,0.0633180250473574
0,0.0041417007620362
0,0.0274125984722276
0,0.029056082678617
0,0.0292295247641559
0,0.0146912397538446
0,0.0106430019159616
0,0.0290912410667777
0,0.0275243410728543
0,0.0292671381825277
0,0.0239909369142189
0,0.0251245666531734
0,0.0279304114105663
0,0.0288537708430801
0,0.0233701110357576
0,0.0276327172837513
0,0.0301469977266194
0,0.0288698120116651
0,0.028306139288014
0,0.0293952547020258
0,0.0032359177581199
0,0.0191774408899238
0,0.029093284072838
0,0.0286340612152893
0,0.0020310031350889
0,0.0241105157448876
0,0.0169786969704656
0,0.0261179778060501
0,0.0280246321012958
0,0.0549554180353618
0,0.0168969457942836
0,0.0290071181683862
0,0.0279061984168889
0,0.2613186044217115
0,0.0278730353844814
0,0.0288227886810545
0,0.0293575888953076
0,0.0275641013624169
0,0.0288267563761833
0,0.0847203565556996
0,0.0061171632478629
0,0.0215340126303218
0,0.0077582932842024
0,0.0284349573986147
0,0.0274084763832852
0,0.013817677196425
0,0.0274221615701474
0,0.0401600502998746
0,0.0198002874654863
0,0.0291572423298235
0,0.0167253973674361
0,0.0292849881230475
0,0.0274314242769851
0,0.0104353738106854
0,0.0277967372959712
0,0.026044072751761
0,0.0284251221582828
0,0.0288203200131659
0,0.029374001771629
0,0.0273856103150314
0,0.0286974201657376
0,0.0144585989634559
0,0.0276598462810494
0,0.0292902661677539
0,0.0280396456225089
0,0.0294034929621022
0,0.025019843311712
0,0.0275676442075248
0,0.0235324123655496
0,0.0281368651703581
0,0.0546818371136412
0,0.0275034685118366
0,0.0057665095228813
0,0.0115345968510376
0,0.0280479282999369
0,0.0290289622866521
0,0.0292982583376945
0,0.0048259244096283
0,0.0280834241311018
0,0.0293546445752964
0,0.0293339714889284
0,0.0294834766197833
0,0.0286371179618889
0,0.0263777104192488
0,0.0277126233087277
0,0.0275801450956848
0,0.0274584959469995
0,0.2850444850747657
0,0.0292528827271978
0,0.0051994674147831
0,0.0269114314169692
0,0.0190924437970694
0,0.016018587827708
0,0.0042372317303184
0,0.0191480780100799
0,0.0294819969277996
0,0.0292574572386284
0,0.0121449896824322
0,0.01304404237875
0,0.0053156886250037
0,0.0050692408486465
0,0.028214067437898
0,0.0275278703132242
0,0.0287303036236309
0,0.0439809201420982
0,0.0239460115557242
0,0.0046350131887921
0,0.0287929979113907
0,0.0077417872869005
0,0.0052681197504251
0,0.0266198333564006
0,0.0289340780598913
0,0.027858112555702
0,0.0183417714781858
0,0.0274126899372426
0,0.0286013387170025
0,0.0089435800117135
0,0.027558298667837
0,0.0079200707330584
0,0.0276689269814322
0,0.02784911110417
0,0.0275953354074821
0,0.0293286827665818
0,0.0261882742623379
0,0.0074760434727234
0,0.0145242395263155
0,0.0278227874344834
0,0.0034663587474301
0,0.0286324554093466
0,0.0274345289458323
0,0.02865528872222
0,0.0639190383567239
0,0.0285850431608855
0,0.008832948018359
0,0.0275678785819133
0,0.0040183816858853
0,0.0287713285070173
0,0.0286783092901708
0,0.0040642219150322
0,0.0151967936564779
0,0.0290376272061874
0,0.0630331535357067
0,0.0277255994849987
0,0.0133164817715849
0,0.0279326776053458
0,0.0126740259184349
0,0.0209355755449359
0,0.0277058771869812
0,0.0293269951834191
0,0.0274314581334554
0,0.0275086219782752
0,0.0286625780611436
0,0.0274614002770245
0,0.0287856803032326
0,0.0276497715543296
0,0.0275669256669912
0,0.0276770807525954
0,0.0141401619149502
0,0.028961919347435
0,0.0276639761549961
0,0.0074977003837468
0,0.0289680775411461
0,0.0277696440384745
0,0.0274275050914193
0,0.0282269367512861
0,0.0248764914062753
0,0.0117427753029786
0,0.0282969161957368
0,0.2337206437565417
0,0.0282932387850751
0,0.0294417341432715
0,0.025510770894215
0,0.009196698016662
0,0.0276068933165202
0,0.0100050989926905
0,0.0284779245386072
0,0.0275232688724577
0,0.028856013180033
0,0.0281112558962607
0,0.004544831869911
0,0.0284349573986147
0,0.028829510220157
0,0.02811572048902
0,0.0146888405412043
0,0.0274523523942687
0,0.028548724613526
0,0.114155909217927
0,0.0285032267825368
0,0.0287190977331666
0,0.0104191650091305
0,0.0275127991807932
0,0.0282620057819836
0,0.0056881127649412
0,0.02754203957535
0,0.0275411766593584
0,0.0285860254914784
0,0.0293945220473177
0,0.0293273658829942
0,0.0253101196263427
0,0.0202041306349364
0,0.027786626158728
0,0.0273749448889177
0,0.0219762078264062
0,0.0289702339213777
0,0.0334747793750223
0,0.0075312251310752
0,0.0050301036647691
0,0.0283277303109075
0,0.0288439205667124
0,0.0293931436437652
0,0.0042788889954824
0,0.0275373616485877
0,0.0039054213437815
0,0.0111144104508389
0,0.013945298875549
0,0.0289056725778409
0,0.0287670436790673
0,0.0064979578156437
0,0.0156693959967424
0,0.027483067473295
0,0.0038962117453585
0,0.0037024988263125
0,0.0283930430032138
0,0.0172576871951129
0,0.0091009139773433
0,0.0289259009015055
0,0.0275160125324843
0,0.0238184226977538
0,0.027983540304179
0,0.0293238949143942
0,0.052920470826797
0,0.0034265214821278
0,0.0280972423170145
0,0.0911163200481173
0,0.0287361890608623
0,0.0147162786489327
0,0.0280683151330161
0,0.0217794046949383
0,0.0283164347678901
0,0.0235465655465182
0,0.0292276950814761
0,0.0295149714413646
0,0.0286385271556139
0,0.0285711630051951
0,0.0286999050488116
0,0.0311876645827361
0,0.0237155986322903
0,0.0044544498362432
0,0.0240566753355623
0,0.0280666844500679
0,0.0249490560512009
0,0.0274896618073221
0,0.0293832120248261
0,0.023867059061817
0,0.0281082298108639
0,0.0281202554692632
0,0.0274995118440513
0,0.0281338950842595
0,0.0798192411523286
0,0.0275940434329298
0,0.0291633329330492
0,0.027452613222299
0,0.0289168376717481
0,0.0279914346190141
0,0.0220847961067639
0,0.0282343920381167
0,0.0275927737696243
0,0.0255499645010319
0,0.0200919848643025
0,0.0294346878636335
0,0.027786626158728
0,0.0293736299896341
0,0.0279380961856717
0,0.0342282594229122
0,0.0292745844107649
0,0.0287842125340274
0,0.0342451491773941
0,0.0286487511578892
0,0.0229336260355568
0,0.0171603163137032
0,0.0274610354157953
0,0.0283424944534728
0,0.075169949171752
0,0.0263313233274401
0,0.0275109017493987
0,0.0283005993000035
0,0.0081345968501641
0,0.0165726643241482
0,0.0280829122410673
0,0.0285169225369934
0,0.0098003957604593
0,0.0236063916167893
0,0.0235080457954042
0,0.027413932524479
0,0.0037190077067449
0,0.027728366186098
0,0.0275832298218141
0,0.009767511366655
0,0.027562287373569
0,0.0274353371470038
0,0.0290308630824653
0,0.028157736129504
0,0.0285665947111576
0,0.0027360413701906
0,0.0279393573370325
0,0.0281546632052905
0,0.0046892126313417
0,0.028115302422505
0,0.0274268553340464
0,0.0087325381403773
0,0.0273597454100124
0,0.0285106039029851
0,0.0291438810956614
0,0.0278452867670095
0,0.0274170625690643
0,0.0055596464195319
0,0.0282525734173769
0,0.0146084539571906
0,0.0285784610528442
0,0.0195356946134678
0,0.0274050511696542
0,0.0085948248380593
0,0.0292572248022669
0,0.0097461501524302
0,0.0290777703135495
0,0.0282822382271011
0,0.0233121799093754
0,0.0146683745867295
0,0.0278910395621
0,0.0295683495971006
0,0.0287591277179706
0,0.0275023093081574
0,0.0067323488186319
0,0.0276011446573678
0,0.0087553563839153
0,0.1821299144747937
0,0.0049817953707211
0,0.0278888611282801
0,0.0232994601771262
0,0.0233175231932395
0,0.0034151041595493
0,0.0056403539605878
0,0.0283620081585853
0,0.0283257012561783
0,0.0245226517724885
0,0.0114666521687854
0,0.0274243859227754
0,0.5771024000686307
0,0.027730130893517
0,0.0280620210966797
0,0.0275926653373742
0,0.0036814336511015
0,0.0280126292148834
0,0.0293234414619696
0,0.0284664650343402
0,0.0174691755359836
0,0.0274483142549271
0,0.0341844221249485
0,0.0253143572547687
0,0.0294111703697952
0,0.0031535693630967
0,0.028267316168328
0,0.0275258419014338
0,0.0277128995653738
0,0.0285324312669372
0,0.0288456161588115
0,0.027893062389765
0,0.0281458073412213
0,0.0163725640858704
0,0.029272987968046
0,0.0284019837480191
0,0.0273625525000958
0,0.0171918246607461
0,0.003450584205811
0,0.0284689206344316
0,0.0083988396872142
0,0.0274747212631834
0,0.0073865335813357
0,0.0281287417955065
0,0.0275106370091108
0,0.0284884408776311
0,0.026982509486984
0,0.0274987506688645
0,0.015875655720328
0,0.0061824749485927
0,0.0546027798440904
0,0.0275942913684411
0,0.021068237417063
0,0.027783315991345
0,0.0280652044858975
0,0.0278943779949148
0,0.0274100551387589
0,0.0285906708707223
0,0.0284785340185498
0,0.0281621640427903
0,0.0285808335828586
0,0.0274827529485889
0,0.0118285239483985
0,0.0654416801279554
0,0.0291653320598263
0,0.0294472845630002
0,0.0226445814115197
0,0.0283121022201964
0,0.0282891059209637
0,0.0631788299359391
0,0.0249327222740633
0,0.1850345081032559
0,0.0283184019917264
0,0.0028040720628923
0,0.0275814912688021
0,0.0061739025173903
0,0.0274254032230696
0,0.0274950286413052
0,0.0274102705446512
0,0.006088693604163
0,0.0060987995706017
0,0.0293472239594347
0,0.0275217384194748
0,0.0266096855890265
0,0.0222655083000318
0,0.0256296147017387
0,0.0160848906525553
0,0.0288373937954337
0,0.020733836942137
0,0.0152182646164815
0,0.0121931748964062
0,0.0125023048774759
0,0.0282107443005095
0,0.0276907466205391
0,0.0060051257320633
0,0.0288853235303184
0,0.0295738674902473
0,0.0303070868938277
0,0.0041903168346311
0,0.0053003397102294
0,0.0274205308272048
0,0.0288596864400879
0,0.0278859628835466
0,0.0284116942895691
0,0.0365696173861778
0,0.0281283864124469
0,0.0048312788819676
0,0.0292646019334768
0,0.0283321516397643
0,0.0289491511479956
0,0.0328795862596295
0,0.0249521105290982
0,0.019051800197714
0,0.0285426448004341
0,0.052342348453786
0,0.9858297260458464
0,0.0289682199476133
0,0.0275532968632093
0,0.0293546852123037
0,0.0280944430718935
0,0.049844906867174
0,0.0037400745945254
0,0.0283222102165948
0,0.028183895111754
0,0.0271689438717096
0,0.0048650586343847
0,0.0085713590938
0,0.0260653021960875
0,0.0274631731411627
0,0.0276704316730723
0,0.0287616691940462
0,0.0558693870328934
0,0.0274160591531419
0,0.3205086666151206
0,0.0287240172250487
0,0.02809583438284
0,0.0932471226580063
0,0.0283996882346347
0,0.0274507004115931
0,0.0274756852003355
0,0.0276672060850132
0,0.0283327435159701
0,0.0278628283749838
0,0.0055507290436181
0,0.0125400606396338
0,0.0284462811422878
0,0.3393080099073104
0,0.0286631899546674
0,0.0287778425273139
0,0.3362831569721021
0,0.0289768595624475
0,0.0225569880660367
0,0.0419678414462616
0,0.0251225907752649
0,0.0125949817669488
0,0.0221505904629388
0,0.0294425626664046
0,0.0292935767739875
0,0.0281718637527825
0,0.0281909000169855
0,0.0282316327634645
0,0.0305458047175287
0,0.0283402889564153
0,0.0453144758663601
0,0.0286083101883388
0,0.0274567873343054
0,0.0936568775221496
0,0.0279134392337318
0,0.0063778442992109
0,0.0287463364624629
0,0.0287467428976828
0,0.027592510443989
0,0.0275858376926117
0,0.0249397436113307
0,0.0293183430354372
0,0.005041464885199
0,0.0295203532676014
0,0.027546837635076
0,0.046505376458167
0,0.0174323562026752
0,0.2644786822261162
0,0.0292486851561353
0,0.0269047038992866
0,0.0275307710660241
0,0.0189912098551813
0,0.0286288147408469
0,0.0675894213243129
0,0.0142925107880492
0,0.004267603826408
0,0.0274621082984947
0,0.0294032991463179
0,0.217823298895294
0,0.0064208800869855
0,0.0274900250959986
0,0.0274073659065511
0,0.3021858523902845
0,0.0954656852749343
0,0.0292831908122568
0,0.0259132288679841
0,0.0291445526031755
0,0.0238689566550399
0,0.0233945981293026
0,0.0281077275650758
0,0.0267278750968137
0,0.0281153790271591
0,0.0230267654425111
0,0.0046620402891826
0,0.0266661518859574
0,0.0295924415273922
0,0.0557359370690773
0,0.0289377641319602
0,0.0294187194964558
0,0.0287033783685431
0,0.0663731932816697
0,0.0290139713920289
0,0.0169051226605034
0,0.0077604561415281
0,0.0276811354159617
0,0.0283277303109075
0,0.0100500061283138
0,0.0284744122811865
0,0.0293909402675731
0,0.0293586670987233
0,0.0040878592825127
0,0.0267940171075368
0,0.0275481186031554
0,0.0287173356500855
0,0.0281848137651073
0,0.0293939793668209
0,0.0290072315092948
0,0.0284148946352658
0,0.0238159287359372
0,0.030705321002187
0,0.0274430103091006
0,0.1348928693225888
0,0.0284532047863476
0,0.0278697723345295
0,0.029336783058689
0,0.0293219215383551
0,0.0043154201703877
0,0.0051292493106284
0,0.0360897909657081
0,0.0275521010621068
0,0.0280215532573498
0,0.027456118619519
0,0.0281800212025384
0,0.0274983661150939
0,0.1931506014808959
0,0.0281734896430065
0,0.039954382594823
0,0.4811466167112586
0,0.0237589766872682
0,0.0293630786930568
0,0.0253747743988522
0,0.0082650708423508
0,0.0292691207711374
0,0.0276881043591656
0,0.0288468127296597
0,0.0281586396331581
0,0.0163578876438822
0,0.0290932931360532
0,0.0276177566760125
0,0.027862157684558
0,0.0284252685104712
0,0.0095946584228123
0,0.0007758704757486
0,0.0059348567721588
0,0.0321631923378784
0,0.0186823520462117
0,0.0290063094777859
0,0.0274468385214401
0,0.0275322399707239
0,0.0274822404895794
0,0.0293788096863019
0,0.0275723755470691
0,0.0293820739578138
0,0.0274999734879238
0,0.0293335108874781
0,0.0293991578334907
0,0.027717214746101
0,0.0578462607442358
0,0.0079473768182496
0,0.0240694736027173
0,0.0241529023942384
0,0.0287385740471032
0,0.027524185836168
0,0.0279163797076123
0,0.0291951831543603
0,0.0274596026798677
0,0.0294125170270753
0,0.0281218494487871
0,0.0283517866327817
0,0.0054303195732166
0,0.0374214484478911
0,0.0274899002645059
0,0.0275027375490164
0,0.0247800926988317
0,0.0274300555385226
0,0.0257732077793986
0,0.0300558953842034
0,0.0044034309201474
0,0.0281920177047337
0,0.0285748693269904
0,0.0287137244647568
0,0.0235290131840503
0,0.0029805529559578
0,0.0279144133728809
0,0.026653636827494
0,0.1254132567523222
0,0.0292834132894856
0,0.001879169172907
0,0.02750914668259
0,0.0045455864584306
0,0.0294204656032809
0,0.0284747051344529
0,0.0119183612830916
0,0.028251145412521
0,0.0291135546036831
0,0.0040175924514519
0,0.0106513283905196
0,0.0292947438616929
0,0.0284079328932598
0,0.0247290388710314
0,0.0275083143360503
0,0.027414852482037
0,0.0065617220904176
0,0.0279141480940064
0,0.0152543327818149
0,0.0251107122335194
0,0.0079154098009166
0,0.0293569479332062
0,0.0476335091860744
0,0.0290742757623588
0,0.0275502219283665
0,0.0059032813062848
0,0.0288141331822998
0,0.0279606618582831
0,0.028436659710917
0,0.0276701120697883
0,0.0280322946443176
0,0.0247346977877793
0,0.0233500000589202
0,0.0252988183622935
0,0.0206459635860369
0,0.0276418337327109
0,0.0428167603868107
0,0.0279994564503346
0,0.0116756734736755
0,0.0274093692291716
0,0.019291560063062
0,0.0277180981194675
0,0.026802754669641
0,0.0274470067314131
0,0.0043039143218473
0,0.0293894444637862
0,0.0256829835526043
0,0.0116264337079193
0,0.00454153840669
0,0.0279380961856717
0,0.0289203993547075
0,0.0293192056966988
0,0.0283808007074052
0,0.0138267822460691
0,0.0282011235917112
0,0.0247412538189586
0,0.0286194811454393
0,0.0273952695988968
0,0.0280519522099477
0,0.0608831657756522
0,0.0258923275047935
0,0.127782802672614
0,0.0276489591298886
0,0.0279416723610585
0,0.0274617472480449
0,0.0283148151434254
0,0.02630486644419
0,0.0258164285925063
0,0.0291984871744272
0,0.0280887047938482
0,0.0034530225432287
0,0.0292434754797688
0,0.0280112100922178
0,0.0233003435680497
0,0.027702273628173
0,0.0280467415759513
0,0.0052594780455334
0,0.0072380460338514
0,0.0276679712293006
0,0.0292139462928382
0,0.027750377151938
0,0.0940582214549991
0,0.0242744736214535
0,0.0289325078171605
0,0.0288654819521868
0,0.0254694246717573
0,0.0272441375835266
0,0.0288935762869989
0,0.0293400576420869
0,0.9868581538455942
0,0.027457182761067
0,0.0290838895567631
0,0.0224102802684166
0,0.0069524361965219
0,0.0280396154619297
0,0.0233545032323829
0,0.0270115503274088
0,0.0160083235301361
0,0.0160276151650171
0,0.2799024390886818
0,0.0259279156065568
0,0.0280212345414759
0,0.0279712745712078
0,0.0275011249729922
0,0.0275928267929901
0,0.0293876692640386
0,0.023622715737861
0,0.0281118344884787
0,0.0281805492342217
0,0.0103223550110646
0,0.0272841662046212
0,0.0121693458958726
0,0.0285298470198031
0,0.0239616701237896
0,0.008826773562447
0,0.0056986677781429
0,0.0251657053038525
0,0.3468335083555191
0,0.0293470802552184
0,0.0064036415061701
0,0.0293324818928303
0,0.0330508572108707
0,0.0280946382444831
0,0.0191544470729294
0,0.1330748229986735
0,0.0052225881200273
0,0.0288671217899221
0,0.0280052080403731
0,0.831366865732667
0,0.0278746314780162
0,0.0132571878440597
0,0.0295487233161086
0,0.0237677193612155
0,0.0292497605070319
0,0.0282314048979919
0,0.006104916337793
0,0.0278406117242189
0,0.0289452074996246
0,0.0292868093565362
0,0.0273684392684053
0,0.0282042983994293
0,0.0290548705634974
0,0.0257308806439186
0,0.0249601504884715
0,0.0077814230695308
0,0.0257987420527381
0,0.0198878652600204
0,0.0057285783393481
0,0.0057771990513733
0,0.6987210632098813
0,0.0056654461083859
0,0.0360970431798659
0,0.0289018207069734
0,0.0282108807240988
0,0.0101752553248621
0,0.0269762139856692
0,0.0258989837159786
0,0.02923320240331
0,0.0253125918841882
0,0.0109234618483406
0,0.0509867081411206
0,0.0274267378478471
0,0.0033185225730155
0,0.0604337215705386
0,0.0156735449883421
0,0.0274818473948734
0,0.0078416734753171
0,0.0294161655079206
0,0.4718313756264875
0,0.1766275748825109
0,0.0285790566847568
0,0.0262662707854125
0,0.0292634502685349
0,0.0287360974225709
0,0.0234432517197233
0,0.0123399559344571
0,0.0281852369787425
0,0.0228973155993891
0,0.0282614064230356
0,0.0058471503286215
0,0.0274136702617666
0,0.0277718442364154
0,0.0592663530764643
0,0.0277727640400659
0,0.0293140284744956
0,0.0275792607883942
0,0.0274065582516261
0,0.0134206429792122
0,0.0074474190729624
0,0.0282435402970874
0,0.0185025134724722
0,0.0290802967997988
0,0.027454763827809
0,0.0222423723195337
0,0.0287251042680311
0,0.0286662898594643
0,0.0274246276323298
0,0.0290995027698076
0,0.0173126109753641
0,0.0044128471999603
0,0.0293398746512678
0,0.0237220486822036
0,0.029206702510712
0,0.0271169870400458
0,0.0292344940003114
0,0.0170921964272162
0,0.027592510443989
0,0.0279064450918745
0,0.0276082433333727
0,0.027520952409441
0,0.0228676266071648
0,0.0291883653150402
0,0.0054194887282338
0,0.0354991073604093
0,0.0293609689918091
0,0.0274707754125835
0,0.0207292094786939
0,0.0294460243887905
0,0.0274089022835074
0,0.0196229346958376
0,0.0275343368817125
0,0.0289253473553746
0,0.0099960828194704
0,0.0287742367000735
0,0.0286563127630957
0,0.0273920095441913
0,0.0290179262863469
0,0.1605792175701471
0,0.0274783639880832
0,0.0288586509607755
0,0.0060383508301626
0,0.0262565505028148
0,0.0279197363604937
0,0.0279853881914463
0,0.0262391695196701
0,0.0148557970937613
0,0.0123684987475738
0,0.0286408183377211
0,0.0281890576496858
0,0.0293290524095751
0,0.0275690557583966
0,0.0050810763591652
0,0.0081687292062399
0,0.028098609828226
0,0.0290873563734718
0,0.0063129426903546
0,0.0269629638439231
0,0.0293474778989802
0,0.0274653576493829
0,0.0284221639487888
0,0.0283733853315309
0,0.0274234003050119
0,0.004173295328447
0,0.028166732266149
0,0.0279109078322587
0,0.038326544141324
0,0.0290647540551825
0,0.027792383449103
0,0.0257229566153891
0,0.0290459191560888
0,0.027558944272552
0,0.0068323027084379
0,0.0275161102429681
0,0.0275798430705119
0,0.0274213291303383
0,0.0239571739977915
0,0.0283055790954598
0,0.027562373118815
0,0.0467477458726653
0,0.0283299855472639
0,0.0277915992147479
0,0.0277049169495204
0,0.0281186947487792
0,0.015165551931814
0,0.0054271428565563
0,0.0249700933255158
0,0.029252964662162
0,0.0275063212339697
0,0.0277032447967251
0,0.0292214073792323
0,0.0195787843408851
0,0.0269469223477894
0,0.0315583632858844
0,0.0293924490519934
0,0.0066636511797639
0,0.073244452803796
0,0.0132710739614358
0,0.0295572374757729
0,0.298943794443498
0,0.0288361754867646
0,0.0287548285708618
0,0.0251330039621789
0,0.0124649722613927
0,0.0359766500916215
0,0.0291119297724609
0,0.0066324788504527
0,0.003523421753785
0,0.0277399726705758
0,0.0286365605804246
0,0.0536696271900185
0,0.0293241699624157
0,0.0277266843728037
0,0.0126620825966881
0,0.0040790813028923
0,0.0274455051760004
0,0.0050866340134385
0,0.0276762828430862
0,0.0293181775054598
0,0.0274189889435516
0,0.020839500770369
0,0.0286809074287114
0,0.0274356360113995
0,0.0275354602401103
0,0.0288745218320499
0,0.0074358022132884
0,0.0155766059406102
0,0.027450052483579
0,0.0010238197081592
0,0.6816536181549616
0,0.0283769341620593
0,0.029348587712803
0,0.0244111736218612
0,0.0281822187065726
0,0.02766450931348
0,0.0079051819269872
0,0.0275099166923225
0,0.0151093394250133
0,0.006088693604163
0,0.0288096235513865
0,0.0189829226598804
0,0.0294570864572196
0,0.0276474279750135
0,0.0287053441754428
0,0.0289313237304193
0,0.0293709978553567
0,0.0275346618416763
0,0.0173339191650612
0,0.0095684447817842
0,0.0284615569230222
0,0.0274124403374434
0,0.0232999057334258
0,0.0078108218361735
0,0.0282624824207934
0,0.2719891679836094
0,0.0274180975521929
0,0.0280302024583938
0,0.1932871106977946
0,0.0274382627521404
0,0.0282331112594251
0,0.6616851760615705
0,0.2358626861135462
0,0.0067001646434322
0,0.0275516119240383
0,0.0286963386886771
0,0.0276193953961933
0,0.028147851776194
0,0.0195906031859796
0,0.0142922866356212
0,0.0041672389028261
0,0.0276126910850235
0,0.0172287717425975
0,0.0319389568492761
0,0.0248724470564693
0,0.027868109627031
0,0.0279333071292472
0,0.0291917397795811
0,0.0112165171922583
0,0.027878238733168
0,0.0283444083688856
0,0.0193974618272598
0,0.0203618772362675
0,0.0030618465937686
0,0.0290576640683019
0,0.0281947199027933
0,0.0261110527552998
0,0.0162830588867182
0,0.0032639878302868
0,0.0059152174070414
0,0.0281059569745311
0,0.0275605321145526
0,0.0193629891278035
0,0.0056541179110978
0,0.0292618948962632
0,0.0233392846049258
0,0.0032753378523113
0,0.0275898727245876
0,0.0279577626026842
0,0.0275079678332219
0,0.0078413452375998
0,0.0278082561959321
0,0.0251701206405921
0,0.0154654562464908
0,0.0274147148082521
0,0.0292421749464714
0,0.0253397516072658
0,0.0276787742582848
0,0.0265834418768943
0,0.0311165411004427
0,0.0273689144802917
0,0.0290363476769811
0,0.0049493779592902
0,0.0288692441198739
0,0.0023038537299259
0,0.0274645590276861
0,0.0291211693661198
0,0.0277759062118005
0,0.235688315610553
0,0.0289890063716009
0,0.0290620067390034
0,0.0281399976342317
0,0.0250538010593441
0,0.0273975155986464
0,0.0282115148226062
0,0.0288119628937553
0,0.013140451911376
0,0.020862064743368
0,0.0279772760895549
0,0.0156532547606317
0,0.0277420125540198
0,0.0291843589265925
0,0.0274176927714806
0,0.0275593266116567
0,0.0279221537971632
0,0.0279753133114495
0,0.027010376149482
0,0.0281463875687054
0,0.027606021785971
0,0.0239032896744128
0,0.0118023510443277
0,0.0230879896443038
0,0.0283542834555319
0,0.0285961015850278
0,0.0275427067656239
0,0.0289969370550778
0,0.0286485182678536
0,0.008867573652565
0,0.0293528946272862
0,0.0292091000625864
0,0.0276593375253862
0,0.0275432562449225
0,0.0212343214400873
0,0.0291667549017258
0,0.0285795639753903
0,0.0098422607351957
0,0.0291869625988863
0,0.0289203979556197
0,0.0088023115272368
0,0.0463577870715649
0,0.0275417425971213
0,0.028740188959127
0,0.0277411868656091
0,0.0293331621834451
0,0.0207800955878086
0,0.0242396426512841
0,0.0145588872549262
0,0.0095761787247872
0,0.0274412926568486
0,0.0278712962858139
0,0.0276026309062029
0,0.0294411050014386
0,0.1280157334062396
0,0.0294083210634628
0,0.0292557257522663
0,0.0258444954358158
0,0.0273934670309653
0,0.0276571795298202
0,0.0064085128411993
0,0.0076892114027049
0,0.0291857666127896
0,0.0284553970064836
0,0.0276637391955144
0,0.0098245049848306
0,0.0273901619509682
0,0.0419017925062197
0,0.0276156661390133
0,0.0275056993907832
0,0.0231752946451328
0,0.0284145354818344
0,0.028109659448338
0,0.0285118086597909
0,0.0293353110177577
0,0.0281309984981806
0,0.0190549968302048
0,0.0280100500841851
0,0.0037796324637182
0,0.0221647869198837
0,0.0040162681812062
0,0.0278198983468858
0,0.0276915262283389
0,0.0076219065410028
0,0.0132799434014928
0,0.0287872249920334
0,0.0574214059335578
0,0.0057923481257119
0,0.0631807712751414
0,0.0289845536504965
0,0.0294058806511932
0,0.0293983969125735
0,0.0069338229473228
0,0.0102137268262696
0,0.0276467909920701
0,0.0293377961807397
0,0.0291875521343813
0,0.028216947911997
0,0.1307618610142731
0,0.0044830818279472
0,0.0295358236555457
0,0.0294303308593688
0,0.0037101765960969
0,0.0279652906524463
0,0.0067049153014659
0,0.1626563216870742
0,0.0275238834276379
0,0.0283610425465151
0,0.0267327551423989
0,0.0270262312454167
0,0.0280284738496548
0,0.0042020592974314
0,0.0047144636104824
0,0.0293197908574023
0,0.036085844786479
0,0.029187867040961
0,0.0274160766087768
0,0.0278053225833891
0,0.0277324854436364
0,0.0100420185076709
0,0.0289716894810045
0,0.0292737528149034
0,0.0160149862496957
0,0.0059797113801209
0,0.0287136725997365
0,0.0287241055326836
0,0.028164712899356
0,0.0289039883080092
0,0.0283211959849102
0,0.0274136088622029
0,0.0284274481282473
0,0.0030215618806799
0,0.0352587850404919
0,0.0278476965709843
0,0.0162901124102751
0,0.0260415685736531
0,0.0088960070493849
0,0.0289704996209894
0,0.0292324495375832
0,0.0233248725172094
0,0.0293950298485878
0,0.0106079812982297
0,0.0274171272541787
0,0.0274430215386438
0,0.0275435326381216
0,0.0293783597638817
0,0.0288653494289162
0,0.0241883300732005
0,0.0049725241195583
0,0.1113879706842926
0,0.0278524529383661
0,0.1003336260970747
0,0.0283189560149763
0,0.019519896085318
0,0.0047675881815869
0,0.0293273113270369
0,0.0287863233588525
0,0.005246920568207
0,0.0291168018395495
0,0.028863178380663
0,0.0286237549764046
0,0.0276849850928529
0,0.0189615307995901
0,0.0278293797776094
0,0.0279129234177183
0,0.0290234367218801
0,0.0244552565406092
0,0.0274431131347165
0,0.0141893087950148
0,0.0250734659688192
0,0.0275121673064228
0,0.0276407328945815
0,0.0273801346448745
0,0.0274659907875051
0,0.02810501597127
0,0.0061784906878938
0,0.027900565901429
0,0.0290031684645921
0,0.0293726719988079
0,0.0267631117694564
0,0.027541888010072
0,0.0231770427187528
0,0.0288585185104089
0,0.0274954651493452
0,0.0496439250927998
0,0.0292772524035097
0,0.005293303957831
0,0.0286491164689552
0,0.027658922623047
0,0.0266809108240027
0,0.0276503914946627
0,0.0439380756772447
0,0.028879583240451
0,0.0222698946915577
0,0.0274903829597915
0,0.0293332353686839
0,0.0111614443204679
0,0.0280327909211621
0,0.0274205308272048
0,0.0214595075436636
0,0.005535756357039
0,0.0279547787058964
0,0.0209273956212357
0,0.0271191046835537
0,0.0147691980841844
0,0.0278070132321693
0,0.02749520416547
0,0.0108801573924608
0,0.0280571627181132
0,0.0931616478855743
0,0.0055948226937612
0,0.0284876262638799
0,0.0762709901157857
0,0.0220388612179912
0,0.0106637555671481
0,0.0280339969297551
0,0.0100768456362647
0,0.0064056742886686
0,0.0292405557724477
0,0.1199380945978031
0,0.0072101428519245
0,0.0093538178184696
0,0.0274176927714806
0,0.0292170777383037
0,0.0280712880052192
0,0.0277722459031244
0,0.0056161002545408
0,0.0294911079154522
0,0.027947295869151
0,0.0275985382689412
0,0.026872306836399
0,0.0289115147576253
0,0.0275798714469925
0,0.0275533872167143
0,0.0287578278403663
0,0.0240602312275893
0,0.0193747571418556
0,0.0067089786978439
0,0.0067848000096143
0,0.0278215308893388
0,0.0049621034670472
0,0.0213274154364499
0,0.0259228948646194
0,0.0293336767864824
0,0.0048291888623033
0,0.0043344687801172
0,0.0288053675587132
0,0.0053309761392421
0,0.0089548248826883
0,0.0240527575993754
0,0.0056318050334286
0,0.1482420751022485
0,0.0151816731590052
0,0.0293935459606017
0,0.0274424498603343
0,0.0093147684247858
0,0.0276369924299083
0,0.0274577091980913
0,0.0045727709094837
0,0.5968659561358507
0,0.0283628968580572
0,0.021262032511327
0,0.0061282662672275
0,0.0289088561998717
0,0.0267022789216355
0,0.0245179264920631
0,0.027906016610561
0,0.0118855581461889
0,0.6434328401158775
0,0.0235010812348295
0,0.0285320252590322
0,0.0233080794698112
0,0.0283953411450136
0,0.0285465273859989
0,0.025474835879614
0,0.0277464285081173
0,0.0251512444263028
0,0.0093503751149236
0,0.0277721854691397
0,0.0274242635668089
0,0.0142474546177325
0,0.0281732983918133
0,0.0274126899372426
0,0.0288282000234226
0,0.0084792768438059
0,0.0059976360777345
0,0.0280600723528215
0,0.0180331362377105
0,0.0291926118808281
0,0.0893548016343505
0,0.0172008031931825
0,0.0289204599808997
0,0.0286288867793105
0,0.0278082561959321
0,0.0089691363287773
0,0.1527820061710451
0,0.0282383662392703
0,0.00480468771398
0,0.0118201093928369
0,0.0281744322118501
0,0.0284632768232867
0,0.0059520793950534
0,0.0152742388168677
0,0.0274869409903617
0,0.306955152377347
0,0.0062638662577808
0,0.0099461728799889
0,0.0276399524992644
0,0.0036509710906097
0,0.0279937984139018
0,0.0278540985862391
0,0.0276849850928529
0,0.029562159703281
0,0.0278971731739582
0,0.0288449387363393
0,0.6541601854739191
0,0.0255051492076495
0,0.0280003245391629
0,0.0280064845592033
0,0.0282046708447691
0,0.028927785220001
0,0.0283740820605192
0,0.0283432877312675
0,0.0291894369306482
0,0.0275698155376531
0,0.0028996672505355
0,0.0284891678347769
0,0.0274218465197864
0,0.0275624487440718
0,0.0274138136497809
0,0.0268966891221061
0,0.0280633569199356
0,0.0291645170076406
0,0.0109556704055169
0,0.0249120247462604
0,0.0240181352768405
0,0.0125424644326145
0,0.0275330305271376
0,0.0103429847456693
0,0.0274279899829983
0,0.0282775471339385
0,0.1017187796059352
0,0.0055292647693745
0,0.0293826666657513
0,0.073260140958128
0,0.022513016358123
0,0.2057361576333162
0,0.0242508951132917
0,0.027757467886495
0,0.0283499786531864
0,0.01058334964244
0,0.0293565760847765
0,0.0292258731527457
0,0.0289727102678473
0,0.0053864485683372
0,0.0235217294289294
0,0.0293251911605417
0,0.0286220829392258
0,0.0281245573405057
0,0.0295056628799642
0,0.027414852482037
0,0.0279359602717703
0,0.0285165015144156
0,0.027612294000334
0,0.0277992905452757
0,0.0291715436233299
0,0.0050146967652528
0,0.0425134001050068
0,0.0059049778596897
0,0.0288708036539401
0,0.028421833912892
0,0.0289797560335466
0,0.0046122588102461
0,0.0053754099508123
0,0.0274781435762301
0,0.089182432106504
0,0.0293924459328356
0,0.0189677301093037
0,0.0281470617498134
0,0.0243272849697212
0,0.0274899687908675
0,0.0283883531548876
0,0.0028817604722926
0,0.0142168481212536
0,0.0070269676471136
0,0.029122698358361
0,0.0276912319272738
0,0.0097370381973446
0,0.0278034396078295
0,0.0275047153677631
0,0.0291480627903708
0,0.0291421317240762
0,0.0288543901302153
0,0.0290251085934382
0,0.017215381811391
0,0.0274113521206536
0,0.0291207063963046
0,0.0230523319447483
0,0.0166490248096625
0,0.0235546315575749
0,0.0257189983439144
0,0.0218155090123417
0,0.1316632238358907
0,0.0293902395791564
0,0.0275838993945041
0,0.0285314034419661
0,0.0713421700450885
0,0.0049621034670472
0,0.0294775519387015
0,0.0274161467395157
0,0.0275034249201578
0,0.0037796026652031
0,0.0071517141123665
0,0.0274728456743183
0,0.0276585821794347
0,0.0272566426104
0,0.0290151918988229
0,0.0259326037025322
0,0.0234562705795534
0,0.0213248965700496
0,0.0040978576857607
0,0.0279777613950215
0,0.1511524916015662
0,0.0023322435418099
0,0.0432191596785962
0,0.0118031012161572
0,0.0161099545160312
0,0.0489435364429611
0,0.0284707298417381
0,0.028751707050506
0,0.0280009203390433
0,0.0268211922588896
0,0.013180846177149
0,0.0281873405411123
0,0.0277996537941388
0,0.0290805562616446
0,0.017271152995158
0,0.0279319731057168
0,0.0146478659087479
0,0.0286045519542405
0,0.0307892574227672
0,0.0281892100880709
0,0.0089569515301498
0,0.0062437801780504
0,0.0293930708625227
0,0.0047048913120527
0,0.0029252504649951
0,0.0062971379019467
0,0.028363117055164
0,0.0274699135023589
0,0.0281370957703375
0,0.0274226133652798
0,0.0288637354595475
0,0.0095486096394378
0,0.0278133882704254
0,0.0274310079753186
0,0.0293623701144868
0,0.0274267378478471
0,0.1577105666144611
0,0.01192032801411
0,0.0106461411193422
0,0.0288279340056086
0,0.0257031282008592
0,0.0293356040233301
0,0.0131010836431598
0,0.0292317692199283
0,0.0289635013348599
0,0.0290549724430473
0,0.0293396552155181
0,0.0212940131006258
0,0.0474219514777264
0,0.0189842836173427
0,0.0276801648483064
0,0.0245600667714657
0,0.0179777550719312
0,0.0106606537724465
0,0.0284165655926654
0,0.0163746033209977
0,0.0136738467419291
0,0.0284372812873503
0,0.0282325150834536
0,0.0274064097035679
0,0.0280489059522093
0,0.0291599001348914
0,0.0290491394104689
0,0.0115200400989482
0,0.0246804662567712
0,0.0279108121790403
0,0.0293902056433037
0,0.02863866388278
0,0.024187686173452
0,0.0285502114793375
0,0.5696188424137898
0,0.0042625595555549
0,0.0274906684340972
0,0.0244980195111452
0,0.027618027075628
0,0.0276424988235175
0,0.0015457592534427
0,0.0192814955688271
0,0.0274346962107161
0,0.0147308531935493
0,0.0239008074574638
0,0.0295124244738209
0,0.0257990188374544
0,0.0283079418369063
0,0.0291661378047209
0,0.0049377882875195
0,0.0061995780156922
0,0.0286710424262922
0,0.0233136334704999
0,0.0046650763162487
0,0.0213377374009171
0,0.0251022705778859
0,0.0037526291312621
0,0.0281509535068235
0,0.004691780305489
0,0.0291545837425926
0,0.0078416002703992
0,0.0244742926674363
0,0.0301991771913206
0,0.0062552401414257
0,0.0294321461909084
0,0.0103699475252969
0,0.0042565597949124
0,0.0084578997537124
0,0.0287512713072391
0,0.0274193348526922
0,0.0276347812163451
0,0.0092750075212882
0,0.0058862396907604
0,0.0275554757781863
0,0.0119432142179416
0,0.0070934203907108
0,0.0282926688496824
0,0.0160910931486792
0,0.027431217243125
0,0.0288355237723105
0,0.0293984363639057
0,0.0281597701886099
0,0.0199345808152618
0,0.0274435307621559
0,0.0274071442443702
0,0.0281891347719895
0,0.029208024854778
0,0.0072719174596851
0,0.0286158258786838
0,0.0044924673785302
0,0.0095073984300363
0,0.0282964115644574
0,0.0233602695448563
0,0.022374161306054
0,0.0073018823707493
0,0.0292254796873056
0,0.0282826887993873
0,0.0217511570718801
0,0.0268410802629273
0,0.0274216511655554
0,0.0279300197731654
0,0.0277339812118117
0,0.0257034516837933
0,0.0250913845935696
0,0.0280756954538191
0,0.0291766128360942
0,0.0097758483080498
0,0.0279547127671737
0,0.0284467733477098
0,0.0291778643768631
0,0.6733710782910437
0,0.027653891068092
0,0.0278543849725636
0,0.0188986717401359
0,0.3995867207810291
0,0.0118500085101457
0,0.0036223556450448
0,0.0278991149608278
0,0.0120871872661335
0,0.0277931646027967
0,0.0065511430864119
0,0.027470694801696
0,0.0249711848081313
0,0.0293476830661844
0,0.0292023993150701
0,0.9628833446194532
0,0.0293909402675731
0,0.0280473068935188
0,0.0277255525836339
0,0.0285203392651682
0,0.0048684189892119
0,0.0277303560830323
0,0.0083275771197066
0,0.0228247564913699
0,0.0280605035623368
0,0.0048235258342815
0,0.0283255085220587
0,0.0274800441849351
0,0.0286293100745827
0,0.0055808489621474
0,0.0292606558911342
0,0.0059786616574162
0,0.0421382023943837
0,0.0278730353844814
0,0.0115988193675833
0,0.0155726842709197
0,0.0131328333977756
0,0.0274016244754865
0,0.0109752596507578
0,0.0280089481540649
0,0.0218073475291401
0,0.0120555978923521
0,0.0065276046581723
0,0.0279343047362733
0,0.0191180292579368
0,0.0200939677589029
0,0.0278165515698685
0,0.0286762083279728
0,0.0173484102976035
0,0.0050149765021727
0,0.027892619027386
0,0.028386634481413
0,0.0044114126484847
0,0.0037670682574826
0,0.0289279798865287
0,0.0281293024247564
0,0.0280059749022669
0,0.0266272039212789
0,0.0274217280920244
0,0.0283421396068448
0,0.0163177795911957
0,0.0293773719587754
0,0.0295305965818205
0,0.0291236221585508
0,0.0051160059604467
0,0.0113783725031245
0,0.0262344538912471
0,0.0293591759125721
0,0.0114994663043585
0,0.0246841508734932
0,0.0275196132617006
0,0.0397663778374451
0,0.0280496100880674
0,0.0280046725618345
0,0.0275707371699861
0,0.0281988393732107
0,0.0292782995292229
0,0.0274328880669702
0,0.0431349177331874
0,0.0288620391885487
0,0.0215935154271024
0,0.0274827529485889
0,0.0285416550139006
0,0.0066069840611633
0,0.0274166801671226
0,0.0277026146521043
0,0.0163129618313024
0,0.028421833912892
0,0.0289789570995067
0,0.0257958753871436
0,0.0276366227719683
0,0.0050604835805439
0,0.0288905855731018
0,0.0248719885427929
0,0.0305667390480112
0,0.0095136621295823
0,0.0293999007575873
0,0.0121508036007623
0,0.0174387555969708
0,0.0278702231203523
0,0.0246597492616837
0,0.0277429172212356
0,0.0134182793289804
0,0.028127569453863
0,0.0045889764900107
0,0.9436565036295842
0,0.0041303153953229
0,0.0274094685859858
0,0.006368307583392
0,0.0243879413492427
0,0.0285870878376434
0,0.0294058760145518
0,0.0275161102429681
0,0.0224171201717812
0,0.004672083559774
0,0.022177416937727
0,0.0278751566571136
0,0.0184106325421787
0,0.028850070839618
0,0.0282531963777479
0,0.0274931427510532
0,0.0294008051408754
0,0.0180225937358906
0,0.0282930273940452
0,0.0274172294281673
0,0.0275034249201578
0,0.0042146591525392
0,0.0291423651096121
0,0.0240444117418742
0,0.0163162071666558
0,0.0274638348602504
0,0.0282968777591639
0,0.0276785462600362
0,0.0273950834598758
0,0.0029980488055889
0,0.0295286723346832
0,0.0202953745581942
0,0.0284163919873871
0,0.1121843148361282
0,0.0274884463599605
0,0.0227618406602119
0,0.0206749829856109
0,0.0280405562165061
0,0.023437657065245
0,0.0293334818335923
0,0.0278202334430816
0,0.0279549774633307
0,0.0291848170041245
0,0.0122876749390667
0,0.0277689916878186
0,0.0442429523491988
0,0.0059725830474515
0,0.0039151300631233
0,0.0274092616894479
0,0.0293838882388959
0,0.0278230988975361
0,0.0216375370414516
0,0.0285557579072059
0,0.0280998252231243
0,0.0293981298694464
0,0.0084387139345989
0,0.0278331694767244
0,0.0277642965135997
0,0.0274154239391691
0,0.0294238094343476
0,0.0275331051939175
0,0.0280951435518451
0,0.0276337224556778
0,0.0085994027663315
0,0.0276390893708382
0,0.0113391794890771
0,0.0158595977790343
0,0.004004007173903
0,0.0157803535469022
0,0.0282602034092288
0,0.0098805176677116
0,0.023314129846069
0,0.0132558051369703
0,0.028690311989895
0,0.0275630909455414
0,0.0275017094979422
0,0.0134813726662622
0,0.0274316683500071
0,0.0275376166421663
0,0.0286669570728414
0,0.0054700794207285
0,0.0273868466688269
0,0.0188399020568937
0,0.0283585175678816
0,0.0153223826523969
0,0.0277449255105329
0,0.004373683405684
0,0.0063338285054372
0,0.0238358542199697
0,0.0274094888985092
0,0.0286135737697657
0,0.0275179583812476
0,0.0276390327499254
0,0.0134361804271651
0,0.0282539062949751
0,0.0290645759316359
0,0.0280306212855442
0,0.0275278587513878
0,0.0241589099725715
0,0.0292298355691479
0,0.0280500169391571
0,0.0110935087400275
0,0.0094861624132001
0,0.0280736816222983
0,0.7160925958731504
0,0.028164712899356
0,0.0274338280612195
0,0.0267421477550001
0,0.0280243217569937
0,0.0278074289447443
0,0.0279437637417429
0,0.0345515155347323
0,0.0263002784284961
0,0.0277084608099929
0,0.0219585155080253
0,0.0287710688246339
0,0.0274783745819326
0,0.0287982319562511
0,0.0307173147551086
0,0.0096149902299708
0,0.027868109627031
0,0.027991219026709
0,0.0289965760176675
0,0.0277261418494095
0,0.0283891305344709
0,0.0340888519446016
0,0.0274162578585675
0,0.0039720869425109
0,0.0263038671734812
0,0.0288511662840015
0,0.027612294000334
0,0.0278463164335764
0,0.0286031918366425
0,0.0293990138412223
0,0.0281059375397328
0,0.0273310252759338
0,0.0277122758337598
0,0.0274227819588576
0,0.0279914346190141
0,0.0292598753499174
0,0.0278961578970757
0,0.027682499604244
0,0.0294139266987425
0,0.0916006254987892
0,0.0293299576767709
0,0.0286087165045551
0,0.027408671292115
0,0.0048023348373908
0,0.0072094623301931
0,0.0042966437873977
0,0.0293923990790177
0,0.0291889860445532
0,0.0267904351592198
0,0.0293871179890023
0,0.0134294892475922
0,0.0041969932709999
0,0.0054090971624354
0,0.0283361508183219
0,0.027584442155454
0,0.0049508653703525
0,0.0287804227540558
0,0.0275119425734132
0,0.0291514106486126
0,0.0175721323178699
0,0.0728909699594656
0,0.0278204837866534
0,0.0042651536521399
0,0.0136998994922686
0,0.0291516726035445
0,0.0276310059875196
0,0.02845529402789
0,0.0285518253005577
0,0.0077260664367477
0,0.1395575294399518
0,0.0278598351469897
0,0.3228226806175099
0,0.0276447779553799
0,0.0268167476391895
0,0.0293004369523338
0,0.0276156661390133
0,0.086881418523621
0,0.0288843789421965
0,0.0239571739977915
0,0.0265234235205426
0,0.029468286276568
0,0.0287671924336389
0,0.0282938584194616
0,0.0090300279798311
0,0.028454423205664
0,0.0054220420138707
0,0.0292937786434303
0,0.0055107635256871
0,0.0049670425128499
0,0.0113014379611794
0,0.0289997126784374
0,0.0289174499445457
0,0.0117592492095876
0,0.0294214954357475
0,0.023351023527154
0,0.0287146913898187
0,0.0277791470125602
0,0.0285658531048909
0,0.0240196168424097
0,0.028655039085309
0,0.0311878610423316
0,0.0274335732112745
0,0.0114975431089229
0,0.0276069088774428
0,0.028044288166555
0,0.0108533070807772
0,0.1387324353845324
0,0.0192901675113319
0,0.0275551284709926
0,0.0158280540518581
0,0.0285416133114068
0,0.0292953303349777
0,0.0606153597616861
0,0.0293307708710524
0,0.0283028250285267
0,0.0224555560173206
0,0.0265057316236762
0,0.0283507482152917
0,0.0289916777798641
0,0.027801132344066
0,0.0275060292268799
0,0.0274341791557833
0,0.0288500694115801
0,0.0036796289422368
0,0.0090083699293378
0,0.0286426432629547
0,0.0288133960911112
0,0.0281035058718031
0,0.0287767290684391
0,0.0080884159678414
0,0.0277605357206454
0,0.0290624931288727
0,0.027420874503859
0,0.0282726542000879
0,0.0293052046665059
0,0.0143693932440244
0,0.025543786953507
0,0.0148749266243026
0,0.0275210832470918
0,0.0280365026969408
0,0.0152895691873411
0,0.0043444610953435
0,0.0214262212521497
0,0.0285655085778863
0,0.0447662230733754
0,0.0175389032531757
0,0.018384688099536
0,0.004556332192532
0,0.0107935825457922
0,0.0183727555042573
0,0.0286061624023325
0,0.0250696206965893
0,0.0287953054405468
0,0.0041146996243805
0,0.0278720482776978
0,0.027693389830071
0,0.0279939642812623
0,0.0287582614070725
0,0.0069671803309468
0,0.028388191168288
0,0.0294368768778235
0,0.0041309726707745
0,0.0028897643934163
0,0.0391984767228275
0,0.006092385259431
0,0.0283371806970844
0,0.0241666033549758
0,0.0284317992781384
0,0.0276867455505321
0,0.0215731818743353
0,0.0281771394010282
0,0.0321249923836251
0,0.028246946067823
0,0.0288364802226593
0,0.0285264685788208
0,0.0578521967541837
0,0.0292723941103204
0,0.0275477109674556
0,0.0291761530319717
0,0.0108487653507206
0,0.0292888585423961
0,0.029440520053118
0,0.0291932295563955
0,0.0236786237951873
0,0.005887579718824
0,0.0276182192487258
0,0.0285391450689006
0,0.0063211976431235
0,0.0277413230166155
0,0.0160322102734635
0,0.1284536702830355
0,0.0358372183587844
0,0.0277706072034969
0,0.007962056070705
0,0.0274411092690782
0,0.028113898577211
0,0.0275287212509699
0,0.028693917732282
0,0.0089512038167002
0,0.0286221325627271
0,0.004569137529384
0,0.0288986961244404
0,0.0278361726494739
0,0.0151192711128375
0,0.0292548037592465
0,0.0288595194617118
0,0.0291389918678496
0,0.0273564538269882
0,0.0276958476802898
0,0.0233693964698667
0,0.0115530875382631
0,0.0278923435935771
0,0.0261920675981476
0,0.0285291182361101
0,0.0278931174447663
0,0.0292998079197869
0,0.0058998560941634
0,0.0280742783248497
0,0.0217301650152266
0,0.026319369998071
0,0.0084262642229994
0,0.0199821572928032
0,0.0280454672246001
0,0.0289975234149113
0,0.0939161165459341
0,0.0281981080809918
0,0.3564571654656951
0,0.0291737007595342
0,0.0295478250346431
0,0.0285872609779772
0,0.0284988441565399
0,0.0287139807006545
0,0.0144639812809741
0,0.0283423427037835
0,0.0287781779827112
0,0.0293894501044032
0,0.0283013226566423
0,0.0036924390714466
0,0.0276333303668679
0,0.0274573163409147
0,0.0155904421559308
0,0.0285546178742383
0,0.0052826648531276
0,0.0080244796237413
0,0.0284467126388261
0,0.0291015382879442
0,0.0294109201378607
0,0.0148985967461528
0,0.0293860812445436
0,0.0194011653215773
0,0.0273896311339999
0,0.0282737577724046
0,0.0107751930403636
0,0.029056082678617
0,0.004575704992111
0,0.0277739496585916
0,0.0029724372402574
0,0.0276773195186279
0,0.0291709076854507
0,0.0077203649857543
0,0.0280545818251277
0,0.6616132405735621
0,0.0290655639984054
0,0.0274718096781924
0,0.0287303773457014
0,0.0276167652321076
0,0.0275138169741443
0,0.0273878579147367
0,0.0291355707681716
0,0.0124359853670295
0,0.0217097351874789
0,0.027471154077591
0,0.024013338299645
0,0.0196771066940628
0,0.0274258360165789
0,0.0238703220085174
0,0.028291136616371
0,0.028623627449212
0,0.0293859125760059
0,0.0036304658686305
0,0.0288038994257412
0,0.0274270220778269
0,0.0088592063457448
0,0.0274251564432078
0,0.0274176752305182
0,0.0273473055322653
0,0.0294456794351581
0,0.0288459331121419
0,0.0140152162371677
0,0.0274075426620285
0,0.0275767202346643
0,0.00474945724184
0,0.029287316577528
0,0.0286000545818137
0,0.0048235258342815
0,0.145908981691553
0,0.0293382309836233
0,0.0287799162806556
0,0.0517541574864009
0,0.0287435140250541
0,0.0064833828710257
0,0.0270152377899304
0,0.0291273123503629
0,0.0281319420739029
0,0.0275011674450782
0,0.028905824312879
0,0.0341442762167643
0,0.0278094075305926
0,0.0291241176235856
0,0.0267770392598297
0,0.0282504442264981
0,0.0293982701055645
0,0.0290642936715631
0,0.003657932602741
0,0.0194813969242057
0,0.0131912862078071
0,0.02937797465519
0,0.0266742920561353
0,0.0294413787020031
0,0.0148908957234864
0,0.0280138912470997
0,0.003793716487136
0,0.0146370934489084
0,0.0283287855851476
0,0.0434549741840387
0,0.0290630632842307
0,0.0293042621933772
0,0.0302475241302011
0,0.0286495421104451
0,0.0276944006304203
0,0.072200816665008
0,0.0039261583716137
0,0.0277670713209169
0,0.0281133818806908
0,0.0291014266732151
0,0.02884590634799
0,0.0274915061838817
0,0.0255889833441816
0,0.0281316449295829
0,0.027476410043502
0,0.027418810038181
0,0.0278436504696903
0,0.0226912966432216
0,0.027454704772562
0,0.0283490966725073
0,0.0058118789497082
0,0.0274895712694641
0,0.0147822161773425
0,0.0288102649366008
0,0.0066935652039346
0,0.0286529831875628
0,0.0294704191841611
0,0.0090563246254264
0,0.0294063461302782
0,0.0385108393337775
0,0.0282929944967043
0,0.0031663488376955
0,0.0275469020508677
0,0.0049621034670472
0,0.0170100870050561
0,0.028657795924392
0,0.0163787813872458
0,0.0237530987901247
0,0.0291286422707892
0,0.0092739552892583
0,0.0130869208944819
0,0.0060569784988687
0,0.0282983061765131
0,0.0288821186092419
0,0.0179246881654255
0,0.0286895313361856
0,0.0275465669310596
0,0.018303060695919
0,0.0289975457101694
0,0.7680676444629926
0,0.0285355218953817
0,0.0055603714284148
0,0.0164129671421741
0,0.0287723929056708
0,0.0282858590501856
0,0.0287146758543374
0,0.0458033861000156
0,0.0292250237853028
0,0.0270966819927346
0,0.0891555013264088
0,0.0074264525821868
0,0.112965804906457
0,0.005910361836912
0,0.0027577936547837
0,0.0285332555301509
0,0.0289415119073128
0,0.0268734964630715
0,0.0275186913473032
0,0.0284752009479438
0,0.0057037865381493
0,0.0283690013546683
0,0.0288932375716321
0,0.0041861197669408
0,0.0285260951607298
0,0.0285774246094335
0,0.027980371589419
0,0.0274555348155479
0,0.0128563883184117
0,0.0112224228739917
0,0.0199129195251185
0,0.0131384854733444
0,0.0269721056599877
0,0.029434679761338
0,0.0289274735855163
0,0.0284547537022162
0,0.0069983349446702
0,0.0278706244977679
0,0.4896043232707325
0,0.3780850681833856
0,0.0282608510219129
0,0.0064248903140282
0,0.6050129717001121
0,0.0293805931859863
0,0.024286373347856
0,0.0286963386886771
0,0.0274129423117898
0,0.0293221809660963
0,0.0279549569215161
0,0.0283158827633407
0,0.0279777613950215
0,0.0085543780571366
0,0.0278408463951311
0,0.0294432913793692
0,0.0275303061881768
0,0.0288921734064911
0,0.0276096501531677
0,0.0284118373237763
0,0.0291055023887758
0,0.0281223660575075
0,0.2448381709913528
0,0.0027392581843571
0,0.0293238958295723
0,0.0281180843488543
0,0.0279843556965107
0,0.0204863962921769
0,0.0047459798864524
0,0.028064381664597
0,0.0290379553275022
0,0.0489313762453172
0,0.0278732648323692
0,0.0287254421470759
0,0.028027364688814
0,0.029163178611698
0,0.028789976495893
0,0.0274778254871773
0,0.0467516478027311
0,0.0164084475068519
0,0.0146756196659766
0,0.0294365573282447
0,0.0304032691582362
0,0.0213206304292048
0,0.0042904620495068
0,0.0271115744051099
0,0.033873161633047
0,0.027532249488128
0,0.0274473404123087
0,0.0412953735585709
0,0.0277858584642594
0,0.028937755052903
0,0.0294028657251687
0,0.0083957565527856
0,0.0275722731634683
0,0.005084771938084
0,0.043118645652531
0,0.0287353841435066
0,0.0293006421248687
0,0.0287010060225943
0,0.0235824538415115
0,0.0047304450893609
0,0.0067763887731968
0,0.0205738121320875
0,0.0293119878946081
0,0.0288225673467966
0,0.0292735763330827
0,0.0883924594292911
0,0.027530393109384
0,0.0248674749640549
0,0.003923241878125
0,0.0277708227251089
0,0.0215555132410016
0,0.0292808249295983
0,0.0295358427872027
0,0.0233317116730217
0,0.0056759647452444
0,0.0275342794915912
0,0.0277451462817796
0,0.0279753667896502
0,0.0369240948083023
0,0.0288958383640119
0,0.0269272671589501
0,0.0080276217951553
0,0.0277550469533549
0,0.0554467636457324
0,0.0294885330217834
0,0.0288786597626842
0,0.0290871740341729
0,0.0242049907696695
0,0.0274036005439496
0,0.0058908778804936
0,0.035831342435745
0,0.027416928890151
0,0.0234150020752851
0,0.0118288565184375
0,0.0274778254871773
0,0.010553106118775
0,0.004829617983761
0,0.0281006713620235
0,0.0274366448614641
0,0.0293244407829388
0,0.0279696540080477
0,0.0291059215419005
0,0.0171397597964139
0,0.0276650758205602
0,0.0278313361467578
0,0.0012920677200059
0,0.0233610830187303
0,0.0293084414582682
0,0.0081396108011486
0,0.0287568906939336
0,0.0280475510340126
0,0.0338196109932642
0,0.0287247866564891
0,0.0213036286530974
0,0.0295493784575127
0,0.0293691049561313
0,0.0279753778332837
0,0.0388944767837501
0,0.0285148489174614
0,0.0118932033099038
0,0.027646314761091
0,0.0274255094904965
0,0.0274813345480884
0,0.0116047036087029
0,0.0257149677566898
0,0.0282984208850362
0,0.029271782211735
0,0.01992832070042
0,0.0210104573844208
0,0.0274722762251266
0,0.0293511159978387
0,0.0278518134007903
0,0.0267109402344762
0,0.0273337743049153
0,0.0282042983994293
0,0.0062489209001547
0,0.0053275338956603
0,0.0274457172691127
0,0.0135930805629732
0,0.0040762671048596
0,0.0263266341670648
0,0.0294292361988848
0,0.027597839426402
0,0.0274411092690782
0,0.0288503645679491
0,0.028379047698296
0,0.0288380174169586
0,0.0061577046647975
0,0.0273647253510245
0,0.0202034348902655
0,0.0079897748280404
0,0.0143829562563072
0,0.006070965569348
0,0.1081678840328506
0,0.0276804162028785
0,0.0034402681304357
0,0.0274647013853812
0,0.005541949587898
0,0.0274481916776358
0,0.0262120443598695
0,0.0288695523967148
0,0.0249400008176059
0,0.0290614646926932
0,0.0202669065634702
0,0.0228964181353611
0,0.0226744937212364
0,0.0292550458318527
0,0.0281942959463884
0,0.0288259221804341
0,0.0289811693153772
0,0.0159105176474466
0,0.1284134578912598
0,0.0126620825966881
0,0.0275247815762794
0,0.0228306420099075
0,0.0279940956986621
0,0.0279920624179982
0,0.0367542436134835
0,0.029418666017272
0,0.0055433664724996
0,0.0286232725672984
0,0.0036610787992083
0,0.7988688276639925
0,0.0262162670092978
0,0.0287912567390551
0,0.0274187584316795
0,0.6024538546720566
0,0.0274524405237097
0,0.0274556082044704
0,0.0277821715740044
0,0.028594179064051
0,0.0075644345033241
0,0.0294030897705542
0,0.0286548703754906
0,0.0295483385024712
0,0.0283854446652727
0,0.0051292493106284
0,0.026237903251508
0,0.0909407135578865
0,0.0265265312691813
0,0.2971647135415468
0,0.027625868832785
0,0.027417021025445
0,0.0279649233449174
0,0.0294594339021256
0,0.004847384775846
0,0.028120129959435
0,0.0129063654919967
0,0.0283164303536333
0,0.0096827306826778
0,0.0129764789277532
0,0.0173043659769873
0,0.0080693322303928
0,0.003667979639188
0,0.0158528156923306
0,0.0287516746898319
0,0.0093990753829195
0,0.0271581389100076
0,0.0043909294998024
0,0.0048235258342815
0,0.0236043373727159
0,0.0276787742582848
0,0.0163456209836751
0,0.0281015553234044
0,0.0186326744738493
0,0.1758849803870896
0,0.0125716582219164
0,0.0050821843805383
0,0.0231908328540695
0,0.0287826780190243
0,0.0248259017034438
0,0.0257382166976807
0,0.028634847117841
0,0.0289253091437434
0,0.0038083904457192
0,0.0103184625715154
0,0.0278548742523166
0,0.0068591531297102
0,0.0294494246495622
0,0.0130017849161038
0,0.0062716491906622
0,0.0188432558396308
0,0.0040824293746892
0,0.0241865304573757
0,0.0274982896772699
0,0.0275155036601534
0,0.0284839811001132
0,0.1133367208828656
0,0.0282642096076909
0,0.0259097210231919
0,0.0027454007257045
0,0.0125633311866075
0,0.0275685487082589
0,0.0290839477050622
0,0.0101021661518996
0,0.0287194299629769
0,0.1431142012038628
0,0.0115087068734738
0,0.0275218550376332
0,0.0288237074263898
0,0.0062580901764573
0,0.0274684446568111
0,0.0045210013291077
0,0.027855780967475
0,0.0277501412794202
0,0.027776776244228
0,0.0043641818439499
0,0.7347627670981479
0,0.028230577029286
0,0.0107712190937422
0,0.029415641228312
0,0.0274350345505659
0,0.0292266907296252
0,0.0126482680215042
0,0.4151782574632553
0,0.0268566047057813
0,0.0278401874623867
0,0.004104513519805
0,0.0274087969134931
0,0.0275413772030341
0,0.0277159731893374
0,0.0290707877094335
0,0.0293361233687709
0,0.0111308178259732
0,0.0294382908522521
0,0.0142173088705038
0,0.0667168560795026
0,0.0277371209273664
0,0.016750524429282
0,0.008603029437964
0,0.0274414486828353
0,0.0286963386886771
0,0.007095538858508
0,0.0160663532997736
0,0.027546332010337
0,0.0321318192131943
0,0.0276450558201173
0,0.0042817568225734
0,0.0166210526633206
0,0.1538464939256972
0,0.1279537611038853
0,0.0286344585666489
0,0.0287015240971419
0,0.0037379763057367
0,0.4284709489373943
0,0.0292164890750165
0,0.0037438675532273
0,0.0292568911980709
0,0.0240003412304192
0,0.0061272181098878
0,0.02759268401258
0,0.028482527677281
0,0.028297791424575
0,0.0066174365569269
0,0.005959626716716
0,0.0239801159451253
0,0.0275036612833142
0,0.0274476411732583
0,0.0227380342524784
0,0.0293753605185046
0,0.0293892649013154
0,0.0048840768490306
0,0.0294123306131411
0,0.0290339810850417
0,0.0062862514650396
0,0.028058120484458
0,0.0187027411905025
0,0.0291235375478977
0,0.0274236640702917
0,0.0084397098988187
0,0.027466075822366
0,0.0270455223658911
0,0.0275925332473279
0,0.1407547221007334
0,0.0100126181373929
0,0.0229801793682308
0,0.0290866689536868
0,0.0288976814155722
0,0.0288869743965772
0,0.0286766760781634
0,0.0274903919499024
0,0.0062280893510403
0,0.0279328640072305
0,0.0245933677780158
0,0.0231826379447014
0,0.0156281490000912
0,0.0284717372696698
0,0.0277456106728914
0,0.0072233857710031
0,0.0181178966793541
0,0.0293997193708262
0,0.0164623143252347
0,0.0287191105008903
0,0.027537571291303
0,0.0293248064658868
0,0.0293792058366595
0,0.0269709371864739
0,0.0129459491809849
0,0.0089382140080913
0,0.0290346578602816
0,0.2928145353387623
0,0.0118023510443277
0,0.0275676853488814
0,0.0090185668620273
0,0.0289942560006495
0,0.058072034957107
0,0.0288998868879279
0,0.0036544787003563
0,0.0032858728779332
0,0.0283049937193772
0,0.0154432492018738
0,0.0034549876295498
0,0.0290276832335887
0,0.0056067038677688
0,0.0282235621152703
0,0.0029963625219815
0,0.0276582165393415
0,0.0044486931343111
0,0.004363844839492
0,0.0276913671406118
0,0.0258574961235433
0,0.0274589747834338
0,0.0283901559964941
0,0.0801647122914369
0,0.0105412207155862
0,0.029364122873753
0,0.0032071739930424
0,0.0291640401467861
0,0.0276366243930003
0,0.0043940941595499
0,0.0056669424149306
0,0.0171952270259883
0,0.0274792818450338
0,0.0276508227215635
0,0.027474046079275
0,0.0177613075672857
0,0.0040972301035744
0,0.0277324854436364
0,0.0290253139407179
0,0.0281583782442299
0,0.0242514494135739
0,0.0293892159818275
0,0.0152299827597024
0,0.0055260398029391
0,0.028001776720333
0,0.0274555460945659
0,0.0276171350934633
0,0.0573187898852171
0,0.0274432047954644
0,0.015543741274494
0,0.0042783743528872
0,0.0283072162654058
0,0.0291603559910223
0,0.0286761761739769
0,0.0061261454266105
0,0.0184173202649521
0,0.02951460731182
0,0.0268235894973519
0,0.6880634853640315
0,0.0276846034593389
0,0.0279601932847435
0,0.0274181148706557
0,0.0817567020793707
0,0.0069501351830912
0,0.0259286690390608
0,0.0293571839231036
0,0.029373664876109
0,0.0044559365566565
0,0.0294134971985776
0,0.0039846568350349
0,0.0273497327818657
0,0.0103789362922159
0,0.0274498488532793
0,0.0275926259243868
0,0.0163747194398235
0,0.0439175638928764
0,0.0276332798675633
0,0.0298852178209027
0,0.0293447204077735
0,0.0167293494595095
0,0.0274044835252452
0,0.0063576832888262
0,0.2255604921691303
0,0.0276949446199252
0,0.0294255361281947
0,0.0240276883833597
0,0.0150563300885007
0,0.0214118655294134
0,0.0278521081785578
0,0.028581756935891
0,0.0288316138241838
0,0.0289750506329298
0,0.0021129279656304
0,0.0289285951450876
0,0.0051807154123361
0,0.0200203072797972
0,0.0605424252876571
0,0.00572785275942
0,0.0220023180745538
0,0.0030149636746156
0,0.0274913778951813
0,0.0045520776570468
0,0.029195775729562
0,0.0289902409273617
0,0.0274455974612013
0,0.0046172401061084
0,0.0275330663031645
0,0.0033830120877176
0,0.0075914714649218
0,0.0287400058064681
0,0.0041985481867841
0,0.0291249144751514
0,0.0286312382132122
0,0.0275199972450797
0,0.0085857992723265
0,0.0283431235650031
0,0.0275715079346491
0,0.0277508236214694
0,0.0027942152805877
0,0.0286642251350453
0,0.0629890105130163
0,0.0289049396465057
0,0.02941013394843
0,0.0274072826854213
0,0.0194668149413511
0,0.0084120942474425
0,0.0480453707380455
0,0.0281557855640608
0,0.0283573886124083
0,0.0274886725132887
0,0.0172913206402328
0,0.0472800839332653
0,0.0287507341510535
0,0.0057432699167532
0,0.0559489279551496
0,0.0042619245918404
0,0.0294224855597178
0,0.0467949224798062
0,0.0309346448307175
0,0.0263780389742893
0,0.0274622655375319
0,0.0293454188499726
0,0.0275194017512227
0,0.025922730156764
0,0.0178320981212852
0,0.0275397278011113
0,0.0280190140347036
0,0.0275731477164832
0,0.0266181392563704
0,0.0286527722997026
0,0.0153964866964991
0,0.0274806072769918
0,0.0076075664853494
0,0.0283519208408112
0,0.0076983777603478
0,0.0287988408752951
0,0.0275368508025785
0,0.0036935180713477
0,0.0280184395455586
0,0.0545486736544351
0,0.0044526442642089
0,0.0294058074037971
0,0.028129246993292
0,0.0064480848938208
0,0.0288174815263658
0,0.0274199046483963
0,0.0111424505360906
0,0.0275035412518893
0,0.026922012952776
0,0.0284989480089659
0,0.0278106438665405
0,0.0286563034031471
0,0.0288393571555301
0,0.0235643972424128
0,0.0067049153014659
0,0.0055039635586943
0,0.019953214084983
0,0.0049095798701288
0,0.0213336494446712
0,0.0276690810398907
0,0.0293547202641643
0,0.0275259345810476
0,0.0276619488255787
0,0.0274773695128046
0,0.0289594215253437
0,0.027596092085421
0,0.0276007669692753
0,0.0277510103571163
0,0.0278468598400157
0,0.006984389249752
0,0.0289015361014938
0,0.0276117540256974
0,0.0285794607153086
0,0.0242622448387804
0,0.1703699008769774
0,0.0291642937460092
0,0.0402875777450208
0,0.0274129286714031
0,0.022476514752527
0,0.0234695902772347
0,0.0273992992654998
0,0.0242691792301218
0,0.027548491508813
0,0.0274142261960643
0,0.0293685276596951
0,0.1691279769044663
0,0.00382505972542
0,0.0048115758721345
0,0.0123784281321127
0,0.4350786997751207
0,0.0284007387738861
0,0.028330454851674
0,0.007339335707971
0,0.0294079400236244
0,0.0293641212768662
0,0.0185758884415771
0,0.0275282467318664
0,0.0499667100666596
0,0.0277303560830323
0,0.1659656255203402
0,0.0254229617473363
0,0.0289520788035249
0,0.0278679997531692
0,0.0261193215518226
0,0.0293919236638905
0,0.0965952109752794
0,0.0291004502430306
0,0.0776463815436247
0,0.0283598552869902
0,0.0049731848058935
0,0.029125517698232
0,0.0277082692048389
0,0.0293916640033273
0,0.0067157459173994
0,0.0575336477728871
0,0.0289790512754794
0,0.0274134863621942
0,0.0280553309710135
0,0.0290090328999835
0,0.0287785340205828
0,0.0048014685436607
0,0.0779319472479122
0,0.0287368152417961
0,0.0259634310554584
0,0.0279137091088244
0,0.0292547141666414
0,0.0044613583703162
0,0.0285637553517788
0,0.0280019105153145
0,0.0288890750934414
0,0.0279041880948161
0,0.0170167941601376
0,0.0049233919742472
0,0.0099800582685677
0,0.0290947293076991
0,0.0054884379578304
0,0.0278712165359256
0,0.0119937601440481
0,0.0275249458942363
0,0.0285323822594667
0,0.0153110311059401
0,0.0286939974509651
0,0.0062163227764102
0,0.0294558896506172
0,0.0292366848641509
0,0.0199649763414834
0,0.0293441644875333
0,0.1125137761348372
0,0.0276007669692753
0,0.0282873008613465
0,0.0276602959398185
0,0.0092778110449252
0,0.0293262245427519
0,0.0286857990559217
0,0.0038559430257134
0,0.02765500838381
0,0.0274072235709583
0,0.0280675267767889
0,0.0278493533208203
0,0.0061467399324884
0,0.0277245694637006
0,0.0311639372647342
0,0.0234581222208261
0,0.029106416259181
0,0.0274969778639736
0,0.0250614606427669
0,0.0283794465832523
0,0.0237377229902393
0,0.0288495887279018
0,0.0289013146922435
0,0.0280063593845929
0,0.0047550419763764
0,0.0274704049013928
0,0.0046681853526086
0,0.0287931204261319
0,0.0047168556476364
0,0.0277598278291035
0,0.0284561004021229
0,0.0237690995087862
0,0.0291335967587335
0,0.0276061766659601
0,0.0277665417933886
0,0.0224047231973309
0,0.0279531228256038
0,0.0287065577540891
0,0.0289366228252606
0,0.0289937622265284
0,0.0279872223840956
0,0.0114888209893262
0,0.0150712023368731
0,0.0411403144223176
0,0.0274161442284046
0,0.2110471593429764
0,0.0246768794292172
0,0.0237241723219486
0,0.013798837158598
0,0.0163535640104232
0,0.0249885487594559
0,0.027436007325007
0,0.0274177187664506
0,0.0293628409783617
0,0.027616728326512
0,0.0051509365570871
0,0.0291973632461069
0,0.0274551298867337
0,0.0288265730875172
0,0.0277111323015305
0,0.0032876046208663
0,0.0271869620263416
0,0.0195454249843157
0,0.0292076923542209
0,0.0277197001463903
0,0.01764313182417
0,0.0293989658585606
0,0.0276338743053789
0,0.0281415193083749
0,0.0274095844204107
0,0.0274490104846791
0,0.0293423705221166
0,0.0291697104918105
0,0.0123436678413546
0,0.0274335791012796
0,0.0291895310790037
0,0.0054930896266245
0,0.0294299208371518
0,0.0065568060387884
0,0.0277983741363992
0,0.0290348716826131
0,0.0294451525894436
0,0.0291843941746261
0,0.0033931688377762
0,0.0276094459601445
0,0.0290976043858904
0,0.0286848162873837
0,0.0291119318175856
0,0.0163235647800539
0,0.0287497197539593
0,0.0277562778527747
0,0.0245311608342679
0,0.0275227467336939
0,0.0279793350689603
0,0.0097620018733964
0,0.0285886471305464
0,0.0064979636319211
0,0.6376865240027942
0,0.0274738554261647
0,0.0052947243035058
0,0.0046690182578431
0,0.7517430720871241
0,0.0274109481680653
0,0.0049375994660466
0,0.0274827633970388
0,0.0061811418705445
0,0.0277708227251089
0,0.0286242511490494
0,0.0280913900611718
0,0.0275474983007511
0,0.0285048262335621
0,0.0183967054287063
0,0.0291600070032511
0,0.0126650605557397
0,0.031739317299635
0,0.0192868814613325
0,0.1095581379420502
0,0.0074959717694306
0,0.0050668417782722
0,0.0291809525369198
0,0.0042948874164547
0,0.023913015456146
0,0.028536078025192
0,0.0274714556388241
0,0.0041043333919243
0,0.0027663412890265
0,0.0285742442154553
0,0.0152950442335798
0,0.0274103442699395
0,0.0272090807193797
0,0.0278207411699578
0,0.0069500634919997
0,0.0833143037025295
0,0.0287663801166011
0,0.0239815987883147
0,0.0047550419763764
0,0.0276863041070549
0,0.0279072078079969
0,0.02752270589827
0,0.0274456227098091
0,0.0145260003812463
0,0.011755076007296
0,0.0147721412459649
0,0.02816965630604
0,0.0059195872163813
0,0.0225384304551928
0,0.0280485679655111
0,0.0277487768234877
0,0.0284815200899171
0,0.0150510710803705
0,0.2054786931620661
0,0.0233502370387969
0,0.0293354952472981
0,0.0294022248339339
0,0.0053478044843925
0,0.029545911353039
0,0.0289529841261293
0,0.0051078225016094
0,0.0272223722376283
0,0.0037956829507678
0,0.0386332830030881
0,0.0199699468789496
0,0.0291824890347431
0,0.0276366227719683
0,0.0293313310322243
0,0.0291843936730159
0,0.0278944703085669
0,0.096297803095601
0,0.0216787540242688
0,0.0097758483080498
0,0.0283259680987246
0,0.0101678107973504
0,0.0112592849505085
0,0.029005135695687
0,0.005947558737544
0,0.0285923805403428
0,0.0395116468311082
0,0.0287491946905841
0,0.0274166975127369
0,0.0274308663435911
0,0.027933226565369
0,0.0070349202388837
0,0.0279253141407062
0,0.0277264018120081
0,0.0278817068889672
0,0.0099583893785692
0,0.0277485420206852
0,0.0283549488347856
0,0.6309790762126515
0,0.0282582520498753
0,0.1461778294011802
0,0.0828122169150099
0,0.0097234665343214
0,0.0282576339669354
0,0.0041028691511659
0,0.004433810021717
0,0.0256213356161944
0,0.0274513256424592
0,0.0311286617580114
0,0.0278580575334128
0,0.0289119184132332
0,0.0050783489146521
0,0.0274712860785423
0,0.0255594219723434
0,0.0292627379939623
0,0.0118023510443277
0,0.0383326803410962
0,0.0235343213609966
0,0.0287243808742118
0,0.0294999994992713
0,0.0248612867529359
0,0.0294500037251808
0,0.019660323846772
0,0.0119194417578063
0,0.0292161333109234
0,0.0179045170522121
0,0.0288732053975783
0,0.0279141021011733
0,0.0161791863156834
0,0.0274196693932433
0,0.0282305781014336
0,0.0274803313641618
0,0.0197025560316487
0,0.044136474888898
0,0.0256257309992367
0,0.0286613758387705
0,0.0143966361640689
0,0.0123625588306387
0,0.0673924823312832
0,0.0289155637455281
0,0.0233586307405444
0,0.0274068302192553
0,0.0288721861582579
0,0.0277026987495588
0,0.0065323605849665
0,0.0286335438290711
0,0.0280170319526993
0,0.0274158871855379
0,0.0277763160350533
0,0.0289831427706551
0,0.0283622708340565
0,0.0245957637938049
0,0.028835918686765
0,0.0294001478358375
0,0.0247286748689198
0,0.0283752996905765
0,0.0348750250540068
0,0.0056072450047862
0,0.0104445716572881
0,0.0272217332103801
0,0.0257972460204515
0,0.0055266874497261
0,0.008928828885181
0,0.0286320873004718
0,0.0062667578368573
0,0.0287383768424048
0,0.0128483502600695
0,0.0250652442783485
0,0.0292694905228804
0,0.0154408781039708
0,0.0285462885839298
0,0.0276784877513234
0,0.0019963028641084
0,0.0641043188137498
0,0.0277844605523408
0,0.1070676637973099
0,0.0282371716125066
0,0.0193240269650566
0,0.0275783981435204
0,0.0276344454790659
0,0.028262927778108
0,0.028900265885786
0,0.0279606618582831
0,0.0287790556794084
0,0.0274119015229133
0,0.022747663037077
0,0.0060058572419049
0,0.005946070847002
0,0.0064469988027954
0,0.0279984947193316
0,0.0293298398259416
0,0.0279813823106871
0,0.019340656420153
0,0.0258164852549165
0,0.0290039189944037
0,0.0293901838528553
0,0.0117805007774256
0,0.0058531886104335
0,0.0293711858626661
0,0.0274779386071069
0,0.0060455043351803
0,0.003539180983518
0,0.0285792973195245
0,0.028937755052903
0,0.0293257744724815
0,0.0291791390672721
0,0.0282064654701932
0,0.0188783893339314
0,0.0294046282746889
0,0.0083984614446159
0,0.1088890876693622
0,0.0274174453599712
0,0.0167739191853624
0,0.0172221526028883
0,0.0107740612958889
0,0.029318245897697
0,0.029161100134882
0,0.0188727140827428
0,0.0286493194800042
0,0.0109234618483406
0,0.0080772191290641
0,0.0032536580210781
0,0.0091422928850255
0,0.0246984899008415
0,0.012770986554097
0,0.0279310861633929
0,0.0283124050180767
0,0.0288093583999291
0,0.0283120374390352
0,0.0254084131321486
0,0.0141344491016876
0,0.0069549731199334
0,0.0312153261904406
0,0.0294490354109846
0,0.0179069346577091
0,0.0053005013599022
0,0.0274294334830569
0,0.0215753531274954
0,0.0291295538598538
0,0.0280144277325636
0,0.0034307099825866
0,0.0274747212631834
0,0.0099405663966011
0,0.0276114286704815
0,0.0057634824116971
0,0.0267982474368096
0,0.0286397047971821
0,0.0285626169652774
0,0.0274155151671905
0,0.0071159481858874
0,0.0144527458749725
0,0.0285745350490362
0,0.0031819981920737
0,0.0275649924869773
0,0.0311819031538922
0,0.0034966889734288
0,0.0274290708250332
0,0.0139051702633117
0,0.0277797666263462
0,0.003811358392269
0,0.0274616198087703
0,0.0031469755933116
0,0.0284975162540172
0,0.0263521173231698
0,0.0214065714247567
0,0.0294688112909727
0,0.0293755910182482
0,0.0283839434067223
0,0.0248610040072517
0,0.0097803948375457
0,0.02778596004609
0,0.4663611042095616
0,0.0052166386745168
0,0.0053217397554344
0,0.0274108097783971
0,0.0274195866459935
0,0.027829283589528
0,0.0285737683366797
0,0.0277215904330483
0,0.0293143675816455
0,0.027045774815938
0,0.0281494477213438
0,0.0038514923659657
0,0.1404625754232058
0,0.0293485605268082
0,0.0068746447111745
0,0.0204919517639997
0,0.0152624877782889
0,0.0211462700684336
0,0.0198876290592683
0,0.0276005734278764
0,0.1315146060277947
0,0.0030017016618382
0,0.0824959819952315
0,0.0240828750181075
0,0.0058186516465567
0,0.0276729937493112
0,0.0275926766568839
0,0.0267285545906176
0,0.0277651900401256
0,0.0277287247655761
0,0.0507582894229417
0,0.027093513845648
0,0.0077999784263618
0,0.0088981375448718
0,0.0289030338905427
0,0.0283423427037835
0,0.0268109418818265
0,0.0068978257806081
0,0.2391873029560637
0,0.0294974947995882
0,0.0206352209960083
0,0.0293909152942029
0,0.0902147190142316
0,0.0100954861969138
0,0.0107296891610565
0,0.0160505241522252
0,0.0045633525843304
0,0.0275533872167143
0,0.0049890050579308
0,0.0382546709346478
0,0.0276941523347761
0,0.0289216543192982
0,0.0278421895250002
0,0.0275296989506115
0,0.0041404475740658
0,0.0274281960344612
0,0.0759095272767201
0,0.0294003991952854
0,0.0274537521011246
0,0.0046893965659371
0,0.0151905760938417
0,0.0279681340307436
0,0.0289883404016935
0,0.0294398912495892
0,0.012421623971364
0,0.0282456559587357
0,0.0297619372891967
0,0.0279730168835697
0,0.0280280232949532
0,0.0288027389698356
0,0.0274632009178112
0,0.0293672061156382
0,0.0026949220206054
0,0.0292793112708334
0,0.0274129286714031
0,0.0281904534282009
0,0.02793759327808
0,0.027815780323703
0,0.0281041881745353
0,0.0293376331522213
0,0.1923921881393363
0,0.0293912400231407
0,0.9279494342942596
0,0.0179903067009113
0,0.0339018303017277
0,0.028913849245273
0,0.0039136879752405
0,0.0255735219164972
0,0.0166448700931138
0,0.0275845163674041
0,0.027581411272747
0,0.0288197501022233
0,0.0243539696535965
0,0.0067514661148977
0,0.0263322661289988
0,0.0279658065788838
0,0.0289488803561389
0,0.0274584331365124
0,0.0021455818481024
0,0.0451482566060042
0,0.028779775736703
0,0.0277251103343289
0,0.0281787576026459
0,0.0276142244824883
0,0.019067064007591
0,0.0167360325390246
0,0.0063132979913293
0,0.0055891771407727
0,0.0149847632015017
0,0.0289684741933981
0,0.0076382193790948
0,0.0141632740568794
0,0.0275634199866989
0,0.0276900543442601
0,0.0285880340250344
0,0.0280858178591833
0,0.0289822834152647
0,0.027506900480267
0,0.0241049715317639
0,0.0192761464068211
0,0.0174087996710488
0,0.029200265611581
0,0.0274414672737758
0,0.0079154098009166
0,0.0277456106728914
0,0.0293642713427468
0,0.0283330583749269
0,0.0287721436220836
0,0.0057927785877206
0,0.0068920909965484
0,0.0279240024361823
0,0.0274112369748842
0,0.0274619738483397
0,0.02690029830456
0,0.0293132750065909
0,0.0181688297264275
0,0.0277394448156414
0,0.0292578766842891
0,0.0278815179950408
0,0.0261066815983736
0,0.028984532276105
0,0.0285320194547397
0,0.0169838410403832
0,0.0133076156963717
0,0.0274577091980913
0,0.0271263245512377
0,0.0593142077308492
0,0.0280181126916123
0,0.0951312252092692
0,0.0288017355715887
0,0.0065842098325065
0,0.028590512308546
0,0.0258160182466252
0,0.0049121022694717
0,0.0220924440496092
0,0.0259859710123712
0,0.0059761594308862
0,0.0275477995943374
0,0.2836073665992137
0,0.0259480081782905
0,0.0105811085659726
0,0.004658892054534
0,0.0274485879279074
0,0.0161464346946341
0,0.0284404145161625
0,0.0292296708314407
0,0.258393877947081
0,0.0281620869990268
0,0.0045571479575613
0,0.027696937264995
0,0.0162560352879244
0,0.0291028927273718
0,0.0295355077915347
0,0.0063797303352041
0,0.0153014297949797
0,0.0277420125540198
0,0.0172508681986094
0,0.0293625998822736
0,0.015637664122591
0,0.0121300197829311
0,0.0248969764076538
0,0.0286517274790243
0,0.0027434992507221
0,0.0271243288552314
0,0.0294413119392965
0,0.027625868832785
0,0.0285753316935886
0,0.029029972678341
0,0.0287462664355568
0,0.0273298287918113
0,0.2061784770164984
0,0.0274123126533271
0,0.021231728199758
0,0.0276217029471492
0,0.0274190892287818
0,0.0234333716107764
0,0.0277032847518103
0,0.0279193012126914
0,0.0291232323490753
0,0.027924743110602
0,0.0265295978427578
0,0.0276069088774428
0,0.0287509103103777
0,0.4632532161857334
0,0.0284985480557791
0,0.0303472318617298
0,0.0274199046483963
0,0.0294054267724824
0,0.0279025534503466
0,0.0275142343851011
0,0.0609324965736451
0,0.023738102009783
0,0.0156239226600899
0,0.0328460250658436
0,0.0151887768445714
0,0.0276590994531676
0,0.0286170644616248
0,0.0255304517528462
0,0.0274596080009051
0,0.0287480458752192
0,0.0274214762884129
0,0.0286273163835441
0,0.0283923812050401
0,0.0156034083539053
0,0.0242687149846961
0,0.0290974531420812
0,0.0058871349802829
0,0.0288796389035121
0,0.0281375673643626
0,0.0174606754760092
0,0.0291681679070958
0,0.0287740731320375
0,0.0274443302518621
0,0.0056600316991424
0,0.0292276042928938
0,0.0046362184502642
0,0.4713725720121782
0,0.0288331033020996
0,0.0285134473628254
0,0.0292645267800288
0,0.0256497713615997
0,0.0155304452120817
0,0.027712926393358
0,0.0254079704207113
0,0.0274232579320665
0,0.0131384854733444
0,0.0235497215832235
0,0.0273872363920264
0,0.0058424175349932
0,0.0169140360996294
0,0.029466332390373
0,0.0291627778778628
0,0.0217609203964009
0,0.027742026595506
0,0.0274748792462058
0,0.0279858051512736
0,0.0284966863174216
0,0.0034420681938317
0,0.0274208216126997
0,0.0285961015850278
0,0.0275006955546302
0,0.0293702779399674
0,0.0271036633762503
0,0.0293841333127816
0,0.0274143566091203
0,0.0291625166643248
0,0.0277094179330099
0,0.0274107802748179
0,0.0199345808152618
0,0.0055867835273014
0,0.0275526107776153
0,0.0281027817453516
0,0.0283888095503083
0,0.0064597589316998
0,0.0291286422707892
0,0.0275479907538777
0,0.0283800246782049
0,0.0291050926114598
0,0.0048463375372049
0,0.0257502681867044
0,0.0185905742320119
0,0.0078732298121104
0,0.0274871001438419
0,0.0293777249463629
0,0.0264016630778609
0,0.0279920964769232
0,0.0639960002555434
0,0.0235336221505446
0,0.028461745396618
0,0.0234542862464033
0,0.0049011758852282
0,0.0274338280612195
0,0.0276309226012721
0,0.0241334587764424
0,0.0291326588987308
0,0.0288499336447526
0,0.0089671117381726
0,0.0248582447108742
0,0.0284106217985192
0,0.023583545905895
0,0.0048850434003825
0,0.0031334897253479
0,0.0290525925804322
0,0.0038448530146691
0,0.006588700979827
0,0.6490455352958284
0,0.0293654311629478
0,0.020981425103173
0,0.00520519697431
0,0.0289769592000428
0,0.0276941079483631
0,0.0291771578181556
0,0.0297346689185776
0,0.029407519592918
0,0.0274526261559113
0,0.027477723813875
0,0.0289865341294828
0,0.0291361627313454
0,0.0023137652893716
0,0.0289702505583953
0,0.0119286287584788
0,0.0280553309710135
0,0.0428991517877298
0,0.0052252685680788
0,0.0285090458283926
0,0.0274198564320252
0,0.0086915394868693
0,0.0286045519542405
0,0.0295195811457065
0,0.0045930607800861
0,0.0274738479412761
0,0.0283246341726095
0,0.043526711073632
0,0.0280414162584578
0,0.0275143285997127
0,0.02762836025596
0,0.0274698943972636
0,0.0283558453105065
0,0.0285979224227724
0,0.029394369750143
0,0.0293450010116544
0,0.0295164005844892
0,0.0286768834651212
0,0.0276709752873007
0,0.0279042983925034
0,0.0287821220156851
0,0.0035831980512544
0,0.0281381546715564
0,0.0790034900497404
0,0.0224688121741604
0,0.0282787676200101
0,0.0275843304359825
0,0.0281904534282009
0,0.0195216330488338
0,0.028262927778108
0,0.0548146041042753
0,0.0278201089644797
0,0.0054299640426583
0,0.0293930697664793
0,0.0277167898078901
0,0.027602242653936
0,0.0062072268238595
0,0.0275200363604612
0,0.0286510251441982
0,0.0278691104664747
0,0.0286373267624077
0,0.026153004907751
0,0.027893062389765
0,0.0277949262131918
0,0.0274215892408608
0,0.0290130793452629
0,0.0288967038011829
0,0.0293822112137427
0,0.0276019939247368
0,0.02863866388278
0,0.0293762555609593
0,0.0276818715218073
0,0.0291361714648044
0,0.0286142378439153
0,0.0274566062836872
0,0.0292521053778286
0,0.0288280290467244
0,0.0038346210414722
0,0.0057581756689555
0,0.0292354670502487
0,0.0291737851924449
0,0.0236165155599615
0,0.0051099746513983
0,0.028478869112385
0,0.0348751292452504
0,0.0294118582767772
0,0.0277756320295922
0,0.0115459669849597
0,0.0062102181159389
0,0.0037724323731161
0,0.0176105676254938
0,0.0030419620905413
0,0.0292001704253152
0,0.0131073346250588
0,0.0292466585271486
0,0.0098400104061346
0,0.0202671371374465
0,0.0276760812990194
0,0.0278343052885232
0,0.0287582884508395
0,0.0285366244898451
0,0.0090578335910662
0,0.0275058287004772
0,0.0038513780459836
0,0.0252691909119087
0,0.0292525101133563
0,0.0105391795422703
0,0.0286922986406393
0,0.0329605385126026
0,0.0039315190915734
0,0.0087479806679614
0,0.0029274705988865
0,0.6473629984988455
0,0.0052031097271638
0,0.0294126068340663
0,0.0274170171877166
0,0.0079111776945903
0,0.0082136090076103
0,0.0046973197233169
0,0.028102323136676
0,0.6952153216658588
0,0.0281122483455708
0,0.0160043792849034
0,0.0274247350126746
0,0.0279313708139214
0,0.0272507022278503
0,0.0287566288746004
0,0.034298762989334
0,0.027421320598963
0,0.0278398653000127
0,0.0066722513461495
0,0.0286512232722784
0,0.0275846462977764
0,0.0278538038570403
0,0.0274975424565701
0,0.0155490401693812
0,0.0855850988096103
0,0.0180632141506308
0,0.0277631897485529
0,0.0274102243040355
0,0.0287521175906369
0,0.0170197156232049
0,0.0277835194246305
0,0.0278312980674108
0,0.0288219292065258
0,0.1197548840062482
0,0.0292838584642804
0,0.0274720564308837
0,0.0275570811633445
0,0.0116381716176796
0,0.0292193935203061
0,0.0294951145481878
0,0.0107236309905094
0,0.0283973203345153
0,0.008467334123215
0,0.0239805652511396
0,0.0153069407380751
0,0.0121642141761447
0,0.0274785459878575
0,0.0061331472484512
0,0.0038232643591211
0,0.624053315850104
0,0.005243922750575
0,0.0289608553499696
0,0.028391581548698
0,0.0293612522099604
0,0.027430856759502
0,0.0281134251523805
0,0.0287414344377524
0,0.0045340864997486
0,0.0256654797544389
0,0.0287411086770989
0,0.0293591759125721
0,0.0057259696252661
0,0.0280508626624911
0,0.0307078355792848
0,0.0292054477504154
0,0.0295198550489029
0,0.0277887381161892
0,0.0322350957048742
0,0.0275614239250816
0,0.0285694137049719
0,0.0276404684728143
0,0.028992357896755
0,0.0284219409571002
0,0.0291550370442607
0,0.0283037251665143
0,0.0180490233107281
0,0.0274308000952896
0,0.0284754418643036
0,0.0283207834405104
0,0.0081564294543239
0,0.028412354513811
0,0.0288241542515637
0,0.0294632911241434
0,0.0275119425734132
0,0.0221199488587688
0,0.0292627203703131
0,0.0291361056597924
0,0.0287548285708618
0,0.027450267339173
0,0.0191077596462163
0,0.0053021399218461
0,0.0097234665343214
0,0.0256768764976761
0,0.0083727898555509
0,0.0274762712964978
0,0.0281485533756432
0,0.0054584687468348
0,0.0277439108407053
0,0.0146763634881734
0,0.0083229883811172
0,0.0274319250428922
0,0.027571613911715
0,0.0975256199633837
0,0.0073192957615749
0,0.006863443761015
0,0.0279110543481365
0,0.0277970038563911
0,0.0291782669160292
0,0.0277325003516169
0,0.027411874742894
0,0.0027082478697525
0,0.0225472263636897
0,0.0276955148651609
0,0.0166329855847964
0,0.0276844153763512
0,0.0279680842686608
0,0.0237919975029927
0,0.0280521837460672
0,0.0291594002653461
0,0.0283493048458024
0,0.0275689305466666
0,0.5962640023567659
0,0.0057602269408583
0,0.0283130012341621
0,0.0283104702168966
0,0.0264750156129645
0,0.0147500418977491
0,0.0294044013819511
0,0.0285060056147942
0,0.0280295316243165
0,0.0174536448055549
0,0.0275743102240864
0,0.0293294192706528
0,0.0091547904411152
0,0.0107447844023762
0,0.0052871087943792
0,0.0115362568475721
0,0.0126097270185261
0,0.0282731547974582
0,0.0279723739937962
0,0.0276723882444327
0,0.0279364644570835
0,0.0282704892107467
0,0.0277765564750381
0,0.0139691054338962
0,0.0257094250266502
0,0.0095029320017484
0,0.0028047156595811
0,0.0163987406718084
0,0.0275953354074821
0,0.0237433341285942
0,0.0169317327494315
0,0.0284969673049059
0,0.0168473287928535
0,0.0145013974870882
0,0.028948176338899
0,0.0274470500663454
0,0.0262094131112297
0,0.0279857147901563
0,0.0279547127671737
0,0.0279522706303139
0,0.0163531525043159
0,0.0242475793088823
0,0.0294398646739855
0,0.005599738149319
0,0.008459765751488
0,0.0291174455535374
0,0.0290147468190741
0,0.0276796849845088
0,0.0287322708005175
0,0.0276464646167599
0,0.010819952647784
0,0.028397881059708
0,0.0270938623309277
0,0.0274860353823575
0,0.0277619160567383
0,0.0028754740655749
0,0.0189612492593576
0,0.02932010305795
0,0.0646196602307049
0,0.0663556440918082
0,0.029209295159306
0,0.0290031981885038
0,0.0278510936651132
0,0.4804591814992862
0,0.0152487026278758
0,0.0133728951596472
0,0.0055383849831991
0,0.0294113943871901
0,0.0288904551827436
0,0.0282613853470843
0,0.0293806152479627
0,0.0235029373560746
0,0.0284874321098815
0,0.0278925879259564
0,0.0287709071780863
0,0.006014856607018
0,0.0293985627824647
0,0.0292174447115887
0,0.0294978940827742
0,0.0275261227552167
0,0.0063704841790199
0,0.005262536288814
0,0.0077614907065187
0,0.0047506069562302
0,0.0051409199998236
0,0.0274515869254859
0,0.0276704141983572
0,0.0149707653975328
0,0.028050109185936
0,0.0045782520388559
0,0.0278052766719588
0,0.0261487504763969
0,0.014771226514552
0,0.0292357462040034
0,0.0286263727341072
0,0.0044753631110986
0,0.0085681320688295
0,0.0274179912462994
0,0.0276199216049512
0,0.0289279798865287
0,0.017198089059338
0,0.0293902395791564
0,0.0280881318148882
0,0.003477125649999
0,0.0279853881914463
0,0.0272970359320347
0,0.0276112538186354
0,0.0293761892865162
0,0.0293989591818018
0,0.0282259157988297
0,0.014913647070976
0,0.0239159230982875
0,0.027682499604244
0,0.0064876420738815
0,0.0279768597593072
0,0.0274146353657207
0,0.0289276631493188
0,0.0276517969727577
0,0.0291639444155136
0,0.0285722298394601
0,0.0157147954474521
0,0.0280170319526993
0,0.0256738119216573
0,0.0273956044336705
0,0.0112883339866817
0,0.0290198619642585
0,0.0278498449188339
0,0.029395329409143
0,0.0282805857120038
0,0.0293542227611795
0,0.0336697518675646
0,0.0293049760514925
0,0.0057985517834453
0,0.047792546743199
0,0.0274032928600349
0,0.0061871459931901
0,0.0290444060734186
0,0.0057568660101165
0,0.028214067437898
0,0.0274532278535544
0,0.025913709402019
0,0.0293362637780367
0,0.0280614211274386
0,0.0292486558255152
0,0.0041375714397523
0,0.0554263201897119
0,0.028359079671838
0,0.0052104534670513
0,0.0011164057801224
0,0.0171356457464328
0,0.0137424781485032
0,0.0147053039546395
0,0.0290228339845338
0,0.0276389084416255
0,0.0281883133035073
0,0.0173434674041977
0,0.0274287207635917
0,0.0274648598784939
0,0.0093095179858583
0,0.0292847912872823
0,0.0056541290266379
0,0.028228343365177
0,0.0047147663183155
0,0.0240548776994738
0,0.0283353969725439
0,0.0076770065976209
0,0.023433687522769
0,0.0277334189757752
0,0.0255648143962854
0,0.0043975697537192
0,0.0288136995474438
0,0.0092410707382368
0,0.016542690647381
0,0.0274319442594391
0,0.0294168730264684
0,0.0282081150641828
0,0.0293714516578344
0,0.0293963146750349
0,0.015291754982973
0,0.0293978500913159
0,0.0290406828005028
0,0.026165503890089
0,0.028236928514968
0,0.1042622559365994
0,0.0274125560037504
0,0.0215339244582914
0,0.0274922097023606
0,0.027586673926681
0,0.0282434875966416
0,0.0119736413275211
0,0.0282915492653057
0,0.0274588997504611
0,0.9843536006486124
0,0.0283102743690724
0,0.0275372296567069
0,0.0294101637653838
0,0.0238804876909429
0,0.0259247590624711
0,0.0171295012911861
0,0.0192814955688271
0,0.0289343369737245
0,0.0070298723885312
0,0.028608612463203
0,0.4735353742890223
0,0.0165776883311492
0,0.0359873533312391
0,0.0266404665355283
0,0.0076303680646337
0,0.0282578681305575
0,0.0289488760919328
0,0.0096207198918669
0,0.0295046441523984
0,0.0043222289341293
0,0.0290825596340619
0,0.0276549691772759
0,0.0273997319209096
0,0.0292101201009103
0,0.0105801522209594
0,0.0285110531358236
0,0.0278419401563443
0,0.0087100203475026
0,0.0092876310502694
0,0.0052858187311419
0,0.0138675008678014
0,0.4748534066922788
0,0.0286462436247137
0,0.0059710935260494
0,0.027411171791401
0,0.0282048373978963
0,0.0281009736178602
0,0.0102187710463943
0,0.0233859139430903
0,0.028591071422977
0,0.0294326911873053
0,0.0276390382845582
0,0.02426404823358
0,0.0279905383341302
0,0.0286288867793105
0,0.0036782126140563
0,0.0068098823087464
0,0.0282070246044398
0,0.0407718874245172
0,0.0274156936630061
0,0.0279176122487981
0,0.0295196361935033
0,0.0165760458012514
0,0.0236558140651674
0,0.0439627876795803
0,0.0037037964990243
0,0.0275676602472623
0,0.0061889515583388
0,0.0862628355316055
0,0.0238824262350139
0,0.0277877965240155
0,0.0275135716242709
0,0.0238350202457652
0,0.0278964505711371
0,0.0290133680455581
0,0.0283580803362994
0,0.037013003330427
0,0.0051983990468395
0,0.0275479907538777
0,0.0274193461085474
0,0.0286535593788359
0,0.0276658929383621
0,0.0293330003756102
0,0.0282593434285563
0,0.0160190970284808
0,0.0242348176642724
0,0.0233943427781737
0,0.0035995988232844
0,0.0042388416724427
0,0.0244356097013948
0,0.0190460811194238
0,0.0287325281582194
0,0.0290609768477879
0,0.0260429620883632
0,0.0239293318939916
0,0.0282873274223175
0,0.0276552856922968
0,0.0093604419424426
0,0.0277727657748256
0,0.0275598513817573
0,0.0283843416588528
0,0.0233656628427555
0,0.0275680452944408
0,0.0285870878376434
0,0.0287554053319851
0,0.0048246522138359
0,0.0275273555014198
0,0.0293162182042336
0,0.027431217243125
0,0.0069627124246854
0,0.0275222152378477
0,0.0285133097055798
0,0.0228493577743904
0,0.0274753284424429
0,0.0289768880445368
0,0.0260146380446926
0,0.0163842701085208
0,0.0281492487774622
0,0.0290891056325201
0,0.0240077302615374
0,0.020036154740956
0,0.0291019377881942
0,0.0292301048628851
0,0.021041062533606
0,0.0276649138641489
0,0.0032068925090047
0,0.0288423623271342
0,0.0275878093401363
0,0.0665601433178602
0,0.6464269537043401
0,0.0280908594280536
0,0.0274124358529848
0,0.0292567595697861
0,0.0275036612833142
0,0.028048869041784
0,0.0274642039681151
0,0.0295204271087672
0,0.2844918499148521
0,0.0029906069137908
0,0.0281385508111914
0,0.017251934399791
0,0.0237926115258822
0,0.0280545631298252
0,0.0027522254714451
0,0.0049293971618939
0,0.0228775975875527
0,0.0093945944840683
0,0.0074889558639193
0,0.005146694891367
0,0.0290776420747715
0,0.0279623381124942
0,0.0265091137768114
0,0.00366270331238
0,0.0253490592868133
0,0.0292206890987064
0,0.0283118380399844
0,0.0258735776550899
0,0.0289399127185517
0,0.0276775072811208
0,0.0289435732302956
0,0.0148961266379402
0,0.0274584959469995
0,0.0168444451978474
0,0.0186631519678448
0,0.0283303647380813
0,0.0226162731645988
0,0.0239097145651567
0,0.0101063220255619
0,0.023312025349096
0,0.0267453574894721
0,0.0261921371035642
0,0.0598047167246047
0,0.0082895752285564
0,0.0274148998293906
0,0.0057266980632007
0,0.0132569596294801
0,0.0198819504807985
0,0.0232830818363483
0,0.0282233985479676
0,0.0050455445832809
0,0.0273817043832879
0,0.0553604170685186
0,0.0053835358526341
0,0.0274551298867337
0,0.0281589555319903
0,0.0277165961593829
0,0.019894135166854
0,0.0249248790989171
0,0.0276865471997217
0,0.0287061274276003
0,0.0174578397194502
0,0.0279777613950215
0,0.0287900167124375
0,0.0286941029943032
0,0.0295470413186923
0,0.3802785937784761
0,0.0753069520989655
0,0.0206598758569202
0,0.0098629048064008
0,0.0292648382491414
0,0.0274180539634771
0,0.5981912686336317
0,0.0236123963455417
0,0.0222643738932857
0,0.0293553713266423
0,0.0187736071991942
0,0.0278148395445415
0,0.0274384362852923
0,0.0274457162174561
0,0.0274418775549494
0,0.0281215487641069
0,0.0274095247108504
0,0.025818390588435
0,0.0050203480590492
0,0.0176848318749618
0,0.064221328598767
0,0.004822348865981
0,0.0591554226729294
0,0.0293768436780089
0,0.0279492798683052
0,0.0082552064459206
0,0.0054355104033742
0,0.0283130145834643
0,0.0279257254620445
0,0.0285722015040108
0,0.0274111253012964
0,0.0065862075213125
0,0.0082496323294592
0,0.0293865406903892
0,0.0289168929352742
0,0.0241344594214283
0,0.0294525488776477
0,0.0556147753087949
0,0.0119588953415036
0,0.005037736242221
0,0.0287335361388153
0,0.0277007602521009
0,0.027384616657652
0,0.0060912988652699
0,0.0286838828029397
0,0.0276588594891683
0,0.0286046444374347
0,0.0285140725562129
0,0.0275599523303483
0,0.028965736639516
0,0.0040972305354068
0,0.0289943746230448
0,0.014173753621243
0,0.0234956722801245
0,0.0288698019221172
0,0.0342141691870217
0,0.6642927503354146
0,0.0042246459460371
0,0.0294020982197468
0,0.0169566605545002
0,0.0288276603062885
0,0.0038863072689351
0,0.0233852399955942
0,0.0042035950829504
0,0.0032524920113699
0,0.0274456723998564
0,0.0294176582702301
0,0.0111729119417629
0,0.0277852827262663
0,0.0288921616738441
0,0.0051285540423664
0,0.0279531875480019
0,0.0278682834160571
0,0.0116897788643793
0,0.0103033076621678
0,0.7841354298044624
0,0.0132975704869493
0,0.0284530722489029
0,0.0286322980509336
0,0.028768832616149
0,0.0284480570499797
0,0.0293978873251386
0,0.0190463420041913
0,0.0288149641538758
0,0.0118787689504568
0,0.0279226419329823
0,0.0030531918790241
0,0.0275749626612505
0,0.0233237212084078
0,0.0288319431362062
0,0.0052195644727148
0,0.0280621724304698
0,0.0278868143088366
0,0.0289216496089949
0,0.0291673819963743
0,0.0284136472557341
0,0.0803014994151084
0,0.0292224781384584
0,0.0427215628104472
0,0.0277703132252079
0,0.0293219215383551
0,0.0293165067672807
0,0.029329808973497
0,0.0284109929931268
0,0.0249641601325429
0,0.0277836318008984
0,0.0279055034520484
0,0.0234465595213301
0,0.0283124050180767
0,0.0044261796600152
0,0.0276709639886903
0,0.0275179208624536
0,0.029540679596282
0,0.0160590708815994
0,0.0294033811658805
0,0.0285818324583849
0,0.0266758498046946
0,0.0284754418643036
0,0.0057804772325771
0,0.028214379309206
0,0.0274154100890263
0,0.0283683985627391
0,0.0293957617067777
0,0.0194704187073313
0,0.0259703108375021
0,0.0286022904722448
0,0.0093156191217964
0,0.0282081356082246
0,0.0294454301520691
0,0.0289798881462104
0,0.0275983667633297
0,0.0185186726723841
0,0.0285601752413643
0,0.0056443900659786
0,0.0034458007818462
0,0.027878403617179
0,0.0277557330614258
0,0.0282172028842172
0,0.0131979117324606
0,0.0275896961277642
0,0.0052279672499183
0,0.0294495630336463
0,0.0043954714431136
0,0.0036775084234384
0,0.0274593924253378
0,0.0293360576198327
0,0.0119975607555126
0,0.0283429410792832
0,0.0274382160506455
0,0.0265774886560468
0,0.0260393454591427
0,0.0275129456556786
0,0.0568056208853644
0,0.0283968759411029
0,0.0274180975521929
0,0.0277111323015305
0,0.0008799872168667
0,0.0041080880429621
0,0.0280914449200616
0,0.0055225852814845
0,0.4524918572258922
0,0.0054485078601713
0,0.0038898651735951
0,0.0289780378912007
0,0.0187131489676151
0,0.0288026718104542
0,0.0085712700708136
0,0.0278639991414985
0,0.2400221454433876
0,0.0288288730137388
0,0.0291790608604653
0,0.0292003973864237
0,0.0042939759877828
0,0.0281986000315486
0,0.0274567873343054
0,0.0235251651193477
0,0.0108367249960302
0,0.0113972948443207
0,0.0231200596571595
0,0.0285858233903743
0,0.0181533360666174
0,0.028138980416268
0,0.018589089551777
0,0.029386819098731
0,0.0035591068810089
0,0.0276145755887081
0,0.0039545863789138
0,0.0632959558488183
0,0.0087524242781409
0,0.0250042009905747
0,0.0280524461019964
0,0.028555626501359
0,0.027484115819138
0,0.0274496479231743
0,0.0113437930222509
0,0.0090004507543379
0,0.0282836350248237
0,0.0266380366936098
0,0.0285441253549891
0,0.0062403885633426
0,0.0294249382152047
0,0.0052401437772082
0,0.0284417630225438
0,0.0045076845488171
0,0.0199203330294785
0,0.0274178973018796
0,0.0274084708684871
0,0.0292841755934114
0,0.0292764707211027
0,0.0283655209120331
0,0.0399935261205383
0,0.0288157914076914
0,0.0278551413563669
0,0.0250212739645467
0,0.0274316683500071
0,0.0276701056063545
0,0.0235635018074951
0,0.0274430103091006
0,0.0290202019128014
0,0.003791225836267
0,0.0278519103487475
0,0.0274371829944104
0,0.0274154100890263
0,0.0052401437772082
0,0.1280253297171535
0,0.0274826074568682
0,0.027440070199162
0,0.0045164976958441
0,0.0274169583245245
0,0.029272811658438
0,0.0276621487988614
0,0.0270263272822793
0,0.029434372643925
0,0.0281035058718031
0,0.0287696868162887
0,0.0275572792005082
0,0.028361480063758
0,0.030650138833682
0,0.0294171978696037
0,0.0284966863174216
0,0.006948219827233
0,0.0051732473817071
0,0.0287597236984639
0,0.0220464942243667
0,0.0233175231932395
0,0.0276766827886136
0,0.0289875731589142
0,0.0279853860040841
0,0.027410955450848
0,0.0275679867223074
0,0.0274618190139794
0,0.0286868558939569
0,0.0029101512740191
0,0.027737532932975
0,0.0276394189923098
0,0.0280019810037451
0,0.0144815727371051
0,0.0278598681341483
0,0.0272553769208635
0,0.0328737997390115
0,0.0275165411751309
0,0.027782562857297
0,0.0192037914042641
0,0.0354455474614038
0,0.0276652733089504
0,0.0294036997608455
0,0.0045755108157844
0,0.0274396925784848
0,0.0276060016585281
0,0.023480441199847
0,0.02927353054698
0,0.0120504932085333
0,0.0293167884582336
0,0.0291211190229623
0,0.0102741716989711
0,0.0275273778098432
0,0.0114828151033357
0,0.029423020514892
0,0.0276067865490386
0,0.0274072099562754
0,0.027547143285935
0,0.0276537844923255
0,0.0274443950416317
0,0.0280829179352999
0,0.0275767832554796
0,0.0289296289907264
0,0.0287512162492555
0,0.0281184540897084
0,0.0274121123380204
0,0.0053430674884125
0,0.0264508156549278
0,0.0290091788480498
0,0.0243522526034969
0,0.0049990691440661
0,0.0286600180153147
0,0.0293924665298528
0,0.0029737026260715
0,0.0274084118208498
0,0.0206751675834453
0,0.0096725204314127
0,0.0287086331064864
0,0.0056771084547304
0,0.0062132559458323
0,0.0169062815739724
0,0.0275516947064255
0,0.7256922929272572
0,0.0048386564812561
0,0.0293833685116531
0,0.0274869941162838
0,0.0281252975675893
0,0.0283391415134526
0,0.0286152139646385
0,0.0284275872235552
0,0.0158537573128643
0,0.0249406688924732
0,0.0180308034606759
0,0.0111729774944583
0,0.0274869409903617
0,0.0274127380290693
0,0.0292979728880772
0,0.029345620782383
0,0.0106956014634359
0,0.0150033228327376
0,0.0290282901586636
0,0.4666952487885991
0,0.0275792607883942
0,0.0291461191223661
0,0.0283327435159701
0,0.0275150015232166
0,0.0139298554374751
0,0.0276032717705128
0,0.0275579756579009
0,0.0170375278611248
0,0.0246211344173144
0,0.0285912745831446
0,0.0203349301923492
0,0.0274826260848557
0,0.006373669504516
0,0.0274074462367635
0,0.0051996336557021
0,0.0273206374082346
0,0.019360715564444
0,0.0274178973018796
0,0.0383971815580803
0,0.0292290061019256
0,0.0330809600087102
0,0.0121953835438667
0,0.0197225977331897
0,0.0278072490069066
0,0.0160848906525553
0,0.02860662999141
0,0.0115000178665405
0,0.0275288892426173
0,0.0059940930856191
0,0.0276257745728012
0,0.0386942198799421
0,0.0262724853048985
0,0.0284747051344529
0,0.0277904340550909
0,0.0276230400929172
0,0.0281064364501264
0,0.4009994252681508
0,0.0288659421008019
0,0.0116193841416378
0,0.0121947255287801
0,0.016896740013335
0,0.0074501632325837
0,0.0036387597658346
0,0.0237906852019837
0,0.0277109768071263
0,0.0274297435397277
0,0.0239665517351426
0,0.0127726642177036
0,0.0279913400357917
1,0.9948730201194405
1,0.9965363901411006
1,0.9956065346511584
1,0.9940818033737796
1,0.9956065346511584
1,0.9964352738365267
1,0.9999774019875618
1,0.9950824665712822
1,0.999999999918938
1,0.9999099421280334
1,0.9962335340005102
1,0.9951842340499696
1,0.999999999918938
1,0.8122563925986179
1,0.8182148706177537
1,0.846396118150469
1,0.8173648762234645
1,0.0294042397462491
1,0.0294042397462491
1,0.0294165224595068
1,0.0294165224595068
1,0.0294165224595068
1,0.0294042397462491
1,0.0294165224595068
1,0.8740857203486047
1,0.0290997663914863
1,0.0294650052910996
1,0.8182148706177537
1,0.8182148706177537
1,0.0823470943250302
