sample_index,label,anomaly_score
2389,0,0.6166624533696259
6935,0,0.26763047975823806
5159,0,0.40251249944502293
10394,0,0.37126816569753307
1366,0,0.3776674409756272
7695,0,0.4885315650691802
2801,0,0.35627576613904377
2069,0,0.4704762744673355
12308,0,0.5111062207963498
546,0,0.3181488754975694
796,0,0.35034153879812585
4003,0,0.3337624697137115
12374,0,0.3201640843892837
7831,0,0.32605730863482635
3572,0,0.3764021780131768
9892,0,0.3314227424423636
3704,0,0.17406400789982074
6705,0,0.2701944705210589
10320,0,0.3577389903108981
6406,0,0.14518262134500562
8292,0,0.4537301066751888
7700,0,0.39307566107493036
3690,0,0.27045501182489756
9601,0,0.33712224951684994
9627,0,0.25440372684208146
4088,0,0.42400454686443334
10750,0,0.5001372457654063
7156,0,0.4258881169241601
2178,0,0.3494140628096392
6709,0,0.37136878706377396
8615,0,0.350054624347106
7196,0,0.2688093027517014
7204,0,0.3520505768423677
12275,0,0.3615312500165608
9224,0,0.3120202113029384
6032,0,0.46536433676309913
10591,0,0.34305205358103363
6332,0,0.3207898534886324
10096,0,0.23426399279638246
4550,0,0.49804015290049153
5045,0,0.2651547278822336
6345,0,0.37202111232709173
7460,0,0.38528517539153617
3546,0,0.32841547910078595
11694,0,0.4460332665957803
7688,0,0.37402030831697375
12759,0,0.28973212783070795
266,0,0.28544101806008226
2317,0,0.24710628512096192
11432,0,0.33546108938244146
5312,0,0.32548949952124734
6494,0,0.23045466468593204
412,0,0.30936206264894206
2621,0,0.386147307462225
3683,0,0.21178159137662436
12043,0,0.27645214550692443
8487,0,0.40955233436967614
2123,0,0.3851711089144571
3426,0,0.3268986488011871
10498,0,0.2573752624283354
8956,0,0.4101993512493983
2833,0,0.31821755732951
7698,0,0.49642136596885034
3600,0,0.37231965455138516
2484,0,0.25762528240893673
2656,0,0.445738764387766
5286,0,0.3740384044892796
7895,0,0.3088636512884521
5569,0,0.45577870718449753
2805,0,0.31625885161300205
12342,0,0.33078045104548437
1622,0,0.5403545504255228
2973,0,0.2388889203306288
7513,0,0.284849028849643
3928,0,0.31397510220913283
323,0,0.2671395691877818
6338,0,0.360811752893275
7956,0,0.26250739968138115
10780,0,0.333107276743638
8386,0,0.23810723555773985
1592,0,0.3143593738974818
7893,0,0.40238800469179586
10795,0,0.3846845764285414
8,0,0.3152297904727643
11907,0,0.36507954505151713
431,0,0.3177273266794406
5978,0,0.4164349069053002
9414,0,0.3933517454908619
3286,0,0.2596301915896126
1905,0,0.40214770533174593
506,0,0.23130847133394963
12068,0,0.36049844763415984
4909,0,0.2715659976144737
1864,0,0.33408693448743154
2160,0,0.36176787896610246
9070,0,0.3940979396288916
11924,0,0.31445125440762556
7387,0,0.2340312935789091
9363,0,0.24911219664409454
5345,0,0.4266747096470239
11013,0,0.44715384992552304
12663,0,0.443879478186298
4613,0,0.31937708703242584
6542,0,0.3084301410902197
10878,0,0.43768965752468186
3534,0,0.391878923820947
11091,0,0.29311746393825616
3963,0,0.40508917516854653
8077,0,0.3737351754424206
5899,0,0.5490784486497365
10135,0,0.43066648552278164
11981,0,0.3767542660878656
10124,0,0.4500440530893629
4404,0,0.4084530646727384
11433,0,0.3186929276205934
7406,0,0.3449552783641604
10303,0,0.25707372602086953
8554,0,0.3891755264550941
1580,0,0.3771795636394114
10409,0,0.3389378928907396
11213,0,0.3851583213253527
6226,0,0.1550971378884055
11531,0,0.33185232082734567
1909,0,0.47862850875343255
2071,0,0.38315839712410493
9705,0,0.3682102700438402
7990,0,0.27623352905497395
3793,0,0.3166917843713086
1373,0,0.27561832133865743
10241,0,0.36612706088271224
4653,0,0.4072976928974439
12705,0,0.36218268251607
1986,0,0.38143812299237234
3439,0,0.21257290954910144
7979,0,0.49209813817138576
8062,0,0.36627857228077376
1277,0,0.2658464265679864
5885,0,0.37368275149092306
11269,0,0.26285584266319534
11682,0,0.41884015712935724
12305,0,0.48275467557834734
1617,0,0.26474434811950887
8457,0,0.3401830442500249
4257,0,0.46085427062596346
3840,0,0.29002068056913183
1017,0,0.39704058544391335
10583,0,0.46378618332493154
9538,0,0.390904031691258
3368,0,0.3352309616180596
2760,0,0.3474337742344884
5477,0,0.283969299461014
1387,0,0.50825778172902
6505,0,0.230355402492684
4281,0,0.24309774333967513
12658,0,0.32380418002714567
1989,0,0.3244237555247406
11793,0,0.3776614889113873
656,0,0.3155509495303485
661,0,0.7186367637177999
4373,0,0.361699123962998
4345,0,0.45218604575251603
1152,0,0.3292188177704067
7994,0,0.2887776881728461
9322,0,0.4916241010635562
5886,0,0.30349932490417214
5179,0,0.47341290746485476
6540,0,0.2599593652486126
929,0,0.42151646044401553
12216,0,0.28608509553878664
7972,0,0.193794727512618
1889,0,0.3620678251147195
9876,0,0.31496587131425086
12048,0,0.3505960472469401
11692,0,0.4413535105345578
2022,0,0.438079900600809
12737,0,0.7125047626821135
7632,0,0.4462030321880398
10571,0,0.4556728453876207
11370,0,0.3811953772076512
5337,0,0.383779319487633
12391,0,0.3248869003088241
10889,0,0.4255327595478755
2778,0,0.3488864136498431
10310,0,0.4146443086354751
12654,0,0.42532890377416777
5429,0,0.39934773868924495
4673,0,0.4704823238309311
5932,0,0.35323625668256897
6967,0,0.38061250046834005
551,0,0.2926567026656495
5544,0,0.2620583595944367
11649,0,0.3007078653714862
153,0,0.27477201604762724
11942,0,0.3719258183015473
12529,0,0.28294511397942784
3084,0,0.32039509546999123
12354,0,0.38137153912140104
2172,0,0.4016203536132352
6470,0,0.4440836841154646
8196,0,0.5107925004001449
8120,0,0.32774775235226916
11063,0,0.24780081503224355
3162,0,0.443918573724732
10262,0,0.38566673753021635
2356,0,0.3606434843910086
4105,0,0.35268562995081204
11997,0,0.4777254798150496
679,0,0.6046751365897128
7929,0,0.437916851333851
2028,0,0.44554467114343366
4998,0,0.4900295073765925
1173,0,0.3839874497872751
4291,0,0.2073167627256676
130,0,0.485730323905719
11175,0,0.2823602220295751
3562,0,0.31269927613547716
7642,0,0.33865637209738103
1811,0,0.44647184813020363
10575,0,0.33907895182005027
8494,0,0.3661828614261551
1079,0,0.4621812197890018
11252,0,0.2958634934490258
10574,0,0.4161049203974682
1334,0,0.4031517039148046
9866,0,0.3064477187729728
12887,0,0.436784799127852
201,0,0.29793701951096513
12118,0,0.30018642452556155
10622,0,0.3346617298217516
10271,0,0.4023061118200857
319,0,0.37580395538540473
2343,0,0.46684323880517453
6231,0,0.38883719740354594
7723,0,0.3223026337987114
11797,0,0.32819659868148726
4093,0,0.33814690111196694
1897,0,0.45575598487005625
8124,0,0.3788430687096869
8194,0,0.4335039710788404
11989,0,0.31282007763185204
3125,0,0.3876380684069017
915,0,0.2902449016144152
1034,0,0.4267654583856285
2005,0,0.5331588018493352
4467,0,0.3543593798181904
6799,0,0.19519575822922716
3791,0,0.3088670160931779
9065,0,0.4250789371220346
5055,0,0.38470548020618933
9763,0,0.2646555421156025
11566,0,0.27520992432422287
12755,0,0.2884607721517107
1048,0,0.5177156383841046
1157,0,0.2571440898930601
7496,0,0.36865678164759225
8222,0,0.2174582512259188
5207,0,0.3479660171303859
10761,0,0.32281840698971304
1342,0,0.46305218491802286
3981,0,0.4829293525234417
10685,0,0.4304105968795341
10636,0,0.22307436312527726
12125,0,0.2967102080799248
12739,0,0.5811406031216136
4982,0,0.4102608433633768
5702,0,0.1914835180751886
7349,0,0.2548108455289319
7820,0,0.30951445556892426
8130,0,0.39212593102748466
11620,0,0.2216890206909444
2320,0,0.16605697302505187
5366,0,0.38450928254066563
11562,0,0.33611235512655946
8091,0,0.4963042633519786
11108,0,0.24470613033556873
5578,0,0.32984735256877706
154,0,0.3510450410995067
10782,0,0.40692045375138486
3042,0,0.4102527871560738
3989,0,0.44722201201958356
604,0,0.3477639483652939
528,0,0.21154120110096686
11528,0,0.3176956228692736
8507,0,0.3447849881972756
3240,0,0.38370841499427566
10922,0,0.33456185184967274
3979,0,0.4395307638645628
3473,0,0.25570324657408466
3824,0,0.4186469851572033
11586,0,0.382318846342285
3030,0,0.34333150808544427
902,0,0.4858803369378572
6395,0,0.3125026132738816
8498,0,0.28574816875963527
12107,0,0.2521967117382018
11452,0,0.3396301400573988
2752,0,0.318183511138523
1242,0,0.3310679924336934
2533,0,0.25612455003419216
10924,0,0.1843777632059853
3293,0,0.3281172387564494
4126,0,0.3054157500803568
7121,0,0.41510338472125025
4442,0,0.34230446675692655
7659,0,0.40167204741011103
5677,0,0.42049573853157746
6734,0,0.1939677785756917
12002,0,0.4704921117205016
2896,0,0.3776384824216027
8308,0,0.4575593054400938
3772,0,0.37549635426152905
3694,0,0.35287993034877285
7760,0,0.3722274819280915
1485,0,0.3180132026827733
1248,0,0.2806817647260514
7358,0,0.22747893599566535
9770,0,0.2885267975569271
12562,0,0.38768666603631374
9316,0,0.5511689045931348
1442,0,0.3779804068616453
3021,0,0.24873782543330247
11926,0,0.32019136203036513
6346,0,0.3963164206707008
5949,0,0.5141447875700083
10824,0,0.44945755134044707
6947,0,0.3583937963811792
11848,0,0.3262318248980577
7237,0,0.3563466141844359
7165,0,0.2870854359642278
9974,0,0.3917950482239344
4547,0,0.5485485374663253
6456,0,0.38940018389242603
698,0,0.25087712349651986
4221,0,0.5206880240312438
10957,0,0.17348464359714955
12836,0,0.330252140615824
6495,0,0.20623062439159343
7219,0,0.3289217575138519
7649,0,0.39489411282595643
9684,0,0.3154665121664586
12287,0,0.3578388972474588
6444,0,0.30896166590048485
9857,0,0.2774026779037482
8192,0,0.4433397507176089
7548,0,0.35001717389974774
12040,0,0.39301605942575346
1191,0,0.40793908982919835
2551,0,0.5120192071814607
6216,0,0.39485864990741615
9339,0,0.3607787053202847
250,0,0.5244419381668847
12700,0,0.3088382581497132
10754,0,0.4129182618067111
7824,0,0.3060501583116592
6421,0,0.1517678836742067
4412,0,0.22545271667699524
727,0,0.25236067601012163
4786,0,0.5261536028835938
481,0,0.4390859895138362
5559,0,0.19463292617616046
8788,0,0.24547849512045014
5195,0,0.4183697453190474
11619,0,0.28051025992840656
9498,0,0.39526182559830464
4947,0,0.3834961308153482
8224,0,0.24745752393227874
7218,0,0.45479808904826696
1429,0,0.2801929003146151
8636,0,0.49891804351269553
9359,0,0.3218164879745177
1288,0,0.3348757405182284
5842,0,0.5650892096130308
8051,0,0.2973005869942208
418,0,0.3695304877345141
8063,0,0.3776906585044141
3631,0,0.23486333626493616
4021,0,0.30638876795383757
3909,0,0.3469570546551162
2209,0,0.36183316589356235
10588,0,0.5698840494701515
61,0,0.42267540576745616
10246,0,0.42145156923405946
3083,0,0.3001382739717811
9253,0,0.390533776273028
4776,0,0.48839211465708476
5985,0,0.4557126350646655
12451,0,0.30923251989361655
2718,0,0.471723192898314
8645,0,0.33766145696884803
2309,0,0.3673428725594549
4798,0,0.5421343789123451
1245,0,0.29473251259269023
10372,0,0.5724656850869394
9145,0,0.33225171529411557
3725,0,0.2808506031408013
6440,0,0.32030342453082444
8257,0,0.2686256326716024
1311,0,0.1520965278829163
10047,0,0.25555921858759534
7416,0,0.40057940589231417
6853,0,0.13710192377252559
5264,0,0.3236132215877943
6186,0,0.29902962512427556
7826,0,0.2781947873432635
3614,0,0.3730461270352106
9877,0,0.23947426690563275
8567,0,0.461162495657206
2116,0,0.4144579153694587
9280,0,0.4895965614629578
2806,0,0.28847646395360627
12935,0,0.3697101691500889
3115,0,0.3563049350055687
11196,0,0.30088449564791836
794,0,0.23426521658056518
2432,0,0.41221768808461134
5849,0,0.3988079771578153
8807,0,0.34409600022992176
2597,0,0.36645263637990166
12206,0,0.2648473681258539
5062,0,0.38948546547309465
2045,0,0.43508366118223374
10226,0,0.2638063223251339
7428,0,0.4474323819796934
8586,0,0.5765050266829388
10071,0,0.26998663216022445
2054,0,0.47172319036875837
650,0,0.3282995608200931
11913,0,0.40138705560027754
9871,0,0.20636685194381515
11828,0,0.29850771790034797
7022,0,0.3034268379113335
11383,0,0.2088520458768344
634,0,0.35855220826798306
12001,0,0.4373138824166506
10215,0,0.3740819608196653
12661,0,0.2979462873360484
10630,0,0.30716342408369407
8777,0,0.301322869992297
7144,0,0.34812675155986605
4512,0,0.41034183973384514
2226,0,0.3915742740769486
7455,0,0.37531074812977505
8109,0,0.4518157992883304
11303,0,0.3617831394946922
11100,0,0.3296902649733177
4743,0,0.37192863616349325
3172,0,0.2942375063211353
12289,0,0.30579950188060917
3826,0,0.28624372929452324
4377,0,0.37584568824939063
12586,0,0.36517787214879505
304,0,0.4079644930529301
3595,0,0.29338533390604055
9017,0,0.35679040186051947
10038,0,0.40136088295326977
5549,0,0.31407021320400574
2403,0,0.30545451697365894
1529,0,0.43146789554847165
11575,0,0.23621034273127103
9053,0,0.39880445892190614
3547,0,0.3725584349091719
9464,0,0.3406028707739654
5199,0,0.2998889348003479
6603,0,0.18193019311036038
10237,0,0.3519894326845413
628,0,0.3186868425812502
354,0,0.4128666285366349
3069,0,0.34216404004969636
9505,0,0.5578558031199464
1100,0,0.347382013154027
9825,0,0.26372857825265844
3269,0,0.30460705483698874
7564,0,0.4755658849942523
10979,0,0.4576899977091261
1825,0,0.32079481602866683
8361,0,0.5007113072065333
6314,0,0.27774307616937016
9577,0,0.3960631895041001
4831,0,0.3218926603175832
9237,0,0.2559828165611091
12517,0,0.39234945967257234
2877,0,0.2712172959263045
11322,0,0.37805549672627714
11949,0,0.3506829528248669
8950,0,0.3297056720561316
11902,0,0.34029904577367365
6372,0,0.3372270185868828
7796,0,0.2622971579274544
5160,0,0.44917029245699125
3242,0,0.32439021119927836
9678,0,0.2710639089403422
9838,0,0.30266892028682474
1230,0,0.2776309490434754
7975,0,0.30154982631433674
11873,0,0.5109937995612458
11742,0,0.38797551959043297
12243,0,0.3657143361540772
1427,0,0.26492110638453775
7791,0,0.23056096401263396
9426,0,0.4175039039907127
975,0,0.47177331929429256
5839,0,0.5392523476780857
343,0,0.41065089050272724
1583,0,0.4388304287079652
7314,0,0.3257297017050736
11701,0,0.2925581233147278
1662,0,0.40912399190910514
1785,0,0.5337532860305652
781,0,0.25943573790909175
9020,0,0.2560031219700243
8155,0,0.3089248427772371
2509,0,0.234178844469173
10203,0,0.25894248659153424
2950,0,0.3702632373427706
2734,0,0.3463589108013577
11646,0,0.3674942260705916
8214,0,0.27220216722289653
10161,0,0.3332980840005022
175,0,0.5308806963607118
8721,0,0.26610497777771225
5105,0,0.42766673522799775
6075,0,0.29751608249639094
6152,0,0.28326708956478397
2547,0,0.3933007473265687
357,0,0.32923662713266205
6521,0,0.24934190524307964
2545,0,0.43927385953940135
12931,0,0.2979285022257997
12086,0,0.36067484726377796
8594,0,0.4098329181863989
6883,0,0.21609588114306652
6497,0,0.2996090775457953
2600,0,0.3805929943050103
9911,0,0.2991788330344024
8871,0,0.4018469855405886
11505,0,0.27992481133269526
12473,0,0.4716419398503245
12509,0,0.40269098763933764
10717,0,0.16254439888917174
6067,0,0.3725368122135554
7392,0,0.3549158218074239
2712,0,0.412371044322384
8482,0,0.5084286329333214
2330,0,0.4681839619183264
7486,0,0.3218939168221167
3964,0,0.4087760322212705
6901,0,0.1531655998840531
3610,0,0.2783210823218867
6547,0,0.24105484063966842
3800,0,0.27159563031169315
11476,0,0.37449245422143707
3587,0,0.34220079073875165
9650,0,0.3511661018707834
2236,0,0.5740661474879871
5123,0,0.416820992812172
2753,0,0.4515310900804356
1607,0,0.3250335963510745
7576,0,0.3554098290975035
3088,0,0.353345111048018
3890,0,0.3014491607680432
2732,0,0.3509969282548597
5631,0,0.1357706972437773
1274,0,0.12781611744787855
1117,0,0.5171157009192578
3255,0,0.333831628574236
4139,0,0.23574403990734802
4562,0,0.4099269409843672
3845,0,0.1471652166275049
8029,0,0.316664975737475
3692,0,0.21941739181114295
5935,0,0.3866420034223502
10546,0,0.2795501465999041
465,0,0.3977231835884633
6201,0,0.2216706177061165
10062,0,0.25051625210292955
8211,0,0.28142557016489855
12384,0,0.3720225574608221
1208,0,0.2869873722960221
4290,0,0.3613796535069405
7966,0,0.21806314564638601
10240,0,0.37591659585382375
2100,0,0.3777372483187184
6923,0,0.286924173384058
9625,0,0.3325156691540175
2892,0,0.37361286492794826
620,0,0.2937323842780237
4150,0,0.2017249653779057
11398,0,0.31918867138575885
8764,0,0.229484134085099
11910,0,0.38304070895743453
4210,0,0.3185051351732271
12046,0,0.386380259813247
7100,0,0.3534063855705938
9496,0,0.41613798578090644
7857,0,0.32024522861312177
517,0,0.42993503178603654
5576,0,0.23442861502042925
9311,0,0.32064489520081213
9807,0,0.20843563948866708
3654,0,0.285965870337722
8198,0,0.5133506013033988
2865,0,0.35936033160986397
1461,0,0.27185902008045804
8319,0,0.35230578337752916
8891,0,0.45071661930845425
8628,0,0.5958238563951178
513,0,0.2467299174728277
4318,0,0.2439098719347668
969,0,0.29553824006892115
12563,0,0.46274701802328305
8459,0,0.30146268169226326
583,0,0.18266329755741811
492,0,0.25907907686096
1477,0,0.4216274129814198
10918,0,0.21144428604084425
10441,0,0.3760817002588821
11966,0,0.35609962031212067
10255,0,0.4075071652558619
8979,0,0.32309261016573226
6137,0,0.3260212316028106
5963,0,0.3243200618415548
6979,0,0.3376319970040453
7981,0,0.2735742778466078
4151,0,0.20907776980606466
7814,0,0.31797860117511656
6572,0,0.36623856230956636
8904,0,0.43902371256026695
4846,0,0.3197723056976259
7542,0,0.4714149240031563
9187,0,0.19371594426504316
1023,0,0.2909587749398651
5182,0,0.36517625175741686
11084,0,0.3586104321678424
5013,0,0.293855245419223
11625,0,0.22828421308398975
9493,0,0.26973462212398075
7328,0,0.34780434304745644
7327,0,0.2776279561257635
7002,0,0.4001704451761676
8851,0,0.4330455886930893
669,0,0.3073730540372526
7583,0,0.2779609086725595
6569,0,0.3878680769193724
2435,0,0.5072482206262355
10987,0,0.374892737364077
2741,0,0.3584653433554969
1831,0,0.4943939095711501
7411,0,0.2706044043220304
4721,0,0.38299208749730496
1799,0,0.41473656070261156
2932,0,0.39669382169329964
8934,0,0.29153571335019135
12378,0,0.2966580185704852
12754,0,0.26007772229885023
4049,0,0.5099209728762959
11042,0,0.31356936151718123
576,0,0.3468517712458951
4938,0,0.39449464727648786
6780,0,0.31733439113167317
4275,0,0.3060898152307319
6047,0,0.4809355555830847
10872,0,0.3287567060619479
3323,0,0.28912223192724873
185,0,0.29982973614780467
899,0,0.412453404553512
8672,0,0.3772770429513572
3553,0,0.30636340449219884
7147,0,0.36463516125516954
961,0,0.42463374147260863
10387,0,0.3974595634906152
3874,0,0.32690330073413837
273,0,0.341837088011067
3549,0,0.4174955193781691
6036,0,0.46682699580322545
912,0,0.4247336641814518
10551,0,0.388969808977364
7872,0,0.43985175070388066
5679,0,0.290174525798871
9855,0,0.2336317866370428
1355,0,0.35267059300749287
12513,0,0.42832900597807494
10553,0,0.4498747063886964
12507,0,0.3973799326882678
6204,0,0.26037025611404174
3540,0,0.3463477201263781
8102,0,0.3273847147003898
2802,0,0.33623741279809644
6312,0,0.2824151615115017
8468,0,0.3459258576139885
408,0,0.31398035073644076
4240,0,0.2563037606285406
10611,0,0.3739328099219537
5710,0,0.3704104691359852
1054,0,0.41473278842570926
1993,0,0.41070769890680897
4239,0,0.42701027612974474
12047,0,0.34670970244395416
6419,0,0.3575525302028417
7541,0,0.4697257918646412
2642,0,0.3102717295892626
3374,0,0.40818510183812456
10819,0,0.4111864817275539
12522,0,0.47202602509626546
5323,0,0.2763015801649511
5660,0,0.36050846852279894
9378,0,0.3415797254519155
300,0,0.3763552081906057
3230,0,0.3724007311318007
477,0,0.25327766553767317
8829,0,0.30932932694986115
1635,0,0.40372887429658166
430,0,0.2860341959577455
1041,0,0.22742826105732827
10581,0,0.4045544595559849
5666,0,0.21382864647082095
3415,0,0.3070287432475508
338,0,0.319320394596658
10288,0,0.2913694124600769
1400,0,0.2312763004877857
7913,0,0.3482967935790261
611,0,0.25789271994902385
7367,0,0.2839273896981506
10715,0,0.313551301568003
6945,0,0.3029698125520718
3861,0,0.2977092873040617
12561,0,0.419159690243241
1006,0,0.3301239626889168
11537,0,0.388153146551848
12076,0,0.3898293184050306
4052,0,0.2836553679486502
9337,0,0.4597569137653959
10293,0,0.25689354720051866
5534,0,0.26402426386437106
10186,0,0.3843034052618877
10251,0,0.34481727896244874
9178,0,0.31818315563990696
994,0,0.4871586985717256
3536,0,0.27417076223675335
7597,0,0.22150578202025656
3429,0,0.31938000437072944
9515,0,0.390142534382257
5228,0,0.4236416674470253
765,0,0.42392226741521355
3025,0,0.49232496150830773
5829,0,0.1993380590926479
6968,0,0.2739342727714712
11417,0,0.3084568849101644
8607,0,0.34424864866256405
3807,0,0.39339407485657085
11168,0,0.24723363029670994
10706,0,0.3674068691292611
10727,0,0.3513627332620119
6633,0,0.25022807614630305
11535,0,0.32597852430933394
10399,0,0.44490648720710524
9097,0,0.4012559954978021
12949,0,0.3810508000228577
3221,0,0.4205267605477475
5056,0,0.3891572229204498
1193,0,0.3722011667847548
3180,0,0.4294562745940557
6218,0,0.366891406226929
251,0,0.3661765404840118
10607,0,0.3865621500496044
11772,0,0.4934906923558965
11719,0,0.30615249768317837
2099,0,0.4113946386182564
2567,0,0.2813858357010844
1251,0,0.2929495349392745
5590,0,0.37144860792829293
4531,0,0.4589444531516728
3141,0,0.5175932720587219
3215,0,0.31170698535287583
3013,0,0.2482290577003193
7500,0,0.4322780604113227
5982,0,0.45479224892744785
2926,0,0.35866596040669096
3403,0,0.31788803353075556
3037,0,0.3776062677650098
6360,0,0.330152827670094
11574,0,0.4230212741109053
1630,0,0.520210590028792
5959,0,0.32895026235631486
6142,0,0.2887686884924967
11373,0,0.35538261127538323
2175,0,0.33237863206296264
4999,0,0.7005252076393195
8300,0,0.4715047736003494
7854,0,0.3599454416252119
6062,0,0.2877145500779548
5582,0,0.35763759151324587
12132,0,0.312668002223907
10770,0,0.43394820576273047
5795,0,0.3228254390271843
1648,0,0.3472133571756828
3378,0,0.438339012439869
4096,0,0.36096155258673207
4552,0,0.6061540298311469
11130,0,0.38899567409786595
5856,0,0.3378883587370167
4112,0,0.3131347684183156
8255,0,0.3851802667332302
5519,0,0.32170116013203415
6692,0,0.37090589606622587
5711,0,0.29143860187259907
5562,0,0.3245766686364389
2425,0,0.28548041462974955
3691,0,0.31154164168767756
6113,0,0.32134230763042887
4451,0,0.3242213368620615
4243,0,0.32529871643172226
1082,0,0.42980304711208106
5632,0,0.3240013739452106
10058,0,0.22982917819375687
1947,0,0.5098868116849812
10615,0,0.4537126431546738
8260,0,0.2844090080344724
4872,0,0.30059018207888766
11189,0,0.3289482312958789
7816,0,0.3385566716405228
8978,0,0.31117374421019856
10466,0,0.30817072294186304
5223,0,0.419183946923912
4097,0,0.43628901642382584
8960,0,0.2881574450243699
12170,0,0.2677988968770198
427,0,0.3444742648126388
5475,0,0.36368180617217266
8592,0,0.47439652145143396
1382,0,0.20117593923670976
12019,0,0.4071248216720297
11690,0,0.4338201172824951
63,0,0.2706618717304378
12497,0,0.33628404946539764
807,0,0.34148477019063594
9922,0,0.39517354571670926
7536,0,0.3994324439866552
11352,0,0.33190287452567835
12075,0,0.4020224769657302
11721,0,0.30275147924283957
2280,0,0.36724631268067276
4950,0,0.4224165961859427
8013,0,0.3281567743952323
9945,0,0.2799371623818105
4129,0,0.2074154579449865
2346,0,0.49836236211741897
2245,0,0.4689233015582311
998,0,0.3824086678592255
11113,0,0.18257370419866994
3265,0,0.2946189792300473
8588,0,0.3302879001125873
1878,0,0.4177273170696571
6608,0,0.3525775106700463
1388,0,0.3903485032389609
7629,0,0.377056000787094
584,0,0.24312687746634706
2097,0,0.3714312058281385
11414,0,0.30069130586486126
7630,0,0.39653580323433524
9815,0,0.3243912912917725
4942,0,0.4630866779606823
10197,0,0.28460443076900743
3301,0,0.43173072448602623
7547,0,0.3643286328272162
8781,0,0.3308558463285831
7944,0,0.3723318279653342
2645,0,0.39288478408936484
9821,0,0.41127506547628895
7149,0,0.3569625127682841
5879,0,0.3440542690440368
11099,0,0.32031651859742244
5516,0,0.3347654209548977
1016,0,0.43885785481170375
12079,0,0.273751540835145
12181,0,0.3256501647477842
10151,0,0.5389227231115665
9444,0,0.3810624244970572
3731,0,0.2584695254117864
6827,0,0.34079755656295274
342,0,0.3939082826602598
5192,0,0.384358376936814
11449,0,0.28607161994810026
1148,0,0.2741369563364828
10755,0,0.35619284511107324
11629,0,0.22480777376319702
3409,0,0.3208329707995456
5054,0,0.31326623355467975
826,0,0.28595934821761004
469,0,0.4976351233102408
9194,0,0.26393449118556195
358,0,0.34700892876920647
4347,0,0.3894441697415428
9811,0,0.4341776439093369
11272,0,0.28477061025342404
5014,0,0.48615940841259997
3666,0,0.3220407670186382
9064,0,0.45813885569765206
9068,0,0.39498820505446897
6438,0,0.2942101336505613
10401,0,0.3688685719147336
7031,0,0.3254952152811994
2256,0,0.37730103696200473
5180,0,0.4185621337238992
9109,0,0.3901314935994954
2418,0,0.26577317478764545
3763,0,0.3784690878236246
12454,0,0.3074595542205434
1615,0,0.4100269223275091
5252,0,0.2898404726213369
7920,0,0.37614449254557253
2315,0,0.42032345604510474
10834,0,0.3394303447558225
11040,0,0.35498050985905644
1145,0,0.36795312502306043
11707,0,0.28161301269191763
7658,0,0.33699930894250507
7484,0,0.2980247695432859
1923,0,0.4337837260197634
66,0,0.3380538616929817
2856,0,0.3362061657058703
12388,0,0.35107301190461215
12406,0,0.42477139491422755
6169,0,0.19939033730450462
7635,0,0.34032413855328447
556,0,0.27053643990407217
10103,0,0.32845116830098386
10674,0,0.3896888512012396
9274,0,0.3706527869394189
8508,0,0.3754171597353815
2751,0,0.3761025502301001
700,0,0.2877132289580003
813,0,0.28038557248945306
5373,0,0.3507933715502385
9075,0,0.29681630717320157
10701,0,0.3424786724212684
5100,0,0.4463184820195621
2198,0,0.4077673369853387
5470,0,0.486076757943753
9716,0,0.4468375934426648
12319,0,0.256711675125342
564,0,0.3167600600056374
501,0,0.19944457293313406
2705,0,0.428915346455414
11033,0,0.3965939279298199
9138,0,0.22924226594147673
8656,0,0.3850857671017319
7745,0,0.3328718105152518
7334,0,0.4186938307201898
5898,0,0.30025570868603413
3798,0,0.41703902977260277
7987,0,0.34298108134046784
1381,0,0.375801338507284
5968,0,0.3160178664445317
11261,0,0.3743762840917747
5805,0,0.3494707649225392
9685,0,0.35311590993265657
8437,0,0.37073614467648597
542,0,0.30245774782939633
2448,0,0.3432753794476636
10625,0,0.34552597520585754
3212,0,0.3943502935303901
1880,0,0.3447817275096884
8282,0,0.3749449162088245
8351,0,0.44415928370581587
4007,0,0.3582888965697176
2393,0,0.40233085607044555
2414,0,0.24655197801547027
7136,0,0.33585085668042364
11843,0,0.4605495001501933
5621,0,0.3023813011569995
11049,0,0.324995689253828
10991,0,0.4987004635151041
1886,0,0.3729628512460508
12030,0,0.4200310918662758
12101,0,0.26600780304461985
10531,0,0.37923026246406394
11332,0,0.34855047540893036
9630,0,0.3362396084537641
12014,0,0.3914936883407151
2834,0,0.3133200215769124
7256,0,0.33205966819605753
8751,0,0.28520688958585744
7667,0,0.41200143181687315
10472,0,0.35234831882327355
6873,0,0.314439757483436
7203,0,0.3585878118745637
10687,0,0.3696278895581634
10507,0,0.22452778141776375
8674,0,0.4540450114348846
12327,0,0.28594705947171895
9757,0,0.3760477416994502
3778,0,0.38331068612700964
335,0,0.3435773830160794
655,0,0.47386558329141754
2203,0,0.24706253984160023
6263,0,0.39902590547890654
12267,0,0.29742158677621294
7980,0,0.518230708529337
7274,0,0.3546048217009159
1974,0,0.4169610893957753
4256,0,0.4557041773064493
1924,0,0.3291632922420564
3706,0,0.2527914126334332
10954,0,0.18156467170932178
6512,0,0.2666103634151402
10974,0,0.3490507412619104
5237,0,0.4495778694187999
10595,0,0.3927465782930734
5434,0,0.41688452880916205
9404,0,0.29833720149300125
2136,0,0.35007509477049364
4539,0,0.5665115699293262
11592,0,0.3962781202257303
11086,0,0.31310386298930615
7777,0,0.3238134340839718
4099,0,0.3329911093417716
5574,0,0.2475140375712057
9707,0,0.46114875481732354
1500,0,0.2624440552168641
4192,0,0.27559047794745656
4957,0,0.28691852955962494
1298,0,0.44379853070107433
936,0,0.3731239909766231
6247,0,0.2558984939883816
4478,0,0.344727045489823
6946,0,0.31046609752731513
9440,0,0.26854897307957676
3071,0,0.3551344742890413
12818,0,0.2688717726761809
8935,0,0.2885649109800179
8855,0,0.4283036255342277
2057,0,0.49986579607580317
7340,0,0.3477556890891145
8769,0,0.299175677121265
4636,0,0.5233852573329238
1358,0,0.36745393486669214
4244,0,0.34057180372423945
9701,0,0.4735993539701198
8113,0,0.3176611689511972
7616,0,0.28524340485189525
2443,0,0.5832118787127286
7170,0,0.31828187086670456
11153,0,0.33282469363864503
8942,0,0.27908823152012857
4368,0,0.4154465305599912
5771,0,0.32452379128109626
9278,0,0.34160344879874316
5234,0,0.35786114636133454
7636,0,0.3535123664293351
10946,0,0.3161540285214565
8093,0,0.438807686559477
2392,0,0.38192024807329783
5510,0,0.3546545915722538
1216,0,0.3435378491450721
10714,0,0.26754845573268643
2931,0,0.3478817872924794
5079,0,0.4426997593004251
2560,0,0.47475394795826287
3316,0,0.35739660909510407
12414,0,0.47667634632186545
2216,0,0.4713903537076572
1537,0,0.37316219109674
8925,0,0.2807302799505338
5267,0,0.3689088285701924
1842,0,0.5417837881506982
11179,0,0.3440981542321335
5339,0,0.403374055502388
5069,0,0.29110971565387633
2397,0,0.2955016110953284
4220,0,0.49255116528071435
8034,0,0.3819823781945147
10638,0,0.28660470584720876
180,0,0.246441160787671
3766,0,0.3792815649208827
12839,0,0.4213986210245294
2709,0,0.4995530511332928
12049,0,0.3308377714271682
1670,0,0.3782177269372732
12228,0,0.40840608934313755
12555,0,0.42075484781945977
1267,0,0.30635640714109436
1669,0,0.3751391038455947
7647,0,0.40039739042155764
7918,0,0.21050760873451346
9738,0,0.2853333382391967
10805,0,0.36207250542107333
5813,0,0.39605884535985075
5438,0,0.39904633560329084
12751,0,0.29515304378883567
7322,0,0.2882645883302352
10743,0,0.30307666336469385
10428,0,0.42756826978059526
11067,0,0.2191546312523891
5290,0,0.3588182245141614
10032,0,0.32965047723019714
6116,0,0.2922768768484245
1181,0,0.36736144252545405
5912,0,0.315139023872274
4761,0,0.34486124597190665
1154,0,0.3266338609437839
8435,0,0.2754454502693774
11636,0,0.32385735857736664
1812,0,0.4670688722463121
774,0,0.43616247409430847
6912,0,0.27538459975326807
11271,0,0.29262910658710595
5031,0,0.32998872147198527
6038,0,0.5296852538909906
208,0,0.38552262877706817
797,0,0.2762089997385494
8248,0,0.2958960616527852
7010,0,0.2950271720674171
4471,0,0.17753429595170409
934,0,0.5316517312211281
2610,0,0.39153743550347364
10236,0,0.30421847773158245
6871,0,0.34651265104566104
8436,0,0.25463678482993285
8320,0,0.3302880641381341
7425,0,0.4274066956601789
6999,0,0.3304863988698641
6746,0,0.18831301855015248
1483,0,0.33739105148500553
7835,0,0.27859988125464746
7184,0,0.28441029308629545
9380,0,0.34120444553381724
3468,0,0.2248461179655655
10188,0,0.3259356985796676
4700,0,0.371072924313065
7183,0,0.41358742691874384
9626,0,0.32044282286215947
9260,0,0.36495029332118195
3167,0,0.5030685190271199
5437,0,0.49208314409463494
2183,0,0.42817276721991876
2949,0,0.33009744170042876
6111,0,0.2861811486948147
7719,0,0.5055193205274365
1271,0,0.22176818026238382
3026,0,0.3660932515852716
7331,0,0.3607211992409028
10985,0,0.4758271059428532
7520,0,0.22811253052645344
2879,0,0.37508808278420264
1532,0,0.3167844186121062
10455,0,0.3680022794949782
6664,0,0.3586069512259228
7699,0,0.3760908419170857
12710,0,0.4925258147695629
12608,0,0.4409274604877754
12103,0,0.18920462292320234
7722,0,0.5418430881482019
6854,0,0.3156355662630402
3206,0,0.2971693620714164
5198,0,0.3310912421008557
6612,0,0.3085492438522788
1934,0,0.44456987206288234
11671,0,0.34127611454002205
8492,0,0.32412821012196863
3917,0,0.30296757166164917
10374,0,0.42830193482580003
6005,0,0.32852416917871957
3987,0,0.47137591124860734
2224,0,0.5111158656681578
8620,0,0.2768003583198864
12189,0,0.4207440743477302
10532,0,0.38619512843156495
10319,0,0.42202845095311525
10393,0,0.27401170396085517
11726,0,0.3763770009495639
8549,0,0.5097799021008171
4197,0,0.3245463953396076
7282,0,0.3310304402671988
6252,0,0.416574371529702
1933,0,0.2925904634920416
537,0,0.21151184238416668
2702,0,0.3871206519492726
5946,0,0.532169819406652
4560,0,0.5887559379294321
1926,0,0.407803056592325
9329,0,0.27235002691081694
1633,0,0.5945295546047399
8968,0,0.40347973846486984
3814,0,0.28879735634995884
5610,0,0.33420626312146673
9995,0,0.2940279316946079
9208,0,0.3317675629714409
2692,0,0.40448381598467664
6986,0,0.2748713301397826
6471,0,0.39732030336237456
9508,0,0.6248961739936549
11354,0,0.34976435235455805
7763,0,0.42332931953004077
6627,0,0.3097237929482136
3748,0,0.3778920181531673
4288,0,0.2848445149418023
12845,0,0.38485423352348425
5692,0,0.3891386079516209
12386,0,0.26111655111907023
6117,0,0.2722593164171182
12579,0,0.3917206917460837
3859,0,0.2092524442853316
2862,0,0.34262415865015794
5775,0,0.12487287286718825
7222,0,0.32581068786263745
5334,0,0.36500169573960334
1283,0,0.3001959693649831
5866,0,0.3871315554714348
8733,0,0.2592519507026458
8209,0,0.33570103560978604
5755,0,0.15429079232979584
4524,0,0.42035215876714516
1841,0,0.5751842333540272
1749,0,0.4999958397939885
17,0,0.34438968421340005
12223,0,0.20175787316597577
1896,0,0.577042287948672
10977,0,0.32445512119540704
1036,0,0.4898251643106413
10342,0,0.2997960053114265
10608,0,0.4452399227824983
2835,0,0.38247990421485245
1906,0,0.33589135868889664
7961,0,0.3398298747311206
7106,0,0.2964094752861596
1264,0,0.386174351286468
1372,0,0.48808472220493515
11518,0,0.3721824578525156
8969,0,0.2624948654238381
996,0,0.3484922172801819
1263,0,0.26243517751121465
6478,0,0.22929885385816284
10675,0,0.3361196393311862
6682,0,0.2865534896258417
4865,0,0.278725380746968
12539,0,0.3379630787202531
12226,0,0.26353423063275977
9854,0,0.24650340651008168
5690,0,0.3298760572067613
2617,0,0.3391619896306905
7781,0,0.2623136860290337
7568,0,0.3566019739259111
2051,0,0.4051772620694448
1212,0,0.2314494314922376
3576,0,0.2949635482333483
6398,0,0.31746704705442375
10966,0,0.4438849889791827
3986,0,0.4343701290700336
2281,0,0.40062668113631106
3273,0,0.3409205857800833
1380,0,0.31832870583646555
1393,0,0.37846604325531785
6537,0,0.32021706821925444
5461,0,0.5837910094671304
4517,0,0.39137317202954836
8376,0,0.30483441338728173
9979,0,0.27098507242688946
8428,0,0.4750027839138157
3537,0,0.3390323763589372
12211,0,0.18838059793874193
8768,0,0.2350954380604963
12360,0,0.3631922866288113
4672,0,0.5637195945029382
8330,0,0.3128008195331728
9012,0,0.40550369762010646
11734,0,0.3721895510745529
10712,0,0.29013251034933357
3104,0,0.36492419019507594
6459,0,0.36341232757314507
7686,0,0.5591161055757482
1950,0,0.5344547672620485
221,0,0.38739494657234735
12248,0,0.3531804356149935
4443,0,0.370124703792177
7034,0,0.30045736485815855
6482,0,0.339308184980926
3018,0,0.29305117766993927
11249,0,0.41502784811282883
3816,0,0.38469543853167665
2169,0,0.40629890505813426
3939,0,0.24486928697139843
7756,0,0.3183344411113681
5656,0,0.3815032221905691
6679,0,0.3181157682781395
10448,0,0.3523724742227123
5907,0,0.3013838382904713
5861,0,0.3387672336859481
7445,0,0.41884415792523333
4127,0,0.21218982106393441
5374,0,0.3844371048052372
10269,0,0.41850458029921983
2855,0,0.30644510552440246
8915,0,0.23457838961292857
1775,0,0.43788140136602566
267,0,0.2921652848505505
309,0,0.27098394364488726
6489,0,0.2893518585266613
5184,0,0.3982947977609752
1226,0,0.3421425527412968
10696,0,0.3900469151913698
4046,0,0.40674065686821786
8392,0,0.3331278630308708
3802,0,0.31348887980317675
1116,0,0.27939278401484346
2766,0,0.2453568988909039
6504,0,0.37319147267165215
4739,0,0.40126070476932063
11782,0,0.29928862670734735
11497,0,0.307927815643853
11571,0,0.320721917362368
4419,0,0.24342057229705338
2078,0,0.3727733912108597
11044,0,0.269413800210371
6897,0,0.3419604554480412
3571,0,0.25648046476872594
12230,0,0.30484631755741254
9640,0,0.28451164895660996
5873,0,0.36729723311359175
8449,0,0.24310006365186332
5503,0,0.3821857822823084
6557,0,0.33141723100764453
5346,0,0.37470104856844966
9480,0,0.41693034092257564
270,0,0.3109993461341617
10284,0,0.2977597367282112
2874,0,0.35613315554470215
1320,0,0.28309839020594885
8182,0,0.2716889889023808
9670,0,0.5465119868233165
10793,0,0.46392117068067457
12218,0,0.32622812333923756
385,0,0.3327820827065811
372,0,0.37833816957928534
8069,0,0.28913188479968127
6573,0,0.39408030442588254
1814,0,0.396105388873773
3267,0,0.35620101725983333
12240,0,0.35670086323047395
11493,0,0.308130086492765
6973,0,0.31025800878804016
3521,0,0.253591234381312
2358,0,0.4353002406133377
11264,0,0.33233859938606863
5245,0,0.5037565984517822
10634,0,0.3444268320062759
3541,0,0.3566865632233709
3825,0,0.4530629830850366
972,0,0.36216458467977447
10152,0,0.3991611554393516
1498,0,0.3945553220028185
8778,0,0.35803490340622834
79,0,0.3376876244165424
10860,0,0.3325445375341855
3516,0,0.3772820567147797
4677,0,0.41759121022758505
9613,0,0.3774973649740697
2446,0,0.3902046362304433
9033,0,0.29879403276087385
4856,0,0.2500693904197373
3830,0,0.3430784023480689
2202,0,0.3422111717251368
3789,0,0.44673614747838175
4926,0,0.2697040441317703
9973,0,0.3810959753435109
9067,0,0.43974955289985146
7409,0,0.31603082943080335
4128,0,0.295115613551976
443,0,0.3513859717917551
3127,0,0.317705978215287
2130,0,0.4608664097500264
2388,0,0.29472944995674666
8895,0,0.34823847897613835
4076,0,0.3935034509976102
1817,0,0.39602967729880517
8004,0,0.2857773683743498
9946,0,0.39106167783008405
11089,0,0.2554706675473759
10059,0,0.17047056105913552
553,0,0.390991303934808
1040,0,0.29640135304138554
1493,0,0.33380055705101574
10048,0,0.30927631050810517
898,0,0.47715111149152706
11480,0,0.3140004089105381
12704,0,0.41268327809026806
7971,0,0.33519487017845595
2477,0,0.30151273410727414
10169,0,0.4565787731102874
8315,0,0.5478842676027753
3315,0,0.2751070460774629
2647,0,0.5321042470404366
11429,0,0.45218429223467993
3131,0,0.4042151697275819
1113,0,0.20360654289909252
4027,0,0.30980206903422
6190,0,0.11542453793640792
5743,0,0.2814964884688468
6039,0,0.44472544383543455
3506,0,0.24987134127925542
7350,0,0.2887984216877739
10764,0,0.3377898622077618
11157,0,0.32451264453580847
3294,0,0.30855740328315956
4631,0,0.2730060680469988
11720,0,0.2882819059153727
5662,0,0.4037703380608206
11340,0,0.3811915718699072
4869,0,0.30550554426676174
2573,0,0.33740791703190287
5099,0,0.348648464491433
11356,0,0.29673497244655667
2832,0,0.33423928466101865
3621,0,0.22522734204121903
6061,0,0.41579363254751867
1223,0,0.2977410471104062
12264,0,0.39103739213986616
533,0,0.25403744887789664
4682,0,0.3384634792389555
10195,0,0.25914178661344345
1395,0,0.33514214265843106
9628,0,0.273803988265034
2619,0,0.39778337864057794
10144,0,0.44425660667670175
12587,0,0.3507618831749563
820,0,0.35496722341171716
8519,0,0.4238915089359985
5931,0,0.3731452068535051
1249,0,0.4285752276701853
4766,0,0.3267362446184878
5004,0,0.4392179184749772
8215,0,0.2638141350218515
8896,0,0.42332476218276044
10590,0,0.4331081439908685
10057,0,0.19872588497974042
2527,0,0.13780066613662187
6223,0,0.32118485214553655
192,0,0.3135835045928278
6980,0,0.26432049795926604
2703,0,0.44394092409503155
1337,0,0.28920077863701726
4828,0,0.45629197642722125
9282,0,0.4625250988854742
9277,0,0.31206667922351816
678,0,0.37306415539794535
11944,0,0.3127722129180873
11748,0,0.45528016809282734
8505,0,0.3661604160748419
5288,0,0.3027511789158033
12120,0,0.36028974775592465
635,0,0.2587658352529211
11409,0,0.27042806687728405
8167,0,0.286383724131223
5187,0,0.4394425084204688
5797,0,0.3941215072418983
7850,0,0.27525346525286026
4837,0,0.44137009457996645
12902,0,0.5245812270370136
9288,0,0.4371690418724308
6453,0,0.4239009463157356
5129,0,0.4133118543035686
1654,0,0.34665030669956
12410,0,0.4089336809064947
8583,0,0.542445046383651
1450,0,0.31969027140249706
10965,0,0.35409571449332566
948,0,0.40007871217412316
1958,0,0.4109210979440301
11285,0,0.40473836846947225
7989,0,0.4261386649393746
174,0,0.25531092256289606
11746,0,0.39723488862042516
11426,0,0.335972853996805
11988,0,0.4139396595035737
1046,0,0.3606285188927286
2271,0,0.43569506040238953
2941,0,0.31974219969446177
341,0,0.3736146152498135
4042,0,0.3371459393537795
8280,0,0.3658582136340539
4538,0,0.49598052395394554
8290,0,0.39533344855807057
5400,0,0.40973089283574776
6298,0,0.27627333443442775
10799,0,0.46816303597486103
12735,0,0.5730518026834325
2863,0,0.47368157816127165
4589,0,0.42694226979977606
12168,0,0.3085629502258844
11644,0,0.34724532837950095
2426,0,0.23127365208034925
9101,0,0.4557467985684046
203,0,0.316233942039543
3839,0,0.246643348379971
1322,0,0.35129320611944304
2176,0,0.3984041348352421
5331,0,0.38076811089912116
11596,0,0.2530811552774283
8118,0,0.43408186217025985
5928,0,0.3720008556204302
3722,0,0.2016389208164302
9317,0,0.40705604512149923
11182,0,0.5129066985773707
4435,0,0.312615204268025
8624,0,0.4758336591122706
7554,0,0.4400299530051486
12543,0,0.2765105103274321
2735,0,0.44876160652628805
534,0,0.29272377042213493
12411,0,0.4736020225304719
10603,0,0.3780470902499424
7709,0,0.44070446270319286
2467,0,0.30531159424730864
4681,0,0.381603781569951
7545,0,0.3898488817605802
8362,0,0.3385007416440995
8815,0,0.4450014879396171
8131,0,0.3056798791455584
12194,0,0.36125558544336617
7377,0,0.3373203695254029
8096,0,0.3799891390070667
3813,0,0.318695891680113
6046,0,0.364736551479326
8444,0,0.2601881549713732
9331,0,0.2395028847844558
3804,0,0.36161355552106866
9686,0,0.36422009223955754
12696,0,0.3988874484033305
4575,0,0.45109683795606653
6129,0,0.30931009683470423
11009,0,0.569375219171748
4775,0,0.41424108703385715
2772,0,0.2899537818297071
3932,0,0.3365205569311744
3367,0,0.2959656536192574
6794,0,0.23606236250594995
10223,0,0.4445158352155848
5354,0,0.427006740391104
1469,0,0.23747269205893853
6185,0,0.2956502961913223
12623,0,0.5090602946912721
6771,0,0.2985947923332837
9729,0,0.29495026967852306
8831,0,0.36091395311556307
8251,0,0.2685562350817032
4365,0,0.31747765493084357
9448,0,0.30605419203227163
11700,0,0.5065434940219697
715,0,0.5428083466716412
1564,0,0.30006352636190053
11781,0,0.42671418179974113
156,0,0.34192597391925267
2520,0,0.3411740928532891
5585,0,0.3029467911316726
5089,0,0.564898926302386
56,0,0.3031643552192831
8491,0,0.39558783546257803
1679,0,0.46962696953867883
5170,0,0.48693869909831183
4857,0,0.2556643369991865
2062,0,0.44645672623897076
12196,0,0.3519442134435279
2978,0,0.2878829677880435
2422,0,0.21826876495168365
7531,0,0.3217526838332489
8562,0,0.459341464778616
6447,0,0.4170355758830905
12026,0,0.34888459081230433
7243,0,0.33926429377893247
4406,0,0.3090748114961761
9596,0,0.3568053708638522
3510,0,0.2749935171471186
11812,0,0.2589368952202165
6770,0,0.26982923891642135
2391,0,0.3412025663289434
6618,0,0.33209855896225055
3220,0,0.347284867788264
4299,0,0.29875772736761164
9725,0,0.31497721161356224
10953,0,0.2447956020195607
6197,0,0.2995796396302784
7704,0,0.5137359873292908
621,0,0.3134599786812634
11640,0,0.31768908085070374
3957,0,0.23700512497885284
7330,0,0.3103757697052681
9051,0,0.3760207175574444
7604,0,0.29376171749488184
2951,0,0.4317476146040266
12151,0,0.2669022283174039
145,0,0.3362409903119595
5357,0,0.3669495983223033
8033,0,0.33697763971708483
1686,0,0.20313703640773595
2412,0,0.28277710640763176
12263,0,0.37065267514962863
4964,0,0.35808986775832546
11587,0,0.30626193817038694
7454,0,0.33424251126720206
9569,0,0.341682215793115
785,0,0.3156521901190208
4037,0,0.41106522383597616
3169,0,0.3169593780915419
299,0,0.3132645209433136
8675,0,0.3983270778573594
10785,0,0.39061132201254517
9771,0,0.21583695716846443
8431,0,0.3290379087164566
9791,0,0.37668885624525916
10462,0,0.38389492623832133
2572,0,0.25618889505996184
7914,0,0.37428555596515667
2383,0,0.466930097126113
4156,0,0.19951528810493288
12496,0,0.32201054201301343
3365,0,0.5878604458963278
228,0,0.4418912305520729
11569,0,0.3081727870535814
4822,0,0.2992483021225994
12117,0,0.28923194095544424
12612,0,0.5148777239618464
4624,0,0.5056797911318192
6368,0,0.3234940125026894
12784,0,0.32535111007293416
200,0,0.2729708410337621
10847,0,0.38548241631645613
4464,0,0.3710947062081803
5646,0,0.30165270740678995
4143,0,0.23450353102920668
2961,0,0.4333420854702981
1627,0,0.623720776186963
11030,0,0.3503644522535667
11818,0,0.35069953808338794
6417,0,0.30427242462352033
10156,0,0.5903495996594964
3023,0,0.35542779088972615
5785,0,0.3695716627839111
6220,0,0.2576232123962116
95,0,0.2061452441436881
7697,0,0.4534036707646903
5381,0,0.43645293186649076
4888,0,0.3959459259980209
1844,0,0.4615478036585739
7005,0,0.357659188497024
6488,0,0.31513700833080077
8017,0,0.26121391610188327
3580,0,0.2159263602242051
7124,0,0.3734407489867912
10460,0,0.33682380031734105
9325,0,0.2994859229283447
7072,0,0.258404108949865
640,0,0.37901651327639113
5483,0,0.38618029945873367
8771,0,0.25827508243601555
7353,0,0.3724549593244834
4074,0,0.38507200069203396
7127,0,0.4599318936863451
2093,0,0.3732974257849416
3732,0,0.3305003924213232
5073,0,0.32914438523928274
1171,0,0.5537655034636033
9846,0,0.28651549408951227
2579,0,0.39951196130131006
4438,0,0.47014307527361454
7973,0,0.3440913607760965
11930,0,0.35198885313202455
2726,0,0.39721267543675476
7405,0,0.33881753836393436
7773,0,0.4223138817166447
9128,0,0.17265910195152812
10037,0,0.42465647962761266
2322,0,0.3102141395071931
8312,0,0.4183041572918464
11975,0,0.3154303629267133
4634,0,0.26257480552456375
8430,0,0.3900428948548243
3299,0,0.3705613822329114
3625,0,0.19088364546224007
5989,0,0.36458476814242474
9140,0,0.20697967691976646
4683,0,0.40255474412706277
4734,0,0.4509213317735146
11962,0,0.34852745977346156
5236,0,0.37676440353476
10527,0,0.282647809221086
4568,0,0.5250331614288297
12838,0,0.437106968942751
9576,0,0.34568113376591275
7761,0,0.37582303391681426
10740,0,0.34072412708371735
9699,0,0.2643474745875498
3771,0,0.43931272913325453
4976,0,0.35286296439758924
12718,0,0.44834214237291553
2347,0,0.403102994917119
3867,0,0.24628315092200365
9432,0,0.40310209333650937
7842,0,0.2909956116984511
4931,0,0.3166197603547509
1107,0,0.30042378828598276
6899,0,0.4251191457191225
10423,0,0.4352079996142021
12842,0,0.39054983414263944
2399,0,0.34464414055254855
6174,0,0.23207177729412948
10681,0,0.2727900537109791
6414,0,0.30736019035868645
2869,0,0.401707295229933
3918,0,0.33512952943591734
12722,0,0.5199001228940143
6091,0,0.06996745948469159
1876,0,0.37900721275735877
6567,0,0.3179139641588738
12192,0,0.49869891272565353
9123,0,0.32914164063863066
11455,0,0.29669819266328695
9202,0,0.2789210065478759
3483,0,0.29819502448962476
10426,0,0.5539165502896745
3366,0,0.5834172352455824
11977,0,0.3072366351014088
12090,0,0.3912177174784803
213,0,0.32177693113130323
11580,0,0.3225927161672193
7668,0,0.46140432773633844
1455,0,0.15298743346769797
2491,0,0.4271327291487396
8424,0,0.5218292908729221
5414,0,0.300634631636022
10436,0,0.36834973718846603
8884,0,0.6648229154386757
5862,0,0.3141494229204605
11289,0,0.30054258633877906
3675,0,0.28201933114425703
12655,0,0.30501643391441835
6832,0,0.14459783981433097
1415,0,0.32925032716667413
71,0,0.25568737986299805
2571,0,0.36807533684298394
2854,0,0.3228686488667121
8837,0,0.40397162580546375
762,0,0.4813577316666031
12940,0,0.3435637246550968
2293,0,0.2672128258968188
11822,0,0.39574954289790576
2112,0,0.4659523488278923
12241,0,0.2144966795684645
5965,0,0.286534928117717
7504,0,0.30712458136608517
8275,0,0.2742464547435511
5794,0,0.24948031445237986
7382,0,0.30544617685207076
12928,0,0.3639131235756052
157,0,0.3505623358501766
4598,0,0.29471656057476336
1543,0,0.4791594161889298
12825,0,0.3446923289804731
12752,0,0.34575581308439124
4428,0,0.2904514390441717
2413,0,0.2629265639968315
2758,0,0.4378813370469409
7052,0,0.3111183401282867
11496,0,0.33966663824495297
5736,0,0.19803028600459052
6331,0,0.4028691045823275
6920,0,0.29593635683400926
6756,0,0.36090863007561197
6887,0,0.33177918298329845
10676,0,0.3562543580794331
4213,0,0.3907198953842829
11897,0,0.5028953294400346
856,0,0.29165745882602445
6632,0,0.26194847591719794
897,0,0.3082055864506244
1522,0,0.6184080472333665
11617,0,0.2728588449119475
10986,0,0.5061640400708194
3505,0,0.3183260410476868
847,0,0.2787179470379551
401,0,0.23849978144127518
5607,0,0.40694936925676034
5121,0,0.3834731941824042
8614,0,0.2625424638107167
11374,0,0.3127404807431667
2746,0,0.34157066564853034
2302,0,0.24704159074953708
9350,0,0.22573643309643338
239,0,0.33879901368481075
10257,0,0.31937710404922964
4744,0,0.5143199073382403
873,0,0.386185686933846
449,0,0.3251311100956122
1625,0,0.6116868611844881
10627,0,0.1786499812632895
7293,0,0.2736300148029302
11925,0,0.2882179819568324
4884,0,0.3321535647650112
3434,0,0.2390273490312091
12685,0,0.40178502415875944
11846,0,0.3611841321739042
1676,0,0.3889905070002181
9690,0,0.3228032391661286
11745,0,0.43159893549029293
11579,0,0.2717468864749952
8307,0,0.518106466013594
8479,0,0.3677204671740867
9015,0,0.3331109274505146
9787,0,0.4703865536014005
1769,0,0.44075157291837846
11686,0,0.35283859559892755
12666,0,0.48167736027701635
2235,0,0.483019277995469
2147,0,0.4050115139516504
2986,0,0.22163363700525351
3597,0,0.36215007575058444
10120,0,0.33000489617388346
12918,0,0.2602000553296453
206,0,0.28583470486038576
3606,0,0.4534262332305152
11821,0,0.3284176457145875
11246,0,0.2977012339124086
2928,0,0.4091416519818295
48,0,0.3878229912342997
9137,0,0.21482664989387734
1186,0,0.41090803855537766
4701,0,0.40388921243659714
8596,0,0.24987811230227167
10164,0,0.28240270959493247
9688,0,0.3830944188725241
6031,0,0.43376015968268694
5376,0,0.3283256485997578
4386,0,0.3659833234200362
11561,0,0.2935474062583343
7908,0,0.41786385443645585
4334,0,0.4169974176012413
4849,0,0.23692103468278894
11367,0,0.3628351364887963
7011,0,0.34410969222916926
9438,0,0.32332824148187844
2015,0,0.44154689316106865
11092,0,0.35076795741737127
2694,0,0.410154072550854
11259,0,0.35708500894244516
672,0,0.36225199236448286
9796,0,0.40697968855718225
9168,0,0.2742979627496401
2665,0,0.40136489978499007
5889,0,0.3755514582993124
7040,0,0.3215462218993712
1378,0,0.45259114180562376
7733,0,0.28688818221627693
10690,0,0.32174657909573645
11956,0,0.3385730051638748
5883,0,0.2517728020865154
7395,0,0.2604510129742369
7030,0,0.28104542225812845
5193,0,0.371666276170141
2025,0,0.40841621180980037
5017,0,0.5091146283468971
4058,0,0.35124802962869395
8940,0,0.377561696868637
8897,0,0.3199328773713443
6278,0,0.342338324210834
9849,0,0.23728030392288332
7479,0,0.451146583520546
1637,0,0.5570197245597478
8770,0,0.30834100511472384
9119,0,0.4101510642052197
1631,0,0.4605265477936734
4064,0,0.21696904094588526
10895,0,0.36776953006671287
39,0,0.3709869178829225
5298,0,0.40070298975355395
8550,0,0.5284110800644084
6274,0,0.43925450786218484
4164,0,0.38401242297880833
12958,0,0.4370623129034105
8906,0,0.3893781806684748
567,0,0.3143098767554413
3010,0,0.23742303377824014
5803,0,0.33901917317071345
3714,0,0.3102851278648567
8928,0,0.3131339950197634
5113,0,0.3279038861716477
1579,0,0.6534198944505696
10210,0,0.6113612988121282
3672,0,0.3293037049272546
12567,0,0.40475494944386287
7519,0,0.21322970102036035
127,0,0.42416480800685974
1407,0,0.36319372105005326
8916,0,0.2845108519786116
9719,0,0.5713494174087806
4153,0,0.24040189187115446
8734,0,0.3295998057991889
11025,0,0.2981246207267468
5433,0,0.2559096907362066
8543,0,0.4122843044103232
7489,0,0.279025766828875
7594,0,0.34764540460612764
2486,0,0.4792666572871343
4135,0,0.276408580275753
9462,0,0.2939369578505867
6763,0,0.3489167520100138
3961,0,0.3930439621074263
12066,0,0.3768799963817687
6781,0,0.2656023747045393
4698,0,0.4223806096254853
2906,0,0.3074825412513672
10926,0,0.31091032577533645
4492,0,0.4876835889802431
9091,0,0.5371470969964353
2360,0,0.4806990126821344
5220,0,0.3562268199705939
12018,0,0.45700712206339966
7638,0,0.3806837768969627
6353,0,0.40851721387416623
8926,0,0.36251021154420315
8524,0,0.3568549100961146
738,0,0.2866375297304597
954,0,0.3597474478094851
5943,0,0.46530491496705856
11330,0,0.30429180899013397
2608,0,0.37096532605339283
1711,0,0.3665760219766911
10487,0,0.3141715763418424
8284,0,0.35766574867108464
2635,0,0.25996129626619235
9340,0,0.3788262644124495
5501,0,0.4098015276405548
12856,0,0.41821688281871855
1530,0,0.3487499686188811
8959,0,0.37943365789801875
7730,0,0.3793938348892873
8528,0,0.40377786202881266
5107,0,0.4709149169723801
3170,0,0.37278051335140355
5038,0,0.4066527654240861
9602,0,0.37515190198923243
10589,0,0.4145158773353556
5352,0,0.38688150603587185
2531,0,0.34413913474723024
7313,0,0.2871323326830049
11774,0,0.32799473362391957
2510,0,0.36626287196774504
9600,0,0.3666508884866119
10654,0,0.369893370890721
7894,0,0.22864819192084423
9557,0,0.4770755969562896
8958,0,0.3835204613975542
4433,0,0.37153253612271986
1829,0,0.44053055403813557
381,0,0.2977443320700289
4543,0,0.577100968186834
3596,0,0.3113836033694026
9334,0,0.43305484626179624
4482,0,0.34855396477048756
2888,0,0.30605603780787743
7320,0,0.3496647674800028
933,0,0.32841837560746817
9485,0,0.39036139722712987
287,0,0.28503179150411545
10984,0,0.4432129478966632
10445,0,0.3877161525052334
9875,0,0.359670584902735
10266,0,0.41823036082197373
10140,0,0.33609365860425566
10655,0,0.4289277543856188
4382,0,0.24340337361946698
10015,0,0.33769551607117504
9870,0,0.2619936487169443
9080,0,0.3021439338145964
10653,0,0.3225502680931099
5641,0,0.365398058550317
2444,0,0.42125697209969304
12335,0,0.2767192976633354
5769,0,0.3188975772487057
3308,0,0.3301863008982912
2037,0,0.4333703888680443
4317,0,0.3401807942359953
1089,0,0.33255147262940676
4325,0,0.4564708014935275
6458,0,0.34731930511651576
6587,0,0.34590603860603186
788,0,0.30097336137974545
10008,0,0.2681999207536233
2094,0,0.372897506211188
5204,0,0.40637293118544004
33,0,0.4274446147019171
5063,0,0.2455732491002027
6882,0,0.4456409495239135
11275,0,0.22167727059314848
6289,0,0.25811430913549965
3786,0,0.37977654265402444
11787,0,0.32182967702577087
3972,0,0.41874593344270095
9389,0,0.25913652106045526
5168,0,0.3346812172016398
10218,0,0.2884814956756448
2566,0,0.2492201934244024
4566,0,0.6484275919955605
5551,0,0.2592441313995864
12494,0,0.2885484292027187
10556,0,0.44485749767273086
2489,0,0.6016562000871589
1221,0,0.1489497565931185
809,0,0.34623143557699787
11181,0,0.29103591550438107
12328,0,0.296637089270818
5891,0,0.4159667706107828
8090,0,0.44251495356273035
6724,0,0.21104710113364922
7081,0,0.22996135546626761
11763,0,0.42204478414257685
12309,0,0.5139297785409461
10745,0,0.3558324200495426
1701,0,0.3057402714613626
2840,0,0.24579034633366925
10072,0,0.24324477721234414
11355,0,0.3375788747454277
7734,0,0.2836198261991961
6151,0,0.24044983722434915
9296,0,0.3189140457957961
9727,0,0.3724900186136597
12469,0,0.3641420843533644
2956,0,0.2782920961127679
3925,0,0.35545973108156526
7922,0,0.3883331952867157
8027,0,0.30644449827240927
11008,0,0.43646053956404934
5791,0,0.26199982532920635
9304,0,0.45605993757671964
5707,0,0.41660894448324115
6896,0,0.3661534722424799
7431,0,0.3613019669241593
9617,0,0.36106637352767734
7537,0,0.28137672724938695
11431,0,0.2638593042334708
8206,0,0.3721936769065877
12470,0,0.42477686694555256
1590,0,0.29399225280085844
4582,0,0.6635724295997663
3047,0,0.30465876914707235
8147,0,0.4450692474478634
1824,0,0.47441945086396914
9384,0,0.2696087895514985
821,0,0.22116912183519458
4504,0,0.5114571279056279
3181,0,0.31128082992417694
12545,0,0.4301472754212897
9005,0,0.2509139616134276
12400,0,0.3791558537663887
10535,0,0.4771351238121914
7849,0,0.28677948936684794
4381,0,0.3984194552317271
5906,0,0.2818153588901335
4184,0,0.25387481462671707
7731,0,0.3821021644311752
7945,0,0.19813387962944337
7758,0,0.413186496229887
2657,0,0.3533296190983163
1253,0,0.220342937605282
1551,0,0.284363586816839
7241,0,0.3031577064984844
10020,0,0.3300961705525129
9781,0,0.485327905657654
6970,0,0.4214001318338454
9501,0,0.42182769850810387
11779,0,0.33596357134716914
4684,0,0.3864817171209279
3257,0,0.44712559391449774
12877,0,0.27737930554357765
4353,0,0.48388405047820465
3977,0,0.37751106118552585
1491,0,0.13942897079564592
7060,0,0.275294797974327
12917,0,0.31362347221844517
10719,0,0.3160934069815711
5417,0,0.3547859317355047
3229,0,0.2860094118597148
9388,0,0.32036113382315407
12728,0,0.6126652879428086
10633,0,0.3388251274325924
1495,0,0.4480444178815404
6154,0,0.12043408358292322
7787,0,0.23790804187867778
7869,0,0.415752633063941
5007,0,0.3094168668230844
11143,0,0.16737068316479828
6188,0,0.2614835453093886
2553,0,0.36247230876522724
6308,0,0.2853671154342228
8111,0,0.3475970414627004
10306,0,0.3164943265257256
12185,0,0.3274852132122536
5225,0,0.4012277956413645
9118,0,0.49357839350911775
5399,0,0.5526891956423627
4924,0,0.4039106596028103
12538,0,0.2830548615044833
1520,0,0.4676623301608238
1133,0,0.30896413562510844
12641,0,0.37965511802503593
8339,0,0.36742693083026096
5731,0,0.29058250630150684
452,0,0.3799415228750616
10330,0,0.33808490014807707
12528,0,0.4969515501578664
5863,0,0.4615820762716483
5383,0,0.4612739052728433
12434,0,0.34326665435224124
4132,0,0.21736502647180359
8352,0,0.44461657276453964
2295,0,0.39516779748631214
2222,0,0.40797084200385936
4071,0,0.32540150294692566
1634,0,0.4720746048296517
6828,0,0.37035952275110895
4666,0,0.48736176801938147
4730,0,0.40417232532850206
5491,0,0.49883286156110473
4179,0,0.2618176246892409
3784,0,0.429752628264055
11069,0,0.24212205720286134
1055,0,0.3390063529516158
903,0,0.4423850696940718
1025,0,0.46276935489753607
2082,0,0.3934980051551749
4876,0,0.24617699475508706
2740,0,0.33511068171018715
9885,0,0.2577076330539728
3395,0,0.41723700681187226
5616,0,0.3523433200819612
3558,0,0.4001899981053231
6006,0,0.26814827802991903
12452,0,0.3322233599407895
7017,0,0.33904184228505346
11933,0,0.4091406636220299
6027,0,0.26091323018979257
5151,0,0.38745753870231403
12142,0,0.31606074896060576
10304,0,0.41004644350202407
12753,0,0.32852943149294794
9193,0,0.27121086743480205
7357,0,0.28147156234744164
9451,0,0.3793263307812662
1544,0,0.25861034200470434
4731,0,0.4345680765796883
7402,0,0.3441677173445103
9086,0,0.3057973770618313
3608,0,0.39979243002461645
6275,0,0.37822775158678845
1101,0,0.35409553322610543
2679,0,0.35108868251140785
8623,0,0.34783109688343095
7061,0,0.3393791936688063
9222,0,0.2500367277843927
9328,0,0.36301180646905556
3643,0,0.1829417644139645
9066,0,0.42941077718499543
10290,0,0.30866696801561394
3520,0,0.31660642054343774
2370,0,0.43541706718727147
8634,0,0.411138605852472
3092,0,0.26082699101936363
8875,0,0.5318956872653077
2481,0,0.28072632442537365
11278,0,0.34433418603834537
6315,0,0.23404811434010792
1719,0,0.33371209655723527
2561,0,0.4108908052601599
4165,0,0.37217501811663267
10884,0,0.47489764505342774
8341,0,0.26845985256997346
10110,0,0.2073137699943608
5976,0,0.3415806664523064
662,0,0.3560050490910566
1746,0,0.373733432354165
11416,0,0.2804434627164782
193,0,0.4368364816580314
11389,0,0.3118863085791376
4586,0,0.4256853206860394
6498,0,0.2514174711658687
1269,0,0.2852158338142229
1591,0,0.39441843009173405
3066,0,0.28193970840193794
12909,0,0.284378312155273
8360,0,0.5028918664326053
170,0,0.2908297688452243
12445,0,0.2337952797615842
5140,0,0.474233269613135
9381,0,0.32937098062437703
1582,0,0.531291134353061
10465,0,0.20947836349615628
7679,0,0.41382728816562775
1748,0,0.48377288331776774
2524,0,0.32074964908144826
8442,0,0.3283536802489386
6269,0,0.389385640229073
12772,0,0.29451961160458306
6694,0,0.20258589924742815
8395,0,0.30953884978513646
499,0,0.42599310353006103
10274,0,0.4146780862665843
2150,0,0.4160924304371923
6412,0,0.1797548014050461
1623,0,0.5106912543299342
2139,0,0.35326134838107587
8843,0,0.3457094076470174
3478,0,0.3949855786020916
11107,0,0.19187194500865548
9268,0,0.41995564109682537
4777,0,0.46011573898949665
970,0,0.43166640146015295
11509,0,0.34195646792379725
4773,0,0.4852417555205737
9403,0,0.2842945509310925
11553,0,0.34354962244267606
2447,0,0.41839963991085427
161,0,0.3286812261263613
9522,0,0.3282656614653277
10338,0,0.3166293723876281
9349,0,0.3096734404235252
5398,0,0.37297588140961835
4085,0,0.382705597882129
12776,0,0.31956231179463246
6590,0,0.3272421015305172
10364,0,0.39048890708710154
10851,0,0.285068621964076
12457,0,0.2501941268932416
8099,0,0.4775128180156157
8793,0,0.38024846322723577
8561,0,0.44538715415783775
6202,0,0.07922155034923575
9919,0,0.38351841189416763
3914,0,0.32527109553217
2842,0,0.3822943850782817
10525,0,0.17772661578065277
7041,0,0.38252405955284646
10317,0,0.28138620903655
9333,0,0.27813224363710565
9320,0,0.4051646832062355
5997,0,0.38453590322036657
3443,0,0.28886916903572996
7166,0,0.2965553032649817
1776,0,0.3955835557047834
3336,0,0.330128097065542
850,0,0.3696024757068384
7294,0,0.339761352312396
12088,0,0.36063559725379724
12930,0,0.47750775151912883
1973,0,0.3919813382163009
12831,0,0.3981341450522566
8200,0,0.3495751874862373
7866,0,0.340506668018414
3484,0,0.3292083021585846
1868,0,0.35786742824717505
7925,0,0.4262998476573713
6934,0,0.35988531337439666
10975,0,0.36334484333217304
3419,0,0.34008049528044426
7902,0,0.36814455306392535
4485,0,0.36978177609790874
11087,0,0.39498037523420276
5218,0,0.42443685736115466
5547,0,0.35655316490426026
8740,0,0.3410275265202977
5364,0,0.3138456505895049
36,0,0.3685586383930656
11928,0,0.33535721247648903
4465,0,0.3331207031668546
5492,0,0.3901752707762033
4990,0,0.6697356799140123
9676,0,0.3806515353634427
9980,0,0.3845231155108613
9126,0,0.3627562273640777
1202,0,0.26112472342487486
3187,0,0.32445485383953765
7798,0,0.34206488229313853
2163,0,0.48746741781518726
6652,0,0.2519705519983626
6767,0,0.3252188291473629
2335,0,0.4457639719457936
12952,0,0.40904998276696664
12815,0,0.4067872450742947
4223,0,0.3543274912851397
10691,0,0.42072962806066194
5126,0,0.41537571982543103
563,0,0.2694354554818118
4392,0,0.3030833189321808
4253,0,0.4349367535740851
12162,0,0.27327478756834617
4984,0,0.5044860986009111
6892,0,0.19285687153554826
5406,0,0.39282519620981066
1247,0,0.3158199954631532
12016,0,0.3831537562634789
10234,0,0.3382079502621504
9267,0,0.42362152174766243
2646,0,0.355357850190983
3386,0,0.3377846483807043
548,0,0.28471274217036674
11328,0,0.3601196787241875
8690,0,0.355990696842507
1626,0,0.5782910282758321
5558,0,0.26352999226303836
4072,0,0.3286145078202274
9435,0,0.2808627530155895
12951,0,0.4493813802125424
5093,0,0.41008522580390255
6072,0,0.38856641000983166
6790,0,0.23849203931902357
3041,0,0.4461170736157518
8779,0,0.3179560830454785
12847,0,0.4580992493628643
10467,0,0.31223253122015315
4337,0,0.36415506373099277
3780,0,0.42035729872999417
12199,0,0.4073908298679666
8129,0,0.37431911653153155
5893,0,0.5704299195259163
2095,0,0.20751053293340777
3765,0,0.414330227424354
7985,0,0.44003856395465685
2544,0,0.5113582287791788
11551,0,0.3446455807238979
11372,0,0.3535255148863867
6983,0,0.33847656446553714
5217,0,0.29387536941889497
8168,0,0.2697924274415566
3258,0,0.41101989811532746
7399,0,0.35352090070581305
2989,0,0.21021781403957362
12516,0,0.5298720156871364
3300,0,0.4270772106525723
9904,0,0.31365244767456263
9874,0,0.2870584746202503
12743,0,0.7482276277645287
6407,0,0.3323638790965188
11310,0,0.34209240512063027
3970,0,0.3737755763731364
5085,0,0.4563153069133907
4658,0,0.3771516608553182
5884,0,0.32277868622519296
9552,0,0.39214966625211695
6702,0,0.35171749714704964
5721,0,0.18159797348126017
2032,0,0.427666319084002
11387,0,0.3884784104548495
4283,0,0.2723770704341717
4441,0,0.49151039858939827
1470,0,0.1541146281926134
1119,0,0.3448483587707945
8653,0,0.6031164262466844
4694,0,0.37274206489761197
11435,0,0.3535811177523617
8600,0,0.3400381972146293
7523,0,0.38658822808362914
6057,0,0.2856619388398145
11206,0,0.2754012584408248
6121,0,0.3359164895677487
11324,0,0.2808060448785507
10545,0,0.35785151843691204
7560,0,0.4730991871246397
7110,0,0.3767189731998925
9983,0,0.41063593016893774
4001,0,0.38687402129033116
4017,0,0.4026384378871702
12137,0,0.32706292077782423
3612,0,0.37187946982128167
9273,0,0.35948535077316096
4528,0,0.44914397387073673
2387,0,0.35997204325745435
2633,0,0.30477869365101073
12326,0,0.27731253920274335
8976,0,0.34968474699707336
9768,0,0.33131451501729015
9284,0,0.4102108024836313
1072,0,0.4396132782565623
8417,0,0.569893434514898
1515,0,0.40874255588632197
7765,0,0.3007899720971658
11672,0,0.41744211475295206
9102,0,0.4885779976497741
3158,0,0.45499034966594876
10475,0,0.3469190146899664
1568,0,0.42897009633947464
3137,0,0.39975622374150216
11899,0,0.26949482294998894
9029,0,0.2992336323048848
3351,0,0.46669840358613135
1706,0,0.19899510941714646
3688,0,0.23222346905902236
7070,0,0.35861931999444563
1882,0,0.278059159389957
8128,0,0.30409417216790546
2629,0,0.3906491502028592
6377,0,0.35807797684730874
12420,0,0.5068036362043065
12070,0,0.3338229195767929
12098,0,0.23051837759181404
8349,0,0.35941664704738596
10451,0,0.3704507828933063
5686,0,0.32132098248193214
10375,0,0.2997191779176895
5680,0,0.4065187823442689
1899,0,0.43536742492557484
9342,0,0.3418160403318826
9758,0,0.3535294015097194
2668,0,0.4496539634988157
8080,0,0.3874472380742719
12598,0,0.3614254464666061
5110,0,0.3669225677175718
10031,0,0.3473948036215991
12525,0,0.5157702954474754
6915,0,0.3100054524173935
11215,0,0.23292941550838328
8461,0,0.25998179863586035
11192,0,0.39324029098482965
11641,0,0.28760550384454914
12781,0,0.2399602714495688
6108,0,0.3621641770719479
8262,0,0.35621426918649923
3526,0,0.24455387384931213
4480,0,0.24098654571753472
5661,0,0.295628709529242
5084,0,0.3573414548635988
6695,0,0.44148177308573033
10686,0,0.42441156352534165
8955,0,0.28463496185357695
2905,0,0.3129094777861373
12190,0,0.4097963074529644
10111,0,0.24859365955553184
7378,0,0.3829436526432283
8664,0,0.41358971838025055
7018,0,0.311044674461295
12418,0,0.47027745918330555
6687,0,0.36989066612635974
12869,0,0.5060338619088226
6740,0,0.1803237859355826
12919,0,0.361944650492749
2298,0,0.4162017388601561
12822,0,0.40560305073829367
8037,0,0.37428381538642785
6976,0,0.3463213085442444
8967,0,0.3012474662444957
11573,0,0.4463151754383155
953,0,0.36833097921257196
5276,0,0.36177170254332186
204,0,0.359211249372723
2061,0,0.45671344408425896
9944,0,0.3601738852164964
6864,0,0.4365331362686827
8220,0,0.248506346443066
2756,0,0.2846500884568497
10178,0,0.3556329665288526
7151,0,0.28448202438405745
322,0,0.31493636430503896
435,0,0.3975010129398998
12614,0,0.4394933719766226
12920,0,0.3873519721888391
6422,0,0.3124062755671965
9530,0,0.3842635299472986
3651,0,0.2990215661479808
8571,0,0.5113000722594078
2244,0,0.47754822726337615
9702,0,0.35841536146101066
8610,0,0.47625361128871285
12574,0,0.40846065904153706
7312,0,0.27970666715292647
9562,0,0.6248756744164214
12740,0,0.6783302952354533
12450,0,0.3753457958069845
353,0,0.34081582519910625
6517,0,0.23384853274638132
6712,0,0.19448374523787024
10830,0,0.43545182393713133
2427,0,0.20433236238338515
7977,0,0.41952822301632214
380,0,0.2593080524075096
1261,0,0.39624901110078214
11240,0,0.34012930135193314
5010,0,0.37797778741891835
7533,0,0.42889308273479965
6588,0,0.3356059042944832
6683,0,0.4213375973506175
2822,0,0.24378784368948078
8982,0,0.3717135005344271
11681,0,0.48954661153500845
7623,0,0.43584250866288626
8728,0,0.3133110943637576
9018,0,0.3680749643045764
1857,0,0.4057843317684772
3372,0,0.4340941055896729
6811,0,0.1982223517672824
710,0,0.22546529553974937
8814,0,0.2816460377925122
8083,0,0.393037695848659
8144,0,0.4557133754208117
8782,0,0.25035501502816415
2729,0,0.40049046414522316
9565,0,0.4305687137644783
2640,0,0.3823095704337306
10738,0,0.19830286542665687
4535,0,0.4272488461229105
3674,0,0.23628500249724488
4241,0,0.33151695208400017
5435,0,0.3466012156784298
9880,0,0.25326263623195516
5858,0,0.33657550732451247
2996,0,0.29279052494570645
5356,0,0.45749655164593894
917,0,0.43759021953186833
8050,0,0.4471097167408285
6869,0,0.2962482257281714
12575,0,0.4708254493041772
3887,0,0.3544739582259857
9653,0,0.36663016829998885
9417,0,0.3117822913743422
8604,0,0.3336378066148462
11760,0,0.39023718239447613
4958,0,0.36282857070255436
11381,0,0.32692797835276144
8723,0,0.2798688921832724
12314,0,0.2386237630556807
1731,0,0.5438936222358274
3545,0,0.2836752157128339
4770,0,0.3410814794097451
12346,0,0.32177913763010213
10621,0,0.27529539740345194
10222,0,0.4612418379361238
6326,0,0.34722733412001966
12081,0,0.31647254982992373
5145,0,0.39278691933563753
9233,0,0.32837163375125605
5693,0,0.25012316179001026
8396,0,0.469725254637458
2512,0,0.25006843364160153
5588,0,0.3832338328985297
8552,0,0.3902045426018338
12116,0,0.2654353928782555
9214,0,0.2903824879957249
728,0,0.23528863049607285
9890,0,0.3585766877591714
6450,0,0.43779275685469643
12359,0,0.3549227784241247
938,0,0.3778129919856312
12868,0,0.36990690152052336
8609,0,0.4086861779810204
12763,0,0.22930159842763362
4710,0,0.3867311312954841
11309,0,0.2844156655900526
6663,0,0.45730806622505044
11338,0,0.3443969647397697
8659,0,0.5188469527200413
11634,0,0.3013911739260581
10403,0,0.3936437564939689
2680,0,0.3607950810588114
557,0,0.3312275763516648
2909,0,0.3371139199536644
11856,0,0.4487633470629107
8316,0,0.5626107897711676
7179,0,0.2754243343566016
340,0,0.35506751445950485
562,0,0.3933160958526958
11711,0,0.40317167937853193
12336,0,0.36535248959903194
10623,0,0.3352234397692589
8297,0,0.4423367136262992
12382,0,0.36496663967484805
1241,0,0.38314462091368756
10903,0,0.3173583822151464
11341,0,0.25300347553723845
1061,0,0.38813244285831916
2119,0,0.4997043091228639
4619,0,0.4641685521110039
798,0,0.32434214160903146
60,0,0.4120763383895477
5567,0,0.35753360460189365
7508,0,0.29093541596649275
2868,0,0.3305353635474964
9553,0,0.43761489341692733
5454,0,0.2900939594567319
9158,0,0.27198600750479696
7950,0,0.23011866001220568
12549,0,0.3920992950291098
8716,0,0.41040240382637017
9908,0,0.34427740430930875
5222,0,0.4534207348737399
6555,0,0.4154062848910522
41,0,0.334047429863814
4090,0,0.3694074712350352
5309,0,0.3534527061315206
10107,0,0.27732962777569603
7962,0,0.39947702065339186
6501,0,0.3918152299158653
4914,0,0.3505899154695384
3897,0,0.3089710076075294
9605,0,0.4114405213548426
3551,0,0.3363274193788667
125,0,0.3255316026021123
1818,0,0.3882256727935397
10587,0,0.37154673983077285
1941,0,0.4099512578367806
2266,0,0.289658470220103
10998,0,0.50099140837498
4815,0,0.24147232628540954
3382,0,0.3857740038370338
11226,0,0.3316658558281474
8887,0,0.6631210329265234
12653,0,0.5001045967219281
6808,0,0.4445997560202679
2167,0,0.482474244519337
2925,0,0.514013374974841
6582,0,0.40035722463186185
12145,0,0.3299894429907486
12588,0,0.3725392261900864
792,0,0.3979482353232975
2408,0,0.285465569106241
6656,0,0.2684724007507698
11241,0,0.32960735055077856
10540,0,0.3132753933742918
1869,0,0.3704659756243878
10479,0,0.3040561506443406
6239,0,0.3706809179088231
140,0,0.28556238068787293
4062,0,0.17201666821217812
10378,0,0.3992711123828914
10672,0,0.3651555096318943
4362,0,0.42514487261559075
9712,0,0.4431832373224051
6452,0,0.4364548384042355
4576,0,0.5943905175168935
5001,0,0.5076985816829179
6348,0,0.4052958272107988
4716,0,0.35127491136472844
766,0,0.4355247669519075
3777,0,0.33470535969497334
12249,0,0.37228127778957965
2982,0,0.20084367253975746
4077,0,0.3751906089276958
3640,0,0.2989352825892444
12271,0,0.29358291014752796
3110,0,0.2867515765444201
6793,0,0.11153320143436941
2440,0,0.4590119570300446
10870,0,0.2878823741222268
12034,0,0.37416643814206774
4551,0,0.5238013664028572
4859,0,0.3155068415451629
3891,0,0.29680513204677283
4458,0,0.4335059237806343
4469,0,0.3242798455897957
12812,0,0.3432681510493953
10821,0,0.43026413398201685
10733,0,0.3264203139341578
10558,0,0.3212696404546603
12852,0,0.44969952398949503
4346,0,0.33976212891579555
10424,0,0.3578104442162768
12893,0,0.4915165135389049
12886,0,0.3414808691232992
4809,0,0.27860908505857546
10117,0,0.3663163277904037
9139,0,0.2990725197202637
12632,0,0.5399061341330552
6589,0,0.24765869601063423
2826,0,0.38568930173127003
11440,0,0.35006126854615904
4230,0,0.4734312224833267
1301,0,0.363861998896886
9647,0,0.3829541891613249
9599,0,0.35598899962219194
11761,0,0.35522484771319107
9590,0,0.2728091630392848
2648,0,0.3536148742857842
10139,0,0.4253186045970809
10082,0,0.3404557379946236
3915,0,0.35806543204137753
2927,0,0.37790730743161133
5295,0,0.4123711564481131
10208,0,0.3166582073635048
8359,0,0.3111799980005371
10631,0,0.3812581372844994
6851,0,0.3121508194964004
2033,0,0.4076297310542555
11576,0,0.27957759906368823
8046,0,0.33941912875933994
11853,0,0.43828566601673674
4476,0,0.38912246940434253
11268,0,0.3984335593361936
6774,0,0.33129084295029554
6002,0,0.46133222978456084
3290,0,0.25649285674502287
6277,0,0.47884596726816947
11172,0,0.269153591394249
11078,0,0.3453212614432448
2115,0,0.4090875717003272
7300,0,0.25737266030147976
4229,0,0.49846455732429507
5037,0,0.3545640156170485
10193,0,0.3358494172512806
7609,0,0.3039316386708346
3381,0,0.42543332954954116
1961,0,0.4230505786320781
10339,0,0.3003606545033623
8381,0,0.3130808966899593
4159,0,0.3777090532098065
2251,0,0.47795167539860584
7577,0,0.39703397260210976
5676,0,0.2398918188890504
1519,0,0.5933045163211971
5338,0,0.3331878647101321
6213,0,0.3343059133331653
10307,0,0.4188627241458332
1665,0,0.43543014658818224
7310,0,0.29708017902943407
11346,0,0.37539010376522003
9219,0,0.2667839666291837
532,0,0.35962496416907425
7024,0,0.3732660490842837
5161,0,0.5011398818465823
1219,0,0.2690858228320416
7684,0,0.41534546611752055
981,0,0.4610413779991497
6265,0,0.5148875736020263
11888,0,0.40585755082596375
1672,0,0.3531601817451488
5619,0,0.33661838127756033
3552,0,0.44656132641325413
2620,0,0.48016394354471115
6344,0,0.3668749225116088
12201,0,0.43698341249466577
5326,0,0.2431301216387627
6159,0,0.3131769381407042
11281,0,0.3318471890087372
7996,0,0.4455419575731962
12733,0,0.49096743462868364
11999,0,0.4375278631569887
1620,0,0.33146452707370355
2133,0,0.4344978235591174
4893,0,0.3205628465304148
6754,0,0.4906849616977426
7161,0,0.3372389093035284
7873,0,0.28337303364983124
11744,0,0.39584125530275777
5292,0,0.3589801971017273
5719,0,0.2769576950852259
3680,0,0.2642119120963394
6689,0,0.49006815761172257
376,0,0.2854497398097724
10130,0,0.26582526443767523
9814,0,0.42473097575723706
977,0,0.4913707449242974
2184,0,0.484722282049641
59,0,0.3446310622652886
7538,0,0.30909209984553154
3486,0,0.2865242117435254
12293,0,0.40953552551518724
2048,0,0.3448814470982174
9932,0,0.3424327651481745
2641,0,0.39211925503236783
1694,0,0.27218131929712724
150,0,0.3348961495897633
12389,0,0.2918229897752985
7362,0,0.3670124841060499
2243,0,0.4410625420106315
7586,0,0.30759327433513883
6796,0,0.14837974384054503
3626,0,0.2939650519821135
8707,0,0.4482047146937968
5278,0,0.4921170300286897
1204,0,0.35734971097749224
11451,0,0.28000072198237247
5359,0,0.45663625160740723
1710,0,0.2562914257454572
1323,0,0.3163023413888077
8159,0,0.3368021790917983
12615,0,0.4918273177675848
12709,0,0.39325948867346844
11964,0,0.3867545093809535
10880,0,0.3930216200311287
6739,0,0.14236959772534868
3842,0,0.27053313653518374
7792,0,0.18423424354387713
10280,0,0.3092922918544477
10827,0,0.4112509448367321
12119,0,0.27804600965947873
7656,0,0.41247211780470455
6659,0,0.3638577771247276
8234,0,0.33844225725508786
11860,0,0.4548193579941522
6508,0,0.3424012091754452
6181,0,0.10434629342837397
7278,0,0.3769051800756215
8991,0,0.28499387568201867
9122,0,0.3444286169018455
1296,0,0.26841128275270026
5227,0,0.35982269312207116
7192,0,0.39154125011731705
4654,0,0.5677090112018449
1502,0,0.42890284571550746
2508,0,0.4055252323891971
3779,0,0.3826127630828922
1389,0,0.3783723502170427
9754,0,0.3510481189059561
12827,0,0.32776952040242585
6564,0,0.426351195509176
12611,0,0.4695232105188049
5568,0,0.32487219399326767
5981,0,0.45785587912316866
4026,0,0.4017866330747313
9935,0,0.4580199675288099
1553,0,0.3263089637116404
10570,0,0.38322563288824135
8483,0,0.3575315016202776
6834,0,0.3229478808347898
5459,0,0.35630934793010666
7021,0,0.3209726639690953
9150,0,0.3098341282521902
1211,0,0.22296143340988558
11874,0,0.4990453308125108
1584,0,0.39446907965189554
6570,0,0.3766288979817669
4343,0,0.43261631901017134
6810,0,0.4350947531895214
1708,0,0.2574397038473819
1550,0,0.33002332952703517
4602,0,0.42316162900984533
12154,0,0.37259689505641147
10392,0,0.4450922564362499
10698,0,0.35628333806503476
11362,0,0.27098612265087124
1492,0,0.2839728197664975
2795,0,0.32017572575761016
9270,0,0.4516570146302833
2200,0,0.4397541776879895
1160,0,0.31310487866735087
7681,0,0.44094515704741677
9371,0,0.2888750737232635
3251,0,0.32449630446438055
9657,0,0.3338116552180923
3993,0,0.3882012482399574
8011,0,0.33127934388665814
7592,0,0.3066456067727484
8511,0,0.38606251928078533
10677,0,0.39616528627703035
7429,0,0.32935145122941034
3738,0,0.28412627224664766
5550,0,0.29603922017860473
2714,0,0.37524189339062036
5088,0,0.4359805021485695
11765,0,0.44345490341374133
11533,0,0.34211046561832653
2577,0,0.3001362089457902
11951,0,0.4610903781388125
8380,0,0.22700396549727872
12106,0,0.23561356769008338
8865,0,0.33868354390498595
1921,0,0.48094531794858747
10435,0,0.44319627909657394
1673,0,0.47276074693332926
9800,0,0.3163946082825451
12333,0,0.29875455913762766
2039,0,0.35709842128832275
9841,0,0.2884728604775439
7841,0,0.26770015114602064
7194,0,0.3567743745722662
11751,0,0.4076070487265492
6722,0,0.25720712943505236
1887,0,0.33757763448203437
2593,0,0.557856189858825
8183,0,0.3319425594617306
7456,0,0.3349092030835542
11676,0,0.32783927585685174
1872,0,0.353142385726675
11037,0,0.27237014262900505
9706,0,0.4579986512747261
5955,0,0.35321950000306723
8440,0,0.30849698708588286
6996,0,0.3970936786802384
1715,0,0.37907752852520304
3653,0,0.289017524802424
3785,0,0.3359484102000275
4040,0,0.47644704473279953
134,0,0.25924516909437
1161,0,0.3274442189400522
3060,0,0.4705148287143182
11267,0,0.44773199446662865
6594,0,0.2621191117309967
5138,0,0.35053813342817836
12266,0,0.34239575592710647
8902,0,0.5274796770821191
11490,0,0.2984397940986686
2815,0,0.3620584896380201
11254,0,0.3358564570574511
7079,0,0.2856980529755455
11735,0,0.4397407120477839
768,0,0.37517789134382773
5447,0,0.3979613615389682
10205,0,0.40713703646494803
2120,0,0.34666426869552935
11482,0,0.3959738671194259
3152,0,0.3841536740760535
10724,0,0.31415450727564664
313,0,0.2402457225911111
9567,0,0.3437004923573516
9683,0,0.4401329217148181
10931,0,0.341358147386244
8885,0,0.47104561186337396
9571,0,0.500499608869644
7173,0,0.34627776919356357
1714,0,0.4559352041478316
9950,0,0.22870744130970974
10566,0,0.4064577053020587
7446,0,0.47904519982509525
12809,0,0.2979169821769104
3818,0,0.33564537050659116
4659,0,0.3977092654407046
12639,0,0.34549033745664853
12804,0,0.3941560753880527
3133,0,0.42927652264111377
10567,0,0.30283673242097275
6544,0,0.27308614720500485
12817,0,0.25677072783613486
1632,0,0.4056299337131595
11511,0,0.3437623816329612
2089,0,0.31184150369795705
3872,0,0.28618244428865314
4252,0,0.3857691429011972
12078,0,0.40496731836244926
504,0,0.20730820541848904
1936,0,0.38915930491066875
3676,0,0.4416538171425786
3482,0,0.25455921920197216
3048,0,0.37409215452447825
3966,0,0.40650550080605197
8488,0,0.3153716216489669
7281,0,0.439960306013444
816,0,0.38645673275715264
1396,0,0.4561892717743471
10122,0,0.29362666133062765
8839,0,0.3198591846801679
4726,0,0.5768668756473665
3926,0,0.3421962475964945
6886,0,0.21712359767175746
4499,0,0.3401102231687529
4280,0,0.23865099439660764
5327,0,0.3447629537833615
8032,0,0.3511417503010495
2942,0,0.3720881026974735
2963,0,0.40026124400220453
7414,0,0.3325358515089496
12732,0,0.625518996328416
10220,0,0.352408746443836
9964,0,0.42879805246994185
11364,0,0.36681092177830055
702,0,0.26651345117999914
5954,0,0.3762586259263713
2465,0,0.33125587119685446
2807,0,0.4084717257336946
2818,0,0.42117667632373307
684,0,0.35417492552144403
5623,0,0.40975982269522493
10166,0,0.35199955181844517
6138,0,0.3095527442127916
6560,0,0.3682984847551237
1146,0,0.355239120480799
8651,0,0.32892159551964245
3144,0,0.39959561845114083
320,0,0.21045424452892816
8545,0,0.4292640986099709
12850,0,0.4356591485473532
8686,0,0.49960314484806784
6400,0,0.2200702345520369
10887,0,0.4042311982719642
8305,0,0.4163284074988036
6690,0,0.4388683826397729
8912,0,0.2059914914575853
9212,0,0.29338753335649687
10336,0,0.3514422837082923
10812,0,0.34189885618528104
3615,0,0.37729033958656494
7288,0,0.33550014950800683
7168,0,0.29597642385108913
7279,0,0.27718911824429543
3360,0,0.44809268782606854
12471,0,0.41809238610607596
9458,0,0.30969056698100833
8354,0,0.4754845246274632
8371,0,0.29198238181962327
1526,0,0.368062653703543
8564,0,0.42951614664918075
6703,0,0.24276466776256655
4298,0,0.22418434955556074
10313,0,0.470308620701488
12835,0,0.31441164280820294
778,0,0.41709767224541394
3373,0,0.3390582215536691
5130,0,0.4504678614757491
10680,0,0.38258113198937027
10427,0,0.4191534044401626
3721,0,0.2532867432191037
10061,0,0.3522115697408152
10245,0,0.30933409743644424
11114,0,0.2483966215276496
5812,0,0.2952267474774567
7290,0,0.4665514435808572
9245,0,0.288304982403338
2749,0,0.33725686615931655
1295,0,0.35075659155552763
6007,0,0.4539519320940306
6493,0,0.29966902133228135
5746,0,0.24538553245552108
3235,0,0.27597943021846677
10809,0,0.35356353912090505
9022,0,0.47384637203640356
6579,0,0.3142496046492926
10963,0,0.3960705539484897
6551,0,0.32851523699612817
505,0,0.44445503298567485
6303,0,0.3303789194883825
8879,0,0.3645351356088429
990,0,0.39060519650554637
11800,0,0.36338384759698333
1070,0,0.4568669152411058
11258,0,0.3615937386657608
9472,0,0.3889671741165015
8276,0,0.26263946631644464
4779,0,0.4221182339390557
12073,0,0.3671684498360687
9784,0,0.48727877308327555
6290,0,0.3450306385150223
6611,0,0.30752497371638393
8709,0,0.28763203917894525
10386,0,0.32315128673109966
11980,0,0.3599932009409005
7671,0,0.46406621674639736
8410,0,0.41613454030170005
5630,0,0.1961381259375909
3080,0,0.328391523368274
7992,0,0.40008586222421905
7059,0,0.37758375142135553
1270,0,0.30573889679785715
3363,0,0.4963590237115951
8817,0,0.32289824406032164
1236,0,0.3204643042506614
6016,0,0.4478306866128811
5040,0,0.348659217397379
6866,0,0.3950906528971307
11217,0,0.30446955044660273
8318,0,0.3583920587462396
2041,0,0.34354858709855385
2759,0,0.32799859575990636
12756,0,0.2470651079505527
7245,0,0.4680124474239757
3681,0,0.3032718838979669
6020,0,0.40365648252692393
7067,0,0.39648130053433744
9410,0,0.3591874565773706
8880,0,0.43688425656642543
5317,0,0.23026514017848085
2706,0,0.4906486090472645
9730,0,0.4731450241940294
400,0,0.42810252426249107
3699,0,0.30491598925860147
3184,0,0.3651844151540145
143,0,0.31687847279918807
3499,0,0.21036523310753244
6355,0,0.29973457353010424
12635,0,0.6266569475155405
5990,0,0.3937062310310068
8098,0,0.4435366617697181
3185,0,0.49975064534659713
1130,0,0.20097140974542066
8116,0,0.3063450217993507
132,0,0.38098470475715907
4251,0,0.3730977485201157
11096,0,0.3060354836130447
11095,0,0.24886901165326814
10777,0,0.3685797415085294
10001,0,0.2907649552029975
11520,0,0.3708340069901047
8226,0,0.29448152010013523
9671,0,0.41052763205218384
11541,0,0.33928488529097
7174,0,0.3251985003014796
9002,0,0.23614281204539042
7133,0,0.2775146473327648
7639,0,0.3199899834286078
9165,0,0.2880459846061785
8535,0,0.4432237268444688
8199,0,0.4843641436440531
800,0,0.2622074627977112
10168,0,0.4232217850830415
10484,0,0.31984593985715154
4212,0,0.34939288496235255
9810,0,0.30031509251848354
8464,0,0.35604886792258605
11526,0,0.3173179293019937
2725,0,0.30804360538652076
9416,0,0.2541711220748566
7308,0,0.32380318059615876
758,0,0.3347840460499152
2499,0,0.41143988594612285
8370,0,0.5147072835531488
1713,0,0.29345027316298744
12727,0,0.5021818500338143
733,0,0.40585843577464253
7044,0,0.378390269085114
2596,0,0.6085596233150404
8559,0,0.48956709199809634
5825,0,0.4535466033488878
9361,0,0.27026568225892467
667,0,0.5012004547738887
8095,0,0.39763585816370284
688,0,0.43003852767590567
4788,0,0.4533923480935185
6953,0,0.2738921449196697
9986,0,0.2761704965645106
1766,0,0.44906308323405575
6388,0,0.15792441633259682
2415,0,0.2155888637360454
12672,0,0.48615958237132995
5748,0,0.1890788768105862
592,0,0.2448377310972203
6831,0,0.3180170742676086
9103,0,0.5924059820196924
7532,0,0.4323931072305069
6251,0,0.4273918524886973
10377,0,0.343935922515558
3182,0,0.3647327699927837
12912,0,0.4403800174910815
5490,0,0.3308668875836165
5424,0,0.33316948021855464
10158,0,0.34226768238135485
1007,0,0.4011933315777534
12947,0,0.5557339738655493
7324,0,0.331245168992863
7687,0,0.30054243307624795
4124,0,0.19037911758293577
12668,0,0.44501627367443547
6280,0,0.28677173238226206
3077,0,0.38740265780848326
5250,0,0.3552945613537025
4754,0,0.3877557052413908
5789,0,0.28063547133907074
2853,0,0.33509122873034386
1888,0,0.1468835476737431
5268,0,0.36836839323696907
10506,0,0.31860790728607746
9654,0,0.3404696222375967
7998,0,0.3603570091183267
3618,0,0.3861098031544954
9305,0,0.41933496098138096
9528,0,0.31804085102893753
7292,0,0.25886444216175153
9661,0,0.29503054552484376
8298,0,0.458642489377897
4572,0,0.5353477307106781
1608,0,0.335629536586184
10584,0,0.35893205556685737
8684,0,0.27490266978861827
1757,0,0.4532175029666585
2695,0,0.37927517429077867
4860,0,0.33719517028887963
3244,0,0.5621910262205081
10227,0,0.2658841315411276
6475,0,0.2926960955657086
6056,0,0.2942894613357137
4953,0,0.34829423646683544
12338,0,0.2862409486280157
8321,0,0.34137939885944096
861,0,0.3019485744150001
5814,0,0.316227546871306
539,0,0.23558481250058877
2938,0,0.3094454276592213
4714,0,0.3957495147065839
11329,0,0.27313964933737717
4689,0,0.36188342370444054
6161,0,0.3471771456943931
3302,0,0.38978124860038377
6963,0,0.26851442896370664
10324,0,0.32825373509501177
10283,0,0.31739329514993203
1762,0,0.4152939494860428
349,0,0.2755380439981373
11462,0,0.28523675020960565
9918,0,0.27092562898054734
4227,0,0.39471714032936844
9713,0,0.5100565069255959
8749,0,0.31811539745447664
2373,0,0.35866095306684675
12610,0,0.42650036255562185
2839,0,0.3914593563431696
4195,0,0.2899920879988385
12355,0,0.2685148018093753
233,0,0.3638412782905669
8683,0,0.2389486286820346
7672,0,0.5377568586943811
8518,0,0.43780338169101984
2664,0,0.3766087639369322
2070,0,0.40506674947147564
12035,0,0.47753438437479145
90,0,0.2978884431030547
5763,0,0.31040926857474743
5018,0,0.35556295019698736
3892,0,0.41074067635894174
5947,0,0.4997448188588403
3177,0,0.42588333518658505
2021,0,0.37210031071471505
1057,0,0.3908431868726803
1292,0,0.21019720642614287
12329,0,0.3588641154031818
1653,0,0.27511750079104075
10334,0,0.3119945796380218
3838,0,0.35666840027024965
6425,0,0.3225077516351925
11757,0,0.4082529562088045
9330,0,0.3070638986225152
1352,0,0.3989155512296642
1180,0,0.5093286191191971
7157,0,0.3644979073804674
12486,0,0.24975996354912908
5764,0,0.25424284642191675
1971,0,0.412725976277663
4249,0,0.28410310513303827
8841,0,0.3135164476776528
6836,0,0.3096050014059391
9790,0,0.44773238370615764
9494,0,0.28568443191105614
397,0,0.3857697113149292
927,0,0.4189336148977903
5798,0,0.39373579471510195
773,0,0.41267240630681423
6805,0,0.2812348340198659
3178,0,0.3562604024196508
9570,0,0.3248643392290883
6325,0,0.3308587966573997
4176,0,0.33483410748360903
7601,0,0.2902789624642614
11284,0,0.3088292746488242
2341,0,0.4877387978907999
450,0,0.3048315036845309
10509,0,0.3187007765365694
10978,0,0.3223777242437253
3197,0,0.24796902113478306
10070,0,0.3103189719893214
6250,0,0.31507853501866645
5390,0,0.5349386543644324
995,0,0.3416273806129113
11035,0,0.24355131891420556
12093,0,0.4217094622094392
8753,0,0.2860377365859349
9634,0,0.2774707562928231
7522,0,0.2710324528033523
6461,0,0.4310620229195041
8256,0,0.35352533990754986
1805,0,0.46427388587873
7444,0,0.3850327412063478
8489,0,0.3066980221744206
2912,0,0.2509195988089864
5770,0,0.24394216269424993
1094,0,0.2532970160623191
5119,0,0.24610472898866398
11132,0,0.3822997064688096
262,0,0.5349679445123852
11235,0,0.27906068399999495
3399,0,0.42304142915373755
10259,0,0.41198385924073666
2279,0,0.4383344768191365
8135,0,0.3794840526210394
12760,0,0.33390722231547343
2743,0,0.24988935053990755
11965,0,0.39021578001168544
2059,0,0.4185302359839397
1088,0,0.34917848389266704
2219,0,0.44205039328833173
2195,0,0.38952794596734935
7178,0,0.2756573080731965
10787,0,0.4250485212203088
10813,0,0.3797661556498733
12726,0,0.5617288641043827
9032,0,0.3037744896859685
6374,0,0.34877756356237927
11725,0,0.3480240748896038
8416,0,0.4151561295164059
2035,0,0.48912361120281517
6954,0,0.30097793430994435
8629,0,0.38082455548054167
2369,0,0.4733318793747964
182,0,0.269821584012857
11660,0,0.34958782228030266
5498,0,0.3874442812615628
4388,0,0.3129186194468445
12096,0,0.39740435549660696
5111,0,0.39185298686802933
11600,0,0.3088680284862598
2065,0,0.49579957352899223
11929,0,0.35627822735458264
10722,0,0.34232808454180547
2313,0,0.31969137503073813
9797,0,0.2603219315209606
10036,0,0.41682827379306053
1674,0,0.40395564727704714
11036,0,0.2720367617404019
11891,0,0.356875713084148
8010,0,0.3207898895114713
9463,0,0.448505092152591
12404,0,0.34708652672422374
7654,0,0.3646727180913504
10935,0,0.33574340618490167
12669,0,0.45511663389339135
6562,0,0.330048208734674
3361,0,0.48424263948268503
4490,0,0.324113582757044
6614,0,0.31763317590380047
4855,0,0.31933634590560833
7491,0,0.4043618006894228
7066,0,0.2950052787621497
10640,0,0.34138208597085407
6037,0,0.4158019203527796
8358,0,0.42265681661015486
5472,0,0.33112570991396295
91,0,0.4124370634294302
3376,0,0.3333298722954153
1834,0,0.31278023909528135
7417,0,0.3249521163552397
12532,0,0.3092221805839026
11437,0,0.2600048020498473
5602,0,0.46280506242255975
2569,0,0.3647087958894705
10414,0,0.3107779520974189
10273,0,0.41299563560040004
3202,0,0.2653125215942527
3975,0,0.36255921048167833
8296,0,0.3871951641848423
10659,0,0.37747198957249134
11186,0,0.419642334479616
6267,0,0.40022302196094106
12232,0,0.23218771231782231
7525,0,0.28757395633447397
10021,0,0.29005890935238715
11911,0,0.42585842284709313
7050,0,0.40490950069070025
3962,0,0.347677484909039
911,0,0.4816499207097782
11489,0,0.26852139800604724
8627,0,0.5846288623444671
5386,0,0.5157885165155103
12038,0,0.48092009530836316
4936,0,0.45616989940912533
7214,0,0.298762977885744
3991,0,0.3771051317328242
8414,0,0.5867869698254634
587,0,0.30717833916133414
5871,0,0.31214412315968676
12104,0,0.2780453011817879
8162,0,0.35735989668077023
7480,0,0.3135347836456433
9211,0,0.311314765436521
1657,0,0.38559628558674586
3103,0,0.35820264005701563
8872,0,0.462263235437022
2381,0,0.5043758957647155
7618,0,0.502332098321911
4674,0,0.5238987897363784
3586,0,0.3425842807199801
1141,0,0.6421628953442212
6726,0,0.24288426056401108
7118,0,0.4006299796065468
1716,0,0.34582602373274285
11470,0,0.32135789538232806
6009,0,0.2653447823732439
8983,0,0.28018583029830335
3291,0,0.2789541722418288
1218,0,0.2876961188631129
2969,0,0.4647478508771535
12204,0,0.4233561900628795
5495,0,0.3285299640147115
11128,0,0.41537777720107516
643,0,0.33796891866695755
8387,0,0.38935072253765757
7785,0,0.2868278714452988
9186,0,0.24619555283167394
10855,0,0.3770934695904594
12955,0,0.5050340814064643
1770,0,0.4556109474627243
12774,0,0.31787835175756946
2420,0,0.23394582587766005
2770,0,0.23823257749110843
5407,0,0.5166874942935946
6668,0,0.48366614022657106
9441,0,0.3089845270695378
5573,0,0.31588321194043917
3660,0,0.4486989166098999
4597,0,0.4721407431223772
853,0,0.212833585780631
9372,0,0.347037825294721
12133,0,0.2736860013882036
12008,0,0.35333539611339065
8698,0,0.5220615159794266
10461,0,0.3785100342163493
8325,0,0.42349517229847017
5664,0,0.2867412191634276
11390,0,0.38491275360554117
12911,0,0.4271223479181388
1788,0,0.5839892729609379
8922,0,0.3145897027080515
11879,0,0.5611102214679452
4741,0,0.32912017927558795
9136,0,0.2857922013326992
2580,0,0.39837169930660815
10908,0,0.39023304602861963
12468,0,0.42545061071103474
11914,0,0.43476189048997466
164,0,0.30709685832542466
3343,0,0.32794305367883037
5790,0,0.18778434507167363
10792,0,0.3594350830702954
11504,0,0.2398654794365792
4960,0,0.4425905219888377
3913,0,0.28925533362853384
8052,0,0.3539756915643179
12741,0,0.6527750236300177
1970,0,0.3714168433980932
3799,0,0.26762464669919
739,0,0.24802580703938457
1781,0,0.36115765959520274
6563,0,0.3987430474621518
1898,0,0.4981557180523482
908,0,0.41437269143826
4204,0,0.2824754633389051
1044,0,0.27534951794276186
6845,0,0.3515898451706148
10060,0,0.2224867231773748
1291,0,0.2650744738678399
11335,0,0.35596561248298897
12373,0,0.3394515145317008
3089,0,0.32732044576954433
6021,0,0.36851769028559617
4209,0,0.33388861113665363
10360,0,0.3650406828624294
3707,0,0.23887602976147956
9851,0,0.20225840474952764
12742,0,0.579979823541673
12684,0,0.5081587632418665
5723,0,0.37541623617695274
9949,0,0.3305194902161844
866,0,0.5307581107951859
12039,0,0.46222635024771025
862,0,0.2540779199060271
9970,0,0.3598921595664569
11083,0,0.39838627975799407
2108,0,0.4060948786818985
3056,0,0.3033186548788919
1150,0,0.5193697729879221
7202,0,0.29906398248770616
9054,0,0.39917802142824976
569,0,0.31228168713187376
7276,0,0.2941627297629325
8447,0,0.29153877645203385
4294,0,0.14493092876025723
1744,0,0.4564091672061857
4993,0,0.4029367191935113
12437,0,0.4293030028881425
9813,0,0.37453465736518704
7689,0,0.4433381287821866
9326,0,0.23425263028891988
2984,0,0.16440705643001305
1828,0,0.4892171214302812
4680,0,0.45126612358050494
6715,0,0.21520912033626813
6678,0,0.43263564499398516
6004,0,0.40875950160993685
7143,0,0.2842187297346875
2742,0,0.40460762718318677
1639,0,0.3868333732399635
6516,0,0.31056409440104943
779,0,0.2715546788883072
5122,0,0.4053897881716695
4956,0,0.33861723829651597
9087,0,0.2892578188839554
7714,0,0.37537646916280554
1002,0,0.36251295196109673
86,0,0.26451057314465437
5021,0,0.3404816851649979
11097,0,0.2990729469559308
12187,0,0.3196292874064658
7606,0,0.2716795830683466
9247,0,0.34563419272210116
11052,0,0.29201013943011894
9132,0,0.2162625762130136
7014,0,0.41056882164709485
9925,0,0.3470765345141999
12283,0,0.22569385397773092
3569,0,0.3799816318159872
9543,0,0.3735018264279857
2523,0,0.2826901007836624
1988,0,0.32258234054219936
1866,0,0.3907145884682576
5918,0,0.24097702841371704
3462,0,0.31685669073519296
7208,0,0.3477884526281016
3146,0,0.3667888978169547
8454,0,0.303869273044664
3032,0,0.41813510120603353
11550,0,0.4034429802932096
5147,0,0.35501113220042696
12025,0,0.2567982919811437
3352,0,0.6137610409831594
10917,0,0.311984906061652
8853,0,0.39098756735459267
10212,0,0.3780762525950207
10243,0,0.3182315914596939
9731,0,0.3458694537373836
3659,0,0.3861355679296597
11422,0,0.2984988758483688
3698,0,0.23714401166920746
2814,0,0.3440149604200138
9555,0,0.29420689134447253
9561,0,0.32846266516281086
2598,0,0.4113406144706301
3203,0,0.3676871842010666
47,0,0.37843570495386814
10492,0,0.133145051988806
8263,0,0.3414746371216435
3405,0,0.25797186366647207
9100,0,0.6299508654644617
3245,0,0.3591463108140554
2366,0,0.4435975583488218
12569,0,0.37891038788520387
11623,0,0.2523069259130156
4004,0,0.4524584430283677
1200,0,0.3174368248842502
2701,0,0.4473130023170965
726,0,0.264040782928149
11912,0,0.38287081672625134
4823,0,0.2732972170702202
663,0,0.3793327096239231
8966,0,0.23109988334314552
10315,0,0.41260938250091583
7641,0,0.3989281374914938
5382,0,0.35186430332397706
1362,0,0.27306006337284894
11162,0,0.2585166452731505
6600,0,0.24642932122863684
12948,0,0.5871919009653811
1821,0,0.45924338988673047
7593,0,0.36570622522971336
10995,0,0.47983757876721106
1353,0,0.36036599974949457
9313,0,0.34653509994185716
9355,0,0.42323394700246575
2162,0,0.5099131815588072
6001,0,0.49881868571071075
7890,0,0.4079124762590646
6500,0,0.37501124230136934
900,0,0.3691298419470472
8187,0,0.3373705650826739
317,0,0.28116286212936115
4502,0,0.34617523569423914
9146,0,0.2300138950608375
7465,0,0.25722390051281036
930,0,0.4104383768284184
10322,0,0.4290388474296656
10477,0,0.2532089357802806
4515,0,0.3986372507798246
6,0,0.5074351093539997
11122,0,0.20922160871293513
10688,0,0.37879862422258864
12800,0,0.2595363775059317
119,0,0.31022394723081054
10699,0,0.23039688004907816
6605,0,0.29503289404200983
3065,0,0.2565986892212225
11632,0,0.2564862599961913
4447,0,0.4232693775279452
5624,0,0.3411271660618416
9788,0,0.28311131873345446
11019,0,0.25280687167387544
10458,0,0.35626428956032014
9242,0,0.301362049891207
9314,0,0.31101714069325886
12256,0,0.25473863682727227
12062,0,0.29313555508854966
12634,0,0.545446703925839
11477,0,0.3550554089980602
1397,0,0.3763093652186161
9827,0,0.4016545960651025
10642,0,0.524555151340677
5232,0,0.3981256759517805
5152,0,0.5127526419499304
6259,0,0.2648425405258008
10125,0,0.35641872967877525
12343,0,0.347505726191257
5032,0,0.4890516506138297
6825,0,0.32165052678023826
12506,0,0.3496787707336302
2441,0,0.3887583652129158
2234,0,0.4456203463452849
3841,0,0.23495664715663467
622,0,0.375832941024611
10258,0,0.40020653079419716
8699,0,0.26129669546426787
4835,0,0.3534598010639782
4391,0,0.2883131590706574
732,0,0.2865121844429377
6646,0,0.3687397663079758
7911,0,0.37976458981532496
12020,0,0.4389314595321998
5301,0,0.40313152441808375
10388,0,0.36743300868424594
4691,0,0.4446375047792572
12901,0,0.43587736325811627
7001,0,0.3644464475522397
6619,0,0.13695683765429115
967,0,0.5210754887717236
6408,0,0.3162726832173651
1574,0,0.47830420864481765
7530,0,0.35089593942957903
4493,0,0.3424264593845031
4216,0,0.5462745987086958
3711,0,0.31177788522366023
7490,0,0.37129991543845836
3029,0,0.321706718280686
3893,0,0.2721292195636978
12184,0,0.2915953415535573
8379,0,0.3200225936440668
12714,0,0.5373305075667484
10869,0,0.2828833029363695
5597,0,0.3647103704584284
7662,0,0.42281298424236824
2050,0,0.3561509052077144
6189,0,0.26413246402741686
4495,0,0.5363827839911103
5609,0,0.43320850881728673
7415,0,0.39152649249620863
9023,0,0.2957242225284089
3241,0,0.4484684695647948
2962,0,0.3264447424013364
424,0,0.3601374373455685
3058,0,0.4356607020919119
12279,0,0.31257487414939045
6133,0,0.3195819795907414
5780,0,0.36427518563814
5450,0,0.2765985277486244
2282,0,0.3910008619589182
3227,0,0.2885149585163676
4020,0,0.40994527597071534
11458,0,0.3108479390027725
3249,0,0.4093354424075792
6708,0,0.20455676485930618
12092,0,0.40907804858426705
1134,0,0.252920322502539
3448,0,0.22385281620510422
416,0,0.23482496211189138
10028,0,0.3969590383288208
9859,0,0.19176324010503126
8598,0,0.2584017873294272
1968,0,0.4901920176736277
11851,0,0.38640335842879275
2616,0,0.3948483674869854
7584,0,0.3608539700221857
4790,0,0.34904125667571234
7216,0,0.421157811387966
8913,0,0.26851439745487504
5514,0,0.33033731682117656
10254,0,0.33720593376938784
7376,0,0.28426330277187367
3585,0,0.35399268556480046
6677,0,0.4631752587717734
12659,0,0.41163252504828396
6649,0,0.2497280371296439
10300,0,0.3520937053289369
11137,0,0.3269978335753293
11510,0,0.3226935405424775
4733,0,0.4514680007289116
11530,0,0.35141529817831235
12687,0,0.47640133288028363
7492,0,0.25679726864433094
11845,0,0.3335002139271726
4647,0,0.4562308038550242
12789,0,0.3167201959201906
11969,0,0.42146273457729405
11749,0,0.37502151523608024
1664,0,0.4709371987128351
4655,0,0.42990183920241093
4724,0,0.37604557457673327
3575,0,0.2951381527617755
1505,0,0.36926160797922214
8060,0,0.28589282410619604
2993,0,0.20180039882374637
7016,0,0.30690682223844523
2889,0,0.3696524500620471
107,0,0.2330474637700685
9312,0,0.39344854792931316
10601,0,0.4317829730831455
7574,0,0.2926759336110943
11032,0,0.3014474009115239
11546,0,0.3188015209658974
7426,0,0.3770194257166615
3532,0,0.4172350411577702
7473,0,0.4018063255445913
8558,0,0.4217067470947025
10592,0,0.3940064336031425
12195,0,0.42229079523632007
7838,0,0.26157119979829413
1764,0,0.3856342422299623
10843,0,0.15829074674261379
3598,0,0.2383183929297851
12724,0,0.4657757200536257
9551,0,0.4745453672647966
10753,0,0.34255760984314326
12872,0,0.3305121367503484
2471,0,0.3155933207602718
7408,0,0.3164046747109243
4181,0,0.24248225542169827
7383,0,0.3297701247430125
5612,0,0.33416649373867774
1279,0,0.41142894385563406
6718,0,0.32915954922324114
3574,0,0.24172922587010087
841,0,0.36917782960850537
7212,0,0.4256982024490849
5601,0,0.388172307493422
8878,0,0.5826373955991816
7047,0,0.3949725042855558
1209,0,0.30259235209447444
4226,0,0.4036146904054682
776,0,0.24638528038296542
5136,0,0.47482627069158106
10066,0,0.1993741076893537
10789,0,0.27397681592514533
4596,0,0.38858997864476613
6545,0,0.3176553788734283
7452,0,0.4945488017679031
12480,0,0.3676334276646778
3657,0,0.34400917226934113
12803,0,0.34740963516267814
9027,0,0.279432988838082
4554,0,0.4812874395071103
2285,0,0.4453383153791989
1538,0,0.33356102332673637
10557,0,0.40237348038634885
7931,0,0.4083786570946317
5834,0,0.4055604859661821
3868,0,0.2022885944089708
10896,0,0.3922219713928012
991,0,0.4704557853975221
8858,0,0.30595260385911954
15,0,0.41202219517732575
12861,0,0.44759429936313266
3577,0,0.2921123395169845
10863,0,0.317535397009073
10960,0,0.21283963227981292
7896,0,0.3171297718716571
10786,0,0.38220941397883296
11443,0,0.3539040930652686
5732,0,0.30887530355225795
126,0,0.33728184254340665
495,0,0.1959711820787675
2910,0,0.3899684792301178
8647,0,0.33079588061161885
10379,0,0.3686726372802083
5818,0,0.4044691253398927
1943,0,0.43444502570133137
5358,0,0.3007790338196737
9954,0,0.2587245921624829
5659,0,0.29277073704076917
608,0,0.2104879300294966
9011,0,0.36479468362737233
1629,0,0.5799738487731121
7437,0,0.4115214548920045
2258,0,0.35340205095326016
2893,0,0.34352890211676124
5025,0,0.32586114562335017
7235,0,0.43225877120120293
5342,0,0.33531625373778473
1778,0,0.3740784447712278
4440,0,0.3911447010858787
8873,0,0.42549612913061063
3623,0,0.31403471147041956
8434,0,0.2996694364652742
11301,0,0.29982180209842024
10397,0,0.3776331172677592
359,0,0.34677895307222373
10425,0,0.3695279151775585
10781,0,0.44446023459307127
8894,0,0.3064069560042749
4041,0,0.452256132266691
1095,0,0.21858349505937738
11792,0,0.3544424022013634
2558,0,0.3110773486523891
189,0,0.2969531600159204
3054,0,0.4235857113133777
2964,0,0.4207804214604525
1104,0,0.2912281694560897
8652,0,0.33494889338848255
5531,0,0.22054974594557772
8530,0,0.39873255133000207
11185,0,0.3307708990662247
5980,0,0.45954432081179963
12110,0,0.251093732965016
8576,0,0.5594194149709357
1167,0,0.1956511369422167
1066,0,0.5229950770527767
1391,0,0.2972549876684667
2042,0,0.35771382273072905
6304,0,0.30352145594419866
882,0,0.3434907642862124
10052,0,0.3359790236569996
1642,0,0.45538322203445647
4607,0,0.3746598641956121
5533,0,0.2375672398245988
7599,0,0.28327157698307426
1281,0,0.31293059351956365
4075,0,0.29588942441740723
8695,0,0.4081751462597718
9523,0,0.46050601984576867
7325,0,0.409233283233784
12546,0,0.35946479331794634
8254,0,0.33893096228175834
10710,0,0.34401368232754137
5694,0,0.23223904198796216
12300,0,0.5505576083423267
2303,0,0.40213378145800555
10268,0,0.4652470579051163
6876,0,0.2743604080110658
11394,0,0.36703920671564544
6960,0,0.3259683570096316
4967,0,0.4256748634342571
7715,0,0.49069269139572
2785,0,0.2893184009237164
5735,0,0.2544158291266737
783,0,0.3382924355444367
3493,0,0.3434482720941853
12438,0,0.4095080920273949
11343,0,0.32019011022510596
3593,0,0.3162371753358253
8441,0,0.34633115043393314
3662,0,0.3766525556828246
3093,0,0.25972415048978525
2686,0,0.3920022611190191
1862,0,0.3698064826024914
8190,0,0.3545138198394599
4028,0,0.34986169512944754
6433,0,0.3023607851110251
2229,0,0.2995487263149001
6904,0,0.18919133702779506
4789,0,0.4878470639222093
6350,0,0.3264367404861635
6285,0,0.40784063671389176
363,0,0.3205685998142332
3974,0,0.30414132784385367
9060,0,0.3521577823481264
8165,0,0.26890489854954747
6249,0,0.3918329860420584
3768,0,0.39475062438704084
8448,0,0.37520005614001645
6744,0,0.15887485448762978
2141,0,0.3881398607390598
3589,0,0.2266608644019025
6905,0,0.34772139859981555
3716,0,0.2863346505991683
10233,0,0.3128984749608216
8342,0,0.4150235401170541
8830,0,0.3894830867753754
2605,0,0.4913406879404349
4449,0,0.39845911630929465
5456,0,0.3925486711545715
8445,0,0.285626431052729
8590,0,0.48925603698220477
10162,0,0.43837086162483263
9987,0,0.1891869268674692
88,0,0.3611479896492938
1444,0,0.3168330482736042
945,0,0.35201894920086757
2570,0,0.32207334839069895
11598,0,0.3279929360250371
735,0,0.2909287832398873
10713,0,0.31403163040836785
9210,0,0.37533184719257845
6610,0,0.1864051479010022
6593,0,0.2999824596252209
2959,0,0.291366060754917
5051,0,0.3462325413594808
3817,0,0.28605087865013434
9539,0,0.44088487901203877
6548,0,0.23809901126722235
7886,0,0.3037866320394596
11886,0,0.336898382709274
3031,0,0.388387358724458
12785,0,0.34099721009356393
2975,0,0.21710082071559123
4747,0,0.4766785900880246
9726,0,0.3032496964791659
7762,0,0.37537482390922283
10017,0,0.32511274401056917
1606,0,0.5041383608580278
8546,0,0.4416231319444587
197,0,0.3152032035742617
5560,0,0.25221456310646667
4234,0,0.35898730768811493
6321,0,0.35531419977109613
1356,0,0.2992380002281862
11839,0,0.27534098650696986
260,0,0.2394855160189468
4617,0,0.342647918939787
9675,0,0.32666515541453717
3969,0,0.40483363373583076
6335,0,0.38732565940686103
3174,0,0.345706318193323
5029,0,0.42878190193902443
8216,0,0.3207691038108591
5872,0,0.4824719734542789
4745,0,0.466500649638011
8765,0,0.30518306468462675
11110,0,0.28451007802334777
7780,0,0.3909231520049455
531,0,0.296068788113133
158,0,0.29994329838525474
6519,0,0.3068842127511988
5135,0,0.42597247823090756
392,0,0.2288357251408773
2678,0,0.29645760384140923
855,0,0.2635868831498655
473,0,0.26229289231232017
1600,0,0.3770388891306373
5246,0,0.3466014504775934
12698,0,0.46542427141550863
2543,0,0.5572259028128589
2649,0,0.406738967747306
5756,0,0.1427678674429099
12745,0,0.2520860930563952
12007,0,0.28204356105019374
1122,0,0.2562620892657135
10183,0,0.39984760568974725
10958,0,0.3275397763728192
417,0,0.281131645774855
3140,0,0.5024816549285754
4123,0,0.2219820790923689
4604,0,0.3496818155830239
8832,0,0.3716889569779289
2923,0,0.40440741494556387
695,0,0.24920233120458504
6511,0,0.3224801828061586
8577,0,0.5902960104265618
1364,0,0.22233839627865998
4556,0,0.5096153526901457
6120,0,0.2623259559705441
5057,0,0.33122367563847493
3148,0,0.40278890186187816
11695,0,0.4106692957781299
1508,0,0.234689104859623
8154,0,0.49077185221281877
4015,0,0.32543656846667474
5303,0,0.34861109253700123
7664,0,0.356002824342085
10823,0,0.3926588573278825
7210,0,0.4172177740672429
11366,0,0.33858868003226844
12664,0,0.3537318683737028
6248,0,0.41593076358218256
4901,0,0.2631280055668626
6496,0,0.1857898386150832
6162,0,0.3495005698475842
4011,0,0.27725471872490365
1484,0,0.38336886472178533
9582,0,0.302956821945984
7943,0,0.3394451062365858
4081,0,0.2714612169454473
1463,0,0.32710402827506674
1481,0,0.28295264054593866
1737,0,0.44651637401304944
12453,0,0.37249027843799
631,0,0.36805737781110426
823,0,0.47679335447551546
8139,0,0.4455951351149179
3165,0,0.35797927889837305
10929,0,0.36814187009894417
7356,0,0.30297315852829115
8039,0,0.34268591565304035
12017,0,0.46875495907226583
982,0,0.5354033812892983
8429,0,0.32652318019318194
12945,0,0.4188612295815266
5822,0,0.5159525137078421
1045,0,0.4809103310066601
4548,0,0.5708185471150079
6535,0,0.3610149368821876
7375,0,0.3595721696827393
4295,0,0.19200870408096957
1346,0,0.20426344865009483
4625,0,0.4085732660330601
2513,0,0.3540508352467597
5462,0,0.3810401418660001
3934,0,0.335937413031503
2208,0,0.3609887436709895
5618,0,0.3798300494451582
7876,0,0.3386047329533826
12808,0,0.27409907005378753
11718,0,0.4118294525780107
5393,0,0.5016484569145507
11527,0,0.3246373140669009
441,0,0.3016630999259368
6473,0,0.4418174285801778
5499,0,0.3743509358186223
12013,0,0.32307210882368204
10599,0,0.36506245738009135
10046,0,0.3018608275661322
5511,0,0.37682150468267356
9656,0,0.38576936179811827
12642,0,0.37114020970237643
3525,0,0.27041959649040803
3051,0,0.4490642421296964
1823,0,0.431473864964999
2384,0,0.4288977208728645
1984,0,0.485902538686179
2844,0,0.39972856438082327
4751,0,0.4541722102771813
7696,0,0.3639995156145882
2405,0,0.2826762410303112
9179,0,0.314779246833784
9309,0,0.33331879330052233
2265,0,0.3218798912931959
6177,0,0.31764917038566975
2126,0,0.34490980844472857
12526,0,0.45675545479992663
12876,0,0.45076285685994355
12649,0,0.2983741426265976
2355,0,0.4076198883231265
4196,0,0.2654251842751474
1454,0,0.24750273067846162
9057,0,0.34002348887023903
2331,0,0.38663499728858486
10547,0,0.4203289315134299
12409,0,0.41120622508531834
5411,0,0.4068883375885968
4973,0,0.4302300605724739
10943,0,0.35948271443812785
12295,0,0.3206785466723249
3004,0,0.26801850622804096
7129,0,0.4162454328346486
1259,0,0.2529364649315496
3742,0,0.3167293642614053
9,0,0.3361291498051581
11799,0,0.433975471991451
7019,0,0.37020111551646606
9534,0,0.3494780190062442
6230,0,0.382190183475389
6256,0,0.2515598390118601
4577,0,0.40452046062835906
2612,0,0.33868306715953744
5876,0,0.3752611891517749
3463,0,0.22353167702412824
7139,0,0.3272341358300506
5826,0,0.3376452124183029
6341,0,0.33188926114089623
2262,0,0.4493042176890982
2885,0,0.22557263255850368
1460,0,0.3591763890988522
9546,0,0.34809965294800593
2004,0,0.47687583378079834
10814,0,0.3306169617394021
11931,0,0.3446876336485951
9362,0,0.2906279905627537
1399,0,0.3447880308459969
11012,0,0.47179692755157304
6903,0,0.31588198785696137
12398,0,0.3082974649979386
3535,0,0.28029536004942024
1910,0,0.43041363954805667
327,0,0.3905795994357792
1917,0,0.4554385171932105
8021,0,0.31705724962618076
1960,0,0.45243806470820874
12099,0,0.2528210000674475
1035,0,0.3500381582278337
7080,0,0.3067788379805001
9235,0,0.35989040477109735
12944,0,0.42897237609433253
9592,0,0.36729096935706795
7380,0,0.44489995108976976
3795,0,0.29953770265659746
3191,0,0.2726773984664864
9929,0,0.42458132876823385
6448,0,0.37422243990672344
1540,0,0.4602493549061552
2627,0,0.42244849736313
2457,0,0.3143465735165279
12380,0,0.29359210302957484
2946,0,0.41734575705858945
3061,0,0.3498830454640247
6270,0,0.42181436960160174
7329,0,0.3525123985627855
5741,0,0.2743618019571414
5583,0,0.3278620044835745
2299,0,0.32030765541816847
9019,0,0.39312594588837124
11230,0,0.2207875817797127
1385,0,0.31497877852489015
9749,0,0.3424990750576174
9307,0,0.41768057731283503
4793,0,0.3130775842625578
2654,0,0.34740279129032553
7102,0,0.25956314749200604
7277,0,0.3379563530655935
10142,0,0.5087896059893755
12044,0,0.2791918277186916
12421,0,0.2400324241413949
10172,0,0.2994812524573056
7724,0,0.2966138116381138
9469,0,0.32366546372605715
7472,0,0.35956251513857873
11224,0,0.265882512030337
9643,0,0.24640373860970166
4630,0,0.44216215306397993
194,0,0.2740096945304643
7677,0,0.5776147774134421
983,0,0.41549725043333297
1850,0,0.446046761305847
9759,0,0.322340018786022
5994,0,0.4203082807266249
9428,0,0.34653715744336455
12217,0,0.255954778190193
4474,0,0.37816017897159976
2935,0,0.3043222418556326
9216,0,0.36096882508835165
2371,0,0.3636251520008843
4952,0,0.3643621589664617
12058,0,0.3594827189366583
5942,0,0.44108850919554016
2103,0,0.315449577780324
1371,0,0.3354909461809025
12601,0,0.3789209026366948
11786,0,0.36332291180589793
1596,0,0.27798468064493936
1791,0,0.42509564795703875
12674,0,0.4486280759494719
4727,0,0.47515986304889685
4456,0,0.4415590735066011
12200,0,0.38338575090479493
4426,0,0.28650146656612535
12399,0,0.36204652430175893
10447,0,0.29061821226450607
9912,0,0.25197921558579806
7959,0,0.3103522487729644
10055,0,0.2902147920661405
9112,0,0.35598574212351997
2985,0,0.1724358428292974
12260,0,0.28095162086638037
7475,0,0.3053472715398862
9398,0,0.24572868580417911
10833,0,0.3995580791354445
2693,0,0.3657244234204506
6041,0,0.42357029654311806
9483,0,0.4418443867864502
2247,0,0.37576424526076835
5363,0,0.40172341487109303
9043,0,0.28099262085159027
6457,0,0.3222294360865413
11492,0,0.3031417443049795
2329,0,0.43126179198416686
2838,0,0.3771805743111482
4692,0,0.46388435264134664
11146,0,0.2562959832249736
3665,0,0.33451058265443956
9094,0,0.5357530516570784
3136,0,0.4503261914423011
11425,0,0.3054097466730108
7209,0,0.4067388943369336
3869,0,0.2524543467610405
8368,0,0.34338216521105747
4395,0,0.3572975591293899
5201,0,0.3859419762963943
6445,0,0.3244856889043843
12069,0,0.35296608097542254
6000,0,0.45817984979050397
78,0,0.3559444431900796
1618,0,0.3769571860536678
6463,0,0.29745265297789814
2924,0,0.4430613605156571
6383,0,0.3502824572154846
2773,0,0.267679167058964
10369,0,0.448442985683425
10443,0,0.38261371134147365
7712,0,0.4251994533298705
11995,0,0.38943465029372526
3858,0,0.31670825278934933
1375,0,0.3964365112440415
9115,0,0.26164808673354684
9799,0,0.3680197694447294
3002,0,0.18576837502564916
8087,0,0.3888912455614668
5117,0,0.37914875202639026
1286,0,0.3859926493465549
488,0,0.2383660024065143
591,0,0.24954070389381316
377,0,0.3613637134307741
2001,0,0.48016120031057447
3988,0,0.43573358129902234
12894,0,0.5151998119990836
3111,0,0.33634446564082465
4997,0,0.43654992513321805
6397,0,0.12828249661867988
4272,0,0.36717862508859933
7063,0,0.19361114966411458
9540,0,0.35530621804093054
4834,0,0.4849618710527
3581,0,0.3709292124035896
3853,0,0.1951429961175174
4016,0,0.3858962229982221
6669,0,0.44116784040691226
7265,0,0.39408811925112314
12270,0,0.24381262942214071
2623,0,0.47623674130906174
11986,0,0.40329075099409994
4638,0,0.41833241468053955
12444,0,0.3682520057118684
3081,0,0.345940973169497
1650,0,0.32838854439953424
7930,0,0.2737825182804718
5315,0,0.28393817121010717
2652,0,0.4237175744671521
10751,0,0.4153925621834452
8045,0,0.34893287491883906
4763,0,0.38998175724074946
4669,0,0.30784541374720636
10289,0,0.3591256553195548
9961,0,0.3287898055254243
6170,0,0.2820760994386993
9926,0,0.43186987127952214
1302,0,0.3023398532827127
12524,0,0.5056603705247802
5870,0,0.3504534655044179
10146,0,0.4063013056449083
6413,0,0.32416632145818736
10543,0,0.42325006035410445
771,0,0.4214701998037874
9674,0,0.4269362257866208
12023,0,0.5008461339707708
1001,0,0.37789234000031746
6696,0,0.37611696679659645
7373,0,0.3576075762995985
12472,0,0.35354288015480895
4341,0,0.48547580863639067
5049,0,0.30592736073664106
4532,0,0.4144947103805896
7710,0,0.5126532445927419
62,0,0.22180269761986773
5557,0,0.24219195301189234
8197,0,0.379198533326704
3401,0,0.4787397246086123
7727,0,0.36053325387718627
1110,0,0.33454779776117194
6013,0,0.3764192796383545
1446,0,0.2438668141578585
11142,0,0.3105486992342771
7162,0,0.3876035250407879
4719,0,0.434426654540107
3760,0,0.32974249620244506
1308,0,0.28542470887522525
12932,0,0.3767890716423995
11893,0,0.3953309603545354
8205,0,0.4192491707285571
1092,0,0.3404909137990386
12731,0,0.6311429060696686
12377,0,0.28105888721644195
3344,0,0.2839072884296565
8565,0,0.48035529240961944
2105,0,0.4097457756832891
11183,0,0.4659875602884814
212,0,0.3126944840129313
8766,0,0.3118862135787779
9295,0,0.36915657347449854
9411,0,0.37074381461308525
4140,0,0.2647292272176568
3678,0,0.3025670439598668
10495,0,0.18525687705248842
11486,0,0.2684454131412011
6369,0,0.28102182012194477
11953,0,0.2651937110077062
3984,0,0.43524651332024183
3214,0,0.29044359471935965
7754,0,0.3230233876605043
7665,0,0.4249197819300606
12736,0,0.5880526913018529
8426,0,0.27117512481987527
3118,0,0.3139346063579452
4885,0,0.2411223144745028
4663,0,0.4875938464041476
810,0,0.3643780745099896
5379,0,0.25160659399677104
9692,0,0.43233497494180323
12723,0,0.5503320988394014
10173,0,0.2622057249358535
502,0,0.26885538568575185
1239,0,0.1886381451961962
11436,0,0.3583115544200924
10081,0,0.24809016855119292
12210,0,0.3811872961779738
3314,0,0.2292841895085582
11454,0,0.30445987628074683
4817,0,0.27340643916100194
4803,0,0.30810391718010943
5360,0,0.3102812280946171
7983,0,0.4237263822497291
3759,0,0.28777240684743
3696,0,0.3175349903746953
1946,0,0.49949963623667776
9891,0,0.28292931412472005
7845,0,0.27749148546990665
2353,0,0.41968495681084006
9450,0,0.3751420944467853
10748,0,0.3493153832934121
5353,0,0.42383791494074396
2498,0,0.49130766021241634
6118,0,0.1827065621140068
12675,0,0.454097435891656
2287,0,0.39545653188138136
183,0,0.3115747184816559
11783,0,0.38346943317333637
12246,0,0.45349501856461694
1172,0,0.3593858138577426
6268,0,0.5917975511711815
3875,0,0.32608863502864477
12719,0,0.5563300476961132
7864,0,0.26839592129543194
4847,0,0.2163937226451674
5667,0,0.13692759918219696
1552,0,0.48236744006058324
5157,0,0.37901801834538656
4284,0,0.23662770534100958
11806,0,0.3944984781301059
7150,0,0.38326659466223034
12599,0,0.44684596569534524
7122,0,0.38356565838626183
12140,0,0.31160344569764264
8023,0,0.363039347480033
2098,0,0.2944831391764358
8326,0,0.25056790634346354
984,0,0.3838937239535408
3043,0,0.43103993241313737
10734,0,0.31649035331416
4657,0,0.5531653011462687
11214,0,0.35428469301392046
10004,0,0.22371686522476478
2639,0,0.3821822163412648
5722,0,0.32483895156824627
10902,0,0.4687941540991203
4202,0,0.31520949277906213
9220,0,0.20713313719205864
5241,0,0.395166361705838
7093,0,0.22839909658205163
1031,0,0.4489211038528401
173,0,0.2620987676490586
389,0,0.2369168181559194
6436,0,0.3140715581027848
3295,0,0.43739368544477514
3015,0,0.3256255930964669
12478,0,0.3708701523353722
4559,0,0.49508770178352524
6499,0,0.3765972860570147
11983,0,0.4069009790365725
8574,0,0.6087548625739444
1819,0,0.5309384143273643
7860,0,0.35635561196500115
6700,0,0.5068452094930247
12485,0,0.2740879556196243
3262,0,0.3749566769405865
1742,0,0.4753167300918667
5125,0,0.42633228595408657
12156,0,0.3728190495598823
4675,0,0.5036102318421626
8547,0,0.4640917937781873
11880,0,0.5109494935892828
5019,0,0.37675442035479917
6042,0,0.3429120889023546
3583,0,0.26843435861977044
4354,0,0.510342735139623
11668,0,0.3154826188862642
7861,0,0.3153005779371878
1098,0,0.2725216926252089
3849,0,0.1776416773098317
12284,0,0.36012461408731694
4285,0,0.17217050030183842
9971,0,0.3920498121999752
6870,0,0.25259696657936104
7379,0,0.4093621420533888
2336,0,0.3416347848075587
12138,0,0.38832861929915485
1430,0,0.3445142070835235
9527,0,0.3222713518289338
8573,0,0.5690650066858853
9981,0,0.30159329389974404
7134,0,0.34476453432046844
7571,0,0.3020617417096995
4718,0,0.3954489409297816
893,0,0.45250681700718776
2292,0,0.4045661247985006
7660,0,0.34259116094246156
1183,0,0.4042953542051418
6302,0,0.32770360092673345
8630,0,0.5438581018555878
5778,0,0.28758713360010096
8149,0,0.3292216111968997
12227,0,0.3293842803634125
7960,0,0.2863734885207725
554,0,0.27604430599139634
5668,0,0.27537103024241555
7802,0,0.26026504245400595
3472,0,0.19036913361980046
10134,0,0.3497702136078868
6124,0,0.38589879275523226
8517,0,0.40926027112079816
4601,0,0.41253713623373883
9775,0,0.5539946026684163
9778,0,0.600087147687502
3354,0,0.5774676285422663
10201,0,0.3643167800154408
2816,0,0.3441141154626593
3421,0,0.19954251930451972
8668,0,0.6030791457886976
2565,0,0.3782298810463473
10562,0,0.40242002473055893
12716,0,0.5361830047258335
9161,0,0.30870413347554915
1332,0,0.2862985754626123
4665,0,0.4451093470045791
9479,0,0.3643746716690679
5986,0,0.3341500863219844
2907,0,0.36821937358072526
5202,0,0.3348447299913483
4772,0,0.43926270641355186
10629,0,0.2921421215731531
10561,0,0.384932644073331
6095,0,0.29915245942109475
1861,0,0.23753792029315107
7104,0,0.3453707367287774
3960,0,0.3101203452992101
102,0,0.31281384977048304
7131,0,0.35058708907187847
12053,0,0.31171569197598703
1739,0,0.49496669037135815
9038,0,0.28135433010006083
12571,0,0.31724255328302936
10402,0,0.3034367970600605
5282,0,0.3577899680029516
5052,0,0.39994365661756315
6524,0,0.24688668985274226
2186,0,0.41126796385236686
3311,0,0.4238250040834841
8188,0,0.2803302641489692
7182,0,0.3503523229573077
10835,0,0.4245985688942078
3090,0,0.33288874984305566
5784,0,0.2362864730690098
9976,0,0.32339235210086836
3342,0,0.33549722026572454
5643,0,0.3171911711968731
8094,0,0.46875468385620167
10302,0,0.37371383423622995
52,0,0.3665683939541506
503,0,0.2257949731518289
4246,0,0.30385775476764715
4690,0,0.461594883587372
625,0,0.37980595717558985
3949,0,0.333825107205662
3836,0,0.19299316568923586
4781,0,0.47928734016838787
6977,0,0.3109010479672255
8055,0,0.38349099724353053
1852,0,0.2573325795973962
7269,0,0.33671568698424026
10187,0,0.4058494704861445
5845,0,0.6040895975406513
6171,0,0.24464784314583563
11824,0,0.3582738220367554
10483,0,0.14589218642454752
10354,0,0.4267621868788082
11447,0,0.4855441443985349
7117,0,0.2374182421118064
2769,0,0.25282962137552484
6329,0,0.3756776367481303
1647,0,0.3899407785141401
10214,0,0.409204855625615
5913,0,0.33483716114297574
7195,0,0.35587617128066606
12855,0,0.33627559612172714
3757,0,0.33521521005728955
6998,0,0.2846467665485079
4581,0,0.3749223349354324
4637,0,0.403447010238607
10523,0,0.3139375219475916
3673,0,0.3869824826719899
215,0,0.34234269576163745
1060,0,0.327277749343097
4501,0,0.44538580733036925
8903,0,0.4340373135248272
8240,0,0.27233054250498884
14,0,0.39375094432879904
4711,0,0.5586760851256493
12790,0,0.295936895911132
11923,0,0.2437337098512267
2799,0,0.32128219396859936
10700,0,0.35753626899555735
9612,0,0.3793799985303428
7092,0,0.30497969669409747
4800,0,0.3996058727364672
4557,0,0.5825110776453926
8536,0,0.5360602120512888
10617,0,0.38127166943945495
485,0,0.29950349546943067
7474,0,0.27513458339903085
12630,0,0.6150409800999591
6486,0,0.2928689913654123
1038,0,0.2620051542439901
3121,0,0.31502577144257293
7015,0,0.32056621646594613
4403,0,0.3590052517502327
11936,0,0.27049038548931637
8506,0,0.3206986336279131
12015,0,0.4141525435643241
387,0,0.26614370029181683
8786,0,0.2085863171945213
11315,0,0.3362397536558117
4111,0,0.304845690684862
7559,0,0.5000482949982666
3718,0,0.26848153747458736
3019,0,0.22351562847067405
12606,0,0.4932128634742692
3211,0,0.32654646908507173
1514,0,0.4665397857121532
1784,0,0.5364432490875154
12481,0,0.2892596458704297
4043,0,0.45342638150949843
9822,0,0.3929767346368366
4708,0,0.5647689586115274
717,0,0.3078511348011537
2933,0,0.49439185820507836
11481,0,0.33764455413000954
9962,0,0.3845940906892987
1013,0,0.3974755523095482
3788,0,0.4035456814371617
12150,0,0.31085045137228123
1745,0,0.4424323470868482
618,0,0.33538165864190833
2971,0,0.29349182705214866
7528,0,0.29102611691301944
4764,0,0.3902700059577203
7199,0,0.4043471475823888
2231,0,0.40002045311448725
202,0,0.45043207295123083
3406,0,0.4569928342120019
6149,0,0.3334511059117711
2,0,0.4142959828564817
7764,0,0.4501673749872798
7836,0,0.35244405667863415
3186,0,0.4635401900097721
11606,0,0.3667488910690303
7343,0,0.4529207442199816
1042,0,0.33967978664055243
10524,0,0.28355072850252605
11728,0,0.30491652739618796
9848,0,0.24208346981719744
1733,0,0.6060730519366313
1472,0,0.15916388548188592
9394,0,0.3274173232281887
3946,0,0.4269156803389433
7371,0,0.42108529821784524
3150,0,0.4996631859293576
714,0,0.2664723852745327
2594,0,0.37177732510787775
958,0,0.6106014391593942
7368,0,0.35048981598039775
6089,0,0.29497458654959974
1432,0,0.3172995500311241
4844,0,0.24304942166056748
8892,0,0.4571556241767459
5751,0,0.273891924701981
8166,0,0.23338768969224366
135,0,0.3163323613986874
10248,0,0.360266889340055
5580,0,0.2535225513180509
2904,0,0.30123900898996014
4248,0,0.4110417831912316
815,0,0.3565228390027314
7889,0,0.3420292353729816
5421,0,0.3818896842380868
7326,0,0.4011571607157014
4168,0,0.27247617849158423
6840,0,0.29265049406613897
4437,0,0.36182614326260587
8556,0,0.5139181345395057
8825,0,0.3172228143443627
1440,0,0.26411531255082904
11915,0,0.4684072997160195
7135,0,0.3405999628986216
10708,0,0.23494663003592733
5096,0,0.3273911700462868
7739,0,0.3808365876160539
2667,0,0.3634972283341499
8309,0,0.5231890290439358
4292,0,0.27083775995122833
7396,0,0.2753484031545692
9544,0,0.4583601960199157
6848,0,0.2732770616734686
9584,0,0.33859013458207277
6033,0,0.40579778921095605
1560,0,0.2580590934016975
1402,0,0.35680110919986846
4717,0,0.5107437078959416
11438,0,0.3803969996826442
8071,0,0.33560313767891303
8178,0,0.39086335396128663
2666,0,0.30296383353238254
8914,0,0.4923270470311192
11171,0,0.3153350342946899
12135,0,0.33704670049052715
12055,0,0.3481522058772534
7355,0,0.30122463717843617
8584,0,0.40665586035271856
4785,0,0.464359179553424
7921,0,0.25947041797545173
4678,0,0.4064256333452699
8724,0,0.3294390684791781
111,0,0.3859474524170235
3847,0,0.20829844549028143
4565,0,0.6044726269476979
1524,0,0.3270496245129231
6015,0,0.339062375474833
8597,0,0.29609603138081114
10970,0,0.45220502094040216
12744,0,0.6674903195835604
8469,0,0.34672992705548433
8403,0,0.3733195982055306
8509,0,0.3593620784910874
3776,0,0.2814316131392836
1177,0,0.43101687224369656
1939,0,0.43565472185592374
10149,0,0.28336447406277515
2305,0,0.31553752415090935
1879,0,0.14215309953515803
11010,0,0.5333782110308869
5229,0,0.3631837199833982
1285,0,0.3349875662380313
7273,0,0.28363496399654076
6054,0,0.37938563529027364
6126,0,0.3618458950482015
2237,0,0.4099475986743054
10956,0,0.3489654283870378
9642,0,0.3035947518991299
7254,0,0.45782832220630704
588,0,0.3155034310065534
5838,0,0.44430351617663116
7103,0,0.34495354050253035
6090,0,0.30359350199570334
2673,0,0.3742330573489786
6460,0,0.2730424489186145
11702,0,0.3182419724531346
1053,0,0.3369763138737302
2976,0,0.25266878754957484
8185,0,0.28901893892258207
11295,0,0.32538179679643486
53,0,0.3340231496676527
9614,0,0.3284648177559459
9703,0,0.4046951176786371
6863,0,0.4475069543838191
2575,0,0.2805427393564614
6856,0,0.18316166571876927
3501,0,0.30811065577729035
4086,0,0.3600657388091255
10904,0,0.36853949426755145
2297,0,0.4176229707968475
9265,0,0.42625401987409556
5916,0,0.3095972883134908
7625,0,0.32364290392999
5027,0,0.3240542170923758
4116,0,0.19824071258723536
10171,0,0.3283180000444359
1794,0,0.45571422479115603
8085,0,0.4595828661263601
9336,0,0.3565183262158248
687,0,0.22936376196861866
9046,0,0.4250559417271078
4740,0,0.41048858618285183
10175,0,0.30191506188969847
9665,0,0.4530223530144519
803,0,0.30600352412475185
11039,0,0.32381637552679665
12502,0,0.29003132392715575
6127,0,0.20198761813420824
7832,0,0.25091197780724883
2470,0,0.39698583896749234
4385,0,0.32842990264074423
11877,0,0.43230799270816617
12041,0,0.5106363390139812
405,0,0.29417268960265563
3753,0,0.3464189150072159
9766,0,0.408977837975393
5684,0,0.17166140089822554
5384,0,0.48731794931166694
3792,0,0.31479285905575344
11882,0,0.28222931591818107
11080,0,0.2880254182642894
6843,0,0.28069551217933125
11909,0,0.3967641990638127
666,0,0.3478875739093501
12564,0,0.45157967664457804
3819,0,0.3875429389597465
10875,0,0.4469655856083733
7788,0,0.23484087312411436
5709,0,0.3615257323055212
11298,0,0.31576316840285884
12757,0,0.340374622965827
12692,0,0.3891629977332585
1028,0,0.41992961884230223
2074,0,0.4321902809315511
11626,0,0.29336936424040033
713,0,0.23787599266217088
1510,0,0.29689623216806
5920,0,0.3623389659231366
10301,0,0.4151153317194848
1807,0,0.42273288893722116
10277,0,0.5001951610895199
8905,0,0.5020586415992366
3261,0,0.28227681511274794
10155,0,0.2866489624252393
5892,0,0.4475843446464767
8984,0,0.24074286885331533
6266,0,0.38947441855034537
8924,0,0.2716764661974008
9036,0,0.3130843748663012
4287,0,0.23065743766074406
9170,0,0.30315977741445177
10231,0,0.3329621339122834
11878,0,0.45271657212800304
2367,0,0.3883123203961654
4187,0,0.23388185583996562
3052,0,0.4565193169836201
2306,0,0.4084433203760105
7870,0,0.373679526125847
2724,0,0.4334697468898915
5801,0,0.31962125078011755
3305,0,0.32119200232627537
12402,0,0.3920474016472435
8599,0,0.34390169998240505
9229,0,0.26832411934673006
6286,0,0.4704982734556352
6284,0,0.37823197571529815
77,0,0.2665041285490908
9709,0,0.3421817692513939
10597,0,0.502411996672678
11959,0,0.33121264046903265
3453,0,0.3093309025732937
9437,0,0.28289883129856275
12936,0,0.3691300098167721
8836,0,0.3405784844320591
755,0,0.20955921501841862
2653,0,0.39974329511590057
479,0,0.3401531932009884
4380,0,0.4006839231149707
5819,0,0.4127624262971427
11312,0,0.3196692545461554
5321,0,0.34189479850080456
624,0,0.3132780972036688
10383,0,0.3428004622454258
5474,0,0.36181200683995923
540,0,0.24884032034290585
2480,0,0.2899009040833462
4553,0,0.47812679839171407
8541,0,0.5664533193739955
10011,0,0.31766213823668155
11743,0,0.3778987244335337
4152,0,0.21033731525626415
10444,0,0.4602577051634912
5370,0,0.3330135814015872
7348,0,0.35425944238380097
4104,0,0.40408057154513605
12238,0,0.23337544862508525
4842,0,0.36120960279843595
2463,0,0.32307681699998536
4315,0,0.2908652014468786
4544,0,0.41167341307482375
8433,0,0.36106524419806757
11769,0,0.41639673690564977
4389,0,0.33677204764308877
7828,0,0.21347680749477327
956,0,0.3928022411175288
4205,0,0.28030489994284813
12720,0,0.5330245021569593
6785,0,0.31292815184014217
5950,0,0.4336463595197483
7461,0,0.4523887173687115
9783,0,0.33996604205356173
7506,0,0.464751925576613
2072,0,0.36181622400342833
12059,0,0.4315786994370413
11200,0,0.38590851447828206
3671,0,0.370105766171629
1367,0,0.31936186938223965
7840,0,0.28151286365612427
6525,0,0.22593899271936344
1266,0,0.230028466591864
7116,0,0.36944633364785456
3328,0,0.33359984419898986
12530,0,0.304811858235182
11201,0,0.403362610002558
12350,0,0.3028756099011948
1124,0,0.31853886566433476
2528,0,0.3321166036309917
11336,0,0.3332093250851596
863,0,0.263777632701749
737,0,0.23560871392367302
2970,0,0.4577942006446217
5150,0,0.3350949818293724
9204,0,0.30795801305879456
9655,0,0.20376612459067256
2492,0,0.5189259539570927
5744,0,0.29371082635532797
5815,0,0.436687305370309
10029,0,0.3919001724652933
8965,0,0.33364945697613674
10022,0,0.23198636788259153
2792,0,0.30690729516111015
8366,0,0.43056149846805186
8470,0,0.2708206942913066
8799,0,0.3112416883006713
3734,0,0.2957860814386535
3232,0,0.32731552017527016
2340,0,0.3211189532613467
10442,0,0.35059255193976635
7799,0,0.2692978983317321
11892,0,0.3035491663744075
6409,0,0.1494200613349897
7464,0,0.34227195906904195
6741,0,0.26470875378833536
3997,0,0.37250902167081257
410,0,0.23058170888416052
9786,0,0.31284509369609875
7407,0,0.3771302054281052
12656,0,0.41237687538377954
4452,0,0.4059362168172315
6087,0,0.30077984478715725
8618,0,0.36014199044923134
4826,0,0.2850939954752019
10106,0,0.4057648047430276
9471,0,0.328947274858234
5452,0,0.32428204258717025
1504,0,0.37462439531962005
8496,0,0.3965391844324662
11731,0,0.2933755419446912
4760,0,0.3266682874701001
2661,0,0.337626362476651
8227,0,0.3326148018769874
302,0,0.2471310786405291
4527,0,0.32244270749477505
9099,0,0.3982311248664091
11023,0,0.29240404894079536
6699,0,0.25660266345084665
256,0,0.5018698295611397
9257,0,0.33745138956535226
2009,0,0.461879254223097
12821,0,0.32182274309427267
6065,0,0.28361791683601467
10552,0,0.4340998298418671
2368,0,0.40307552242742045
8800,0,0.21569737656118224
594,0,0.31333511784916807
12113,0,0.31587382833845423
11815,0,0.25943436878971493
957,0,0.40703874260831646
10790,0,0.4157469879576601
9358,0,0.35772808939908984
5310,0,0.34464157619058855
8237,0,0.34691335423087133
7726,0,0.448471977799013
7661,0,0.3765940694381834
12605,0,0.421214074096748
7620,0,0.42689271472330936
3200,0,0.2143490319863115
3724,0,0.2301491157579608
2562,0,0.45605342704035207
1512,0,0.2857370518630586
455,0,0.3518853064955911
8580,0,0.5045426374919227
8385,0,0.22317119453435566
8754,0,0.3348124580098442
1901,0,0.401492695237803
2919,0,0.42074729536699595
11419,0,0.27055124338652065
12503,0,0.34040316972257645
3139,0,0.4165153866307562
6984,0,0.36981165466115457
5548,0,0.33105203527995375
3796,0,0.3083170628625539
10879,0,0.3234039571122379
5133,0,0.3706418746480242
4078,0,0.2638778612699219
1542,0,0.2943961652294951
3829,0,0.2964304196334282
9542,0,0.4242785987348335
4019,0,0.3726141984101241
4729,0,0.5357975206160457
9125,0,0.38827376638338396
6577,0,0.15772803072386526
2609,0,0.4145065549432005
10493,0,0.3351417414848801
12372,0,0.3460151702232069
7257,0,0.3907217599977268
2211,0,0.2648690085531684
3114,0,0.4205491965184924
9241,0,0.28694598916870956
9258,0,0.39513573565207033
4511,0,0.3949236234733677
4932,0,0.27484615720871797
1755,0,0.4245527093005294
10464,0,0.40817043016159393
5048,0,0.24099637306353028
5044,0,0.4822855287755105
3950,0,0.34079887127799224
12514,0,0.45742639273376007
6941,0,0.32631267054351665
12428,0,0.3505455968115601
9524,0,0.3680879781878565
11350,0,0.2613591868576511
8301,0,0.5099639635378156
7140,0,0.3358904453372272
2945,0,0.3722209362305818
4895,0,0.3251235693256715
8064,0,0.3857091926139762
8413,0,0.3932055043480217
1609,0,0.38465914960055503
10416,0,0.31631240408908523
10610,0,0.3693643482841734
10940,0,0.32611069111288926
2632,0,0.3995455802334147
7501,0,0.26573597995195364
5163,0,0.47542575782655955
11859,0,0.4135644519414325
10381,0,0.48691695519023065
3555,0,0.3962393940290501
12626,0,0.5385459251094061
9764,0,0.3415872919598687
6163,0,0.07742574631693346
9518,0,0.32781240016566776
5704,0,0.3293079659239127
4883,0,0.28896813004934896
1912,0,0.6052345238067731
3854,0,0.190946476952491
3024,0,0.32786706335292987
10429,0,0.3117725595731276
6713,0,0.2879688728067661
7095,0,0.31413255004049195
8393,0,0.40952704142264434
10679,0,0.36153736287646415
6358,0,0.30755371236020845
2129,0,0.380866439716151
3027,0,0.3781036365420779
5091,0,0.4688314439021697
9251,0,0.35353396042972146
4450,0,0.4602811326242299
1895,0,0.5989161139312558
11404,0,0.24252461300831724
3208,0,0.30055259133905926
7903,0,0.23272796184045758
10920,0,0.3049206054236268
3620,0,0.23578915888791888
1914,0,0.5565513891254272
12883,0,0.3675936447091408
11723,0,0.2868760701432557
10163,0,0.3664999270286057
12520,0,0.4241092595618369
9459,0,0.289419086055972
5106,0,0.4909807461259981
3161,0,0.42701999011095226
3149,0,0.5422969926737597
4832,0,0.2645926821224442
2685,0,0.3689427493833919
2429,0,0.2256093831647123
9718,0,0.3994485551080333
8065,0,0.3476611507283758
8484,0,0.4354765456793621
8456,0,0.28422841363571383
6858,0,0.23997960866275245
10808,0,0.39409594808792614
11778,0,0.3440806730397795
8355,0,0.4601968708598444
11976,0,0.37902654850160666
446,0,0.30791416246465864
5957,0,0.4393750215136082
6809,0,0.4337851582255388
3327,0,0.33996612272349025
4725,0,0.39307182050526046
12585,0,0.33272382353633123
3435,0,0.304519847554813
6327,0,0.34108374917019524
3745,0,0.3428421538062335
3990,0,0.48733916561211416
3739,0,0.34284688469345825
10292,0,0.3161216895454199
9092,0,0.37667291965593747
4270,0,0.4325704520037615
8195,0,0.49349885867397847
6158,0,0.30439992706507046
10952,0,0.2624316059434233
9574,0,0.40979829313138766
2720,0,0.35150976481064883
7887,0,0.35756930661783926
5162,0,0.3966306487389828
425,0,0.29398840176655744
9548,0,0.41618396227742777
4013,0,0.464482890658323
1833,0,0.381022997435934
615,0,0.30418592586432797
6704,0,0.3009794560834752
3243,0,0.33268560644515827
11645,0,0.39620080651001216
6812,0,0.3591430746520511
827,0,0.2724106118572682
979,0,0.4920977849549233
3226,0,0.2756461265703028
4802,0,0.31523060599658886
4794,0,0.33202600201128896
9259,0,0.344778019972022
11446,0,0.3544699242163202
4494,0,0.33652969378654524
6058,0,0.36776273307284846
2473,0,0.21643297968892422
1643,0,0.3550066203332553
4120,0,0.2626383653547749
444,0,0.36257971624669555
7033,0,0.2906175242362948
1638,0,0.48836258454160875
6506,0,0.3446042846723393
8264,0,0.3058061996634985
3697,0,0.23358297526973773
8425,0,0.3460357622498499
1195,0,0.4727570627245205
11406,0,0.25593806172388905
5441,0,0.33653199740148115
3271,0,0.38317482420277893
4363,0,0.31800120482417404
2516,0,0.35109074228164033
437,0,0.3560101048670891
9769,0,0.3370211239155321
7086,0,0.26811932208374484
8643,0,0.31677912904495426
7029,0,0.4244734281251518
575,0,0.3246894810802743
8821,0,0.33872183797872635
2871,0,0.3913622831309672
2474,0,0.26315201581819514
1892,0,0.495861299925708
3209,0,0.2810517410635551
11129,0,0.436713577691232
8390,0,0.4278159394186718
8314,0,0.459162577100914
5430,0,0.37044875570094654
1655,0,0.40023484814615035
3881,0,0.28713887015183415
1628,0,0.6051444705694256
9514,0,0.5238164077771095
6601,0,0.14518722440682347
4448,0,0.3169216204565754
5606,0,0.49821731888600934
12959,0,0.5361013453764462
9042,0,0.3505985298872281
6083,0,0.2909984338590939
3843,0,0.27645281499408914
677,0,0.30881986919966303
2817,0,0.3933038324699586
2719,0,0.33635685671422905
7434,0,0.4825602577907053
10449,0,0.3547340372620648
10380,0,0.32705192050573473
9271,0,0.38589495878826247
4588,0,0.4569397415594729
4616,0,0.30335806293580087
3935,0,0.3388739264507315
9563,0,0.3591056089404154
4978,0,0.6648296367757475
2456,0,0.30971289903831734
5591,0,0.3449513425018913
11608,0,0.3317940031356871
9782,0,0.36061225445783684
5603,0,0.42440257851864555
8639,0,0.5080981504691652
6474,0,0.387302544148232
7225,0,0.3428669589566584
5174,0,0.3597746433581328
6857,0,0.27121099896919215
7283,0,0.41918026492692817
1735,0,0.5439755037916794
2937,0,0.37334124719837486
4228,0,0.36476549835970384
2148,0,0.42994177848102744
12307,0,0.4434309449761934
6034,0,0.5420921528501017
3237,0,0.2946823239722374
6842,0,0.2980100972413082
3588,0,0.4286025494758426
355,0,0.41517807335429285
1233,0,0.36610201919766744
1457,0,0.3908531189933533
4009,0,0.2957729837554783
8474,0,0.3141379736486019
9135,0,0.2696141932514741
7077,0,0.2790652972225967
2345,0,0.4568040412855468
1995,0,0.2846657397214439
5074,0,0.3252584367348656
12005,0,0.5716408613068604
3985,0,0.40075063403523
12552,0,0.4288655442119545
2522,0,0.32432384376827716
7955,0,0.3026052923985023
8949,0,0.2936912165216401
1736,0,0.47889529276982207
7589,0,0.33338782171504394
6043,0,0.3953148448177011
2239,0,0.4021900759979019
4206,0,0.3198747393960339
9028,0,0.37740691001761195
1705,0,0.28287053832880393
1956,0,0.43021363193609985
4430,0,0.32863824663048313
4149,0,0.27030965820239805
7462,0,0.2755538999612298
3256,0,0.3943141669692468
12339,0,0.322363159172238
12777,0,0.36192037082097994
6910,0,0.1290068138289153
2790,0,0.3548858038600629
11680,0,0.3875490772909142
8649,0,0.29320004917875314
1964,0,0.41120786024594214
9804,0,0.3252393638019813
1903,0,0.5845120816043337
10893,0,0.4371339283491626
5572,0,0.43343639354588054
9007,0,0.2106310199089149
2210,0,0.2815541081761233
6389,0,0.3510972252616924
1010,0,0.41028778246620096
12636,0,0.6308326541446786
843,0,0.3335109326638609
9375,0,0.3459557621016519
8816,0,0.33923597993180454
685,0,0.36035855906178493
5238,0,0.35911322902219045
2604,0,0.3758210865973249
11396,0,0.26180757875745464
11767,0,0.3800053546340981
1349,0,0.3277587676532968
7253,0,0.41773596319737755
6818,0,0.3577242593113486
1548,0,0.30894066294122235
7566,0,0.38181439810984347
8512,0,0.34358412690247603
2190,0,0.44717863773139893
5714,0,0.3698865305930671
3467,0,0.2257952689798796
12425,0,0.316720482972636
12348,0,0.34757529944507165
8806,0,0.5091613511588373
4806,0,0.3469149446230943
1571,0,0.5029720387030222
9583,0,0.33577632012365666
3888,0,0.337784465730809
6681,0,0.44089679752716715
8485,0,0.38923881226642154
8333,0,0.43517651671317514
6427,0,0.39977698119912713
6667,0,0.28731732248741015
8703,0,0.23974325393579726
11191,0,0.4081385254110736
4523,0,0.40652126104933856
2460,0,0.3258691831571429
6393,0,0.3553784919231441
6662,0,0.47220520933443755
4255,0,0.3152484713481937
6839,0,0.29890486633291646
7906,0,0.2874811978889435
7598,0,0.26582123811955227
9319,0,0.5962168842236426
8074,0,0.39069987488836533
12560,0,0.37823662381158224
9820,0,0.45820135330226197
5488,0,0.43105234897555894
11863,0,0.354646898414452
9889,0,0.36449105166763673
3138,0,0.41525141442858543
9831,0,0.2809891416499066
12689,0,0.5873513879492961
8313,0,0.4305888415375445
6675,0,0.378198469110577
9104,0,0.40008949210561956
7467,0,0.2785010428143186
9478,0,0.40676731045353665
7345,0,0.36597069470223026
1937,0,0.44641341126470097
6982,0,0.30180944150151334
7342,0,0.33874112361869946
11127,0,0.28067143697185926
10817,0,0.41962255683014466
3922,0,0.29232830184894526
1284,0,0.27086869724640267
7612,0,0.2726557427321055
8516,0,0.3672191775575424
2811,0,0.3702081413383862
10919,0,0.34898430773562755
8078,0,0.3019353975865943
497,0,0.2307354798934959
3601,0,0.27517409956815575
7298,0,0.3350577237993992
1020,0,0.3774546696218984
6074,0,0.29838132330084066
7621,0,0.41029931787541524
2079,0,0.4012659711327954
4147,0,0.1993658922884695
8048,0,0.2846040122782195
3063,0,0.3338046066809263
10602,0,0.3657997851306058
12613,0,0.4275411327585911
7441,0,0.3175533448188661
8293,0,0.35723442171448777
11788,0,0.38483488920665104
10667,0,0.3925596858424425
10939,0,0.23092422546509425
12647,0,0.3935917535625873
11689,0,0.3888713038869038
4063,0,0.21104721878416094
7126,0,0.29200194401304297
6539,0,0.27754147118785927
5517,0,0.3709236935454418
7743,0,0.3425106659142636
4409,0,0.31510787645282506
11403,0,0.2858032740130347
7307,0,0.3528438426236148
6609,0,0.35560219376791297
7483,0,0.2715365536855152
9733,0,0.45882089960891226
10735,0,0.24450740391062045
4329,0,0.3815665462406571
8570,0,0.49880254364813753
6030,0,0.3240916385661482
6203,0,0.29586831020207843
751,0,0.31819568845946794
9289,0,0.440032576399026
3559,0,0.36969872996686487
7228,0,0.3873964102569111
3427,0,0.24746580255566686
11755,0,0.3401416277072686
291,0,0.31219283625987737
9343,0,0.3390222572204813
9941,0,0.2909394122203666
7544,0,0.4077957301943732
3474,0,0.23847381658654382
3999,0,0.3632510106266473
5850,0,0.3337789602231442
1916,0,0.4565962300155842
7234,0,0.4012543468554706
7800,0,0.34864831797908735
8466,0,0.39512555319324216
3774,0,0.4086779371279904
9803,0,0.3330363570426758
4162,0,0.51425986623897
5594,0,0.2293151210386035
438,0,0.3793765678784203
11059,0,0.21614398283841632
10200,0,0.2937112699910006
4232,0,0.30003704156285516
2991,0,0.24723722276781687
7172,0,0.315749221058693
4685,0,0.32829900106771076
909,0,0.34993911855969156
5614,0,0.3536276571997399
6514,0,0.22443590370665506
8862,0,0.39854370586917814
4446,0,0.3539875324511753
1525,0,0.6756857538215224
8411,0,0.5331872553186487
1559,0,0.30324644594507943
8994,0,0.40919491604964914
10639,0,0.4380542033047394
6964,0,0.2504760701963636
2929,0,0.3543191930102405
10990,0,0.4182989922735597
745,0,0.1787917358101612
9173,0,0.3115180917023553
8644,0,0.637808342716556
305,0,0.2934117177126791
12707,0,0.5094575641546799
3477,0,0.2975572789873796
462,0,0.45513509799200147
3930,0,0.30746730640684855
12080,0,0.3166364734436861
9430,0,0.336734541636319
369,0,0.3110114397774331
10275,0,0.3164098623670725
8279,0,0.38579034997356865
3205,0,0.29060965138171846
2156,0,0.35208434026845375
10542,0,0.30470823597859964
3908,0,0.31431888778396816
658,0,0.6108233846383577
5487,0,0.21835958798602786
8171,0,0.3367433311730477
10848,0,0.36460567540896577
1014,0,0.38231346559937773
8334,0,0.406282360503746
2546,0,0.464495224609381
7557,0,0.35462533705839777
8089,0,0.4112649052984442
11590,0,0.3485408851114774
178,0,0.27856508825252707
1982,0,0.3691266567858373
5699,0,0.32502057452202177
6978,0,0.35240225811357123
6989,0,0.25926630378057286
7707,0,0.4604765184901614
1636,0,0.4964216172904687
11375,0,0.4186791228601341
8739,0,0.3901773752736451
10076,0,0.2023144044580374
4848,0,0.2466472882908037
6100,0,0.08417366868042905
7270,0,0.34070824752456375
5854,0,0.5260558763650527
3113,0,0.4095348285049367
2914,0,0.35683433555285715
7879,0,0.3439203697424926
3201,0,0.1938199948873307
1652,0,0.3043420038696097
6080,0,0.27657984648240436
10604,0,0.35844256723485335
6381,0,0.3513053360684612
6380,0,0.34432989743393394
12957,0,0.5572305885832258
360,0,0.3921650233678994
11992,0,0.4475403113790026
12261,0,0.26381781734680815
9977,0,0.3139918930503815
7784,0,0.2570936672905307
11020,0,0.4852752030125792
5691,0,0.31471696750497247
2230,0,0.35888952858900197
9829,0,0.3642145057209172
2624,0,0.3205289316296021
20,0,0.3745331837419778
3357,0,0.6033897475559677
8790,0,0.29609343507416397
2775,0,0.2955118691972931
577,0,0.2999609847203839
11334,0,0.3911460240070662
5484,0,0.3695869312036493
10596,0,0.3551765770426163
8160,0,0.365157410851518
2716,0,0.34957095277155764
1573,0,0.6582483598893808
8101,0,0.3313280032238906
844,0,0.27178076034734383
9680,0,0.34361102690393247
3059,0,0.4530223028603325
6671,0,0.4444481681426368
10181,0,0.3514788170904459
9883,0,0.426142565925913
1433,0,0.3057200871800171
7463,0,0.33598108415054756
3833,0,0.44655115060059786
11236,0,0.3634292356495339
5181,0,0.43712652133818247
12900,0,0.430206693235909
12829,0,0.37170400476597254
4968,0,0.3933581548336235
7720,0,0.37990672177126195
4570,0,0.6562212369239407
3297,0,0.3397725367672725
1409,0,0.3733198359650982
4946,0,0.3433169925462709
6826,0,0.24141216973447926
8236,0,0.35333135059417864
2584,0,0.2338202080577153
1494,0,0.26637003334832404
1718,0,0.39855454469489343
11762,0,0.38262524829746314
586,0,0.3161506424101064
12787,0,0.25806094126076135
1379,0,0.3215077438986672
12695,0,0.42884830069632135
11559,0,0.3061409127894464
9482,0,0.3691839234006938
10652,0,0.36515931680751496
9039,0,0.3247442486029442
9412,0,0.34263973878084325
10565,0,0.4658217253141126
7556,0,0.3599838197840313
6465,0,0.4165856511986553
10554,0,0.48092945450812485
6477,0,0.3392700961626232
7910,0,0.3208628507099608
9997,0,0.36775866172412847
10882,0,0.38560446110991586
123,0,0.3503157582493135
9886,0,0.48202380414877183
10265,0,0.4574917999653298
10294,0,0.3031185385329136
11612,0,0.2160024999771075
1050,0,0.33369024733756625
6019,0,0.3462764889848586
12637,0,0.2731936185052913
2469,0,0.27758165392198186
6526,0,0.2069056359481068
6884,0,0.3834220327598067
5848,0,0.45734496496890226
9751,0,0.3823408167578039
11260,0,0.37439409402621854
10337,0,0.3321953187876808
6048,0,0.38659443613143524
3548,0,0.32196387331590237
12436,0,0.3196895753031051
9419,0,0.27300920715818755
8823,0,0.3174231632323872
6900,0,0.4114124642833318
9001,0,0.23129644885963757
10916,0,0.3505335638653338
2698,0,0.33974865805647525
11323,0,0.2775528124510602
3616,0,0.2522818951355131
9510,0,0.3486069568662377
6665,0,0.4290120156629386
10660,0,0.4373243196789347
11945,0,0.3397463174807574
10309,0,0.34714905217192626
8692,0,0.35242807738092674
7917,0,0.36410564674700646
11659,0,0.3303273746166487
12424,0,0.3259612263957364
9374,0,0.2805726999411295
10331,0,0.4112009329028052
12607,0,0.3977130070215379
8572,0,0.47273963829604165
12440,0,0.2714459025152905
5395,0,0.4116902503457317
11789,0,0.5064414853132638
3298,0,0.5673132845170212
7933,0,0.29606458078726705
9708,0,0.3970254581244006
10981,0,0.42073430477115026
9321,0,0.46017503543824817
11000,0,0.5061274918429463
97,0,0.23086991016570396
4804,0,0.3529457356314378
9651,0,0.32626450124407647
2798,0,0.35594700887212444
3289,0,0.2898672847424704
386,0,0.24732958824048193
4569,0,0.5834004553576237
2259,0,0.34725874907309423
10759,0,0.4101168829078752
1018,0,0.4125225206954087
646,0,0.2945879761520873
4370,0,0.38250398692063386
6423,0,0.25047107822071357
1838,0,0.49648675026781536
11790,0,0.44860690689030863
8310,0,0.5443216599265938
10666,0,0.39304283820131675
12624,0,0.5749372759643046
1668,0,0.34451053624899486
7924,0,0.32171239893320963
7759,0,0.2836438297904731
11922,0,0.31213310220073004
805,0,0.34318275735984
7766,0,0.41975726021697835
8708,0,0.2685543227792846
2846,0,0.2642711153999056
10528,0,0.25194422931220506
10101,0,0.25103226664686074
2602,0,0.48779235332432824
515,0,0.27038487189690413
3430,0,0.19837353793081053
10649,0,0.3853040452086583
8981,0,0.35538919407228375
2670,0,0.3842556266920792
5992,0,0.32866109625344986
5502,0,0.37205848457649415
12488,0,0.31842102009006695
12738,0,0.6544574093610017
9902,0,0.2917545438536688
10216,0,0.40774220895491103
10504,0,0.18016004033138974
10034,0,0.4026683625816907
3447,0,0.2867223486339149
12899,0,0.4637230762990649
12214,0,0.19231481936379569
3896,0,0.32477212176501674
2439,0,0.3715498091235856
2882,0,0.24981625658025955
1767,0,0.4388200081502166
1105,0,0.39046108571878474
8566,0,0.34493441415264114
4327,0,0.48938701227696857
10811,0,0.3711851117677467
3515,0,0.30883218751659225
12859,0,0.3360938656579674
8869,0,0.6229469207468192
2819,0,0.3173704094112653
6556,0,0.3353995904113052
1227,0,0.35060439839851976
10053,0,0.2805806586476501
3011,0,0.24477078423068918
214,0,0.2822369602640256
9454,0,0.5022087707260072
4012,0,0.29597015558875167
9457,0,0.32901327371654454
9720,0,0.40662455739564063
5605,0,0.40006359236316186
5453,0,0.3639897974946872
2650,0,0.5855217437800957
11544,0,0.33787172076910177
11068,0,0.1580136707114968
10669,0,0.40835141157644894
12816,0,0.3664536825448502
7862,0,0.2755248478468761
3995,0,0.4619660738559908
104,0,0.22405827783560103
3466,0,0.31181596415703133
6262,0,0.14611288156400126
7856,0,0.2740041799650958
11834,0,0.39921105925696565
5663,0,0.36109265699466825
7495,0,0.2528033774364256
5039,0,0.3257626824169055
8057,0,0.31721532950118125
9747,0,0.2769170585819588
403,0,0.2691191033314958
3445,0,0.22514900550579725
10184,0,0.30793744401505596
2277,0,0.4031265168167262
6104,0,0.3216117493082771
9230,0,0.30482605618402353
6134,0,0.29450376970312514
9396,0,0.31697555528111715
12379,0,0.34231521533959475
2651,0,0.3599660431525964
2155,0,0.36349415690393777
12273,0,0.3200941263309699
7717,0,0.4074240223707939
4838,0,0.28507958778855197
5823,0,0.38725245663671765
5272,0,0.3764271445410129
5047,0,0.31818835711074284
3159,0,0.4869968111100573
2131,0,0.3472672746076518
6599,0,0.2940477370619914
8378,0,0.4029489969508343
3199,0,0.23130240990978593
3055,0,0.4220846607494834
8846,0,0.3160186852196342
1047,0,0.3246496222986096
6554,0,0.38754934152683135
7217,0,0.4195587792325953
7038,0,0.40603677895786666
5219,0,0.40659659233472495
5996,0,0.41737457036618414
11125,0,0.25372016650386153
5807,0,0.3466442568054268
4508,0,0.3377015430224615
7927,0,0.21874604718557633
4870,0,0.3697596084253007
8542,0,0.33146900933546936
10818,0,0.34931412169517195
7240,0,0.38741546857964276
337,0,0.5065678916310276
2940,0,0.3532663781616793
10370,0,0.36687153513183923
9369,0,0.2835169712925071
3797,0,0.42535332876633686
12257,0,0.4139421540371432
3345,0,0.3387082931828206
2515,0,0.32175178085608064
1575,0,0.4576200444902888
11829,0,0.2643629225381415
293,0,0.21933374450391008
11801,0,0.43034864590771177
8901,0,0.3043017627633845
12805,0,0.35168974926421354
8693,0,0.37296618010213556
4996,0,0.659940135905393
8616,0,0.34807433410978633
12761,0,0.4001463618342419
11642,0,0.28411011214192883
6339,0,0.3960322914361567
2831,0,0.24143453106330365
1651,0,0.36015068227305364
3498,0,0.3585226175196454
6141,0,0.3427019271587691
2117,0,0.3421173891939869
11699,0,0.5135245921633103
2401,0,0.28051864617694494
7643,0,0.3585143014472716
2197,0,0.47088822652642376
10118,0,0.3900197480229527
5730,0,0.2340227592951479
2052,0,0.37129636996032284
11408,0,0.30133479013295056
306,0,0.3235770752062602
9722,0,0.32593124295698594
1275,0,0.12290257795464778
484,0,0.3176481102467129
12124,0,0.2868882755840559
308,0,0.183064821186045
2900,0,0.26577066982335745
9698,0,0.3189909434271499
561,0,0.3223233790348545
8143,0,0.31232901573552013
3353,0,0.5024963349045704
11896,0,0.42247624163917574
5190,0,0.4250015111180804
12148,0,0.2620922428102547
10702,0,0.2459470630984101
3494,0,0.3073927019824722
9261,0,0.37718707812987723
8752,0,0.41293081427664513
9882,0,0.29870779664917246
3449,0,0.267609990219567
7982,0,0.46709502635887373
8018,0,0.286664875342026
5540,0,0.18067696103799047
269,0,0.3207459866146642
1142,0,0.3918289631242919
614,0,0.27490815789675566
925,0,0.6414092475689049
3418,0,0.26475808068041107
2016,0,0.387540150373868
10996,0,0.39344162313507797
3296,0,0.31326314261930394
7205,0,0.26777461441395417
8287,0,0.3459497425956438
10056,0,0.21445575041604759
8213,0,0.25705811303054166
9694,0,0.3570901651407444
6187,0,0.14766132301678558
7877,0,0.37042731343725527
11244,0,0.29682210794251956
1693,0,0.3396852041705822
10104,0,0.23308154267708195
10801,0,0.40328593907210253
12476,0,0.2604813043168554
6476,0,0.3872646947628181
8076,0,0.39128776296396367
1929,0,0.4334933195153513
4481,0,0.339317033613528
4707,0,0.3536522464138754
10662,0,0.3966101345871025
5929,0,0.36976262937820026
9991,0,0.4221402505989668
10500,0,0.36792308635537485
8299,0,0.4232717670153095
4454,0,0.2665797283263023
2092,0,0.34627880373903447
7859,0,0.3167500396803104
6518,0,0.3161842263187674
2781,0,0.34951312324385364
2288,0,0.4287059343415706
1658,0,0.40064468888068644
980,0,0.4764916530187542
8911,0,0.417849500371424
4791,0,0.3716596488577041
11838,0,0.29340291340488395
11158,0,0.17006989329714672
3470,0,0.1993115674425899
8818,0,0.29911046416726195
11724,0,0.30657389338057145
6819,0,0.3232025836299061
12456,0,0.3952142289873953
8763,0,0.31258568374251006
12296,0,0.42018267087384725
4134,0,0.23159974091619376
1534,0,0.5617517599929085
822,0,0.2309480198438656
664,0,0.4611164540201885
5176,0,0.4308262613219105
2359,0,0.4476279196030317
9466,0,0.3566556559551191
12854,0,0.3261490986907094
8805,0,0.2781927829426235
3945,0,0.3286490552735969
10577,0,0.46695040712232294
7236,0,0.4660155698310208
7384,0,0.24633330649458804
8671,0,0.6163024746547213
12175,0,0.26253346968815205
4101,0,0.36144077428014704
2995,0,0.24357365141488097
11938,0,0.4163914562720581
38,0,0.3372622135992149
5939,0,0.37713142998908955
10859,0,0.3484977521753119
9934,0,0.3610670786949141
2204,0,0.32256838397086823
3356,0,0.5474345404981673
7999,0,0.3003408175727506
6786,0,0.30281059012908795
9629,0,0.4017354859190643
12557,0,0.4296482837799604
8579,0,0.5269617172846313
8971,0,0.23877852253247092
8455,0,0.3417774784554924
8239,0,0.3213230556856209
12686,0,0.5257663176441519
10018,0,0.36822590920462217
9641,0,0.3405346230227869
4262,0,0.41459620282278337
2261,0,0.44448569289734235
10913,0,0.35561212332625575
6105,0,0.3463383692948162
4358,0,0.3555927667376409
2233,0,0.5643664479097285
12173,0,0.30975504140240306
8819,0,0.3517225241431845
6958,0,0.3226564571431119
3594,0,0.35732104897164746
1404,0,0.3098337293778628
10865,0,0.35727267239840554
2495,0,0.43136688212341023
11653,0,0.28472680645857124
7400,0,0.29201111410109415
4413,0,0.30233609834626257
10491,0,0.3027065699486393
8861,0,0.34487958016847986
5164,0,0.3849352812643708
12487,0,0.3157108820360643
5860,0,0.45478352119618026
2066,0,0.4262562079092322
12313,0,0.25832884650690224
10964,0,0.41291687944529026
3124,0,0.3874434300337681
6797,0,0.2717357971841234
3605,0,0.40308140837179784
10191,0,0.2707904066542573
9839,0,0.29948981592563867
8158,0,0.40034811672549603
2063,0,0.44955254633400393
12109,0,0.2822986325600236
7827,0,0.2805764673890249
11558,0,0.2651755061575963
2318,0,0.34268747460061516
2365,0,0.3151859210316863
7043,0,0.30454190930222136
3309,0,0.36175872466057585
12627,0,0.5772934232293402
1333,0,0.5271804628952743
9856,0,0.25311000440689035
835,0,0.23988448120346292
5921,0,0.33076553559048216
6297,0,0.33864964290261806
4525,0,0.26908511338363317
2774,0,0.2767379309572177
8172,0,0.30127524338291517
6079,0,0.3715168421868389
11691,0,0.46066571429899456
2622,0,0.40913390359964463
1709,0,0.28821568942013936
639,0,0.25822473622998143
11842,0,0.3609519298807415
4326,0,0.5307577177360597
5154,0,0.46884388356311696
2538,0,0.27423164526177224
10739,0,0.3709401975470518
5258,0,0.3368272502267976
2552,0,0.40901379475200556
8882,0,0.3335488140212741
4170,0,0.24941861415943115
10692,0,0.3792983329289883
6591,0,0.30392090982002057
7581,0,0.3036183107866035
5904,0,0.36045782083829586
1904,0,0.4409000698856698
2337,0,0.29680874995750756
246,0,0.48579154218448756
12581,0,0.4869303174015625
7082,0,0.3193377474626557
1793,0,0.48699101888305374
3292,0,0.2619693097997683
10094,0,0.2844710728679354
5158,0,0.46319740320019126
9956,0,0.3529748431322264
1424,0,0.33517887543097646
9301,0,0.5751146838248682
5325,0,0.2260223588341895
8575,0,0.38085166357220407
12622,0,0.4868955089159851
7351,0,0.31426529867416547
10486,0,0.19276647728228077
11098,0,0.27015959138863843
7675,0,0.4210953431688995
5081,0,0.432688458393494
3312,0,0.41039285264689984
12640,0,0.31867805019518664
4245,0,0.3872334333016963
2142,0,0.38715572222633426
740,0,0.26385120731953776
10894,0,0.3303710801248134
2727,0,0.44849226268447834
2713,0,0.39385394797815504
725,0,0.17776970609810727
2820,0,0.3556467402996167
4897,0,0.2855244989128122
11081,0,0.32655564933777603
11524,0,0.31191685600728747
2363,0,0.4342513266693786
8369,0,0.5438515116398105
2166,0,0.46311651160895234
12697,0,0.33895749219401977
7045,0,0.21827515514707008
12215,0,0.2911241293862872
839,0,0.2316649902685771
10054,0,0.2392054219680333
11320,0,0.3400784832738396
11441,0,0.4310325513745986
8890,0,0.5346649475316589
10512,0,0.29766875723217856
12004,0,0.4535037695225494
7333,0,0.30533819428520725
7674,0,0.5621973875620266
1417,0,0.33366007720263285
3074,0,0.26113130648032995
1003,0,0.3811322385288816
6880,0,0.3571997453653046
1683,0,0.3655166217859692
3007,0,0.2260639323334384
11572,0,0.35851215823447724
474,0,0.28326300327270376
2628,0,0.42476828847832465
9940,0,0.441961973264938
2514,0,0.3430476202177134
12730,0,0.5346665399554469
7109,0,0.40665789969372795
11683,0,0.3562375613182868
11229,0,0.3551898968505475
8347,0,0.2854392013122314
6757,0,0.2753904811586021
5761,0,0.2860325993659035
8670,0,0.4238322514484126
1787,0,0.5810240681660256
5396,0,0.41793577256104364
9669,0,0.2957713759053611
6233,0,0.3942819003693644
6654,0,0.2805711729004602
8529,0,0.4386523880260481
4172,0,0.2742022528976031
1932,0,0.5122459549910949
11038,0,0.355738370640485
1452,0,0.2909291305947179
9865,0,0.2557365898296887
8295,0,0.3809703581182871
5274,0,0.3460916059270644
10224,0,0.36829446541751826
12544,0,0.31207648355155876
689,0,0.23046278917735388
10616,0,0.36373017937168745
5505,0,0.22590843237395591
11585,0,0.36717778701954673
3276,0,0.3882950490281081
10693,0,0.2878344942049541
12361,0,0.3485400664799911
252,0,0.41060330013172225
7074,0,0.40630930515866487
1533,0,0.2918810868209237
6833,0,0.3290173043998239
11522,0,0.25362922738444416
5355,0,0.3629586890587909
11423,0,0.36534604200726767
6879,0,0.36302494419472797
1232,0,0.3753299113812699
9682,0,0.33436432967271457
12840,0,0.49506634967775837
8945,0,0.32720774158791394
428,0,0.25942600397252613
675,0,0.2898465904495388
1920,0,0.3940634091989263
5412,0,0.3633425398185195
831,0,0.2572111943533661
6243,0,0.3495028838761686
9666,0,0.35480487498439367
10133,0,0.442846841167054
10219,0,0.4915149530331748
894,0,0.42546492523042206
3554,0,0.3286613933078138
7752,0,0.3763290614238609
12036,0,0.4451102878711407
7986,0,0.39568108140314434
7260,0,0.3563768624906959
10089,0,0.2866788056484487
10260,0,0.3680034372218886
12915,0,0.35052585035592077
10013,0,0.28177186082715394
8399,0,0.43454105758350964
8757,0,0.2772949011818084
4400,0,0.24587241189773837
1771,0,0.2892221687598615
9816,0,0.3211796385119398
6483,0,0.33051032871118824
7738,0,0.30495882375681754
6401,0,0.3551305572693899
3871,0,0.2684399558843565
5545,0,0.33892509998715575
12625,0,0.48200403254756496
6336,0,0.33185802777641427
5060,0,0.19461263700269543
8097,0,0.40110639629632483
8408,0,0.5559066993927462
10593,0,0.37526461062364547
8365,0,0.30926394021374637
1978,0,0.3989017089499117
44,0,0.2674776235196633
231,0,0.39964064276888406
9088,0,0.36853511516335913
10097,0,0.39101900692087643
932,0,0.35242280468423126
142,0,0.2881408498888831
4344,0,0.5310211751054582
12896,0,0.4530588956802159
11921,0,0.29053592711160936
6921,0,0.32750652379429707
704,0,0.22932508696528325
12750,0,0.33769220645783016
5831,0,0.4879465466392691
5800,0,0.3647187003265991
186,0,0.3789115631471652
8030,0,0.339498281610182
7683,0,0.48475592362802844
7786,0,0.2778491497672569
5086,0,0.4936109477220264
7817,0,0.3271975869016221
2669,0,0.3018756955715957
2535,0,0.3033323855218019
12665,0,0.4738700629594443
9724,0,0.5656589302415296
9486,0,0.4142498935675884
7740,0,0.36201084791935706
1143,0,0.39262506576783
1330,0,0.38217061974224964
12511,0,0.3632040705262412
1517,0,0.49633528733234383
4000,0,0.41310241220741245
6775,0,0.1911103526653823
297,0,0.26716650500974004
12144,0,0.3332810992139842
9779,0,0.3277677175748695
1822,0,0.586626652143804
2872,0,0.40560203141590445
2809,0,0.4833369390706594
603,0,0.23244064950608434
12345,0,0.3433826739926887
6969,0,0.34234171301606753
11287,0,0.3102309675145196
2564,0,0.3779732272755618
4927,0,0.3826913978430014
854,0,0.22610273405672346
12939,0,0.4566525822484223
2452,0,0.4968389334498362
6394,0,0.25107149596291856
169,0,0.35041438596655006
8170,0,0.2517709998618737
6441,0,0.2834566226709946
1556,0,0.3467373947566815
9387,0,0.42971206630565556
4542,0,0.579264732183741
10481,0,0.39400407138827553
7159,0,0.401393653681712
11001,0,0.46961060579949554
4167,0,0.36440047076165805
11697,0,0.4004911472679537
1723,0,0.31773629440645396
8353,0,0.32297132642712123
5332,0,0.3792043905574156
2255,0,0.3652949984056548
2614,0,0.49352889322709614
4308,0,0.4190768505320406
1535,0,0.3088956911275771
508,0,0.47353802667829115
6222,0,0.27381618812483416
1475,0,0.28149151563010233
10982,0,0.48326967488987627
6257,0,0.4280597973539195
9894,0,0.21176690873132684
7191,0,0.40743127280560243
12565,0,0.3497013533937941
8909,0,0.4121571284180121
11756,0,0.34946407924277934
3017,0,0.2819449360587048
11833,0,0.3272987724026994
2518,0,0.2173632278484898
3727,0,0.417381183502048
4977,0,0.38685252258846153
11872,0,0.4506230814302183
6981,0,0.2997260883528158
3109,0,0.3526382939790439
6184,0,0.13363207671887642
5064,0,0.3128730645952034
11227,0,0.3218742659010162
6017,0,0.36501643689606755
6107,0,0.3406395193385273
7737,0,0.32625321293744397
8735,0,0.21473017132344405
6928,0,0.2669810867681629
9735,0,0.22404394402909159
1572,0,0.48202058394522745
6472,0,0.29369898374120784
7611,0,0.3203529789411035
8061,0,0.29478103164814984
5802,0,0.26858615964467036
4522,0,0.47962178178270276
7449,0,0.36356560858338033
3723,0,0.22844537370467682
3967,0,0.3580551541741014
1562,0,0.25847522100493914
332,0,0.30112144601080304
1885,0,0.30735594555696555
7286,0,0.35544199005645977
466,0,0.4779590899147234
3530,0,0.2672999991897691
11439,0,0.31831355252516536
11149,0,0.17271856514276832
3635,0,0.25496750357516174
9554,0,0.3717564995466214
10831,0,0.4129665420651985
12956,0,0.5558938726148753
786,0,0.38434847434825936
3012,0,0.28050635155531073
2837,0,0.3207481008748119
5627,0,0.3206131063626159
7716,0,0.5091039064715934
4940,0,0.37336578647392893
3719,0,0.252008201129412
11709,0,0.354153156390411
9096,0,0.4312152777055715
6891,0,0.36917058310868767
2010,0,0.43586046843333065
1490,0,0.1695500156107779
7186,0,0.42606538361872165
453,0,0.43156346696093695
2549,0,0.32015042637425445
5758,0,0.18878777263952276
11073,0,0.26606896755246423
5642,0,0.35312469545632746
12873,0,0.3560199114344943
9098,0,0.36418059130239067
4323,0,0.4778244617021685
5524,0,0.2958459271389678
12495,0,0.3054438412558039
5536,0,0.3276792500828186
2813,0,0.27216011387782063
7341,0,0.32668577687224376
11498,0,0.30405326047474834
1509,0,0.15755856686658087
1159,0,0.45986195400270163
168,0,0.4096547507733797
9286,0,0.42315541482114116
10340,0,0.37892406212931046
11578,0,0.25751899805245193
11854,0,0.39923358944694415
11180,0,0.3464974348848947
1546,0,0.38473283846211986
2848,0,0.2810609841755124
8701,0,0.28577364982967957
6296,0,0.32272420721070333
11070,0,0.31319330851240434
2307,0,0.37568351946330714
12527,0,0.5394476438185344
5859,0,0.32249057465092423
6191,0,0.2657483005976946
9004,0,0.2525484287156515
12621,0,0.5628719172693705
9192,0,0.26882172560364437
9393,0,0.3189217402491018
11993,0,0.4276731965277049
8953,0,0.23992364199118626
3783,0,0.35248736352140897
8593,0,0.3388230089210888
9942,0,0.23382401887950127
802,0,0.3061804156320874
9153,0,0.2834957619993735
10582,0,0.2646934240654607
11465,0,0.41497703976353284
2966,0,0.3354420082791425
5209,0,0.3967402719063576
6867,0,0.34429862774549724
7155,0,0.37699846235152257
9149,0,0.24468447848656166
6367,0,0.2781663804670267
6672,0,0.4400326980359663
619,0,0.3015658007580012
2044,0,0.46960112662496245
1039,0,0.5149125932983272
5319,0,0.32957241578839025
7477,0,0.288256187896475
7006,0,0.3117154254119409
8835,0,0.37978580690964386
884,0,0.4561766819316736
12645,0,0.4071360693849158
11501,0,0.37828070669330655
333,0,0.3685051237829329
9423,0,0.31717011334006234
11750,0,0.3503434600846321
8031,0,0.36596031543172775
6399,0,0.3361017649019498
7255,0,0.2972415973386452
10454,0,0.35229311561730403
5479,0,0.4345183823510317
11994,0,0.4696770766341068
2955,0,0.37628828317011287
7706,0,0.41535655256201626
9364,0,0.3411924684889182
4904,0,0.25189454501458475
8849,0,0.40585268614131387
4065,0,0.18354672773307282
7227,0,0.42308559215436875
6919,0,0.26536839652948274
5481,0,0.33845519784953443
7934,0,0.39877752249111575
12602,0,0.4067149864147076
11768,0,0.3799988129844692
11002,0,0.37981805531625373
4852,0,0.3968834363736969
4487,0,0.39901653188726144
9594,0,0.3417199669576174
752,0,0.18295438061031072
440,0,0.29772183487966747
10657,0,0.3811761183028098
2357,0,0.4524670953768741
339,0,0.34105830090494166
11238,0,0.3132299017182977
12725,0,0.60986425558422
6035,0,0.5127140609450558
10361,0,0.4078516868446747
8640,0,0.46055533816001465
9604,0,0.44157592959304226
9191,0,0.26094969801926504
12325,0,0.32059531653033274
5868,0,0.3193085978306771
10390,0,0.48272619089153124
4578,0,0.4451972193555046
8108,0,0.3846638551403303
5041,0,0.3941876062495822
12799,0,0.2849555817307275
906,0,0.3771598326417378
2631,0,0.3526399594574641
10853,0,0.33955194727671095
7476,0,0.3583748400600364
11741,0,0.3198105453153636
9502,0,0.3845086345476683
12213,0,0.34759670959337513
7347,0,0.3218725903828956
6428,0,0.36673459234149913
10613,0,0.3850199826308871
8602,0,0.27638391006121255
5262,0,0.3054723195329254
926,0,0.4223874419648485
8125,0,0.2480473167971922
7771,0,0.3523102679066545
5313,0,0.33742317181835124
596,0,0.26788748755119296
1448,0,0.39036569313775565
5905,0,0.38493860612947506
10434,0,0.34099107348920377
4277,0,0.17394520143580808
2151,0,0.40473445055648755
281,0,0.30634977806520625
7113,0,0.35308740825930757
11062,0,0.16237846124816446
3072,0,0.3653473485949091
9283,0,0.4355086794322805
12657,0,0.43034478310530977
187,0,0.27213121091461656
11116,0,0.22350833304441586
9084,0,0.3266358457916917
6258,0,0.36560234247942675
10044,0,0.37569844633567745
7435,0,0.3312962392351532
11428,0,0.3417299702952736
2270,0,0.49152757493114946
11967,0,0.4002521256821902
9461,0,0.2942513698312659
4545,0,0.4639688671418898
10024,0,0.34017821016198246
2145,0,0.40078452138518955
964,0,0.5669876939738235
3490,0,0.23309921316026835
10921,0,0.23928575196605434
5166,0,0.43419936493647887
2728,0,0.35226540901556885
9622,0,0.3260412724897143
11900,0,0.293744572852009
8009,0,0.3265944430991288
1363,0,0.457690752870934
1503,0,0.324931703529429
8103,0,0.36965469518948685
7352,0,0.35489522155642483
8581,0,0.44675928076550026
11813,0,0.32397344204391537
1611,0,0.34571906241490963
6802,0,0.11209438221918812
1506,0,0.285895326133523
4427,0,0.2837429501478898
3166,0,0.4002291412232558
9632,0,0.303687051036622
9133,0,0.23647917099870275
5082,0,0.531376405943191
12262,0,0.34685588894233815
8718,0,0.3097979938624888
2676,0,0.4053986739701217
6236,0,0.3999559833309147
9852,0,0.1938559762448331
4891,0,0.35771244982134315
7813,0,0.2997121824272218
997,0,0.32801787809511534
6823,0,0.1495808818717823
8667,0,0.3289729498023087
1438,0,0.26123042778615935
2503,0,0.2899693034499085
10969,0,0.34138577751000276
5210,0,0.37516942262867986
3669,0,0.36388642358543555
5196,0,0.38326826513444046
7042,0,0.28125987500959015
10488,0,0.2795724473750719
8868,0,0.41264492677127673
9003,0,0.30767232823629154
2339,0,0.4090071617789084
7200,0,0.4245300441880948
8681,0,0.30564269876229183
947,0,0.3930292940659086
6859,0,0.34845175668914274
12465,0,0.4099111180192985
9550,0,0.4970518085066978
754,0,0.24444406088560347
12934,0,0.3089745113875993
9607,0,0.4265410989670053
6077,0,0.314245717950624
7797,0,0.2914815696183567
11147,0,0.3393323807032662
4983,0,0.4443485300875539
1497,0,0.3305816356196591
8874,0,0.4046251920361442
881,0,0.40843870809726934
9879,0,0.21221354276179402
10437,0,0.34399101044193364
5753,0,0.2649413954924537
9638,0,0.3347514364685521
2585,0,0.30247196619881217
10030,0,0.37353175444707154
8585,0,0.5808427992610488
12064,0,0.3249318676771975
633,0,0.28081570377011483
9234,0,0.33224003442475436
1595,0,0.269637512936508
3450,0,0.27812936402646027
2445,0,0.3658907317399114
4533,0,0.39062508097264026
7916,0,0.32190245238704296
1752,0,0.5541801270231913
4107,0,0.24165122597952501
8115,0,0.3237221084662498
4896,0,0.3718356764694378
6777,0,0.2994048454805423
2278,0,0.3860410210152265
4297,0,0.22503810936492033
6356,0,0.34726279651963005
2154,0,0.37196511020510276
6439,0,0.35489841844931963
8789,0,0.25470713558571506
5799,0,0.32098380922291486
9513,0,0.32319563765013026
11199,0,0.33096194282174796
6434,0,0.40112540704137856
10136,0,0.4833355063218283
8088,0,0.45225758134997857
6288,0,0.43004712724855876
10108,0,0.29641579057173933
6206,0,0.2751022950427849
9679,0,0.412189749540103
9888,0,0.27053733376218553
10992,0,0.5113751755108378
3912,0,0.3563236017331028
580,0,0.2864459394461625
12631,0,0.5119951651122147
3317,0,0.2542185721144717
12950,0,0.49083988954589
6800,0,0.2607803464440715
5705,0,0.32657520587303907
3329,0,0.34600211261348257
6803,0,0.2580969568278068
729,0,0.22465276863045594
7663,0,0.3745197693476927
7805,0,0.27054249228679284
671,0,0.27839888768749377
11597,0,0.30090593316158026
1751,0,0.49129895078799407
4642,0,0.3981901804865861
11887,0,0.35294886066096304
8336,0,0.40233038274265115
12691,0,0.3219939803093577
12523,0,0.48207148756481777
12793,0,0.3556664252905133
12573,0,0.40424223368949136
9793,0,0.41850379188037834
6680,0,0.4912752017634682
6150,0,0.3281510155122058
10673,0,0.4200070465220814
9802,0,0.42757218833837307
1,1,0.8889625145426568
4,1,0.9990469120320867
10,1,0.7799359912192896
13,1,0.8442019042389086
19,1,0.7532533947372235
22,1,0.8169801556041083
28,1,0.7561006025787338
31,1,0.7746849231265701
37,1,0.5943377696707487
40,1,0.6252183049218137
46,1,0.6138803949721549
49,1,0.5958538290207803
55,1,0.7146637019185154
58,1,0.8230312961777492
64,1,0.5836822186514753
67,1,0.6448255569459874
73,1,0.5453603512283426
76,1,0.6185641577018102
82,1,0.5252456764498528
85,1,0.550324285615105
109,1,0.5880837051059573
112,1,0.6930251550960075
163,1,0.5762992023279547
166,1,0.7176729229142534
217,1,0.8258645134518748
220,1,0.8996098880288173
226,1,0.7558757468698958
229,1,0.7829880331755461
235,1,0.6995096126969093
238,1,0.7384517211329396
244,1,0.7470851483232003
247,1,0.7362656665580648
271,1,0.6742811192173486
274,1,0.7297396196626439
280,1,0.5810410158948038
283,1,0.5923682592144812
289,1,0.5193377645024049
292,1,0.5475088217339141
298,1,0.541548211100508
301,1,0.5213756381030175
325,1,0.5748935480167462
328,1,0.6406548412917386
379,1,0.5347527652044434
382,1,0.6159593960918275
433,1,0.7455048374025767
436,1,0.7654531792627354
442,1,0.640526055080896
445,1,0.6355486202913149
451,1,0.6834597866645596
454,1,0.6854224620197553
460,1,0.6911375041483546
463,1,0.6635930902878903
487,1,0.5390963102085122
490,1,0.5764024499622163
541,1,0.4919683556344869
544,1,0.5332057871326032
595,1,0.48823344899762916
598,1,0.5366183470704785
649,1,0.707006204194256
652,1,0.8524823146031113
703,1,0.5540941324558317
706,1,0.7044315568427473
757,1,0.5548787504005314
760,1,0.7080340338287252
811,1,0.5008029832760504
814,1,0.6613230740696875
865,1,0.9642661931225378
868,1,0.9999999999872259
874,1,0.80755565036958
877,1,0.7727139572959005
883,1,0.7518546086043156
886,1,0.7468073533238261
892,1,0.7167379708959724
895,1,0.650665590299654
901,1,0.6767628042271213
904,1,0.653473461336289
910,1,0.6458778894708314
913,1,0.5588555086496801
919,1,0.8909469105635645
922,1,0.9648346828195049
928,1,0.7267595120652873
931,1,0.7281660956313182
937,1,0.6445500451978751
940,1,0.6712361244763523
946,1,0.6023060681008823
949,1,0.5628661521152583
973,1,0.7117177828703211
976,1,0.7679178244441429
1027,1,0.677525831420664
1030,1,0.7726772256338196
1081,1,0.8469307961635691
1084,1,0.8499932205619458
1090,1,0.6778314047538173
1093,1,0.6230623907651697
1099,1,0.6240485262817359
1102,1,0.5939950014047181
1108,1,0.5767957904318929
1111,1,0.4962494094586621
1135,1,0.8466302224036093
1138,1,0.8564233793365228
1144,1,0.6700018377964161
1147,1,0.622899577574216
1153,1,0.5997525822631141
1156,1,0.567868684161131
1162,1,0.543474233192095
1165,1,0.45820560251124537
1189,1,0.644155651943935
1192,1,0.6585765385590241
1243,1,0.5995203140253416
1246,1,0.6361730915130784
1297,1,0.7695645808874341
1300,1,0.7383569177005335
1306,1,0.5890188330915457
1309,1,0.511160285568221
1315,1,0.608794211373611
1318,1,0.5558228891642857
1324,1,0.5505895067020433
1327,1,0.45456474376216127
1351,1,0.694738813693191
1354,1,0.6950665731296125
1405,1,0.5690928368052265
1408,1,0.564534396534047
1459,1,0.550331978801357
1462,1,0.5570020588591377
1513,1,0.7964929071003636
1516,1,0.9167810968784348
1567,1,0.7497621519904273
1570,1,0.9097506633343503
1621,1,0.7168990005228213
1624,1,0.8571667384571939
1675,1,0.5968973757777377
1678,1,0.7441735773978427
1729,1,0.8751513593297944
1732,1,0.9914090731269043
1738,1,0.714537968813742
1741,1,0.7844577488984447
1747,1,0.6961508850773959
1750,1,0.7801162127291352
1756,1,0.6263298106279366
1759,1,0.6660843019249212
1765,1,0.5600114641735403
1768,1,0.6084422907862778
1774,1,0.5130860202971427
1777,1,0.5207305061603553
1783,1,0.8132020262653169
1786,1,0.9251417965098965
1792,1,0.6476438903051237
1795,1,0.7029853556306226
1801,1,0.6308421967083194
1804,1,0.7165804045364728
1810,1,0.5613863808817648
1813,1,0.5918718025636797
1837,1,0.584781122902275
1840,1,0.7098628714438499
1891,1,0.6360476269888945
1894,1,0.8075886613236448
1945,1,0.8002021748990599
1948,1,0.8904154751929154
1954,1,0.657553753918453
1957,1,0.709754313573322
1963,1,0.6077725686624043
1966,1,0.6753619262238425
1972,1,0.553655546605869
1975,1,0.5820563885119415
1999,1,0.7598831148636195
2002,1,0.8171734440596369
2008,1,0.6283218983149501
2011,1,0.6390192434294336
2017,1,0.5804630259222029
2020,1,0.6183170906530961
2026,1,0.5394123516049425
2029,1,0.52852234085391
2053,1,0.5874917935315275
2056,1,0.6743366227883637
2107,1,0.5782238385674069
2110,1,0.6987823701821135
2161,1,0.7520783279661549
2164,1,0.778580100757101
2170,1,0.5868535393860324
2173,1,0.5947720505190256
2179,1,0.6253907225030363
2182,1,0.6398971519663411
2188,1,0.5492029556428811
2191,1,0.5405090980737635
2215,1,0.6726393342808817
2218,1,0.6905891286143792
2269,1,0.5439426446569288
2272,1,0.5794998860315783
2323,1,0.575866050730993
2326,1,0.6407054789185608
2377,1,0.6351198067705366
2380,1,0.8143945387683023
2431,1,0.6125136108852539
2434,1,0.7870802604532093
2485,1,0.5337119675808086
2488,1,0.7243113301435752
2539,1,0.5235593938969703
2542,1,0.739713518348557
4321,1,0.8143542812616164
4324,1,0.9122911400636763
4330,1,0.75418768923764
4333,1,0.7891780616146447
4339,1,0.7325752464373027
4342,1,0.7950219241631744
4348,1,0.7683263417524453
4351,1,0.7687145665631724
4357,1,0.5605015207633698
4360,1,0.6039092602523106
4366,1,0.6093049333119192
4369,1,0.5834996419450619
4375,1,0.6371817879705439
4378,1,0.721647990561264
4384,1,0.561634511162531
4387,1,0.5847238179612592
4393,1,0.511658328311183
4396,1,0.5628988077969422
4402,1,0.5357719054076302
4405,1,0.5226971755214115
4429,1,0.5493693215332897
4432,1,0.6246122394511385
4483,1,0.5652556716741225
4486,1,0.673462483634869
4537,1,0.8833983343435855
4540,1,0.9442799477905861
4546,1,0.8726438811250241
4549,1,0.8633241400108933
4555,1,0.8090668226199214
4558,1,0.8400390032426137
4564,1,0.9092790302216173
4567,1,0.8678638553795385
4591,1,0.6916255110716077
4594,1,0.7336407463155297
4600,1,0.6602032661422946
4603,1,0.633514382320617
4609,1,0.584937833640601
4612,1,0.5944950708054054
4618,1,0.6673592765215592
4621,1,0.6031981271864821
4645,1,0.6065381109782244
4648,1,0.6461750971917861
4699,1,0.6164829175753394
4702,1,0.6740552448092925
4753,1,0.6906371517189769
4756,1,0.6956179023690905
4762,1,0.6410389775776213
4765,1,0.5958034620941941
4771,1,0.6866007813189212
4774,1,0.6880206551737382
4780,1,0.7385847139927756
4783,1,0.6855155496566597
4807,1,0.49272480011101694
4810,1,0.5090474509154883
4861,1,0.4404257972348772
4864,1,0.4584497221901812
4915,1,0.4781576264029833
4918,1,0.5052754116610403
4969,1,0.698372719108944
4972,1,0.838988480524478
5023,1,0.5543793075781066
5026,1,0.6880135991978942
5077,1,0.5514990597418034
5080,1,0.6910991597227097
5131,1,0.551906188234608
5134,1,0.6968619804054131
5185,1,0.7817838174607639
5188,1,0.8240329038536696
5194,1,0.673993522767491
5197,1,0.6401568617341815
5203,1,0.6134348781064882
5206,1,0.620553317571095
5212,1,0.6030989668607661
5215,1,0.5458701404532061
5221,1,0.5638234134856169
5224,1,0.5697190439583375
5230,1,0.5518610512050637
5233,1,0.48651212851317727
5239,1,0.6889264475289892
5242,1,0.7548065603620976
5248,1,0.5688222968998774
5251,1,0.5616717945260701
5257,1,0.49910148028987883
5260,1,0.5151006552228026
5266,1,0.4845087778344338
5269,1,0.43372612350112927
5293,1,0.541185550136427
5296,1,0.5876537827740118
5347,1,0.5885505316314289
5350,1,0.6642396279825107
5401,1,0.7702944800060274
5404,1,0.7855170929584769
5410,1,0.656070105816371
5413,1,0.598893107579625
5419,1,0.5898637659440962
5422,1,0.5702188183933538
5428,1,0.5847506876132827
5431,1,0.5019466587533785
5455,1,0.7365365628357896
5458,1,0.7517928501416015
5464,1,0.6060432303541641
5467,1,0.5531478985868158
5473,1,0.5485311890490135
5476,1,0.5116675962391418
5482,1,0.5320136037568083
5485,1,0.4305104108352373
5509,1,0.5455355786556374
5512,1,0.5579631848968596
5563,1,0.5915072724832999
5566,1,0.6230664212741068
5617,1,0.6320839934630378
5620,1,0.6064058753991601
5626,1,0.5015940837608497
5629,1,0.4141336847758279
5635,1,0.5145527266939025
5638,1,0.4745751309192104
5644,1,0.48640906960848446
5647,1,0.3900116404033529
5671,1,0.551719679993983
5674,1,0.5452841801750911
5725,1,0.42851705502967496
5728,1,0.4173251015852557
5779,1,0.49299052349705946
5782,1,0.48969636044275383
5833,1,0.6892868912642577
5836,1,0.8126762553078724
5887,1,0.6327590097477308
5890,1,0.7795472156789598
5941,1,0.587946498782759
5944,1,0.7180431874460759
5995,1,0.5891897789518468
5998,1,0.7203732020046357
