label,anomaly_score
0,0.6143433228859669
0,0.643329307347158
0,0.5746030818835528
0,0.0497680749705917
0,0.7283629409517359
0,0.7042108216477683
0,0.714719755463556
0,0.6927495296261023
0,0.7211616651681095
0,0.7084170663247471
0,0.7153739095286336
0,0.6205034165925373
0,0.7122507114305171
0,0.0497680749705917
0,0.691989895832746
0,0.6785597581402594
0,0.0497680749705917
0,0.6297420724514607
0,0.7223580610687941
0,0.7146900732146744
0,0.7242974036901527
0,0.7137089736336063
0,0.578733906585639
0,0.628378339592362
0,0.6065782047767461
0,0.5418947050383554
0,0.7485232899868685
0,0.6045477311074026
0,0.0497680749705917
0,0.7195903453396275
0,0.0497680749705917
0,0.0497680749705917
0,0.7186423049112488
0,0.0497680749705917
0,0.7463459923539706
0,0.0497680749705917
0,0.0497680749705917
0,0.7311434888224404
0,0.8805907830245341
0,0.7448211292936611
0,0.7329817283825326
0,0.7487604274378956
0,0.715197996675172
0,0.8446746197088458
0,0.0497680749705917
0,0.0497680749705917
0,0.5904269421452519
0,0.7317496540049306
0,0.0497680749705917
0,0.6146545162465401
0,0.0497680749705917
0,0.7714890283023423
0,0.0497680749705917
0,0.0497680749705917
0,0.0497680749705917
0,0.0497680749705917
0,0.5538105652640115
0,0.7693838541424602
0,0.7075064274052215
0,0.6170654449252958
0,0.0497680749705917
0,0.6760951292277296
0,0.7603343430956722
0,0.0497680749705917
0,0.7017653743912212
0,0.6776463248309935
0,0.657865193567252
0,0.0497680749705917
0,0.7199046464617854
0,0.7272754178480759
0,0.7118085146684455
0,0.0497680749705917
0,0.6433943804950087
0,0.0497680749705917
0,0.708415132308127
0,0.6533405952746147
0,0.6197119737438768
0,0.7016178160723614
0,0.7419056268908797
0,0.0497680749705917
0,0.6936589417244436
0,0.755049231714573
0,0.621071750855551
0,0.6854208713118644
0,0.0497680749705917
0,0.0497680749705917
0,0.7129521933956561
0,0.0497680749705917
0,0.6352112315465787
0,0.0497680749705917
0,0.7157529163987788
0,0.0497680749705917
0,0.0497680749705917
0,0.5492332421898439
0,0.0497680749705917
0,0.6977120633938061
0,0.0497680749705917
0,0.5317017244124864
0,0.0497680749705917
0,0.0497680749705917
0,0.0497680749705917
0,0.0497680749705917
0,0.7356578837665056
0,0.6579487751929257
0,0.5553330283755522
0,0.0497680749705917
0,0.8314658488313926
0,0.6979115237907646
0,0.5989117966084048
0,0.0497680749705917
0,0.7211743373069587
0,0.0497680749705917
0,0.7156673363630094
0,0.6292823445329903
0,0.0497680749705917
0,0.5711732260137102
0,0.7434144546508101
0,0.7143831289393183
0,0.7352362287771872
0,0.5310754890485797
0,0.0497680749705917
0,0.0497680749705917
0,0.0497680749705917
0,0.0497680749705917
0,0.719793608741329
0,0.0497680749705917
0,0.7029662370251198
0,0.0497680749705917
0,0.721593361478472
0,0.0497680749705917
0,0.0497680749705917
0,0.0497680749705917
0,0.7082137549636108
0,0.6852594815875247
0,0.7017758248988569
0,0.7070124594420639
0,0.0497680749705917
0,0.7536784098112385
0,0.664677736258416
0,0.7382306637348968
0,0.7746934272866147
0,0.7195025814830888
0,0.0497680749705917
0,0.7506444194979305
0,0.7239008393802598
0,0.0497680749705917
0,0.7177781184777613
0,0.0497680749705917
0,0.7219616936196109
0,0.0497680749705917
0,0.7136558431491727
0,0.0497680749705917
0,0.7618757560290158
0,0.5706473709190273
0,0.0497680749705917
0,0.6884675296272242
0,0.6066975142619347
0,0.6057026990267491
0,0.6501221010308412
0,0.6815461034972358
0,0.7066184428977244
0,0.0497680749705917
0,0.7157651176408721
0,0.7019527184386152
0,0.0497680749705917
0,0.6871471408245332
0,0.7231739508387025
0,0.7041868735639154
0,0.6883566354674504
0,0.641266072766733
0,0.706887781614333
0,0.0497680749705917
0,0.7093887312173458
0,0.729399885303514
0,0.6197165641898242
0,0.0497680749705917
0,0.7089664666835251
0,0.0497680749705917
0,0.6061250892135803
0,0.8402426581401807
0,0.0497680749705917
0,0.6302158240414794
0,0.8137919362772859
0,0.7252499744605599
0,0.0497680749705917
0,0.7557449702958056
0,0.6563806934951553
0,0.6133638322512414
0,0.0497680749705917
0,0.0497680749705917
0,0.0497680749705917
0,0.6307382685364494
0,0.7107496905137279
0,0.0497680749705917
0,0.0497680749705917
0,0.7042263123312726
0,0.6503396628372908
0,0.0497680749705917
0,0.6885076332673425
0,0.742281656284484
0,0.5983062322460385
0,0.0497680749705917
0,0.0497680749705917
0,0.653398857845651
0,0.6696584394048668
0,0.6427984220171585
0,0.4948073939964098
0,0.0497680749705917
0,0.842439962329891
0,0.9136292374213014
0,0.0497680749705917
0,0.0497680749705917
0,0.7263298965179283
0,0.9454293222308052
0,0.6605764240930388
0,0.7013445027745883
0,0.721213003653376
0,0.0497680749705917
0,0.0497680749705917
0,0.7051013119665976
0,0.6935179443663889
0,0.6919492316372076
0,0.0497680749705917
0,0.0497680749705917
0,0.7071837916094698
0,0.5094192112408676
0,0.7275556707987505
0,0.7067362125064295
0,0.0497680749705917
0,0.5916904800627807
0,0.0497680749705917
0,0.0497680749705917
0,0.6433875374292143
0,0.0497680749705917
0,0.677466196677236
0,0.7005968880872742
0,0.0497680749705917
0,0.720787427203074
0,0.7732887869060623
0,0.6514926314973799
0,0.7372631709805242
0,0.7173608324997844
0,0.7068699287882187
0,0.7512834567000317
0,0.7004385877747218
0,0.690130208148276
0,0.8587118990048789
0,0.0497680749705917
0,0.7281951033784047
0,0.5971185292374834
0,0.76696807730694
0,0.0497680749705917
0,0.6708242005620798
0,0.6884704600038796
0,0.0497680749705917
0,0.6797019106142131
0,0.7083400850325695
0,0.7316364527804478
0,0.5734018803504544
0,0.5602849266677603
0,0.6618058755931462
0,0.7121562827660017
0,0.6847278295364534
0,0.7026988316431412
0,0.7276757830007631
0,0.7147024276341138
0,0.6672294936838888
0,0.6627128569423849
0,0.0497680749705917
0,0.7176171213631951
0,0.0497680749705917
0,0.78924787600845
0,0.5816261313449276
0,0.6929609708226304
0,0.6399824606467688
0,0.7202053541141605
0,0.6710678287687009
0,0.0497680749705917
0,0.0497680749705917
0,0.7171288464695786
0,0.0497680749705917
0,0.0497680749705917
0,0.7118354514507288
0,0.8129802575507254
0,0.732662162931728
0,0.6996291977974373
0,0.0497680749705917
0,0.7214024408971799
0,0.7025494140541039
0,0.7637630426747589
0,0.0497680749705917
0,0.6394011962874248
0,0.0497680749705917
0,0.0497680749705917
0,0.5171563029373331
0,0.7079581064703707
0,0.0497680749705917
0,0.7283816062950726
0,0.0497680749705917
0,0.0497680749705917
0,0.0497680749705917
0,0.7079869936774844
0,0.7213148239618287
0,0.6229741017594497
0,0.6541186264596355
0,0.5484989627379281
0,0.0497680749705917
0,0.0497680749705917
0,0.7107993493635758
0,0.0497680749705917
0,0.7156132589047828
0,0.7107434877888575
0,0.691118141818818
0,0.0497680749705917
0,0.0497680749705917
0,0.7302746248824832
0,0.6604378331949686
0,0.7161781960982092
0,0.5587681154053269
0,0.7096878610599445
0,0.0497680749705917
0,0.7283955658139281
0,0.6846551726757097
0,0.6468888541650364
0,0.7710162511617262
0,0.6333146989357807
0,0.637578848824779
0,0.8355603722412962
0,0.0497680749705917
0,0.6603322004133211
0,0.766543524242333
0,0.6171218516750178
0,0.0497680749705917
0,0.6444318887164818
0,0.6683528715849738
0,0.0497680749705917
0,0.7160136698130855
0,0.6407769585313631
0,0.5401540422081914
0,0.6770899811766484
0,0.6975034564175906
0,0.6479492501603495
0,0.6955947511252651
0,0.7212939837148825
0,0.6895537764625346
0,0.5728277599193872
0,0.60106098960585
0,0.7218998918053087
0,0.0497680749705917
0,0.0497680749705917
0,0.6044382002754645
0,0.0497680749705917
0,0.5627523347406745
0,0.0497680749705917
0,0.727627173450856
0,0.6670320611563897
0,0.0497680749705917
0,0.7246400760190367
0,0.0497680749705917
0,0.729298999169719
0,0.0497680749705917
0,0.678985449566232
0,0.7092438586436307
0,0.7311493691935366
0,0.702623698566906
0,0.0497680749705917
0,0.8471267067754005
0,0.0497680749705917
0,0.0497680749705917
0,0.0497680749705917
0,0.6968788619267633
0,0.6833248351489406
0,0.7027792948162347
0,0.0497680749705917
0,0.0497680749705917
0,0.7164972528589977
0,0.6948733031329828
0,0.6906941839627024
0,0.0497680749705917
0,0.7367175544246926
0,0.7255496908289695
0,0.0497680749705917
0,0.6893528441542783
0,0.6992757639402497
0,0.7177429659687933
0,0.6446998503429893
0,0.5648699960134632
0,0.0497680749705917
0,0.5978327509317233
0,0.786692825018162
0,0.0497680749705917
0,0.0497680749705917
0,0.7041988855629554
0,0.6872259777335626
0,0.7064094091853871
0,0.7162851442225131
0,0.7283260775544688
0,0.6555769657502646
0,0.6735347387480856
0,0.0497680749705917
0,0.6301792590856959
0,0.7586638302637442
0,0.6659638184231784
0,0.6398637069837608
0,0.6844403646119992
0,0.7396642139252938
0,0.5654779837122057
0,0.6418423900574769
0,0.6653552666404933
0,0.7162945527334331
0,0.0497680749705917
0,0.7309591659817244
0,0.0497680749705917
0,0.6930760636956241
0,0.9886665895251002
0,0.736702693273013
0,0.0497680749705917
0,0.7070631121442266
0,0.7035438146020262
0,0.8590939468968383
0,0.7282514189375483
0,0.7267019061920557
0,0.5630624285546241
0,0.0497680749705917
0,0.714569549524203
0,0.6565462425732452
0,0.0497680749705917
0,0.0497680749705917
0,0.0497680749705917
0,0.8104366125197594
0,0.0497680749705917
0,0.0497680749705917
0,0.0497680749705917
0,0.5930675437518622
0,0.7847284858817066
0,0.9312032004061164
0,0.7031501342252291
0,0.7073558232543385
0,0.0497680749705917
0,0.6372885387831869
0,0.79386761496152
0,0.7390893939213415
0,0.7333217333004479
0,0.0497680749705917
0,0.6123205385955491
0,0.0497680749705917
0,0.6653542674720492
0,0.0497680749705917
0,0.9302486003889592
0,0.7234915732732403
0,0.736174803546059
0,0.0497680749705917
0,0.0497680749705917
0,0.5356641535128814
0,0.8028130850797228
0,0.0497680749705917
0,0.7310129684508259
0,0.6977407700688499
0,0.7542078476418516
0,0.6729895693087847
0,0.6771419939950043
0,0.0497680749705917
0,0.0497680749705917
0,0.7296156495915669
0,0.6300358560627792
0,0.5618141746371088
0,0.7753506597626311
0,0.7767865736608955
0,0.7332019697376166
0,0.6738305771442046
0,0.0497680749705917
0,0.7009745929954343
0,0.6799383210532899
0,0.749955821626097
0,0.6978486648196395
0,0.0497680749705917
0,0.992380109249914
0,0.7721238614154814
0,0.0497680749705917
0,0.6478855248030834
0,0.7102917503410354
0,0.7594961539655096
0,0.0497680749705917
0,0.60474380721561
0,0.0497680749705917
0,0.7120199249482091
0,0.0497680749705917
0,0.7062693118975297
0,0.0497680749705917
0,0.7407900536166757
0,0.7479159251749555
0,0.658394999178233
0,0.0497680749705917
0,0.7043028344425469
0,0.7034829632908182
0,0.0497680749705917
0,0.709884204333155
0,0.0497680749705917
0,0.5737414934257051
0,0.7014593483490693
0,0.7501674842158563
0,0.6684925924539626
0,0.7257910789527982
0,0.7132741195881509
0,0.7047395032961308
0,0.0497680749705917
0,0.7117562546808892
0,0.6979202025696313
0,0.6095760280056531
0,0.0497680749705917
0,0.0497680749705917
0,0.6375229100142824
0,0.7456072440694381
0,0.7401306382619376
0,0.7300979650192706
0,0.0497680749705917
0,0.6494997214573706
0,0.7005550836086175
0,0.6437855216196608
0,0.5663921833029861
0,0.0497680749705917
0,0.0497680749705917
0,0.6442066005746696
0,0.0497680749705917
0,0.0497680749705917
0,0.0497680749705917
0,0.6666405074586658
0,0.7429507466817498
0,0.7127630278572827
0,0.6139893086734887
0,0.711870771068256
0,0.0497680749705917
0,0.7245327816464913
0,0.7214495513129057
0,0.0497680749705917
0,0.8941020242232679
0,0.7557962650171072
0,0.6999685542867337
0,0.0497680749705917
0,0.0497680749705917
0,0.6941277126736548
0,0.6360145016475492
0,0.7334988688543402
0,0.0497680749705917
0,0.854889095773448
0,0.8388896517599127
0,0.6595792982658377
0,0.6430066335520858
0,0.5936227925849824
0,0.7078443159534393
0,0.0497680749705917
0,0.0497680749705917
0,0.6642479507148333
0,0.7583080922112317
0,0.0497680749705917
0,0.0497680749705917
0,0.5474006791956115
0,0.7872640240038465
0,0.7243175417337255
0,0.0497680749705917
0,0.7265761184039439
0,0.8383115615282118
0,0.7081278765031311
0,0.6908426439459775
0,0.0497680749705917
0,0.7833407563450066
0,0.6515392817141855
0,0.7665296243239409
0,0.9236696386791442
0,0.6973510746958399
0,0.6386024080939068
0,0.5384717984632355
0,0.7751323836037105
0,0.0497680749705917
0,0.7893166071203455
0,0.0497680749705917
0,0.0497680749705917
0,0.6909410731889297
0,0.0497680749705917
0,0.7524597352887213
0,0.0497680749705917
0,0.7011367517360237
0,0.7887890252531194
0,0.0497680749705917
0,0.771267793282249
0,0.6454759961746609
0,0.6937386725465365
0,0.7486086608133244
0,0.680041354043351
0,0.6769717160854442
0,0.731180584854318
0,0.704654459380998
0,0.0497680749705917
0,0.6963064333529457
0,0.6590188412529683
0,0.7271530742756318
0,0.6411895067100193
0,0.7436929439226184
0,0.6783134832150344
0,0.7227837810373547
0,0.7242610494256209
0,0.7056042967235976
0,0.0497680749705917
0,0.7171561443427469
0,0.0497680749705917
0,0.705586460790657
0,0.7196486225078588
0,0.7186002215015709
0,0.5258619912083596
0,0.7282667124588132
0,0.790935827297184
0,0.0497680749705917
0,0.7307194538932694
0,0.605244385843763
0,0.0497680749705917
0,0.0497680749705917
0,0.0497680749705917
0,0.7222901545465834
0,0.0497680749705917
0,0.0497680749705917
0,0.5478164346183021
0,0.7093499050011426
0,0.0497680749705917
0,0.6768338441546305
0,0.0497680749705917
0,0.0497680749705917
0,0.6070295858061476
0,0.7179624510234082
0,0.6676782979090263
0,0.8613332412414477
0,0.6994779066893438
0,0.0497680749705917
0,0.6784416006472013
0,0.6354502246071045
0,0.7151675991764462
0,0.0497680749705917
0,0.7104373658519544
0,0.7457743940501471
0,0.7236636586730004
0,0.7095831672790782
0,0.5476062963331583
0,0.0497680749705917
0,0.0497680749705917
0,0.7009277298918225
0,0.5944766341730964
0,0.0497680749705917
0,0.7437518384591174
0,0.0497680749705917
0,0.0497680749705917
0,0.7472658269286949
0,0.0497680749705917
0,0.0497680749705917
0,0.7038588618365587
0,0.7180589990481181
0,0.7520532163867908
0,0.7413119617542155
0,0.665064892851694
0,0.6830200826306396
0,0.6732578705441107
0,0.7143415208253194
0,0.7111077533074776
0,0.7183990006372019
0,0.0497680749705917
0,0.6952226825138409
0,0.67552829670962
0,0.7254664218411697
0,0.7267043896849016
0,0.0497680749705917
0,0.0497680749705917
0,0.7273048327502615
0,0.6130338475486249
0,0.8033692498706028
0,0.0497680749705917
0,0.7119900728474232
0,0.0497680749705917
0,0.7100785612943068
0,0.6969708604460776
0,0.786560287690152
0,0.7357518532418496
0,0.6500362420915797
0,0.5767851718796474
0,0.7366601356840063
0,0.7125498228787631
0,0.0497680749705917
0,0.5488861052687198
0,0.7345663995852245
0,0.0497680749705917
0,0.0497680749705917
0,0.7490112939898317
0,0.0497680749705917
0,0.6806488099619594
0,0.7284157432048424
0,0.658792331536533
0,0.7854407613409734
0,0.5487940266594977
0,0.6304029202587685
0,0.0497680749705917
0,0.0497680749705917
0,0.0497680749705917
0,0.701666748345211
0,0.0497680749705917
0,0.0497680749705917
0,0.6814266899837897
0,0.7188972120535626
0,0.0497680749705917
0,0.723130032436774
0,0.7340102304215428
0,0.7214842412540867
0,0.8635817700851339
0,0.0497680749705917
0,0.7372430877916922
0,0.6352584135330199
0,0.8760920535831579
0,0.7619401107130135
0,0.7722999233910167
0,0.7202773505704713
0,0.0497680749705917
0,0.7211847717929735
0,0.6963376621653702
0,0.7216275111553166
0,0.0497680749705917
0,0.7148265906221254
0,0.6564702534199588
0,0.0497680749705917
0,0.6696468555515335
0,0.6855126901740457
0,0.8056754281669322
0,0.0497680749705917
0,0.0497680749705917
0,0.0497680749705917
0,0.678672535781612
0,0.6575123731488637
0,0.7057107023237454
0,0.6992306960682878
0,0.7204852609874334
0,0.7012664768198719
0,0.0497680749705917
0,0.6227717555829729
0,0.0497680749705917
0,0.72096092449147
0,0.0497680749705917
0,0.5827993999791867
0,0.7063583680043548
0,0.6689982756405579
0,0.7560194954317354
0,0.6293172305401302
0,0.6437652438594879
0,0.7223856277111029
0,0.7055200103323503
0,0.0497680749705917
0,0.0497680749705917
0,0.6423670791965408
0,0.7247320400276837
0,0.7486823264330071
0,0.7264026511990107
0,0.0497680749705917
0,0.0497680749705917
0,0.7468381983347353
0,0.7542594420492517
0,0.6502036258110593
0,0.0497680749705917
0,0.707595091758931
0,0.0497680749705917
0,0.0497680749705917
0,0.0497680749705917
0,0.0497680749705917
0,0.7300885279487838
0,0.7162506450056373
0,0.0497680749705917
0,0.0497680749705917
0,0.6710999092225275
0,0.0497680749705917
0,0.7311528231695905
0,0.695948843446558
0,0.6972963719295093
0,0.8620750827924827
0,0.7151741075531952
0,0.7070410060736718
0,0.0497680749705917
0,0.0497680749705917
0,0.8310973416309224
0,0.7760330133085216
0,0.6856132018794554
0,0.0497680749705917
0,0.0497680749705917
0,0.716090682600933
0,0.6864717762013287
0,0.6651115314314908
0,0.0497680749705917
0,0.7112604793393168
0,0.6917833096035797
0,0.6585303531277125
0,0.6905293623934945
0,0.7330668815012911
0,0.719477823244499
0,0.7204836742169294
0,0.6381358765741119
0,0.6151642922286829
0,0.0497680749705917
0,0.6452011930674929
0,0.644204097919257
0,0.7229279542993573
0,0.703579368850221
0,0.6808385871899832
0,0.8165988979216325
0,0.0497680749705917
0,0.6765787566547197
0,0.6395631724663404
0,0.0497680749705917
0,0.9393969192633366
0,0.0497680749705917
0,0.6964396280072043
0,0.6675287308469483
0,0.0497680749705917
0,0.6924988115032653
0,0.0497680749705917
0,0.5857004963601847
0,0.652906695016419
0,0.6899130206393034
0,0.707707354462853
0,0.7050689394683144
0,0.0497680749705917
0,0.7293823353025032
0,0.6827127508958839
0,0.6985063949239777
0,0.6712249593118294
0,0.7127754142873352
0,0.7280800596183559
0,0.7784317348108823
0,0.0497680749705917
0,0.7004893694628757
0,0.9943221366911488
0,0.6744592885420091
0,0.6686264322381765
0,0.6570631921644343
0,0.0497680749705917
0,0.0497680749705917
0,0.5608388154555856
0,0.0497680749705917
0,0.6794695267619714
0,0.6871651049457272
0,0.0497680749705917
0,0.5777304904122236
0,0.7214225324579244
0,0.6362632421038686
0,0.716120298706563
0,0.672188702469588
0,0.6065059823740799
0,0.0497680749705917
0,0.6838482956848276
0,0.7075125301802985
0,0.0497680749705917
0,0.7710259629500105
0,0.7182207535045874
0,0.0497680749705917
0,0.0497680749705917
0,0.7319005132532638
0,0.6196089633366717
0,0.7094393022217292
0,0.6796033336138269
0,0.6808411741655735
0,0.0497680749705917
0,0.6816747129696653
0,0.7881078800384619
0,0.6962752933790131
0,0.513261790508114
0,0.6927453086303684
0,0.0497680749705917
0,0.0497680749705917
0,0.7209161529677738
0,0.724191332495702
0,0.0497680749705917
0,0.734837390357708
0,0.7457061578146913
0,0.6364549858972754
0,0.6484310638548263
0,0.0497680749705917
0,0.0497680749705917
0,0.7245671066339148
0,0.4803221676390068
0,0.7380597054065751
0,0.7591261202207953
0,0.7180809454768523
0,0.69718570572398
0,0.6772768697472795
0,0.5980363618723986
0,0.0497680749705917
0,0.7305563740391979
0,0.7281140306257666
0,0.7562416524873875
0,0.7401141127439685
0,0.6035071378657796
0,0.7549734609736344
0,0.6983486905119176
0,0.678459560801878
0,0.0497680749705917
0,0.5267432011921839
0,0.7222330201105785
0,0.6909867289197276
0,0.711159887389373
0,0.7020630664042768
0,0.6984588266606848
0,0.0497680749705917
0,0.0497680749705917
0,0.0497680749705917
0,0.7227569329302314
0,0.0497680749705917
0,0.0497680749705917
0,0.7231387182201923
0,0.7217528561592397
0,0.0497680749705917
0,0.0497680749705917
0,0.7325830113606363
0,0.0497680749705917
0,0.7282305770051113
0,0.0497680749705917
0,0.6584826572511376
0,0.6129773657741057
0,0.7153047130158942
0,0.6345507529104386
0,0.7398781375690628
0,0.8101194690343154
0,0.6731438439541604
0,0.7056586603094842
0,0.6948300609631691
0,0.7046449708129014
0,0.6948647396951372
0,0.6949820216505009
0,0.7797598512958217
0,0.0497680749705917
0,0.7114931021692597
0,0.0497680749705917
0,0.4945274862044525
0,0.0497680749705917
0,0.0497680749705917
0,0.0497680749705917
0,0.716830471927388
0,0.0497680749705917
0,0.8138635454519527
0,0.0497680749705917
0,0.7176299036814547
0,0.7520052083668349
0,0.6869324027383494
0,0.715758610604932
0,0.7112351667527714
0,0.6888443142562131
0,0.0497680749705917
0,0.5928599650660535
0,0.7064139815547585
0,0.6952247614246903
0,0.6977755793166611
0,0.7314623971843365
0,0.642679426273797
0,0.6990977305580607
0,0.6439034517826362
0,0.6456587063951494
0,0.7277966806180949
0,0.0497680749705917
0,0.7243491207879654
0,0.6799146914935476
0,0.7071712274329904
0,0.6918197032380475
0,0.7074594283211515
0,0.7144378699148275
0,0.0497680749705917
0,0.6880447154530638
0,0.5532666310873151
0,0.0497680749705917
0,0.0497680749705917
0,0.6006087467138688
0,0.0497680749705917
0,0.5816991033780361
0,0.7174617501566828
0,0.698409028895431
0,0.0497680749705917
0,0.7002009317705893
0,0.7422841961394575
0,0.7747546747699888
0,0.5620463319278182
0,0.0497680749705917
0,0.0497680749705917
0,0.5107253860841631
0,0.7311447787038549
0,0.7005715239857889
0,0.8687062192496756
0,0.7523864587794923
0,0.7165794775656645
0,0.0497680749705917
0,0.0497680749705917
0,0.6580192039399247
0,0.7100833043766049
0,0.6661528637782995
0,0.7279723457344082
0,0.7565223139667129
0,0.6764083270973221
0,0.6807899433102492
0,0.0497680749705917
0,0.7208468951761189
0,0.7796796522920436
0,0.7657993805187907
0,0.7175365148700371
0,0.8528921455755879
0,0.72699697723232
0,0.6530158382297664
0,0.0497680749705917
0,0.7577852138405374
0,0.7320437478943553
0,0.7162239609481431
0,0.6853677527920552
0,0.7257227188372657
0,0.0497680749705917
0,0.0497680749705917
0,0.6735000600506483
0,0.0497680749705917
0,0.7223005538382
0,0.6593662033681613
0,0.6032221806929144
0,0.6084037603138096
0,0.6237625111637596
0,0.7074045864774453
0,0.0497680749705917
0,0.0497680749705917
0,0.7626964473692979
0,0.6775290017046571
0,0.0497680749705917
0,0.7486572250099245
0,0.6417344654229556
0,0.7094629223912309
0,0.7813498282764707
0,0.5862475790400282
0,0.5529101754724568
0,0.7024753703841297
0,0.7281497347185236
0,0.0497680749705917
0,0.6494492730105387
0,0.0497680749705917
0,0.7704523142462608
0,0.7346397207375045
0,0.7089995292206981
0,0.7089281598384808
0,0.0497680749705917
0,0.7497923312581775
0,0.7141599679482288
0,0.6744438352164394
0,0.7156459395954031
0,0.6222518556331814
0,0.7512831132663431
0,0.6193533468756955
0,0.0497680749705917
0,0.0497680749705917
0,0.0497680749705917
0,0.620026503813495
0,0.6837748081015887
0,0.7133408112389825
0,0.0497680749705917
0,0.7333580710661238
0,0.668571492129606
0,0.6928477588590315
0,0.8655301433312738
0,0.0497680749705917
0,0.6588705131585737
0,0.614156863823758
0,0.0497680749705917
0,0.0497680749705917
0,0.7081148740960918
0,0.717211367218543
0,0.6866520238568411
0,0.0497680749705917
0,0.650651859065857
0,0.620690261699068
0,0.0497680749705917
0,0.0497680749705917
0,0.0497680749705917
0,0.6150501265889451
0,0.0497680749705917
0,0.7403142791859441
0,0.8118459922083698
0,0.813698602919465
0,0.0497680749705917
0,0.718797564702105
0,0.7152914987828864
0,0.7903227516393919
0,0.7274173915200057
0,0.7132827292208682
0,0.0497680749705917
0,0.0497680749705917
0,0.0497680749705917
0,0.601993093721428
0,0.681780743369137
0,0.0497680749705917
0,0.7144426301134039
0,0.6168777350624022
0,0.6959345174257893
0,0.7458778937538275
0,0.6965233769502727
0,0.6411336778749165
0,0.6267284809373985
0,0.0497680749705917
0,0.0497680749705917
0,0.7109086318903135
0,0.7577674372846493
0,0.0497680749705917
0,0.7074247548134125
0,0.0497680749705917
0,0.6968952830244008
0,0.6821691196371179
0,0.0497680749705917
0,0.7129803634273633
0,0.6998341683206972
0,0.6401010624740704
0,0.0497680749705917
0,0.7251031067906724
0,0.6956059396310891
0,0.7267483838009154
0,0.0497680749705917
0,0.0497680749705917
0,0.7195600540306587
0,0.0497680749705917
0,0.7218613071294676
0,0.7358915071981718
0,0.0497680749705917
0,0.6655235346768278
0,0.7854266083680879
0,0.6457583799089773
0,0.7056464748828286
0,0.714450462002385
0,0.0497680749705917
0,0.7038727484569749
0,0.7374940281797775
0,0.5830782422008458
0,0.0497680749705917
0,0.6793437294391007
0,0.6835480687384484
0,0.0497680749705917
0,0.707217783666447
0,0.5598275332209048
0,0.0497680749705917
0,0.7007679306997053
0,0.7101614478639379
0,0.0497680749705917
0,0.0497680749705917
0,0.6971299223370916
0,0.7153061734636063
0,0.0497680749705917
0,0.748420908517101
0,0.6642209567886709
0,0.0497680749705917
0,0.7177743888271256
0,0.7375748633215169
0,0.5721561615847908
0,0.8216639208100309
0,0.0497680749705917
0,0.7097305827565197
0,0.7235221760527074
0,0.7312684846487026
0,0.0497680749705917
0,0.0497680749705917
0,0.0497680749705917
0,0.0497680749705917
0,0.7192222191939512
0,0.0497680749705917
0,0.0497680749705917
0,0.8262813868368649
0,0.719140002540253
0,0.7481247744549705
0,0.0497680749705917
0,0.731747840035777
0,0.0497680749705917
0,0.0497680749705917
0,0.5816285460139822
0,0.5410698331123253
0,0.7143520782637989
0,0.0497680749705917
0,0.5436094071294427
0,0.5399077693967895
0,0.7204030590801795
0,0.6916570319394699
0,0.5823492934525575
0,0.7174077394958559
0,0.0497680749705917
0,0.0497680749705917
0,0.7147467413726883
0,0.5806707015824254
0,0.7239053291949906
0,0.0497680749705917
0,0.0497680749705917
0,0.6009783481602108
0,0.7172922876807668
0,0.0497680749705917
0,0.7503474276487867
0,0.0497680749705917
0,0.718388710300562
0,0.0497680749705917
0,0.7010234300185599
0,0.7377739549801324
0,0.7270728164460494
0,0.0497680749705917
0,0.7214767011253898
0,0.7269028884159665
0,0.6845419721458513
0,0.65272492662842
0,0.0497680749705917
0,0.5276791187569297
0,0.753192038422968
0,0.7347410317426427
0,0.7149807084547397
0,0.0497680749705917
0,0.0497680749705917
0,0.6922373868839621
0,0.7552865550071054
0,0.6977278589811039
0,0.7438760223109137
0,0.6803441554954406
0,0.7120908419978639
0,0.0497680749705917
0,0.7128469020495596
0,0.0497680749705917
0,0.7310613678350607
0,0.0497680749705917
0,0.0497680749705917
0,0.0497680749705917
0,0.542563818147951
0,0.0497680749705917
0,0.7370274706123594
0,0.5219338025024464
0,0.0497680749705917
0,0.7241480692914152
0,0.6009759434585951
0,0.5315008212563441
0,0.7374569575230389
0,0.7028040730502284
0,0.6945641355408569
0,0.6415393003265409
0,0.7437517717710977
0,0.5961457849356202
0,0.7120425681087099
0,0.6147611152629782
0,0.731025032933291
0,0.9452374060268932
0,0.0497680749705917
0,0.7252054407546684
0,0.7060470151845994
0,0.0497680749705917
0,0.0497680749705917
0,0.7599710976489955
0,0.0497680749705917
0,0.6828401751228574
0,0.6938929646503242
0,0.0497680749705917
0,0.6523581427150738
0,0.6519648266271353
0,0.6879006437898567
0,0.6710514741512533
0,0.0497680749705917
0,0.0497680749705917
0,0.7178464301198796
0,0.7061400443143452
0,0.0497680749705917
0,0.8110608554769709
0,0.7420309673233562
0,0.6553044837549784
0,0.7540412096007446
0,0.7191025940799642
0,0.5471169603175724
0,0.0497680749705917
0,0.0497680749705917
0,0.7177287679166396
0,0.0497680749705917
0,0.0497680749705917
0,0.0497680749705917
0,0.0497680749705917
0,0.7214249373503239
0,0.0497680749705917
0,0.0497680749705917
0,0.0497680749705917
0,0.6213449531530968
0,0.706161061779929
0,0.0497680749705917
0,0.0497680749705917
0,0.7197750497030329
0,0.7698542503351351
0,0.0497680749705917
0,0.7001984084604477
0,0.7118623423256025
0,0.7178603811961628
0,0.0497680749705917
0,0.0497680749705917
0,0.0497680749705917
0,0.7308189558370165
0,0.6942936808977073
0,0.6626143425730032
0,0.7542065048358534
0,0.6909394943743477
0,0.5264843611110115
0,0.7204114639363817
0,0.7116213577756397
0,0.7469966663938507
0,0.0497680749705917
0,0.7127628288512597
0,0.0497680749705917
0,0.0497680749705917
0,0.0497680749705917
0,0.0497680749705917
0,0.7519704144152566
0,0.0497680749705917
0,0.0497680749705917
0,0.6862908866836316
0,0.6524847495084996
0,0.0497680749705917
0,0.6611019921546963
0,0.0497680749705917
0,0.7155256925217258
0,0.7212504020281488
0,0.6991539138537296
0,0.7978344872989824
0,0.7687716176954525
0,0.7149145749929995
0,0.6663138930868369
0,0.7109266578468162
0,0.0497680749705917
0,0.0497680749705917
0,0.6695917433829103
0,0.0497680749705917
0,0.0497680749705917
0,0.0497680749705917
0,0.6924437973293694
0,0.6973061301109652
0,0.6864584708395709
0,0.7177893678089836
0,0.7120227550396698
0,0.0497680749705917
0,0.7191202434597191
0,0.7283005458818502
0,0.7651278144422505
0,0.7001515193787018
0,0.0497680749705917
0,0.6800873319260321
0,0.7129003286693818
0,0.0497680749705917
0,0.0497680749705917
0,0.7352207277676328
0,0.7792003783425497
0,0.6421968790809788
0,0.0497680749705917
0,0.5815059522133655
0,0.8290713732616157
0,0.0497680749705917
0,0.6852095185698622
0,0.6613758804265855
0,0.0497680749705917
0,0.7280938897506034
0,0.7192785689964305
0,0.67325572794174
0,0.0497680749705917
0,0.8339463997056008
0,0.6788664090560492
0,0.7265209425986809
0,0.0497680749705917
0,0.8259266664619483
0,0.6807870860517975
0,0.7000116218850876
0,0.7138818880595228
0,0.604889668053298
0,0.0497680749705917
0,0.6874171007948917
0,0.7546223079205431
0,0.720465048358824
0,0.7119535346802993
0,0.7177482808642236
0,0.0497680749705917
0,0.709363113566324
0,0.8138188648237973
0,0.6601080026535141
0,0.7272603906256397
0,0.727522762561593
0,0.7956465150419231
0,0.0497680749705917
0,0.0497680749705917
0,0.7180981385942953
0,0.5625664168999428
0,0.0497680749705917
0,0.6392056593671699
0,0.0497680749705917
0,0.7129726349095127
0,0.7207794538753601
0,0.0497680749705917
0,0.7099234829565764
0,0.6987137689248603
0,0.7262697851807812
0,0.7220532442960427
0,0.0497680749705917
0,0.604090111390912
0,0.707875987833431
0,0.7667760120464036
0,0.6910805340765062
0,0.0497680749705917
0,0.0497680749705917
0,0.6919008847272703
0,0.0497680749705917
0,0.0497680749705917
0,0.0497680749705917
0,0.0497680749705917
0,0.61099387159281
0,0.6269780180545402
0,0.7276282960654117
0,0.739508877122393
0,0.6758912118207803
0,0.6988347254888218
0,0.7705382052923563
0,0.7237918031737155
0,0.0497680749705917
0,0.6447784107652701
0,0.0497680749705917
0,0.0497680749705917
0,0.6144184758959766
0,0.7025811468173644
0,0.5748329677156547
0,0.7423819182952507
0,0.7123325863961196
0,0.0497680749705917
0,0.0497680749705917
0,0.7188559801498071
0,0.6660032624218286
0,0.5791437439810876
0,0.0497680749705917
0,0.7068584050013672
0,0.0497680749705917
0,0.0497680749705917
0,0.0497680749705917
0,0.6992865369350587
0,0.9835452909610526
0,0.0497680749705917
0,0.9549102817296438
0,0.7133298666042387
0,0.5822665373937441
0,0.7350005345141976
0,0.7283216874620958
0,0.7239656193928901
0,0.6215839001151114
0,0.0497680749705917
0,0.6610158598522127
0,0.0497680749705917
0,0.0497680749705917
0,0.7029853077925815
0,0.7048292891687764
0,0.8218085597582003
0,0.6862360561898606
0,0.714285683419084
0,0.7267102002221818
0,0.0497680749705917
0,0.7026984485535295
0,0.0497680749705917
0,0.0497680749705917
0,0.7069534623990695
0,0.7106016882776764
0,0.8528710525032756
0,0.7298950432005716
0,0.8081200806194837
0,0.0497680749705917
0,0.7263434337713077
0,0.5839924468638863
0,0.681295540375869
0,0.7024559284687851
0,0.7213164371165848
0,0.7278960508982172
0,0.6118505286955374
0,0.7006192001268775
0,0.6705990279567968
0,0.0497680749705917
0,0.742064545187252
0,0.7247864475617645
0,0.7169605548382559
0,0.0497680749705917
0,0.6802472788236499
0,0.0497680749705917
0,0.0497680749705917
0,0.6560694314938984
0,0.7143480731301456
0,0.8163335628570788
0,0.6586476775674547
0,0.7098337443685486
0,0.6332288220607747
0,0.0497680749705917
0,0.7523352813028119
0,0.0497680749705917
0,0.7098188692427206
0,0.6832566109972729
0,0.7266136432543234
0,0.6804497052328001
0,0.7659905703553304
0,0.0497680749705917
0,0.7235392238176613
0,0.7996301965074866
0,0.0497680749705917
0,0.0497680749705917
0,0.0497680749705917
0,0.7171341730255507
0,0.0497680749705917
0,0.8141067588819635
0,0.0497680749705917
0,0.8643668881298078
0,0.7193624306907132
0,0.6954018710622916
0,0.0497680749705917
0,0.7314975879675976
0,0.0497680749705917
0,0.0497680749705917
0,0.7331532704237403
0,0.5543898303592341
0,0.7437652260182637
0,0.7281121658879316
0,0.73518149790186
0,0.7630971414571502
0,0.7184157890279229
0,0.7139844700270636
0,0.0497680749705917
0,0.7053873041811164
0,0.713062275359997
0,0.0497680749705917
0,0.7196879584654586
0,0.6236417485935826
0,0.6955953540064261
0,0.6522078730421589
0,0.7340130946737516
0,0.0497680749705917
0,0.7171873387194019
0,0.7148940608813064
0,0.715005781708747
0,0.7294480168729757
0,0.675911377543791
0,0.5832874853081605
0,0.6799977966689321
0,0.7020666543053495
0,0.7771632507418502
0,0.0497680749705917
0,0.8437458589394488
0,0.0497680749705917
0,0.7477329613171173
0,0.0497680749705917
0,0.0497680749705917
0,0.0497680749705917
0,0.0497680749705917
0,0.8040213069840996
0,0.692227672990123
0,0.7191007804207141
0,0.0497680749705917
0,0.0497680749705917
0,0.5389688887511028
0,0.6731084482946598
0,0.8094245545906701
0,0.0497680749705917
0,0.7738791181057462
0,0.709408693452685
0,0.7184847211933659
0,0.7289764345185787
0,0.5892063395540517
0,0.641562829031681
0,0.0497680749705917
0,0.0497680749705917
0,0.7102070296804004
0,0.7579253049235809
0,0.8414218817875418
0,0.6357858477750052
0,0.0497680749705917
0,0.0497680749705917
0,0.7322544231707856
0,0.6690804420400821
0,0.0497680749705917
0,0.0497680749705917
0,0.0497680749705917
0,0.5279761650556182
0,0.7345815104505456
0,0.6201463694305106
0,0.0497680749705917
0,0.5397834576598504
0,0.7200389535079237
0,0.7583466043056231
0,0.0497680749705917
0,0.6666137953098131
0,0.0497680749705917
0,0.7166487548137478
0,0.8252317604413485
0,0.7194954663846552
0,0.6815514882274929
0,0.69967262457247
0,0.7052786143453696
0,0.6364273813185033
0,0.0497680749705917
0,0.6967872004173903
0,0.6851313610716888
0,0.0497680749705917
0,0.8780179292630464
0,0.0497680749705917
0,0.7005482099590747
0,0.6769278689443291
0,0.7093950377829561
0,0.6324153477694102
0,0.0497680749705917
0,0.0497680749705917
0,0.0497680749705917
0,0.7210022634578052
0,0.6397991627800875
0,0.6816432507309961
0,0.7113475131665481
0,0.0497680749705917
0,0.7232310322885059
0,0.7034534563495889
0,0.666887764147725
0,0.7160203789241472
0,0.7509063569140992
0,0.0497680749705917
0,0.7186490702494815
0,0.7021142986363235
0,0.7242932768824019
0,0.0497680749705917
0,0.723620972478295
0,0.6661868034408691
0,0.7755183284847483
0,0.0497680749705917
0,0.7071772750992533
0,0.7126538984469848
0,0.6764363620056579
0,0.7242693820507903
0,0.7438546117931717
0,0.0497680749705917
0,0.5895715816759413
0,0.643757384120535
0,0.7006731513091412
0,0.6784627851421726
0,0.0497680749705917
0,0.6121166104096483
0,0.0497680749705917
0,0.7185200012880968
0,0.7910326425921985
0,0.0497680749705917
0,0.7248212576205518
0,0.0497680749705917
0,0.5187990580682903
0,0.0497680749705917
0,0.6692583100428123
0,0.7038867763068526
0,0.7415694824880135
0,0.7987836223543378
0,0.741725988640703
0,0.7077868506243425
0,0.0497680749705917
0,0.7883525743607984
0,0.0497680749705917
0,0.0497680749705917
0,0.0497680749705917
0,0.5810767262967469
0,0.7790723496045027
0,0.0497680749705917
0,0.722036464178544
0,0.7027022691942955
0,0.0497680749705917
0,0.5083884685233727
0,0.677802524515241
0,0.6968241005888429
0,0.6910005892671488
0,0.0497680749705917
0,0.6642785856969232
0,0.0497680749705917
0,0.7763128094377697
0,0.7489279204643279
0,0.6657482131032307
0,0.7008413916516727
0,0.6230507090093403
0,0.7210424121691721
0,0.6165153027655124
0,0.7239648738566189
0,0.6040833591320294
0,0.7082624678201883
0,0.0497680749705917
0,0.7033928763369784
0,0.0497680749705917
0,0.6016640168304409
0,0.7349258188877642
0,0.6714265737981207
0,0.6991171902914174
0,0.0497680749705917
0,0.5830801926400446
0,0.6861101387765882
0,0.0497680749705917
0,0.0497680749705917
0,0.7477695637031753
0,0.7010173392545763
0,0.5347062077568273
0,0.5017901449525947
0,0.7147709778039835
0,0.6266417675294316
0,0.0497680749705917
0,0.7437622633860818
0,0.0497680749705917
0,0.6208097711882534
0,0.672006983739729
0,0.6869044217588766
0,0.72652279598482
0,0.5324813106420566
0,0.0497680749705917
0,0.6606838788024952
0,0.6269295371416757
0,0.5747728841520559
0,0.7624182415581793
0,0.8321295704004499
0,0.5627464777119766
0,0.6987806217705088
0,0.0497680749705917
0,0.0497680749705917
0,0.7530111180825912
0,0.0497680749705917
0,0.6819318484053885
0,0.0497680749705917
0,0.0497680749705917
0,0.0497680749705917
0,0.8038399859043082
0,0.7844529713403511
0,0.0497680749705917
0,0.885526280988097
0,0.7723669320176988
0,0.7940690658364343
0,0.0497680749705917
0,0.7162976067114066
0,0.0497680749705917
0,0.6845957196583953
0,0.0497680749705917
0,0.6968283505689288
0,0.7071724629417698
0,0.7542594221655404
0,0.7206055386106376
0,0.6963368743885475
0,0.0497680749705917
0,0.7004438502477981
0,0.7028527438025837
0,0.7031563860474466
0,0.7745020982314493
0,0.7230913235511383
0,0.6511832531149643
0,0.7207136058340142
0,0.5755946196536107
0,0.0497680749705917
0,0.7105298067151533
0,0.0497680749705917
0,0.7465458278022971
0,0.6743424748162324
0,0.0497680749705917
0,0.0497680749705917
0,0.0497680749705917
0,0.731389124089305
0,0.5852261847357539
0,0.7964193846524641
0,0.0497680749705917
0,0.0497680749705917
0,0.8091677819433802
0,0.7078756477439532
0,0.0497680749705917
0,0.0497680749705917
0,0.7810552752894081
0,0.7287912160026077
0,0.7498461287010909
0,0.5426697264000625
0,0.6440068655406966
0,0.7382003982881343
0,0.5150383698484
0,0.0497680749705917
0,0.0497680749705917
0,0.7252820918033492
0,0.0497680749705917
0,0.0497680749705917
0,0.7830045189017995
0,0.724815996487198
0,0.7284562480777547
0,0.0497680749705917
0,0.7912863569309707
0,0.728989156381066
0,0.8316156568075116
0,0.6892655932142918
0,0.6196867310349976
0,0.694354862551891
0,0.0497680749705917
0,0.6462751694456383
0,0.9875356794957586
0,0.7174211678829666
0,0.6260715626733383
0,0.5806750687967737
0,0.6363461533838912
0,0.7417360812145002
0,0.0497680749705917
0,0.6226562040757058
0,0.7462838350802403
0,0.9357202761071294
0,0.7289035952384763
0,0.6529966094329709
0,0.7383761655074791
0,0.6625477591540022
0,0.6649430707154856
0,0.7367364016636624
0,0.0497680749705917
0,0.6893287249719587
0,0.0497680749705917
0,0.9839449688142478
0,0.7315362635978658
0,0.0497680749705917
0,0.7164203841188093
0,0.995172485140722
0,0.0497680749705917
0,0.6207738521319411
0,0.7486605193184167
0,0.0497680749705917
0,0.5292633288272685
0,0.6684238179181403
0,0.661253519538993
0,0.6377993257283908
0,0.5435952895366933
0,0.639831696627158
0,0.7759395885869265
0,0.726159112817415
0,0.0497680749705917
0,0.6546944277287325
0,0.0497680749705917
0,0.7675390166508972
0,0.0497680749705917
0,0.720359139696674
0,0.0497680749705917
0,0.754325985219843
0,0.0497680749705917
0,0.0497680749705917
0,0.7424648952108426
0,0.7184226889506743
0,0.727833227339963
0,0.0497680749705917
0,0.615071127219379
0,0.7180276926966486
0,0.7117548580721716
0,0.6835580378314904
0,0.6437428405773409
0,0.7796159741042749
0,0.608235857182012
0,0.7763691275096911
0,0.7286989799207627
0,0.7182632238522652
0,0.7674997323368817
0,0.7318392907448984
0,0.7413073083840676
0,0.6065974899265618
0,0.7436816135272661
0,0.0497680749705917
0,0.6118651956042266
0,0.6962162950761457
0,0.0497680749705917
0,0.0497680749705917
0,0.7117576873511645
0,0.0497680749705917
0,0.6514962269822392
0,0.0497680749705917
0,0.6312861350807887
0,0.0497680749705917
0,0.6151810021230715
0,0.6754172232724287
0,0.0497680749705917
0,0.5557472524450807
0,0.0497680749705917
0,0.0497680749705917
0,0.763393242480228
0,0.7013908541733682
0,0.7331909561202236
0,0.7525826970938565
0,0.0497680749705917
0,0.7099595951221631
0,0.7044659914451957
0,0.7964139284409514
0,0.0497680749705917
0,0.0497680749705917
0,0.7277481068376903
0,0.5896678650313482
0,0.7215530179762704
0,0.6993524813548544
0,0.6860135695759412
0,0.5994404794079109
0,0.7953596783479261
0,0.662363264744768
0,0.0497680749705917
0,0.6373868330836417
0,0.5828036167205778
0,0.0497680749705917
0,0.6012978293409379
0,0.7236031745014874
0,0.9144615932523104
0,0.0497680749705917
0,0.6879690407504343
0,0.0497680749705917
0,0.6526751990845975
0,0.0497680749705917
0,0.724216124141872
0,0.0497680749705917
0,0.7383130350887324
0,0.6926401536632864
0,0.0497680749705917
0,0.6224789422698679
0,0.6081827618555838
0,0.7391025331655813
0,0.0497680749705917
0,0.605358830726629
0,0.7025379887799805
0,0.7130107337077484
0,0.0497680749705917
0,0.5281746688925859
0,0.7346036786931354
0,0.0497680749705917
0,0.7186905394583339
0,0.0497680749705917
0,0.6842659986959733
0,0.714103500361559
0,0.7918355287191009
0,0.0497680749705917
0,0.0497680749705917
0,0.6648180109220635
0,0.6366869112710003
0,0.0497680749705917
0,0.7035861493626048
0,0.0497680749705917
0,0.7192547546960651
0,0.6146330896499106
0,0.7557892819866217
0,0.6431769971289429
0,0.6921203423922623
0,0.5023970899583252
0,0.8111275116035939
0,0.6352085985959367
0,0.0497680749705917
0,0.0497680749705917
0,0.7520254516547047
0,0.8215755466202804
0,0.6681964627399287
0,0.721561479794815
0,0.6061268119262763
0,0.6998228476605685
0,0.7274370697536933
0,0.618165641395949
0,0.0497680749705917
0,0.7243564136085529
0,0.7022829253533657
0,0.7884475848412331
0,0.0497680749705917
0,0.7305411221093566
0,0.6814738193348738
0,0.7080271160216167
0,0.7235900147181286
0,0.732875676813088
0,0.0497680749705917
0,0.0497680749705917
0,0.7908423850534214
0,0.668832513329362
0,0.5102520073665834
0,0.702933681288442
0,0.5254146473708201
0,0.7342546365020733
0,0.6516916806758183
0,0.7222428687973748
0,0.8249880258807555
0,0.7052372067745719
0,0.6934951272108577
0,0.7059855787113455
0,0.7082041248218451
0,0.0497680749705917
0,0.6731241930517425
0,0.7196916988454402
0,0.0497680749705917
0,0.0497680749705917
0,0.5093789762922644
0,0.7978328746087564
0,0.7432397755094121
0,0.7248600338249601
0,0.8048639344796719
0,0.7282134986548853
0,0.0497680749705917
0,0.7104217963626916
0,0.0497680749705917
0,0.7300048049252558
0,0.0497680749705917
0,0.0497680749705917
0,0.0497680749705917
0,0.7002357991652084
0,0.6865507857023327
0,0.7114983945531561
0,0.0497680749705917
0,0.0497680749705917
0,0.7748295892171545
0,0.7296760184125866
0,0.6716513969495342
0,0.6022872963313887
0,0.0497680749705917
0,0.5966608565074859
0,0.0497680749705917
0,0.0497680749705917
0,0.6391835028170745
0,0.6843291957546762
0,0.5491705782183636
0,0.7097649267671937
0,0.7833064568285024
0,0.6924180620631015
0,0.6935773394466491
0,0.6521623168355651
0,0.7140314293546803
0,0.7979127499890467
0,0.0497680749705917
0,0.694652575055328
0,0.6483545937336347
0,0.8655457436082747
0,0.7180885687772323
0,0.7243791766998405
0,0.7011525588304968
0,0.6986760662235124
0,0.7199711411693583
0,0.0497680749705917
0,0.6755257021123333
0,0.7190558194193121
0,0.6815838114841227
0,0.0497680749705917
0,0.687819550866999
0,0.6443395435980515
0,0.7595022646313925
0,0.7440507379751216
0,0.0497680749705917
0,0.7124841668069192
0,0.7348248167753633
0,0.5526977998916973
0,0.6701607435244914
0,0.0497680749705917
0,0.7417951290620238
0,0.0497680749705917
0,0.7271575846024015
0,0.716527216814373
0,0.0497680749705917
0,0.7009124542486872
0,0.0497680749705917
0,0.6350532949156482
0,0.0497680749705917
0,0.0497680749705917
0,0.7009054241399435
0,0.6400920892183452
0,0.6342927504748253
0,0.7230215241171902
0,0.7096980944503527
0,0.6230097309671812
0,0.7032423775624932
0,0.6802407758107976
0,0.5033686189291721
0,0.6044422097244728
0,0.699014785217847
0,0.6511449431123656
0,0.7613924384916991
0,0.5627888595913555
0,0.7763116728716366
0,0.0497680749705917
0,0.6174485280226722
0,0.7156260703789052
0,0.706268300048613
0,0.5566034333111157
0,0.6154411374140336
0,0.7457048756804827
0,0.0497680749705917
0,0.7117562881900725
0,0.0497680749705917
0,0.0497680749705917
0,0.663396118843815
0,0.712806178407461
0,0.7229787415679834
0,0.0497680749705917
0,0.7401589547859299
0,0.0497680749705917
0,0.6834071352599825
0,0.0497680749705917
0,0.0497680749705917
0,0.7232080186662598
0,0.7238281866521388
0,0.6477668612760084
0,0.7446799441899074
0,0.7070850622289858
0,0.6936143693874895
0,0.0497680749705917
0,0.0497680749705917
0,0.0497680749705917
0,0.5791702992157625
0,0.0497680749705917
0,0.6479256836533008
0,0.0497680749705917
0,0.6625150954058132
0,0.0497680749705917
0,0.6983222743802855
0,0.0497680749705917
0,0.6833124539155779
0,0.7184825281126354
0,0.705919541749607
0,0.0497680749705917
0,0.7275973114626675
0,0.7471699631531971
0,0.0497680749705917
0,0.7198780411159882
0,0.7492101391551905
0,0.7893787953115567
0,0.7266244273318722
0,0.7459438533628204
0,0.7335667214433487
0,0.0497680749705917
0,0.5267451190821558
0,0.0497680749705917
0,0.0497680749705917
0,0.704037289403594
0,0.648493649389572
0,0.5769924300253026
0,0.6936666604988194
0,0.614795290013789
0,0.6874717760158967
0,0.7154527233427871
0,0.0497680749705917
0,0.7131760690469153
0,0.6496526039391806
0,0.0497680749705917
0,0.7099019759650753
0,0.7260384454955274
0,0.7476741621704709
0,0.7723748819132282
0,0.7200666315280394
0,0.5014291051534103
0,0.0497680749705917
0,0.7162758379355324
0,0.6287958371124325
0,0.6454699267959795
0,0.7859952260481545
0,0.7456866120301762
0,0.0497680749705917
0,0.0497680749705917
0,0.625085841528182
0,0.6392161701498873
0,0.0497680749705917
0,0.0497680749705917
0,0.7174884319404229
0,0.7519922848364456
0,0.6591049833386783
0,0.0497680749705917
0,0.6506113102361492
0,0.5822976909519864
0,0.6511858006456936
0,0.0497680749705917
0,0.6181965942304071
0,0.715793341497143
0,0.6241019248721208
0,0.0497680749705917
0,0.7186529043170445
0,0.7540801112287198
0,0.6880996445136979
0,0.0497680749705917
0,0.6964729050053599
0,0.0497680749705917
0,0.6031032117558589
0,0.625250660432194
0,0.6498753079802461
0,0.6826772830060435
0,0.0497680749705917
0,0.5845310659406933
0,0.7736053893818734
0,0.7317962661654719
0,0.7353370997280416
0,0.0497680749705917
0,0.7583766210958531
0,0.6534216542286013
0,0.6074830484127481
0,0.0497680749705917
0,0.6653972170660716
0,0.7616589206469682
0,0.0497680749705917
0,0.7188688332903135
0,0.6769213379130182
0,0.0497680749705917
0,0.7203508702792653
0,0.8207677361088114
0,0.7282321074138207
0,0.0497680749705917
0,0.0497680749705917
0,0.8028370011986833
0,0.666367767272985
0,0.780884651929104
0,0.6219391013534206
0,0.729270932976503
0,0.7348982916033894
0,0.6971795795095908
0,0.0497680749705917
0,0.0497680749705917
0,0.0497680749705917
0,0.6338234488884852
0,0.5283826651405755
0,0.7486683528041906
0,0.724776671559619
0,0.7524197054594012
0,0.0497680749705917
0,0.7314835357346545
0,0.692638835017227
0,0.6007421165227259
0,0.741303716597247
0,0.0497680749705917
0,0.7170991754653827
0,0.9248787324556224
0,0.0497680749705917
0,0.7020373909494623
0,0.7104861781555709
0,0.821772329451467
0,0.7749572894386542
0,0.5755779658083917
0,0.6948149210179477
0,0.7073756932464204
0,0.0497680749705917
0,0.6739895124406532
0,0.7870158065633146
0,0.5627939277542279
0,0.7567191857605787
0,0.715318296461264
0,0.0497680749705917
0,0.0497680749705917
0,0.7697486797949208
0,0.0497680749705917
0,0.8707905200910505
0,0.7107100788760903
0,0.7390368878762764
0,0.7049340259796538
0,0.0497680749705917
0,0.8161012417404537
0,0.7715171568408147
0,0.0497680749705917
0,0.6172578344735984
0,0.6945385312438281
0,0.7126118249084776
0,0.5545287582800716
0,0.7065106490922751
0,0.5995827456393917
0,0.6916888265503387
0,0.853105464557516
0,0.8110843675357163
0,0.6138591291456382
0,0.0497680749705917
0,0.0497680749705917
0,0.6925280498889071
0,0.609876689277945
0,0.7720571181912927
0,0.7285344186650281
0,0.6224760903148102
0,0.0497680749705917
0,0.7157692216130644
0,0.0497680749705917
0,0.7096174183096684
0,0.0497680749705917
0,0.0497680749705917
0,0.6258662342900849
0,0.0497680749705917
0,0.7040620149461008
0,0.0497680749705917
0,0.0497680749705917
0,0.7177791597285916
0,0.7896077068452749
0,0.7317506912122786
0,0.6746615097688002
0,0.0497680749705917
0,0.0497680749705917
0,0.7167834941478087
0,0.6232711839048226
0,0.6704325582994592
0,0.6011669283498114
0,0.62703561775561
0,0.6804519039333675
0,0.7275835128309623
0,0.6387856769665652
0,0.6647218142823238
0,0.6806087741698899
0,0.0497680749705917
0,0.6222403856077522
0,0.8614474771492162
0,0.0497680749705917
0,0.7106221951333096
0,0.0497680749705917
0,0.6643993350754198
0,0.6299596384399756
0,0.6680492819880907
0,0.7288684069367855
0,0.0497680749705917
0,0.7493601766208519
0,0.7681870236792241
0,0.0497680749705917
0,0.0497680749705917
0,0.0497680749705917
0,0.5340438108264879
0,0.0497680749705917
0,0.9818211363286554
0,0.7357344051383347
0,0.0497680749705917
0,0.7060316636746294
0,0.8917153278555296
0,0.0497680749705917
0,0.5460068500001943
0,0.7263310949579643
0,0.7042710894324826
0,0.711225735082194
0,0.6320361643586297
0,0.0497680749705917
0,0.6290434682319642
0,0.6622439544780885
0,0.7049590376085654
0,0.8042653278378303
0,0.6946900473963038
0,0.5492498704523432
0,0.7339685931170475
0,0.7201658175580976
0,0.0497680749705917
0,0.7058943054139327
0,0.925412362193736
0,0.0497680749705917
0,0.7704435089122758
0,0.7402550132701355
0,0.0497680749705917
0,0.6657881090946844
0,0.7967337486465426
0,0.6688088814988106
0,0.6475281331310836
0,0.0497680749705917
0,0.0497680749705917
0,0.0497680749705917
0,0.7072134056928944
0,0.7917116180551493
0,0.6974359374162326
0,0.5793203713733047
0,0.7134429215675067
0,0.7145678638205637
0,0.7931111212783797
0,0.7053446790363688
0,0.7324415502339409
0,0.7068464428052884
0,0.0497680749705917
0,0.0497680749705917
0,0.0497680749705917
0,0.7806806143641795
0,0.5825822151456376
0,0.6142703093682651
0,0.7447338611712258
0,0.0497680749705917
0,0.0497680749705917
0,0.0497680749705917
0,0.0497680749705917
0,0.7032210760757327
0,0.0497680749705917
0,0.6944844618665048
0,0.0497680749705917
0,0.0497680749705917
0,0.7232479408539015
0,0.6794834255362954
0,0.0497680749705917
0,0.0497680749705917
0,0.0497680749705917
0,0.7391007713685851
0,0.7248834076000011
0,0.7235423926863378
0,0.6495569442191694
0,0.6995411947608978
0,0.0497680749705917
0,0.0497680749705917
0,0.0497680749705917
0,0.6921735685606036
0,0.7661404945670633
0,0.6687821067721801
0,0.6802850919563136
0,0.6797214700122153
0,0.7710150640823189
0,0.6995565909183843
0,0.7529494871641971
0,0.7366230877665364
0,0.7122247833121931
0,0.707106932874482
0,0.6304699588529237
0,0.7351522787244432
0,0.0497680749705917
0,0.7260413787033274
0,0.0497680749705917
0,0.6987824685960836
0,0.733185632762141
0,0.7586667908640918
0,0.7127205291122347
0,0.6894275721019425
0,0.6142158372941268
0,0.7187405492246528
0,0.0497680749705917
0,0.0497680749705917
0,0.7108444396870901
0,0.598966114096929
0,0.5881929653650277
0,0.718520654551856
0,0.0497680749705917
0,0.6374836139954208
0,0.5054037253258592
0,0.6998607946463129
0,0.6876934955329761
0,0.0497680749705917
0,0.7155587596758406
0,0.6575747736655195
0,0.0497680749705917
0,0.6316358373809519
0,0.7123183216542057
0,0.7054821859144573
0,0.7419784827861442
0,0.7541427437274594
0,0.0497680749705917
0,0.7288522669022962
0,0.7404732038691647
0,0.70261267800429
0,0.0497680749705917
0,0.7809913037393923
0,0.0497680749705917
0,0.0497680749705917
0,0.763493069163329
0,0.0497680749705917
0,0.0497680749705917
0,0.0497680749705917
0,0.7199560707994176
0,0.5436060223362605
0,0.0497680749705917
0,0.0497680749705917
0,0.719718276310694
0,0.6957843427989937
0,0.5492092587352734
0,0.7217225043945624
0,0.6342498036711467
0,0.6836940533974343
0,0.7219693378042071
0,0.6889684140629453
0,0.0497680749705917
0,0.7179464085894093
0,0.7242698462308065
0,0.7151690510429412
0,0.7804195151311023
0,0.7163534788056513
0,0.7177854966064359
0,0.7162550585724992
0,0.6738329838077366
0,0.5380228695290726
0,0.7295222166536359
0,0.7254282122238447
0,0.7822567810525244
0,0.0497680749705917
0,0.0497680749705917
0,0.0497680749705917
0,0.5351964717535038
0,0.6885574197952538
0,0.0497680749705917
0,0.7474308400023617
0,0.0497680749705917
0,0.6426588901985136
0,0.0497680749705917
0,0.6972369004624357
0,0.7166480025458556
0,0.7024807393993933
0,0.7073203794366185
0,0.5961495977145997
0,0.7460422601503199
0,0.0497680749705917
0,0.0497680749705917
0,0.0497680749705917
0,0.6360047433658593
0,0.7140575467897143
0,0.7207700316690416
0,0.6620649655312775
0,0.6546068767401007
0,0.0497680749705917
0,0.7480078317174428
0,0.7378709685989039
0,0.6087759964692112
0,0.0497680749705917
0,0.0497680749705917
0,0.0497680749705917
0,0.5464048549014391
0,0.0497680749705917
0,0.6596311483022413
0,0.6104517090227706
0,0.7297810788343964
0,0.5736650145552149
0,0.5873439255139746
0,0.6978651586411073
0,0.6916704234492128
0,0.6780521166854689
0,0.7097752267054948
0,0.6183270223632162
0,0.7123942076756629
0,0.7597199769438501
0,0.9864148216498808
0,0.0497680749705917
0,0.7732349378903889
0,0.7093422077894279
0,0.0497680749705917
0,0.6486427374458378
0,0.5999501071225237
0,0.0497680749705917
0,0.6366441193949804
0,0.7166560583929122
0,0.7538490311223766
0,0.7021145079246405
0,0.7413179131457324
0,0.0497680749705917
0,0.640523124739288
0,0.7309390539112838
0,0.0497680749705917
0,0.6023668238810568
0,0.0497680749705917
0,0.7352961724706275
0,0.6513706379879477
0,0.646236712823437
0,0.7139487144992548
0,0.0497680749705917
0,0.5984827260306705
0,0.0497680749705917
0,0.0497680749705917
0,0.7006912071526232
0,0.5064084954960504
0,0.6843335517511229
0,0.6908234427813403
0,0.0497680749705917
0,0.5685694158110983
0,0.0497680749705917
0,0.7314337501444113
0,0.0497680749705917
0,0.761303286255832
0,0.0497680749705917
0,0.5972164733053412
0,0.7161372398281907
0,0.700039357133431
0,0.7138832335155646
0,0.7009705976130884
0,0.7374111279616964
0,0.0497680749705917
0,0.6815540989100062
0,0.6907853465589601
0,0.0497680749705917
0,0.5978875509511563
0,0.6727678143086172
0,0.0497680749705917
0,0.667204186742693
0,0.7462494656190516
0,0.0497680749705917
0,0.0497680749705917
0,0.7046517206754553
0,0.0497680749705917
0,0.7436162343508872
0,0.5147888823329172
0,0.6521092302185866
0,0.872953746182453
0,0.4946870550513011
0,0.0497680749705917
0,0.6540789122088217
0,0.6906798307215629
0,0.7556296012845461
0,0.0497680749705917
0,0.0497680749705917
0,0.7179838569151109
0,0.6781551781262213
0,0.0497680749705917
0,0.7199206788305973
0,0.6986802821981981
0,0.0497680749705917
0,0.6984014249420993
0,0.7161679300259032
0,0.698821308312944
0,0.0497680749705917
0,0.0497680749705917
0,0.7061685409755629
0,0.8105196101838524
0,0.7340069212639168
0,0.5821932970746418
0,0.7230224514183459
0,0.7098679794615856
0,0.6928629536738347
0,0.0497680749705917
0,0.0497680749705917
0,0.678570933936524
0,0.7524030150814659
0,0.6691221653004517
0,0.7105961913501629
0,0.7090402909307586
0,0.0497680749705917
0,0.7166833111396237
0,0.0497680749705917
0,0.0497680749705917
0,0.7286022177626875
0,0.0497680749705917
0,0.8164678292782821
0,0.733869886373516
0,0.0497680749705917
0,0.0497680749705917
0,0.0497680749705917
0,0.6915793579182979
0,0.7171140331390268
0,0.0497680749705917
0,0.8725669880046781
0,0.7062588593024062
0,0.0497680749705917
0,0.0497680749705917
0,0.6430839133035146
0,0.0497680749705917
0,0.0497680749705917
0,0.7086949173608834
0,0.0497680749705917
0,0.8169011685165579
0,0.6538931323371713
0,0.0497680749705917
0,0.6327354827151521
0,0.7242820495815746
0,0.7029430174999033
0,0.0497680749705917
0,0.6548775185314473
0,0.7180344182194862
0,0.0497680749705917
0,0.7186824655021349
0,0.6989450693060527
0,0.0497680749705917
0,0.0497680749705917
0,0.6542137339598639
0,0.7147034093873571
0,0.0497680749705917
0,0.8188406186437235
0,0.6812346229097606
0,0.7068202441664736
0,0.7150660976192184
0,0.7722627487710056
0,0.0497680749705917
0,0.7459483711189203
0,0.7159966856582394
0,0.723007861727405
0,0.7303128589411005
0,0.0497680749705917
0,0.0497680749705917
0,0.6764811519008431
0,0.0497680749705917
0,0.0497680749705917
0,0.7301488617419292
0,0.6609656048357788
0,0.0497680749705917
0,0.6291543963787921
0,0.0497680749705917
0,0.6369704196531614
0,0.7526391326347298
0,0.7108850632040918
0,0.0497680749705917
0,0.7113597205275711
0,0.7103103568757416
0,0.7136107347635937
0,0.8128373285382385
0,0.7184851791720935
0,0.0497680749705917
0,0.829020228334835
0,0.0497680749705917
0,0.71715844983222
0,0.7239419575820261
0,0.0497680749705917
0,0.6182125639323075
0,0.0497680749705917
0,0.0497680749705917
0,0.7059871490921804
0,0.7069949147317522
0,0.6793653908119469
0,0.9117643356070968
0,0.7472828876807253
0,0.0497680749705917
0,0.7095570390519117
0,0.7804743692469482
0,0.7106663987423568
0,0.0497680749705917
0,0.7155993645999575
0,0.6992910988840394
0,0.785816809393031
0,0.6229870048148722
0,0.713219884048519
0,0.7089494699418977
0,0.7209898278563066
0,0.8024248719379891
0,0.0497680749705917
0,0.0497680749705917
0,0.6774447300255824
0,0.7381245381673687
0,0.7051967752867052
0,0.6678182362973593
0,0.0497680749705917
0,0.0497680749705917
0,0.7369124587051117
0,0.8114425576163035
0,0.7083692884272194
0,0.7272633448496963
0,0.716000339143227
0,0.6772912557519695
0,0.0497680749705917
0,0.0497680749705917
0,0.7721636957970236
0,0.0497680749705917
0,0.0497680749705917
0,0.7266421130700709
0,0.7103170658051642
0,0.7029412702574022
0,0.7039908423102315
0,0.7392851436757879
0,0.0497680749705917
0,0.6254192270472311
0,0.6997692001862651
0,0.7703060674698906
0,0.5301421833736896
0,0.8345678695065013
0,0.6238811972257684
0,0.7017915085964305
0,0.7406607374994885
0,0.7679491637507572
0,0.6820301491787489
0,0.0497680749705917
0,0.8582278541106482
0,0.6763311162405241
0,0.8031669861295643
0,0.7231420549775884
0,0.0497680749705917
0,0.0497680749705917
0,0.0497680749705917
0,0.0497680749705917
0,0.0497680749705917
0,0.7112668956465581
0,0.7128776386646192
0,0.8990991886598407
0,0.0497680749705917
0,0.6009788200221738
0,0.7498220581306606
0,0.6887462614243371
0,0.6972756862489414
0,0.0497680749705917
0,0.0497680749705917
0,0.7288227801316954
0,0.7243039700754919
0,0.0497680749705917
0,0.7198952188973324
0,0.0497680749705917
0,0.665673985173328
0,0.7407709003259356
0,0.7058048884126307
0,0.7763116250101888
0,0.0497680749705917
0,0.0497680749705917
0,0.0497680749705917
0,0.7054471991721295
0,0.0497680749705917
0,0.0497680749705917
0,0.7016653824949551
0,0.7223030138797352
0,0.7150538215679462
0,0.6861258590259978
0,0.6182597103022496
0,0.0497680749705917
0,0.630121313295954
0,0.700637705637849
0,0.0497680749705917
0,0.7178022822543283
0,0.7110212987743106
0,0.7628257757083144
0,0.0497680749705917
0,0.6292689203046775
0,0.7054567243220216
0,0.7266440694397536
0,0.0497680749705917
0,0.7291973899882438
0,0.0497680749705917
0,0.4793504254613404
0,0.7004432325119629
0,0.7029368085583668
0,0.6987057240262174
0,0.5406322236945293
0,0.0497680749705917
0,0.746522452131359
0,0.7273929301322039
0,0.6779104289127613
0,0.7489679038098427
0,0.0497680749705917
0,0.7228420993511974
0,0.0497680749705917
0,0.714105789193399
0,0.699353893228836
0,0.72455961840226
0,0.0497680749705917
0,0.7513246563099588
0,0.9088834018936864
0,0.0497680749705917
0,0.0497680749705917
0,0.7511610908215575
0,0.7225828420969396
0,0.6924850018341339
0,0.7656977185335001
0,0.7807459305862554
0,0.7157057807873667
0,0.0497680749705917
0,0.7258846993700585
0,0.0497680749705917
0,0.65652694311591
0,0.732880191023848
0,0.719186490499399
0,0.7280974445268503
0,0.7213517904174183
0,0.7296681310490842
0,0.6890076249552263
0,0.0497680749705917
0,0.0497680749705917
0,0.751485700363124
0,0.7129801259560568
0,0.7227840040533321
0,0.5656145117234308
0,0.0497680749705917
0,0.0497680749705917
0,0.616280380572482
0,0.0497680749705917
0,0.736262966603788
0,0.0497680749705917
0,0.7252151892796704
0,0.0497680749705917
0,0.0497680749705917
0,0.6936959460106853
0,0.0497680749705917
0,0.6459889469203802
0,0.7053928160509086
0,0.0497680749705917
0,0.7785767059230767
0,0.0497680749705917
0,0.6442578846579622
0,0.7124123123893945
0,0.0497680749705917
0,0.7803689590296045
0,0.0497680749705917
0,0.7289373011501858
0,0.7000856773480475
0,0.6515341057925883
0,0.7111707362213565
0,0.0497680749705917
0,0.7095684380523002
0,0.0497680749705917
0,0.7180721002534574
0,0.5711752478723164
0,0.9054401436044268
0,0.7719500579375311
0,0.0497680749705917
0,0.7493375872294324
0,0.7106685458073339
0,0.7035065917082819
0,0.0497680749705917
0,0.7215588956203208
0,0.7175573025587544
0,0.8746293233403756
0,0.7027299094720063
0,0.0497680749705917
0,0.7853529335072945
0,0.0497680749705917
0,0.7174312659028259
0,0.7195104612000986
0,0.0497680749705917
0,0.5921632974590605
0,0.5585446565112565
0,0.0497680749705917
0,0.7271288657381234
0,0.7072537939485193
0,0.5764774839485934
0,0.0497680749705917
0,0.606622457411438
0,0.0497680749705917
0,0.6397799991454037
0,0.7309166204339054
0,0.0497680749705917
0,0.0497680749705917
0,0.6403271288205378
0,0.7096453756584886
0,0.6359572212037837
0,0.7247621393341485
0,0.0497680749705917
0,0.710486029440974
0,0.6829263775344019
0,0.0497680749705917
0,0.0497680749705917
0,0.0497680749705917
0,0.7046976155180161
0,0.5831501599429906
0,0.6759408189114187
0,0.0497680749705917
0,0.708258279497726
0,0.6739833928782641
0,0.7437414818961472
0,0.7796721370751818
0,0.7343900298616322
0,0.7127909467374355
0,0.7078290221895414
0,0.6976026636634484
0,0.6507358309758806
0,0.0497680749705917
0,0.6580453098563652
0,0.7007300804492946
0,0.7226125518861466
0,0.7235686910526334
0,0.6546514153071546
0,0.7188058030452568
0,0.6684213148924291
0,0.0497680749705917
0,0.7256293385046045
0,0.0497680749705917
0,0.0497680749705917
0,0.7387433204793611
0,0.6924721456699349
0,0.7101107512914003
0,0.7169064401026927
0,0.7074303885357662
0,0.723873987429646
0,0.0497680749705917
0,0.0497680749705917
0,0.0497680749705917
0,0.5541697736952279
0,0.7226430265953249
0,0.6619580380051742
0,0.6427232827104454
0,0.7088657217867332
0,0.0497680749705917
0,0.6550987812186974
0,0.0497680749705917
0,0.7215622699848558
0,0.6892495012693384
0,0.6996918282441768
0,0.0497680749705917
0,0.6373221358195237
0,0.7148934067977597
0,0.0497680749705917
0,0.0497680749705917
0,0.718671215286865
0,0.0497680749705917
0,0.721004629831124
0,0.0497680749705917
0,0.0497680749705917
0,0.4923841839441338
0,0.0497680749705917
0,0.646903950606557
0,0.8426277965441559
0,0.5386540775253544
0,0.7148358211345147
0,0.5556707109076857
0,0.734261696379593
0,0.0497680749705917
0,0.0497680749705917
0,0.6211317104520404
0,0.7250020619756876
0,0.0497680749705917
0,0.7349840060929642
0,0.8000062522137297
0,0.7303599266114671
0,0.7715589847457119
0,0.7047658003101386
0,0.76287178340083
0,0.6197989495197558
0,0.0497680749705917
0,0.7454351578200183
0,0.6315171645502218
0,0.7133550315374372
0,0.0497680749705917
0,0.6174090200955289
0,0.7311953407640654
0,0.5592239960790452
0,0.0497680749705917
0,0.0497680749705917
0,0.8911757061943487
0,0.0497680749705917
0,0.8291414271720192
0,0.7432083361046953
0,0.7163933925218059
0,0.8189735340627772
0,0.0497680749705917
0,0.0497680749705917
0,0.0497680749705917
0,0.0497680749705917
0,0.7431682595882003
0,0.712568531255939
0,0.7284292956502596
0,0.0497680749705917
0,0.7258243675881811
0,0.6381637370110385
0,0.6309654818044151
0,0.7099010423333053
0,0.694795006583594
0,0.7179600377631866
0,0.6914317553329037
0,0.6116894912538876
0,0.7074166761058162
0,0.6230961410804572
0,0.7128046114981241
0,0.6892275832774517
0,0.0497680749705917
0,0.6112125586477902
0,0.7146903820275604
0,0.729259351153835
0,0.662537865855218
0,0.6548407418808528
0,0.0497680749705917
0,0.8252496543795877
0,0.0497680749705917
0,0.0497680749705917
0,0.6815597784012319
0,0.0497680749705917
0,0.805185319747264
0,0.7142274404756725
0,0.0497680749705917
0,0.0497680749705917
0,0.7001318369269701
0,0.7154591134423749
0,0.6933846407193195
0,0.0497680749705917
0,0.7566106666852098
0,0.7123404012714718
0,0.7705704900973309
0,0.6500845770720491
0,0.0497680749705917
0,0.7171015727354819
0,0.6311372713952789
0,0.7274411988865918
0,0.0497680749705917
0,0.6323671053900356
0,0.0497680749705917
0,0.7203525439903826
0,0.7495842126983944
0,0.7131189948279771
0,0.7027450572987579
0,0.5875838574254
0,0.7688094606632345
0,0.7502055618751853
0,0.0497680749705917
0,0.6775577163359929
0,0.7443737174915447
0,0.723783935329524
0,0.7223608641778566
0,0.0497680749705917
0,0.7150006760045078
0,0.7165248574323978
0,0.6152150235686821
0,0.8911743856023595
0,0.6599960079482868
0,0.7039765237879371
0,0.9486349041223848
0,0.7269851426822982
0,0.8150797978634373
0,0.5756011780262943
0,0.6915818800617332
0,0.0497680749705917
0,0.0497680749705917
0,0.6962421606419655
0,0.0497680749705917
0,0.0497680749705917
0,0.6441262901731692
0,0.7622086278084287
0,0.7313644027483381
0,0.693414714814892
0,0.651657946100278
0,0.7148813135508718
0,0.7785860012212549
0,0.6330312372978205
0,0.7580238691290552
0,0.6003756996058516
0,0.7294144491836284
0,0.7094180660120949
0,0.0497680749705917
0,0.7053195662352584
0,0.6504851988997687
0,0.734968048537351
0,0.0497680749705917
0,0.7190828144486523
0,0.0497680749705917
0,0.7195047480324388
0,0.6924120973699137
0,0.7130432674729428
0,0.6862832243772685
0,0.6402107054262914
0,0.9633461137091788
0,0.659450863931731
0,0.7245167053902501
0,0.7159398193211767
0,0.8191407554034706
0,0.6878752318271675
0,0.5915423895749066
0,0.0497680749705917
0,0.6056047533283178
0,0.0497680749705917
0,0.0497680749705917
0,0.0497680749705917
0,0.9331896786799968
0,0.7809569044145537
0,0.7862358727289027
0,0.0497680749705917
0,0.7078865918951397
0,0.7286598995730769
0,0.8050610569778233
0,0.6552521059260608
0,0.7132437089992048
0,0.7069380945781143
0,0.7789126519267735
0,0.0497680749705917
0,0.72078617036693
0,0.0497680749705917
0,0.7180380593387067
0,0.0497680749705917
0,0.0497680749705917
0,0.699409711478304
0,0.0497680749705917
0,0.5407488329313841
0,0.7180871037555977
0,0.729279861277178
0,0.6786413657625432
0,0.6612634563838683
0,0.6293150606862317
0,0.7329256198765747
0,0.6448193924753
0,0.7051007474264654
0,0.5917811043961461
0,0.7681586400015604
0,0.0497680749705917
0,0.0497680749705917
0,0.0497680749705917
0,0.694055763185033
0,0.0497680749705917
0,0.717050064724107
0,0.6974721439895262
0,0.0497680749705917
0,0.7160199504529307
0,0.0497680749705917
0,0.0497680749705917
0,0.0497680749705917
0,0.7172263654775987
0,0.0497680749705917
0,0.7068616805070795
0,0.7120744058575033
0,0.735904990843805
0,0.7232570385334236
0,0.7735592705748595
0,0.0497680749705917
0,0.847075587814006
0,0.7130592705569428
0,0.7140403836900969
0,0.725634863635255
0,0.0497680749705917
0,0.7683699991650176
0,0.7283234637589273
0,0.8114939399633025
0,0.0497680749705917
0,0.9166654666036428
0,0.0497680749705917
0,0.5615647187942091
0,0.7764104568929047
0,0.0497680749705917
0,0.7152106760938967
0,0.0497680749705917
0,0.0497680749705917
0,0.7221029717812747
0,0.7436722631598356
0,0.7066299403599149
0,0.6814353659919674
0,0.0497680749705917
0,0.7120829151230793
0,0.7296222957314883
0,0.9275917720641932
0,0.712740821540513
0,0.6830169271829188
0,0.0497680749705917
0,0.7404670215373512
0,0.0497680749705917
0,0.5719472973755821
0,0.8123013888846037
0,0.694410560817342
0,0.7714223757262579
0,0.0497680749705917
0,0.0497680749705917
0,0.6980515862092375
0,0.8380759048468468
0,0.6844728923879342
0,0.718929124766654
0,0.6573024386319596
0,0.7180470221491962
0,0.7476805838814915
0,0.7193614554663809
0,0.0497680749705917
0,0.7560112627254176
0,0.0497680749705917
0,0.7474195516573203
0,0.7531629964372499
0,0.0497680749705917
0,0.7058080803352744
0,0.0497680749705917
0,0.6824474111534484
0,0.7147059752230852
0,0.0497680749705917
0,0.0497680749705917
0,0.7490796906744597
0,0.6821572982242847
0,0.7111780254759018
0,0.705626779844953
0,0.6181500142468062
0,0.6107533222045745
0,0.7884745685179405
0,0.0497680749705917
0,0.7643844950116216
0,0.6730545252014588
0,0.7062237783420904
0,0.73183049220448
0,0.8878252921084772
0,0.0497680749705917
0,0.0497680749705917
0,0.0497680749705917
0,0.6835143582434315
0,0.0497680749705917
0,0.0497680749705917
0,0.0497680749705917
0,0.0497680749705917
0,0.0497680749705917
0,0.6592141792264196
0,0.6601723388340481
0,0.6909919386440065
0,0.7157878945090795
0,0.7353723242062374
0,0.0497680749705917
0,0.7120065418271522
0,0.5612185445874395
0,0.0497680749705917
0,0.724029449902711
0,0.5937518757979167
0,0.7150663748940996
0,0.6877905779207782
0,0.7193924115761662
0,0.0497680749705917
0,0.7081650513088449
0,0.6552722094395355
0,0.6622365900787917
0,0.706665613338142
0,0.0497680749705917
0,0.0497680749705917
0,0.0497680749705917
0,0.0497680749705917
0,0.0497680749705917
0,0.6441867644265616
0,0.666429888933124
0,0.7091561455185144
0,0.750474839449591
0,0.0497680749705917
0,0.7101063798309372
0,0.663990307857802
0,0.6599260943457037
0,0.7027768198599719
0,0.0497680749705917
0,0.7448193457090492
0,0.0497680749705917
0,0.7073506803230276
0,0.0497680749705917
0,0.610383440022133
0,0.6827715051579699
0,0.7554544645249239
0,0.0497680749705917
0,0.0497680749705917
0,0.5804376548191741
0,0.0497680749705917
0,0.6640937408094887
0,0.0497680749705917
0,0.6997683952339886
0,0.7319338778979512
0,0.5149242229015372
0,0.7469950735144797
0,0.0497680749705917
0,0.0497680749705917
0,0.5600301420614782
0,0.6850697942714681
0,0.7092201497172244
0,0.0497680749705917
0,0.7874825959114888
0,0.7152974171152908
0,0.0497680749705917
0,0.0497680749705917
0,0.7902769334360426
0,0.7196691625983199
0,0.5389754891456179
0,0.0497680749705917
0,0.0497680749705917
0,0.7822829094211732
0,0.4910307034831833
0,0.7100018530467944
0,0.0497680749705917
0,0.5565784661388443
0,0.7366091913066598
0,0.0497680749705917
0,0.6580810123259522
0,0.7308626592838463
0,0.0497680749705917
0,0.0497680749705917
0,0.7209196779305063
0,0.7335036676504103
0,0.6385658678609206
0,0.705593017910466
0,0.6695244060365317
0,0.684139194874782
0,0.0497680749705917
0,0.5565146332581619
0,0.6888422664325056
0,0.0497680749705917
0,0.0497680749705917
0,0.7932761467656823
0,0.0497680749705917
0,0.0497680749705917
0,0.0497680749705917
0,0.0497680749705917
0,0.0497680749705917
0,0.6644416518530213
0,0.0497680749705917
0,0.739462687179288
0,0.0497680749705917
0,0.7287972699986204
0,0.6523219356001639
0,0.0497680749705917
0,0.7254283036829352
0,0.6653076359294041
0,0.6201817177510565
0,0.0497680749705917
0,0.0497680749705917
0,0.7152244287105665
0,0.0497680749705917
0,0.0497680749705917
0,0.0497680749705917
0,0.6614169567954791
0,0.7199304391291325
0,0.0497680749705917
0,0.6877618580399564
0,0.6983931641980754
0,0.0497680749705917
0,0.7514252286260903
0,0.7667314731855785
0,0.0497680749705917
0,0.7466693057279524
0,0.7298620094969825
0,0.716026133349392
0,0.7072108009607551
0,0.0497680749705917
0,0.7233223029053486
0,0.7054910983086942
0,0.7599453033098047
0,0.7151705919198423
0,0.7628764608833192
0,0.6882785283108858
0,0.0497680749705917
0,0.7020979407666831
0,0.0497680749705917
0,0.0497680749705917
0,0.0497680749705917
0,0.7005549787518116
0,0.0497680749705917
0,0.7093793176914576
0,0.6056911623343508
0,0.8413739400162383
0,0.9271808304036468
0,0.0497680749705917
0,0.0497680749705917
0,0.5980392050864224
0,0.7267969497034514
0,0.6496582273124792
0,0.0497680749705917
0,0.0497680749705917
0,0.7125157852409105
0,0.7128930088934561
0,0.6501849406356403
0,0.0497680749705917
0,0.6247924156586687
0,0.6475929375871152
0,0.7065439059554953
0,0.7147710328538825
0,0.739951341623719
0,0.6899179630471872
0,0.0497680749705917
0,0.7578446560644428
0,0.7281538180317503
0,0.7635252880678448
0,0.0497680749705917
0,0.7203530077999707
0,0.6114623562417841
0,0.6989277560079897
0,0.0497680749705917
0,0.7217956949858523
0,0.0497680749705917
0,0.0497680749705917
0,0.7348483926531965
0,0.7756383551075445
0,0.6793754776192698
0,0.7598048631053226
0,0.7086028892385552
0,0.0497680749705917
0,0.0497680749705917
0,0.0497680749705917
0,0.6777853634284307
0,0.8694672095146194
0,0.0497680749705917
0,0.7100292239970439
0,0.0497680749705917
0,0.0497680749705917
0,0.0497680749705917
0,0.0497680749705917
0,0.6191982963741015
0,0.755697630983986
0,0.0497680749705917
0,0.0497680749705917
0,0.7199648412790105
0,0.6108385285032243
0,0.7229947067752004
0,0.0497680749705917
0,0.5773429701660436
0,0.0497680749705917
0,0.7755741977539283
0,0.6611883287127344
0,0.7472407913394143
0,0.7260699533156639
0,0.6922242407922006
0,0.0497680749705917
0,0.0497680749705917
0,0.0497680749705917
0,0.6062701565085955
0,0.6461025122467494
0,0.8161197063223673
0,0.0497680749705917
0,0.0497680749705917
0,0.716073262342911
0,0.7134649047324407
0,0.0497680749705917
0,0.7038318573879282
0,0.5094069767965866
0,0.6522347899126819
0,0.5767198575923236
0,0.0497680749705917
0,0.7127995417315564
0,0.6951014240277734
0,0.0497680749705917
0,0.7242482637614989
0,0.7022993972762114
0,0.7020974508259726
0,0.7554383414928151
0,0.716796967641804
0,0.5671220039877498
0,0.7011571399683708
0,0.5112104764934858
0,0.7161352451660152
0,0.0497680749705917
0,0.0497680749705917
0,0.7281741214089285
0,0.7323264729976637
0,0.0497680749705917
0,0.7441764064648579
0,0.6609118520303157
0,0.0497680749705917
0,0.7373045337214045
0,0.7856486709798067
0,0.7846522749043033
0,0.7207524144636167
0,0.0497680749705917
0,0.0497680749705917
0,0.650401186600376
0,0.7004524857556034
0,0.9017093117768396
0,0.5256428720122505
0,0.7342261470645525
0,0.7104766479676923
0,0.9691025466600224
0,0.706291656322443
0,0.706758324926069
0,0.7295087578861713
0,0.7169895556296466
0,0.0497680749705917
0,0.0497680749705917
0,0.8017986781743696
0,0.0497680749705917
0,0.7559318875634325
0,0.7346590846702941
0,0.7110561235920523
0,0.0497680749705917
0,0.7192891442242778
0,0.6975809532970279
0,0.0497680749705917
0,0.0497680749705917
0,0.6743883507055699
0,0.6716123091934192
0,0.7693102647346539
0,0.7350904876240167
0,0.0497680749705917
0,0.7114268360442287
0,0.8363004888451433
0,0.7807518853794584
0,0.0497680749705917
0,0.6111605178108731
0,0.8450291414575922
0,0.0497680749705917
0,0.740306710361913
0,0.7073056608351916
0,0.7534769310205955
0,0.7499562959219302
0,0.6342107389019184
0,0.0497680749705917
0,0.0497680749705917
0,0.8038039404373875
0,0.0497680749705917
0,0.6253507182242196
0,0.8001835417666832
0,0.8070833916540021
0,0.6945128437477991
0,0.0497680749705917
0,0.7461136183196896
0,0.6984065067633753
0,0.718069248816947
0,0.0497680749705917
0,0.6653306709973794
0,0.6523778582220917
0,0.7246100082544771
0,0.7104367576964692
0,0.0497680749705917
0,0.6208650703575314
0,0.7050596647677451
0,0.0497680749705917
0,0.7675084764332687
0,0.6894169184357359
0,0.7169147149122572
0,0.6754760595528675
0,0.574098649946736
0,0.8703184150662561
0,0.6624728767441648
0,0.0497680749705917
0,0.7233525598827262
0,0.0497680749705917
0,0.6420706403990987
0,0.7261689331970509
0,0.7559581562710606
0,0.0497680749705917
0,0.0497680749705917
0,0.7278504882352239
0,0.7156187317746098
0,0.0497680749705917
0,0.0497680749705917
0,0.0497680749705917
0,0.0497680749705917
0,0.0497680749705917
0,0.6993821842710085
0,0.6718125147837616
0,0.0497680749705917
0,0.6142102766551177
0,0.6095967494137318
0,0.7199522187291943
0,0.6962575206568536
0,0.7040216079546101
0,0.7094498675103412
0,0.0497680749705917
0,0.6968278411350288
0,0.5592956480635333
0,0.0497680749705917
0,0.7267761589020929
0,0.6985236526271464
0,0.6061130946056665
0,0.0497680749705917
0,0.5094671666207116
0,0.7051144018310688
0,0.7072222441573428
0,0.6631195831323842
0,0.0497680749705917
0,0.7863088558563275
0,0.6404086298222901
0,0.5340140231335645
0,0.7044714964097858
0,0.6736665767047818
0,0.0497680749705917
0,0.0497680749705917
0,0.0497680749705917
0,0.5957093763574265
0,0.7328786958513016
0,0.7313331228504094
0,0.6296623813014489
0,0.7232939468247506
0,0.7055005725118835
0,0.0497680749705917
0,0.6384551905487872
0,0.0497680749705917
0,0.4873762171043287
0,0.0497680749705917
0,0.7375413436600307
0,0.0497680749705917
0,0.0497680749705917
0,0.8653149422934827
0,0.0497680749705917
0,0.5447867509938203
0,0.6990308026524885
0,0.7171079073352142
0,0.7063042674612662
0,0.7050838576312494
0,0.7174183995471735
0,0.6709833562950596
0,0.7264327974952612
0,0.6118622334716708
0,0.0497680749705917
0,0.0497680749705917
0,0.7430806310311977
0,0.0497680749705917
0,0.0497680749705917
0,0.7235187775472979
0,0.6433269471191275
0,0.7638590679105435
0,0.0497680749705917
0,0.0497680749705917
0,0.0497680749705917
0,0.6999474133238734
0,0.7429595873883797
0,0.707635044442634
0,0.678325121295075
0,0.621006386418618
0,0.7168426272018164
0,0.0497680749705917
0,0.7209465378490271
0,0.0497680749705917
0,0.0497680749705917
0,0.6186017832673946
0,0.7035149114978594
0,0.7294239917976156
0,0.7103387130460349
0,0.0497680749705917
0,0.7187321339729233
0,0.0497680749705917
0,0.0497680749705917
0,0.715136674698559
0,0.0497680749705917
0,0.7245428365561655
0,0.7059011516662085
0,0.0497680749705917
0,0.7260720601196389
0,0.0497680749705917
0,0.0497680749705917
0,0.0497680749705917
0,0.7205509142220996
0,0.0497680749705917
0,0.0497680749705917
0,0.0497680749705917
0,0.6767462361549653
0,0.7922715489464858
0,0.0497680749705917
0,0.7277874305469071
0,0.7165202881989516
0,0.7432673290634287
0,0.5491021544827095
0,0.5098700075233192
0,0.7180894096218918
0,0.6936159235181345
0,0.5536897490330129
0,0.0497680749705917
0,0.0497680749705917
0,0.7314044351121393
0,0.7168483230418884
0,0.7234384830981295
0,0.7182995392960406
0,0.0497680749705917
0,0.7564376539358757
0,0.6894720230886354
0,0.7049500100030082
0,0.7206076319839337
0,0.8444355914034626
0,0.6008791732477159
0,0.6869842932225427
0,0.7309421996528324
0,0.620977430566261
0,0.7250094947683126
0,0.7694739717877347
0,0.0497680749705917
0,0.6244557846947555
0,0.0497680749705917
0,0.711041605529837
0,0.0497680749705917
0,0.0497680749705917
0,0.7113681250656266
0,0.6492970789648382
0,0.0497680749705917
0,0.6964890101292465
0,0.6672265236853587
0,0.0497680749705917
0,0.7152326904225862
0,0.7173147459487293
0,0.6710048037853643
0,0.7244607308007115
0,0.0497680749705917
0,0.6162150015376057
0,0.7290929207974338
0,0.695089320690877
0,0.0497680749705917
0,0.6727440700746515
0,0.0497680749705917
0,0.6812383608757668
0,0.797379232873009
0,0.6690695460429135
0,0.6783135795852799
0,0.0497680749705917
0,0.7310441897674367
0,0.5734342796680462
0,0.7595928465605299
0,0.0497680749705917
0,0.7270570610540742
0,0.7382991024403672
0,0.7777007962001248
0,0.0497680749705917
0,0.7284155822483209
0,0.0497680749705917
0,0.0497680749705917
0,0.7629341937751258
0,0.5922774464437939
0,0.7260881591043156
0,0.0497680749705917
0,0.0497680749705917
0,0.6477865404194344
0,0.6122461561887466
0,0.0497680749705917
0,0.0497680749705917
0,0.7010624279687409
0,0.7158941498786257
0,0.7328753978671197
0,0.6033289922755145
0,0.0497680749705917
0,0.7165994155465375
0,0.69861393579976
0,0.6907167504149435
0,0.0497680749705917
0,0.7121730365577226
0,0.6888042875464382
0,0.0497680749705917
0,0.7738380055575017
0,0.7075525477098471
0,0.7557727058754128
0,0.6442055701591526
0,0.0497680749705917
0,0.0497680749705917
0,0.0497680749705917
0,0.7821293390280275
0,0.6016949230312117
0,0.6007164926841112
0,0.7103224823159767
0,0.0497680749705917
0,0.0497680749705917
0,0.6585957246071774
0,0.5935607995960384
0,0.6396518641478011
0,0.6587014080206895
0,0.7157846340618612
0,0.6079781046281857
0,0.0497680749705917
0,0.0497680749705917
0,0.0497680749705917
0,0.6671488219054206
0,0.69010915551788
0,0.0497680749705917
0,0.7160986559799193
0,0.7380429718484645
0,0.7083401695877142
0,0.5856097998408377
0,0.7197111019311008
0,0.7214863239529156
0,0.0497680749705917
0,0.6755890742351138
0,0.5769812187702464
0,0.0497680749705917
0,0.7410660940300033
0,0.0497680749705917
0,0.0497680749705917
0,0.0497680749705917
0,0.676551235275052
0,0.7205804043084906
0,0.6856763923108417
0,0.6114042191548645
0,0.0497680749705917
0,0.7602728175061789
0,0.6293568219814821
0,0.5305347507441045
0,0.7305625083763476
0,0.7560793817133544
0,0.7122687386834233
0,0.7256020405393763
0,0.7186945348688246
0,0.0497680749705917
0,0.7650739792038063
0,0.7501820470482483
0,0.6186395902194972
0,0.0497680749705917
0,0.6093612749045431
0,0.6917192734180271
0,0.7243464616922884
0,0.7198535514462342
0,0.7787337421707781
0,0.7087593796116397
0,0.0497680749705917
0,0.0497680749705917
0,0.0497680749705917
0,0.7042557535914509
0,0.5997526720476116
0,0.0497680749705917
0,0.0497680749705917
0,0.0497680749705917
0,0.0497680749705917
0,0.6918509534880743
0,0.714038809076868
0,0.7177619365932189
0,0.7011107233917652
0,0.0497680749705917
0,0.0497680749705917
0,0.6627499241370323
0,0.6982785717293537
0,0.7159562707613071
0,0.6465383587490106
0,0.8734752693193478
0,0.6249702194195711
0,0.839837153102463
0,0.0497680749705917
0,0.8161953940357662
0,0.6971857742773451
0,0.7298597419389338
0,0.7242224411438123
0,0.0497680749705917
0,0.8086110875339366
0,0.0497680749705917
0,0.7096704257402581
0,0.0497680749705917
0,0.0497680749705917
0,0.6543302093169883
0,0.7195660729649644
0,0.712411315499429
0,0.7300457914132533
0,0.699075453403004
0,0.0497680749705917
0,0.7172671307092758
0,0.817360247664535
0,0.0497680749705917
0,0.0497680749705917
0,0.0497680749705917
0,0.6142939791271125
0,0.6689299578630206
0,0.7248789002699382
0,0.0497680749705917
0,0.6340491872636826
0,0.6663013957012416
0,0.7055833146253946
0,0.7198037913554033
0,0.7377427396303898
0,0.7228381086945965
0,0.7376018774776685
0,0.7990852368062455
0,0.6538605815563162
0,0.0497680749705917
0,0.7280084274948029
0,0.7167469567755786
0,0.5642962314210637
0,0.7419531434691008
0,0.0497680749705917
0,0.9285359141691936
0,0.7159544345817588
0,0.0497680749705917
0,0.0497680749705917
0,0.6511353925327537
0,0.6264621922655323
0,0.6347960811705617
0,0.5397897998866089
0,0.7274221613534504
0,0.7005932238170817
0,0.677471248476396
0,0.6827007620089004
0,0.6777166358845402
0,0.6522043730686334
0,0.7167626488477239
0,0.6822368704406814
0,0.630902817297582
0,0.0497680749705917
0,0.7145702191164357
0,0.7291681182099132
0,0.7846966002191889
0,0.0497680749705917
0,0.6983550154256083
0,0.589286435753611
0,0.6997388905121917
0,0.5478528828133749
0,0.7163265101183341
0,0.0497680749705917
0,0.7299224147636604
0,0.0497680749705917
0,0.7389001741233916
0,0.0497680749705917
0,0.5506778991561768
0,0.0497680749705917
0,0.0497680749705917
0,0.6820180167673326
0,0.7168102888632049
0,0.6959563063145073
0,0.0497680749705917
0,0.7292553096947737
0,0.6781041555666086
0,0.5195619309595719
0,0.6500869960771916
0,0.7652336286160889
0,0.0497680749705917
0,0.7282672795476637
0,0.6567202290925112
0,0.0497680749705917
0,0.838723742898679
0,0.6113530986764132
0,0.6897427902330456
0,0.0497680749705917
0,0.7698247325491907
0,0.7904032587165183
0,0.6647794993885073
0,0.7527008130714066
0,0.0497680749705917
0,0.6942953345807366
0,0.0497680749705917
0,0.7178959142539546
0,0.6714784499564737
0,0.6471555974017201
0,0.6987130740869185
0,0.7369268844632457
0,0.7944040671738359
0,0.7023577545988055
0,0.0497680749705917
0,0.7378858788352205
0,0.6753219142302769
0,0.7214304351578249
0,0.6689475044395591
0,0.6775133417546108
0,0.7393956463331087
0,0.0497680749705917
0,0.6531779088304026
0,0.0497680749705917
0,0.7197596011959494
0,0.6011649580150877
0,0.6471784880828274
0,0.6030986813365441
0,0.5704229937632279
0,0.7157901435400408
0,0.7082336003461474
0,0.0497680749705917
0,0.7232325032906135
0,0.7803732506512764
0,0.6962147644012602
0,0.658071342382879
0,0.0497680749705917
0,0.0497680749705917
0,0.6847573678492509
0,0.0497680749705917
0,0.0497680749705917
0,0.0497680749705917
0,0.7093918319471745
0,0.7422685602815277
0,0.5804393732426649
0,0.0497680749705917
0,0.7587519723993891
0,0.0497680749705917
0,0.8631710447575894
0,0.6865885821427449
0,0.7021128430020233
0,0.0497680749705917
0,0.0497680749705917
0,0.7558648417731433
0,0.7756166553943357
0,0.7144628355834947
0,0.7069666374923349
0,0.6800714291159342
0,0.6706058104612768
0,0.6735198321856556
0,0.6968387206187328
0,0.0497680749705917
0,0.6918943613692663
0,0.0497680749705917
0,0.5672053137186424
0,0.7082624977931999
0,0.6935852924272452
0,0.7352112718777121
0,0.0497680749705917
0,0.0497680749705917
0,0.7909192389915974
0,0.0497680749705917
0,0.0497680749705917
0,0.6801505787513943
0,0.0497680749705917
0,0.0497680749705917
0,0.0497680749705917
0,0.703602959948242
0,0.6623250011522221
0,0.0497680749705917
0,0.6874621516506428
0,0.6205602982380534
0,0.5181940303855207
0,0.6449579010029218
0,0.7640871452208942
0,0.6522636902531815
0,0.70987919461826
0,0.7073189553431336
0,0.0497680749705917
0,0.0497680749705917
0,0.7328122423355887
0,0.7209272404380728
0,0.0497680749705917
0,0.8902950544518268
0,0.7184064579695097
0,0.7508480584551437
0,0.7733861687932528
0,0.592224250231768
0,0.6740353396257454
0,0.6532012337778063
0,0.6990301883093767
0,0.7214507735061269
0,0.7149485674225056
0,0.6914488312457225
0,0.7243580426218922
0,0.6782646320301605
0,0.8260391807454578
0,0.6469501351273668
0,0.708625379872094
0,0.0497680749705917
0,0.5535016887829749
0,0.7159466150805054
0,0.7129923976862285
0,0.5427281727738554
0,0.0497680749705917
0,0.7288661051032399
0,0.0497680749705917
0,0.7009057059453897
0,0.7270999604866032
0,0.0497680749705917
0,0.8424643373429048
0,0.7171677652606441
0,0.0497680749705917
0,0.0497680749705917
0,0.5643065843368505
0,0.7963659440086489
0,0.0497680749705917
0,0.0497680749705917
0,0.0497680749705917
0,0.6427808059617319
0,0.5727686296881788
0,0.0497680749705917
0,0.6834282281750902
0,0.6296475176583077
0,0.0497680749705917
0,0.736035087507661
0,0.5927359599706971
0,0.7938809039946985
0,0.7965920916099071
0,0.7510552053030398
0,0.567777389119676
0,0.690845225723736
0,0.5393607568280201
0,0.7453321447608254
0,0.0497680749705917
0,0.7203344702095196
0,0.7457455041200848
0,0.5245073879811453
0,0.7334791113305416
0,0.7253032533917374
0,0.6660211205838076
0,0.612584628821493
0,0.0497680749705917
0,0.8340377679303644
0,0.7020260839958575
0,0.0497680749705917
0,0.7630286602502048
0,0.7096403144615583
0,0.0497680749705917
0,0.6034446666152837
0,0.0497680749705917
0,0.7893562435614556
0,0.7211598284547576
0,0.9857203163549744
0,0.6540418942325184
0,0.0497680749705917
0,0.729426990769362
0,0.0497680749705917
0,0.7061089442461048
0,0.7087046460242643
0,0.6525153165462372
0,0.6375080730681344
0,0.7138165663749677
0,0.6903155179114142
0,0.7199727766239334
0,0.7593662900840956
0,0.7158337790264765
0,0.6938013927893728
0,0.6970684509920986
0,0.7287848479932281
0,0.7073117741305401
0,0.0497680749705917
0,0.0497680749705917
0,0.0497680749705917
0,0.7047778730185079
0,0.6728128536646204
0,0.695993917708229
0,0.6453200245557418
0,0.5839655320280801
0,0.6602279178235416
0,0.0497680749705917
0,0.0497680749705917
0,0.0497680749705917
0,0.0497680749705917
0,0.0497680749705917
0,0.7026134961436905
0,0.7196884364366671
0,0.7438343356927598
0,0.7125381176139243
0,0.6366347854527826
0,0.6736083646368562
0,0.7426012112490467
0,0.0497680749705917
0,0.6377563975596998
0,0.7038376277802855
0,0.6983382873199611
0,0.0497680749705917
0,0.5307556238212531
0,0.0497680749705917
0,0.6208820253576297
0,0.6868155949161414
0,0.0497680749705917
0,0.8911780791784875
0,0.7520807043470544
0,0.7140801990543476
0,0.7072350149069087
0,0.7073177882382328
0,0.6281071740362666
0,0.5689228776333545
0,0.7432117042386045
0,0.0497680749705917
0,0.0497680749705917
0,0.0497680749705917
0,0.7267304081773783
0,0.7142083081891989
0,0.0497680749705917
0,0.0497680749705917
0,0.8095524138883736
0,0.6590192749718393
0,0.6700816227787635
0,0.0497680749705917
0,0.577050792664391
0,0.6927190277162735
0,0.0497680749705917
0,0.6329648652925158
0,0.0497680749705917
0,0.6006256649904437
0,0.0497680749705917
0,0.7089215490165026
0,0.7073023340902433
0,0.7228684606002836
0,0.7122135007130413
0,0.6689491705860869
0,0.7029307051462212
0,0.4952448030716661
0,0.6795662284643903
0,0.0497680749705917
0,0.0497680749705917
0,0.0497680749705917
0,0.5908908797367679
0,0.7365067946975615
0,0.714125417736464
0,0.765711315231973
0,0.6181721786078191
0,0.5996419712407476
0,0.7295258514885378
0,0.0497680749705917
0,0.6693126678817497
0,0.514560069235687
0,0.714114372656662
0,0.7362666658414747
0,0.6478484724750766
0,0.7058157222604227
0,0.0497680749705917
0,0.9998216415815318
0,0.7080497794286531
0,0.7107697212944062
0,0.0497680749705917
0,0.5807548738148111
0,0.7184091917653354
0,0.0497680749705917
0,0.6519457241099642
0,0.8124110063221879
0,0.7409990726811174
0,0.5450869504340148
0,0.6823817267007724
0,0.6889848658874098
0,0.5447461661633887
0,0.0497680749705917
0,0.7106429397508498
0,0.7854905157684722
0,0.0497680749705917
0,0.0497680749705917
0,0.7668780833304714
0,0.7004947881700905
0,0.0497680749705917
0,0.0497680749705917
0,0.6515695877069886
0,0.6897930873212565
0,0.7280210806804707
0,0.7511510641598241
0,0.0497680749705917
0,0.6053283965708194
0,0.7276538029932169
0,0.7332364784510118
0,0.6495909651437972
0,0.7616985810000491
0,0.0497680749705917
0,0.0497680749705917
0,0.7190970415273296
0,0.0497680749705917
0,0.0497680749705917
0,0.6399836861037322
0,0.0497680749705917
0,0.0497680749705917
0,0.7155132606336788
0,0.8290170642114606
0,0.6923744778914371
0,0.6003111745778484
0,0.0497680749705917
0,0.7129719198551278
0,0.7128746529709991
0,0.7026068316220593
0,0.7466311547827035
0,0.0497680749705917
0,0.6954585755736178
0,0.7094650478814035
0,0.5933190440979329
0,0.539551050545149
0,0.0497680749705917
0,0.7197460850382035
0,0.0497680749705917
0,0.0497680749705917
0,0.7382786578091315
0,0.0497680749705917
0,0.7253734476972985
0,0.0497680749705917
0,0.7000387688680331
0,0.7122115061721285
0,0.7392439978723981
0,0.0497680749705917
0,0.7291111601037589
0,0.6939311046365466
0,0.7119469136667786
0,0.7404038788420009
0,0.7187622265254098
0,0.752832727619942
0,0.0497680749705917
0,0.0497680749705917
0,0.7225040677983604
0,0.5867621627644505
0,0.5514605739361199
0,0.7192471811320889
0,0.0497680749705917
0,0.7084250284161561
0,0.7142557195943496
0,0.72332939269827
0,0.0497680749705917
0,0.6959898448516328
0,0.0497680749705917
0,0.7185152693192498
0,0.8051640614969331
0,0.5281153024011842
0,0.6370582955635131
0,0.7199409981270902
0,0.0497680749705917
0,0.7412598083937904
0,0.0497680749705917
0,0.7382319785308844
0,0.6651661071765451
0,0.0497680749705917
0,0.7019730960418218
0,0.7148965217650285
0,0.6735449916200192
0,0.7210076754584475
0,0.7255206125746813
0,0.6343263773340178
0,0.6528245903478268
0,0.7238486324606919
0,0.0497680749705917
0,0.6274285986931653
0,0.0497680749705917
0,0.0497680749705917
0,0.6782445023551599
0,0.7320214226205182
0,0.6845700649422646
0,0.640171669293346
0,0.705180774031007
0,0.8218341757322367
0,0.0497680749705917
0,0.0497680749705917
0,0.6565457224937695
0,0.0497680749705917
0,0.5602284830755968
0,0.6109108717451661
0,0.7139962648491033
0,0.6486183736978354
0,0.7251349694718923
0,0.6258651542906951
0,0.639674937835646
0,0.0497680749705917
0,0.0497680749705917
0,0.0497680749705917
0,0.7114326301917221
0,0.7500208398838047
0,0.0497680749705917
0,0.7401888020770863
0,0.7703255054483964
0,0.6747887501842863
0,0.7318216549905449
0,0.7169004219650519
0,0.61674100369511
0,0.0497680749705917
0,0.0497680749705917
0,0.0497680749705917
0,0.7240959943884371
0,0.0497680749705917
0,0.7221624742635692
0,0.0497680749705917
0,0.7263114683891271
0,0.0497680749705917
0,0.0497680749705917
0,0.7372367518909715
0,0.5679421346774267
0,0.7258206447014066
0,0.0497680749705917
0,0.6288810471822732
0,0.5478354937922032
0,0.618393103457454
0,0.7152174202189183
0,0.6952043253487957
0,0.7002349301551214
0,0.0497680749705917
0,0.0497680749705917
0,0.5775806472494834
0,0.5959364150331039
0,0.0497680749705917
0,0.0497680749705917
0,0.6329595300863622
0,0.7989820236654348
0,0.7196748718458961
0,0.6956750096602076
0,0.6599696438738281
0,0.6620237266739435
0,0.6809876196105707
0,0.0497680749705917
0,0.7305955809807814
0,0.0497680749705917
0,0.7021903211754383
0,0.6955278881429761
0,0.0497680749705917
0,0.5819976615605009
0,0.7190872226765246
0,0.8120847820397222
0,0.6945487545247349
0,0.0497680749705917
0,0.5126357661350022
0,0.0497680749705917
0,0.5863159237230358
0,0.6790113954530768
0,0.6754057276674887
0,0.0497680749705917
0,0.0497680749705917
0,0.771026905365731
0,0.6118134216512314
0,0.0497680749705917
0,0.8243521051305556
0,0.715742568779465
0,0.8134766198566282
0,0.6235276895495432
0,0.6965402304145153
0,0.0497680749705917
0,0.717502313503657
0,0.0497680749705917
0,0.6937864876137599
0,0.6002748701374999
0,0.8156172952664984
0,0.5118789299662756
0,0.0497680749705917
0,0.721341526510645
0,0.747783326216335
0,0.7198973816772997
0,0.0497680749705917
0,0.7195229142093102
0,0.0497680749705917
0,0.7057121819664848
0,0.0497680749705917
0,0.0497680749705917
0,0.0497680749705917
0,0.72255460445558
0,0.6184513552815502
0,0.0497680749705917
0,0.7589008392686234
0,0.6984997050455384
0,0.6943576544904595
0,0.6884409212834
0,0.0497680749705917
0,0.0497680749705917
0,0.7043038934349726
0,0.6938104535028157
0,0.0497680749705917
0,0.792275716839527
0,0.7114367754972754
0,0.0497680749705917
0,0.7198575632702231
0,0.5942212093376383
0,0.7938951339647591
0,0.0497680749705917
0,0.7126012301004013
0,0.0497680749705917
0,0.7435906123097654
0,0.7234459379190555
0,0.5337724795302117
0,0.6585695405207755
0,0.7796914738860534
0,0.0497680749705917
0,0.0497680749705917
0,0.7084937253084557
0,0.6690767202325437
0,0.6269578860315232
0,0.7322090901245059
0,0.5528841816318857
0,0.6224895517657578
0,0.0497680749705917
0,0.7437744281357922
0,0.0497680749705917
0,0.7317352896823314
0,0.0497680749705917
0,0.0497680749705917
0,0.61952266144515
0,0.7137481935162246
0,0.0497680749705917
0,0.710159796064765
0,0.0497680749705917
0,0.7106432446298944
0,0.6773447327058923
0,0.7146241941141581
0,0.0497680749705917
0,0.0497680749705917
0,0.0497680749705917
0,0.0497680749705917
0,0.6858920480407215
0,0.0497680749705917
0,0.6532958129266535
0,0.7201359994682505
0,0.657820782964188
0,0.7279733876948151
0,0.0497680749705917
0,0.7708344452816348
0,0.6450108127992599
0,0.0497680749705917
0,0.7247466494014977
0,0.0497680749705917
0,0.6762680220162888
0,0.0497680749705917
0,0.708924059049211
0,0.0497680749705917
0,0.7142616005463645
0,0.0497680749705917
0,0.7020477510516989
0,0.6524327424264599
0,0.0497680749705917
0,0.0497680749705917
0,0.6007623520714023
0,0.7987978894641783
0,0.6819387998736902
0,0.0497680749705917
0,0.7198655482708222
0,0.7120248972984385
0,0.6846360078874503
0,0.0497680749705917
0,0.7194356237076504
0,0.6115127283449516
0,0.5088139554427652
0,0.0497680749705917
0,0.0497680749705917
0,0.6693486088705273
0,0.0497680749705917
0,0.7265757516406763
0,0.5782608245408576
0,0.0497680749705917
0,0.7446392885310446
0,0.5503941256151628
0,0.7303527583319817
0,0.7173953485423346
0,0.0497680749705917
0,0.7562363128368541
0,0.6914730511944862
0,0.7075115981091943
0,0.0497680749705917
0,0.7067665304108118
0,0.7723919333469996
0,0.0497680749705917
0,0.0497680749705917
0,0.0497680749705917
0,0.0497680749705917
0,0.0497680749705917
0,0.7902242487295073
0,0.0497680749705917
0,0.0497680749705917
0,0.0497680749705917
0,0.5115970733973042
0,0.7263315716811976
0,0.7271543777648939
0,0.7250644431982177
0,0.0497680749705917
0,0.0497680749705917
0,0.71215633631103
0,0.0497680749705917
0,0.6905800685613422
0,0.7011501460459596
0,0.7077192699284939
0,0.7305676085254675
0,0.8256635210038218
0,0.7279006178148343
0,0.0497680749705917
0,0.6628569010070513
0,0.6957274235647791
0,0.6458413681544293
0,0.7320678068588161
0,0.6971781171511204
0,0.7947259308365591
0,0.5554255795515576
0,0.716284940883825
0,0.0497680749705917
0,0.0497680749705917
0,0.7387791815974049
0,0.7024442979019521
0,0.6133110994374498
0,0.0497680749705917
0,0.6601760596602416
0,0.6161916024451481
0,0.0497680749705917
0,0.5661647557856533
0,0.7661798981017627
0,0.7265693583936658
0,0.6973985184324211
0,0.6046519195294591
0,0.6943371931965566
0,0.6936328565077076
0,0.0497680749705917
0,0.0497680749705917
0,0.0497680749705917
0,0.7047238919627603
0,0.7197667961433564
0,0.0497680749705917
0,0.7294764316596037
0,0.6993317661098097
0,0.0497680749705917
0,0.5818458911866909
0,0.6193277325650414
0,0.5714379224167472
0,0.0497680749705917
0,0.7830969849499324
0,0.7230984204111726
0,0.5745755061482609
0,0.5666878115593289
0,0.73929214015033
0,0.7745298926742862
0,0.5792284856298108
0,0.0497680749705917
0,0.0497680749705917
0,0.0497680749705917
0,0.7264771441349009
0,0.0497680749705917
0,0.0497680749705917
0,0.6864394181171145
0,0.6042416763962432
0,0.0497680749705917
0,0.7091929052695507
0,0.7382049520099343
0,0.0497680749705917
0,0.705297362341065
0,0.6471127955841339
0,0.7387990968045018
0,0.0497680749705917
0,0.7631560369081071
0,0.6768161036271857
0,0.6508818296864795
0,0.5453223548456215
0,0.6845537626964704
0,0.7383346485185774
0,0.6399253461596738
0,0.988341400075569
0,0.0497680749705917
0,0.7671384002022752
0,0.0497680749705917
0,0.6223234778280144
0,0.0497680749705917
0,0.0497680749705917
0,0.678472151676817
0,0.6383802184702411
0,0.0497680749705917
0,0.6583289325768137
0,0.6536324142064418
0,0.0497680749705917
0,0.7004244567378066
0,0.0497680749705917
0,0.7924953373154638
0,0.6889776634071372
0,0.7548128066319971
0,0.6423129105608532
0,0.0497680749705917
0,0.6959197582486026
0,0.0497680749705917
0,0.7127805774789076
0,0.0497680749705917
0,0.0497680749705917
0,0.7667321154871155
0,0.5393351476310729
0,0.0497680749705917
0,0.0497680749705917
0,0.6990994389511174
0,0.0497680749705917
0,0.69387779814125
0,0.6768765656137211
0,0.0497680749705917
0,0.7476810730056689
0,0.0497680749705917
0,0.6721310484370776
0,0.7319454767151604
0,0.0497680749705917
0,0.7165938778371166
0,0.0497680749705917
0,0.754102916286937
0,0.5751099479164987
0,0.7209016416994195
0,0.6696899603430068
0,0.0497680749705917
0,0.0497680749705917
0,0.0497680749705917
0,0.7226724456495387
0,0.7279736969198605
0,0.0497680749705917
0,0.6562649223563524
0,0.0497680749705917
0,0.0497680749705917
0,0.6147482120851392
0,0.7170339589801642
0,0.7307871038725923
0,0.6882886351672195
0,0.0497680749705917
0,0.8043431099053826
0,0.6930063519887166
0,0.0497680749705917
0,0.723261450214638
0,0.7214324588763458
0,0.0497680749705917
0,0.6928715106564177
0,0.7183327400823399
0,0.0497680749705917
0,0.8023574315276067
0,0.7469481599265827
0,0.0497680749705917
0,0.6936813010176861
0,0.5994324403409224
0,0.6896584849865757
0,0.0497680749705917
0,0.7236463677362985
0,0.0497680749705917
0,0.6761003558876145
0,0.670188137307225
0,0.0497680749705917
0,0.7189919873352087
0,0.7040937248258066
0,0.0497680749705917
0,0.7303391875487586
0,0.7088195411868162
0,0.7210670965518302
0,0.0497680749705917
0,0.7326060089048914
0,0.7558684630035243
0,0.6527386811418546
0,0.0497680749705917
0,0.7061195453952198
0,0.7517532228978825
0,0.7166263295596463
0,0.0497680749705917
0,0.7412130033182938
0,0.0497680749705917
0,0.0497680749705917
0,0.7286729466376096
0,0.7217472289471498
0,0.5964592808541412
0,0.8515946652403412
0,0.0497680749705917
0,0.6634338483718214
0,0.7670077307329526
0,0.748483568897679
0,0.6478892935067581
0,0.5737199028695169
0,0.6268019032781177
0,0.9194015087204014
0,0.5880575332783737
0,0.6289445962539327
0,0.7085464812725786
0,0.7148232094822369
0,0.61936296869596
0,0.5781631740107154
0,0.0497680749705917
0,0.6350267561730477
0,0.7019581019459925
0,0.7246690945181377
0,0.0497680749705917
0,0.0497680749705917
0,0.6695907174553979
0,0.6314679042775437
0,0.0497680749705917
0,0.7345585507537061
0,0.0497680749705917
0,0.7427830186033428
0,0.0497680749705917
0,0.5381118535072871
0,0.0497680749705917
0,0.7638977247447107
0,0.8040043384364763
0,0.0497680749705917
0,0.9963777895219684
0,0.7122274612018519
0,0.7838247833296722
0,0.6593295155613986
0,0.6472295571244727
0,0.0497680749705917
0,0.715210532277385
0,0.7109586295317724
0,0.834145596766426
0,0.7063963543280996
0,0.7422013901616965
0,0.0497680749705917
0,0.7170409114266708
0,0.6313353223967297
0,0.7222677486348328
0,0.0497680749705917
0,0.553478670889367
0,0.7401335815636177
0,0.0497680749705917
0,0.0497680749705917
0,0.5108288822296203
0,0.575820993326902
0,0.7332904585819242
0,0.0497680749705917
0,0.5480763061852884
0,0.6373571836514297
0,0.696099608821077
0,0.6015576767725931
0,0.7323275560110586
0,0.0497680749705917
0,0.6790050579006477
0,0.6164593788947011
0,0.7231416403484867
0,0.8209781503927281
0,0.0497680749705917
0,0.7541815119550332
0,0.6010053790418666
0,0.0497680749705917
0,0.0497680749705917
0,0.5236685067754032
0,0.6516444984569817
0,0.0497680749705917
0,0.0497680749705917
0,0.0497680749705917
0,0.0497680749705917
0,0.5381363108959597
0,0.5731452892426132
0,0.0497680749705917
0,0.6938952812268461
0,0.7262949848223568
0,0.0497680749705917
0,0.5893596592873118
0,0.7185305205750462
0,0.7525926507367221
0,0.7225455812791864
0,0.0497680749705917
0,0.0497680749705917
0,0.7157066469307873
0,0.7335936409251429
0,0.7250702866992136
0,0.7202891822355885
0,0.6915657112085785
0,0.7153868419400087
0,0.0497680749705917
0,0.0497680749705917
0,0.0497680749705917
0,0.7428615222006328
0,0.0497680749705917
0,0.6894496485065588
0,0.7023909488181611
0,0.0497680749705917
0,0.0497680749705917
0,0.0497680749705917
0,0.0497680749705917
0,0.7252528808869325
0,0.7048652411772649
0,0.7214690857925941
0,0.6749440608393232
0,0.6917422413751569
0,0.0497680749705917
0,0.7214196984775219
0,0.7132132942182636
0,0.731740161908621
0,0.0497680749705917
0,0.8101807661205441
0,0.7109792716955176
0,0.6612936010247977
0,0.0497680749705917
0,0.0497680749705917
0,0.5983763799313255
0,0.7194017420183276
0,0.0497680749705917
0,0.0497680749705917
0,0.7686314673396573
0,0.6201200169112534
0,0.0497680749705917
0,0.0497680749705917
0,0.0497680749705917
0,0.0497680749705917
0,0.8100834042678144
0,0.803104876377972
0,0.7051124372946677
0,0.6062846744220458
0,0.6820610129814929
0,0.6515232767318362
0,0.5738992732697705
0,0.7233096486406481
0,0.7183509238688488
0,0.594438088796905
0,0.7110926126726066
0,0.9803798023447308
0,0.0497680749705917
0,0.7162056616964912
0,0.7659010534113677
0,0.0497680749705917
0,0.0497680749705917
0,0.7279927387253594
0,0.7056270265098904
0,0.0497680749705917
0,0.7278288186853645
0,0.0497680749705917
0,0.0497680749705917
0,0.6494596014957738
0,0.6719669805824662
0,0.0497680749705917
0,0.7422611842122099
0,0.7233827950771065
0,0.0497680749705917
0,0.719060492895492
0,0.0497680749705917
0,0.6756872784814361
0,0.7375646285164547
0,0.6430839698412737
0,0.809836593088328
0,0.6781654140615146
0,0.5042121756239398
0,0.0497680749705917
0,0.6683404822597454
0,0.0497680749705917
0,0.7317167665980412
0,0.7104530935976872
0,0.0497680749705917
0,0.0497680749705917
0,0.6832695981372401
0,0.7278919136485659
0,0.7256261173317218
0,0.6998389172785587
0,0.0497680749705917
0,0.0497680749705917
0,0.6995495663296202
0,0.7034119828583346
0,0.7277072303119306
0,0.0497680749705917
0,0.0497680749705917
0,0.7120844461783398
0,0.0497680749705917
0,0.7070288932176532
0,0.6451567035434221
0,0.5782962110561851
0,0.7282397690229371
0,0.6794094018713405
0,0.7304532155877189
0,0.7204414620922465
0,0.7529308423678522
0,0.6621656559398261
0,0.661821307371069
0,0.7194964731273092
0,0.7455483140169111
0,0.5823970486562949
0,0.7244685457983977
0,0.6578147864715368
0,0.0497680749705917
0,0.717468547304645
0,0.0497680749705917
0,0.7804640352712305
0,0.6691574709053993
0,0.7116682804171569
0,0.6321662953786125
0,0.0497680749705917
0,0.7131973756576456
0,0.7296171432616108
0,0.7301313123248728
0,0.6190607948084522
0,0.6338050645611549
0,0.726120615566096
0,0.5628428706490565
0,0.0497680749705917
0,0.7956173517905492
0,0.5229950880380616
0,0.7616637084445309
0,0.6774417327663934
0,0.6480663963364849
0,0.0497680749705917
0,0.7011807251923858
0,0.7727787116491696
0,0.6970152987321756
0,0.0497680749705917
0,0.7200167236314889
0,0.7258857088608138
0,0.6365554376304464
0,0.7010871078894098
0,0.0497680749705917
0,0.0497680749705917
0,0.678647287093782
0,0.6078930184874098
0,0.6095938336643858
0,0.6672387666633939
0,0.7723997143445248
0,0.7292076875314826
0,0.0497680749705917
0,0.7088181095812774
0,0.0497680749705917
0,0.0497680749705917
0,0.7742683500064597
0,0.7007547298646132
0,0.7946619022134195
0,0.5268176729015306
0,0.7198277617568308
0,0.6900875420158885
0,0.6202859440681312
0,0.0497680749705917
0,0.8720767351000801
0,0.7268578135065502
0,0.6990744206262628
0,0.0497680749705917
0,0.7323645072183022
0,0.9792498334030996
0,0.7117265201994332
0,0.0497680749705917
0,0.7295700390964378
0,0.715820037261643
0,0.7019849068501577
0,0.0497680749705917
0,0.0497680749705917
0,0.0497680749705917
0,0.7586326332137882
0,0.7527612294348192
0,0.0497680749705917
0,0.7153243352379888
0,0.7297139731016749
0,0.7864100780945452
0,0.6863245521845447
0,0.5889565595513879
0,0.6243866629650937
0,0.7598552691403226
0,0.6851688471966383
0,0.0497680749705917
0,0.724661932008243
0,0.0497680749705917
0,0.7105872869610416
0,0.7341702013133861
0,0.7318406140112178
0,0.8315321373093314
0,0.0497680749705917
0,0.6339870815905577
0,0.8153454420620007
0,0.6488184940640088
0,0.7152355561727112
0,0.0497680749705917
0,0.6875372494727543
0,0.7381682372290633
0,0.0497680749705917
0,0.0497680749705917
0,0.5986224001072268
0,0.7275477712507483
0,0.6206949021047171
0,0.7253640229131618
0,0.0497680749705917
0,0.6185981266643096
0,0.598317735445282
0,0.7149349478714567
0,0.6487001173088709
0,0.0497680749705917
0,0.0497680749705917
0,0.6966345386736275
0,0.7256504483977405
0,0.6867215088533973
0,0.6991259050962263
0,0.0497680749705917
0,0.5651283848029152
0,0.7320443259180182
0,0.0497680749705917
0,0.6379858258382982
0,0.730760546584104
0,0.6517374189290754
0,0.0497680749705917
0,0.6786098711172681
0,0.0497680749705917
0,0.7135388429801622
0,0.6340467580945892
0,0.0497680749705917
0,0.5953429874423415
0,0.8519124074307677
0,0.654462017916866
0,0.7113402055464493
0,0.7107097993269268
0,0.7108497172034259
0,0.7016503678261251
0,0.5557006083586772
0,0.6654084870907753
0,0.7465163317102417
0,0.7117753286224315
0,0.0497680749705917
0,0.0497680749705917
0,0.7910280524899287
0,0.7122591236149524
0,0.9735433191241174
0,0.7087772426729297
0,0.0497680749705917
0,0.6159157740490283
0,0.0497680749705917
0,0.726993818683622
0,0.0497680749705917
0,0.0497680749705917
0,0.0497680749705917
0,0.7277183999095421
0,0.0497680749705917
0,0.6416248828843941
0,0.59811963425366
0,0.6970455564273844
0,0.7003283956929346
0,0.7139732003807601
0,0.716724329925545
0,0.7463539920069205
0,0.0497680749705917
0,0.722086907077788
0,0.7166603130425276
0,0.7571854989378209
0,0.670788968748612
0,0.7201500743356029
0,0.582206922874348
0,0.7957631344487209
0,0.8201849789801957
0,0.796023770626604
0,0.7290250489311184
0,0.7520422184074277
0,0.6374231000216704
0,0.5966156191874201
0,0.0497680749705917
0,0.6124709516972645
0,0.7012734842842829
0,0.7066026822891374
0,0.7744937938325597
0,0.662770939404892
0,0.6822495162257947
0,0.0497680749705917
0,0.7198874610114181
0,0.0497680749705917
0,0.7265061289211752
0,0.0497680749705917
0,0.0497680749705917
0,0.9293357372801144
0,0.0497680749705917
0,0.7209319140227617
0,0.0497680749705917
0,0.7404481683779065
0,0.7151919283908453
0,0.7797747839077533
0,0.0497680749705917
0,0.7811024179675412
0,0.0497680749705917
0,0.5921553182795417
0,0.7084162592323731
0,0.7193717637350786
0,0.5609778269984544
0,0.0497680749705917
0,0.7255107205937229
0,0.0497680749705917
0,0.0497680749705917
0,0.7080315035220602
0,0.0497680749705917
0,0.7227978601918434
0,0.6892242318611603
0,0.6372265002433943
0,0.5526591895123464
0,0.8115683720091424
0,0.6960350744969688
0,0.0497680749705917
0,0.7233552852707645
0,0.6422178990209932
0,0.7207592378675599
0,0.552476578980356
0,0.8129734465421559
0,0.0497680749705917
0,0.0497680749705917
0,0.6979838297888123
0,0.7036437914689858
0,0.0497680749705917
0,0.0497680749705917
0,0.0497680749705917
0,0.6770322710433949
0,0.0497680749705917
0,0.6920475496626471
0,0.6749852622743381
0,0.7300428496297259
0,0.0497680749705917
0,0.6079455412545163
0,0.7019948168385007
0,0.0497680749705917
0,0.7210753661167678
0,0.5693016235567657
0,0.0497680749705917
0,0.4958344525514536
0,0.7052516132553519
0,0.609418420734266
0,0.7035510845913607
0,0.7205806682633851
0,0.6915327795916343
0,0.6489975629749928
0,0.4731963016610327
0,0.6208893846702426
0,0.0497680749705917
0,0.7466824710099981
0,0.0497680749705917
0,0.6681217325632807
0,0.7200246045309122
0,0.7204844878795217
0,0.630615011655265
0,0.7313759003490929
0,0.0497680749705917
0,0.7225656235379061
0,0.0497680749705917
0,0.6824825924748404
0,0.708854611923425
0,0.6141564668983502
0,0.6151251344113062
0,0.7231914233512005
0,0.0497680749705917
0,0.5814340083807548
0,0.0497680749705917
0,0.0497680749705917
0,0.0497680749705917
0,0.9188684027816884
0,0.7499194845843525
0,0.7284850579304275
0,0.7076898825584613
0,0.0497680749705917
0,0.7211258370430329
0,0.0497680749705917
0,0.7193199118641384
0,0.7047854307088277
0,0.6923405308418825
0,0.6194167352201915
0,0.7486334619715258
0,0.614004816961758
0,0.0497680749705917
0,0.0497680749705917
0,0.8508412323978499
0,0.7372594449761822
0,0.0497680749705917
0,0.7197872229415238
0,0.5642007365286406
0,0.0497680749705917
0,0.698855535793493
0,0.0497680749705917
0,0.6793871727002239
0,0.771092184995133
0,0.6981639362757762
0,0.7202323319354048
0,0.6825313910530604
0,0.7029058451817962
0,0.712841690907199
0,0.0497680749705917
0,0.8862091549379767
0,0.0497680749705917
0,0.6247102198614289
0,0.6947064528177895
0,0.693964823072932
0,0.6830905464391674
0,0.0497680749705917
0,0.0497680749705917
0,0.7129702525023305
0,0.6943635748761051
0,0.660859804192855
0,0.0497680749705917
0,0.0497680749705917
0,0.0497680749705917
0,0.6941685830188887
0,0.0497680749705917
0,0.0497680749705917
0,0.7273899983092531
0,0.0497680749705917
0,0.8491259695116039
0,0.7136240637307405
0,0.590232187922679
0,0.7579752517425967
0,0.7756797851549685
0,0.0497680749705917
0,0.0497680749705917
0,0.0497680749705917
0,0.5518218112559192
0,0.7206967470862407
0,0.691201552463088
0,0.7421920677584583
0,0.6668621524621066
0,0.6939927293960612
0,0.7226860833269627
0,0.7178834309618817
0,0.6470965767165673
0,0.6961263055567751
0,0.7666983212465307
0,0.6498514410724463
0,0.7388160267535197
0,0.8063868128321764
0,0.7044845552816289
0,0.716982852551099
0,0.0497680749705917
0,0.6730029981835783
0,0.0497680749705917
0,0.0497680749705917
0,0.7103853613230613
0,0.0497680749705917
0,0.6675282845793504
0,0.6786735352641308
0,0.6831036668176927
0,0.6979074397899033
0,0.6699987386661557
0,0.6832531254374044
0,0.7058799575792688
0,0.0497680749705917
0,0.7166398251215985
0,0.0497680749705917
0,0.0497680749705917
0,0.0497680749705917
0,0.6521949587815178
0,0.0497680749705917
0,0.0497680749705917
0,0.6939279522478434
0,0.5246833910029062
0,0.7126664447109483
0,0.71146206321481
0,0.8006685714462028
0,0.725214769035014
0,0.7290237000850056
0,0.7119460985452599
0,0.0497680749705917
0,0.0497680749705917
0,0.0497680749705917
0,0.7056845116025845
0,0.6824782099293972
0,0.682275687847539
0,0.7189234142974227
0,0.7223410856289478
0,0.7888721903075188
0,0.8068034455644963
0,0.6795817924389781
0,0.7179318545492345
0,0.6951571720416366
0,0.5874762306042803
0,0.7257518217029612
0,0.6945690807960974
0,0.0497680749705917
0,0.0497680749705917
0,0.0497680749705917
0,0.0497680749705917
0,0.0497680749705917
0,0.6293099475770061
0,0.0497680749705917
0,0.0497680749705917
0,0.7221150039135934
0,0.6958990206909247
0,0.0497680749705917
0,0.0497680749705917
0,0.7036647789484763
0,0.7062664751006166
0,0.7553463646934675
0,0.0497680749705917
0,0.7216273871162457
0,0.6827225549007404
0,0.7637845409162433
0,0.0497680749705917
0,0.7211354428037011
0,0.7020457273908585
0,0.7964819151990782
0,0.0497680749705917
0,0.7102516663841721
0,0.0497680749705917
0,0.7210422365968994
0,0.0497680749705917
0,0.7092449710313427
0,0.0497680749705917
0,0.6999452753005213
0,0.0497680749705917
0,0.5554135294039292
0,0.7305742027921674
0,0.0497680749705917
0,0.0497680749705917
0,0.6258642036798657
0,0.7596178272591663
0,0.6948899506116035
0,0.7063837181130648
0,0.6205861706090937
0,0.7218538905023494
0,0.5825027849821768
0,0.6620635703392778
0,0.7394927484563717
0,0.6762924434184681
0,0.6873605031745653
0,0.0497680749705917
0,0.0497680749705917
0,0.0497680749705917
0,0.7235066258444989
0,0.5568887642917886
0,0.0497680749705917
0,0.7091351846283406
0,0.6650272049050385
0,0.0497680749705917
0,0.505785805621731
0,0.6589471560889864
0,0.9112602118260515
0,0.649075959864922
0,0.6891061282412626
0,0.6495015522448017
0,0.7799800731717432
0,0.0497680749705917
0,0.644487307591824
0,0.0497680749705917
0,0.6518384470404895
0,0.7090329109285965
0,0.678525269343771
0,0.0497680749705917
0,0.7225976520011437
0,0.7650018765691047
0,0.7008818467412853
0,0.0497680749705917
0,0.0497680749705917
0,0.7367783677602763
0,0.0497680749705917
0,0.7145732934540873
0,0.6883539673610718
0,0.7276486458526342
0,0.0497680749705917
0,0.583169742834038
0,0.0497680749705917
0,0.0497680749705917
0,0.6168955911826809
0,0.7681236553555186
0,0.7248024019520765
0,0.0497680749705917
0,0.6173154591778653
0,0.7057274203658035
0,0.6982950410945334
0,0.7287044863367746
0,0.6901736047045645
0,0.7043962200146667
0,0.6894355096436696
0,0.6968489025580271
0,0.6081650426536517
0,0.715163344516652
0,0.7079092455406462
0,0.7016423504313812
0,0.7290255233881189
0,0.7102333281119164
0,0.8256213387127098
0,0.0497680749705917
0,0.7057435656107858
0,0.9968984362811296
0,0.6101523614224718
0,0.0497680749705917
0,0.0497680749705917
0,0.7099615232362507
0,0.0497680749705917
0,0.0497680749705917
0,0.7224432212181752
0,0.7050226664370055
0,0.0497680749705917
0,0.7158219737462926
0,0.0497680749705917
0,0.0497680749705917
0,0.689233751200474
0,0.0497680749705917
0,0.6731902475460609
0,0.0497680749705917
0,0.7370567392334214
0,0.0497680749705917
0,0.6413196127445656
0,0.6772786280022275
0,0.7201172908465024
0,0.7098568414725511
0,0.0497680749705917
0,0.0497680749705917
0,0.646442662395997
0,0.7119665150090081
0,0.0497680749705917
0,0.7231509583408434
0,0.0497680749705917
0,0.596496380217227
0,0.7219389200388926
0,0.7467182015713153
0,0.7023199223739354
0,0.760318604003585
0,0.0497680749705917
0,0.6891324312837009
0,0.6800694358996775
0,0.6614387224486864
0,0.7001830656021022
0,0.7219090246981283
0,0.0497680749705917
0,0.6510250486345783
0,0.7113444255030685
0,0.6396001626788892
0,0.5104356078142821
0,0.0497680749705917
0,0.0497680749705917
0,0.7176286783624753
0,0.0497680749705917
0,0.7299552834723754
0,0.8395897840544001
0,0.6447797835342338
0,0.7251888591763114
0,0.0497680749705917
0,0.7052687474253225
0,0.7259701127423982
0,0.6810702045718828
0,0.7354467487050484
0,0.7314129202781698
0,0.7156385797483221
0,0.5919240061374456
0,0.0497680749705917
0,0.6789688150999482
0,0.7681702357280116
0,0.0497680749705917
0,0.8089750444547171
0,0.7206664322261273
0,0.0497680749705917
0,0.6852131840799384
0,0.7028737198708307
0,0.701212070075424
0,0.0497680749705917
0,0.7216722951797302
0,0.5156786956015194
0,0.6853916808355135
0,0.0497680749705917
0,0.7723079325963114
0,0.7167970227642734
0,0.7956003992568202
0,0.7229898599448834
0,0.7433187672830495
0,0.0497680749705917
0,0.8343501493904255
0,0.0497680749705917
0,0.0497680749705917
0,0.8287469422960875
0,0.7942386057465767
0,0.6620554282114743
0,0.0497680749705917
0,0.0497680749705917
0,0.0497680749705917
0,0.0497680749705917
1,0.8651473645247652
1,0.7775448391684001
1,0.8001902695833013
1,0.9894828059444865
1,0.9999999998520592
1,0.9812926825089954
1,0.6896248249807467
1,0.7287607981281315
1,0.7089688118301205
1,0.8151958960672447
1,0.7639288454117067
1,0.7249788347618691
1,0.6786889778395025
1,0.9015451275151404
1,0.7860766977873196
1,0.7930945936477278
1,0.8222240923917351
1,0.7949148160445034
1,0.8323754232861627
1,0.8168037609198515
1,0.7889031073292447
1,0.8182796961778058
1,0.7837725248510802
1,0.7793657969354305
1,0.7664791016565635
1,0.8222115312152136
1,0.6886696843066541
1,0.8184686539606304
1,0.7296173007676292
1,0.6780749963036156
1,0.6183059801428507
1,0.7812594012719376
1,0.6916080395606695
1,0.9995851296000956
1,0.8609379584584542
1,0.9927144795417114
1,0.8478977880363238
1,0.707679882002686
1,0.0497680749705917
1,0.9259560846389588
1,0.8415455767176587
1,0.7874553042332904
1,0.5677584921400928
1,0.8168964337284622
1,0.7150862315295883
1,0.8100511428257521
1,0.7459805169776262
1,0.8206355491276224
1,0.861029356742175
1,0.706561905447856
1,0.7769223952488328
1,0.739804939595536
1,0.7173694874543153
1,0.8534137276295902
1,0.9847830875883176
1,0.69330961591801
1,0.9999999999766194
1,0.8100083256432614
1,0.9905978168366518
1,0.705471147870993
1,0.786960977247944
1,0.6988741115588087
1,0.8565079538225533
1,0.8134392015674294
1,0.6773545266686458
1,0.7531836273972685
1,0.8548485721221988
1,0.8183417223072574
1,0.8278452508758044
1,0.7637537081884457
1,0.7378644491613503
1,0.6740045447896964
1,0.8630875016945018
1,0.9057500894081608
1,0.701646902634741
1,0.0497680749705917
1,0.631666353204191
1,0.8713438945138758
1,0.6763377892409992
1,0.8609525973811413
1,0.7457451725523002
1,0.84767041257716
1,0.7576743388424808
1,0.7329613990959929
1,0.8551920871962579
1,0.8484239074130964
1,0.7409927027440295
1,0.7845468569806656
1,0.6552995670581343
1,0.7084792400188226
1,0.7676001582878302
1,0.7713056969810836
1,0.6727602267409417
1,0.8678025129553233
1,0.7418320789784509
1,0.7486380756724469
1,0.8234094187005732
1,0.77384630168366
1,0.989607435828588
1,0.9627974323354468
1,0.804388316624755
1,0.7190534925766608
1,0.7680985124580603
1,0.8533593316983312
1,0.7524026302648172
1,0.7519039058699182
1,0.7219884726357779
1,0.9925756907711204
1,0.7085355675180939
1,0.8069236365411036
1,0.8446341584941579
1,0.9075559955522904
1,0.7070470497688528
1,0.828734236395546
1,0.9900081433522436
1,0.6437802417862992
1,0.7724480328804887
1,0.7509880561494474
1,0.7424765602633248
1,0.8620386305320747
1,0.7331689484091312
1,0.7759872613021771
1,0.7397906818746426
1,0.8563010785966414
1,0.9315209163775948
1,0.7343320229096915
1,0.7925978403447737
1,0.7303286802658236
1,0.7622760542084481
1,0.7592837744337483
1,0.7506640500697922
1,0.885368899375985
1,0.852967158366412
1,0.7581019255137043
1,0.8670163790085265
1,0.7243889257275263
1,0.833430052549806
1,0.7385297929656653
1,0.7467388882543292
1,0.6997071986710832
1,0.752355735623722
1,0.7034974819899303
1,0.8304047769407079
1,0.7571205663189358
1,0.893297030815803
1,0.7688466186881755
1,0.8161425336771204
1,0.7567386866492832
1,0.8476912903539756
1,0.8307348366900822
1,0.7425248563242922
1,0.843757553757392
1,0.8655321432399307
1,0.6729335290878058
1,0.7463960194605131
1,0.8606848379857938
1,0.7016395883107591
1,0.7708495866498288
1,0.747717174083307
1,0.7179100181226646
1,0.8462732454581181
1,0.8432565785702296
1,0.7754120080507342
1,0.8169538565530517
1,0.701927462190148
1,0.7715571680462646
1,0.8583967162668271
1,0.8118212661249752
1,0.8703600395880002
1,0.8436889243090515
1,0.0497680749705917
1,0.8239158334252739
1,0.8328240625170484
1,0.9994401068224222
1,0.8167085267684773
1,0.9903235670676156
1,0.7617629706646026
1,0.9758457106325537
1,0.76110374014907
1,0.5666903351791404
1,0.7976246636763399
1,0.0497680749705917
1,0.984725822410356
1,0.7835003921521427
1,0.7402064380974427
1,0.6705007903405131
1,0.859519864708072
1,0.7764942769665593
1,0.840392621155451
1,0.7358944584680095
1,0.8576113575754306
1,0.8537087948557587
1,0.7456577668566301
1,0.8104221808390295
1,0.7250902800438652
1,0.0497680749705917
1,0.8951382175907953
1,0.7767204742196252
1,0.8582805297945413
1,0.7091488954835676
1,0.7814927198058819
1,0.7132529764279465
1,0.9858250954698512
1,0.9857882980638784
1,0.7585513411858575
1,0.9866249993197108
1,0.7390261609987332
1,0.8693536187103392
1,0.7266060812975024
1,0.8022365654624245
1,0.6990357891002784
1,0.7564989455358232
1,0.8043002594872447
1,0.7565008346818325
1,0.7426579145123051
1,0.9867776159495386
1,0.8095067528047997
1,0.7069085331737172
1,0.6619366758859804
1,0.8713323640816409
1,0.7848404190982042
1,0.8148613676226072
1,0.8136565255556538
1,0.7070264431059246
1,0.8439591267843579
1,0.6718223589173361
1,0.6923476954252601
1,0.7413120279216191
1,0.8080905345434367
1,0.7895224655248528
1,0.0497680749705917
1,0.7522184382113025
1,0.7526320370099775
1,0.8267171750780539
1,0.6656029577601192
1,0.7399254421301452
1,0.8969874571491199
1,0.7939508092883643
1,0.0497680749705917
1,0.7602126839816759
1,0.7734810553677705
1,0.7549101982466964
1,0.856926373334619
1,0.910561954081318
1,0.7955924924586212
1,0.832986203075673
1,0.6647325632393565
1,0.750387727914493
1,0.8960117473803249
1,0.8487854305891649
1,0.779565741610048
1,0.9692832972037636
1,0.699648583793185
1,0.9004774319839534
1,0.8008562600210885
1,0.8195821362237212
1,0.7625022032895892
1,0.8474873397221524
1,0.6331683883497178
1,0.8619410229913327
