label,anomaly_score
0,0.0358842017857726
0,0.0072566156940913
0,0.0109185762269611
0,0.0643102544936913
0,0.0349942088142176
0,0.0351146783925588
0,0.0347971920425694
0,0.0349888073274467
0,0.0065909720756224
0,0.0348107565611471
0,0.0228502798950982
0,0.0354006942671055
0,0.0337339081469649
0,0.0255339188572436
0,0.0358310682954253
0,0.0350892790287311
0,0.0251374439233811
0,0.0208162923370278
0,0.0209843901884128
0,0.0355239934956124
0,0.033555405985021
0,0.0114365901235069
0,0.0355333797369266
0,0.019599834622739
0,0.0690169653011642
0,0.0036270023484796
0,0.0357975314466241
0,0.0349155464064745
0,0.0350577996467842
0,0.0355450365486451
0,0.0070192011150371
0,0.0347955686073407
0,0.0262864288142118
0,0.035374980311414
0,0.0353280824145689
0,0.0355719143647178
0,0.0348300023695846
0,0.0358565579349506
0,0.0215182659395746
0,0.0351146783925588
0,0.0219055272929348
0,0.0282585185851047
0,0.0383951340979791
0,0.0357372300983919
0,0.0353350148554926
0,0.0023112021354703
0,0.0315130855270816
0,0.0353996035203933
0,0.0348215963002381
0,0.0349409707005572
0,0.0267753387568694
0,0.020860124880255
0,0.0356483082335209
0,0.0105712133617311
0,0.0348289400588536
0,0.0358489136400668
0,0.0355512435034471
0,0.0145467101007577
0,0.0342884816445851
0,0.035765237357286
0,0.0356086313885393
0,0.0358675297127058
0,0.0353581363570522
0,0.0354614285890658
0,0.060695551411338
0,0.0018268151338138
0,0.0357221514297068
0,0.0354650162395547
0,0.0358313243897836
0,0.0358612460265189
0,0.0086589698792593
0,0.0350683459868776
0,0.0182020201261863
0,0.0242386524020706
0,0.0349298608328489
0,0.0091765255779156
0,0.0114635559840122
0,0.0350238411235187
0,0.0352847351209252
0,0.0347598193317363
0,0.0347848162230587
0,0.0353565573997209
0,0.0348287073957136
0,0.0356942551628372
0,0.0358652914914537
0,0.0353732022087951
0,0.0348339957632758
0,0.0348720000604508
0,0.0305012930069437
0,0.0356498168631634
0,0.0256399643920143
0,0.0181000849662077
0,0.0358416958718483
0,0.0259013579881897
0,0.0347672287056479
0,0.0347816024159583
0,0.0356429977729781
0,0.0355198625132968
0,0.035283377730692
0,0.0356913887896683
0,0.0358655045995433
0,0.035623357471194
0,0.0290667782797726
0,0.0040780132492002
0,0.0347947161335718
0,0.0352550260843439
0,0.0124040099561859
0,0.0357752936631684
0,0.0358612827372365
0,0.0332863323738038
0,0.0357331968514434
0,0.0349252684603497
0,0.0357926384280995
0,0.0096248039290252
0,0.0290056361208122
0,0.0357268421633203
0,0.0356707065220863
0,0.0358022397016768
0,0.0351497287838004
0,0.0357630357538088
0,0.0356084664341764
0,0.0357249598812986
0,0.0355091231350491
0,0.0350776490104609
0,0.0353080521653483
0,0.0278325673801793
0,0.0183430580859192
0,0.035479297830462
0,0.0200603232628106
0,0.0348778375585652
0,0.0350142714798917
0,0.0358432234607092
0,0.0358454644175626
0,0.0179706226912928
0,0.0350418289379862
0,0.0356700468547883
0,0.0350655224975002
0,0.0235334264738714
0,0.0332396382828075
0,0.0355606602179019
0,0.0357018866927053
0,0.0089733723719142
0,0.0348071968684443
0,0.0350766589108412
0,0.0106132276767494
0,0.0349166009250013
0,0.0086016889700423
0,0.2438952380170556
0,0.0124233231131241
0,0.0348978911447152
0,0.0348276151847318
0,0.0163554163804239
0,0.0358411817887519
0,0.035340490987909
0,0.0355649165872771
0,0.0032030669732688
0,0.017562197375531
0,0.035248205382071
0,0.0350234687737171
0,0.0358309650585779
0,0.0353148897016442
0,0.0356811729819934
0,0.0356125562506489
0,0.0349406051632524
0,0.0335875910586785
0,0.0315418685979843
0,0.0357916336673608
0,0.0216867592280259
0,0.0273180823755927
0,0.0356900900885581
0,0.0319047803015443
0,0.0437094729395491
0,0.0354097451365253
0,0.034787381530218
0,0.114459383215209
0,0.0349589468551946
0,0.0164208001105809
0,0.0354292699491377
0,0.0351116010592188
0,0.0348303016746685
0,0.0088195128645753
0,0.0351512667228706
0,0.0297025612728712
0,0.0336220680123538
0,0.0348682297453545
0,0.0239443838793434
0,0.0380424905318414
0,0.0219855328934923
0,0.0358367600460861
0,0.0257792981008966
0,0.0357012987871922
0,0.0348145326176719
0,0.0350085780308248
0,0.0356404720505706
0,0.0356073665592715
0,0.0358312497193893
0,0.0323977158199294
0,0.0342613945896259
0,0.0356130651636053
0,0.0345361623296404
0,0.0266798132687594
0,0.0270168693092533
0,0.0352947601819254
0,0.0295429195439907
0,0.0191191738099685
0,0.0019193933880668
0,0.0137432507933648
0,0.0028649925721457
0,0.0236956201697191
0,0.0353697486626568
0,0.0330872838154584
0,0.0350794151994256
0,0.0353575286953705
0,0.0347868001134952
0,0.034883445435458
0,0.0024939084220369
0,0.0347863318116447
0,0.0356858127136811
0,0.0040056262482741
0,0.0348634848249013
0,0.0101543695081069
0,0.0358510235363203
0,0.0225615059595406
0,0.0180617913425123
0,0.0168871604984188
0,0.0351761834399572
0,0.0355768774318587
0,0.0346846918262316
0,0.0227075940409187
0,0.0171237111515519
0,0.0233971212710087
0,0.0356481146282022
0,0.0348673477008912
0,0.0005171099419381
0,0.5334937169616338
0,0.0358449365631881
0,0.0350176162871592
0,0.0357999171949987
0,0.0078647694501029
0,0.0324501902029713
0,0.035309896308514
0,0.0343382821959828
0,0.0268066872119973
0,0.0353250652363595
0,0.0357777554440324
0,0.0137053675621486
0,0.0356094768391085
0,0.0348213930428779
0,0.0351343200002103
0,0.0357571991937778
0,0.0352749047100401
0,0.0351553479545368
0,0.0357726598153971
0,0.0029102651604964
0,0.0357736021488003
0,0.0347923070609532
0,0.0347846834635145
0,0.033042675257899
0,0.035729855391827
0,0.0347869102128508
0,0.0358189028078623
0,0.0356688791894458
0,0.0352970965573737
0,0.0351278908976033
0,0.0352130629891834
0,0.0355489202220041
0,0.0356277013357086
0,0.0194952774559133
0,0.035435170209325
0,0.029875259731704
0,0.0023500585146299
0,0.035794725362708
0,0.0352732632772947
0,0.0351608768916686
0,0.0067939526366751
0,0.034496095044149
0,0.0222437647159986
0,0.0202153128040473
0,0.0185371194133247
0,0.0357280627755903
0,0.0358151463338152
0,0.0351865873716264
0,0.0354657613500561
0,0.0491399160662851
0,0.0346650742995231
0,0.0208703554518952
0,0.0357588405169238
0,0.0256269365495627
0,0.0352844718310021
0,0.0322892879649513
0,0.0356348286987334
0,0.0357001798246793
0,0.035825234244443
0,0.317090987953668
0,0.0347833204368649
0,0.0353372041213654
0,0.0351826234661631
0,0.0349235346250621
0,0.0354893651960432
0,0.0340457799825509
0,0.0348091787542522
0,0.0356759167424384
0,0.0132682628642726
0,0.0269846210690322
0,0.0357241279007186
0,0.0356899043307707
0,0.0097831700784015
0,0.0298622195507527
0,0.0072499899425812
0,0.0347820619865551
0,0.0358286940842469
0,0.0355369290104437
0,0.0352682206578833
0,0.0354564645345065
0,0.0353294814928318
0,0.0045233396536479
0,0.0358732523332378
0,0.0348023037285774
0,0.0356304039814727
0,0.0175613599634364
0,0.0351287971664206
0,0.0233457822484952
0,0.0159570614851795
0,0.0353164708235235
0,0.0347809565055803
0,0.0349605994759296
0,0.0349200265725183
0,0.0358648626662827
0,0.0350886303505268
0,0.035686232885726
0,0.0357329427632593
0,0.0358180701113976
0,0.0358062702853558
0,0.0006679469322077
0,0.0196787255600461
0,0.0123342587330206
0,0.02053469863966
0,0.0350401995599709
0,0.0351994578689995
0,0.0309023144812686
0,0.0099080216051853
0,0.0225941397201059
0,0.0332976269888899
0,0.0686815743455799
0,0.0353060383070973
0,0.0349370937375332
0,0.0348231870500979
0,0.0356518401912419
0,0.0349550331233542
0,0.0640882834340341
0,0.1460582515296539
0,0.0349503137700164
0,0.0205856377088456
0,0.0356439537482614
0,0.0333535713225604
0,0.0350807818210239
0,0.0303840942618559
0,0.0347917465958183
0,0.0308038882857375
0,0.0347838283710036
0,0.0150952062177487
0,0.0320289449905409
0,0.0348414397820225
0,0.0353618528185561
0,0.0348763560356266
0,0.0358410364233621
0,0.0328204156523515
0,0.0356549708136059
0,0.0290598931489635
0,0.0200830165916092
0,0.0355378042738572
0,0.0358048259827835
0,0.0347814153972075
0,0.0348896751280682
0,0.0357216274338054
0,0.0032189130502083
0,0.026744234109557
0,0.0342455798593036
0,0.0350223734450041
0,0.0356342560974392
0,0.0018974321001865
0,0.0340381185635397
0,0.0079288751992651
0,0.0354551420679927
0,0.0070787008786626
0,0.0348799181928848
0,0.0013406411613349
0,0.0032616778638476
0,0.1126007773334067
0,0.0338600840314421
0,0.0357778256596241
0,0.0356138417873027
0,0.121635129224572
0,0.0203809952463726
0,0.0356137497107052
0,0.0358167042383357
0,0.0256632119656782
0,0.0022447927009517
0,0.0316749880596115
0,0.0215289214528261
0,0.52964672093408
0,0.034943392965417
0,0.0350470435256784
0,0.0355777381250167
0,0.03563670029104
0,0.0145981948796533
0,0.035746809600786
0,0.0348384986590982
0,0.0349644438466756
0,0.2736392534083322
0,0.0019098609072316
0,0.0352195215272314
0,0.0358203606533635
0,0.0074749238199888
0,0.0168834105595924
0,0.0348228331067228
0,0.0356764863464612
0,0.0350926718864362
0,0.0210511667846011
0,0.0350154716679798
0,0.0348226008407534
0,0.0358187778593349
0,0.0294336053260739
0,0.0347846041943641
0,0.0012009998662636
0,0.0357246156776908
0,0.034974325989008
0,0.0350366690031529
0,0.0358677056662044
0,0.0356471940153036
0,0.0826700740377703
0,0.0177168543037897
0,0.0356885878499378
0,0.0357248190648736
0,0.0169880191919918
0,0.0358728799279683
0,0.034939686607693
0,0.0356383080711648
0,0.0300439418143941
0,0.0358473025939184
0,0.0122529452013967
0,0.0351350261122638
0,0.02367079950809
0,0.061190085244007
0,0.0354138046976456
0,0.0352384460543807
0,0.0358353699239928
0,0.0349531247368747
0,0.0356111641010217
0,0.0348563350826258
0,0.0248792053883305
0,0.0080094912902651
0,0.029231469635526
0,0.0277724547762804
0,0.034990092046613
0,0.0358002625826149
0,0.0006868378954686
0,0.0358581651151802
0,0.0343328031174382
0,0.0195696000427065
0,0.0266906191672062
0,0.035543753636106
0,0.0352295190851217
0,0.0358262327605703
0,0.0724072088752162
0,0.0357733342015528
0,0.0357081476281699
0,0.0218622203902072
0,0.0348495006635219
0,0.0351382919827825
0,0.035675677390207
0,0.0251925504937384
0,0.0210351672035071
0,0.0351271712279526
0,0.0353243257121743
0,0.0277453249280403
0,0.0348453424990194
0,0.0358531207437931
0,0.0312871116135902
0,0.0352281964831411
0,0.0263602015060273
0,0.0354706028222371
0,0.0148637038401569
0,0.0358285590494235
0,0.0356987806586685
0,0.0543181758030999
0,0.035866217741657
0,0.0356119387090257
0,0.0357629569768405
0,0.0018703690025678
0,0.029314747264973
0,0.0358588063301472
0,0.0356941279792547
0,0.0349006574619795
0,0.0327623743090908
0,0.0317139127823045
0,0.0017317749832631
0,0.0358243400875061
0,0.0507901850721918
0,0.0168370435732167
0,0.0355573941503821
0,0.0348145853699911
0,0.0348363059321072
0,0.0358127733398008
0,0.0355086743371569
0,0.0353047747238239
0,0.024074693108257
0,0.0358579954526596
0,0.0349930886433754
0,0.0250447532875691
0,0.0902538878542184
0,0.0233176875934984
0,0.034986148967355
0,0.0112107599074733
0,0.0356434768103868
0,0.035348602586404
0,0.0357062769959872
0,0.0356149381870669
0,0.0004543570422616
0,0.0349322950783065
0,0.0357146554769799
0,0.0350453671468033
0,0.0358580492872785
0,0.0347830206683727
0,0.0108844716404431
0,0.0357708520425569
0,0.0089685213506512
0,0.035147508342307
0,0.03585145516288
0,0.0093506317789673
0,0.0314585078141771
0,0.0193695694202135
0,0.0230383287602586
0,0.0349121758330274
0,0.8313172092732869
0,0.0358529799064247
0,0.0267273660021339
0,0.032312037699487
0,0.0355408545502106
0,0.0348592787501667
0,0.0350725701790471
0,0.0348899818078356
0,0.0354466925591823
0,0.0353733806816313
0,0.0326305900000885
0,0.0530973345390143
0,0.0358310284085568
0,0.0349421991502076
0,0.035709270029608
0,0.0353696052689479
0,0.0354695810825439
0,0.034985133096916
0,0.0350254592589647
0,0.1082341483467611
0,0.0350119302731995
0,0.0353214735885249
0,0.0353359657718176
0,0.0038402247677383
0,0.0357630116086545
0,0.0353922985029968
0,0.0338327067891842
0,0.0356627091794847
0,0.0317635419626872
0,0.0354816198479367
0,0.0080805013042845
0,0.0354037599158709
0,0.0274924595753293
0,0.0335359544362436
0,0.0459328567058527
0,0.0358400148146203
0,0.0355253621624015
0,0.0349508581831494
0,0.034785678400044
0,0.0481796705619634
0,0.0355436653179241
0,0.0349680977884235
0,0.034971259161817
0,0.0351703110052631
0,0.160952374962342
0,0.0348312132498126
0,0.0358810725463124
0,0.0025730961598667
0,0.0357801293208449
0,0.0180752373065719
0,0.0349211354270153
0,0.0197477241259551
0,0.0050044278441548
0,0.0004360144909552
0,0.0348402688392928
0,0.0239492710893713
0,0.0109600112829539
0,0.0034378603573838
0,0.0358410133997419
0,0.0370929337874937
0,0.0358077521095583
0,0.035742142370948
0,0.0352674532244128
0,0.0278507236681295
0,0.0358418634731864
0,0.0249482280748817
0,0.0355158755760961
0,0.1408545639634553
0,0.035291066110569
0,0.0348959040804909
0,0.0097728101034375
0,0.0358292694288126
0,0.0234410663267585
0,0.0356824626114673
0,0.0282364196289266
0,0.0352528083982748
0,0.0352695089420555
0,0.0057650688582889
0,0.0348119961059236
0,0.0353121254715495
0,0.035383345005761
0,0.0357923768971124
0,0.0142237548880944
0,0.0322151047984225
0,0.0348148865610037
0,0.002063764970248
0,0.0357073812052638
0,0.0353690998684878
0,0.0352489097745659
0,0.0354905341387385
0,0.0147178330856588
0,0.0358696310943613
0,0.0352308729120513
0,0.0358651312327452
0,0.0354122323465293
0,0.035752701928508
0,0.0183827152230669
0,0.035856166144777
0,0.0192311712323618
0,0.0160957489112123
0,0.0348089892130923
0,0.0357008722777438
0,0.035810789294311
0,0.035749896977314
0,0.0096168958603158
0,0.0275275061180813
0,0.0075587200301179
0,0.0356544927282329
0,0.0354785754738443
0,0.0447902473974083
0,0.0355432824321809
0,0.0348097961947015
0,0.0348294483670534
0,0.0348238411156042
0,0.0357512907771321
0,0.0290750081109279
0,0.0351671090967339
0,0.0106887343371298
0,0.0357713615152315
0,0.0354894971356187
0,0.0011847620890807
0,0.0271312786317751
0,0.0358652914914537
0,0.0037628592650997
0,0.0153395324545179
0,0.0026257865709739
0,0.0357554644177666
0,0.0352157908815269
0,0.0212545469074826
0,0.0341063919446553
0,0.0357879850380201
0,0.0358299834473443
0,0.0353449019601599
0,0.0299082128242634
0,0.0353299273486262
0,0.0035420408027262
0,0.033494799711694
0,0.0357740531443228
0,0.0130484232701584
0,0.0348342812147778
0,0.03504910433909
0,0.0357046249024365
0,0.0356208294698145
0,0.0357355569389265
0,0.0348017574024121
0,0.1276954189747635
0,0.0353393066301866
0,0.0358387310186289
0,0.035082271927402
0,0.00738947200007
0,0.0109482282655832
0,0.0347982554911258
0,0.0348003795121074
0,0.0256728830579254
0,0.0348176719149576
0,0.035082051997247
0,0.0358312450390932
0,0.0358643510362226
0,0.0022263013572114
0,0.0358408206748111
0,0.0143858893307997
0,0.0120291581394343
0,0.0352718953267112
0,0.0177643151054735
0,0.0294234899570768
0,0.0347838685447431
0,0.0267415178423242
0,0.0231156618582707
0,0.0356958243179403
0,0.0357574859858514
0,0.0355283553203358
0,0.0357103375749257
0,0.0355072105648343
0,0.0358605816960342
0,0.0358508616674772
0,0.0104412435994133
0,0.0348128710727697
0,0.0355231752694198
0,0.0267298222922365
0,0.0352980574297973
0,0.0355382207102248
0,0.0356705606094988
0,0.0351930866774616
0,0.035406724675608
0,0.0319452105422371
0,0.0348748584994769
0,0.0355369290104437
0,0.0358920672942925
0,0.0356757302285551
0,0.035089033066067
0,0.0019286116901344
0,0.0350355169457704
0,0.0113727074885406
0,0.034866707977904
0,0.1733218139510308
0,0.0260724419032284
0,0.0350554004513723
0,0.0194300570278737
0,0.0351291947554398
0,0.0349339577087314
0,0.0312471513041697
0,0.014739447087601
0,0.0193432902251338
0,0.035229233504546
0,0.0349261581603754
0,0.0348341519436037
0,0.0356611169413276
0,0.0358559226604818
0,0.0353140779319894
0,0.0261647745594917
0,0.0347834929887541
0,0.0170543709599879
0,0.0072750776811429
0,0.032901705488305
0,0.0357914032971802
0,0.0353823298301757
0,0.0349680648506643
0,0.035777763721853
0,0.0357244688125061
0,0.0347821903503725
0,0.0350949335134848
0,0.0351709636138122
0,0.0298993543397259
0,0.0357682922692684
0,0.0351741725025991
0,0.0357729882295063
0,0.0354557085538851
0,0.0159536087209119
0,0.0353301015795322
0,0.0347923070025938
0,0.0300817969120935
0,0.0202205777374049
0,0.0348454003373389
0,0.0351590003968257
0,0.0311698119462649
0,0.0358407235829467
0,0.0355239347353872
0,0.0333601310569798
0,0.0021031902918798
0,0.0353833173740689
0,0.0357225350422661
0,0.035714308578996
0,0.0261356770254804
0,0.0352908369882378
0,0.0351367185804375
0,0.0354650703884051
0,0.0348034190577744
0,0.0349945891215358
0,0.0348122755515814
0,0.0349576941784744
0,0.0193872453576436
0,0.0354868854061158
0,0.0022480127585208
0,0.0350441388754401
0,0.0358770333325128
0,0.0206563351304261
0,0.0358316335603731
0,0.0358319498960228
0,0.0348288135483759
0,0.035666582041798
0,0.0356917260833454
0,0.034860153428788
0,0.0249844696093998
0,0.0348725088374946
0,0.0202462493933908
0,0.035193288603243
0,0.0357866639890947
0,0.0340363524654455
0,0.0353365616485187
0,0.0292397970044422
0,0.0348468479928971
0,0.0348037925406811
0,0.0011942165253188
0,0.0344382543529112
0,0.0311320500502694
0,0.0354368660438844
0,0.0348517830738517
0,0.0348333402575093
0,0.0352354339588017
0,0.035673185078982
0,0.0350919546614906
0,0.0341515704551629
0,0.034933112311245
0,0.0356511299537668
0,0.0358415335249371
0,0.0348506906071196
0,0.020145140058881
0,0.0350224546623892
0,0.0355766812492017
0,0.0358444429770729
0,0.0559415307272177
0,0.0348614808308109
0,0.0267111718672638
0,0.0348263867991026
0,0.2419952490865431
0,0.0329755991145564
0,0.0328112674535174
0,0.0266368871012309
0,0.0349773413770984
0,0.0348338927595506
0,0.0105118813828448
0,0.6505296036628333
0,0.0357716783904679
0,0.03532283958324
0,0.035824021123124
0,0.0162192397541501
0,0.0063984663936327
0,0.0355850044201866
0,0.0235553561409914
0,0.0348314658245893
0,0.0348244054597496
0,0.0358421351569993
0,0.0351696531059088
0,0.0358193535653127
0,0.0210159457085183
0,0.0356309312520696
0,0.0348121132684483
0,0.0117475314411181
0,0.0263176412931903
0,0.0350261324821174
0,0.0186379928254329
0,0.0063130939874605
0,0.0122851027998621
0,0.0347797313707762
0,0.0356403305341388
0,0.0348433053985646
0,0.0358136297023997
0,0.0037627261312799
0,0.0357577371753938
0,0.0347812527207364
0,0.0353930731050008
0,0.0357362372476067
0,0.0357296559800627
0,0.0348128809708897
0,0.0355971357655246
0,0.0348658176134951
0,0.0347935757177881
0,0.0348028423980207
0,0.0358262010894762
0,0.0354948085889072
0,0.0037898116927531
0,0.0188431568568854
0,0.0350757714255777
0,0.035042172492455
0,0.0201910702049532
0,0.0350577167075529
0,0.0351024633195698
0,0.0240757131902797
0,0.0349101659208124
0,0.0355908120896729
0,0.0354803683262945
0,0.0353012354779092
0,0.017691679169356
0,0.0302359003434097
0,0.0348166933055887
0,0.0348752581710598
0,0.0356813861164496
0,0.0102993825032083
0,0.0273235610635051
0,0.0351139241034742
0,0.0277968434445813
0,0.0357688878687288
0,0.0356606199935949
0,0.0358542612916464
0,0.0058874359848407
0,0.0349106619294921
0,0.0358029074825659
0,0.0347966520791032
0,0.0027261351593773
0,0.0347769347294871
0,0.0341896406349104
0,0.0210107840913467
0,0.0350279878437529
0,0.0356994317517819
0,0.0358162596740263
0,0.0070211954141805
0,0.035382136568545
0,0.0358034588754139
0,0.0192469909438411
0,0.0357818965968939
0,0.0348575614464044
0,0.2936702887261664
0,0.0358204359490187
0,0.0264731251506471
0,0.0356433215629066
0,0.035558729435874
0,0.0350942181912631
0,0.0349749278214778
0,0.0354324959765813
0,0.0165889451197791
0,0.0343811752012754
0,0.0354458609537565
0,0.0178452351565075
0,0.0348052424971684
0,0.0348464158279694
0,0.0248635716054522
0,0.0351680306300842
0,0.0433856403962564
0,0.0203947972547383
0,0.0357132609146342
0,0.0273126534948388
0,0.035793260097038
0,0.0356613422752627
0,0.0032305724714093
0,0.0349588130871467
0,0.025413043284786
0,0.0166080633537016
0,0.0027309950035023
0,0.0357110167050281
0,0.0350725311581613
0,0.0270685022625806
0,0.0212971511555761
0,0.0358190816208503
0,0.0357891159700648
0,0.0163934448116189
0,0.0348634512906982
0,0.035112430815389
0,0.0476209976497412
0,0.0348209851295511
0,0.0166726180700411
0,0.0039654430711613
0,0.0348433653332131
0,0.0349469290972717
0,0.0138938042545477
0,0.0348095671078014
0,0.0358287452197441
0,0.0348322003677947
0,0.0340768208201525
0,0.0357121988729338
0,0.0197510039113607
0,0.0349576629844115
0,0.0354218193807014
0,0.0828899430722455
0,0.0357210601288761
0,0.0343384375839644
0,0.0348005820840468
0,0.0358672058738361
0,0.0152078439730912
0,0.0102908730814135
0,0.0022008230550515
0,0.0236152742671219
0,0.0183849781678575
0,0.034791133145902
0,0.0042687502706521
0,0.0097815482027769
0,0.0125683718582047
0,0.0219116331811384
0,0.0356689067989113
0,0.0347979952604585
0,0.0355538852123662
0,0.0254537150301314
0,0.0326906823048613
0,0.0347959734857252
0,0.0271142685575527
0,0.0350717014853681
0,0.0125766207292338
0,0.0018477467967616
0,0.0349854014769093
0,0.0417561062998348
0,0.0350458136144445
0,0.0348588009187368
0,0.0349045013891808
0,0.0351310598274928
0,0.0131694263139043
0,0.0349202662046969
0,0.0170519207290766
0,0.0347825323281099
0,0.0349907871378848
0,0.0318152229722175
0,0.0348793503952853
0,0.0018774406526211
0,0.0358280256631081
0,0.035508419980141
0,0.5329993084636668
0,0.035695980887409
0,0.0349100204654741
0,0.011298354034056
0,0.0283844307705364
0,0.0357754872776925
0,0.0044211387828241
0,0.013474766048268
0,0.0057565166624579
0,0.0351688026720772
0,0.03015189122154
0,0.0349612184263526
0,0.0349359971751054
0,0.0348218548494224
0,0.2987945616061632
0,0.2654516244411064
0,0.0356428887001249
0,0.034994834909386
0,0.0349162887352932
0,0.0356873175582805
0,0.027764019245335
0,0.0348430230393474
0,0.0355921155616364
0,0.0034036535946661
0,0.0111439967354357
0,0.0202512719780714
0,0.1110628288374202
0,0.0358306927227399
0,0.0350252790485246
0,0.0354010792920971
0,0.0293097070838371
0,0.0349590699113829
0,0.00527082634002
0,0.0349632609120842
0,0.03005199538403
0,0.0356401838100444
0,0.0142390153135292
0,0.035792844699183
0,0.0279596794576324
0,0.035060985103293
0,0.0105438771536119
0,0.0146825783959435
0,0.03562275377019
0,0.0358279632036477
0,0.0358580302316862
0,0.0240095123554894
0,0.0349364114086426
0,0.0354901264388049
0,0.0347957701643156
0,0.0249685308228834
0,0.035772093294349
0,0.035847052134603
0,0.0478233565846264
0,0.0348587813778858
0,0.0358024884138955
0,0.0358185398456515
0,0.0353136923243999
0,0.0348977663546342
0,0.0349497332222052
0,0.0353119033225256
0,0.0354371923491214
0,0.0187902316248237
0,0.0349582242910813
0,0.004724541568244
0,0.0372090797451768
0,0.0354655397195421
0,0.0114403032464308
0,0.0355258343580398
0,0.0356970169502604
0,0.0358561951037414
0,0.0358552712254067
0,0.0352212141539872
0,0.0348006990398371
0,0.0151268180310735
0,0.0136836322754775
0,0.0356179842101566
0,0.0054073658093132
0,0.0356983748117832
0,0.0358378048322236
0,0.0347653393493935
0,0.0353119033225256
0,0.0350923367424808
0,0.0119831603369804
0,0.030579783295232
0,0.0356879040059669
0,0.0351120560919259
0,0.0349344641778094
0,0.035240993260899
0,0.035449513236777
0,0.034875747525829
0,0.0673488268578479
0,0.0123775661749241
0,0.020401952218781
0,0.0358347623403986
0,0.0347768146256933
0,0.0357017041638426
0,0.0352077584089983
0,0.0349811144479067
0,0.0351591356979388
0,0.02665784637221
0,0.0019019010941418
0,0.035195432727306
0,0.034851821020086
0,0.0357849973406101
0,0.1745780522525206
0,0.0293465246138953
0,0.0166217890921531
0,0.0299560117772676
0,0.0296502056224927
0,0.0354891208738519
0,0.0356373682909231
0,0.035649459983125
0,0.0201176512591902
0,0.0357903194965104
0,0.0356153208198073
0,0.035311654590685
0,0.0358412490628811
0,0.0073914010739614
0,0.03477946139793
0,0.0115587925635641
0,0.0348287185672588
0,0.0003972419807516
0,0.0356179903763878
0,0.0358723286308252
0,0.0081669168762161
0,0.0358199851732891
0,0.0350050225107877
0,0.0227757094793145
0,0.0349703025963078
0,0.035073870938988
0,0.0205827589418826
0,0.0352577763476423
0,0.0354540690001937
0,0.0293618920055706
0,0.0356940319476346
0,0.0285233928707723
0,0.0347796458175971
0,0.0219244435244105
0,0.0358481441538892
0,0.034924465992984
0,0.0356161697541146
0,0.0347885728596441
0,0.035367548853125
0,0.0358581171902441
0,0.0357151163913057
0,0.0290830200383069
0,0.0355858102943467
0,0.0346460104311568
0,0.0351019956669498
0,0.0116498222994782
0,0.0329114259044736
0,0.0357799264961659
0,0.0123286865287297
0,0.0358515590535142
0,0.0349364645261943
0,0.0353755940359457
0,0.0349599926349691
0,0.0357251766270543
0,0.0356340479914709
0,0.0358560282001876
0,0.0460897119735882
0,0.0011652883603739
0,0.009902087681637
0,0.0347639390177408
0,0.0255716329774838
0,0.0347878351280711
0,0.0352119579648242
0,0.0324278253808361
0,0.034751780558644
0,0.0348187444884898
0,0.0349569127014579
0,0.034799996300062
0,0.0325542474682871
0,0.0350394634269468
0,0.0348135558982644
0,0.0356116261515707
0,0.0352232488930153
0,0.0351529303018102
0,0.0358760304177702
0,0.0355281404296597
0,0.0358542457195629
0,0.0352425308268993
0,0.0055025449951809
0,0.0348638703287353
0,0.0351097816368472
0,0.0351590438961215
0,0.0358141750656933
0,0.0081077384122436
0,0.0032664711200534
0,0.0358564920948393
0,0.0348379915759324
0,0.0355160564893827
0,0.0349952557368833
0,0.0352044256356097
0,0.0267993458024561
0,0.0348979025796218
0,0.0020315762415739
0,0.0088316877383885
0,0.035847052134603
0,0.0358712423131853
0,0.0358556284294735
0,0.0356937766501025
0,0.0357209695067936
0,0.0226960180493577
0,0.0020198992262392
0,0.0302894183186841
0,0.0019649954770387
0,0.0355586059534244
0,0.0321354114374238
0,0.0351680339150414
0,0.0353804172161208
0,0.0347910885033829
0,0.0160154089039785
0,0.0353278608228049
0,0.0081421939611079
0,0.0351573330460455
0,0.0347972678154681
0,0.0354957655574106
0,0.0358148903149817
0,0.0065863492973086
0,0.0349540534369317
0,0.0046311289886761
0,0.033918105460983
0,0.0353578178402179
0,0.0358656492659658
0,0.0353334401492962
0,0.0352592170957402
0,0.0356907706693762
0,0.0348745498669834
0,0.0296305837553787
0,0.0010995371349155
0,0.0358590200070176
0,0.0020979743557115
0,0.0350943560924246
0,0.0358113350674586
0,0.0358270586107017
0,0.0353706090840804
0,0.0348352297630919
0,0.0348110538436836
0,0.0355798824896721
0,0.0350062685875307
0,0.0313696260863679
0,0.0359252963133096
0,0.076588076099337
0,0.0358368009208874
0,0.0352667386728719
0,0.0356967273402763
0,0.0160472975369329
0,0.0350684578602893
0,0.0348679683699086
0,0.0354804339680708
0,0.0347906869334714
0,0.0356376448072108
0,0.0313761773160684
0,0.0358653986302324
0,0.0351774425328684
0,0.0173606363240974
0,0.0355792313892129
0,0.0129564295324759
0,0.0356249782633422
0,0.0357064948954666
0,0.0347959734857252
0,0.0358097994216391
0,0.0348656718834236
0,0.0272683209047143
0,0.0351000582285925
0,0.0347847860065705
0,0.0282655056645153
0,0.0356452157580676
0,0.0191897778390513
0,0.0278449513375713
0,0.0348075865576257
0,0.0278434093336687
0,0.0354342221394654
0,0.0035669183171012
0,0.0039182029846573
0,0.0351389478104644
0,0.0017714603974104
0,0.0356894460029726
0,0.0352230825687808
0,0.0029607637862346
0,0.0358690002433308
0,0.0163544335978447
0,0.0031717098947951
0,0.0353901136679893
0,0.031854219013859
0,0.0357818968094039
0,0.0354523039337852
0,0.0289806971292075
0,0.0093608253478051
0,0.035595201057237
0,0.0350648630528469
0,0.0312303874810232
0,0.0358671401737311
0,0.0347802762954585
0,0.035657322672258
0,0.0119937769757816
0,0.0344015747071769
0,0.0348502618122594
0,0.0171184550421278
0,0.0349572087855422
0,0.0350923367424808
0,0.0348516417795406
0,0.0233381892632754
0,0.0358017077831216
0,0.0357553823195075
0,0.0352632895342436
0,0.0102274879522593
0,0.0348821294532265
0,0.0106641377946769
0,0.0122925589688615
0,0.0358301514376584
0,0.0175850703569154
0,0.0052657008877702
0,0.0357517013042526
0,0.0157945764738809
0,0.0355175732023552
0,0.0295124396008483
0,0.0349673599849783
0,0.0348087836831539
0,0.0214278406697001
0,0.0348841413427816
0,0.0347883269058455
0,0.0293602244499063
0,0.035559261585241
0,0.0264384495318558
0,0.0349100555887964
0,0.0347980802656166
0,0.034865151640286
0,0.0348122755515814
0,0.0358565665347358
0,0.0353872116017415
0,0.0350849736165644
0,0.0278674969702092
0,0.0198577766800682
0,0.0154423556378383
0,0.0347806668097171
0,0.0350592346347986
0,0.0348930240299553
0,0.0349023555428904
0,0.0348872057890186
0,0.0355064188604117
0,0.0348136791076283
0,0.0098071467553151
0,0.0350822505352447
0,0.0040235701395595
0,0.0355488394381707
0,0.0331069416993575
0,0.0358204019779648
0,0.0357411139308853
0,0.0355349729768774
0,0.0357177754031742
0,0.0357346674441636
0,0.0348663770687999
0,0.0357224411761694
0,0.0353932604419546
0,0.0141713972136677
0,0.0152772327289868
0,0.0348299287347614
0,0.0353787544096033
0,0.0349061790399992
0,0.0350643218883736
0,0.0030525157825968
0,0.1186646369801575
0,0.0351224649328429
0,0.0282495574123399
0,0.0353447305503387
0,0.0351916410330122
0,0.0129235161475331
0,0.0358339260820842
0,0.003209246726309
0,0.0349984145391489
0,0.0355902614883211
0,0.0178245360696098
0,0.0087108804013168
0,0.0299203222231338
0,0.034820930402233
0,0.035366953340262
0,0.0137627357589976
0,0.0352328146723672
0,0.0120735317434267
0,0.0349206609946497
0,0.0348761123634771
0,0.0355276130254916
0,0.0237485049861405
0,0.0358343074092842
0,0.0386556082234396
0,0.0211336714066711
0,0.035690813584179
0,0.0348591012101148
0,0.0347930698411246
0,0.0350319820086145
0,0.0025977110569936
0,0.0248998656820208
0,0.0351416163553348
0,0.0323116486118242
0,0.0161203339274254
0,0.0354872422706734
0,0.0348452455437377
0,0.0355211187079657
0,0.0358179042237226
0,0.0355989992339735
0,0.0348591012101148
0,0.0357703766019089
0,0.014827508327399
0,0.035852270266587
0,0.0125766207292338
0,0.0357996654487286
0,0.0355753213099748
0,0.0070604896220059
0,0.0154854122857576
0,0.0356948528726957
0,0.0905593815500097
0,0.035389895097143
0,0.0285436746842379
0,0.035613904009469
0,0.0358399438367146
0,0.0349934711670346
0,0.0348813044118729
0,0.0081043013867094
0,0.0308025710306112
0,0.0353991500223466
0,0.0355274768715603
0,0.0037214953112099
0,0.0142102319333768
0,0.0358397994819872
0,0.0014046924253853
0,0.0356079645634737
0,0.0224294680641655
0,0.0352210651156337
0,0.027248863414033
0,0.0357226208208354
0,0.0350708537219731
0,0.035096621674484
0,0.0358225429806454
0,0.0350045273025489
0,0.0356296098533415
0,0.0192568964526326
0,0.0350878280371437
0,0.0353531942877053
0,0.0349220328984393
0,0.0023846890330708
0,0.0348467926103541
0,0.0358173861832043
0,0.0347837286952404
0,0.0358577832870754
0,0.0354201693884137
0,0.0356938601252655
0,0.0278401649842773
0,0.0120040212869404
0,0.0357079837479404
0,0.0350206743669555
0,0.0347812948475032
0,0.0349800849263119
0,0.0356160729116026
0,0.0353147866861875
0,0.0357752489748441
0,0.0347864589029486
0,0.0357665609572366
0,0.0315075036585923
0,0.0282030732818434
0,0.0204203402809934
0,0.0349511996987474
0,0.0009979795252534
0,0.0349744179071232
0,0.0355052852503612
0,0.0098550945325174
0,0.0294127332116803
0,0.0350260010352181
0,0.0214198173600774
0,0.0353135939636498
0,0.0350341184864097
0,0.0174269542236561
0,0.0354068118075456
0,0.0351181289651465
0,0.0056736586423727
0,0.0306244237155509
0,0.0348010435550617
0,0.0358390844778387
0,0.020046859420524
0,0.0356045353823445
0,0.0358201899939244
0,0.0357167902477043
0,0.0100495918661053
0,0.0348767100441923
0,0.0357823398851706
0,0.0159226438110818
0,0.03379673726319
0,0.0242243049200918
0,0.0053961411033452
0,0.0343436645175119
0,0.0255958885888362
0,0.0358540808454042
0,0.0352439267976752
0,0.035349261593121
0,0.0221846428284495
0,0.0358381066357376
0,0.0353890330893203
0,0.0350859637379325
0,0.0356919647434505
0,0.0356208879728462
0,0.0358676104824902
0,0.0348918883631416
0,0.0354233478130612
0,0.0285744962601165
0,0.0351408676275349
0,0.0351387552111062
0,0.01018325147629
0,0.03563550677311
0,0.0230886825978395
0,0.0355870595635805
0,0.0354606617011569
0,0.0351104832587789
0,0.1242050765824679
0,0.0050849702787553
0,0.0358503886593386
0,0.0356596801744147
0,0.3835138549853825
0,0.0351574875537767
0,0.0145074653856536
0,0.0354433578783613
0,0.0356092612671877
0,0.0347856628040383
0,0.0354748871370289
0,0.0358114488348568
0,0.0109274220020601
0,0.035067828655251
0,0.0349081358331157
0,0.0349165190838376
0,0.0355295209542432
0,0.2275924584068788
0,0.0213354334988898
0,0.0354351703999583
0,0.0347820289733827
0,0.035852814046079
0,0.0293302171026857
0,0.0347814116402688
0,0.0232976759408626
0,0.0357920640078751
0,0.0024626066261395
0,0.0139530292195805
0,0.0351987517954864
0,0.0016391797858658
0,0.0347843868691107
0,0.035048982661133
0,0.0073913456045336
0,0.001789362814429
0,0.0347953523387685
0,0.0348069435882056
0,0.0358586582650856
0,0.0348163182823979
0,0.008338509575811
0,0.0351104776653713
0,0.003657405627823
0,0.00793682318828
0,0.0343268314346129
0,0.0572249865718318
0,0.0350072330034213
0,0.028803333960454
0,0.0188774387324532
0,0.01501825971622
0,0.0356360347929833
0,0.0337688243333032
0,0.0356096328665855
0,0.0358652775091664
0,0.0352926913474496
0,0.0348025041230242
0,0.0129631821009504
0,0.0349055447909945
0,0.0253889047298842
0,0.0107941543136124
0,0.0278467874481429
0,0.0350800851960745
0,0.0159495961045184
0,0.0357680808320625
0,0.0304597562657697
0,0.0272673672793603
0,0.0282942926550919
0,0.0355759473342361
0,0.0353749303120101
0,0.0348607789301639
0,0.0358122522915552
0,0.0358173106449795
0,0.0051822223834202
0,0.0358723509501673
0,0.0348118075325061
0,0.0350776751077477
0,0.021729193428536
0,0.0245329225424335
0,0.0348136715915241
0,0.0358365413240181
0,0.0358557937841061
0,0.0349155601584387
0,0.0330406453924207
0,0.0308705120889524
0,0.0351034468171994
0,0.035656534962758
0,0.0353691795059881
0,0.0358644950033148
0,0.035683164452764
0,0.0356115759354771
0,0.0347849407561746
0,0.0358342261728889
0,0.0347832073219644
0,0.0358274265826517
0,0.0347809653135857
0,0.0358285217773065
0,0.0347862733852105
0,0.034406205050378
0,0.0105826078033105
0,0.0348134083289193
0,0.0350930423557028
0,0.0358473009220706
0,0.0099221083203661
0,0.0288764125287801
0,0.0357789690122692
0,0.030701891152686
0,0.0358572188801874
0,0.0190212362268515
0,0.0352819657393505
0,0.0357117163627575
0,0.0352527585914124
0,0.035361526851723
0,0.0025009165759961
0,0.0358097560001337
0,0.035081787952852
0,0.0356804803681858
0,0.0358580465181515
0,0.0358615800056619
0,0.0356481929082488
0,0.0355831832278179
0,0.0350356701925827
0,0.0357533002810679
0,0.0166493274897836
0,0.0355478527887378
0,0.0080952151801132
0,0.0352738858565185
0,0.0352125224179796
0,0.0349612774967961
0,0.0109867286559165
0,0.0357283228680353
0,0.0309314435574477
0,0.0348810976152393
0,0.0104574394218043
0,0.0347816257520832
0,0.0349644438466756
0,0.0358524907449169
0,0.0348880084098939
0,0.00403697161881
0,0.0073895463387645
0,0.0117887693887637
0,0.0094618127405625
0,0.001893586700935
0,0.0357540708404682
0,0.0355326791223388
0,0.0356347888532006
0,0.0358670574383656
0,0.0356806461929522
0,0.0326960940237086
0,0.0147249550126228
0,0.0130434322737759
0,0.0352028853484773
0,0.017848774085844
0,0.0357941352262994
0,0.0356670795606538
0,0.0296835516921926
0,0.0347862040132642
0,0.0337901168431843
0,0.0327096404464315
0,0.0091319360735493
0,0.0094810177412152
0,0.0350268731670622
0,0.0348502214210079
0,0.0351379136918276
0,0.0348017574024121
0,0.0157778613949997
0,0.007735303519818
0,0.0349325155468747
0,0.021708390336834
0,0.035294767945837
0,0.0116551214872004
0,0.0350632922286182
0,0.0280089519599421
0,0.0355750896313368
0,0.0356586515553616
0,0.0357499167009366
0,0.0269399436332234
0,0.0356653014788822
0,0.0354285343091201
0,0.0207524920840054
0,0.0356432235121654
0,0.0358475751888989
0,0.0358578311590708
0,0.0349492236663354
0,0.0358377411963112
0,0.0349081358331157
0,0.0354475671327231
0,0.0356031877355996
0,0.0348107870112331
0,0.0347913252576819
0,0.0348899364428777
0,0.0355317448547609
0,0.0204148315615671
0,0.0357269504006279
0,0.0129728524648144
0,0.0358319314790099
0,0.0084711480385328
0,0.0342188942418731
0,0.0119142557961513
0,0.0024585401659222
0,0.0111654897226991
0,0.0030295727812394
0,0.0014533057083746
0,0.1728576320666991
0,0.0357377573137181
0,0.0349839383104631
0,0.004857678092449
0,0.0347795076059894
0,0.0352864143225183
0,0.0348660850697335
0,0.0358557349137446
0,0.0348150929984252
0,0.0354634985363326
0,0.0358693112754995
0,0.0046832261314718
0,0.0358173175765534
0,0.0357662306622155
0,0.0356186016885886
0,0.0358562643881647
0,0.0132447665904182
0,0.0354335135747691
0,0.0358675376918546
0,0.0351988692411223
0,0.0351799550502584
0,0.016284906914951
0,0.0358560457788405
0,0.0349956963850301
0,0.0112796073359205
0,0.0032553607154183
0,0.0349232776381276
0,0.0335296850859137
0,0.0358579658237922
0,0.1041433834439702
0,0.0351682877768687
0,0.0358669192519283
0,0.0357612820642783
0,0.0144640307052903
0,0.0357883831137075
0,0.0568734334811562
0,0.0348882447054428
0,0.0357907368799443
0,0.0105095541442649
0,0.0358388618943984
0,0.0347985689634286
0,0.0111020126271901
0,0.0222289783887966
0,0.2491746135726527
0,0.0348034373115128
0,0.014025563030241
0,0.0354621641942317
0,0.0150370184387253
0,0.0200399948487851
0,0.0228101399241366
0,0.0348426355949319
0,0.0357289697329701
0,0.0155065722283517
0,0.0354589187655093
0,0.0350543308072796
0,0.0351167138916908
0,0.0046993297661371
0,0.03478313582726
0,0.0349159972660662
0,0.0009723321862857
0,0.0351062078471252
0,0.0271489409092819
0,0.0356139954215185
0,0.0353728846676304
0,0.021222360583477
0,0.0350827467240425
0,0.0352292333682682
0,0.00204490987202
0,0.0347854804502663
0,0.0348128766141917
0,0.0350569063039983
0,0.032013160736561
0,0.0792468261264335
0,0.0009788021994346
0,0.0358077486813146
0,0.0348163906276972
0,0.0353575286953705
0,0.0180179409951541
0,0.0357428453183847
0,0.0268519342719857
0,0.0348505157114583
0,0.0350762290713134
0,0.0349696212677437
0,0.0043484018307274
0,0.0292048390511905
0,0.0015903792401967
0,0.0349604048425069
0,0.0358384414734227
0,0.0355917843230517
0,0.0349707696786732
0,0.0654109290648586
0,0.0349002742932039
0,0.0348967919796932
0,0.0358906348198293
0,0.0358462313250015
0,0.0348960293774053
0,0.0349208016859163
0,0.0142455668396186
0,0.0112579213551936
0,0.00576623005818
0,0.03520789462041
0,0.0347972295938355
0,0.0351450346683503
0,0.0358431240619632
0,0.0345821921915132
0,0.005456420912998
0,0.0355724212109938
0,0.0348088372658564
0,0.01163113048949
0,0.0241952126259292
0,0.0347861808355397
0,0.034850162598174
0,0.0349313851551707
0,0.0113155795756323
0,0.0353961363854815
0,0.0357623535328786
0,0.0347904715527273
0,0.0355394352454305
0,0.0355904949123463
0,0.0209032682153332
0,0.0348365085041339
0,0.004448487450305
0,0.0184088393287511
0,0.0353310093396729
0,0.0356929663317871
0,0.0351149325252212
0,0.0186423327897941
0,0.0356182801510745
0,0.0356983748117832
0,0.0357176387537248
0,0.0358438578245142
0,0.0356442728358793
0,0.0348313632627014
0,0.0091810427850187
0,0.0349754509396121
0,0.0357007669737746
0,0.0358388107124233
0,0.0347884888751999
0,0.0168157404232774
0,0.0418462533578267
0,0.0128840087920263
0,0.0358571460281241
0,0.0355759601015907
0,0.0099454287072634
0,0.0354458609537565
0,0.0142940286754439
0,0.0116556405090081
0,0.024119319271242
0,0.0355724932895044
0,0.0349710830727837
0,0.0355705779226023
0,0.0178085036704617
0,0.0048246941531937
0,0.0356993426597067
0,0.0079378404543209
0,0.035724975464328
0,0.0357736568583004
0,0.2219036525234633
0,0.0348571013641891
0,0.0012077801772215
0,0.0350750498137928
0,0.0351720921560719
0,0.0096243447900596
0,0.0207920760519067
0,0.0356954558175315
0,0.0353632466899126
0,0.0269092516744647
0,0.0350717748851789
0,0.0240488911264418
0,0.0348077424728325
0,0.0359053113645677
0,0.0349238040179872
0,0.0347811099233534
0,0.0356912292791543
0,0.0358434428171249
0,0.034796642638352
0,0.0349887991244431
0,0.0358480661618668
0,0.0335900422776903
0,0.0349169534012624
0,0.0349942785922864
0,0.034800380748032
0,0.0061344897721724
0,0.012756816223114
0,0.0096684222031155
0,0.034839049385805
0,0.034806630551161
0,0.0286961492826616
0,0.0350298818415243
0,0.0348111248683709
0,0.0347814489259779
0,0.0353924974627775
0,0.0348070945338504
0,0.035653332913937
0,0.0350109843473329
0,0.0350974021135005
0,0.0100323766719499
0,0.0357986812564958
0,0.0061036924102283
0,0.0354520132225548
0,0.0195824847865612
0,0.0348686500935475
0,0.034810462122321
0,0.0014626786455563
0,0.0357001384730405
0,0.5368562297538204
0,0.0358266897604039
0,0.0231234134176261
0,0.0357381772477993
0,0.3581701112240719
0,0.0260290415758513
0,0.0349314718370906
0,0.0353934793230254
0,0.0108378300850568
0,0.031645338036681
0,0.0188400783135734
0,0.0357292412783082
0,0.0347824414457696
0,0.035792783608
0,0.0353728323822583
0,0.0355007388147458
0,0.0021128126795006
0,0.0357045052222479
0,0.0352695089420555
0,0.0201386951154046
0,0.0151766985788525
0,0.0238031748504582
0,0.0357433953363585
0,0.0257213660714493
0,0.0084710191973136
0,0.0989957619596138
0,0.0348491168538079
0,0.0349198254329882
0,0.0347849477646896
0,0.0356072354976251
0,0.029829567485901
0,0.0210500293563571
0,0.0355527588304543
0,0.0350262665440998
0,0.0356593812883905
0,0.0350000121221088
0,0.0327321085109557
0,0.0351237871696189
0,0.035119524168628
0,0.0050891526609777
0,0.0357635463745473
0,0.0358501244987212
0,0.0352059241866197
0,0.034786461233244
0,0.0357690556715586
0,0.0241946377032959
0,0.0102774933262086
0,0.0348094107351067
0,0.035333572480838
0,0.0352641049052311
0,0.0356897933255699
0,0.006853604808242
0,0.0357844816739997
0,0.0287962244836938
0,0.0358630344126004
0,0.0351874620065196
0,0.0358395935609182
0,0.0350632308969374
0,0.0725992428456864
0,0.0357156305613545
0,0.0224322864891453
0,0.0179047271100221
0,0.0321568436920528
0,0.0347926366803576
0,0.0347906780279898
0,0.0351902541304762
0,0.0350876201892099
0,0.0226022026616144
0,0.035813691991129
0,0.0304052528716385
0,0.0358795414453661
0,0.0351473689139405
0,0.0351377186709538
0,0.0347960182269966
0,0.0225165425557319
0,0.0191382327145169
0,0.0357724895695587
0,0.0093436206672703
0,0.0014204028315454
0,0.0349314718370906
0,0.0349180202753839
0,0.0353367951493617
0,0.024220831832392
0,0.0356713815010535
0,0.0348774956119318
0,0.0321676992815522
0,0.0355364508725158
0,0.034865467576316
0,0.0352458847549282
0,0.0353449082053334
0,0.0028508330434481
0,0.0348637898169037
0,0.0353076670216168
0,0.1596424705535801
0,0.0351414696071667
0,0.0348211949103128
0,0.0245793115432368
0,0.0028942024305315
0,0.0044957276948454
0,0.0336224981817404
0,0.0350891997418839
0,0.0349198722395108
0,0.0049616124855558
0,0.0350272015314013
0,0.0358140474400105
0,0.0350126247245325
0,0.0356992906280602
0,0.0358428303995466
0,0.0347828078631428
0,0.0356263631616093
0,0.0029926307625009
0,0.015813270629395
0,0.0350448857221628
0,0.035352883263865
0,0.0335125307673526
0,0.0358008289644624
0,0.0245263912941034
0,0.0349842215656224
0,0.0354949312381132
0,0.0358348505728345
0,0.0307527543019531
0,0.0348013056460552
0,0.035548737745638
0,0.0033180566248128
0,0.0357498252764909
0,0.0354668686389111
0,0.1167205130388819
0,0.0124820718020442
0,0.0352809375992009
0,0.0347923070025938
0,0.035857081435162
0,0.0352403935102453
0,0.0339024857384024
0,0.0343125212289033
0,0.03507406951474
0,0.0046764063949264
0,0.0348887333785106
0,0.0354324959765813
0,0.016854551520256
0,0.0356663523727326
0,0.0236893331892825
0,0.0098506189765422
0,0.0358503592597279
0,0.0357843347511579
0,0.0353134551105552
0,0.0349295385611988
0,0.0351650344260519
0,0.035770458751515
0,0.0357848019800476
0,0.035673185078982
0,0.0358101843312139
0,0.035149472470544
0,0.0357166915796447
0,0.2606822577406758
0,0.0292623150917249
0,0.126897739700624
0,0.0357359420022271
0,0.0352186675633885
0,0.0298620916866699
0,0.0358319759698165
0,0.028940680977546
0,0.0235216301208619
0,0.0357079753527934
0,0.0348597175976777
0,0.0348668648639838
0,0.0356060165683222
0,0.0348478873147629
0,0.0349992873184347
0,0.0356393753141033
0,0.0352825879370784
0,0.0348849410274735
0,0.033811245754314
0,0.0357532829050247
0,0.0350779590579946
0,0.0292678564418802
0,0.0026696801287021
0,0.0353262190903163
0,0.0098634211704312
0,0.024441917517241
0,0.0352524809517927
0,0.0222976135882237
0,0.0351328461500011
0,0.0358640878943129
0,0.0349995964442648
0,0.0019463018381742
0,0.03518624175662
0,0.0153719045655655
0,0.0348166933055887
0,0.0090508474539243
0,0.019175749100455
0,0.0356577662664388
0,0.0348394348509611
0,0.0062491462333078
0,0.0140955142067521
0,0.0303576792106011
0,0.002645609798128
0,0.0357630779770221
0,0.0350676385433108
0,0.0308223265792641
0,0.0348668264816966
0,0.0348112445371031
0,0.0373739437058577
0,0.0347638441563193
0,0.0306485704743931
0,0.031112169296833
0,0.0277328729233543
0,0.0347994672260389
0,0.0351820071995831
0,0.0321616288783816
0,0.0349202662046969
0,0.035124828708271
0,0.0483429861617686
0,0.0357957592660627
0,0.0351669329674844
0,0.035319457679436
0,0.0350085012077003
0,0.0291322866059983
0,0.035666640642468
0,0.0355803927967298
0,0.0297382761866124
0,0.0169723517309677
0,0.0079950841987915
0,0.0357900036818514
0,0.0359349315460793
0,0.0347957387063359
0,0.0339753034601051
0,0.0356657689171422
0,0.0358696857483391
0,0.006260046367409
0,0.0356274396558686
0,0.0356284754542206
0,0.034788309941447
0,0.0349072482570248
0,0.0033390025232849
0,0.0327969372590825
0,0.035716847283884
0,0.0356964544285279
0,0.0215937693095991
0,0.004707061891515
0,0.0343256927261269
0,0.0232365776665762
0,0.0355815687572467
0,0.0356532286269344
0,0.0347899933468399
0,0.03481406448255
0,0.4303197367580805
0,0.0226689419553331
0,0.0354695810825439
0,0.0327375514543783
0,0.035850602178773
0,0.0352126078632826
0,0.0035762040349855
0,0.0349793371816848
0,0.0351699877371467
0,0.0304571481628943
0,0.0351802656683211
0,0.0357497375124012
0,0.003558059332085
0,0.0356922392154215
0,0.0358052125063162
0,0.0356504447872638
0,0.0028690142877016
0,0.0355016250399975
0,0.0086462540513754
0,0.0121693691517782
0,0.0209848479208323
0,0.014000206092124
0,0.0350777709257792
0,0.0356594406913999
0,0.0354528161957303
0,0.0349874124541907
0,0.0358222798930297
0,0.0349237983071609
0,0.0347988951872834
0,0.0135411664544575
0,0.0359023328717264
0,0.0347810794098144
0,0.0358272180063933
0,0.0351039940862216
0,0.0126718480627389
0,0.0346142907768257
0,0.0358388343517587
0,0.0349933208393322
0,0.0351846330175306
0,0.0296691065376126
0,0.0220523932321162
0,0.0358967731214989
0,0.0356611690215427
0,0.0152454363070454
0,0.0355982572167865
0,0.0358171396321562
0,0.0348238890737247
0,0.0348256983308481
0,0.0358331467611639
0,0.0355662146763639
0,0.020860124880255
0,0.034911636074774
0,0.0347618606150028
0,0.0355079375182783
0,0.0190990497127171
0,0.006284459633011
0,0.0356152369520573
0,0.0349997842152084
0,0.0025206566661437
0,0.0213354334988898
0,0.0358658611893386
0,0.027265052480951
0,0.035121685407523
0,0.0013462345130049
0,0.0348833268595912
0,0.0293862031429969
0,0.0304296328204683
0,0.0350812014754301
0,0.0256460107999568
0,0.0021860860017699
0,0.0358174222916519
0,0.0199597903772969
0,0.0126574629732906
0,0.0300259636686715
0,0.0356454626980555
0,0.035840997922242
0,0.0347864589029486
0,0.0357748816271133
0,0.0160299368695359
0,0.0358408352550966
0,0.0233752622538208
0,0.0349258457156044
0,0.0358522984231605
0,0.0347828438538285
0,0.0348654202228793
0,0.0287491323362079
0,0.0358601651468646
0,0.0347916250528361
0,0.0358500979104713
0,0.034838369521089
0,0.035857787445187
0,0.0358290994524591
0,0.0348933967523283
0,0.035777935380054
0,0.0146110077249242
0,0.0646235341628501
0,0.4049597692251472
0,0.0357393144189153
0,0.0356817517535939
0,0.0323393251173374
0,0.0022382889247337
0,0.0347872174212267
0,0.0097565297964822
0,0.0357802663977404
0,0.0348690281368178
0,0.0358297566728833
0,0.035801385285172
0,0.0203196968714108
0,0.0143958608916894
0,0.0042414827373386
0,0.0348613014072263
0,0.0356056131992786
0,0.0357222287418984
0,0.022747066943072
0,0.0352269256258324
0,0.0351319013574597
0,0.0355637829751573
0,0.0355221241888894
0,0.034885978748642
0,0.0358132074468715
0,0.0173724356256322
0,0.0321746015768042
0,0.0316502603195276
0,0.0013929065524718
0,0.035337986706209
0,0.0348057639798257
0,0.0347989759051801
0,0.0347835976520149
0,0.0355705407461281
0,0.0349016127041745
0,0.0351948641011549
0,0.03584892683589
0,0.0349519327157538
0,0.0348649599425021
0,0.0014799793920618
0,0.0352890767329015
0,0.0350472784856916
0,0.0356489973502961
0,0.0358101463157608
0,0.0041847883185869
0,0.0349119601975796
0,0.030091600039262
0,0.034834408784924
0,0.034958435571702
0,0.0349359191116708
0,0.02686764277062
0,0.0350904513945916
0,0.0355738167790009
0,0.0035817412268483
0,0.0358324529096946
0,0.0355697409879351
0,0.0358005984645705
0,0.538106014145709
0,0.0353934793230254
0,0.0027480039208959
0,0.0357583927398213
0,0.0333569299708541
0,0.0356785998784873
0,0.0294975811448006
0,0.0358634567737809
0,0.0349697096047048
0,0.0353939642195838
0,0.0007187921002968
0,0.0749533574517309
0,0.021924431161008
0,0.0028017985584374
0,0.0358171624381043
0,0.0355675589197121
0,0.0281314927216803
0,0.035678030375044
0,0.5341302614511702
0,0.0331018108698577
0,0.0358087486586161
0,0.0348555271388989
0,0.0347984963326402
0,0.0094445313494363
0,0.0348588009187368
0,0.035188877912505
0,0.0269642762646016
0,0.0353491071131491
0,0.0351176709782091
0,0.0170298393303459
0,0.034803506101474
0,0.0087791225640143
0,0.021093676530058
0,0.0141813519109244
0,0.0015420057369146
0,0.0347866334636688
0,0.0271987771704501
0,0.0352663758909756
0,0.034810462122321
0,0.0093504971301919
0,0.0353344148879674
0,0.0358351492872907
0,0.0141887311549644
0,0.0358481186168305
0,0.0357590655159855
0,0.0222349486565228
0,0.0173303427079682
0,0.0357288832743135
0,0.0356763649944687
0,0.0357132609146342
0,0.028337993878695
0,0.0351769047188227
0,0.0358362835022201
0,0.0358008814799733
0,0.0356126948860387
0,0.0353519264298882
0,0.0346458755049366
0,0.0293470322546119
0,0.026255917648381
0,0.0356001737960974
0,0.0357769702973334
0,0.0039126302911579
0,0.0357868911759782
0,0.0148949264587109
0,0.0347807765551876
0,0.0354552799655737
0,0.0358065702381784
0,0.0205390045379912
0,0.0348360386838358
0,0.0355172976785294
0,0.0081439571976752
0,0.0125824733686279
0,0.0347873898886263
0,0.2221575281917768
0,0.0348846838334449
0,0.0354774112057357
0,0.0350658900790341
0,0.2549006471355461
0,0.0174032356129917
0,0.0348050604280083
0,0.0349383096922969
0,0.0358595867742317
0,0.0347955944342558
0,0.0156872269450357
0,0.0068186487141537
0,0.0039292740856448
0,0.0345202582622634
0,0.0355561260061609
0,0.0353300287038694
0,0.035475484844125
0,0.0348899217941994
0,0.0353158510305442
0,0.0027770656410262
0,0.0271982079980472
0,0.0311023341846951
0,0.0349536262044801
0,0.0385641276985122
0,0.0349786883897511
0,0.0358928424786219
0,0.0120766031209501
0,0.0028378076556659
0,0.0221145658329931
0,0.0350564155510603
0,0.0348944903133361
0,0.0351763811047915
0,0.026160937706842
0,0.0005461178931631
0,0.0178847737456444
0,0.0356123223830534
0,0.0012935900554128
0,0.0269433029727932
0,0.0357802940289607
0,0.0152046382497196
0,0.0347902958924725
0,0.0101238069328229
0,0.0347942092940035
0,0.0358189355274141
0,0.0314543915882344
0,0.039290336855561
0,0.03485066941581
0,0.0333524684748701
0,0.0080228785161064
0,0.0042868566051248
0,0.2388770595459214
0,0.0123282227124523
0,0.0157945764738809
0,0.1233962117113414
0,0.01824337200293
0,0.0041405952560436
0,0.0158143768659281
0,0.0310201010968316
0,0.0066514165709627
0,0.0288552812155037
0,0.0348476693310797
0,0.0238382171083897
0,0.0358420971029455
0,0.0459523454209201
0,0.0352012937930258
0,0.0356228681103428
0,0.0352470251144466
0,0.0351571577401591
0,0.0155722380568886
0,0.03516784847991
0,0.0222649955906325
0,0.0057112250881088
0,0.0803894248489143
0,0.0075722598574112
0,0.0347793879113707
0,0.0358614944576807
0,0.0356083730647478
0,0.0073579426997609
0,0.0151395385826114
0,0.0174196551494435
0,0.0358560791094247
0,0.0209085569135523
0,0.0034341379992279
0,0.0347831832092271
0,0.0248238537667726
0,0.0029893262221159
0,0.0353744455317919
0,0.0348673358529115
0,0.0300617217847606
0,0.0274662165936783
0,0.0357399261017971
0,0.008645521511614
0,0.0273796351196747
0,0.0253417052766742
0,0.0270955316133073
0,0.0195954133735314
0,0.0358378785214848
0,0.0350631616845847
0,0.0350869175628476
0,0.0348064550086718
0,0.0358082831294327
0,0.0201278810567674
0,0.0024419314602665
0,0.0157978858979017
0,0.0348044170633175
0,0.0266165063753301
0,0.0357412793271626
0,0.0357507702671852
0,0.0136451532027024
0,0.0348269305922796
0,0.0398929882772276
0,0.0170103634754885
0,0.0358287249443355
0,0.0349061790399992
0,0.0348293646536436
0,0.0348015701583033
0,0.0354930144796447
0,0.0354675854640747
0,0.0356793349088422
0,0.0348063574482692
0,0.0460057901311611
0,0.1017974450498701
0,0.0349248051717358
0,0.0319550434320055
0,0.034977296226561
0,0.035160774752231
0,0.0354830575232144
0,0.0350116410584052
0,0.0200597376582962
0,0.0200475814914537
0,0.0279599497769609
0,0.0348717265470082
0,0.0349495811407946
0,0.0358118864174339
0,0.0356575281924691
0,0.0352801554294918
0,0.034920463205476
0,0.0348518150407185
0,0.0148452448548054
0,0.0178995571525374
0,0.0114681368710617
0,0.0202936908719724
0,0.0117960140514387
0,0.0356901625691059
0,0.0354197150753107
0,0.0358499802909759
0,0.0230313844468576
0,0.0357550997893206
0,0.0158580899096337
0,0.0354060513135779
0,0.0350070058628715
0,0.0328312723194962
0,0.0179924211827147
0,0.0352056802175692
0,0.0348261029672713
0,0.0358609202028459
0,0.0354731572340848
0,0.0409081767619071
0,0.0404800832783539
0,0.0353985432365983
0,0.0348111945326545
0,0.0354714217591884
0,0.0352161645318654
0,0.0357050174724099
0,0.0358699407951586
0,0.0353392328247495
0,0.0350658042065516
0,0.0357635463745473
0,0.636699619828834
0,0.0349512865896506
0,0.0351741168696082
0,0.0347863181252373
0,0.0288891636075621
0,0.0353619384565476
0,0.0355092374385658
0,0.0358338592234034
0,0.026968320783762
0,0.0357853969817362
0,0.0350766230824713
0,0.0304368506508709
0,0.0045676581985755
0,0.0233021070404094
0,0.0350270831595389
0,0.0299730250068331
0,0.0355352303201104
0,0.0347853175985172
0,0.0319516955012032
0,0.0356922163275452
0,0.0350290163649602
0,0.0270657855735741
0,0.035671907212696
0,0.0351131937835787
0,0.0320059270685017
0,0.0351539218349133
0,0.0356955390787531
0,0.0358618667256889
0,0.203500565709956
0,0.0331322778572085
0,0.0351663386444527
0,0.0356304457570179
0,0.0355599195821511
0,0.0006161061840055
0,0.0353693707247326
0,0.0349078571274281
0,0.0102885614720431
0,0.0506410280204933
0,0.0356916609427491
0,0.0054370833984983
0,0.035329385324631
0,0.03483449017107
0,0.0348643662191164
0,0.0194310853543297
0,0.0174297699682145
0,0.0074006290171502
0,0.0358690174014777
0,0.0358644833973282
0,0.0072922764811671
0,0.010528443677634
0,0.0257845349632611
0,0.0357519155175957
0,0.0353271367845626
0,0.0348309348143085
0,0.0351802844074313
0,0.0352130686445918
0,0.0358231365777743
0,0.0356332480516738
0,0.0289819576307669
0,0.0351570230447769
0,0.0354058005210264
0,0.0347804247065742
0,0.0208687678961704
0,0.025890630834776
0,0.0320126230773523
0,0.0155017314884359
0,0.0352388847417664
0,0.0348289019752765
0,0.0348663291591903
0,0.0222126886299314
0,0.0348468479928971
0,0.013849116672397
0,0.0164570696241333
0,0.0348478818712012
0,0.0357509074428549
0,0.0442763506970439
0,0.0359016417776117
0,0.0358309403293158
0,0.0132256295096088
0,0.0354212985838484
0,0.0117417872882001
0,0.033998070124169
0,0.034745859934242
0,0.0061106288790887
0,0.0350169054848874
0,0.00315595290768
0,0.0268547687067747
0,0.0145512306545364
0,0.0317461839017088
0,0.0352848072959296
0,0.0338865320105639
0,0.0358427686427108
0,0.0091876019443724
0,0.0109595172028782
0,0.0351300795330189
0,0.0348939485963316
0,0.0328847453478506
0,0.0017963509800317
0,0.0354975449564754
0,0.0351274384987162
0,0.0357881358557051
0,0.0322102606117774
0,0.0357594277374758
0,0.0356491220409588
0,0.0356475200108719
0,0.0132366110420091
0,0.0344771763438814
0,0.0021491586185239
0,0.0354329617763704
0,0.0355188945162856
0,0.035220804137814
0,0.0228744323644317
0,0.0352716600603124
0,0.0348312593029045
0,0.0358363770241682
0,0.0358482837226696
0,0.00377304833438
0,0.0357382825756812
0,0.0357590690943212
0,0.0354541114759547
0,0.0357065885801125
0,0.0350501349663698
0,0.0350943789465303
0,0.0352833567074942
0,0.0354503193167723
0,0.0221969113797906
0,0.0347792502891824
0,0.0183145762900322
0,0.0349230660149918
0,0.0089327197295844
0,0.0358054383753785
0,0.0354552020949165
0,0.0358032317713383
0,0.0348857704523385
0,0.0356831355245734
0,0.0356839170552088
0,0.0356858512278419
0,0.034897270437171
0,0.0348106723801541
0,0.0358247980264629
0,0.0350670309856382
0,0.0091970699861176
0,0.0354697677530605
0,0.035730982236044
0,0.0338226478262358
0,0.0348322794293152
0,0.0115208268327446
0,0.0220120759969743
0,0.0299750864504242
0,0.0004972273827886
0,0.0352256463587385
0,0.0157625509977832
0,0.0354891457645138
0,0.013824158346873
0,0.0112396739503737
0,0.0160608595601988
0,0.0356647364779864
0,0.0201839153174501
0,0.0356893689744097
0,0.0356325141615621
0,0.0350584366913942
0,0.0350592692387663
0,0.0355235003010846
0,0.0351584438575673
0,0.0349942775577868
0,0.0358009194192789
0,0.0356560723384075
0,0.0247039819121024
0,0.0201955875779195
0,0.0356625289513417
0,0.0347844738188564
0,0.035450133016501
0,0.0349852905777957
0,0.0186895494884771
0,0.0355358168505235
0,0.0348111762777709
0,0.0284020099606574
0,0.0358365523996475
0,0.030557950316718
0,0.0358566804268895
0,0.01102516901831
0,0.0354974801010478
0,0.0948970141633032
0,0.0350276044547253
0,0.035868013718707
0,0.0353097158911447
0,0.0358543871252981
0,0.016468304136466
0,0.018263877608985
0,0.0348713271078799
0,0.0358531644382567
0,0.0224007442605701
0,0.0344140505974259
0,0.0353808021139686
0,0.0357404666711092
0,0.0348634480613604
0,0.0212724350882203
0,0.01710488232767
0,0.0259073110514574
0,0.0349184444530635
0,0.0196913189958138
0,0.0356811381028723
0,0.0020412576155252
0,0.0245263912941034
0,0.0081677982015431
0,0.027561693133421
0,0.0174679785756161
0,0.0357439205877125
0,0.0351882854042928
0,0.0357102021435225
0,0.0358063450536767
0,0.0357486052199845
0,0.0353079107207347
0,0.0347932414534814
0,0.0349540534369317
0,0.0046467521382222
0,0.0358788015181378
0,0.0349514072451235
0,0.0350107566211414
0,0.0053987632913434
0,0.0356792881234326
0,0.012719868003197
0,0.0107232263835716
0,0.0352036484362998
0,0.0353698463122075
0,0.0348541277566656
0,0.035449940761563
0,0.0358543162648683
0,0.0220660805604001
0,0.035380627556766
0,0.0348608709498766
0,0.0351011656297092
0,0.0357311342347403
0,0.0351071998029573
0,0.0053493227387446
0,0.0356104502798421
0,0.0157777023720396
0,0.0127459938271695
0,0.035769711746152
0,0.0304052528716385
0,0.035008412349791
0,0.0354594028896894
0,0.0348721187504991
0,0.0304431368056777
0,0.0348201118198858
0,0.0222346838781749
0,0.0344487183451881
0,0.0347880807486891
0,0.022933997148567
0,0.0334154179285961
0,0.0356539414587502
0,0.0349433304202264
0,0.0344172918120191
0,0.0262958568326738
0,0.0355488848591353
0,0.0350302767836226
0,0.0328562336008005
0,0.0336348373397523
0,0.0106597814425358
0,0.0024885467833563
0,0.0209819339028455
0,0.0356346301605378
0,0.014739447087601
0,0.0358002892056163
0,0.0343904360824157
0,0.035651053844551
0,0.0348316767975033
0,0.0028482957368449
0,0.0348254024699304
0,0.0349520584439641
0,0.0191672215723206
0,0.0347816120235608
0,0.0298624488452398
0,0.0226645762480446
0,0.0358425801121055
0,0.0347640014883139
0,0.0356134425379151
0,0.0358756658046472
0,0.0352833567074942
0,0.0350695550588198
0,0.0352340404449276
0,0.0290547024387944
0,0.0357741662998608
0,0.0161248297928001
0,0.0354184331146994
0,0.0593094471266067
0,0.035560297886769
0,0.0358915119564496
0,0.0026175378115122
0,0.0355507812397491
0,0.0013192994411605
0,0.0356403545085616
0,0.0357813489608134
0,0.0348013772185943
0,0.0357053451671244
0,0.035643864899161
0,0.03585678163041
0,0.035697312324716
0,0.0358634298884415
0,0.0305949642703744
0,0.0353949529678465
0,0.0354976374661648
0,0.0357850019325993
0,0.0358631255670906
0,0.0351197898664822
0,0.0083926060219795
0,0.011186027485384
0,0.0351310598274928
0,0.0027162608340181
0,0.0178705557561967
0,0.0350300525371812
0,0.0352067740418908
0,0.0348226920984798
0,0.0095110213162369
0,0.0348722530274046
0,0.0351502369740795
0,0.1534547933296045
0,0.0268704448073223
0,0.0010433229937011
0,0.0218489876761414
0,0.0347958465339798
0,0.0043495663676749
0,0.0145509989592498
0,0.0353676257826875
0,0.38793829130661
0,0.0356864611534254
0,0.0353073247850605
0,0.0350920990984735
0,0.0351711507562162
0,0.03507121470366
0,0.0349023852818768
0,0.0106879732687984
0,0.0176479221269019
0,0.0351189020912814
0,0.0354974645596428
0,0.0353344537520688
0,0.0358359016766082
0,0.0357377133946139
0,0.0079484147906288
0,0.0354020623203458
0,0.0348973430074249
0,0.0347976359895054
0,0.0347921714222578
0,0.0250700113310625
0,0.0351262037313121
0,0.0354875655726649
0,0.0203926690629868
0,0.034831955259649
0,0.035668543344175
0,0.0355604772865355
0,0.0346696154601339
0,0.0358573570819678
0,0.0356154190698789
0,0.0045847280258983
0,0.03555641205484
0,0.0348535587523515
0,0.034784708176036
0,0.0341427220613332
0,0.0357558072513988
0,0.0329789038545599
0,0.015569316930056
0,0.0072446773923276
0,0.0357154154957657
0,0.0128383356913516
0,0.0350638280689807
0,0.0137888919473495
0,0.0355243926018599
0,0.0269775416564011
0,0.0349952890842108
0,0.035724221827924
0,0.0226895113830547
0,0.0352710928534877
0,0.0099663431497478
0,0.035716975089411
0,0.0358507608741038
0,0.0348164629248967
0,0.0347821022078259
0,0.035606399554118
0,0.0356465782620352
0,0.0649380814884438
0,0.002145123696841
0,0.0349416103985391
0,0.0357998238489793
0,0.035822190335408
0,0.0099428110617881
0,0.0358475599503358
0,0.0349838764103404
0,0.0356626127977476
0,0.0358481026506617
0,0.0352725064075058
0,0.0347816139835453
0,0.0347823773395331
0,0.0297088514065448
0,0.0358096417068706
0,0.0354566817333833
0,0.0356314430555964
0,0.0201839647028685
0,0.0350142555111914
0,0.0356168016597216
0,0.035724058354255
0,0.0348805294831706
0,0.0050525807555846
0,0.0333678618133262
0,0.0229275594953625
0,0.0351855146938327
0,0.0353393441530004
0,0.233186917064348
0,0.0234184336410842
0,0.0358471031525025
0,0.0358423026470249
0,0.0351166061939942
0,0.0343425035221679
0,0.0352298105524062
0,0.0199267916130142
0,0.0335568887183735
0,0.0029538246090387
0,0.0351818837980471
0,0.0348599276185556
0,0.0224176389114599
0,0.016789792524101
0,0.0357325582233528
0,0.035024684091457
0,0.0356289997309311
0,0.0357011016101498
0,0.0078029886692863
0,0.0356665857170593
0,0.0166137307433984
0,0.0356166316153814
0,0.0356261366999409
0,0.0356415243372051
0,0.0117002765878742
0,0.0057329677934869
0,0.0356125145095487
0,0.0351688007853203
0,0.0089997009884157
0,0.0351278949364754
0,0.0349912615205674
0,0.0188889503477555
0,0.0126046731469697
0,0.0349720141180621
0,0.0351961133580606
0,0.0354614372300426
0,0.0199015378466868
0,0.0147990234498479
0,0.0352469194624914
0,0.022415780125206
0,0.0067418080366808
0,0.0349767431823179
0,0.0352006940486622
0,0.0305690703293526
0,0.0053655125113534
0,0.0354348047803339
0,0.0025103331361758
0,0.0316411809666108
0,0.0352917081767253
0,0.0357658133765449
0,0.0356303784480735
0,0.0349300542583541
0,0.0348669353550561
0,0.034791006357297
0,0.0357790156631403
0,0.0350252884117173
0,0.0352206173382102
0,0.0357921973109411
0,0.0002572089254342
0,0.0358684330181012
0,0.0358346318355236
0,0.0287708541711955
0,0.0033598163611142
0,0.0355393723534484
0,0.034791006357297
0,0.0358659084051333
0,0.009271228078947
0,0.0298247632223903
0,0.035483133135613
0,0.0357406221585095
0,0.0355635016511532
0,0.0358461036064039
0,0.0350985802065604
0,0.0281792199279983
0,0.0349552364066025
0,0.0301684374422747
0,0.0499923663944902
0,0.034074445531866
0,0.0186828751817236
0,0.0358670365465506
0,0.0347842358456548
0,0.0146142201685606
0,0.016286874982756
0,0.0348979919504338
0,0.0091608013318695
0,0.0357856920820505
0,0.0348254024699304
0,0.2534870081134314
0,0.0214434436431275
0,0.0356164346221778
0,0.0348430408289239
0,0.0356213143734514
0,0.0342233307677302
0,0.0068572172495799
0,0.0868786641089923
0,0.0351691383589508
0,0.0169979224052325
0,0.0349092755412179
0,0.0059670029431629
0,0.0358285916214727
0,0.0354256351651371
0,0.0358408286981835
0,0.0105742332802807
0,0.035817065038594
0,0.0355431365768047
0,0.0120636143462952
0,0.0100117146042137
0,0.0238317658871786
0,0.0356728034752494
0,0.0354899722331841
0,0.034915399859022
0,0.0357568736990194
0,0.0355162456535594
0,0.0348709216048541
0,0.0113201276169905
0,0.024220831832392
0,0.0347865644801766
0,0.0214690130037492
0,0.0054309264871791
0,0.035435202999694
0,0.034926099804609
0,0.0051813604196026
0,0.0348848414486589
0,0.0350858368587132
0,0.0349351593288782
0,0.0147489143294158
0,0.0350920438658953
0,0.0355043194174852
0,0.0275615955807406
0,0.0348869487581016
0,0.0009425312258011
0,0.0352547931079176
0,0.0192414525703156
0,0.0348672255543763
0,0.0356505953398387
0,0.0019105960694592
0,0.0356839707702363
0,0.0137006378664932
0,0.0353613870733929
0,0.0350062442144178
0,0.0347877325658014
0,0.0349016101898001
0,0.026831860596759
0,0.0348221200630752
0,0.04518758906087
0,0.0349468279194677
0,0.0351668241188154
0,0.0347978241121439
0,0.0349148840563696
0,0.0348206068635609
0,0.0356098534930226
0,0.0358001203705473
0,0.0095259945532115
0,0.0356833428810387
0,0.0350059380706492
0,0.0019630689531207
0,0.0347908112010958
0,0.0355387534428554
0,0.0357733873414958
0,0.0354853686666037
0,0.0358704013120275
0,0.0348491506894175
0,0.008855940996594
0,0.0130518898715742
0,0.0041506365878102
0,0.0314522283806254
0,0.035779572556312
0,0.0633203642511422
0,0.0270919863771335
0,0.0047718963165749
0,0.0348331050017318
0,0.0353768898851966
0,0.0351806637845609
0,0.0351977841518688
0,0.0350069104153363
0,0.0347797341024752
0,0.0358451941893806
0,0.0357369390755244
0,0.0150700748935021
0,0.0352399556685526
0,0.0206797233296257
0,0.0226160221064569
0,0.0179186541160343
0,0.0348171206504697
0,0.0347820733781108
0,0.0117362633009109
0,0.013718863774306
0,0.0358579737568511
0,0.0358059706392777
0,0.035755454731973
0,0.0351482174408064
0,0.0284517937827565
0,0.0355685296525033
0,0.0349841230369561
0,0.0356063664170996
0,0.0349556528399735
0,0.0133478008680002
0,0.0356336619236537
0,0.0282144818453553
0,0.0358531071138412
0,0.0152971535263513
0,0.0056705149076545
0,0.0347954319992867
0,0.0358363770241682
0,0.0216716054522791
0,0.0348341506528158
0,0.0340496744742679
0,0.0188387845248679
0,0.0338113961482618
0,0.0119001025384491
0,0.0354362272629828
0,0.0062391902124173
0,0.0358169770966667
0,0.0261007707959801
0,0.0352153472795155
0,0.0974370157770438
0,0.0349089007877922
0,0.0357571872899494
0,0.0016703979580398
0,0.0357506576054037
0,0.0124849319864542
0,0.0029888091342708
0,0.0349453452914989
0,0.0307414386842991
0,0.0357374233049931
0,0.0357231580762244
0,0.0053975128945253
0,0.0347804053832914
0,0.0179636206504007
0,0.0354618877629458
0,0.0296291889490697
0,0.0356256148648842
0,0.1093805237278915
0,0.0358506271752954
0,0.0078256911559368
0,0.0213066530225335
0,0.0334280502680088
0,0.0358632479814755
0,0.0358473470874967
0,0.0216924730244849
0,0.0041602493761508
0,0.035661835812405
0,0.0083685064938751
0,0.0094965714741328
0,0.0189583158189453
0,0.0038991585162282
0,0.0353307408046141
0,0.0043926064308145
0,0.0355423524278831
0,0.0353176306572958
0,0.0357952917747423
0,0.0357131685217089
0,0.0307116263139552
0,0.0348325783279134
0,0.0353804172161208
0,0.035832382403538
0,0.0356286547190098
0,0.0356087114315079
0,0.0351894683876082
0,0.0349611855986867
0,0.5341302614511702
0,0.0301912199229151
0,0.0357994263678732
0,0.0358627847440954
0,0.0049575753466596
0,0.0207518609660047
0,0.0356110735962483
0,0.0130042769436991
0,0.0354970849461461
0,0.0349045786471443
0,0.0357734297546353
0,0.0356930855204266
0,0.0349259849914113
0,0.0351023907529411
0,0.0349041993638174
0,0.0354723511828
0,0.0357000726768269
0,0.0348365250442661
0,0.0353985432365983
0,0.0206095031623257
0,0.0358136073793819
0,0.0163662593131726
0,0.0348875605757902
0,0.0327354981240205
0,0.0350405615378119
0,0.0352936662662077
0,0.0594699356480459
0,0.0254648948544743
0,0.0187334875534963
0,0.0204279193243838
0,0.0288802569547561
0,0.0274147529685801
0,0.0262601998069419
0,0.0355688394885698
0,0.0358476160305628
0,0.0350863804842439
0,0.0356864188137546
0,0.0358369001944751
0,0.0250707328853731
0,0.0357521538767841
0,0.0353070155558047
0,0.0347941740261693
0,0.0358574647278634
0,0.0350653103087972
0,0.0355434859830014
0,0.0102619906339515
0,0.0309481412092827
0,0.0358350694821583
0,0.0357715341909454
0,0.0348520686998357
0,0.0132603646577247
0,0.0335828943736353
0,0.0358719154483826
0,0.035784728401921
0,0.0355179056674575
0,0.0351636390765532
0,0.0357144563113111
0,0.0359385014366258
0,0.0335016160653349
0,0.0358732856157397
0,0.0056453149424034
0,0.0355954413877099
0,0.035631348663394
0,0.0348508442488036
0,0.0339371122882109
0,0.0358701492214615
0,0.0358633689869111
0,0.0242704040151715
0,0.0323034547341856
0,0.034956492379328
0,0.0349539818132264
0,0.0097184980155477
0,0.0356844192860076
0,0.0358576827369035
0,0.0355734531103021
0,0.0353769151280003
0,0.0136411130160433
0,0.0358941417179085
0,0.0351695134864587
0,0.0348048405432731
0,0.0348391240976313
0,0.0330205833229811
0,0.0260508895436723
0,0.0640607715643139
0,0.0692989804022188
0,0.0319686477737029
0,0.0144469863817655
0,0.035193039666129
0,0.0356348590080835
0,0.0358466682697446
0,0.0024928501578451
0,0.0247578484926206
0,0.0344702359398513
0,0.0347837986599956
0,0.0347968381860259
0,0.0350881453797897
0,0.0351580766363772
0,0.0349879775369228
0,0.0059908245287528
0,0.035012961451632
0,0.0356071112694884
0,0.0348694196806729
0,0.0115015101438337
0,0.0355147371669505
0,0.0358849724914612
0,0.0356067662690669
0,0.0356336619236537
0,0.0347999914929586
0,0.0348258516741376
0,0.0348609072528656
0,0.0356214736859813
0,0.0357800068995331
0,0.01741680664433
0,0.0354957121913733
0,0.0348184929693855
0,0.0352759764870322
0,0.0135990584507334
0,0.0339661994970776
0,0.0197910869264614
0,0.0347801849632056
0,0.0355297049269686
0,0.0353605714156345
0,0.0348646205117552
0,0.0348035691236336
0,0.0347643770560175
0,0.0358151365508626
0,0.059465977805993
0,0.0154475867722821
0,0.035515382249778
0,0.004055628764591
0,0.0358288915687493
0,0.03502579207958
0,0.0324043040812072
0,0.005430727821224
0,0.035637133293273
0,0.035447518855154
0,0.00215232117977
0,0.0125942640107572
0,0.52964672093408
0,0.0088378294974663
0,0.0314061275347347
0,0.035863219636656
0,0.0358455216972285
0,0.0350916571429959
0,0.0018281748082485
0,0.0355265726273687
0,0.0355969278981923
0,0.0349737937345554
0,0.0357194191450568
0,0.0117040552355349
0,0.0358505967034857
0,0.0346552065564494
0,0.0356442097854172
0,0.0350394461927386
0,0.0356345656423132
0,0.0013854952880559
0,0.03041566272309
0,0.0163490733076996
0,0.0081081623148812
0,0.0348529875525627
0,0.0304673497951589
0,0.0349100204654741
0,0.0173724356256322
0,0.0351157761813489
0,0.0347914454096869
0,0.0283861179067426
0,0.0353770278018896
0,0.0350085556145551
0,0.5337409378608146
0,0.0355531270128565
0,0.0350938754417553
0,0.0313692542195264
0,0.0314756870598187
0,0.0349930556293558
0,0.0347977593809465
0,0.0351712538634582
0,0.0348244045109189
0,0.0144836416887213
0,0.034771238292088
0,0.034780776471497
0,0.0354131560917311
0,0.0352537366907138
0,0.0135680848408871
0,0.0188604382795078
0,0.0348472405769787
0,0.035288537648095
0,0.0200794448702713
0,0.0033819203647948
0,0.0349652963111455
0,0.0012759152259479
0,0.0354620527924112
0,0.034785251876375
0,0.0358295735084085
0,0.0347999506518936
0,0.0187866896437546
0,0.0358569659520087
0,0.0356625301873658
0,0.0025816262189776
0,0.0771961881580747
0,0.0348113328421006
0,0.0358508389821252
0,0.0087791225640143
0,0.0355266865297034
0,0.0067424583426989
0,0.0350029267237194
0,0.0358708481582365
0,0.035664696123586
0,0.0347801770814132
0,0.0356520857868793
0,0.0326604078987179
0,0.0225882008505521
0,0.0354562656926331
0,0.0354709666909332
0,0.0357419544673625
0,0.0354660760494146
0,0.0253063181948739
0,0.0355476183636242
0,0.0348513490162538
0,0.035837277093546
0,0.0358305754353152
0,0.0308973311054382
0,0.0350231446644465
0,0.0348572977596289
0,0.0348889716116088
0,0.0349234142304139
0,0.035081787952852
0,0.0113675694384706
0,0.0044710546536946
0,0.0344727005640068
0,0.0161365059223294
0,0.0353762381140653
0,0.0148766411312335
0,0.0349660786358307
0,0.0355675211660862
0,0.0353247483852761
0,0.0347804706535398
0,0.0356532400083245
0,0.0357717875250271
0,0.009970216030228
0,0.0460185742816195
0,0.0276697437196994
0,0.034974234347185
0,0.0352732396949659
0,0.0358651186786954
0,0.0349395028002812
0,0.0352702467834471
0,0.0347894604958004
0,0.0347814517701091
0,0.0100833674485361
0,0.0268044344386987
0,0.021668408552024
0,0.0200906509313665
0,0.0357398080263723
0,0.0145383815905588
0,0.0356130581583551
0,0.0353932248466714
0,0.0352467454404896
0,0.0356028900224264
0,0.0358533039177698
0,0.0347944838744692
0,0.035275051553759
0,0.1690979696658454
0,0.0353253691753308
0,0.0233559158374513
0,0.0353121254715495
0,0.0190582273212568
0,0.0358631470346489
0,0.0311479281936882
0,0.0084660653419116
0,0.0348154896038689
0,0.0351963072750846
0,0.0312453285494999
0,0.0145865612762615
0,0.0358779603077277
0,0.031013104726649
0,0.0044165004376514
0,0.035075102751876
0,0.0348245098041385
0,0.0088477019097694
0,0.0358597416501726
0,0.0347847263379469
0,0.3131548159843276
0,0.0347920942339953
0,0.0262420386287086
0,0.0358111695010536
0,0.0314592573552386
0,0.0358631711007911
0,0.0209320314780936
0,0.0304519370378142
0,0.0456131722125214
0,0.0352882385176398
0,0.0347643156492645
0,0.0357368936682649
0,0.0358580059019443
0,0.0353531942877053
0,0.0241191496874635
0,0.0357915141170628
0,0.0032584262665619
0,0.0350133490994215
0,0.0349532140049679
0,0.0311638454662142
0,0.0348722530274046
0,0.0348467898429179
0,0.0321755195826175
0,0.0348216660248142
0,0.0355837426363051
0,0.0016180659241787
0,0.000426597407804
0,0.0349038771305664
0,0.0347930201702867
0,0.0352926103307034
0,0.0193987541172865
0,0.0209267684065494
0,0.0349841676028082
0,0.0356168153482359
0,0.0225505238918204
0,0.034786470161458
0,0.0018246914694044
0,0.0172969133111138
0,0.0233051649673294
0,0.0353049618485584
0,0.0349589906566919
0,0.0229005987194354
0,0.0357921761326938
0,0.002777224793639
0,0.0268516083354631
0,0.0352349450112306
0,0.0116203098063827
0,0.0358354140559689
0,0.035399490108224
0,0.0357995059664403
0,0.0351894182732764
0,0.0346457418957272
0,0.0358525760764694
0,0.0752824901564227
0,0.0240749065901464
0,0.0355454119237928
0,0.0237548182990005
0,0.0262497502424993
0,0.0358696471650671
0,0.0040608917428478
0,0.0356846813676404
0,0.0357395746138492
0,0.0348299971080072
0,0.0349540534369317
0,0.0069748641804574
0,0.0351077552154896
0,0.034822848787434
0,0.0348693104303794
0,0.0358658013473289
0,0.0074929904835346
0,0.0356174350552354
0,0.003658018767688
0,0.0217471997171262
0,0.0351122998803433
0,0.013720803282073
0,0.0289936896982376
0,0.0396297949262644
0,0.0196239605694611
0,0.0353088996733377
0,0.0313411523825795
0,0.0349015262354841
0,0.035320227066385
0,0.0354077592922578
0,0.0357079782861874
0,0.018923521775047
0,0.0357761153323117
0,0.0042312038495426
0,0.0348129518106525
0,0.0170791508569249
0,0.0063533519188721
0,0.0205390462103845
0,0.0357902298432619
0,0.035039947350175
0,0.0089103693492353
0,0.035131791703294
0,0.0048782673850912
0,0.0356033013686722
0,0.0747298242299447
0,0.0341120910298013
0,0.0349081406434208
0,0.0222872746714415
0,0.0064013607236056
0,0.010975394889652
0,0.0167420139924141
0,0.0350418832068906
0,0.0357691912197786
0,0.0345418407228107
0,0.0347644145811669
0,0.0044616444301611
0,0.0309866995016429
0,0.2261135780279758
0,0.0320588604497989
0,0.0104086927128086
0,0.0357858300823481
0,0.034847788397523
0,0.026001384748085
0,0.0357868861376779
0,0.1126781720134199
0,0.0352485806193778
0,0.0264096741556788
0,0.0348874628259317
0,0.0255051640239878
0,0.0005118548477201
0,0.0350620519123669
0,0.035262905213891
0,0.035459291310769
0,0.0259100801778315
0,0.0354979520692195
0,0.0356151535490089
0,0.0324221802194963
0,0.0302344810408415
0,0.0328205689592482
0,0.0351264371060694
0,0.0269254035125512
0,0.0279179147625583
0,0.0357373571396709
0,0.0355695189719305
0,0.0356332242108326
0,0.0162490958548695
0,0.0301716782596721
0,0.0034267701106162
0,0.0352499111734023
0,0.0344549668770201
0,0.0348227102014097
0,0.0349244859990496
0,0.0176597160827616
0,0.0348625688157943
0,0.032516853903587
0,0.0094376444858491
0,0.0358508616674772
0,0.0348023248103291
0,0.0358757886918022
0,0.0140680320042137
0,0.0350899015980859
0,0.0356895095586832
0,0.0349606428706009
0,0.0352065249709597
0,0.035325075875454
0,0.0356590831545676
0,0.0356068929197578
0,0.0349831106181212
0,0.035446621270598
0,0.0346744631344628
0,0.0352080083585362
0,0.0356332031218567
0,0.431045254264534
0,0.0353725048053733
0,0.0353583013053399
0,0.0271206818972279
0,0.0358117678181935
0,0.0349767296105881
0,0.0031115425436795
0,0.0348993879114534
0,0.035618906577643
0,0.035281365020148
0,0.0349394733459687
0,0.0588406483896195
0,0.0348263867991026
0,0.0355749920037999
0,0.0358147084217572
0,0.0356270732531148
0,0.0351739089059936
0,0.0356343746616793
0,0.0323510694286583
0,0.0351432070620324
0,0.034976414103624
0,0.0359192039159012
0,0.0349804592174171
0,0.0358563714754926
0,0.0353178050742785
0,0.0236710792520162
0,0.0356571402045184
0,0.0349351665227036
0,0.0356943984105163
0,0.0348257906559536
0,0.0349618157682899
0,0.0226854268592965
0,0.0269382761376759
0,0.0348176543479724
0,0.0347815736768338
0,0.0351396891303325
0,0.0358392376564283
0,0.0357806951274019
0,0.0357199460557455
0,0.0348023690970299
0,0.0357291826764404
0,0.0358874891844786
0,0.035844075390266
0,0.0355421569435155
0,0.035428200328506
0,0.0357553213844514
0,0.0352376835319695
0,0.0353041310009386
0,0.028962066367129
0,0.0351666045820216
0,0.0108153768562992
0,0.0356726237840728
0,0.0358331500251065
0,0.0328754824138029
0,0.0358678836747862
0,0.0355398490278948
0,0.0356876018007714
0,0.0358513091639474
0,0.0109770001619272
0,0.0358516730676347
0,0.0354925008667733
0,0.0342830133325723
0,0.0270102987911723
0,0.0358654302606874
0,0.0023579110737835
0,0.0198951892835781
0,0.0146296297251249
0,0.0355528279479695
0,0.0354213467700421
0,0.0357650511645947
0,0.0116436528960862
0,0.0348987362455508
0,0.035703797557284
0,0.1213551791221767
0,0.0349248827081044
0,0.0347771431391938
0,0.0131862571865172
0,0.1550857158461645
0,0.0061967570179942
0,0.0356016163769389
0,0.0356560832185458
0,0.0348226920984798
0,0.0358438840552987
0,0.0359267554440943
0,0.0309354246369172
0,0.0352944836264748
0,0.0135806292678077
0,0.0358385276519085
0,0.0356420004872386
0,0.0349187518753601
0,0.031157529327612
0,0.035567428822108
0,0.0347931693945497
0,0.0348681038741918
0,0.0347851455781069
0,0.0348956398670155
0,0.0294559106371873
0,0.0348743160242976
0,0.0348247381624566
0,0.0339164697935269
0,0.0084377464010415
0,0.0358667960943646
0,0.0357930068985984
0,0.0348869585340659
0,0.0219980615662796
0,0.0352725730088239
0,0.020604536229778
0,0.0692247654645044
0,0.0358193645128797
0,0.0347924145959329
0,0.0358478150849537
0,0.0260624967904186
0,0.0063818198099201
0,0.0356523787564198
0,0.0356757848797764
0,0.0046754300435547
0,0.0357830476900517
0,0.0358491028562334
0,0.0350191968997839
0,0.0348302606242113
0,0.023050548469462
0,0.0023131303796145
0,0.0101460889891134
0,0.0349632769477116
0,0.0355430714384834
0,0.0357008746742296
0,0.0348628737744346
0,0.0254903296812528
0,0.0017267306859962
0,0.0356006023547546
0,0.0053204718842011
0,0.0141445929764218
0,0.0073119909478031
0,0.0169643280350198
0,0.0350964248843651
0,0.0356253137059777
0,0.0358287258118602
0,0.0358549842945574
0,0.0347855972626096
0,0.0086559516402264
0,0.0350252790485246
0,0.016150049760035
0,0.0356418025327453
0,0.0315339300530032
0,0.0358245958631358
0,0.0318929565739499
0,0.0352631899622262
0,0.0205185594632236
0,0.0356204694994184
0,0.0244949064555054
0,0.034977246614724
0,0.0358206115877788
0,0.0348112445371031
0,0.0356848972504162
0,0.0356724920693468
0,0.0349157832661875
0,0.0350122965968257
0,0.0324384598527232
0,0.0356813994298381
0,0.0348280339756418
0,0.0348026742236883
0,0.035826856338238
0,0.0004665340197423
0,0.0141581620980671
0,0.0351480538989295
0,0.0357777813082314
0,0.0357398710807666
0,0.0349561339053947
0,0.0075159203698483
0,0.0098580052479992
0,0.0352778222008589
0,0.035632464392142
0,0.0350027437124498
0,0.0127224453443379
0,0.0178737023175368
0,0.0354511373523915
0,0.0354851863603138
0,0.0358912000096737
0,0.0358283558052123
0,0.0347908603673435
0,0.0353963463370417
0,0.03522198128019
0,0.022075326527412
0,0.0348664828345106
0,0.011138464889409
0,0.007264243593736
0,0.0358572897871876
0,0.0099612688352615
0,0.0295400631221279
0,0.0348088956641693
0,0.0351958582983235
0,0.034834273685716
0,0.0347978858733786
0,0.0356743395491379
0,0.0350523247829766
0,0.0168703176679139
0,0.0352562936020237
0,0.0357488988525853
0,0.0356730396016945
0,0.0181919622236097
0,0.0287919829342213
0,0.0161316773427853
0,0.0353891196666629
0,0.0350842812215177
0,0.0348768093170425
0,0.0352611101194385
0,0.0110055051725062
0,0.001432167037559
0,0.0348260843696557
0,0.0351771455358078
0,0.0348196730652073
0,0.0015986336755041
0,0.0280584575338857
0,0.0357207274770352
0,0.0225941397201059
0,0.024081455374351
0,0.0238938077129159
0,0.0348329775947392
0,0.007224759457336
0,0.0350857871258203
0,0.0356747735692957
0,0.0347517976110664
0,0.058653644908831
0,0.0354873181258658
0,0.0347787632134225
0,0.0286003183490996
0,0.0348320532769644
0,0.0358897073011519
0,0.0356339792020313
0,0.0352233377280865
0,0.0358470239121422
0,0.0144777549816248
0,0.0354571608405295
0,0.0357785341240307
0,0.0357300000987955
0,0.0348751929759097
0,0.035261260614869
0,0.0233385432683082
0,0.0356622806976659
0,0.0357964263782448
0,0.0350103728573108
0,0.0151590049510388
0,0.0103438814411461
0,0.0348609045940915
0,0.0265812689128051
0,0.0354501346172443
0,0.9999999993745428
0,0.0354418789750807
0,0.0351126518677957
0,0.0348464943478298
0,0.0150694775727276
0,0.0358109518970431
0,0.0358432834787876
0,0.0207008072844247
0,0.0351861951884258
0,0.0358572508677614
0,0.0356641825597174
0,0.0358144342834559
0,0.035790332234704
0,0.0356092129457719
0,0.0350757714255777
0,0.0348407792257384
0,0.006441414237627
0,0.0065188943915345
0,0.0356277075062235
0,0.009887242530476
0,0.0022268845688248
0,0.0349317334963542
0,0.0285981518264077
0,0.0346461410307646
0,0.026287327246535
0,0.0347805094918351
0,0.0354933229226799
0,0.0200640059973259
0,0.0343396953251079
0,0.0351332198391992
0,0.0349651981239585
0,0.0020921197250177
0,0.0347849228661017
0,0.035130019178286
0,0.0349077193842284
0,0.0353076919217579
0,0.0258364141767288
0,0.0354997974902248
0,0.0031147931589328
0,0.0348525048211672
0,0.0350367602518357
0,0.0357172442586327
0,0.0357291480398008
0,0.0347910713147158
0,0.0291169735250912
0,0.0047374735110384
0,0.0125756083295532
0,0.0148624863329572
0,0.0349675621879681
0,0.0615650676893511
0,0.0350914444833463
0,0.0203056939451538
0,0.0347998828985528
0,0.0351396864368245
0,0.0273332651163143
0,0.0074685918848935
0,0.0158391165432692
0,0.0355783734672794
0,0.0351439137862711
0,0.0348464714149761
0,0.018384611669612
0,0.0356943984105163
0,0.0354983296023668
0,0.0351791022236633
0,0.0077920188760912
0,0.0354699278718737
0,0.0064089244211531
0,0.0350969434305291
0,0.033796163882551
0,0.0257515991435772
0,0.0123820369825668
0,0.0105641455873187
0,0.0349244859990496
0,0.0767359483012389
0,0.0296509921431911
0,0.0342326697259007
0,0.0003803597885356
0,0.0355389680444355
0,0.0064442555330169
0,0.0347641149513626
0,0.005688057468188
0,0.0348641764421227
0,0.0354464437634943
0,0.0257800554576997
0,0.0358223305659629
0,0.0022194508302029
0,0.0303107214046837
0,0.0352732396949659
0,0.0347821347068153
0,0.0358575384061232
0,0.0318508184282713
0,0.0358167518048258
0,0.0353233522495722
0,0.035228770833751
0,0.0358209062039003
0,0.0321390389680308
0,0.0352498407514657
0,0.0237950690168344
0,0.0038100783889802
0,0.0351173179753294
0,0.0163595048141642
0,0.0356745439237514
0,0.0060018413440196
0,0.0249334207259999
0,0.0348550133210454
0,0.0270674723218975
0,0.0352461804843951
0,0.0348544831975014
0,0.0274999165284377
0,0.0354523770208632
0,0.7305056885137909
0,0.0108626928759969
0,0.019310487890015
0,0.0107274309563862
0,0.0357724191162245
0,0.0350555113902464
0,0.0350661581347086
0,0.5341302614511702
0,0.035027590107268
0,0.0350859637379325
0,0.0354997974902248
0,0.0036869543052693
0,0.0350069882007764
0,0.0355969797364029
0,0.0358194797616295
0,0.0163162643173916
0,0.0354916594164922
0,0.0031311575802552
0,0.0350422394554792
0,0.0349656461860143
0,0.0351458680642742
0,0.0311386135244722
0,0.0357996979810779
0,0.0064089244211531
0,0.0017739967079886
0,0.0357096734409335
0,0.0350118557772805
0,0.0358269970705341
0,0.0351585440728571
0,0.0156869962546096
0,0.0354015474003641
0,0.0444333334414984
0,0.0349802419967527
0,0.0322349208949022
0,0.0348895226099098
0,0.0354784951924621
0,0.0358701387776729
0,0.0356990285394921
0,0.0350895006563603
0,0.0350681419577155
0,0.035808909048334
0,0.0358606011014511
0,0.0148564972320934
0,0.0348288941814027
0,0.0357560593062934
0,0.0358077486813146
0,0.0358552283419413
0,0.0334825589005727
0,0.035867912875903
0,0.0351602106696457
0,0.0348777325432076
0,0.0358601614502363
0,0.0358364884144122
0,0.0357106502065951
0,0.0358674882583628
0,0.0348810921820125
0,0.0353750631888559
0,0.0537793786584016
0,0.0099561061803052
0,0.0353346250520976
0,0.0349027746065079
0,0.0347876474036179
0,0.0355567912938761
0,0.0358697769227381
0,0.0064620932516766
0,0.0348088285255574
0,0.0347798611695549
0,0.0354303336371226
0,0.0133439458361602
0,0.0354484265589202
0,0.0178060646113639
0,0.0108974120748682
0,0.0163444230033421
0,0.0211745958254144
0,0.034872971359732
0,0.0066007984559654
0,0.0353513337117397
0,0.0351500407448283
0,0.0338887973908303
0,0.0118221975499136
0,0.0355782355974598
0,0.8499914868580375
0,0.0357044177894246
0,0.0349395028002812
0,0.0353338827517285
0,0.0358342526956789
0,0.0356547351181093
0,0.0356117768530605
0,0.0315059536937202
0,0.0352221981210725
0,0.0134319127665853
0,0.0021319556342937
0,0.0322820765060121
0,0.0173267788365684
0,0.0356165075550767
0,0.0348303489029775
0,0.0348189022744796
0,0.0185659053039373
0,0.0103886490450289
0,0.129281542151447
0,0.0348337463139794
0,0.0168121544602556
0,0.0351278463099119
0,0.0358025514608032
0,0.0353996052598389
0,0.0357394488429732
0,0.0347811659385614
0,0.0353528855928592
0,0.0334224451069396
0,0.005885876881291
0,0.0358072413524645
0,0.002009445074901
0,0.0353156008673105
0,0.0348909875311777
0,0.0155832828917077
0,0.0350722894006979
0,0.0349667007997978
0,0.0351085743710043
0,0.0836684030647814
0,0.0349066586100689
0,0.0048314344415043
0,0.0015806267133072
0,0.0300725790742744
0,0.0357099739827162
0,0.0355714797942318
0,0.00928130797208
0,0.0358697680512399
0,0.0358578474457368
0,0.035823042534656
0,0.0352895291366299
0,0.0349685740099723
0,0.0230313844468576
0,0.0349547325835898
0,0.035595201057237
0,0.0349244859990496
0,0.0354621641942317
0,0.0348461756363278
0,0.0348825110728795
0,0.0351611239145797
0,0.0335571724371523
0,0.0214634231545308
0,0.0357457280339515
0,0.0352859699687809
0,0.008615735958835
0,0.023561687902674
0,0.0155910903052591
0,0.0349799670338183
0,0.0349100555887964
0,0.0354675854640747
0,0.0094816543273572
0,0.0348420648422197
0,0.0358205934331206
0,0.0357532121515121
0,0.0155198712791205
0,0.0351211476719337
0,0.018622118484751
0,0.0133316582922706
0,0.0356818231042541
0,0.0355696352762048
0,0.0196983416171265
0,0.0354533118801286
0,0.034855615470315
0,0.0349556528399735
0,0.0348971162929391
0,0.0358583669710261
0,0.0358696452171717
0,0.0348251298781549
0,0.1242998208006866
0,0.0352247656876261
0,0.035112120564768
0,0.0336299618170332
0,0.0126703630326285
0,0.0358206448007667
0,0.0036083957060974
0,0.0188193986214767
0,0.0349259840679468
0,0.0355984589853485
0,0.0163675446656736
0,0.0353937529438289
0,0.0351485883397506
0,0.035828989461911
0,0.0348458923871299
0,0.0349954138584379
0,0.0355603682042473
0,0.034883445435458
0,0.0010074297832388
0,0.0340723281146194
0,0.0356688733808433
0,0.0154082519706381
0,0.0357536889327955
0,0.0382541944815948
0,0.0353408043667569
0,0.0137655533949864
0,0.0258363709723699
0,0.0227938028763313
0,0.0357069614874006
0,0.0350460406403569
0,0.0350397260565952
0,0.0350493063243071
0,0.0298453649318664
0,0.0351865866187222
0,0.2281033166434058
0,0.0348277188364523
0,0.0348241013263449
0,0.0198204145567429
0,0.01180873082246
0,0.0350654788004438
0,0.0349738756560862
0,0.0348655398938694
0,0.0354020215254279
0,0.0355413800118695
0,0.0335571724371523
0,0.0353543404487263
0,0.0115682520132709
0,0.0355263648497934
0,0.0356157486601328
0,0.0356852831341571
0,0.0026197354023604
0,0.0351580278479654
0,0.0138555637814202
0,0.035815128357857
0,0.035481606129484
0,0.035810280406513
0,0.0354821912525224
0,0.0122505026724205
0,0.0197557548057575
0,0.0347808546895013
0,0.035530483022922
0,0.0348608607120832
0,0.0028356555399098
0,0.002014025939358
0,0.0310946001993132
0,0.034832274156224
0,0.0007910793533826
0,0.0235216301208619
0,0.0119172381799008
0,0.035222803098396
0,0.035815125977678
0,0.035515421023249
0,0.0350470435256784
0,0.035712692880949
0,0.034891253118558
0,0.035252281794502
0,0.024621122057236
0,0.0356661940664017
0,0.0279343435747964
0,0.0347816465720847
0,0.0348382650678786
0,0.027234089693287
0,0.0349480414037235
0,0.0350505866243217
0,0.0351944485053211
0,0.0317004690964171
0,0.0348076502982971
0,0.0347973258288007
0,0.0351461261366641
0,0.0356356809104106
0,0.0358031881069249
0,0.0347820198641888
0,0.0353590939385387
0,0.0349402654702908
0,0.0358516122846312
0,0.0348798895129001
0,0.0283626384103228
0,0.0356245331681808
0,0.0353308913920111
0,0.0153108810370936
0,0.0354271337465878
0,0.0253728566789718
0,0.0347906213857998
0,0.0356045513199404
0,0.0351513419025437
0,0.0110839924476024
0,0.0165688166608515
0,0.0348572299197956
0,0.0353341810324026
0,0.0348066882541957
0,0.0187801552167365
0,0.0357197275967015
0,0.0357744520105504
0,0.0352801645842879
0,0.0354805044053836
0,0.035840848646898
0,0.035163232550335
0,0.0353786342906282
0,0.033307061774639
0,0.0354496491054403
0,0.0358339124131305
0,0.0022498376997116
0,0.034883321017712
0,0.0357949597939012
0,0.0356520616430408
0,0.0357929048401427
0,0.0234060923544042
0,0.0352174011214308
0,0.0348809587898018
0,0.0358279046241332
0,0.0248659967920745
0,0.0348173123260066
0,0.0229936689861451
0,0.0357903235080511
0,0.0097815482027769
0,0.0348306657187473
0,0.0348441147406106
0,0.0358335776841612
0,0.0348210482539186
0,0.0260971287578928
0,0.0356373692057884
0,0.0178892650993168
0,0.0055530106681361
0,0.0151432100175162
0,0.0349293047502328
0,0.0240254087284689
0,0.0295060481768277
0,0.0345066087466012
0,0.0464341459614681
0,0.0208305402005104
0,0.0351549083980502
0,0.052272368796452
0,0.0089627227034979
0,0.0352571235335424
0,0.0350300914340335
0,0.0353834655888061
0,0.0748631743919067
0,0.0353746154161293
0,0.0357432561492104
0,0.0349201646391107
0,0.0397324855904525
0,0.0124332979368862
0,0.0356074942891511
0,0.0347815881600265
0,0.0348485230490847
0,0.0115395228569194
0,0.0358749167122264
0,0.0352398844052364
0,0.0163066312795697
0,0.0347854813216436
0,0.024367129563398
0,0.0357364578892653
0,0.0347793879113707
0,0.0228294368653499
0,0.035695883436185
0,0.0351094783085875
0,0.0298608956450656
0,0.0350422964919795
0,0.0125949218514191
0,0.0228637850646034
0,0.0108100289749065
0,0.0286055743780623
0,0.0358096719508139
0,0.0358238661599106
0,0.0348257886416432
0,0.0115622802650497
0,0.0350067279434611
0,0.0139408172791228
0,0.0059592612692377
0,0.0357371444991534
0,0.0348070948094837
0,0.0348988151937138
0,0.0357684658818578
0,0.0347915365512775
0,0.0358325241133124
0,0.0351164123181116
0,0.0356896137069464
0,0.0348087590329153
0,0.0319609659723491
0,0.0213778871820753
0,0.0349118942412465
0,0.0355567912938761
0,0.0350326331575018
0,0.0355558461137277
0,0.0349736608666354
0,0.0354593647373988
0,0.0353572601805498
0,0.0330828971214905
0,0.0169590255456303
0,0.0354748015155633
0,0.0347796558697558
0,0.0357904971042531
0,0.0357887805629869
0,0.0352844718310021
0,0.0354087287608818
0,0.0358473854328204
0,0.0349183616408122
0,0.034869222790559
0,0.0321810510414221
0,0.0348844548504439
0,0.0020418988571472
0,0.0165239120080816
0,0.0035341543807292
0,0.0150525409493739
0,0.034831955259649
0,0.0055668627936537
0,0.034842358557135
0,0.0358548099327228
0,0.0349545292864268
0,0.015080971681327
0,0.0356572241808867
0,0.0228876236858261
0,0.0038371513312798
0,0.0115511377956292
0,0.031384157520308
0,0.0357053821767338
0,0.0348863626923147
0,0.1353418891822124
0,0.0352967277217511
0,0.0352122941851369
0,0.0357245741095433
0,0.0352655818778356
0,0.0281119331441878
0,0.0357275225161878
0,0.0356884886278191
0,0.0352455371718622
0,0.0035241022293186
0,0.0357847300677634
0,0.0335481386408435
0,0.0358681130293571
0,0.0355602502038923
0,0.0341234205418374
0,0.0357377298198883
0,0.035535932070654
0,0.035104614928411
0,0.0350413889272438
0,0.0225419751034116
0,0.0358346318355236
0,0.0278192721613491
0,0.0832073069004723
0,0.0358029235104422
0,0.0573396369791527
0,0.010200333294699
0,0.0339744657880573
0,0.0358102150724414
0,0.0546502357361419
0,0.0349070097700897
0,0.0352099875594277
0,0.0354601736954954
0,0.0029167554015604
0,0.0353117790584678
0,0.0350085499963894
0,0.0356026375188414
0,0.0353382901031872
0,0.0350321576971781
0,0.0347834697326609
0,0.0358565162346389
0,0.0351607135404387
0,0.0356140282761774
0,0.0216175945467407
0,0.0349367994668533
0,0.0355389784826895
0,0.0184872327688073
0,0.0045629784314733
0,0.0080865038377939
0,0.0348705789419819
0,0.0351631666290173
0,0.0318874689694149
0,0.016111954225218
0,0.0356921339701932
0,0.0357980225192662
0,0.0358388775530237
0,0.023544772314167
0,0.0348136643362342
0,0.0348997328944226
0,0.0356804803681858
0,0.0352387830909335
0,0.0357465096068023
0,0.0348137094483449
0,0.0348728160039192
0,0.0352292926143686
0,0.0349232714004429
0,0.0187649813296752
0,0.0172390995884289
0,0.0268686040585399
0,0.0358385952330288
0,0.008043429916299
0,0.0323187590480595
0,0.0084169444889603
0,0.0348862906197608
0,0.0354651214878566
0,0.0356979176809475
0,0.035062145896122
0,0.0357339972846426
0,0.0354548427472697
0,0.0357110661657796
0,0.0358573318395656
0,0.034919435716138
0,0.0190675963361089
0,0.0357369696645734
0,0.0350658042065516
0,0.0347804918683769
0,0.0347940745041075
0,0.0358552325330718
0,0.0358561591111455
0,0.0347980279389855
0,0.0349177983284701
0,0.0358873659174878
0,0.0353194282819001
0,0.0347800916494969
0,0.0358379185182545
0,0.035274865198806
0,0.0358518519506673
0,0.0086952818441677
0,0.0008082598091238
0,0.0358358513940137
0,0.0147857202219032
0,0.0352084243228922
0,0.0352058765349469
0,0.0355099622450331
0,0.0348492133001759
0,0.0358258108130208
0,0.0353377039143756
0,0.0177181458112137
0,0.0349493440267556
0,0.0347839213018744
0,0.0224804360563389
0,0.0358795274551838
0,0.0349049342992088
0,0.0085282988511721
0,0.0351727161901065
0,0.0302011749068333
0,0.0350717220408277
0,0.0043973387276702
0,0.0314465868646594
0,0.0032050717548997
0,0.0348209101789552
0,0.0017559137773901
0,0.0170593977139126
0,0.0350257291015158
0,0.0358380557494425
0,0.0350691228317103
0,0.0351985623156418
0,0.0333719138865184
0,0.0322175511533012
0,0.0169697378134718
0,0.0355275140724109
0,0.0356325136236468
0,0.0352476151637994
0,0.0351376160803337
0,0.0356347888532006
0,0.0352484846337315
0,0.0358277354279096
0,0.0354571148048532
0,0.0280268315508607
0,0.0356477625240109
0,0.0347856296475001
0,0.0358693563210724
0,0.0356355809169854
0,0.0348782209452243
0,0.0080745629077744
0,0.0175474945461385
0,0.0151620373076284
0,0.0218568990605864
0,0.0348385053736536
0,0.0151177956489518
0,0.0351555432198716
0,0.0349036151362809
0,0.034855615470315
0,0.0343905522383581
0,0.0354242200070911
0,0.0349157832661875
0,0.0354865552563772
0,0.0357333744956351
0,0.035341728249283
0,0.0358199596098633
0,0.0337535515425046
0,0.0358444336165417
0,0.035063517682683
0,0.0358245164215046
0,0.0266387164699179
0,0.0356007354429548
0,0.0229213423288258
0,0.0272892628819545
0,0.0353759826498922
0,0.0357460804978434
0,0.0130840269292611
0,0.0352917081767253
0,0.0349928890367564
0,0.0357980266764046
0,0.0348557689253241
0,0.0350248066454813
0,0.0038473058051964
0,0.0350556475579108
0,0.0347634658967678
0,0.0357600937803446
0,0.0357923663469237
0,0.0316925867266662
0,0.006384606876657
0,0.0053221379176209
0,0.0355699319630124
0,0.0119319787725941
0,0.0357231028324928
0,0.5334937169616338
0,0.0160664757766591
0,0.0358487636817655
0,0.0163892641244708
0,0.0356937316257451
0,0.0347953669402692
0,0.0356468848697976
0,0.0356521840539134
0,0.0358568294476326
0,0.0355517301084401
0,0.531001175134794
0,0.0260831962087876
0,0.0349050747981866
0,0.0264838362952504
0,0.0128756339033659
0,0.0347658879548852
0,0.035814319288786
0,0.034778487482305
0,0.0347656103729901
0,0.0349551790736677
0,0.0292423588675195
0,0.0348157176712174
0,0.0350029004145089
0,0.0350403765740322
0,0.0357766731999857
0,0.0183572277905396
0,0.0352811685845246
0,0.1059302262094495
0,0.0357071279735058
0,0.0296584715386273
0,0.0348736143470174
0,0.0255945845961862
0,0.0352676810689455
0,0.0143803770787087
0,0.0347795991141948
0,0.0353898813176783
0,0.0032299527392807
0,0.0348280620233005
0,0.0724758307723837
0,0.0351249540902642
0,0.0356949361486524
0,0.0218635642941953
0,0.0348677060445799
0,0.0353631892527955
0,0.0356700196919155
0,0.0352701160331858
0,0.035642954951283
0,0.0352775074785294
0,0.034778395197631
0,0.003755798898201
0,0.0352525753132382
0,0.0046511670883978
0,0.0350374974476556
0,0.0357541504497395
0,0.0351343200002103
0,0.0357090384953211
0,0.0351023051292409
0,0.0346792714342198
0,0.0055609717356174
0,0.0043997674496875
0,0.0097301016913189
0,0.0358596204783556
0,0.0358575575470687
0,0.0355413213413943
0,0.0355239607103803
0,0.0347818082869238
0,0.0111010501501323
0,0.0273278266967138
0,0.0359355266552088
0,0.0356244273708204
0,0.0349550331233542
0,0.0137600051300679
0,0.0072503661142939
0,0.034861246272642
0,0.0351363670357686
0,0.035171928611858
0,0.0004319413720246
0,0.0358325416343706
0,0.0259498696427294
0,0.00300243425901
0,0.0350192134101088
0,0.0349765469464907
0,0.0357983561877662
0,0.0009471670356962
0,0.035077643387242
0,0.0353673278848235
0,0.0256399860833184
0,0.0348934844157115
0,0.0358468143548416
0,0.0032855056201021
0,0.0473298168899002
0,0.0356061394661216
0,0.0039523297824541
0,0.0350697823237002
0,0.0349299862172251
0,0.0296239607025838
0,0.0356992571132432
0,0.0357310406833087
0,0.0099616403423671
0,0.0021599063751782
0,0.0358342555043699
0,0.0347822927934073
0,0.0337050182662125
0,0.0352632895342436
0,0.0358044264793237
0,0.0148799740022433
0,0.0351905840031353
0,0.0156645773442974
0,0.0348080027363762
0,0.0011642097031926
0,0.0352084243228922
0,0.0261605743476741
0,0.001590484461651
0,0.0356879040059669
0,0.0284349937378183
0,0.0348111945326545
0,0.0015725203739814
0,0.0358458411284319
0,0.0155666083128667
0,0.0348365879601065
0,0.0039558416532294
0,0.0357474937401696
0,0.0324532823359023
0,0.0357272483910797
0,0.0251760323568924
0,0.035651563085393
0,0.0356190359046936
0,0.0351657425448123
0,0.0250168274233729
0,0.0358540858191736
0,0.0010484811469565
0,0.0356165479351106
0,0.0205650631214324
0,0.0254737178721839
0,0.0035398510803443
0,0.0348086496678475
0,0.0551202267129792
0,0.0260627376512909
0,0.0356059800066754
0,0.0358403013144606
0,0.0357823515881934
0,0.015336307225978
0,0.0349226569352036
0,0.0352098090168022
0,0.0108782806530904
0,0.0358168128144463
0,0.0356521707543634
0,0.0350548640844709
0,0.0358969730275534
0,0.0026136589359042
0,0.0348404717728892
0,0.0350887472841226
0,0.0270447312458564
0,0.0356232160895035
0,0.025487486708746
0,0.0015333213667171
0,0.0354435149799196
0,0.0348926284386294
0,0.0351201023211416
0,0.0043817987258932
0,0.0100594678339635
0,0.0358562878629493
0,0.0351042215884664
0,0.0354867273295063
0,0.0326215118048483
0,0.0330712770703851
0,0.0186825662994342
0,0.0095261980032153
0,0.0026467772296246
0,0.0048520414622621
0,0.0352357014205441
0,0.0337978934620253
0,0.0357040806536951
0,0.0348927353612522
0,0.0357253072779162
0,0.0348367463272754
0,0.0353965304803988
0,0.0348084975684606
0,0.0351278949364754
0,0.0351905840031353
0,0.0358488204628922
0,0.0358500955680745
0,0.0350414818313543
0,0.0358893625876305
0,0.0356517581290655
0,0.0353505603950507
0,0.0355043197931244
0,0.0157712587583387
0,0.0256717089100139
0,0.0357271476072009
0,0.0247788555886881
0,0.0241593471211649
0,0.030980271761656
0,0.0358620859952279
0,0.0083812559416219
0,0.030388070622583
0,0.0349816075526153
0,0.0083440010520087
0,0.0350807523515209
0,0.0348069821829577
0,0.0161786798327175
0,0.0072408157853141
0,0.0311849101140726
0,0.0352812641626237
0,0.0260173949313453
0,0.0356883508621154
0,0.0351850752581006
0,0.0151195791157828
0,0.0356146753168197
0,0.0354073984646295
0,0.0016756930877104
0,0.0351278949364754
0,0.0057205831461182
0,0.0357477991064548
0,0.0354032603645425
0,0.0166702131958547
0,0.0259240217543555
0,0.0354845344886666
0,0.034780848181232
0,0.0017346650489562
0,0.0356560768663039
0,0.0245881929934809
0,0.0354816419725192
0,0.0098074145587617
0,0.0349573680878802
0,0.034838835869598
0,0.0248193058651748
0,0.001897266936732
0,0.007745060902669
0,0.1373786067926471
0,0.0353898659104969
0,0.0358440750135624
0,0.0354024027728034
0,0.0355158650305258
0,0.0352281648183098
0,0.0352854091633851
0,0.0352707302129613
0,0.0348113260966663
0,0.0353943998832058
0,0.035818217196627
0,0.0357950603931708
0,0.0355100879994996
0,0.0357152062632638
0,0.0347984861368246
0,0.0357257381217476
0,0.0348341971899198
0,0.0138246028668678
0,0.0355334499705201
0,0.0064988941856415
0,0.0129500126199965
0,0.0349218153318767
0,0.0353785094886707
0,0.0348728616357718
0,0.0329580262098829
0,0.0358937855600418
0,0.0257112156079763
0,0.0359007825785498
0,0.0348504596267442
0,0.0358011906255066
0,0.0358325078013894
0,0.0017022058006079
0,0.0316581368252294
0,0.0330954930669911
0,0.0351412694007542
0,0.0353302985977358
0,0.0347867123659341
0,0.0237909894229579
0,0.0358599017965361
0,0.1064259385896457
0,0.0351589856633995
0,0.0349202662046969
0,0.0348503408663095
0,0.0355213104275689
0,0.0358673597321123
0,0.0358566383072941
0,0.0358512739728771
0,0.035373244851867
0,0.0354380388806848
0,0.0355166193650661
0,0.0354157570067083
0,0.0349488567320458
0,0.0316655569232118
0,0.031176738676568
0,0.0352165809112938
0,0.0258442386804057
0,0.0357635436924279
0,0.0089165217667158
0,0.0356206380747744
0,0.035724931730844
0,0.028331896913962
0,0.0358492749336745
0,0.0355294594079872
0,0.0358290953020265
0,0.0352635724766704
0,0.0358731688357918
0,0.0086456692551875
0,0.0347652797911817
0,0.0349307185223787
0,0.0038389863102418
0,0.0351540225485993
0,0.035416080828966
0,0.0176919594765893
0,0.0350103728573108
0,0.0356008795544713
0,0.0356092760352701
0,0.0227045559180676
0,0.0357885660900566
0,0.0358420561477441
0,0.0356665451330777
0,0.0354160971667627
0,0.0203998738260139
0,0.0354774112057357
0,0.0067261111351092
0,0.0357029895851577
0,0.0139745502786364
0,0.0356101980185539
0,0.0348651495500996
0,0.0199778709629287
0,0.0349089656161138
0,0.0356380751141613
0,0.0350078881731789
0,0.0049988485407956
0,0.0115239189318652
0,0.0357015590042022
0,0.2312360704083894
0,0.0091468732247762
0,0.0240981472282897
0,0.0226022026616144
0,0.0357891526656255
0,0.0357811695462641
0,0.0353593652344643
0,0.030651360870367
0,0.0350813367490381
0,0.0357339759705544
0,0.0348576342305684
0,0.0356785196329583
0,0.0248837397526334
0,0.0356713913532577
0,0.0357918808631073
0,0.0018887122304283
0,0.0327616565918673
0,0.020810662110111
0,0.034981851984064
0,0.022039781800608
0,0.5341302614511702
0,0.0351528015747316
0,0.0067925893518979
0,0.0348270924672544
0,0.035525812149008
0,0.0350887472841226
0,0.0348817577983851
0,0.0168703176679139
0,0.0350625138854497
0,0.0544622997501524
0,0.0358517831502707
0,0.0353974847023688
0,0.0353362693970564
0,0.0313337877431982
0,0.0353920181960373
0,0.0347955978589703
0,0.0352068648340271
0,0.0174181056712344
0,0.0357243518716456
0,0.0358649365291663
0,0.0354336604947911
0,0.0125105496533247
0,0.0348072411477212
0,0.0011067948543653
0,0.0352240333237937
0,0.0302827634876377
0,0.0353804979208712
0,0.0348677010651956
0,0.0347944062915633
0,0.0247913089166345
0,0.0350159078203138
0,0.0347973229586824
0,0.0348118324015452
0,0.0358252178208407
0,0.0353901136679893
0,0.0347971076596563
0,0.0354283324163035
0,0.0349345046399074
0,0.0358092485953017
0,0.0048737527515664
0,0.0348712885785912
0,0.0200752997872063
0,0.0349448812460954
0,0.0238925774530116
0,0.0358528614752853
0,0.5030981599117662
0,0.0358533121302629
0,0.0080228785161064
0,0.0348573503482723
0,0.0348570106918114
0,0.0349994704107238
0,0.0098506258887602
0,0.006078356154739
0,0.0357372374664223
0,0.005445509851325
0,0.0358169991158453
0,0.0236419103710786
0,0.0354540999600348
0,0.0352016303043459
0,0.0348307817321634
0,0.0353204934539138
0,0.0358369730732096
0,0.0355678463553421
0,0.0347869272602626
0,0.0352442345316677
0,0.0348585256363964
0,0.0353292387899606
0,0.0358410417966784
0,0.0333209433239803
0,0.0356081756688867
0,0.03490261150615
0,0.0355727091923296
0,0.0356123888417827
0,0.0303643070778226
0,0.0262934535513835
0,0.0350128993200859
0,0.035283377730692
0,0.0353832643684455
0,0.0353545721189933
0,0.0012926725548278
0,0.0354704519293763
0,0.0357887129990147
0,0.0352265566888206
0,0.0349186338247695
0,0.0357793212451747
0,0.5300512483516152
0,0.0358267184428589
0,0.0347830206683727
0,0.035778428569758
0,0.0352902668655415
0,0.0353396080395516
0,0.0356386600124067
0,0.0030271228999184
0,0.0352109664954182
0,0.0347646127514865
0,0.0038179247886854
0,0.0018210307299214
0,0.00419983267139
0,0.035725885416803
0,0.0342413986682131
0,0.0355772753684885
0,0.0348027140324405
0,0.0131215959298706
0,0.0166137307433984
0,0.0264092774015109
0,0.018551955765367
0,0.0792973538425681
0,0.0366764591501405
0,0.0358050032116035
0,0.0102706517890744
0,0.0357584662079306
0,0.0393683609106457
0,0.0353916070847762
0,0.0025051001000296
0,0.0187851280918144
0,0.035699031345463
0,0.0351979395876421
0,0.034920329234557
0,0.0261380429048991
0,0.0348296843736136
0,0.0358550541977303
0,0.0352149273991821
0,0.0347898212837972
0,0.0320976722052812
0,0.0121224201117731
0,0.0019511506063231
0,0.0357675485694887
0,0.0349324824654231
0,0.0347889837111888
0,0.0161175347659763
0,0.0352793631656843
0,0.0350416247173172
0,0.0699296686594775
0,0.0348217448740348
0,0.0350356820780324
0,0.0358723364078446
0,0.0354456406328072
0,0.0145700850326411
0,0.0326123289627443
0,0.0249775429003161
0,0.034781543865266
0,0.035184256791983
0,0.0143352202780667
0,0.0355454119237928
0,0.0145474370752193
0,0.0350649441041557
0,0.0348072004903354
0,0.0357845520738587
0,0.0348436002685845
0,0.0353947971602237
0,0.0353137259967242
0,0.0347969186160909
0,0.0355283553203358
0,0.0276735994439875
0,0.0348091834577216
0,0.0358161856973613
0,0.0357513173542765
0,0.035552270948566
0,0.0335112684594815
0,0.0358394895538368
0,0.0348354514735648
0,0.0358652200243724
0,0.0348095938473776
0,0.0165025134750603
0,0.0350535086800439
0,0.035512739295777
0,0.0356113869873633
0,0.0055666981165553
0,0.0358613223432874
0,0.010080684344564
0,0.0287610834635452
0,0.0109404082509893
0,0.0355068986550905
0,0.0150091322256336
0,0.0233548416675031
0,0.0039574315293291
0,0.0355763967305313
0,0.0298756763157529
0,0.017107562706746
0,0.0356389756289079
0,0.0352928731042332
0,0.0348325194063831
0,0.0354076289342394
0,0.0237545112804473
0,0.0085123696768751
0,0.034783327755242
0,0.0353119405428861
0,0.0294542087046553
0,0.0356635896703434
0,0.0330775000784007
0,0.0354605054539898
0,0.0348196305149943
0,0.0108400494158257
0,0.0351852901744938
0,0.0350971779101463
0,0.0051666267978235
0,0.034845310905779
0,0.0095723941763196
0,0.0348699543287784
0,0.0355094584330064
0,0.0349466895940501
0,0.024317611680015
0,0.0348191686638458
0,0.0352383150865529
0,0.0347904507949251
0,0.0077424394976021
0,0.0426809463195981
0,0.0356781723879477
0,0.034811130522967
0,0.1371143941627476
0,0.0354785754738443
0,0.0358098814122918
0,0.0349342261306067
0,0.0358177592122251
0,0.0018170590531062
0,0.0349414297959147
0,0.0357103068938127
0,0.0349592223134941
0,0.0348776060479578
0,0.0259510522499944
0,0.0030225003807527
0,0.0084151843957042
0,0.0094551528137692
0,0.0358403610401433
0,0.0353201178651528
0,0.00171257341701
0,0.0356006472350973
0,0.035665977528678
0,0.03533097272236
0,0.0104707181623106
0,0.0269534410791351
0,0.0354622264867752
0,0.0314208686211032
0,0.0041777380234468
0,0.0328937757732571
0,0.0197137117067199
0,0.0356295091012347
0,0.0348660610655087
0,0.0088513054035518
0,0.0349862616031267
0,0.0357928850603297
0,0.0348616160697131
0,0.0104595736728313
0,0.0357587061978386
0,0.0348045804721359
0,0.0332178204521026
0,0.0356080689505877
0,0.0348346144100721
0,0.0344980785079302
0,0.0351971381157658
0,0.0297285620857219
0,0.03555641205484
0,0.0066610226599595
0,0.0348955870486587
0,0.0348098159279878
0,0.0348214608842105
0,0.0347846761751663
0,0.0302875702766765
0,0.035854621798611
0,0.0018345358616125
0,0.0151541061521745
0,0.0577325674398237
0,0.0358393536091728
0,0.0355972392071772
0,0.0339935651914978
0,0.0284902199660503
0,0.0311906119454079
0,0.034852715891965
0,0.0357688438052571
0,0.0358482185576583
0,0.1051507036655702
0,0.0347524849668706
0,0.0349015410943163
0,0.0208411280810411
0,0.0357147296700204
0,0.0358106309924826
0,0.0348600470918935
0,0.0007948050485918
0,0.0112712727021449
0,0.0358278480123903
0,0.0352670838651293
0,0.0356257741163897
0,0.0268757777943028
0,0.0358598124848295
0,0.011031431800807
0,0.0356187750180093
0,0.0347807388483123
0,0.0051247587448646
0,0.0353061919028873
0,0.0357301321943726
0,0.0611045553329016
0,0.0348009929392295
0,0.0043118628939777
0,0.0035953088663607
0,0.0231179801098324
0,0.0270384375047989
0,0.0350281979565145
0,0.0319154931886954
0,0.0358212428310458
0,0.0354559508516572
0,0.0352840575360333
0,0.0101852199939375
0,0.0350481811437356
0,0.005287654329632
0,0.0348057437347207
0,0.0358381316568682
0,0.0080961008498975
0,0.0160048024289219
0,0.0356482296139944
0,0.0356840590835747
0,0.0358814592218679
0,0.0349171022747305
0,0.021360518005328
0,0.0358556953452216
0,0.0357847878375475
0,0.000417826238994
0,0.0355436878714028
0,0.026763325825226
0,0.034799996300062
0,0.0358306142647599
0,0.0164921512532827
0,0.0357747662507543
0,0.0357123850835275
0,0.0349797013637383
0,0.0357785825129046
0,0.0218541609297664
0,0.0278174415034232
0,0.035033385408224
0,0.035777830706324
0,0.0351206370151161
0,0.0352722864161527
0,0.0107178975732572
0,0.0350283740585629
0,0.0201240360545498
0,0.0350885396158049
0,0.035156509069616
0,0.0358201538187589
0,0.0292671883858881
0,0.0352786735103005
0,0.0356465879075161
0,0.0351805968989901
0,0.0080136184283591
0,0.0349619004831957
0,0.034782869287127
0,0.0347994019826073
0,0.0348201763371903
0,0.0351178988387613
0,0.0180752373065719
0,0.0356178387985351
0,0.0356168280934176
0,0.005697459263195
0,0.0248701485110792
0,0.001025111219566
0,0.0352105889507137
0,0.0354703409233383
0,0.0356856641771905
0,0.0357155216268988
0,0.0161470185045267
0,0.0348197720784153
0,0.0348066576305425
0,0.0595405518878694
0,0.0351796205934327
0,0.0348750459290278
0,0.0021940166878914
0,0.0252554927030524
0,0.0352759218510089
0,0.011678718933161
0,0.0357411713932421
0,0.0232946303532396
0,0.0358074782275607
0,0.0127967507393471
0,0.0351257835552424
0,0.0067009327920619
0,0.0347834268511871
0,0.0038676932344111
0,0.0353012973972502
0,0.0350158179570751
0,0.0357403395907297
0,0.0174297366691436
0,0.0356758071930271
0,0.0067902874826309
0,0.0347838143233389
0,0.0356074461554163
0,0.0352590256577613
0,0.0357714740527227
0,0.0096881467238219
0,0.0349518271468384
0,0.056820752947962
0,0.034940922401115
0,0.0341536594950003
0,0.0352885221867218
0,0.0354445579421918
0,0.03489487728666
0,0.0357867527576982
0,0.0358447217264199
0,0.0339452394915624
0,0.0357748596117512
0,0.0030084244647939
0,0.0348970259356336
0,0.0349954138584379
0,0.0356203200555297
0,0.0348329002595581
0,0.0358166191539025
0,0.0022585436797836
0,0.034902594449278
0,0.0012249787398528
0,0.0353427077367942
0,0.0351278771910074
0,0.0349300926808954
0,0.035635938659116
0,0.0353080932864497
0,0.0115798762847122
0,0.0737042583250648
0,0.0353838754165369
0,0.0356560832185458
0,0.0353080521653483
0,0.4410717485469698
0,0.0354513704282489
0,0.0358451318160085
0,0.0236103800541031
0,0.0358198438912891
0,0.0354393961550746
0,0.0357812204423268
0,0.0348886170247586
0,0.0358679450249165
0,0.0349317749098912
0,0.0107072132446386
0,0.0357624534802318
0,0.0350424819914435
0,0.0350430854763293
0,0.0353701569255261
0,0.0357769632525694
0,0.0358181725438411
0,0.0016041087460319
0,0.0030657802423373
0,0.0347824555668221
0,0.0352004061503465
0,0.0356758528774862
0,0.0350742472473238
0,0.0353326029594884
0,0.0195682766831902
0,0.0347820969921014
0,0.0347617764791227
0,0.0350948027895634
0,0.035032420133091
0,0.0358099733680892
0,0.0356543471307546
0,0.0319462447606972
0,0.03487884353945
0,0.0679756183439135
0,0.0356692050657376
0,0.0356081723320718
0,0.0348101597982499
0,0.0153501150371334
0,0.0353824688059415
0,0.0025815749815472
0,0.0052705437154217
0,0.03563840523252
0,0.0354547901516899
0,0.0357744483643174
0,0.004249571737175
0,0.0277413725603128
0,0.0293968301482149
0,0.0356201606417214
0,0.0348095855030202
0,0.0358397913618474
0,0.0023747821687585
0,0.1225397117390774
0,0.0352963433905805
0,0.0358561890123716
0,0.0129722407254292
0,0.031409683687421
0,0.0349386956519134
0,0.034891339639195
0,0.0358403013144606
0,0.0352206173382102
0,0.0348385127804016
0,0.0341386982501658
0,0.0347809914167945
0,0.0069492819097073
0,0.0129295384146773
0,0.0348066903687407
0,0.0354016334263559
0,0.0032489607492095
0,0.0349399760020439
0,0.0042913314263057
0,0.5313661278224382
0,0.0348858144382837
0,0.0348972449752124
0,0.0355666918581462
0,0.0073065661871988
0,0.0346386591327683
0,0.0020441364012864
0,0.0351472517894071
0,0.0221874759760314
0,0.0350703025574835
0,0.0231215931663478
0,0.0348306086228391
0,0.0358123683847373
0,0.018431878768258
0,0.0146020151737886
0,0.0356625227243903
0,0.0348886139969348
0,0.0349246537696671
0,0.0358674529900327
0,0.0355670326448112
0,0.0289109046627008
0,0.035714122604808
0,0.0354054914081085
0,0.0023316482973467
0,0.0215041307084828
0,0.0351974616981354
0,0.0031941840536132
0,0.0347782304854572
0,0.0152478898034923
0,0.0358512170083768
0,0.0355776570032413
0,0.035706633769345
0,0.0353786342906282
0,0.0351057183283741
0,0.0347849128359204
0,0.0008122667221824
0,0.0349127073358091
0,0.0347948675248535
0,0.0357114735727111
0,0.0094489824230498
0,0.0161925267282682
0,0.004963516978387
0,0.0354292670593048
0,0.2287295861760768
0,0.0200661112065007
0,0.0352678035182409
0,0.0348992002410299
0,0.0126183243945872
0,0.0139121759722799
0,0.0358544937954579
0,0.0350119302731995
0,0.0276964882342505
0,0.0356890211295626
0,0.5888792422195879
0,0.0166549087764943
0,0.0357288128707989
0,0.5349792492001337
0,0.0351655886259489
0,0.0441761094224277
0,0.0358390548957905
0,0.0161688861260372
0,0.0348033845971664
0,0.0348544077988646
0,0.0356384743140811
0,0.0348199019542342
0,0.0351827877263255
0,0.0337461637682078
0,0.0348277272801273
0,0.0353491071131491
0,0.0622630263581209
0,0.0354175361163925
0,0.035854590054197
0,0.0349619697176173
0,0.01153123894554
0,0.0349775305534207
0,0.1602431448644276
0,0.0230954820994052
0,0.0358674463715912
0,0.0126687164070485
0,0.0352156010801955
0,0.0355121718246057
0,0.0355084587802127
0,0.0290982925398712
0,0.0130136824326709
0,0.0355565112278355
0,0.0356329001117956
0,0.0352348098296945
0,0.0353562385528279
0,0.0027002285111762
0,0.0347808284823364
0,0.035013429247879
0,0.0352702581812884
0,0.0355147618389815
0,0.0347860023305794
0,0.0356429229874574
0,0.0358163683896342
0,0.0358579590555552
0,0.0264723127739784
0,0.0130688082395515
0,0.0348124145961585
0,0.0353811858176886
0,0.0348699543287784
0,0.0985321599136076
0,0.0352467702998723
0,0.0358358467735341
0,0.0355682659876092
0,0.0352404107629293
0,0.0172096626158521
0,0.0348295690273189
0,0.0354661665374749
0,0.0329580262098829
0,0.0109339600010222
0,0.0057413077716187
0,0.0125424081690132
0,0.0358048905790689
0,0.0350605954881632
0,0.0358026083741891
0,0.0318120868135926
0,0.005448300011356
0,0.0274501815333465
0,0.0358618299122743
0,0.0350777709257792
0,0.0355529984323377
0,0.0358311700389042
0,0.0173647921846574
0,0.0108835313365843
0,0.0109352651681916
0,0.0287077918756317
0,0.0357733342015528
0,0.03005199538403
0,0.0094503426840715
0,0.0017395173475541
0,0.035109032039006
0,0.0356644182111552
0,0.0357406846380716
0,0.0351015664569361
0,0.0038561701839379
0,0.0356934122680312
0,0.035591056857161
0,0.0073337624415269
0,0.0160025469587655
0,0.0338458062476079
0,0.0295931798903833
0,0.0312541581987733
0,0.0352760992568956
0,0.034777468751044
0,0.0356070098367054
0,0.0358506090759345
0,0.0355414719392465
0,0.0353372041213654
0,0.0355003377538704
0,0.0350223864328686
0,0.0009824671682987
0,0.0357785530480627
0,0.0044382874642651
0,0.0094729323525112
0,0.0266326154435742
0,0.0317115258744108
0,0.0349886432636519
0,0.0348436432113391
0,0.0349679488858066
0,0.0256058131127074
0,0.0358777446692155
0,0.0349001351270928
0,0.0352884798924826
0,0.0356245791881796
0,0.0152443542393743
0,0.0272937453662395
0,0.0348293381329653
0,0.0353119110250161
0,0.0357449225770624
0,0.0348173023193695
0,0.0356816938393315
0,0.0038963811667834
0,0.0356433485090641
0,0.007518710888061
0,0.0348391240976313
0,0.0348167685684429
0,0.0357013064189084
0,0.0348785611485688
0,0.0089985642808674
0,0.0347974527569013
0,0.0354880834784748
0,0.0192254631040711
0,0.0352917081767253
0,0.035367552172316
0,0.020228666617536
0,0.0356038982508584
0,0.0434061185575754
0,0.0357837289213953
0,0.035635139108495
0,0.0349675250808211
0,0.1066964845776857
0,0.0050030696304616
0,0.0357106157880707
0,0.0351107024197369
0,0.0287225453761761
0,0.0099988776815136
0,0.0357572266743192
0,0.0348107565611471
0,0.0351240558924359
0,0.030395647948958
0,0.0015068478993755
0,0.0358549410974362
0,0.0186346793785415
0,0.0354697392007469
0,0.0354020890186466
0,0.0347916953101724
0,0.0350647541913408
0,0.0348752581710598
0,0.0348091834577216
0,0.0358850875231153
0,0.0356496788216315
0,0.0357103763187544
0,0.019281002429396
0,0.0348800559430049
0,0.0356975408929267
0,0.0353589613454366
0,0.0350526012202316
0,0.0055980792778137
0,0.0003564046868363
0,0.0357635463745473
0,0.0353387618632572
0,0.0352756149703782
0,0.0947411749115089
0,0.0068189096760873
0,0.0356816753726741
0,0.0348779567316319
0,0.0356073521347204
0,0.0207307312275434
0,0.0349671994455104
0,0.0348559680163412
0,0.0354135361705081
0,0.0350074742501564
0,0.0348841274885595
0,0.0284677189543481
0,0.035825777257219
0,0.0348035388326308
0,0.0350532155878214
0,0.0357996396330891
0,0.000379136534802
0,0.0358515181499671
0,0.0347862627261048
0,0.0508541911477436
0,0.0355262959960543
0,0.0358476798162286
0,0.0347933728179211
0,0.0355092896105718
0,0.0358574573719337
0,0.0356701220177909
0,0.0353965304803988
0,0.0350717384934777
0,0.0023022422723057
0,0.0348101901539707
0,0.04548817955571
0,0.031152293993549
0,0.0042426106556379
0,0.0347803790919722
0,0.0018980965454045
0,0.0193007785461868
0,0.0199274966297691
0,0.0358320402594191
0,0.0358793583920158
0,0.0357267795358869
0,0.0348198574081099
0,0.0167157277064089
0,0.0357110327417203
0,0.0356053734952256
0,0.0090991186672523
0,0.0357279249112894
0,0.0069206402975247
0,0.0358244884554469
0,0.0358252822613405
0,0.035810232269032
0,0.0258783958122604
0,0.0352549413057806
0,0.0356260410661369
0,0.0088023259691111
0,0.0358438325772274
0,0.0117330644933305
0,0.4682810174087948
0,0.0357941050862073
0,0.0358012349704606
0,0.0348133738577715
0,0.0166430035259502
0,0.0357520712525866
0,0.0225306953921253
0,0.024053079476984
0,0.0161382428495755
0,0.0357470778828732
0,0.0278787440499453
0,0.0064043624141827
0,0.0357183143242855
0,0.0176253172467185
0,0.0352601674400968
0,0.0354641279607662
0,0.0356575281924691
0,0.0357875095105249
0,0.0347876190538836
0,0.0276859772988264
0,0.0356387517667185
0,0.0161786798327175
0,0.0080922775681892
0,0.0184489593234978
0,0.0351208329375992
0,0.5317367942298399
0,0.0349006587222522
0,0.0351292922252196
0,0.0348611964616273
0,0.020514890267415
0,0.0357206482997244
0,0.0284149708033082
0,0.0039876267147955
0,0.0349335468020824
0,0.0144235086563192
0,0.0346476543777811
0,0.0348215497657537
0,0.0356961293508716
0,0.0356770546629502
0,0.0216243439729643
0,0.0357719843353009
0,0.0264536950087371
0,0.0040938553597042
0,0.0352374505522096
0,0.0117117928374265
0,0.0350558483663648
0,0.0347871807705579
0,0.0331057296985885
0,0.0358575289478705
0,0.0014840563639825
0,0.3082282674592623
0,0.0355930356405313
0,0.0358387603900595
0,0.0350913688111429
0,0.0349162855874974
0,0.0353739686433453
0,0.0349171241188154
0,0.0356363999368413
0,0.0354885100951146
0,0.0244227618160542
0,0.0357946052874894
0,0.0246765118621744
0,0.0350176162871592
0,0.0003838648554005
0,0.0132656071783702
0,0.0353658960007051
0,0.0153868023421104
0,0.0356111826406823
0,0.0197565082475784
0,0.0164968491621655
0,0.0282675933647899
0,0.0437854302765858
0,0.0264352714971297
0,0.0349722201896721
0,0.0355151106306239
0,0.0127987969192971
0,0.0358789823765926
0,0.0342735306442006
0,0.0350437092727206
0,0.0353525989963912
0,0.0194648846440909
0,0.0355985395091062
0,0.0356020193806233
0,0.0077093367630048
0,0.0351172038877774
0,0.0212724350882203
0,0.0353750179420346
0,0.0349619030246018
0,0.0357712495170125
0,0.035029201860873
0,0.0357463117618563
0,0.034850538332364
0,0.0299054525229891
0,0.0313942463286486
0,0.0352528521500228
0,0.0347936801787578
0,0.0357490475328689
0,0.0119901853457707
0,0.0350006582168428
0,0.0334266502489885
0,0.0358729549600426
0,0.0269578989867034
0,0.035131630925617
0,0.0188659137224367
0,0.0356164986964197
0,0.035836343760649
0,0.034806472824326
0,0.0290143230149993
0,0.0350961768720694
0,0.0164713068861126
0,0.0356527449757975
0,0.0135521340411919
0,0.03478198064958
0,0.0357678464647914
0,0.0357652552427063
0,0.0129910345982259
0,0.0135172534098715
0,0.0351961153969072
0,0.027796582481034
0,0.0076602530736673
0,0.020094316394528
0,0.0266159059972782
0,0.0086730845889186
0,0.0356305437109244
0,0.0349337928233333
0,0.0350230878249874
0,0.0348592708415418
0,0.0013345795687675
0,0.035354659468146
0,0.0356981161060558
0,0.0352295026654262
0,0.0352259805954658
0,0.0356321832418642
0,0.0313190073564915
0,0.0243366690217306
0,0.0348156381042633
0,0.0353920181960373
0,0.0358435415218617
0,0.0257785300145146
0,0.03560991372032
0,0.0349782113233908
0,0.0348171211125738
0,0.0348928808031292
0,0.0348624845050999
0,0.0351122933040644
0,0.0347760929324966
0,0.0357082783538769
0,0.0357587912598154
0,0.034790487424977
0,0.0183257151474014
0,0.0043757489580192
0,0.0356817918733838
0,0.0330415545909203
0,0.0129260282462994
0,0.035870284728357
0,0.0348091834577216
0,0.0147747782718486
0,0.0010337571202701
0,0.1142405106905947
0,0.0351735110044648
0,0.0355819764270807
0,0.0003228718389636
0,0.0347825412783971
0,0.0339483296130145
0,0.0356936801299998
0,0.0348305027893594
0,0.035193288603243
0,0.0332843837198248
0,0.0348696118368109
0,0.0358375204015789
0,0.0349026789222359
0,0.0352529433625097
0,0.0039086455471561
0,0.0155219794976712
0,0.0340459952365665
0,0.0013999494699155
0,0.0357601440617262
0,0.0047850856232661
0,0.0030992828458218
0,0.0348493995869543
0,0.0357056802169246
0,0.0356541471312972
0,0.0358636408391268
0,0.0132228486240617
0,0.0358211457894485
0,0.035438221463969
0,0.0089234696150953
0,0.0354306645498859
0,0.0234623183787726
0,0.0206050656195627
0,0.0358146669914471
0,0.0348655018843982
0,0.0347937934115685
0,0.0155079326591086
0,0.0348200392771578
0,0.0349117601814316
0,0.0356956085976835
0,0.0356688791894458
0,0.0279031317181878
0,0.0354390585752828
0,0.0356721702645545
0,0.0348128147657177
0,0.0318876686708104
0,0.0112138193830958
0,0.0356318814842575
0,0.0347953432474326
0,0.0222559176670414
0,0.0146124673189795
0,0.0353576761373142
0,0.0357506351323945
0,0.0354082233000755
0,0.0356640267168815
0,0.0358113911687741
0,0.0357453014092645
0,0.0137582567053316
0,0.0062100157709106
0,0.0149520223459911
0,0.013809110619942
0,0.0357214348478574
0,0.0057558812247811
0,0.0348725956003776
0,0.035193288603243
0,0.0157938395644434
0,0.0358590222510306
0,0.0358643147950791
0,0.0307012738980697
0,0.0351273766092027
0,0.0072330181542485
0,0.0347839583426447
0,0.0445253805315864
0,0.0358579614897802
0,0.0352279816985699
0,0.0170838695920557
0,0.0358200482468633
0,0.0355544783224372
0,0.0326990437016809
0,0.0337267490047378
0,0.0357617378844906
0,0.0356212515250027
0,0.0356119505586899
0,0.035837551094139
0,0.026255917648381
0,0.0352821767406413
0,0.0337192765467875
0,0.0356162498500748
0,0.0358586783002096
0,0.0221549104875952
0,0.0356818223803215
0,0.0358180689559732
0,0.0347614064402389
0,0.0347800151246977
0,0.0355340792318047
0,0.0213872573564826
0,0.0359072202295392
0,0.033291600385527
0,0.0295327524490338
0,0.0356755931740035
0,0.0349548964417256
0,0.0353980362149294
0,0.0135468543700044
0,0.0050023839813852
0,0.0356203627156451
0,0.035858096481465
0,0.0350932062091154
0,0.0335964089680827
0,0.0354212985838484
0,0.0354523168755455
0,0.0448574191918639
0,0.035730310505875
0,0.1437888361931467
0,0.0358406535974218
0,0.0352147481453225
0,0.0351799550502584
0,0.0349936943766836
0,0.0348303093560867
0,0.0356438912240409
0,0.0352519565576582
0,0.03578314706959
0,0.0358651776976955
0,0.0350534331122763
0,0.0356073307057526
0,0.015980126106129
0,0.0357810352227328
0,0.0351491779393152
0,0.0396555088455496
0,0.0352588703448644
0,0.035856068042809
0,0.0008358301729297
0,0.0358504171998247
0,0.0004947278296907
0,0.0352272051806688
0,0.0358313894075547
0,0.0354061130042723
0,0.0222768781252054
0,0.0239249046793683
0,0.0348396872607214
0,0.0548930219006122
0,0.0352821299911432
0,0.0350577203248986
0,0.0356881647508438
0,0.0348906627190144
0,0.0358220990178007
0,0.0224353354527244
0,0.03076174555665
0,0.0358319916777046
0,0.0348733016912551
0,0.0353403381262801
0,0.035866998082351
0,0.0004501023809997
0,0.0256269365495627
0,0.0354212985838484
0,0.0349455637257668
0,0.0347833167417425
0,0.0347916477421924
0,0.0358497127002197
0,0.0354923120378612
0,0.0357855971916404
0,0.0338901443073329
0,0.0117475314411181
0,0.0357758342767044
0,0.0358623800976723
0,0.0350590893587385
0,0.0214418664929522
0,0.0355107792529027
0,0.0353960916400852
0,0.0347825323281099
0,0.0347830515592456
0,0.035522124040996
0,0.0358311891429299
0,0.035178433271464
0,0.0350530732044929
0,0.0303071569852724
0,0.0349258973019991
0,0.0357531412753784
0,0.0358501427822743
0,0.0309613710881926
0,0.0346672981570017
0,0.0354502437289051
0,0.0349565443698735
0,0.0355769717346543
0,0.0243671786619707
0,0.0032697243783453
0,0.0354565302303989
0,0.0020429916308946
0,0.034800363414227
0,0.0056092620701377
0,0.0039033068810307
0,0.0030683572065473
0,0.0351963561093255
0,0.0358173275091547
0,0.0348534255250546
0,0.0124804824321223
0,0.0352072021827272
0,0.0356224701119318
0,0.0344733614573942
0,0.0355244412145326
0,0.0352269256258324
0,0.0348169296236125
0,0.0109210570069387
0,0.0355243168773114
0,0.0358582485169703
0,0.0356216262321195
0,0.0344070837469144
0,0.0349676802334327
0,0.0354076289342394
0,0.0350481811437356
0,0.0350227786341426
0,0.0349075705115586
0,0.0349066003506831
0,0.0337472228864624
0,0.0109443688435585
0,0.0350386304214573
0,0.0352620475518983
0,0.0137006378664932
0,0.0350629575416364
0,0.000962823252942
0,0.0115460532578398
0,0.0356663044471129
0,0.0350633267414797
0,0.0271847152926234
0,0.0073901226850709
0,0.0022487288492068
0,0.0348022102709841
0,0.0356687949812046
0,0.0247033055477303
0,0.0354946804969156
0,0.0358408555229016
0,0.0357377139491365
0,0.0356773296391515
0,0.0314096790605001
0,0.2283888192512492
0,0.0303570287862424
0,0.0356874159527144
0,0.0351849386314678
0,0.0348133673381287
0,0.0356339765190578
0,0.007669557956031
0,0.0356955224210617
0,0.0352654129214858
0,0.0348583007814526
0,0.0264337332273715
0,0.0351676908745521
0,0.0350198351308807
0,0.0271845250098706
0,0.0260139845524496
0,0.0352348098296945
0,0.0347810613067364
0,0.0356486058283049
0,0.005512686526756
0,0.0125108647219249
0,0.0302398025787491
0,0.0153560960589098
0,0.0056019487742965
0,0.0349683453923584
0,0.0348020487962824
0,0.0357022757340462
0,0.035662288886854
0,0.0042305037137744
0,0.0348244054597496
0,0.0123179552376938
0,0.0358136809832186
0,0.034647507750792
0,0.0013733991378638
0,0.0349986253987481
0,0.035855386405684
0,0.0355240517080025
0,0.0037998408393086
0,0.0113060828047169
0,0.0348089349708446
0,0.0233631971240671
0,0.0352569222263097
0,0.035217960856146
0,0.035571951817797
0,0.0357605598990828
0,0.0279275625680547
0,0.0352375727088722
0,0.0074804035147586
0,0.0007763133731988
0,0.0356884801789779
0,0.0348424627168781
0,0.0349828652046027
0,0.0353222341864541
0,0.0357545996479352
0,0.0326309194942359
0,0.0356884108939746
0,0.3889335392229134
0,0.0357457917742156
0,0.0326909920994715
0,0.0353529603054134
0,0.0195776128140931
0,0.0190934166714016
0,0.0350271299377066
0,0.0351831149830132
0,0.0315404526029477
0,0.0347849095208274
0,0.0349689425938916
0,0.002502337781001
0,0.0245093349784713
0,0.0356368658242135
0,0.0348136675548484
0,0.0355239859662612
0,0.0062657127828704
0,0.0351796419024373
0,0.035286367276773
0,0.0349839931748652
0,0.0348775356424126
0,0.0358578035458861
0,0.7711745813910326
0,0.0356444914436074
0,0.0088675237178247
0,0.0356434107271387
0,0.0132453430594313
0,0.035266349939766
0,0.0324528507629509
0,0.0355179986065926
0,0.0351501275731499
0,0.0358399768710967
0,0.0358767614657645
0,0.0357417730115461
0,0.0222845062698479
0,0.035766885105768
0,0.029159759643396
0,0.0449685717731854
0,0.0348747554240505
0,0.0358803630699323
0,0.0347881962047699
0,0.0004827544912717
0,0.0350668601477689
0,0.0352542717790347
0,0.0115711781295604
0,0.0030445701082109
0,0.0356621705700737
0,0.0358649975675932
0,0.0358076747187375
0,0.0347868343779239
0,0.035333159612681
0,0.0099305704825729
0,0.0352250889550632
0,0.0358668934136499
0,0.0356127934810874
0,0.0035620973245077
0,0.0122838549703492
0,0.0240577527401687
0,0.0356343746616793
0,0.0357580673143631
0,0.0296065103104397
0,0.8608093661552163
0,0.0246157363260358
0,0.0228391737345843
0,0.0162162862094375
0,0.0356799420232881
0,0.0349836671466218
0,0.0350881780073348
0,0.0358450988140827
0,0.0359067194186718
0,0.0628128180069459
0,0.0356444333607558
0,0.001155431000141
0,0.0354020623203458
0,0.0347676388105654
0,0.0348288982367902
0,0.0127874191909099
0,0.0353780309381438
0,0.0356182868490115
0,0.0199307215190472
0,0.0349054856116726
0,0.0348353308453887
0,0.0113729084940704
0,0.0351028826891215
0,0.0357929144847394
0,0.0085996513084233
0,0.0258743141110712
0,0.0357790450679005
0,0.0116561243322578
0,0.011407386916939
0,0.0349732447015041
0,0.0348518755384434
0,0.0071613773975837
0,0.0355897695289629
0,0.035735016663225
0,0.0348119664469658
0,0.0357512960614742
0,0.0047865928605935
0,0.0358037978946992
0,0.03490978768101
0,0.0350488898769901
0,0.034814512859498
0,0.035828302470858
0,0.0350526547994185
0,0.0349319740256762
0,0.0050849702787553
0,0.0036455752873616
0,0.0189515618436584
0,0.0334130990117955
0,0.0350176485615844
0,0.0355799355927491
0,0.0348398412719628
0,0.0322618739852771
0,0.0032166271263798
0,0.035472513384783
0,0.0345382327170645
0,0.0357458219374589
0,0.0157662412215413
0,0.0358389217440172
0,0.0327915173070998
0,0.0137706659692292
0,0.035529144693826
0,0.0348079683643004
0,0.0357861675029667
0,0.0358209073591218
0,0.0358117908466144
0,0.0358137878824865
0,0.0353052359730036
0,0.0356339225870892
0,0.0357042742429312
0,0.0254153666250097
0,0.0354222948509696
0,0.0072774010643305
0,0.0005574291928011
0,0.0350344880175676
0,0.0162547406241512
0,0.0354938875095698
0,0.008997407809885
0,0.0351957935678591
0,0.0350310221203139
0,0.3897309927258484
0,0.0357003374027731
0,0.0034214453466311
0,0.0053965264378508
0,0.0136176524124539
0,0.004556448640624
0,0.035487914737525
0,0.0350376445136013
0,0.0348809710163334
0,0.0358112743397622
0,0.0355628315201006
0,0.0355058560843798
0,0.0151894493901957
0,0.0304753904936204
0,0.035349261593121
0,0.0309712886343511
0,0.0340597639012996
0,0.0253774494355111
0,0.004496029141183
0,0.0348220516113656
0,0.0356582488099747
0,0.0147081404267048
0,0.0351343917849912
0,0.0349450709500232
0,0.0358635278593973
0,0.03428798563284
0,0.0357671838914656
0,0.0135728648094585
0,0.0352733836082551
0,0.005262582345483
0,0.0343932066218215
0,0.0349324824654231
0,0.035662967600385
0,0.0355074687117612
0,0.0349023658030697
0,0.0356786138346819
0,0.0358074456747577
0,0.0048733598445713
0,0.0031459204083701
0,0.0350625239639221
0,0.0080664196576462
0,0.0352995562852621
0,0.0297285620857219
0,0.0352264482433249
0,0.0325688712927899
0,0.005491893018834
0,0.0179673270764296
0,0.0348165529961751
0,0.0326254056812769
0,0.0353165597538473
0,0.0358601461579657
0,0.0355832909376436
0,0.0135985293295364
0,0.0348904166949602
0,0.0347944062915633
0,0.0354655397195421
0,0.0101524368080857
0,0.0352882385176398
0,0.0033605746730302
0,0.0177474016896604
0,0.034895028825513
0,0.0014494972630969
0,0.0356554254382759
0,0.0353397051272811
0,0.0347804780672574
0,0.0349309925803566
0,0.017323955160597
0,0.0357748816271133
0,0.0348201098325803
0,0.0088511349992062
0,0.0114076827480852
0,0.0356713771062595
0,0.0354514567005995
0,0.0183710898065258
0,0.0351856231295848
0,0.0348198212858122
0,0.0348125425840121
0,0.0358290712245178
0,0.0298912469651343
0,0.0352405420560115
0,0.0076602530736673
0,0.0356961498843265
0,0.0354277256571963
0,0.0348056573184281
0,0.0351352954682905
0,0.0349592052575855
0,0.0183338250123929
0,0.0123736539208827
0,0.027306819269232
0,0.0353714334786973
0,0.0349756017350906
0,0.0356317568122971
0,0.0174812253623972
0,0.024993682454594
0,0.0350097628769642
0,0.035742432755783
0,0.0285389540686996
0,0.0357466785962158
0,0.0348973660953583
0,0.0286493052243518
0,0.0354717447661366
0,0.0076409818103611
0,0.0358304814190172
0,0.0355205994463925
0,0.0348846148214562
0,0.0351150114509669
0,0.0350520288097044
0,0.0085570781878479
0,0.0348015869518364
0,0.01989029047303
0,0.396683197524107
0,0.0349550501123701
0,0.0349028900887488
0,0.0354615543877205
0,0.0357516568011072
0,0.0311635130319682
0,0.0352775074785294
0,0.0089503133942177
0,0.0347760570532388
0,0.0347812798541101
0,0.0355376962748917
0,0.0246699698055104
0,0.0352151023854876
0,0.0182607804671093
0,0.0347936459259546
0,0.0355459537027659
0,0.0456258154250062
0,0.0349106950248775
0,0.0305166965467245
0,0.0049619894416248
0,0.0358505999562012
0,0.0353314970499392
0,0.0350017268671892
0,0.0189861321499685
0,0.0215707616019833
0,0.0357252707933981
0,0.0349592273178879
0,0.0347604881879237
0,0.02480880200134
0,0.0357733966008372
0,0.035180017393305
0,0.0349041243705402
0,0.0350096316374812
0,0.0349219978014486
0,0.034869616119972
0,0.0357069226717002
0,0.0357858961765895
0,0.0350982628870964
0,0.0351670361683955
0,0.0216127613976413
0,0.0350226999910363
0,0.0353283843789097
0,0.0207398904195011
0,0.0205525774417377
0,0.03561898432722
0,0.0354019621035723
0,0.0354447805906668
0,0.0357735794863495
0,0.0258025446983275
0,0.0010488753136716
0,0.049094176879261
0,0.0356821969822588
0,0.0349133625979867
0,0.0350677904641702
0,0.0148474306359553
0,0.4012657307270019
0,0.035716590559097
0,0.0358378621883342
0,0.0114379336157615
0,0.0356688078353643
0,0.0357487961594219
0,0.0029638360619044
0,0.0061469090328933
0,0.2343328168258724
0,0.0351602106696457
0,0.0357090353255751
0,0.0352856472438064
0,0.0335629962216233
0,0.0352695834309884
0,0.0353985432365983
0,0.0356212937033761
0,0.0140230096846711
0,0.0356091461905258
0,0.0358581893264678
0,0.0072312580940049
0,0.0350782675884601
0,0.0348322794293152
0,0.0358674236677997
0,0.0008160628028433
0,0.0138126412425087
0,0.035884006454955
0,0.009144280763004
0,0.0028351096141049
0,0.0358170140630729
0,0.0357413844071391
0,0.0226876383720044
0,0.0352165446156725
0,0.0358305764249102
0,0.0351977202901188
0,0.0350081227009063
0,0.0348301193418707
0,0.0116990956761764
0,0.0354849412666636
0,0.0357752715297568
0,0.0117688734410314
0,0.0095702339247251
0,0.0352727993227055
0,0.0125604216514402
0,0.1166320462079454
0,0.0184127296774552
0,0.0352204660276356
0,0.0357465203403746
0,0.035781052458591
0,0.0358350583324016
0,0.0239493872738703
0,0.0092601459720366
0,0.0276383099795486
0,0.0357443176653196
0,0.0348550050769011
0,0.0228293550513444
0,0.0182842002914053
0,0.0358137939465433
0,0.0352618791470566
0,0.0216439286302521
0,0.0357701445177642
0,0.0349346458186928
0,0.0122608291538381
0,0.0352441717608066
0,0.0348159603657349
0,0.0185481867389643
0,0.0332908040308329
0,0.0030328381031979
0,0.0352172611858717
0,0.035100733640775
0,0.0350452461558585
0,0.0296048948872399
0,0.009931969014176
0,0.0167588624625961
0,0.0353513337117397
0,0.0351998134900481
0,0.0357869627162008
0,0.0347077898649112
0,0.0302954795768495
0,0.0351202168292318
0,0.0045067874317902
0,0.0226022026616144
0,0.035759766578067
0,0.0348368124026732
0,0.0017949466289676
0,0.0354984844369418
0,0.0348263540393849
0,0.0015892647544919
0,0.0348303237897644
0,0.0358150837936715
0,0.035350550731606
0,0.0394055654804401
0,0.0255677131734641
0,0.0349786883897511
0,0.0352002352168205
0,0.0357071540410608
0,0.0349917124607402
0,0.0130915062151338
0,0.0283757616703358
0,0.015901195026069
0,0.0347881879598725
0,0.0356719941822624
0,0.0305657609802722
0,0.0350645485281204
0,0.0357999433272461
0,0.004309532773095
0,0.142687023513072
0,0.0106443089288397
0,0.0356235622436349
0,0.0332863323738038
0,0.0349177983284701
0,0.035489355569195
0,0.0358113152369681
0,0.0038658036062907
0,0.0355416965505986
0,0.0351020294074624
0,0.0348722530274046
0,0.0358555649200906
0,0.0353639358213302
0,0.0192146373437647
0,0.0051754339818521
0,0.0353621853812072
0,0.0280612762587009
0,0.0353839420231885
0,0.0348078250190369
0,0.0347815256567206
0,0.0018318554386404
0,0.0350519242827675
0,0.0353622743710513
0,0.0347934747155894
0,0.0098200236535062
0,0.0358005954126393
0,0.0356487479970501
0,0.0354001444937941
0,0.0206595782671137
0,0.035193976937557
0,0.0358713823596966
0,0.0353419621081152
0,0.0351373982804038
0,0.0356485676916923
0,0.0215237310062376
0,0.0358616762030069
0,0.0355660096371338
0,0.0008467660405319
0,0.0349821906102868
0,0.0357894681762184
0,0.0355306720753362
0,0.0046047314855906
0,0.0351460096950949
0,0.0352379017962754
0,0.029754530578518
0,0.0094608537674318
0,0.0055566575784156
0,0.0357825317885077
0,0.0353259670115946
0,0.0286873611361328
0,0.0358124169379495
0,0.0357851991421829
0,0.0353182972157981
0,0.034860360826677
0,0.0348645443682935
0,0.0356092918127237
0,0.0104766806989133
0,0.0283563021805508
0,0.0186818784959154
0,0.0099353782426231
0,0.0356238617287403
0,0.0355105135714768
0,0.0349059497976078
0,0.0011739805669757
0,0.006326020269607
0,0.0353681767112368
0,0.0077095968192473
0,0.0358051224423913
0,0.0346971313309911
0,0.0061237318489411
0,0.034788054396166
0,0.035133845289327
0,0.0349790302131258
0,0.0352378561098504
0,0.034977296226561
0,0.0358265339571369
0,0.0348831013901467
0,0.03582847166422
0,0.129067586749068
0,0.015759282280981
0,0.0218554050525653
0,0.0351168531819813
0,0.0247430343691355
0,0.0349427453400636
0,0.0358679631053303
0,0.0358560973369337
0,0.0356129579449433
0,0.0331193999048154
0,0.0358628971693028
0,0.033494174149651
0,0.0182148465508636
0,0.0355084587802127
0,0.0193159672820485
0,0.0301364392771713
0,0.0272899925217862
0,0.0340737239449493
0,0.0349444357836113
0,0.0352053272167684
0,0.0349147200406059
0,0.0348047438157725
0,0.0357123839248317
0,0.0319486377271969
0,0.2234692939697703
0,0.0356105806324672
0,0.0101952183488577
0,0.0354152598534604
0,0.0355106880978343
0,0.035857891466207
0,0.0347798292386583
0,0.0176529896869989
0,0.0348392924187804
0,0.0351225882940857
0,0.035557198269749
0,0.0090508474539243
0,0.035850162944996
0,0.0355436614199611
0,0.0271136721297235
0,0.0742281064127302
0,0.0317584340075512
0,0.0357964222575369
0,0.0269818635212656
0,0.2013066710649915
0,0.0352634445964562
0,0.0015234063626949
0,0.0358401499440873
0,0.0040588985256384
0,0.0096191408952036
0,0.0347909872124616
0,0.0349856433185317
0,0.0358560679505323
0,0.0058841543770494
0,0.0357395547489996
0,0.0349886461774412
0,0.035119524168628
0,0.0354097600278127
0,0.035617561772749
0,0.0347814438267892
0,0.0357539057290427
0,0.0337816519472453
0,0.0356788217826594
0,0.0137074631756771
0,0.0353388850293237
0,0.0048570492098362
0,0.0348967825998851
0,0.0124754646562329
0,0.0122299680354683
0,0.03582163627302
0,0.0355546984601442
0,0.0350376617300804
0,0.0338265735989956
0,0.0162250998472998
0,0.0349066232580326
0,0.0054605330867712
0,0.0100327262258197
0,0.0357591648731742
0,0.0066021327959226
0,0.0349983676100323
0,0.0358713990193258
0,0.0103488369185317
0,0.0357900505358308
0,0.0348774956119318
0,0.034974498136389
0,0.0355226886889384
0,0.0007640397600395
0,0.0350537873861398
0,0.1519278883681593
0,0.0256751394390025
0,0.035303685462343
0,0.0113656707678966
0,0.0351660970697285
0,0.0358411494159107
0,0.0073398064142983
0,0.0049858396729545
0,0.0356857535580345
0,0.0202235874276332
0,0.0343001819200307
0,0.0357131881078851
0,0.0347825086999605
0,0.0348576342305684
0,0.0391350211221102
0,0.0276562855428863
0,0.0348914178200055
0,0.0305083245210075
0,0.0353950890594069
0,0.0356258215548917
0,0.0355297893576357
0,0.0072180284367925
0,0.0259982782596752
0,0.0357485262692914
0,0.0348570097607721
0,0.0358655214862065
0,0.0348372520062013
0,0.0358106543268577
0,0.0350155524169215
0,0.008420470224356
0,0.0358486787479502
0,0.0357863144382337
0,0.0357227239670643
0,0.0138661352351451
0,0.0354184331146994
0,0.0091489433339212
0,0.0348365250442661
0,0.0181480389057957
0,0.0355786390713419
0,0.0347667304842913
0,0.0024012337470503
0,0.0358553582184155
0,0.0358470953305562
0,0.0357685315321925
0,0.0353125275682965
0,0.0348426965238026
0,0.0348070754272792
0,0.0356315379126226
0,0.017691679169356
0,0.0355161256607097
0,0.035278968805747
0,0.0350304945763094
0,0.0358407513878804
0,0.0036004828388352
0,0.0358521386805488
0,0.0349495811407946
0,0.7917367620043696
0,0.034783434567342
0,0.0358365330056426
0,0.0348518631381522
0,0.0238570770027044
0,0.0357817380243702
0,0.0316378183586309
0,0.03583915607363
0,0.0225187099686241
0,0.0095447415559259
0,0.0348153683715908
0,0.0348688076673232
0,0.0350905507045541
0,0.0354834882368098
0,0.0347827981411982
0,0.0349937291155242
0,0.0349928890367564
0,0.020094316394528
0,0.0353909304522249
0,0.0349339800185089
0,0.0351741168696082
0,0.0226869446412054
0,0.0188367579037257
0,0.0347807223139961
0,0.0356676595493197
0,0.0357495826232716
0,0.0357307535076881
0,0.035510820653124
0,0.0357805649286558
0,0.0011935167187444
0,0.0354813305498291
0,0.034754939042742
0,0.0349193415165501
0,0.0278812365926877
0,0.035051306539831
0,0.0348011096891099
0,0.0357448589784871
0,0.0168202262803628
0,0.0358421683762753
0,0.0158839306522452
0,0.0349205803904476
0,0.0357247951220001
0,0.0347865302115115
0,0.0349658909834407
0,0.0261845785883415
0,0.0358626680110739
0,0.0350431253616986
0,0.0459707184176992
0,0.003693531962135
0,0.0356046367624484
0,0.0348616589634062
0,0.0358751881079026
0,0.0140427705540814
0,0.0351743432548102
0,0.0019230593259489
0,0.03479031170203
0,0.0353052359730036
0,0.0358388577064555
0,0.0349674006862645
0,0.0355436315000291
0,0.0227186539574244
0,0.0355414087134996
0,0.0356201338927799
0,0.034782313218537
0,0.0348292514932549
0,0.035844449285737
0,0.034895028825513
0,0.0357862125309985
0,0.0070505333395145
0,0.0171889690514549
0,0.0358338005857071
0,0.0266024783182044
0,0.0348998737203601
0,0.013999723180232
0,0.0350475067178108
0,0.0348961843304324
0,0.0009920889110039
0,0.0354171616073062
0,0.034841125917861
0,0.0347805429329796
0,0.083706785572339
0,0.0014834738436654
0,0.0353328419487616
0,0.0350234899706751
0,0.0160131351686395
0,0.0004544311990725
0,0.0023225670018258
0,0.0099284372496536
0,0.0348752523298513
0,0.0358451950493651
0,0.0253860040130768
0,0.0358284696418819
0,0.0103190260914642
0,0.0162838538588205
0,0.0350337147240049
0,0.0348104959045573
0,0.0358722775963371
0,0.035674311333535
0,0.0349787164930049
0,0.0215012038359413
0,0.0113277104770775
0,0.0146112615692833
0,0.0349142051070099
0,0.0358853450952098
0,0.0352341759658955
0,0.0102069768216758
0,0.0357737620265599
0,0.0354868037178737
0,0.0352757895173159
0,0.0356162105568218
0,0.0038836103884413
0,0.0358595594739081
0,0.0190967073317178
0,0.03533097272236
0,0.0242213971733814
0,0.0351931977378562
0,0.0347855399989755
0,0.0239656651545898
0,0.0157887488900921
0,0.0351086865197617
0,0.0347721060957359
0,0.0351758836536652
0,0.0351340860421418
0,0.0053208172328287
0,0.0357485686760912
0,0.0195196153819368
0,0.0078791772443574
0,0.0348796884833164
0,0.0357932404827988
0,0.0358041674915512
0,0.0089858596107205
0,0.0357400071126586
0,0.0104179018174566
0,0.0350642178669491
0,0.0007070849692151
0,0.0355137675728662
0,0.0358471477851929
0,0.0160686446523894
0,0.0355936079050163
0,0.0349795873868089
0,0.0334758696533305
0,0.0347755689031005
0,0.0356623122369849
0,0.0379673989742707
0,0.0356419033525319
0,0.0350142814105779
0,0.0101580913777462
0,0.0355506642094613
0,0.0357580327123302
0,0.0063187811794706
0,0.0356225499621146
0,0.0356099966546355
0,0.0339890742062413
0,0.0129818637970538
0,0.0353633929836097
0,0.0326911262967778
0,0.0010793478282255
0,0.0357737274340603
0,0.0294023724384992
0,0.0314902499507561
0,0.0357205071008336
0,0.0331760192735671
0,0.034804034818249
0,0.0350914417300895
0,0.0211247161856519
0,0.0176575802655878
0,0.0352299184317314
0,0.0357578818446074
0,0.0356496197540756
0,0.0100991299402364
0,0.0149110032355368
0,0.0243552542529351
0,0.0355344639043863
0,0.0356178231679658
0,0.0349973550794373
0,0.0358071508610493
0,0.0358044180538351
0,0.0348083599961593
0,0.0347999506518936
0,0.0352023254148849
0,0.0349212807081067
0,0.0348881554733338
0,0.5317347409970844
0,0.0350244643182451
0,0.0211492667134521
0,0.0072779889853091
0,0.0301116879244485
0,0.0358329854932224
0,0.0351782941854625
0,0.0358856724478477
0,0.035739914465919
0,0.0348015805588131
0,0.0004907302412274
0,0.057093695053574
0,0.0357700350860148
0,0.0352848072959296
0,0.0349569127014579
0,0.0347854893684868
0,0.0080096217705018
0,0.0128143604883408
0,0.0352586969661086
0,0.7433082130622488
0,0.0349943574459337
0,0.0358608963687909
0,0.0347380591746933
0,0.1590652800677588
0,0.0355903855116964
0,0.0349834215769399
0,0.0351593163786297
0,0.0357322095375223
0,0.0126041742019688
0,0.0348705789419819
0,0.0100595339992802
0,0.0340882472256584
0,0.0358703427148333
0,0.0349053725793697
0,0.0288304229253689
0,0.0079076211564835
0,0.0167517977467014
0,0.0356851113474298
0,0.0355149069391475
0,0.034790329392616
0,0.0358630647323081
0,0.0047085116171349
0,0.034785678400044
0,0.0023308814547163
0,0.0348002986480167
0,0.0089530773506116
0,0.0173202707190755
0,0.035607362574443
0,0.0353334849504531
0,0.0178341407521698
0,0.016519815962582
0,0.035853372210726
0,0.0212942802649475
0,0.0358516730676347
0,0.0028628529000554
0,0.0348524227332349
0,0.0257157001467999
0,0.2255437354299269
0,0.0358403605008968
0,0.0298551318591037
0,0.0253081661078569
0,0.0350117342610287
0,0.035328300914085
0,0.0348241015558573
0,0.0354468149236434
0,0.035568239958763
0,0.0006373860018484
0,0.0352104710758186
0,0.0347829739803344
0,0.0351187251913915
0,0.0357147881083015
0,0.0131449962425845
0,0.0355354004608552
0,0.0357700122546334
0,0.033338799608388
0,0.035240814213461
0,0.0358626711568856
0,0.0350056037729247
0,0.0350710074980338
0,0.0351688007853203
0,0.0292637207971411
0,0.0093255030214099
0,0.0348166933055887
0,0.0125863754546085
0,0.0198512434583177
0,0.00574497286308
0,0.0307262696717617
0,0.035684258156234
0,0.1871802776048494
0,0.0353605118047349
0,0.034885978748642
0,0.0350085012077003
0,0.0356147939856007
0,0.0152811755751623
0,0.03555641205484
0,0.0358040465384155
0,0.0019300586192294
0,0.0053500995067734
0,0.035544667103126
0,0.0356073299227895
0,0.0124484823261637
0,0.034940922401115
0,0.0352644256233151
0,0.0353052832140933
0,0.0351013171739725
0,0.0351164884515671
0,0.0348539409338515
0,0.0348230052166781
0,0.0352030959891403
0,0.0357488032906143
0,0.0351709574799155
0,0.0352967277217511
0,0.0353879310662286
0,0.0349974848033044
0,0.0348933548817954
0,0.0347958872696516
0,0.0357683046034885
0,0.0336473860593539
0,0.0358421559667922
0,0.0347891189579607
0,0.0349102628444472
0,0.03585366202307
0,0.035653332913937
0,0.0358687053831711
0,0.0348262123692411
0,0.0349133625979867
0,0.0242331024770202
0,0.0271859221252439
0,0.0020827839705181
0,0.0350652077362975
0,0.0113208334443328
0,0.0348669772220284
0,0.0357867894859366
0,0.7642388022481796
0,0.0101830246849958
0,0.0353571722799412
0,0.0347962996346772
0,0.0286963924706268
0,0.0354014766944455
0,0.0063915865247657
0,0.0356065815665082
0,0.020032331819872
0,0.0356399044235198
0,0.0314792499030755
0,0.0175250541409282
0,0.0357785825129046
0,0.0156325697171006
0,0.0009687050054154
0,0.0054956179155958
0,0.0241682134545244
0,0.0358669765721344
0,0.0354244497516196
0,0.0230520230594477
0,0.033916739855871
0,0.0350708024443442
0,0.0350810992376678
0,0.0350867437706114
0,0.0358262753253108
0,0.0358879833738116
0,0.0275824900043019
0,0.0358120650976586
0,0.004155661302658
0,0.0358019798338839
0,0.0245973075290183
0,0.0455229645629583
0,0.015218847853635
0,0.0353691959597036
0,0.0353509749062817
0,0.0009459011892909
0,0.0346002688199425
0,0.0357990435119458
0,0.0356139287473987
0,0.0348529847018269
0,0.0351305617730902
0,0.0209039266674537
0,0.0347813097539151
0,0.0358811345568175
0,0.0354944482593275
0,0.0349573558243686
0,0.0435172293198318
0,0.0355464803866636
0,0.0113740094641144
0,0.0307764844803273
0,0.0322961883150855
0,0.0357403397837497
0,0.03479425519375
0,0.145757164377991
0,0.0348575561938568
0,0.0348204263065346
0,0.029678781748846
0,0.0355670832233305
0,0.0347846041943641
0,0.0357337467246006
0,0.0181055281067296
0,0.0538739548264289
0,0.0358562374146431
0,0.0356934202676373
0,0.0350766956296408
0,0.0357858366273807
0,0.0088771097448562
0,0.0348700596448298
0,0.0348490216756296
0,0.0350387363721541
0,0.0303897845656001
0,0.0358773325817793
0,0.0356160770825684
0,0.035800481150777
0,0.0064959154342905
0,0.0347898104704623
0,0.034839358443306
0,0.0347574821533142
0,0.0354643911592783
0,0.3216622016595946
0,0.0352549413057806
0,0.0161376252112638
0,0.0354055716002202
0,0.0354032460018495
0,0.0082920698189453
0,0.0352492855765114
0,0.034829234755927
0,0.0173334600897287
0,0.013528120053077
0,0.0352284666913006
0,0.0353931531218571
0,0.0347562856976498
0,0.0351625369526794
0,0.034787381530218
0,0.0197604742808692
0,0.0350386304214573
0,0.0349972213823619
0,0.0356611849572366
0,0.0205019061125332
0,0.0352241011830264
0,0.024220831832392
0,0.0348128376435114
0,0.0347875282452999
0,0.0348571013641891
0,0.0255671295050839
0,0.0145614339985691
0,0.0184974686600839
0,0.034891543206006
0,0.0155159674811525
0,0.0355538852123662
0,0.0357691833194931
0,0.0205385625304923
0,0.0352038992734525
0,0.0349159628089366
0,0.0358982718518185
0,0.0054549160274586
0,0.0358448796133519
0,0.0018216855115291
0,0.0348275644594868
0,0.0184895180524672
0,0.0118290688595967
0,0.0356590113518691
0,0.0259876098304516
0,0.0358213244364429
0,0.0853966802412447
0,0.0206144242124528
0,0.0211245985400579
0,0.0081905424062173
0,0.0353166078222094
0,0.0356162841260343
0,0.0347839240926361
0,0.0029480144135069
0,0.0349105921667612
0,0.0351891393568133
0,0.0358603295866452
0,0.0358520660249802
0,0.0350397260565952
0,0.0347963783838206
0,0.0302770525876275
0,0.0349851811513876
0,0.0355068108835272
0,0.0259240217543555
0,0.005214616242464
0,0.0101247198173789
0,0.0347634570529673
0,0.0282140475500452
0,0.0348376065656904
0,0.0358680621889918
0,0.0356411333428617
0,0.0353439215272162
0,0.0104174602490996
0,0.0358396577355014
0,0.0358552597526139
0,0.0358516610220898
0,0.0349888240653762
0,0.0356073830835981
0,0.0319976411091942
0,0.0350748350021643
0,0.0353600504464301
0,0.0841464819713055
0,0.0275374561128501
0,0.0356082398856171
0,0.0315231925722503
0,0.0358298634127197
0,0.0196850030219822
0,0.0352941858058094
0,0.0358681634370006
0,0.0024541166743938
0,0.0348111069488545
0,0.0078869416883048
0,0.0356445919669228
0,0.0349555629106784
0,0.019390603185333
0,0.0358623108883437
0,0.0045964117518625
0,0.0349923363374175
0,0.0104995669015657
0,0.0326988339669773
0,0.0350020852241903
0,0.0176954502158449
0,0.035808493315732
0,0.0350826935028467
0,0.0358271711122139
0,0.035060675138519
0,0.0207724016197952
0,0.0356612513264897
0,0.1834047247343423
0,0.0257045062961085
0,0.0349894348827131
0,0.0353356656923639
0,0.0093898903008263
0,0.0066877644723557
0,0.0276672579008809
0,0.034825163337582
0,0.0174637562312865
0,0.0347818514021962
0,0.0357248190648736
0,0.0241067764098383
0,0.0351895807158086
0,0.0205411268425712
0,0.0355246559883405
0,0.0357842093344276
0,0.035769145624433
0,0.0196221929418836
0,0.0356213421754541
0,0.0025885350317656
0,0.0339453812780766
0,0.0183061617841357
0,0.0280902093767265
0,0.0354777642049045
0,0.0349383420667551
0,0.0347895801088941
0,0.0355381475887525
0,0.0350613774241523
0,0.0358574814862597
0,0.034832274156224
0,0.0189666633466413
0,0.015598545653215
0,0.0356954933186966
0,0.0349178119611145
0,0.0358775449294195
0,0.0351994994968866
0,0.0357076143069096
0,0.0286904637999362
0,0.0140036051580249
0,0.0333459162645953
0,0.0349033413510044
0,0.0330897046561308
0,0.0357929428406081
0,0.0351515367680585
0,0.0347857814327395
0,0.0347889036172849
0,0.0358233760611074
0,0.0351397835710916
0,0.0267092467146851
0,0.0352128362200806
0,0.0358495689183381
0,0.0357149695800582
0,0.0153457154733045
0,0.019281002429396
0,0.0064564899014161
0,0.0350551766205917
0,0.034754714768442
0,0.0357645277529723
0,0.0352788622821514
0,0.0341159744658622
0,0.0327057912677507
0,0.0341560250318435
0,0.0355428640107911
0,0.0355863455404146
0,0.0350312452282765
0,0.0356404477509156
0,0.0352485947366746
0,0.0354980838475157
0,0.0348731803059399
0,0.0350742053218268
0,0.0316129592351171
0,0.0348281449771871
0,0.0358607016465642
0,0.0359094536648359
0,0.0230213847514983
0,0.035825404090426
0,0.0358389291653329
0,0.035374980311414
0,0.0354237361953322
0,0.0267808406685016
0,0.0348453287958954
0,0.0353175311105234
0,0.0348053781208148
0,0.0033266272958871
0,0.0083081443844566
0,0.0348491774913185
0,0.0358358401052483
0,0.0304878189105232
0,0.0358420373277948
0,0.0347828078631428
0,0.0357159706927765
0,0.0255216433502452
0,0.0358434817226192
0,0.0260558908880956
0,0.031125897583537
0,0.0357679391509955
0,0.0321883767947673
0,0.03577385657442
0,0.0351106000537242
0,0.0344720001989996
0,0.03551593028846
0,0.0348234888666292
0,0.0199435144019354
0,0.0296392366050093
0,0.0358365334992036
0,0.0358111753992968
0,0.0250725430937711
0,0.012961945821949
0,0.0350878280371437
0,0.0101519480275845
0,0.0219174783213748
0,0.03571469537059
0,0.0357949709495963
0,0.033476573205364
0,0.0358267737024124
0,0.0350750947350639
0,0.034849193153243
0,0.0354759424163898
0,0.010523467615908
0,0.0350366989275466
0,0.035852184106945
0,0.002034678441384
0,0.0259939273862929
0,0.0357658491109948
0,0.0054174413643403
0,0.0356274321492871
0,0.0353061919028873
0,0.0283166457469563
0,0.0353426151295094
0,0.0347962438255221
0,0.034912424377106
0,0.0072670603188821
0,0.1927143854493145
0,0.0073771161921945
0,0.0279241124119217
0,0.034619087757875
0,0.0149738727965829
0,0.0356287922104478
0,0.0017300221531431
0,0.007884817184156
0,0.0358184185258973
0,0.035754432925288
0,0.016193699326725
0,0.0348685734022969
0,0.0352303424221411
0,0.0357269846894401
0,0.0134902960335846
0,0.0352818077404529
0,0.0322820765060121
0,0.0348322963956801
0,0.0074058327558176
0,0.0351612863190384
0,0.0348681760805144
0,0.035023233161182
0,0.0351320644486651
0,0.0347852349561053
0,0.0356326113287492
0,0.0232453964339911
0,0.0344809220424832
0,0.0184615384600729
0,0.0347898078476673
0,0.0352795260546956
0,0.035067197966223
0,0.0356078565393765
0,0.025457231533148
0,0.0358104240816246
0,0.0349714583173012
0,0.0348161879523327
0,0.0329351625035896
0,0.539327998398118
0,0.0350126027527548
0,0.0356108068239602
0,0.0351775173050002
0,0.017737583723709
0,0.0357309586049462
0,0.0107453415237522
0,0.0356058603814247
0,0.0324204364076506
0,0.0350734739750889
0,0.0356568529885419
0,0.0168304282596644
0,0.0357871879478812
0,0.0358565900620998
0,0.0348221200630752
0,0.0349169882749867
0,0.0357563236105687
0,0.0061393391125462
0,0.0109753804656295
0,0.0024619282900165
0,0.0355244011599118
0,0.0312501822226788
0,0.0357667471559847
0,0.035483365486119
0,0.0348128766141917
0,0.0324151298917269
0,0.0356114255328159
0,0.0121958450808503
0,0.0346157320295243
0,0.0358641740380042
0,0.1461013418128779
0,0.0108630492913989
0,0.0027804854697338
0,0.0354367863447051
0,0.0203881813489705
0,0.0348164340971722
0,0.035853152419396
0,0.0358553106314413
0,0.0246117526019479
0,0.0348391602441338
0,0.0354695810825439
0,0.0351068316715445
0,0.0355675589197121
0,0.0356115381303939
0,0.1128910016968696
0,0.0357483116754546
0,0.0353053126561659
0,0.0355978987683108
0,0.0347678852050824
0,0.0358639787081852
0,0.0358512573887365
0,0.0350787024155447
0,0.0348218075929161
0,0.0034591923569777
0,0.0355594249637767
0,0.0358005906285235
0,0.0354754873963973
0,0.0358547660707127
0,0.0358407369039449
0,0.0137706160289771
0,0.0347983940357264
0,0.0202560630081662
0,0.029472000629362
0,0.0353407132477391
0,0.0034037802778966
0,0.0358318312758627
0,0.0348820655155271
0,0.034794941312585
0,0.0347920915118966
0,0.0358486827242808
0,0.0348803824601988
0,0.0127121479004432
0,0.044998532926521
0,0.0351732263263135
0,0.0348064342280863
0,0.0205323163900786
0,0.0347956048345633
0,0.0327265995904985
0,0.0172969614200795
0,0.0352228615068162
0,0.0212616235027587
0,0.0037340057072643
0,0.0358579540410888
0,0.0357635724118175
0,0.0354679411463409
0,0.0353047815987541
0,0.0342371437207432
0,0.0351396589903127
0,0.0358629547261149
0,0.0076685297613253
0,0.7108901888701643
0,0.0023297836958365
0,0.0129935899751363
0,0.0348196187491526
0,0.0351271716164687
0,0.0348379631697605
0,0.0358606508013661
0,0.0358694745432448
0,0.0353940027512509
0,0.0358568097366303
0,0.0074819808058364
0,0.034864499027629
0,0.027338334876443
0,0.0355470969103329
0,0.0355994324419846
0,0.0146610880429099
0,0.0048273104363384
0,0.0293937639607794
0,0.035695343597071
0,0.0348902794809008
0,0.0358591490575452
0,0.0086073161505407
0,0.0136093212194835
0,0.0354398185856699
0,0.0111117297623072
0,0.0184477564130812
0,0.0105820298916483
0,0.0131041734756999
0,0.0357260979795857
0,0.0338275390460188
0,0.003993417133937
0,0.0358215355478353
0,0.0358657452053677
0,0.0314648947501377
0,0.0351429784554156
0,0.0279523240806865
0,0.0298149881079543
0,0.0348545917800874
0,0.0347820306931338
0,0.0358535287300176
0,0.0139707997419562
0,0.0256484481153027
0,0.1661989966217621
0,0.0350749661710848
0,0.022424890532415
0,0.0178781614286033
0,0.0347822830510361
0,0.0211989299145174
0,0.0358094985754885
0,0.0292678702642575
0,0.0322053670524439
0,0.0355186833683469
0,0.0348585343659814
0,0.0349836673055249
0,0.0353637081502767
0,0.0358620350621839
0,0.003594643040519
0,0.035319736789123
0,0.035807079870508
0,0.0305437605683633
0,0.0022340286866607
0,0.0044982318654644
0,0.0293550969241303
0,0.0040943624446773
0,0.0349137674831217
0,0.0355792106094399
0,0.031015357145843
0,0.0325911587478552
0,0.0220271299929076
0,0.0045563533062088
0,0.0351427521113349
0,0.0352675600604694
0,0.0347932674694448
0,0.0212058469529492
0,0.0114820964926828
0,0.0353094513153597
0,0.0348705847444391
0,0.034788130985817
0,0.0358617781084185
0,0.0057619973956367
0,0.0040061614209899
0,0.0355133350571758
0,0.0201385880161006
0,0.0069263683606424
0,0.0347857075434539
0,0.0348578844717376
0,0.0334886844922458
0,0.0350029802983635
0,0.0347899933468399
0,0.034895028825513
0,0.03566662462223
0,0.0347838033402777
0,0.018334905350466
0,0.0358914483469551
0,0.0328134141094869
0,0.0349694167819965
0,0.0350191837045739
0,0.0351211373536659
0,0.0348703283785223
0,0.0013308705138198
0,0.0358069841989939
0,0.0354277960084336
0,0.0127669120442678
0,0.0356066791496534
0,0.0355169248380085
0,0.0088999551380782
0,0.0347835149101441
0,0.0351641110621038
0,0.035658349840258
0,0.0356193644127531
0,0.0328844131096971
0,0.0356067640056422
0,0.0171932468974993
0,0.0034381644932207
0,0.0350610917330167
0,0.0356006023547546
0,0.0349822695796451
0,0.0352759896217452
0,0.0351780005640969
0,0.0352355305971034
0,0.0348496628472444
0,0.033894267186849
0,0.0351905840031353
0,0.035657191423413
0,0.0308342385515526
0,0.0098200236535062
0,0.0018587110014539
0,0.0554293997831868
0,0.0355385648358512
0,0.0137408999464289
0,0.0348037925406811
0,0.016583957791139
0,0.0358969510657982
0,0.0203876994330349
0,0.0149086107008393
0,0.0354269391211054
0,0.0356321379949672
0,0.0353548203021992
0,0.0355525200274008
0,0.0357944878089061
0,0.0357977285825456
0,0.0136624886806185
0,0.0354417024501459
0,0.0352154944354538
0,0.0348586926536792
0,0.0292131068390607
0,0.0347958872696516
0,0.035827322145637
0,0.035224430527244
0,0.0159374327854057
0,0.0093109687505744
0,0.0300052385802256
0,0.0348385822960043
0,0.035574937755556
0,0.0183389752578521
0,0.0195224660295959
0,0.0358271433420476
0,0.0354443564344457
0,0.0078244170807357
0,0.0356126164351032
0,0.0252643742283775
0,0.0356770557395404
0,0.0125105496533247
0,0.0352095714549062
0,0.0152039468155195
0,0.0357810881125595
0,0.0358208459235054
0,0.0347530694542298
0,0.0279594271119733
0,0.0115600662297367
0,0.035613481522894
0,0.0351084259579345
0,0.0350465792113938
0,0.0160767802445451
0,0.0358024884138955
0,0.0358196257653177
0,0.0356536286520776
0,0.0350813367490381
0,0.0356451173016582
0,0.0348006254719038
0,0.0357613761002173
0,0.0357242483140137
0,0.0349223034421008
0,0.0348091636796271
0,0.034792944031105
0,0.0190242427683222
0,0.032427116637167
0,0.0047657921441418
0,0.0351501275731499
0,0.0171983106300442
0,0.035116152652286
0,0.0357270934917322
0,0.0358639545110366
0,0.0204778641627491
0,0.0358430492453953
0,0.0116692301152668
0,0.0347811161047672
0,0.0327671983109442
0,0.0347966842353459
0,0.035171080671902
0,0.0348074217045472
0,0.0348355623575167
0,0.0354675854640747
0,0.0125880740212291
0,0.0357082823365841
0,0.0350526017305408
0,0.0241181015429732
0,0.0254434140843773
0,0.0358719437241813
0,0.0351382668574556
0,0.0357008722777438
0,0.0356113249061498
0,0.0171416519696202
0,0.0355119510632194
0,0.03585899415979
0,0.0356974578835935
0,0.0023085950869305
0,0.0352098810236978
0,0.030037872204046
0,0.0351146783925588
0,0.0356521336468784
0,0.035325075875454
0,0.035349261593121
0,0.0254507616297605
0,0.034832274156224
0,0.035240174876977
0,0.0357424697816893
0,0.0356081999137401
0,0.0245183708970821
0,0.0356504441862374
0,0.0358333674645421
0,0.0267504350889685
0,0.0358265907143185
0,0.03373082538279
0,0.035695182337518
0,0.0358280944017612
0,0.0351680306300842
0,0.0336106834842981
0,0.0092576208524882
0,0.03490978768101
0,0.0349607299069173
0,0.0358387218410948
0,0.1196851517659398
0,0.0280812810827983
0,0.0010889141453136
0,0.0466811411093972
0,0.0263579305281778
0,0.0358683730924573
0,0.0313201617221081
0,0.0357140180515384
0,0.0353947700180449
0,0.0012462065588583
0,0.0356082373112718
0,0.0349131676886416
0,0.0258888617475498
0,0.035306933499277
0,0.0182392151767664
0,0.0347798849429432
0,0.0259507187047673
0,0.0352811065496491
0,0.0354904138108498
0,0.0348322228369311
0,0.0162547406241512
0,0.035850601472945
0,0.0358290431106093
0,0.0350227574582749
0,0.0333094495822107
0,0.0356433215629066
0,0.0350813763564886
0,0.035411670189303
0,0.0267662031064733
0,0.0083971357750524
0,0.0349106619294921
0,0.0104491641560725
0,0.0358321350680167
0,0.0354849347965714
0,0.0357129505183467
0,0.035067148899548
0,0.0358547322237015
0,0.0347925694579269
0,0.0348736648279099
0,0.0351791022236633
0,0.007195613392425
0,0.0347815152519898
0,0.035040583716255
0,0.0350753032602737
0,0.0321809072749255
0,0.0358072417094842
0,0.0350281326043744
0,0.035674231216668
0,0.0348600470918935
0,0.0021991656868615
0,0.0008184579334037
0,0.0351057895023098
0,0.0352014815435327
0,0.0357588926713113
0,0.0153212361123604
0,0.0354001444937941
0,0.0355368027139925
0,0.03563546468073
0,0.0356103643433143
0,0.034965409192129
0,0.0356132629624529
0,0.0347835472140514
0,0.0348103646715892
0,0.0344246305899377
0,0.0352709594611597
0,0.0189897541731066
0,0.0355738167790009
0,0.0347946394580577
0,0.0356890858473248
0,0.0349438972198443
0,0.0348782209452243
0,0.0197877143058168
0,0.0358576909566603
0,0.0358425862674418
0,0.032479367622582
0,0.0049003819406203
0,0.3900192640871671
0,0.0070324109632079
0,0.0355264129770997
0,0.0356361153347321
0,0.0356608823163308
0,0.0234478235733909
0,0.0349975134351401
0,0.0051653494969975
0,0.0348856549025829
0,0.023926567546468
0,0.0347798053829423
0,0.0350873921621761
0,0.0348650528910842
0,0.0355387763448878
0,0.0357044081062006
0,0.035841282555773
0,0.035851654310426
0,0.0349071745252729
0,0.0031043563311356
0,0.0354412587067145
0,0.0085625767405107
0,0.0056588705354025
0,0.0310385902003342
0,0.0301248751067563
0,0.0358471215120688
0,0.0356033081723671
0,0.0123809589418918
0,0.0244542650066863
0,0.0353563176909775
0,0.0358316667637836
0,0.0166964038042436
0,0.0348861421375181
0,0.0139271214144653
0,0.0358500722425122
0,0.0350017268671892
0,0.0357606400860495
0,0.035691842957327
0,0.0354968664390815
0,0.0358127798200316
0,0.0912402688641965
0,0.9999999993745428
0,0.0192822501349044
0,0.0356207106864018
0,0.0088168142998845
0,0.0348322314142594
0,0.0358362475899694
0,0.0320089572111815
0,0.0048809050333329
0,0.0180226801275211
0,0.0355846356503165
0,0.0356359292012212
0,0.0348601596870696
0,0.035133066341439
0,0.006258514450281
0,0.0350278916698674
0,0.0354542016739501
0,0.0347994687479304
0,0.0348902003332386
0,0.0351966193279036
0,0.0351787213851801
0,0.0274647641482013
0,0.0347932786832677
0,0.0351449765568719
0,0.0264853315534167
0,0.001253992488718
0,0.0347889747772547
0,0.0355344157879437
0,0.0353788458564434
0,0.0357519930360167
0,0.0350534466862188
0,0.0155830618518378
0,0.0356667981446118
0,0.0293901904982384
0,0.0354830339923905
0,0.0163220591208178
0,0.0150324274992378
0,0.035708364688581
0,0.0347895860367042
0,0.5321131279970013
0,0.0214493679105614
0,0.0288171128768127
0,0.0348630951216372
0,0.0273535871948811
0,0.0228777754722648
0,0.0347838905980063
0,0.035876417793491
0,0.0347793478935287
0,0.0347719123626931
0,0.0349790455851203
0,0.0348892224786169
0,0.0282383602012707
0,0.0077132131448
0,0.0063755055535063
0,0.0357703269290305
0,0.0357056902681549
0,0.0354486193143898
0,0.0353313512361368
0,0.0347937411650378
0,0.0353219288759006
0,0.0333830493450912
0,0.034857213562067
0,0.0347743253932635
0,0.0190044685835805
0,0.0348626559333094
0,0.0352281964831411
0,0.0353174583574461
0,0.0216069483599162
0,0.034781163504255
0,0.0357281973782008
0,0.0350229820056557
0,0.0147613353345494
0,0.0349035324223538
0,0.0273267822247843
0,0.0358581804745863
0,0.0040736461635192
0,0.0215641578036454
0,0.0307937154827836
0,0.008037627429974
0,0.0096719282086241
0,0.0037037086750366
0,0.1866302522569136
0,0.0350737999795778
0,0.0348553304174659
0,0.0348211949103128
0,0.0356276097869911
0,0.0357787060500216
0,0.8296347139544531
0,0.0293480379635607
0,0.0177883083150975
0,0.0348135466522158
0,0.0358027556686604
0,0.03518217027596
0,0.0354812114363226
0,0.0351830382403186
0,0.0356368665174338
0,0.0285004625666789
0,0.0354112160498981
0,0.0349570447804927
0,0.0348957106452027
0,0.0358013012353908
0,0.0263778794528252
0,0.0357466675345468
0,0.0291074122274166
0,0.0348355445707108
0,0.0137557125556026
0,0.0357232574354296
0,0.035802712366498
0,0.0349129203789222
0,0.0356948212187515
0,0.0354789525731994
0,0.034897270437171
0,0.0353985456207633
0,0.0215806121356122
0,0.0356922813197325
0,0.0061441536943876
0,0.0356434387977044
0,0.0356615569083872
0,0.0348436401379533
0,0.0356754564695815
0,0.0354784227154443
0,0.0350260010352181
0,0.0187344213081485
0,0.0029575378978864
0,0.0348814925035888
0,0.0355292770564373
0,0.0116971242304265
0,0.0349325669513069
0,0.0347783814463482
0,0.019405127788044
0,0.0014071818753874
0,0.0352872695091584
0,0.0137939054112911
0,0.0347864435731296
0,0.0356490822263232
0,0.0348398925090813
0,0.0351436860875459
0,0.0351931186682579
0,0.0047613851265732
0,0.0349121095601922
0,0.0350965722667563
0,0.0166316506814924
0,0.0201081116139555
0,0.035738102400566
0,0.0349582242910813
0,0.0332922813665994
0,0.0347827398535488
0,0.0354513326967364
0,0.0358053918280199
0,0.0358385346662628
0,0.035656606553136
0,0.0308243881035416
0,0.0116652857262329
0,0.0348587793279184
0,0.0357809095963662
0,0.0023333875916188
0,0.0356256333667761
0,0.034274981309295
0,0.0357829154341705
0,0.0357975043605897
0,0.03561304300024
0,0.0214743817848768
0,0.0325190634315764
0,0.1026867847152178
0,0.0358312721701307
0,0.0165401729643307
0,0.0059449505069963
0,0.035840184323955
0,0.0174234762502233
0,0.0348368165755314
0,0.0355568238166701
0,0.113070515768226
0,0.0353810971213433
0,0.0354676682391789
0,0.035792350973614
0,0.0128564877452732
0,0.0197213305162728
0,0.5439131044845921
0,0.0348505157114583
0,0.0356924002448642
0,0.0304203113765467
0,0.0040997444783734
0,0.0349061190428524
0,0.0348450179195465
0,0.0351400172577324
0,0.0357679398891662
0,0.0333550863220667
0,0.0356325102002572
0,0.0351498379485247
0,0.0471626226211904
0,0.0350464546390728
0,0.03534903388283
0,0.0356137785062535
0,0.0357441284765427
0,0.0358763652721936
0,0.0072715085005012
0,0.035690551297264
0,0.0174231309688235
0,0.0356437945639558
0,0.0208507267641043
0,0.0347813870623102
0,0.0354406964813149
0,0.0358375410430192
0,0.0089715704786898
0,0.0350549238572891
0,0.0348771234138169
0,0.0348911404678897
0,0.0348350224673086
0,0.0355273902894328
0,0.0355816896458046
0,0.0354061902262167
0,0.0348532183264364
0,0.0348128916474798
0,0.0268032056326442
0,0.0206702480263696
0,0.034794963965835
0,0.0348026742236883
0,0.0351456452537073
0,0.0357802544441246
0,0.0330610553090327
0,0.0241326102911651
0,0.0130827396136403
0,0.0355806729779738
0,0.0355519455335295
0,0.0350394634269468
0,0.0357746516169647
0,0.0356075590111586
0,0.035025887376986
0,0.0247413970536887
0,0.0355278919690608
0,0.0858833225229259
0,0.0357485293009105
0,0.0348752581710598
0,0.0358592260258728
0,0.004267350289218
0,0.0357703205101503
0,0.0387113631923025
0,0.035650375794464
0,0.0358422939632817
0,0.0347658281171132
0,0.0349589468551946
0,0.0108463766880965
0,0.0352611144092835
0,0.0034738197780047
0,0.0348113378818086
0,0.0122203240858472
0,0.0326438290556894
0,0.0069355791880994
0,0.0014201874608171
0,0.028381567154577
0,0.0245724316232077
0,0.0110078840167381
0,0.0357254186352404
0,0.0351303835915182
0,0.0354271337465878
0,0.0348038521506386
0,0.0358339808930272
0,0.0357242684647691
0,0.0031982028826761
0,0.035748797875715
0,0.0357845511421443
0,0.0183726502521759
0,0.0357189270164285
0,0.0352716774510432
0,0.035030630395829
0,0.0351347741065668
0,0.0358076941180837
0,0.0358277142068251
0,0.0350098607508961
0,0.0195264480482135
0,0.0351664568203688
0,0.0055210966331785
0,0.0231057876446024
0,0.035023615395604
0,0.0356094627668803
0,0.0355090547983476
0,0.0183674768249107
0,0.0336390041952328
0,0.0358430492453953
0,0.0355512555277849
0,0.0355557953798914
0,0.0343174866865437
0,0.0356409149799823
0,0.0348244045109189
0,0.0058368439433654
0,0.035613020800959
0,0.0296964795965874
0,0.0354194770712538
0,0.0351794092081325
0,0.0094618127405625
0,0.0281691468659979
0,0.0347966842353459
0,0.0349113143551734
0,0.0348363059321072
0,0.0331095277677597
0,0.0354279556675176
0,0.0009449444068504
0,0.0358173613760046
0,0.0213012151837375
0,0.0357271548843042
0,0.004553687177982
0,0.03493974617831
0,0.0359387518314879
0,0.0355259563138995
0,0.0213926309020058
0,0.0355200958245597
0,0.0123583647740399
0,0.0355604627960751
0,0.0143463273442528
0,0.0358493090415044
0,0.0236886488983906
0,0.0351943353497198
0,0.0180214929894413
0,0.0132777708450251
0,0.0349647885764684
0,0.034789648030944
0,0.03484143333471
0,0.0347799098427829
0,0.0569733708043281
0,0.0358572835456952
0,0.0347821497540788
0,0.0347535908306103
0,0.0155057917081497
0,0.0358302084586964
0,0.0348234999992926
0,0.0356092918127237
0,0.0358202004284987
0,0.0348101861919937
0,0.0349917994812306
0,0.0177369948228351
0,0.0347912528885576
0,0.0118494936553522
0,0.0357517359153837
0,0.0097587721151695
0,0.0358368707138674
0,0.0348722585632393
0,0.034907722006845
0,0.0350166810550685
0,0.0299197043972104
0,0.0347886863208255
0,0.0358446550446219
0,0.0348777212971567
0,0.0348915305880602
0,0.0096281169413635
0,0.0224172195023507
0,0.0348097189440634
0,0.0272381484360926
0,0.0162970869269789
0,0.0454485445695902
0,0.0097132349145892
0,0.0147489143294158
0,0.0356573459805595
0,0.0358164891462471
0,0.0347293864954006
0,0.0357819548957175
0,0.035165676497838
0,0.0074277318963856
0,0.0348157468669689
0,0.0115393581181375
0,0.0265796661507089
0,0.03524648959138
0,0.0356349566491712
0,0.0348883634969217
0,0.034974325989008
0,0.0353028120292399
0,0.0015512295867429
0,0.0356231818923971
0,0.0356720287148294
0,0.0489005214610102
0,0.0351450477004867
0,0.0348368000128229
0,0.0063502057912571
0,0.004268405639777
0,0.0358088522316774
0,0.0158501168109442
0,0.0076993427928941
0,0.0347820324439199
0,0.0278250678975279
0,0.0348186916831365
0,0.0615397500507386
0,0.0357250933493856
0,0.0358183990920455
0,0.0355106880978343
0,0.0351659482233788
0,0.0350246516819826
0,0.035645198814538
0,0.0358574962168054
0,0.0348557476290315
0,0.0358552801900996
0,0.0356688733808433
0,0.0347844397573001
0,0.0151515816014215
0,0.0351910856271033
0,0.0043012504775091
0,0.0245535237018617
0,0.0348590171788378
0,0.0352229150326615
0,0.0355481362340197
0,0.0344288389003022
0,0.0351048926842317
0,0.0084984451550487
0,0.0161702357683414
0,0.0357206217074931
0,0.0318099470200061
0,0.0342875177073193
0,0.0125727049902945
0,0.0348889716116088
0,0.0350200022459667
0,0.0356085276635052
0,0.0358550290733302
0,0.5368562297538204
0,0.035689934734457
0,0.0355476986424912
0,0.0335441936616447
0,0.0348912727386036
0,0.0030940867112944
0,0.035690862854407
0,0.034984172945308
0,0.0357746246184251
0,0.0350043352678302
0,0.0358298271455419
0,0.001571035915593
0,0.0356628115798208
0,0.0351418830057907
0,0.0136686291301185
0,0.0184152887005175
0,0.0347809748523211
0,0.0348391240976313
0,0.0287323558699377
0,0.0352816657088706
0,0.0348899217941994
0,0.0352644072209292
0,0.0309958969709122
0,0.0358289590350816
0,0.0351554502765656
0,0.0020287811778383
0,0.0388375933179932
0,0.0358008416186437
0,0.0347873072129068
0,0.0358677523466156
0,0.0356370152357108
0,0.00231607078779
0,0.0081577232130384
0,0.0347830572247437
0,0.0356533550622716
0,0.0357076887577276
0,0.0106517752396215
0,0.0052455065673117
0,0.0358382590257735
0,0.010088545086062
0,0.0358528256637939
0,0.0230904055751951
0,0.0357540816690208
0,0.0358129363359733
0,0.0347832322286486
0,0.0350570589306712
0,0.0034642065121927
0,0.0349937852325774
0,0.0357220748444658
0,0.0063806891955724
0,0.0355951196786507
0,0.0120204440126357
0,0.0237315254585821
0,0.0349061266830909
0,0.0349345046399074
0,0.0349172240061915
0,0.0300226758173528
0,0.0348207898442349
0,0.0356654415151182
0,0.0267953416193509
0,0.0169862799988714
0,0.0356519251818791
0,0.0357271097602187
0,0.0680723540438775
0,0.0343542864281324
0,0.0356655955743485
0,0.0180541909962247
0,0.0358502016574838
0,0.0349605079362944
0,0.0358366352589805
0,0.0081961163283566
0,0.0358579459037326
0,0.0633945240919368
0,0.0353512400616484
0,0.0356970169502604
0,0.0357431763060407
0,0.0351436301118339
0,0.0328624828045419
0,0.0358739369960409
0,0.001825663243555
0,0.0356571831337768
0,0.0348672255543763
0,0.0356759157407278
0,0.0354553280329714
0,0.0358081730973
0,0.0066800333396895
0,0.0348308153281015
0,0.0348629644868576
0,0.0348994674433161
0,0.0358745028329048
0,0.035717198251107
0,0.0348430994586582
0,0.0106811670471506
0,0.0348459345850765
0,0.0273563847132043
0,0.0358157922676494
0,0.0354611217797426
0,0.0167730644208203
0,0.0348010251832529
0,0.0356606957787386
0,0.0096373094339744
0,0.035085101605108
0,0.0348655271727713
0,0.0355030493646127
0,0.02686764277062
0,0.0125027014199262
0,0.0348080870254927
0,0.0115248739090747
0,0.0347965001040355
0,0.0358575695124682
0,0.0349128723665125
0,0.0313247416735433
0,0.030721737435113
0,0.0348171211125738
0,0.0354305610033134
0,0.0348413362468614
0,0.0153487477408116
0,0.0352232488930153
0,0.0358717916932739
0,0.0357035749085838
0,0.0357926783717828
0,0.0353010362112399
0,0.035055737496082
0,0.0223516173201549
0,0.0348158978828499
0,0.0348975188023742
0,0.0349413466889438
0,0.0357615524764239
0,0.035051220082465
0,0.0347808855880335
0,0.0207504891402985
0,0.0354315431819824
0,0.0348184929693855
0,0.0020737194735411
0,0.0185513306499554
0,0.0356452720315427
0,0.0349274225033428
0,0.0189911065603853
0,0.0053158648003683
0,0.0354348047803339
0,0.035142541831219
0,0.035544667103126
0,0.0274964529235245
0,0.0350642178669491
0,0.0352657201572748
0,0.035502655896408
0,0.0005392580305777
0,0.0358760489609881
0,0.0349620701061727
0,0.0357928966053302
0,0.0358662741067568
0,0.0231551110641924
0,0.0252572507188033
0,0.0193289559813912
0,0.0181245669415309
0,0.0350475017420571
0,0.0357241948424351
0,0.0353522382010796
0,0.0194161896719741
0,0.0304381962723981
0,0.0090133012524176
0,0.0296988683220377
0,0.0347655954893892
0,0.0357458732722803
0,0.033453067585159
0,0.0356198131351289
0,0.0348431727703319
0,0.0264576753264879
0,0.0347962141284792
0,0.0192720110955278
0,0.0353933734783282
0,0.0606760772851598
0,0.0357526732450753
0,0.0188129951988311
0,0.0352535593020783
0,0.0357125244642727
0,0.0351272556341572
0,0.0354796942845985
0,0.0348630552248669
0,0.0356457842211205
0,0.0347865302115115
0,0.0358556523294483
0,0.0352165809112938
0,0.0356648399992188
0,0.0357306885117301
0,0.0101373938775136
0,0.011638846844013
0,0.0348079653985064
0,0.0354882212951513
0,0.0070299855878543
0,0.0347915248238609
0,0.0420504282067664
0,0.0341075580918527
0,0.0358543949806012
0,0.035689181118507
0,0.0358164573154626
0,0.0263236910658574
0,0.0350147898059116
0,0.0269936165712296
0,0.0358564640288399
0,0.0350212798071082
0,0.0123864044186338
0,0.0349408205448086
0,0.035231381449616
0,0.0348644786530331
0,0.0349146353976655
0,0.0345366262932499
0,0.0354048003974181
0,0.0348255578563709
0,0.0029390843620622
0,0.0358614037983702
0,0.0328134141094869
0,0.0348229000719157
0,0.0316925867266662
0,0.0093064315247887
0,0.0155510443133437
0,0.0238509977621836
0,0.034043196783036
0,0.0349824121054126
0,0.0357138010601482
0,0.0354588170867006
0,0.0355248333527705
0,0.0352418874704934
0,0.0353965304803988
0,0.0239578284851804
0,0.0348111945326545
0,0.0195123852761105
0,0.0318746947664246
0,0.0353119033225256
0,0.0348964296407454
0,0.8948990548023188
0,0.0031131252362674
0,0.0324147141892957
0,0.0358058015182012
0,0.0355380411581631
0,0.0226899388763052
0,0.0356983867839654
0,0.0356336634655575
0,0.0027807050205039
0,0.0302284776507289
0,0.0268359142211081
0,0.0201022365460365
0,0.0330205833229811
0,0.0356058681493421
0,0.0352421560231535
0,0.0348374518648076
0,0.5382774423623835
0,0.0173410123496643
0,0.0349787164930049
0,0.0348322794293152
0,0.0348802227437668
0,0.0094466900822767
0,0.0358397958483709
0,0.0348129346174521
0,0.0045467651875092
0,0.0188858509705574
0,0.0346622292086696
0,0.0351852024193341
0,0.0055615311041529
0,0.0350717008953628
0,0.0353094513153597
0,0.0355247271384689
0,0.0009150612096441
0,0.03573347800565
0,0.0093643095172552
0,0.0352255040752139
0,0.0348095579551906
0,0.0358457872096161
0,0.0358573168682764
0,0.0190683507304685
0,0.0292949277972256
0,0.0352349812495521
0,0.0357836210711242
0,0.0347949139245683
0,0.0356053700709829
0,0.0028357168742513
0,0.0304723736947499
0,0.0349182395461107
0,0.031564156802372
0,0.0358023104835535
0,0.0142836687720907
0,0.0347863384109755
0,0.0234271565350554
0,0.0055830326015973
0,0.035399103923779
0,0.0348354514735648
0,0.0353596068874717
0,0.0349444446061989
0,0.02416448462338
0,0.0358579371126239
0,0.0358382142066118
0,0.0125828611269147
0,0.034933255700506
0,0.035825719637154
0,0.0348216189103901
0,0.0469842303708361
0,0.0353291635874038
0,0.0178085036704617
0,0.034824613516288
0,0.0349668193678917
0,0.0357539794968128
0,0.0358574500383919
0,0.0004109130893159
0,0.0170224304915818
0,0.0340742684346368
0,0.0358717577262207
0,0.0354266502290347
0,0.0356448740597774
0,0.035261260614869
0,0.0104982145429892
0,0.003172949280671
0,0.0358701091067989
0,0.0317882898479955
0,0.0348461151521606
0,0.0356131632067571
0,0.0350650210584508
0,0.035850943007334
0,0.0358808027290552
0,0.0352954104390227
0,0.0211410128087378
0,0.019507714867602
0,0.0358397370291945
0,0.0356343580653821
0,0.0349549767448587
0,0.0350035428168203
0,0.035823371728589
0,0.0356611870402988
0,0.0349618157682899
0,0.0347788771490433
0,0.0185909201345342
0,0.0357152626328231
0,0.0186303806295586
0,0.0356032443339608
0,0.0358210764639188
0,0.0351006686202569
0,0.0358177131821379
0,0.0354649571950904
0,0.0200031641230936
0,0.0352073642786753
0,0.0358356629323096
0,0.0049297064924519
0,0.0108282144713968
0,0.0105233777825493
0,0.034785013992425
0,0.0350386304214573
0,0.035261316158373
0,0.0353277291044208
0,0.0350886303505268
0,0.0102777853454122
0,0.0352546909505118
0,0.027784721237315
0,0.0203130640229453
0,0.000566885638235
0,0.0108342256245513
0,0.0347665542592073
0,0.0356688228071679
0,0.0290951174036339
0,0.000383440389285
0,0.0357896705340848
0,0.0129457928641072
0,0.0348644656424318
0,0.035504943397166
0,0.001154102872247
0,0.0357044177894246
0,0.0355295737724541
0,0.0139554748878671
0,0.0348084914862944
0,0.018775458558998
0,0.0356473314077254
0,0.0352019278999887
0,0.0347979405111964
0,0.035852848045922
0,0.0348285700453917
0,0.0356891192199205
0,0.0351735581345434
0,0.0283429834891507
0,0.0356457779716805
0,0.0348149260449603
0,0.0351987690199845
0,0.0348652046707293
0,0.0354634801742116
0,0.0358350241039479
0,0.0358272803481864
0,0.0355163693146367
0,0.0357296314952383
0,0.0340858094667794
0,0.0347971895880787
0,0.035411709038981
0,0.0137066128520617
0,0.0345886971301791
0,0.0356192166385369
0,0.0117340721746236
0,0.0358433996961566
0,0.035572145490177
0,0.0261119613368048
0,0.0347815736768338
0,0.0307474507415477
0,0.0358192118967015
0,0.0356272361364168
0,0.3178748912491432
0,0.0357679398891662
0,0.0323060537004312
0,0.034809558247554
0,0.0019541001402625
0,0.0349736608666354
0,0.0159321331694732
0,0.0348233546702567
0,0.0043124200317396
0,0.0357795667896139
0,0.0351474942618854
0,0.005264402516743
0,0.0073705378986645
0,0.0099253702793126
0,0.0351605842989498
0,0.0356917338879429
0,0.0351325489360194
0,0.0358725232314843
0,0.0349144487359488
0,0.0356318183059173
0,0.0356374556399573
0,0.002856533705754
0,0.0346554439776135
0,0.0071844964934302
0,0.0339208926858602
0,0.0358648372813494
0,0.0244542650066863
0,0.0348103711852187
0,0.0340026995538134
0,0.0356248289639197
0,0.0349657612514532
0,0.00234186088432
0,0.0354305082854263
0,0.0349406264379571
0,0.0047804733711239
0,0.0348332319152578
0,0.0034477706867239
0,0.020575505402913
0,0.0358266421459832
0,0.0356962922052016
0,0.0348234204955692
0,0.0218705977161345
0,0.0022925685098776
0,0.0348983591111487
0,0.035390561123397
0,0.0351922532290634
0,0.0327875763426857
0,0.0350483769120317
0,0.0092035841800687
0,0.0088511349992062
0,0.0355149922620599
0,0.0248490895488265
0,0.035100887641375
0,0.0356652796135981
0,0.035409064057234
0,0.0662307352772478
0,0.0351995643734392
0,0.0354760963037961
0,0.0079077581562155
0,0.0300121025507925
0,0.0350178967821586
0,0.0347805505472448
0,0.0351472792160132
0,0.0180510724829848
0,0.0350015644443156
0,0.0356380533380222
0,0.0348950168960842
0,0.0352553970461072
0,0.0353424744975891
0,0.0332063130493306
0,0.0350708618170498
0,0.0358241883447838
0,0.0068520576420852
0,0.0356077076699878
0,0.0352946357929265
0,0.0353198655812372
0,0.0032640451836829
0,0.034984327878424
0,0.0247644677220149
0,0.0355296792281316
0,0.0353098782118108
0,0.0154379483218138
0,0.0224148863920452
0,0.0357826380544741
0,0.0350700513919267
0,0.0349419833795972
0,0.0348194401804157
0,0.0349380747560732
0,0.0139451225338311
0,0.0284893941176128
0,0.0355389431554625
0,0.7185479299860672
0,0.0082507483469191
0,0.0092408005720694
0,0.0350818966763003
0,0.0355099591750513
0,0.0353651578668233
0,0.0058423980415526
0,0.0358451504816452
0,0.0181662937974251
0,0.008556939025274
0,0.0057694126160641
0,0.0348986477160174
0,0.0021973019672903
0,0.035623195439246
0,0.03545746349226
0,0.0356642832925585
0,0.0357475776337354
0,0.0358486475603828
0,0.034868878065102
0,0.0287481301818719
0,0.0346445783877526
0,0.0355583477290965
0,0.8053634438204348
0,0.0352156010801955
0,0.0357983613841076
0,0.0313888027867084
0,0.0357794662506826
0,0.0348335811232814
0,0.0009873700322512
0,0.0170082048865938
0,0.0358575214762074
0,0.0347871807705579
0,0.0215878726071141
0,0.0957814375914566
0,0.0358235458934502
0,0.0356444333607558
0,0.0357942800047796
0,0.0317452514701181
0,0.0358269442787317
0,0.0379293709317922
0,0.0356935568592158
0,0.0348265679865446
0,0.0360520171413045
0,0.0148162687610099
0,0.0225565827222052
0,0.0348223526986885
0,0.0282702962433457
0,0.0300771263057566
0,0.0358680876119981
0,0.0347977377260207
0,0.034954788728301
0,0.0118972225375288
0,0.0273525592896033
0,0.015182560486969
0,0.0182140436769864
0,0.0357270893983393
0,0.0303092836781864
0,0.0354812114363226
0,0.0316837756262135
0,0.0354991575859421
0,0.0005228945766244
0,0.0348804348676065
0,0.0102456003101341
0,0.0356105479160236
0,0.0356259255637611
0,0.0348978456919105
0,0.0352144857497826
0,0.0358434904297104
0,0.0668560157453582
0,0.0272149575387432
0,0.0124327630799699
0,0.0352172269756796
0,0.0357959129376362
0,0.0087420026969909
0,0.0358389493635695
0,0.0348249415901514
0,0.0250703948092961
0,0.0358088946943408
0,0.0357472106402374
0,0.0354738674167418
0,0.0352151023854876
0,0.0347795400447142
0,0.0358564460914101
0,0.0258031846824146
0,0.0349936943766836
0,0.0345954022007109
0,0.0358668260555544
0,0.0098654957881611
0,0.0351971799668508
0,0.0292244229399614
0,0.7941210358943397
0,0.0355121718246057
0,0.034847788397523
0,0.0347625251586599
0,0.0358675348827811
0,0.0165699991660176
0,0.0290291651716015
0,0.0350235404418505
0,0.0349902058766068
0,0.0168672500077645
0,0.0058064300544769
0,0.0170066748220687
0,0.035102104338863
0,0.0355234580016625
0,0.0348788731840205
0,0.0067544961432529
0,0.0357609116201259
0,0.035863314165173
0,0.0356968936466808
0,0.0226946385562413
0,0.0347824414457696
0,0.0094724849538262
0,0.0348211068031577
0,0.0264345002805111
0,0.0347917456433998
0,0.035691188065385
0,0.0352753715838132
0,0.0007374851239362
0,0.0298596977643705
0,0.0324525847079336
0,0.03518217027596
0,0.0208750834109093
0,0.0350481396693967
0,0.0347923072721504
0,0.0357551217606179
0,0.0265788523875195
0,0.0348596926408296
0,0.0356562209629911
0,0.002648538254217
0,0.0355592251040828
0,0.0094832363869996
0,0.0347766652177665
0,0.0357830501009546
0,0.0020750631047048
0,0.0320286984063269
0,0.011106503417353
0,0.0353300805602083
0,0.0358333167082092
0,0.0348000288542205
0,0.0356025505445531
0,0.0274604143036078
0,0.0347981300914838
0,0.0356255217948493
0,0.0349250244241591
0,0.0085123696768751
0,0.0358490609272901
0,0.0293404423056008
0,0.0020992738374687
0,0.0353861887601803
0,0.0340615522679817
0,0.0029066691946807
0,0.0352165809112938
0,0.0350893280490949
0,0.0352403560291393
0,0.0358493270931098
0,0.035852783785512
0,0.035782273925563
0,0.035074913787134
0,0.0067106176277273
0,0.0357790156631403
0,0.0341014360895358
0,0.0347870676163646
0,0.0024951520178107
0,0.0352898258977818
0,0.0355777561499496
0,0.0350190092134423
0,0.0967902515062191
0,0.0111243620519582
0,0.0358508403682534
0,0.0358413514794515
0,0.0348809587898018
0,0.0357049938205686
0,0.0349612184263526
0,0.0348582568688496
0,0.0241565730311617
0,0.0350410234720929
0,0.0297907712300351
0,0.5356721343964872
0,0.0347572863093879
0,0.0356563708624258
0,0.0287914772460366
0,0.0349636320965158
0,0.0350907285960512
0,0.0352377926819294
0,0.0316652741062301
0,0.0344980785079302
0,0.0542113078693491
0,0.0110094540111542
0,0.0161318398852518
0,0.0349635722816594
0,0.0166213942021452
0,0.0356802079754091
0,0.0348068514526144
0,0.0018547518230946
0,0.0356753123330222
0,0.0010451521665715
0,0.0353272123097452
0,0.0302274973660058
0,0.0347803037513138
0,0.0347956024738389
0,0.0348580788081819
0,0.0358433614611402
0,0.0358616497152679
0,0.0348155518240292
0,0.0348922560006333
0,0.0349484280614958
0,0.0358556756008806
0,0.0354862773772359
0,0.0356903710599733
0,0.0351543001024842
0,0.0356499928897937
0,0.0354972111529733
0,0.0356509488364971
0,0.0076340300507043
0,0.0356683212273488
0,0.0010120497218696
0,0.0348655018843982
0,0.0231072985638296
0,0.0357743233755503
0,0.0261007083111485
0,0.0357152062632638
0,0.0348656087995095
0,0.0358390864818303
0,0.0347477802591717
0,0.0299818280358469
0,0.0378876176281359
0,0.031154742487548
0,0.0336305208549919
0,0.0315349599409364
0,0.0140976939105511
0,0.035808166635176
0,0.0305305050861591
0,0.0340247553466217
0,0.0142150286077858
0,0.1295461142177149
0,0.040553958653902
0,0.0238524267147572
0,0.0351619794882791
0,0.01295206120338
0,0.0349042608264786
0,0.0347914454096869
0,0.0018614457483665
0,0.0353967843748455
0,0.0348575614464044
0,0.0350085499963894
0,0.0351629151099435
0,0.0351905586050951
0,0.0358302342417059
0,0.0352716976606888
0,0.0307242238871087
0,0.035697312324716
0,0.0347998828985528
0,0.0358567562440602
0,0.0351064247312261
0,0.2141675356207328
0,0.0220703011015603
0,0.035235419180162
0,0.03570383968351
0,0.0200046688660063
0,0.0105040563940065
0,0.0357213518209486
0,0.0347798365824519
0,0.0357279605422863
0,0.0153440474818679
0,0.0348436002685845
0,0.1435509127277483
0,0.0055061240585362
0,0.0355081298349903
0,0.035841900494468
0,0.0357783569372606
0,0.0283328333627444
0,0.0347941290786727
0,0.0356930855204266
0,0.0247387754944907
0,0.0348090281716709
0,0.0355363569441135
0,0.0354318965248975
0,0.0357412270069351
0,0.0158123415876714
0,0.0159341648610877
0,0.0351325691109181
0,0.0031561502897612
0,0.0242185895371266
0,0.0356316877610405
0,0.3921846160591551
0,0.0353848648951783
0,0.0355234181937589
0,0.0350364088793357
0,0.0328246755954858
0,0.0160958784512773
0,0.0350689902887349
0,0.0319012248572354
0,0.0358390521082884
0,0.0356146332788473
0,0.0356831157159366
0,0.0142837925571462
0,0.0349442328555931
0,0.0121715890351707
0,0.0162406262809201
0,0.0505900082147425
0,0.0357757882862137
0,0.0349295467622546
0,0.0358529731986066
0,0.034810355255899
0,0.0160767802445451
0,0.0358305102287904
0,0.0144942648295422
0,0.0156869962546096
0,0.0031679828092243
0,0.0284016809995715
0,0.0347969610498874
0,0.0352184581863505
0,0.022652974471963
0,0.0348600470918935
0,0.0354163217960809
0,0.0357046732807128
0,0.035518071683139
0,0.0034319657886672
0,0.0351791022236633
0,0.0358504878957683
0,0.03498589948975
0,0.0358163300044565
0,0.013941143266309
0,0.0351771845631627
0,0.0098482837999904
0,0.0123313927423276
0,0.0348685658781888
0,0.0349938523698444
0,0.0348416495517673
0,0.0356222827568084
0,0.0220530937356384
0,0.0233249955619273
0,0.0352019670522487
0,0.0355422542614106
0,0.0351547670907166
0,0.0113986238622316
0,0.0204543942782085
0,0.0352537366907138
0,0.0314208686211032
0,0.0273160402860434
0,0.0273798543710678
0,0.0350713549052539
0,0.0350408716159286
0,0.0347914799411556
0,0.0358044942900949
0,0.0348517465868252
0,0.0349622424049749
0,0.035312416978179
0,0.0351518612668006
0,0.034115281396116
0,0.0357755317352533
0,0.0354346917484471
0,0.0090210371378899
0,0.0348571013641891
0,0.0161349605749454
0,0.0357981772543374
0,0.0043069951096399
0,0.0056345727112831
0,0.0358333494795108
0,0.035298374002861
0,0.0357679020261553
0,0.0114781576383251
0,0.0170650087847935
0,0.0350300464604349
0,0.0347922591779588
0,0.0348145853699911
0,0.0357896105770874
0,0.0359137361881377
0,0.0351175516836242
0,0.035572764024077
0,0.0059431696088902
0,0.0356479265408983
0,0.0349701742726789
0,0.0357723398980015
0,0.0351995643734392
0,0.0357682330516931
0,0.035590568865443
0,0.0354205262864731
0,0.0350342204995934
0,0.03535969016512
0,0.0338191522037172
0,0.0348052508785423
0,0.0352336226145989
0,0.0347874529784768
0,0.0009813589842054
0,0.0065448565775194
0,0.0205602331634822
0,0.0247358794254116
0,0.0211020637351813
0,0.034943528572589
0,0.0350564707052027
0,0.0349725135510558
0,0.0350984056420144
0,0.0348089798231178
0,0.0012680098493689
0,0.0355627075399212
0,0.0349334215235294
0,0.0357108407919328
0,0.0348971817679162
0,0.0058732665494294
0,0.0357634678882806
0,0.0180367441196894
0,0.0348884262191995
0,0.0356259445594472
0,0.0357240148743319
0,0.1548355788165731
0,0.0347989759051801
0,0.0206845349757041
0,0.0023106053954621
0,0.0348878294331305
0,0.0071120303437598
0,0.0348415968355848
0,0.0357714954147117
0,0.0356298827569488
0,0.0069009173828318
0,0.0018106679908342
0,0.1412212337783662
0,0.0348971520150198
0,0.0307900763096604
0,0.0351738979493442
0,0.7782529553387738
0,0.0358264025034136
0,0.0063684826292372
0,0.0321315165309345
0,0.0356729757974138
0,0.0358305730058744
0,0.035558793454182
0,0.0305793303914484
0,0.035438221463969
0,0.0347815736768338
0,0.0266002202480823
0,0.033885809017798
0,0.0049151017948922
0,0.0342660987292878
0,0.0349370019811873
0,0.0357195443673364
0,0.0138215476137781
0,0.0196013917804611
0,0.0348391722606527
0,0.0253260696586069
0,0.0347801611639005
0,0.035622340156415
0,0.0353005225755413
0,0.0348947173357991
0,0.0349481953380941
0,0.004348151317214
0,0.0202012368088724
0,0.0356175071989809
0,0.0817221007941859
0,0.0357813787264003
0,0.034829120603142
0,0.0031153032667612
0,0.035737656567809
0,0.0356373208331016
0,0.035081787952852
0,0.0352537366907138
0,0.0347923202310393
0,0.0347801710238925
0,0.0356590433426394
0,0.0350887472841226
0,0.0114744851621152
0,0.0176485818834054
0,0.0685500539273211
0,0.0351756732964287
0,0.0189310427288618
0,0.0086356585225218
0,0.0256444403671618
0,0.0206057720664006
0,0.0353178050742785
0,0.0055886980842742
0,0.0357997422177675
0,0.034786470161458
0,0.0351283450666087
0,0.0290141727140748
0,0.0356546416526096
0,0.0360579162088024
0,0.0357087227065917
0,0.0197226383692659
0,0.0355432824321809
0,0.0347909926594635
0,0.0326083133000597
0,0.0356777146658997
0,0.0032549449637571
0,0.0356511938432192
0,0.0016395823871409
0,0.009119866973974
0,0.0028186947555577
0,0.0031664043446581
0,0.0288015285090183
0,0.0352145905682409
0,0.0272591677392492
0,0.0353039268351703
0,0.0320225775547254
0,0.0350663369565637
0,0.0042664859745576
0,0.0358085396139657
0,0.0007119145979101
0,0.0357829760063519
0,0.0358546385222538
0,0.0120134561283288
0,0.0354134938318531
0,0.0353314551298078
0,0.0349141762473275
0,0.0265132256060239
0,0.0046092398238168
0,0.0020478112037826
0,0.015734489570475
0,0.0855763760162348
0,0.0347975151024067
0,0.0059589486602903
0,0.0353837261355911
0,0.0094864922826784
0,0.0348764170071576
0,0.0356095934180076
0,0.0358051002692794
0,0.0347824656924904
0,0.0091043402872691
0,0.0243187660526084
0,0.0132773242876418
0,0.0315939712075094
0,0.0139380237579908
0,0.0352750068586422
0,0.0099802847613449
0,0.0350414818313543
0,0.0165510954882329
0,0.0142403946518949
0,0.0253395008501369
0,0.0349939609654534
0,0.018369738001204
0,0.035483462605869
0,0.5311129053815445
0,0.0068293535446316
0,0.0356538176837975
0,0.0348694252142464
0,0.0358575611182078
0,0.0352786735103005
0,0.0383949996539005
0,0.0356572884791079
0,0.0347979952604585
0,0.0352048690521238
0,0.0355971757063045
0,0.0353612008214224
0,0.0357727071195662
0,0.0349991977937356
0,0.0349242058275046
0,0.0289285162481496
0,0.0045191505199593
0,0.0358191252809252
0,0.0354423361513243
0,0.0358403840256113
0,0.0134207601855985
0,0.0211058642546344
0,0.0137324524029679
0,0.0356604735473932
0,0.0184687369644771
0,0.0350939613391087
0,0.0356158473739015
0,0.035852134035124
0,0.0347854968731829
0,0.0357512220547416
0,0.0358120373132912
0,0.0350367300124632
0,0.0358391808969419
0,0.0357229555889882
0,0.0008446827385241
0,0.0352492855765114
0,0.0350832407884876
0,0.0358545082028988
0,0.0347804053832914
0,0.0358472709072892
0,0.0358372965451457
0,0.0149993647313753
0,0.0351476891665742
0,0.0358487680050037
0,0.0224604168130423
0,0.0303442509537672
0,0.0072092125989253
0,0.0337802972077411
0,0.0350498953149925
0,0.0353376647745829
0,0.0353304358237398
0,0.0354972111529733
0,0.0342279914457805
0,0.0259836848278546
0,0.0347961110432831
0,0.0879096379547597
0,0.0355296792281316
0,0.0352643497752027
0,0.0354355687764868
0,0.0214784698310227
0,0.0349506115474743
0,0.0184872717299442
0,0.0351897369266419
0,0.0347660130941649
0,0.0081967605278342
0,0.0349974521036405
0,0.0354650634716572
0,0.0124138938184657
0,0.034999125321167
0,0.0355369283096285
0,0.0095069695755949
0,0.0356311599211968
0,0.0107857348950973
0,0.0356454640294589
0,0.0347833440169672
0,0.0356615738256744
0,0.0355475717231223
0,0.0356836807617042
0,0.0357582950622147
0,0.0356575761812735
0,0.0350167406784457
0,0.0347821270386712
0,0.0273255614870614
0,0.0351358957443034
0,0.0707009885698132
0,0.0316739568869732
0,0.0358286880678335
0,0.0353748038781615
0,0.034874710471249
0,0.0078899905069871
0,0.0304839548282096
0,0.0358078503275623
0,0.0345641946477379
0,0.0128047486285439
0,0.0176580545337587
0,0.0357306031879449
0,0.0356540528586311
0,0.0298134935085138
0,0.034944806902685
0,0.0288485604035604
0,0.0351649724493838
0,0.0352472160025714
0,0.0353300805602083
0,0.0358580078060028
0,0.0350526012202316
0,0.0070324195419997
0,0.0350048411538672
0,0.0197278487510303
0,0.0357569932285997
0,0.0137324524029679
0,0.0328010013907307
0,0.0356873072576227
0,0.0357050977079324
0,0.0344263260218497
0,0.0357836994260978
0,0.0348309348143085
0,0.0348007817801731
0,0.0149518153630569
0,0.0356407108821241
0,0.0061577163870781
0,0.0127497210145968
0,0.0085897235449311
0,0.0044802216063984
0,0.029454741980702
0,0.0004129042007252
0,0.0358578626063742
0,0.0354906906066619
0,0.0348273064432078
0,0.0352350186286684
0,0.0353202957499843
0,0.0357711622082798
0,0.017813791754803
0,0.0326063120270449
0,0.0027274603498095
0,0.034255845244599
0,0.03517334805226
0,0.0128104964709557
0,0.0347845667415563
0,0.0312875736376819
0,0.0356086571405019
0,0.0331498973229605
0,0.0098995025759316
0,0.0916424527611234
0,0.0329009445137527
0,0.0356124911027575
0,0.0090229455931971
0,0.0019593815650457
0,0.0351278307208378
0,0.0355837426363051
0,0.0350564707052027
0,0.0358190731735705
0,0.0348056216081534
0,0.0348310651513934
0,0.0349046467161252
0,0.0349924744034136
0,0.0358580045922539
0,0.0247442699421308
0,0.0347862627261048
0,0.0353629717479637
0,0.006800426112878
0,0.0357317151364673
0,0.0221451498658632
0,0.0244720818826733
0,0.0266605275308262
0,0.0358666413121242
0,0.0347879775442607
0,0.0261128948451698
0,0.02686764277062
0,0.0344606795393547
0,0.0349765469464907
0,0.0236805336443366
0,0.0356448025142716
0,0.035178755707288
0,0.0358595175754713
0,0.0010895905810863
0,0.034816575342692
0,0.0069009285275892
0,0.0320744751726187
0,0.0257474015743106
0,0.0348521021889815
0,0.0357649331916776
0,0.0031092235533121
0,0.0347809426093072
0,0.0348763076357322
0,0.0356639666438244
0,0.0357272578768319
0,0.0356625861870382
0,0.0352766265607839
0,0.0117812160759442
0,0.019422285424542
0,0.0348037265877569
0,0.0282860961356842
0,0.0349756649712785
0,0.0049308606214102
0,0.0303352307775636
0,0.0284203059918409
0,0.0351363402365738
0,0.0099245675427579
0,0.0348121513484468
0,0.0353222341864541
0,0.0153087731061284
0,0.0353398742118806
0,0.0354441341916629
0,0.0851436931667719
0,0.0102439484443041
0,0.0052095908652095
0,0.0357532711363741
0,0.0358554824304365
0,0.0224029530847001
0,0.0354292670593048
0,0.0092959335306532
0,0.0355313283467676
0,0.0347916569447108
0,0.0143324268836346
0,0.0178270953856502
0,0.0347808801046471
0,0.0357612208967543
0,0.0300429517626235
0,0.0296722344451413
0,0.0348089025414401
0,0.0358237161842392
0,0.034781456513312
0,0.0348447836035448
0,0.0352876297018656
0,0.0328943779871677
0,0.0352610545957076
0,0.0350144823089469
0,0.0228137817256593
0,0.0097768798806692
0,0.0149597829739329
0,0.0096518498266592
0,0.0035398510803443
0,0.0479776323508372
0,0.0176485818834054
0,0.0013618785310496
0,0.0030816216209493
0,0.0140851890439965
0,0.0350957346855613
0,0.0355491174699362
0,0.0351349058564423
0,0.0063052811015393
0,0.0350490195210622
0,0.0348195714541132
0,0.0353760233019242
0,0.0213163501102105
0,0.0110934286726178
0,0.0350157703417944
0,0.0353604187748631
0,0.0355364508725158
0,0.035076034116145
0,0.0347922562940878
0,0.035856073755465
0,0.0353391290309922
0,0.0108831692112988
0,0.0342875964468872
0,0.035316416349056
0,0.03518147352683
0,0.0358347060655415
0,0.0081861949149594
0,0.0347800920870509
0,0.011078129680252
0,0.0214089103261389
0,0.035006842173475
0,0.0351359810675453
0,0.0351139626190438
0,0.0348870479333681
0,0.0355942770809402
0,0.0198656471530361
0,0.0307658469523848
0,0.0348344710117414
0,0.0358526010246959
0,0.0022808165863995
0,0.0352484207974226
0,0.0330448070405196
0,0.0358585043155155
0,0.0198517662893435
0,0.0008731484734906
0,0.0285567151085454
0,0.0347808952543674
0,0.0596075676783857
0,0.0355128161692565
0,0.0350104693510128
0,0.0318150908457216
0,0.0127387850305387
0,0.0347999914929586
0,0.0353444531152913
0,0.034762793365268
0,0.0352437576023612
0,0.035732332579983
0,0.0108974120748682
0,0.0355519607051357
0,0.0355494862644722
0,0.0351040131532588
0,0.035823442828405
0,0.0356777171273386
0,0.0416221881908394
0,0.0099449872123371
0,0.0355417745043676
0,0.0339071329954367
0,0.0348587513327181
0,0.0348906627190144
0,0.0154217445714995
0,0.002722666349889
0,0.0165916386020701
0,0.0265936650521826
0,0.0653690497392636
0,0.0357294410257701
0,0.0349720554099707
0,0.0352576703548016
0,0.0358456411194165
0,0.0353144950108449
0,0.0202523242406827
0,0.0351869893770211
0,0.036016981586277
0,0.0352877244488621
0,0.0350481811437356
0,0.0349856753425948
0,0.035214785195433
0,0.0355470048470048
0,0.0347864589029486
0,0.0352065249709597
0,0.0349917588520027
0,0.0356831848900722
0,0.0312266683974713
0,0.0015372653076843
0,0.0357913000330335
0,0.0141394589003141
0,0.0208411280810411
0,0.033664080500774
0,0.0195878019222727
0,0.0350769896525387
0,0.0354460098984202
0,0.0353511911928524
0,0.1508939088999699
0,0.0339957883215065
0,0.0252310606537946
0,0.035862918055279
0,0.017153368944934
0,0.0354918031935979
0,0.0358870901821079
0,0.0153809412595293
0,0.0351572732789757
0,0.0358677368227941
0,0.0358047580182752
0,0.0356253095950372
0,0.0358619818397952
0,0.0353447305503387
0,0.0347810892038908
0,0.0099829690142304
0,0.035124120804518
0,0.0027742511030933
0,0.0348909875311777
0,0.0349050868152702
0,0.0246805411059946
0,0.0355659096758485
0,0.0185182115221906
0,0.0353184442484057
0,0.0354242200070911
0,0.0089657198756269
0,0.0350306097422511
0,0.0300070314301937
0,0.0357451224818931
0,0.0314206665813138
0,0.0350523703187482
0,0.0358122766081648
0,0.0347948589861742
0,0.0352317521157266
0,0.0351401811888377
0,0.0214704640238247
0,0.0031411576868005
0,0.0354817010983087
0,0.0358173826545766
0,0.0317141711645668
0,0.0019305974485203
0,0.0347937934115685
0,0.0352233919707097
0,0.0349961850066804
0,0.0197951469310683
0,0.0358267027459205
0,0.0357167125984803
0,0.0352116809865232
0,0.0170593977139126
0,0.0352666935612689
0,0.0353427077367942
0,0.0238009128763362
0,0.0268484060849332
0,0.2106690161210006
0,0.0213059654166382
0,0.0123375296643069
0,0.0305066645803856
0,0.0348898288820532
0,0.0345749430077852
0,0.0300933153956404
0,0.0345821921915132
0,0.0356754357075235
0,0.0325876604857299
0,0.0108677618095553
0,0.0355074690674234
0,0.0348095564760123
0,0.0358127542691158
0,0.0217810360018776
0,0.0358284120071732
0,0.0348032216521094
0,0.0343754121779358
0,0.0357959879414626
0,0.0358681020314797
0,0.0358142015355742
0,0.0355147983983284
0,0.0348551837596431
0,0.0356308835172305
0,0.0356510138448121
0,0.0350710074980338
0,0.3648315946623974
0,0.0349904670919148
0,0.0356161447201428
0,0.0353136923243999
0,0.0163945609371976
0,0.0189103311447129
0,0.0358578742809694
0,0.0331236231373862
0,0.0357144241664677
0,0.0290643394651457
0,0.0356986808801973
0,0.0348011854573465
0,0.0358459383055162
0,0.049126545172791
0,0.0338785572064908
0,0.0356903267833403
0,0.0356150482928651
0,0.0356290002044549
0,0.0289110176702606
0,0.0358660396397433
0,0.0166375492541439
0,0.0357615319278562
0,0.0355631598089622
0,0.0173292326998699
0,0.0355878903912639
0,0.0186134403891655
0,0.0349633517944446
0,0.0357495925480915
0,0.0355665493305285
0,0.0356489208877822
0,0.0350017268671892
0,0.141475135412125
0,0.0264828834156891
0,0.0357386269249205
0,0.0358279485730772
0,0.0348013056460552
0,0.0069102013282433
0,0.2661152335904114
0,0.0238378513719287
0,0.0347660013238737
0,0.0340873279619146
0,0.0348978437850065
0,0.0051690923326882
0,0.0347821297136559
0,0.0043247031040954
0,0.0013375662468011
0,0.0347842205454957
0,0.1199951461863704
0,0.0019740610496526
0,0.0335896981472652
0,0.0221647928527712
0,0.0357414238127536
0,0.02063191468434
0,0.0293556828628882
0,0.0356121246621788
0,0.0351216529242481
0,0.0313300334747931
0,0.0216237673968784
0,0.035008946320798
0,0.0356733340860244
0,0.035876557623168
0,0.0027000703798435
0,0.0299170874821932
0,0.0347500152283256
0,0.0348279727525084
0,0.0063850718690819
0,0.0196879238218996
0,0.0356382240621751
0,0.0351912095752062
0,0.0040431262161799
0,0.54421374963237
0,0.0190341678107528
0,0.0347837045577276
0,0.0357646555633133
0,0.0192174545799531
0,0.0348744219641905
0,0.0355320828323457
0,0.0125216785906709
0,0.0306752056487009
0,0.0353298360614113
0,0.023695021310773
0,0.0348984839608203
0,0.0204726509236448
0,0.0356369907458433
0,0.0147492732880928
0,0.0357635436924279
0,0.0349267056570897
0,0.0354875275288082
0,0.1815867803476162
0,0.0355839959590385
0,0.0330372750167312
0,0.0354523770208632
0,0.0355231844820928
0,0.0353695069447897
0,0.2896594327864822
0,0.0357016438032687
0,0.0357441018965079
0,0.0451424570319445
0,0.0335377310602546
0,0.034799176718077
0,0.0349747602918894
0,0.0349730276635904
0,0.0347891125022655
0,0.0351310598274928
0,0.0356385412928361
0,0.0351420143067594
0,0.0358345113608866
0,0.0350139365222657
0,0.0356467387860297
0,0.0357996249567852
0,0.0318013078298926
0,0.003959147265278
0,0.0358619121217695
0,0.035845521611911
0,0.0358572798980569
0,0.0200834206810939
0,0.0272630016107308
0,0.0358440092215291
0,0.0350319820086145
0,0.032550604452463
0,0.0349961072901373
0,0.035001204697905
0,0.0357099576205611
0,0.0334602643022988
0,0.0297285687239936
0,0.0358150283665225
0,0.0342392121566752
0,0.0348134101959801
0,0.0098147915770049
0,0.0035070646320568
0,0.0074201409077355
0,0.0353872307204982
0,0.0351020090859239
0,0.0352990999757904
0,0.0362047520998204
0,0.0351923632305895
0,0.0259502069228859
0,0.0324184067849109
0,0.0323329699265201
0,0.0033199979834931
0,0.0347992901969261
0,0.0357152062632638
0,0.0349598857160021
0,0.3488585539010559
0,0.0328866562198548
0,0.0348425942848472
0,0.0350122965968257
0,0.0357912499744773
0,0.035620430102116
0,0.0357632724001722
0,0.0356666162752577
0,0.0312266683974713
0,0.0095572239211878
0,0.035567263728936
0,0.0066205938781081
0,0.0358144003445001
0,0.035757021892054
0,0.0351791022236633
0,0.0354106040991997
0,0.0358029598143236
0,0.0349611855986867
0,0.03500799562573
0,0.0356760117225487
0,0.0349315168071052
0,0.0237159360315244
0,0.0357950323910584
0,0.0262532931188728
0,0.0356066672428915
0,0.034843870471528
0,0.496479093970023
0,0.034822327659216
0,0.0349726374994405
0,0.8351652735386528
0,0.0170434645169312
0,0.0353769140762165
0,0.2625467651629671
0,0.0352927240433877
0,0.0356168394021636
0,0.0357814618830515
0,0.0243299254119394
0,0.0351267062017403
0,0.0349232714004429
0,0.0348106723801541
0,0.0364605056313826
0,0.0355454119237928
0,0.0358800392791927
0,0.0329779157972831
0,0.0348027984992065
0,0.0357132609146342
0,0.0349675250808211
0,0.0357528187450732
0,0.0357817675247514
0,0.0353064571794835
0,0.035309896308514
0,0.0234165776222615
0,0.0349122141386684
0,0.0354893210268312
0,0.0358699132789835
0,0.035752131495235
0,0.0358292819327733
0,0.0356584076262932
0,0.0348749316818447
0,0.0348023674696683
0,0.0040377334098248
0,0.0355580432507967
0,0.0027485861613263
0,0.0357188228637369
0,0.0050595781498557
0,0.0352090612014608
0,0.1639383915089204
0,0.0356295823201564
0,0.0244233113787005
0,0.0116385109905589
0,0.0315882685693648
0,0.0153089400271214
0,0.0350299808075528
0,0.0275277857259591
0,0.0358247267741013
0,0.0176507575450591
0,0.0358405529031169
0,0.0349215369435501
0,0.0358249463170595
0,0.0265796661507089
0,0.0358576258784114
0,0.0080945125543721
0,0.0356952536711781
0,0.0347923072721504
0,0.012140337769351
0,0.0296048000920868
0,0.0351260052442469
0,0.0352040386206106
0,0.007898695838746
0,0.0347827398535488
0,0.0356625087280872
0,0.0350793838437503
0,0.020070959074852
0,0.0352028853484773
0,0.0348966247851845
0,0.0348244361557764
0,0.0338293647936625
0,0.0261420941873567
0,0.002229354426026
0,0.0083447144684069
0,0.0311875931451853
0,0.0358465129551703
0,0.0348188798319843
0,0.0357630011019333
0,0.0348736474579706
0,0.0191310325151297
0,0.0141588106563938
0,0.0351042215884664
0,0.0358411103624091
0,0.0107277726762096
0,0.0123194990041712
0,0.0129655455234405
0,0.035372773367472
0,0.1375140925796378
0,0.034839358443306
0,0.0355737817981663
0,0.0354339612156831
0,0.0356869243230083
0,0.0349165190838376
0,0.0358165778729056
0,0.0121288230095001
0,0.034826427197375
0,0.03481443791956
0,0.0348085666211796
0,0.0348558520493262
0,0.0347817329362553
0,0.0356912469081554
0,0.0357449934470983
0,0.0192403705116614
0,0.023069297420674
0,0.0354237066013331
0,0.0357532063430339
0,0.0349102389794113
0,0.0348311465259101
0,0.0348440611684135
0,0.0357767945005729
0,0.0024273376502152
0,0.0123424991729589
0,0.0349795768524921
0,0.008287858371926
0,0.0349945186072807
0,0.0347833904800925
0,0.0274175207902407
0,0.030040525123048
0,0.0224989222546106
0,0.0348752123549592
0,0.0347789966369365
0,0.0358733745139069
0,0.0358523256262512
0,0.0099344714676182
0,0.0355954791942619
0,0.0347833167417425
0,0.0358071476168086
0,0.0358078145709461
0,0.0352968473485574
0,0.0356195122401694
0,0.0357665945577431
0,0.0357261498679705
0,0.0177062212934066
0,0.0356075814328231
0,0.0356104861556297
0,0.034825344469025
0,0.0357271878803332
0,0.0347824718327961
0,0.0200978048218602
0,0.0127964684835157
0,0.0019175631289278
0,0.0317351379723212
0,0.0358671080210077
0,0.0349095577111257
0,0.2631534363831865
0,0.0358406347988637
0,0.0347821498259367
0,0.0348599336247455
0,0.0351730902413322
0,0.035221979365048
0,0.0124669275417543
0,0.0309738577914625
0,0.0358726780898079
0,0.0102389912623176
0,0.0358447547582649
0,0.0357239953357553
0,0.0355629103091986
0,0.0348061555356898
0,0.0348005903501742
0,0.0023666814700168
0,0.0357537074846268
0,0.0295539332747974
0,0.0300067270436035
0,0.0245391057313075
0,0.0156924038877048
0,0.0352099875594277
0,0.0348057903837231
0,0.0350759001135159
0,0.0349675621879681
0,0.0350330226673851
0,0.0052095908652095
0,0.0316478533955916
0,0.0355050078620057
0,0.017664432090519
0,0.0357428715726252
0,0.0357530667606816
0,0.0162874445689231
0,0.0349200265725183
0,0.0354859741275028
0,0.0348333240896617
0,0.0038449344329807
0,0.0357330385524409
0,0.0289992420347346
0,0.0354740870932462
0,0.0211343692203118
0,0.0358590345766994
0,0.0358849409403797
0,0.1003954258807309
0,0.0343561845042658
0,0.0358289246149466
0,0.03487254977371
0,0.0349840803701491
0,0.0356804139884811
0,0.035429870734427
0,0.0353282262832303
0,0.0292174029247638
0,0.0351988375334122
0,0.0348948890368636
0,0.0348888987602572
0,0.0290379863786812
0,0.0320934543281614
0,0.0239964745086983
0,0.0358819809576709
0,0.0254186030581429
0,0.0078665886634203
0,0.0352296494061043
0,0.0354380610192901
0,0.0208932267173011
0,0.0084512065362304
0,0.0356330580148248
0,0.0079930629489593
0,0.0356901171301824
0,0.0354630353147764
0,0.0350425532312678
0,0.1127978411912962
0,0.0353445442857026
0,0.0353265753721533
0,0.0348255900736507
0,0.0347957702414606
0,0.0059105772129592
0,0.0267916340498186
0,0.0009790776633979
0,0.0031036416021323
0,0.0347631651124557
0,0.0272736436581651
0,0.0352281053509794
0,0.0358579033608952
0,0.013782450774926
0,0.0352469603836069
0,0.0354348338962082
0,0.013070016405659
0,0.0332124484096899
0,0.0093728644833084
0,0.0349841676028082
0,0.0355579955644389
0,0.0353863523867668
0,0.0184008497491715
0,0.0355430368031943
0,0.0354306802071683
0,0.0336350318356323
0,0.0357956339085445
0,0.0348300559602054
0,0.0275804124813456
0,0.0358809331860691
0,0.0292128361703524
0,0.0352868641402689
0,0.0352101728261691
0,0.0356514960817126
0,0.0356261123902648
0,0.035619278736868
0,0.0116105044224569
0,0.0295580529979503
0,0.0349203438111815
0,0.0355124849593475
0,0.0204570928718112
0,0.0356894404287874
0,0.0347845705879397
0,0.0357991203608947
0,0.0349467299080102
0,0.0358483530689954
0,0.0230732683112149
0,0.0357157012072506
0,0.034992280966848
0,0.0352380014551355
0,0.0040957598805384
0,0.0350394634269468
0,0.0168697131818031
0,0.0356176020197047
0,0.035055604989703
0,0.0350623757621248
0,0.0348718832640445
0,0.0347913634514625
0,0.0349051199447978
0,0.1210809835747428
0,0.0349668864469114
0,0.0347905197731317
0,0.0103265978259447
0,0.0356191323186876
0,0.0092939722800251
0,0.0032922718913005
0,0.0347833903141544
0,0.0357344330071395
0,0.0347846599693097
0,0.0358420373277948
0,0.034209912510593
0,0.0358447460702266
0,0.0348231224414801
0,0.0322342512722943
0,0.004255895060404
0,0.0348465723415086
0,0.0357200774246902
0,0.0355402550468064
0,0.0141186832601344
0,0.0145010889019506
0,0.035143089308899
0,0.0349308012830173
0,0.1145464964436875
0,0.0348776060479578
0,0.0273748997618362
0,0.0353075414305342
0,0.0356425453004828
0,0.0350287727719182
0,0.035094326783972
0,0.0313164012694319
0,0.0158072054646976
0,0.0354661487005881
0,0.0347828345319621
0,0.0217747057473486
0,0.0347490161120554
0,0.0335899137655255
0,0.0338388723778965
0,0.0198184937636001
0,0.0025939115802894
0,0.0358107244634314
0,0.0323400347731148
0,0.0049027093085029
0,0.0012563748638702
0,0.0051127029115189
0,0.0131037606829395
0,0.0356299497100387
0,0.0355166309006683
0,0.0264019578864864
0,0.0358482112884951
0,0.0356180243235162
0,0.0354503365722493
0,0.0358250141546335
0,0.0349091304225427
0,0.0354849528714957
0,0.0043098352176421
0,0.0348932431825192
0,0.0154519437320694
0,0.0356935694557808
0,0.035857891466207
0,0.035188809397307
0,0.0356098814893893
0,0.0354755448842915
0,0.0104005628776859
0,0.0074030889058473
0,0.0168256100052158
0,0.0245263912941034
0,0.0354650717027335
0,0.007497428443996
0,0.0358361793948882
0,0.0204277750775288
0,0.0021962532000071
0,0.0334447493786851
0,0.035724931730844
0,0.0350447942261509
0,0.0139102478521711
0,0.241729550625301
0,0.0355835916235911
0,0.0358629596099294
0,0.0224171246839208
0,0.0357641760188472
0,0.0357975439456106
0,0.0255997650672375
0,0.010062166501334
0,0.0358391270312839
0,0.1863083938863815
0,0.0356376788124647
0,0.7441481316671285
0,0.0352358103507256
0,0.3599409460748583
0,0.0350085499963894
0,0.0356852729663431
0,0.0348083997312674
0,0.0353088642374015
0,0.0341995266141116
0,0.0353881825013634
0,0.0348413305909127
0,0.0352394991069638
0,0.0307563419663182
0,0.0357790959521955
0,0.0354792002395852
0,0.0257213660714493
0,0.0168384863141819
0,0.0350578584072803
0,0.0358087791733814
0,0.0351291188213502
0,0.0027691339153736
0,0.0118354491345624
0,0.0357360639005112
0,0.0352391473255629
0,0.0352355160155759
0,0.0357150035019735
0,0.0358391024773147
0,0.0348095564760123
0,0.0348273329647134
0,0.0355729445607733
0,0.0245759653883234
0,0.0358306142647599
0,0.0348359261047713
0,0.0357622042619112
0,0.0234419404689804
0,0.0191207733388331
0,0.0358112230798854
0,0.035279872024491
0,0.0348162334841811
0,0.0356422537117578
0,0.0352612069631579
0,0.0350325819595811
0,0.0726921454976604
0,0.0350995131750783
0,0.0349593853815174
0,0.0358838659513501
0,0.0267601498402071
0,0.0352122941851369
0,0.0166492612842495
0,0.0110855340122912
0,0.0217683582467037
0,0.0358237384278683
0,0.0358459879826102
0,0.0135728648094585
0,0.0161381952492921
0,0.0298955312476448
0,0.0349453772941564
0,0.0112675022579345
0,0.0357491793300271
0,0.0309578946218976
0,0.0254490724195387
0,0.0260266468872814
0,0.0349071506253735
0,0.0352090612014608
0,0.0324089060923298
0,0.0352811177220041
0,0.0352725064075058
0,0.0358475347469568
0,0.012433459510355
0,0.0014181138463681
0,0.016198710853675
0,0.0356149969523286
0,0.034787053195373
0,0.0259134333888007
0,0.0348483806400796
0,0.0348214040444454
0,0.0356072159941373
0,0.0358421642526429
0,0.0358249027432342
0,0.0356131603598554
0,0.0100409288758912
0,0.0124598790395325
0,0.0292259156101594
0,0.0347811155143384
0,0.0083691185314742
0,0.0348590189021834
0,0.0350578584072803
0,0.0348314808817556
0,0.0349033666677476
0,0.035473596779361
0,0.0347811659385614
0,0.0350913688111429
0,0.0155214252452809
0,0.0347858693520457
0,0.0347820405050484
0,0.0348822782597784
0,0.0356324471443851
0,0.0357712328430261
0,0.0085263832911594
0,0.0300033659500643
0,0.0351917857465759
0,0.0357684146536375
0,0.0349174234640254
0,0.0357795360718233
0,0.0277687043526824
0,0.0350910625461621
0,0.0358214485549234
0,0.0054050184294229
0,0.033078594904606
0,0.0352151594768827
0,0.0358662186547939
0,0.0171009812095307
0,0.0347985277305395
0,0.0067686729667089
0,0.0350212134691786
0,0.035142238338459
0,0.0347806891064338
0,0.035535336158476
0,0.0347739207102234
0,0.0353608782105915
0,0.0350348718983225
0,0.0082510518039199
0,0.0236981217508353
0,0.0349300406285052
0,0.0347896614150401
0,0.035794747223265
0,0.0352577426807178
0,0.0351515707135449
0,0.0183457190690627
0,0.035315477420236
0,0.0338606555787491
0,0.035448428921388
0,0.0357530317935099
0,0.0347859062809345
0,0.0308806757387335
0,0.0353970892524741
0,0.035365221808223
0,0.0340575688463036
0,0.035749201887648
0,0.0262864288142118
0,0.0356108745264613
0,0.0356786349330207
0,0.0349393535206574
0,0.0183964305610866
0,0.0358101115455491
0,0.036470517843937
0,0.0357002301656174
0,0.0422005894390742
0,0.0107965605915848
0,0.0348089940957359
0,0.0348613014072263
0,0.0112494846627394
0,0.0347652551878153
0,0.1586988556339698
0,0.0356861905405774
0,0.0347896497161836
0,0.019613876518759
0,0.0358543615325647
0,0.0352861496030784
0,0.006477513085921
0,0.0250224199708649
0,0.0276630496744179
0,0.0356955310464445
0,0.0208884534930343
0,0.0087868257196612
0,0.0247093902811477
0,0.021429024964307
0,0.0358187581779187
0,0.032238466037692
0,0.0312626080198594
0,0.0216646856486849
0,0.0347984869360758
0,0.0191479352456336
0,0.0294303840069296
0,0.015611308785711
0,0.0337632269558584
0,0.0358064075699058
0,0.0348300559602054
0,0.0172605402547769
0,0.0355180096399682
0,0.0358354191026613
0,0.0232729996087886
0,0.0348532183264364
0,0.0324067238452687
0,0.0275561288822167
0,0.022867575244765
0,0.0356077099386365
0,0.0134770318614973
0,0.0288447315807695
0,0.0350979692451725
0,0.000661175332574
0,0.0325074022580307
0,0.0358723960758965
0,0.0024403205833964
0,0.0348019928114196
0,0.0357715027371473
0,0.0353928024517676
0,0.0034135161617836
0,0.0196532982219923
0,0.0248600457822638
0,0.0348063574482692
0,0.0355099393151367
0,0.0357130742405752
0,0.0076558329176191
0,0.0358496064078785
0,0.0351369518187325
0,0.0323935401990822
0,0.0279613168801752
0,0.0344846374652007
0,0.0193874208354415
0,0.0345571024379586
0,0.0186791327122612
0,0.0246643656780421
0,0.0348265303210836
0,0.0347866090155589
0,0.0354972111529733
0,0.0354740758400507
0,0.0358422898819252
0,0.00738745760104
0,0.0354318262291891
0,0.0350888147190804
0,0.0242025458842849
0,0.0196465545595736
0,0.0315205563191272
0,0.035143415506436
0,0.0043605974186071
0,0.0352422740367023
0,0.0348544999463312
0,0.0124964624566559
0,0.0358528087885392
0,0.0356630006152431
0,0.0355167388277364
0,0.0101435772520398
0,0.0174781625367186
0,0.155986890814666
0,0.0354056872913393
0,0.03583906703129
0,0.0213879582452782
0,0.1148629370978735
0,0.0066824803669943
0,0.0358437223737061
0,0.0348633337035323
0,0.0356200909395798
0,0.0357367439641031
0,0.0358573958888081
0,0.0353111766139725
0,0.0037185558004072
0,0.0348924287132724
0,0.0321339735053804
0,0.0604882330021513
0,0.0348126202615785
0,0.0351584378947967
0,0.0169916395884944
0,0.0165820123520539
0,0.0156240598028146
0,0.0354512354813682
0,0.0349381654302765
0,0.0350300464604349
0,0.0109313093314111
0,0.0347834697326609
0,0.0300933153956404
0,0.0348208760365867
0,0.0356746081920397
0,0.0356168118165087
0,0.0352822263115691
0,0.0355385636928382
0,0.0357985756737368
0,0.035294767945837
0,0.029121431639155
0,0.0357046485209618
0,0.0352896037663422
0,0.0355284152179764
0,0.0195870894916573
0,0.0182768825117039
0,0.0348122154343742
0,0.0108970498743186
0,0.0355607657443993
0,0.035883286654066
0,0.0351041207735356
0,0.031699520628378
0,0.0357753807793608
0,0.0352569182202959
0,0.5349792492001337
0,0.0358925189301502
0,0.0700921904105235
0,0.0244468843508828
0,0.0357099712639996
0,0.0348269377427654
0,0.0355999922072546
0,0.0160285288644605
0,0.0355034939358281
0,0.3910554879182133
0,0.0358423563852467
0,0.0358684196787932
0,0.0354055716002202
0,0.0191317507440304
0,0.0263259088220383
0,0.0353602427293308
0,0.0355654737682699
0,0.0518116250166915
0,0.0353168717803956
0,0.0350444051912945
0,0.0353826107734876
0,0.0317847564575607
0,0.0357402038334284
0,0.0349368785088774
0,0.0358849281457513
0,0.0026671029417554
0,0.0350267875853194
0,0.0175585283580966
0,0.0356810185520224
0,0.0348883140624332
0,0.012633007466742
0,0.0262865807948382
0,0.0351256099920152
0,0.0321197944592267
0,0.0352168883001323
0,0.0353844909280079
0,0.0357219131572805
0,0.0308600710470649
0,0.0184357329238891
0,0.0241330725376896
0,0.0358524399990884
0,0.035839237604758
0,0.0089955894014033
0,0.0136624886806185
0,0.0162518045772661
0,0.0347942649476475
0,0.0357364280249517
0,0.0291434980548702
0,0.034883540867993
0,0.0358166486751994
0,0.0351199474918439
0,0.0052610669775082
0,0.0357445810695946
0,0.0349899619236653
0,0.0356310116101323
0,0.006145068039613
0,0.0028454099405688
0,0.034921798278621
0,0.0331994935315614
0,0.0357696340693428
0,0.6505296036628333
0,0.1494422958082151
0,0.021245762172632
0,0.0357888334318346
0,0.0157662412215413
0,0.0347807017350019
0,0.0350136060003796
0,0.0358193198537938
0,0.0358519314205988
0,0.0357697411904456
0,0.0347809411812402
0,0.0089308579725186
0,0.0355300381023103
0,0.0137038214986898
0,0.006527385164299
0,0.0351031883063621
0,0.0357156458824049
0,0.0356301407389161
0,0.015295494649875
0,0.0351607251477593
0,0.0355724932895044
0,0.0348047335534609
0,0.0036761091022339
0,0.0294939228690982
0,0.0357928838898202
0,0.0351871087011087
0,0.3289658597405306
0,0.0159665162392562
0,0.0352994047979321
0,0.0142007448728257
0,0.0284418538383948
0,0.0349010248316536
0,0.0348072309028576
0,0.0352348098296945
0,0.0355710509825297
0,0.0356370757638724
0,0.0339317380021455
0,0.0180553920717391
0,0.035801876195721
0,0.0354901015494817
0,0.0133102033946619
0,0.0355550590966542
0,0.0066599797905942
0,0.0349968482870286
0,0.0091279985170781
0,0.0131270811629626
0,0.0258345483026899
0,0.0357567316829287
0,0.0199315879640754
0,0.0350673031709748
0,0.035856766810267
0,0.0120559154467068
0,0.035239897283157
0,0.0358576672656717
0,0.0179333478637238
0,0.0337647816697014
0,0.0358602573950748
0,0.0355890054094716
0,0.0349776715458261
0,0.0453468931773742
0,0.0355929614985422
0,0.0312453285494999
0,0.009250559054174
0,0.0352357376738697
0,0.0358628930350321
0,0.0425662580698831
0,0.0122985356545324
0,0.0354943977679926
0,0.0310016904442523
0,0.0065721556968965
0,0.0350170729136363
0,0.035105670773077
0,0.0353531676984081
0,0.0020806945078601
0,0.0348671253110076
0,0.007595422126216
0,0.0156465161293951
0,0.0352782942540534
0,0.0358099733680892
0,0.0046325763700603
0,0.0351411352810727
0,0.03561560600888
0,0.0358512401740948
0,0.019424138461753
0,0.0350486521486627
0,0.0357760425328789
0,0.0348022530360225
0,0.0353693707247326
0,0.0347814438267892
0,0.035826767644638
0,0.0351602287533142
0,0.0353123591024401
0,0.0246542898160537
0,0.035388518987596
0,0.0352327140338916
0,0.0238938077129159
0,0.0353382873935645
0,0.0344625166650329
0,0.0013705218540689
0,0.035082591438915
0,0.0350893280490949
0,0.0350692007132591
0,0.0136105016450945
0,0.0357898929330161
0,0.0125770304007577
0,0.0351511804698102
0,0.0348030516690186
0,0.0099559429682169
0,0.0351923292887322
0,0.0347734509580156
0,0.035645159719901
0,0.1246887360857088
0,0.0356529840095058
0,0.0183691790800141
0,0.0274573267124804
0,0.0352622927642767
0,0.0352684367593597
0,0.0356286652766112
0,0.0097038331878706
0,0.0348096193020645
0,0.0351634797535149
0,0.0349939853002007
0,0.3911133312664455
0,0.0160473993276316
0,0.0353372041213654
0,0.0356678611292485
0,0.0356022077777137
0,0.0355270616977173
0,0.0209872491419392
0,0.0357116841142954
0,0.0341622462383954
0,0.0350264315052407
0,0.0266970753589227
0,0.0348138097503563
0,0.0357233969299288
0,0.0295016877331365
0,0.0009604277161813
0,0.0143900248732319
0,0.0350808079599024
0,0.0348676321139811
0,0.0351249540902642
0,0.0357296531898572
0,0.0358064656097861
0,0.0358248777593733
0,0.035786051618841
0,0.0357732330542524
0,0.0348551109786297
0,0.0349521584169933
0,0.0356185483669972
0,0.0356852729663431
0,0.0358400063443737
0,0.0069439631559547
0,0.0090194161518652
0,0.0358381172641677
0,0.0221310188303801
0,0.0357518886091389
0,0.0350906716449448
0,0.0141534656002912
0,0.0358556583166575
0,0.0020737631939397
0,0.0251730038717376
0,0.0347879326414997
0,0.035834676532833
0,0.0359029032368594
0,0.0352662832391391
0,0.0357883944944707
0,0.0218106425972175
0,0.035447518855154
0,0.00580836571783
0,0.0224374020340251
0,0.0048626656369664
0,0.012426905288086
0,0.0064566622088553
0,0.0211678815122302
0,0.0350561787736713
0,0.0357522521893254
0,0.0035572100552399
0,0.0352935660538513
0,0.0271626330600061
0,0.0219519345684172
0,0.0347842589369807
0,0.0349644058719901
0,0.0358522805626933
0,0.1529214891544909
0,0.0268020741130114
0,0.0020425018110084
0,0.0072578387799636
0,0.1038366844718271
0,0.0358577714119116
0,0.0358114390428736
0,0.0358070000876974
0,0.0349192656418878
0,0.0356880432433968
0,0.0347851957785282
0,0.034806593416833
0,0.0347845667415563
0,0.6323064434138616
0,0.0272121160832474
0,0.0007119145979101
0,0.035588229038271
0,0.0351651560953413
0,0.0358520166144157
0,0.0045986928301279
0,0.0354020663402699
0,0.0347828153338358
0,0.0357683557378035
0,0.034881073713589
0,0.0356120374815297
0,0.0132908470814922
0,0.035069368327685
0,0.0316449197774171
0,0.0348705495448551
0,0.0358563501995809
0,0.1289579425657554
0,0.0178818204808356
0,0.0190361374426222
0,0.0358272532320546
0,0.0351274384987162
0,0.0349555159055311
0,0.0349712385694611
0,0.03480978164873
0,0.0216867592280259
0,0.0341115774010922
0,0.0010899161356061
0,0.034782869287127
0,0.0201437777032253
0,0.0121790783401924
0,0.0235889178105755
0,0.0295717819374113
0,0.0352615078297691
0,0.0354314149945636
0,0.0352757895173159
0,0.0348362275852674
0,0.0358018066549868
0,0.0358554586941749
0,0.0348603744869374
0,0.0348194965024981
0,0.035854444245344
0,0.0136219866793538
0,0.0355231752694198
0,0.0356336207263082
0,0.00112353525729
0,0.0347980270311346
0,0.0358198193217812
0,0.0008971706088026
0,0.5334937169616338
0,0.0003713358083004
0,0.0357066962420295
0,0.0354003148603322
0,0.0221478143838445
0,0.0357679574768203
0,0.0358825727884943
0,0.0353315616852045
0,0.0349102628444472
0,0.010835281000641
0,0.0870181252648558
0,0.0316236536899371
0,0.035349261593121
0,0.035228770833751
0,0.0358267910416432
0,0.0035212138616549
0,0.0102405716882784
0,0.033449753601308
0,0.0358347830754871
0,0.0348381288788964
0,0.0030726901526974
0,0.0351716595939189
0,0.0349856886810329
0,0.114729056219971
0,0.0312023311215419
0,0.0357790450679005
0,0.0350936823890396
0,0.0353773875537375
0,0.0351667691594611
0,0.0299189152504489
0,0.0158144676912718
0,0.1524932881397529
0,0.0358192253695528
0,0.0324278253808361
0,0.0357816485328365
0,0.7190035695601374
0,0.0348743883475851
0,0.034835897198084
0,0.0350251558639501
0,0.0368774041842765
0,0.0192590928253497
0,0.035827875278517
0,0.0120193117622406
0,0.0342846854698901
0,0.0313450181162234
0,0.0306638942946525
0,0.0351199393726627
0,0.0150287956329254
0,0.0355542883073247
0,0.0256391990101521
0,0.0209776972141662
0,0.0353307408046141
0,0.0357995718992272
0,0.0348042051979623
0,0.0070595420699088
0,0.0325566715544399
0,0.0357640890136627
0,0.4334299752898812
0,0.0358284092953287
0,0.0349242058275046
0,0.035184512170775
0,0.0150525409493739
0,0.0356277605032975
0,0.0353973956359957
0,0.0353349983950525
0,0.032516853903587
0,0.0352072021827272
0,0.0347859810273579
0,0.0352612064875068
0,0.0347927075741324
0,0.034985833276244
0,0.0358131930168199
0,0.0358340880032826
0,0.0300935110315052
0,0.0347891497853013
0,0.0354220287592299
0,0.040044016844168
0,0.0306210245698164
0,0.0240168672115767
0,0.0358575815133603
0,0.035837561307447
0,0.0358080393140414
0,0.0357580758674568
0,0.0288367128864947
0,0.0290062355596259
0,0.0058974967339733
0,0.0355215669267348
0,0.0320871536041288
0,0.0319419987899709
0,0.0304078224703875
0,0.0351011656297092
0,0.0354473248356766
0,0.0070552793952321
0,0.0349956623665068
0,0.0358683487881753
0,0.0708250917908059
0,0.0349662790525923
0,0.0338867750835864
0,0.0347813097539151
0,0.0356744532911835
0,0.0305500781677301
0,0.0334181384233625
0,0.0358352270389597
0,0.0354615543877205
0,0.0075047483055496
0,0.0733045812987296
0,0.035758475345869
0,0.0348023674696683
0,0.0352430065560512
0,0.0358593091744072
0,0.0349599174608592
0,0.0359115487763607
0,0.0356201041635456
0,0.0353646835411727
0,0.0355991594772506
0,0.0358066630571971
0,0.0253984466653123
0,0.0357853751569601
0,0.0273572716843952
0,0.0134688935543731
0,0.025572146054488
0,0.0356265194008535
0,0.0358040029956283
0,0.0252354116963163
0,0.0347955944342558
0,0.0138043016018952
0,0.0347839213018744
0,0.0032521272100888
0,0.034800380748032
0,0.0356902273032262
0,0.0333164241218467
0,0.0348090886989526
0,0.0351405793192326
0,0.0351325156251978
0,0.0356326365034259
0,0.0348087831415209
0,0.0340487522301672
0,0.0336826781002108
0,0.0036173852921553
0,0.0347979007878544
0,0.0040161693627995
0,0.0357906911869092
0,0.3566946556932863
0,0.0173820334933534
0,0.0141957315486649
0,0.0351892585613652
0,0.0358174980771602
0,0.0404850162542249
0,0.0358286919905121
0,0.0197349816442949
0,0.0348056764502774
0,0.0358235364253818
0,0.0273884280593484
0,0.0114820964926828
0,0.035401942260435
0,0.1807594099226753
0,0.0333985859487974
0,0.0125445574552463
0,0.0353702947016056
0,0.0348683690879443
0,0.0351051895792399
0,0.030268193282168
0,0.0350774011074773
0,0.0191954450813327
0,0.0024550331153585
0,0.0353057339959987
0,0.0354702393612167
0,0.0352890579284769
0,0.0279802087425952
0,0.0351919979806243
0,0.0050416806779152
0,0.1768781889707007
0,0.0018411371858416
0,0.0357612951542962
0,0.0353074061955541
0,0.0349406051632524
0,0.0354877871930912
0,0.0348720117108112
0,0.0192069019655973
0,0.008394225495691
0,0.0351201023211416
0,0.0358465692159812
0,0.0354853972155616
0,0.0271615443174772
0,0.035559261585241
0,0.0349159628089366
0,0.0350283740585629
0,0.0349288173515138
0,0.025416967636417
0,0.0355133536911872
0,0.0349756031163697
0,0.0348809587898018
0,0.0353982468196979
0,0.0270297236157087
0,0.0331698069064718
0,0.0355282566787825
0,0.0358327151372476
0,0.0356685479391702
0,0.0353205625125172
0,0.0356131836682006
0,0.0035969709627209
0,0.0353688069971823
0,0.0234293115441476
0,0.0357649749152373
0,0.0349410004061051
0,0.0256717279058568
0,0.0055291844324338
0,0.0353326645548904
0,0.0339290413465619
0,0.0357054049338711
0,0.0023260520155837
0,0.0348910782018392
0,0.0350460431231138
0,0.0087129320942519
0,0.0180736215322075
0,0.0358249868049712
0,0.0157478591787121
0,0.0348266878966098
0,0.0351051895792399
0,0.0358653407925045
0,0.035229171318696
0,0.0171054520132076
0,0.0353505788412914
0,0.0356909253690592
0,0.0358093260214603
0,0.0101146282651389
0,0.0358248777593733
0,0.0012499201178092
0,0.0352684760157745
0,0.0037829266200637
0,0.0355900625499841
0,0.011591575474587
0,0.0351210878750087
0,0.0335813330735099
0,0.0348830015991006
0,0.0356085675151447
0,0.0350608803918261
0,0.0176131659934739
0,0.0343853226594786
0,0.0105091297881919
0,0.0031551427540324
0,0.0355624378388241
0,0.0348545850887345
0,0.0356433645146051
0,0.0351955444976897
0,0.0355794124856635
0,0.0353863374723547
0,0.0166845717262532
0,0.0348427259468695
0,0.0347594668038715
0,0.0356155522968805
0,0.0133503893626832
0,0.0151784653772776
0,0.0356124402470052
0,0.0349319128559456
0,0.0102913964426411
0,0.0355716005241884
0,0.0088687121445066
0,0.0358680147357212
0,0.0354194770712538
0,0.0349225606112266
0,0.0032845722198437
0,0.0224609033454544
0,0.0357200418373349
0,0.0353550321429902
0,0.0074825114421088
0,0.0358005227104071
0,0.0256512515779932
0,0.0348904873716985
0,0.0357230534927948
0,0.0782359640729349
0,0.0046977671274272
0,0.035637625357118
0,0.0356284666884017
0,0.033388634852438
0,0.0352898236958567
0,0.0357381360178207
0,0.0262802123863774
0,0.0354470750402197
0,0.0272749191120888
0,0.0356433215629066
0,0.0261575268447377
0,0.0358529870639085
0,0.0194778612525186
0,0.0347870326498382
0,0.0351284778264239
0,0.0358112854640505
0,0.035822741692282
0,0.0356067850839069
0,0.0238031748504582
0,0.0348498074004145
0,0.0349797013637383
0,0.0347820619865551
0,0.034823982348061
0,0.010542110080912
0,0.0353732487618727
0,0.0356729867039419
0,0.0348225256520738
0,0.0353031649092354
0,0.0356337706087559
0,0.0356000257477308
0,0.004548289036765
0,0.0353958540391333
0,0.0353986223939613
0,0.0358121423452195
0,0.0348603951290533
0,0.0024368759055502
0,0.0354577129155681
0,0.0358576687735351
0,0.0105389280270263
0,0.0294585360432089
0,0.0349694167819965
0,0.0350997317278979
0,0.0352645279338013
0,0.0358557041715264
0,0.0333205285800073
0,0.0304052528716385
0,0.027421294016094
0,0.0062704391786585
0,0.035649541035762
0,0.034909785097016
0,0.0347619329652513
0,0.0357448026469587
0,0.0348366391352619
0,0.0352268618860312
0,0.0353105948430653
0,0.0357313317786364
0,0.0349132561839236
0,0.035732332579983
0,0.0253054704418353
0,0.0354748871370289
0,0.0349369783936168
0,0.0350062442144178
0,0.0199685565451755
0,0.0347816465720847
0,0.0051371983688726
0,0.0677708662875666
0,0.0216436034484602
0,0.0352186534784856
0,0.0356237799743364
0,0.005737607216841
0,0.0358357369250748
0,0.0358227421417609
0,0.0355909753293366
0,0.0358043597801819
0,0.0356237272356831
0,0.0097325818810126
0,0.0358711291015085
0,0.0172833356736581
0,0.0349472523734973
0,0.0347425104273751
0,0.0285688933825224
0,0.0064751800137222
0,0.0079406891379147
0,0.0358249918195828
0,0.0357397485637224
0,0.0249865104802577
0,0.0349755713705272
0,0.0038838707074336
0,0.0348360386838358
0,0.0355277342625696
0,0.0009443727461944
0,0.0162551882760055
0,0.0357080982498876
0,0.0358420453110241
0,0.0050350431167287
0,0.0358112969620903
0,0.034999125321167
0,0.0074311171954993
0,0.0354029201130911
0,0.0012270925452767
0,0.0358595820407852
0,0.3168998795063378
0,0.6302845156488718
0,0.0352753715838132
0,0.0308456782852658
0,0.0358540817811963
0,0.0350683408136617
0,0.0037251068956148
0,0.0350890027365468
0,0.0203497806526119
0,0.0358172591533955
0,0.0356354038529986
0,0.035547395053685
0,0.0345727092299928
0,0.0080703398047772
0,0.0356212746820746
0,0.021593599650712
0,0.0354226470694803
0,0.0358481811586771
0,0.0355346588644346
0,0.035501243183082
0,0.0353669134868258
0,0.0358281945465236
0,0.0352656554969356
0,0.0353992476881402
0,0.035665627273102
0,0.0350371061151379
0,0.0347958410157172
0,0.0349253071677474
0,0.0177601740400928
0,0.0354462070785198
0,0.0220097976311494
0,0.0264502817842923
0,0.0348811751548765
0,0.0356583527738595
0,0.0356130581583551
0,0.0348899364428777
0,0.0351426433895314
0,0.0358573561707362
0,0.0552263791924968
0,0.035365294116087
0,0.012345284633256
0,0.0349196596305571
0,0.0348906865166409
0,0.0358817302871558
0,0.0166702131958547
0,0.0116961358970104
0,0.0356551787935866
0,0.035144610452184
0,0.0356709643235855
0,0.0356241885517144
0,0.0349625826595686
0,0.0221348168705741
0,0.0059289612915396
0,0.0105175982560913
0,0.0117200709345482
0,0.0269258379403057
0,0.0352415579994536
0,0.0291290889874603
0,0.0337691173105252
0,0.034809371198774
0,0.0355736479901001
0,0.0354931187898059
0,0.0351317268712372
0,0.0349027337413489
0,0.0349688585825396
0,0.0352152515347749
0,0.0354394933692453
0,0.0352994184766046
0,0.0099312945719465
0,0.0351345940553038
0,0.0350310855564767
0,0.0350680747056797
0,0.0351950378542231
0,0.0676978935665515
0,0.0224011584829623
0,0.0111582541848033
0,0.0347973914883175
0,0.0108328494452808
0,0.0348528718949405
0,0.0354998892783641
0,0.1830756450993202
0,0.0206637009416637
0,0.0356073237333373
0,0.0164218498922461
0,0.0356310116101323
0,0.0070593637380225
0,0.0085546444493093
0,0.0198027236750342
0,0.035409064057234
0,0.0352650675732596
0,0.0354354674005719
0,0.035834287361425
0,0.0352354785528156
0,0.0181000849662077
0,0.0348567832774223
0,0.0356295091012347
0,0.0358269442787317
0,0.0200293979151677
0,0.0354388916961329
0,0.0349642181032361
0,0.0010145597826305
0,0.0358383169762892
0,0.0165918842460907
0,0.0358521061312684
0,0.03483449017107
0,0.0155017314884359
0,0.0016510632203374
0,0.0348610226486134
0,0.0352080483333851
0,0.0349924255486108
0,0.0351905840031353
0,0.0348104554046934
0,0.0358159205529105
0,0.0350848033208479
0,0.0356476206984778
0,0.0348356523067106
0,0.0190117149514106
0,0.1048713173541347
0,0.0349880233425912
0,0.0348756648286418
0,0.0351970407431221
0,0.0033463099560444
0,0.035844397415787
0,0.03647502863333
0,0.0344362434150604
0,0.0358156025824497
0,0.0320525889884572
0,0.0348133137262281
0,0.0258763805894216
0,0.0352325841563721
0,0.0356690585477193
0,0.0348105120929981
0,0.0352512989947285
0,0.0356943373231889
0,0.0348657428406714
0,0.0354515368965715
0,0.0358569085064531
0,0.035594840562476
0,0.0091876019443724
0,0.0177601740400928
0,0.0351696619977398
0,0.0358358806392736
0,0.0350582924985805
0,0.0085350654149026
0,0.0089676060511991
0,0.0358424727977425
0,0.0352800979655653
0,0.0357666476050409
0,0.0348160375132129
0,0.0352674385002302
0,0.0350879863954247
0,0.035287536077804
0,0.035841900494468
0,0.0358540659432992
0,0.0342242140701301
0,0.0352366085146465
0,0.0351042215884664
0,0.0561089163668603
0,0.0356107376264845
0,0.0305670970306278
0,0.035822712468407
0,0.0344614413059973
0,0.0343013227086646
0,0.0123042605459581
0,0.0177858840069002
0,0.0237388414950908
0,0.0209782945438449
0,0.0347712639131437
0,0.0358424698458042
0,0.0358550444263357
0,0.0350142814105779
0,0.0348503729086723
0,0.0142307674374066
0,0.0358592594458712
0,0.0353502301967107
0,0.0354398185856699
0,0.0350074742501564
0,0.0188402123571893
0,0.035095138073532
0,0.0347885440736637
0,0.0274573267124804
0,0.0299086661498465
0,0.0134888746041425
0,0.0354918031935979
0,0.3819704950231953
0,0.0356488518121661
0,0.027614442917933
0,0.0105067686024169
0,0.0358375387479036
0,0.0020194018467981
0,0.0352314941530778
0,0.0347542588383249
0,0.0356181193893363
0,0.0279185653549336
0,0.0353454554114437
0,0.0353848648951783
0,0.0246243509363334
0,0.0347755810592366
0,0.0357658833737046
0,0.035722673937075
0,0.0354047429380236
0,0.034785494787241
0,0.0353116683951456
0,0.0351564626688968
0,0.0028857122685954
0,0.0267587778438987
0,0.0352606117710645
0,0.0356815463074313
0,0.0349756017350906
0,0.0357716124811281
0,0.0227369703365245
0,0.0345296279559101
0,0.0007353041661586
0,0.0042734140564309
0,0.0254570261618948
0,0.0313745672915435
0,0.0383125785103175
0,0.0358261603930403
0,0.0327020597739971
0,0.035645914195956
0,0.0355246559883405
0,0.0358523374097413
0,0.03072096652047
0,0.0148772766212838
0,0.0278997603520979
0,0.0352984892721393
0,0.0355334013859239
0,0.0323853702992907
0,0.0009390630341778
0,0.0345215210486651
0,0.0348660610655087
0,0.0110969541188615
0,0.0358237737598621
0,0.0350946062923289
0,0.0258758111350067
0,0.0358365802957388
0,0.0351870239742598
0,0.0355969077236859
0,0.0352000000579179
0,0.0348417528332313
0,0.0114200438225275
0,0.0030014493937593
0,0.0161948983281165
0,0.0358473649645503
0,0.0353854052426918
0,0.0352924444042199
0,0.035656212105861
0,0.0348737547006717
0,0.1289667286335208
0,0.0268373616412753
0,0.0350015742062614
0,0.0343111221549339
0,0.0340081648054545
0,0.0349352298134492
0,0.035807929220278
0,0.0357497995322928
0,0.0227827254092148
0,0.0152192317692409
0,0.0350004869562904
0,0.0019875599632866
0,0.0136194395340188
0,0.0126482949585524
0,0.0358437336976043
0,0.0839705165883792
0,0.0356916436636288
0,0.0357092468683225
0,0.0281464497483652
0,0.000624026024739
0,0.0356943253864738
0,0.0334413758786091
0,0.0128195379447612
0,0.0358452439416934
0,0.0009617568944009
0,0.0352702581812884
0,0.0351583560576986
0,0.0351598272424321
0,0.0350403765740322
0,0.0187031007365541
0,0.0357592795751692
0,0.0348930741173297
0,0.0129179247105311
0,0.0358005958125164
0,0.0170537453009975
0,0.0349430450708324
0,0.035824608203369
0,0.0316245454156466
0,0.0351014215386799
0,0.0348886603822852
0,0.0529277417404118
0,0.03566958020368
0,0.0348293868907348
0,0.042076126314721
0,0.0241669902307481
0,0.0235236033004022
0,0.035823940592166
0,0.0353891196666629
0,0.0283601974209304
0,0.0350453908369748
0,0.0355940590011608
0,0.0349593156416163
0,0.0349033110186177
0,0.0349804322449709
0,0.0349370956126051
0,0.0260403485890917
0,0.0332120275468965
0,0.0217298928113392
0,0.0800819910269484
0,0.0349179912901946
0,0.0357871072771088
0,0.0349468279194677
0,0.0351596426200438
0,0.0358669774794256
0,0.0350818966763003
0,0.0137467871102031
0,0.0355402550468064
0,0.0358613231103256
0,0.026200609105076
0,0.0355459537027659
0,0.0350856777400829
0,0.0358720853637512
0,0.0011413324574585
0,0.0354050620437323
0,0.0262324937193555
0,0.0312333131366547
0,0.0243424889667955
0,0.0357521096217827
0,0.0049180476406382
0,0.0351973691647438
0,0.0029316893385451
0,0.0358253488787703
0,0.0357227880418771
0,0.0347899849717457
0,0.0354149870463807
0,0.0258868445884487
0,0.0354933792357843
0,0.0258970315949251
0,0.0358475829895163
0,0.0358658543289945
0,0.0349105921667612
0,0.0348565759116804
0,0.0350033964652013
0,0.0623125084758475
0,0.0150274381354717
0,0.0350878830288019
0,0.03477946139793
0,0.0354092574120486
0,0.0348372952068108
0,0.0355684485566054
0,0.0356562370331182
0,0.0284806080723932
0,0.0352987025373173
0,0.0315161288651259
0,0.0093910000598456
0,0.0135794299898221
0,0.0348171479077322
0,0.0081026240296294
0,0.0358617044809349
0,0.0471230233203421
0,0.0351405440996811
0,0.0762246417159643
0,0.0351476891665742
0,0.0332803114420287
0,0.0358720960145488
0,0.0348437140162111
0,0.028321266641187
0,0.002953115528109
0,0.0353117790584678
0,0.0357094319171974
0,0.0349122646028003
0,0.0358586956897113
0,0.0347986345082034
0,0.0348352810680665
0,0.106201618515399
0,0.0354623707875066
0,0.0351928122437748
0,0.0355267732833602
0,0.033504060796397
0,0.0348516273609196
0,0.0140841972596857
0,0.0059982431840131
0,0.0187801552167365
0,0.0347860829636312
0,0.0224874762712071
0,0.005210510039051
0,0.0348081453875999
0,0.0245865322261367
0,0.0022322864038285
0,0.0358487411027876
0,0.0357223364476764
0,0.0350122980045346
0,0.0356074267018102
0,0.0348411237064768
0,0.0351487432505426
0,0.0357516424923253
0,0.0357202816001589
0,0.0267621610780795
0,0.0358467571630141
0,0.03571190634341
0,0.035408012061143
0,0.0350846097854369
0,0.0187537172621227
0,0.035228770833751
0,0.0237873965288805
0,0.0357308128795532
0,0.0357872453634206
0,0.0292605445235229
0,0.0038893784801157
0,0.0356923847257304
0,0.0354599561918013
0,0.0357027661108493
0,0.004001249944205
0,0.034952285746662
0,0.0356695598634962
0,0.0347909872124616
0,0.0348741463750281
0,0.0353966059149085
0,0.0158769499724605
0,0.0355932129578682
0,0.0358668975265309
0,0.0132809913662893
0,0.0347678852050824
0,0.0333885737512624
0,0.0348704713269182
0,0.0354515350201731
0,0.0297018995857493
0,0.0358242177361544
0,0.0357346413096552
0,0.0341221963208316
0,0.0354341966238698
0,0.0072760658815771
0,0.0139662621904393
0,0.0347816322778562
0,0.0358536718255433
0,0.0358503416109288
0,0.0257692384914788
0,0.0354256351651371
0,0.0293054409540294
0,0.0356302981393994
0,0.0347809162402629
0,0.0358361749465245
0,0.0120566332507465
0,0.0352217249590672
0,0.0357195443673364
0,0.035468586018984
0,0.0352298105524062
0,0.0013296427094515
0,0.0326377736480825
0,0.0197659298891456
0,0.0352459942174149
0,0.0170683905182752
0,0.0335406729523024
0,0.0356879129378933
0,0.0357860803424859
0,0.0354166031209969
0,0.0131053158101013
0,0.0026518496322513
0,0.0347919137607404
0,0.0101612445604159
0,0.0057667470942133
0,0.0356605839188741
0,0.034793168398287
0,0.0357128506588313
0,0.9056841597733688
0,0.0356495157384222
0,0.5345518005856907
0,0.0348154519122982
0,0.026971879732728
0,0.0353072164143411
0,0.0349946068952626
0,0.0357982046474431
0,0.0358792663776014
0,0.0354022458949646
0,0.0191479352456336
0,0.0223071065390777
0,0.0358471310967622
0,0.0358571036685703
0,0.028612256375087
0,0.0356226440592703
0,0.0348537369458852
0,0.0349749278214778
0,0.0651894774601033
0,0.0249760562816493
0,0.0348011538465735
0,0.035526222554938
0,0.0357748447309068
0,0.0358411817887519
0,0.0149280066749172
0,0.0022587159342851
0,0.0004480382088734
0,0.0234207871683529
0,0.0356103431299054
0,0.0203758130001077
0,0.0256886346681383
0,0.0207302634184519
0,0.0350492110876751
0,0.0031736730953895
0,0.0349295385611988
0,0.0356071112694884
0,0.03575541732473
0,0.0358226668842327
0,0.0348953681885141
0,0.0353775257926801
0,0.0347878601120003
0,0.002217910148006
0,0.035855326172977
0,0.01464446360506
0,0.0352655133605444
0,0.0358650334888259
0,0.0085123696768751
0,0.0349291002289513
0,0.0348869850353425
0,0.0354506086908105
0,0.0348878133385244
0,0.0277455215603314
0,0.0173049146770584
0,0.0184071426985265
0,0.0358168144388615
0,0.0358485661181659
0,0.014092849211016
0,0.0347896663513464
0,0.034798270641326
0,0.0165135314336698
0,0.0348171072262062
0,0.0351613737213331
0,0.0178676926218559
0,0.0358625198760536
0,0.0191151394039869
0,0.0063605489334193
0,0.0029843417237471
0,0.0355057981896221
0,0.0351006164349043
0,0.0355706155835825
0,0.0184263965685378
0,0.0348660672777988
0,0.0212413292841257
0,0.035227740990244
0,0.0356110986437768
0,0.0356141790631016
0,0.0349468458604051
0,0.0357826201814749
0,0.0357614665988557
0,0.0347694695594981
0,0.0352577763476423
0,0.0239884673064675
0,0.035113866600216
0,0.0098322083006445
0,0.0355175732023552
0,0.0349665489493277
0,0.035627759337786
0,0.0345417126170814
0,0.0322820309965991
0,0.0348056764502774
0,0.0354220287592299
0,0.0348492133001759
0,0.0350185125263939
0,0.0357906696095197
0,0.034821385938388
0,0.0291632022700011
0,0.0348944473750005
0,0.0296567298216029
0,0.0357502877968053
0,0.0352612064875068
0,0.0353630452278948
0,0.0356216262321195
0,0.0287765644844178
0,0.0351336595556954
0,0.0358853467862663
0,0.0355579709348178
0,0.0347624012960917
0,0.0358066702213418
0,0.0340315993215484
0,0.0353321925959921
0,0.0348093448994591
0,0.0351576069925836
0,0.0083184141282333
0,0.0206389783334862
0,0.0355993559571134
0,0.0356777651366064
0,0.0351680224923909
0,0.0348749316818447
0,0.0352543664806116
0,0.035858104587512
0,0.0284254694943445
0,0.0275743009058105
0,0.0203449511511108
0,0.0358440381771214
0,0.0348043059179697
0,0.0352781326962826
0,0.0049748341158955
0,0.0348892258965947
0,0.0350676647756132
0,0.0354458301071548
0,0.035667725878001
0,0.0350126147819878
0,0.0350534466862188
0,0.2659438715335553
0,0.0333184234584586
0,0.0347893451152943
0,0.0348234704316065
0,0.0358646324607821
0,0.02805952965055
0,0.0355270408948319
0,0.0320198700898092
0,0.0355030087152736
0,0.0358424563927657
0,0.0357267582823633
0,0.0357633116709301
0,0.02053469863966
0,0.0358551757115144
0,0.0357768500804478
0,0.0009562237544711
0,0.0349080624274711
0,0.0356791267961288
0,0.0358843149380902
0,0.0353760233019242
0,0.037262944087534
0,0.0349006689470157
0,0.035345390875065
0,0.0121195003706193
0,0.0081495644007235
0,0.0357516625663826
0,0.1503529858626814
0,0.0347808038564846
0,0.0349258783700496
0,0.0358010714377908
0,0.0350509776476499
0,0.0024878719806192
0,0.0356942843318473
0,0.0347835472140514
0,0.0352375977904408
0,0.0066599797905942
0,0.034795364432917
0,0.035769394583209
0,0.0357860576351098
0,0.0154059955887557
0,0.0357506670466243
0,0.021266347374306
0,0.0358407580698138
0,0.0310578357083626
0,0.0349027932905854
0,0.023582431099899
0,0.0357404416812657
0,0.0352024896128925
0,0.0358265325325886
0,0.0329083333001479
0,0.0357795470968494
0,0.0094871870326038
0,0.0349828981132869
0,0.0212078287227528
0,0.0301459064791098
0,0.0357867660002413
0,0.0125463153529847
0,0.0348253081097005
0,0.0080989252758566
0,0.0357730582617902
0,0.0358654310060385
0,0.0353339853933832
0,0.0337271360707423
0,0.0082195168897546
0,0.0356295346486336
0,0.0347820324439199
0,0.0356656409881627
0,0.0355464620765543
0,0.0352099875594277
0,0.0348993390451475
0,0.0356162507871797
0,0.0358120948268881
0,0.035069656381616
0,0.0090154373371328
0,0.0358578897127933
0,0.0358359923314907
0,0.0044657806029692
0,0.0321134055812077
0,0.0358278697289965
0,0.0357086767765028
0,0.0357703433569719
0,0.0356175025168519
0,0.0357868861376779
0,0.0347833467157455
0,0.0005271582918487
0,0.035770796840923
0,0.0352036227440959
0,0.0320018748777226
0,0.0357954766048917
0,0.0356178958663254
0,0.0355408926815653
0,0.0351874620065196
0,0.0325036032496137
0,0.0356028925882303
0,0.0217909320933691
0,0.0089844239374239
0,0.0348959040804909
0,0.034788121418981
0,0.0348623066871251
0,0.0351637586207541
0,0.0357540646389099
0,0.0196501796450811
0,0.0235991795306993
0,0.0356087314867424
0,0.0348148028096437
0,0.0058565234763958
0,0.0284893941176128
0,0.0356493645321488
0,0.0357128363509628
0,0.0358598816475939
0,0.0168703176679139
0,0.0352679266182139
0,0.0358329912694875
0,0.0353331794081846
0,0.0150165947937129
0,0.1330104562195231
0,0.0351988692411223
0,0.0357317311921362
0,0.0353027714087681
0,0.0357831646819745
0,0.0357419700051092
0,0.0352950971118164
0,0.0040818910900184
0,0.035165676497838
0,0.0358507429859049
0,0.0352116809865232
0,0.0012869622777791
0,0.0003924451046525
0,0.0350372689110108
0,0.0010034380852208
0,0.0262614226708237
0,0.0353219288759006
0,0.035362991387559
0,0.0347642976730407
0,0.0357238175391379
0,0.0323298280153304
0,0.0348134584872695
0,0.0352210286631235
0,0.1054090975509879
0,0.035855992566404
0,0.0347835215131541
0,0.1140966699780451
0,0.0357466675345468
0,0.0350570589306712
0,0.0357736706395905
0,0.0353997499129955
0,0.0347939269340731
0,0.0178989573150301
0,0.0356527118572405
0,0.0064196702996805
0,0.0348266362801407
0,0.0347667007256136
0,0.0358006527344195
0,0.0073469368642463
0,0.0202487339113036
0,0.0358246976204577
0,0.0353744455317919
0,0.0346376732034808
0,0.0358228332282657
0,0.0087241237172595
0,0.0314101830051698
0,0.0238298261906052
0,0.0356303433363278
0,0.0318618024046879
0,0.0357190603526903
0,0.035739085655042
0,0.0348587513327181
0,0.0358499246587186
0,0.0357195063977095
0,0.0352099424520955
0,0.0349713226375031
0,0.0083632537087797
0,0.0295867388463832
0,0.0357745723104252
0,0.0099454287072634
0,0.0339371772560935
0,0.035067641016612
0,0.0358439400268164
0,0.0349538601341244
0,0.0356065332272907
0,0.025771772427494
0,0.033832553370035
0,0.0358185977329333
0,0.0348804195978596
0,0.0035217195602554
0,0.0017649232221901
0,0.0351733077238757
0,0.0350074279315816
0,0.0358027389815866
0,0.0350938754417553
0,0.0348730308426397
0,0.0356142544702224
0,0.0406320764876603
0,0.0069598993650406
0,0.0352417248152536
0,0.035258727912262
0,0.0358027181149866
0,0.0348063802275975
0,0.012362469970102
0,0.0018608163392058
0,0.0204352123342155
0,0.0350994177716583
0,0.0349179912901946
0,0.0347836712618139
0,0.0388474485758543
0,0.035722720385168
0,0.0349386108801011
0,0.0107796222381337
0,0.0347979264773806
0,0.0196221929418836
0,0.003238465624607
0,0.008091369615458
0,0.0094146415196968
0,0.6538963862733381
0,0.0358516408360249
0,0.0042786415597444
0,0.035748888229054
0,0.2585536263306561
0,0.0197289248405413
0,0.0330775394498653
0,0.034837961768729
0,0.0349302316250605
0,0.0049432568295086
0,0.0282040770343471
0,0.0115477363664798
0,0.0240208971491521
0,0.00275173505985
0,0.0015104586751675
0,0.035294823531601
0,0.0358179119683216
0,0.0358177903909794
0,0.0602231138944227
0,0.0358428550329157
0,0.0267738789429455
0,0.0356427626186508
0,0.0348086668954811
0,0.0358546627648359
0,0.035836658340694
0,0.0340403402865193
0,0.0351344062252303
0,0.053220275362538
0,0.0169920827338302
0,0.0348873441590472
0,0.0056867439277522
0,0.0347659437734534
0,0.0030475559353086
0,0.0348628049582482
0,0.0352610545957076
0,0.0349174234640254
0,0.035889735618611
0,0.034833423504336
0,0.0171394004543933
0,0.0350977699654356
0,0.0356287922104478
0,0.0348743204999639
0,0.0329314884898542
0,0.0348814925035888
0,0.0349824684459857
0,0.034811677423443
0,0.0039869684807795
0,0.0143024371905516
0,0.0354916594164922
0,0.0352711320218734
0,0.021650568155432
0,0.0352704748972701
0,0.0352741120058257
0,0.6897084273510224
0,0.0539996690343337
0,0.0357677685209583
0,0.0358470330167199
0,0.0309388297907237
0,0.0114905720752661
0,0.0052893527967306
0,0.0351480538989295
0,0.0354976374661648
0,0.0435446952900205
0,0.004871476190757
0,0.0358587885643175
0,0.0348052418392001
0,0.0356764502385834
0,0.0352834629383004
0,0.0351650466027082
0,0.0199590997393267
0,0.0625799374237821
0,0.0358341583294052
0,0.0358613858123412
0,0.0319290819197303
0,0.0358458501960843
0,0.0358769117816378
0,0.0350344916843793
0,0.0349384765522071
0,0.0356601856152745
0,0.0349413879257056
0,0.0355225090805621
0,0.0560378580182978
0,0.0350694714388007
0,0.0351730726526487
0,0.0347992007917708
0,0.035809083885763
0,0.0356086991940515
0,0.0358562828762654
0,0.0111329244813853
0,0.0357763088258204
0,0.0090435972481871
0,0.0357766731999857
0,0.0130967996479767
0,0.0354997547460023
0,0.0351417723182441
0,0.0081638269415931
0,0.1384201604358838
0,0.0356801051722973
0,0.0356144147935774
0,0.0179526752485555
0,0.0349141612222933
0,0.0350377263486473
0,0.0358530508418544
0,0.0039890418401909
0,0.0348383021100963
0,0.0318334411531765
0,0.0356521126613559
0,0.0228621465168784
0,0.035629490144227
0,0.006907810582198
0,0.0354069902078666
0,0.0352565245605571
0,0.0017448528522784
0,0.0121958450808503
0,0.0337705645636873
0,0.1212188584359326
0,0.0347853168474064
0,0.0195160067265734
0,0.0356503289032935
0,0.034859139865025
0,0.0347896225008115
0,0.0355172845982129
0,0.0356501531302404
0,0.0347979839807187
0,0.0349083747430562
0,0.0356376977941644
0,0.035477052603723
0,0.0071797999087356
0,0.0328131396142075
0,0.0351551204725848
0,0.0020989702015958
0,0.0351640945819492
0,0.0354919844424777
0,0.0351331965346115
0,0.0356781361835324
0,0.0031642963821998
0,0.0350042244251622
0,0.0344178242181092
0,0.0358516061139074
0,0.035030630395829
0,0.0295490751810368
0,0.0161240308930697
0,0.01143096278844
0,0.0348312226906356
0,0.035058638989988
0,0.0042451802411153
0,0.0162552299135361
0,0.0358462843677422
0,0.0348422735103926
0,0.0252174653908043
0,0.0349637198278462
0,0.0293328211458744
0,0.0353407132477391
0,0.0221349412371854
0,0.0347933832342545
0,0.0207231793092968
0,0.0349166475244246
0,0.0349141295910766
0,0.0356300525946053
0,0.0344128100285529
0,0.0356048594398609
0,0.0356629016224954
0,0.0351551204725848
0,0.0618424163710418
0,0.0358592516259783
0,0.0133457929474628
0,0.020187799011926
0,0.034895587814143
0,0.0339901799942799
0,0.0353620959172426
0,0.0267384775453019
0,0.0351310598274928
0,0.0349041118346372
0,0.0021863362223222
0,0.0358334500261659
0,0.0352848232713273
0,0.0034498814020123
0,0.0348599276185556
0,0.0565831891761623
0,0.0348504982880188
0,0.0080770902416785
0,0.035660272842628
0,0.035891806393971
0,0.0347826807441685
0,0.0358356552924902
0,0.0347994672260389
0,0.0349672433912746
0,0.014653558213446
0,0.0350941874964977
0,0.0352886038461071
0,0.0348276971716327
0,0.0352239977585219
0,0.0358065003310057
0,0.0350299808075528
0,0.0296890945601747
0,0.0353965304803988
0,0.0163437734748329
0,0.0356852463357771
0,0.0152568596088744
0,0.0353575837242419
0,0.0922061174813347
0,0.0108785568832324
0,0.0348302117946877
0,0.0351477521814708
0,0.0032558012090501
0,0.0060553168892572
0,0.0357006088145787
0,0.0339912002347899
0,0.0200794448702713
0,0.0357363543756425
0,0.028425918301646
0,0.0358639008904323
0,0.0351373101894001
0,0.0353554096773822
0,0.0357319602819854
0,0.0116548980038988
0,0.0089867731786644
0,0.0290338426842562
0,0.0163985512664633
0,0.0357422116877265
0,0.0357389765430482
0,0.0350675349032312
0,0.7446822179179612
0,0.0357703766019089
0,0.034798924656173
0,0.0357883324939093
0,0.0351539180895811
0,0.0356675062380106
0,0.0353405226252228
0,0.0352451875767712
0,0.0357348804768473
0,0.0312541793250151
0,0.0350300914340335
0,0.032848548788076
0,0.0347921513135553
0,0.035753117394456
0,0.0347815989829927
0,0.0011196768697814
0,0.035442933313175
0,0.0350801918361044
0,0.0357809890431417
0,0.0341019933695395
0,0.035719026859091
0,0.035008946320798
0,0.034992280966848
0,0.0188551316600805
0,0.0085196296843113
0,0.0348998460055497
0,0.0300271987936744
0,0.0161865475665914
0,0.0085428250192787
0,0.0354754427570231
0,0.0357806271848561
0,0.0348675288345603
0,0.0354839578737642
0,0.0330078126022771
0,0.0037107772220893
0,0.017340203050687
0,0.0148565337440188
0,0.0356108745264613
0,0.0348484469787142
0,0.0353841742042037
0,0.0132293953790927
0,0.0354649569942001
0,0.010497015398952
0,0.0154429082818057
0,0.0348096193020645
0,0.0349621676026147
0,0.0195958904821342
0,0.0356688207243103
0,0.0356208294698145
0,0.0354153392315892
0,0.0351050585117913
0,0.0352489414007684
0,0.0331329762264971
0,0.0350726091820058
0,0.0352698295071093
0,0.0356199189515742
0,0.035842696028355
0,0.035093377880712
0,0.0356674859035562
0,0.0350858368587132
0,0.016209890397806
0,0.1085282009159136
0,0.0159142754094196
0,0.0013441874300524
0,0.0066668227671385
0,0.0354530890317899
0,0.0259118803587424
0,0.0358136872621103
0,0.0111646519421819
0,0.0351326636485054
0,0.0136983444355023
0,0.022609752255424
0,0.0111786468106346
0,0.0348113407052652
0,0.0350534331122763
0,0.0351909488845217
0,0.0358335562875334
0,0.0355792213768394
0,0.0352346086525243
0,0.0176392914053394
0,0.026831860596759
0,0.0257212381034551
0,0.0347808781560226
0,0.0129427888949223
0,0.0350690958738567
0,0.0307476274613439
0,0.0127087937951645
0,0.0096229062134249
0,0.0358394872077226
0,0.0348752347647771
0,0.0348030516690186
0,0.0350767217000837
0,0.0348311465259101
0,0.0358107066850902
0,0.0220412696687524
0,0.0357296525398731
0,0.0352969220549217
0,0.028348552929443
0,0.0355570973123336
0,0.0354392532708083
0,0.0357562944815477
0,0.0074014725940688
0,0.0349137698039121
0,0.0307951728714288
0,0.2618839101615894
0,0.0352765732653403
0,0.0065797874522591
0,0.003744873684583
0,0.0094550068527747
0,0.0181718547298017
0,0.0356099694784715
0,0.0346127311544032
0,0.0348591729440629
0,0.0109083904172102
0,0.0032553014257241
0,0.0358357119083215
0,0.0349213300049394
0,0.0348503729086723
0,0.0349195594264118
0,0.0356083668548133
0,0.0355554513876715
0,0.0356089619453512
0,0.0350681419577155
0,0.0357110127327384
0,0.0198058303764293
0,0.034796572361028
0,0.0295961850015232
0,0.0102212558423554
0,0.0358113838547666
0,0.0355430330633042
0,0.0329579876295666
0,0.0348398412719628
0,0.0353838197877873
0,0.0348839325779315
0,0.0355484362084143
0,0.035568248585485
0,0.0165913581773362
0,0.0111453586239853
0,0.0336875234596324
0,0.0010597629919174
0,0.0356517150800296
0,0.0269997460358761
0,0.0349006689470157
0,0.0358558602584669
0,0.0348418857088326
0,0.0356201202694165
0,0.0358755842379908
0,0.0357913319849257
0,0.0336015132868966
0,0.035677342297419
0,0.0355395746815267
0,0.0258742773253972
0,0.0356759170831852
0,0.0356552941952063
0,0.0348012741257373
0,0.0349622909192288
0,0.0347802463217971
0,0.0357054755566115
0,0.5330921272424397
0,0.0205385625304923
0,0.0295491700231045
0,0.034995707785067
0,0.035442607994647
0,0.0347936005003183
0,0.0265069800493803
0,0.0358676010067729
0,0.0041577792827558
0,0.0357858821903858
0,0.0140536065185243
0,0.0348310315224837
0,0.0349381052961552
0,0.0354342221394654
0,0.0348391386529747
0,0.0347946886190404
0,0.1057489257773546
0,0.0347959078168567
0,0.0109443688435585
0,0.0357277750910757
0,0.0290023572838657
0,0.0352367897713715
0,0.0350841066393885
0,0.0351592245985574
0,0.0209653648121063
0,0.0205827589418826
0,0.0349820542602527
0,0.035818176384213
0,0.0354800174846613
0,0.0357174201729016
0,0.0072834922402285
0,0.0346475472540585
0,0.0347849612893874
0,0.0269433029727932
0,0.0348191138934324
0,0.0283336945875868
0,0.0358618299122743
0,0.0343127231253016
0,0.0015775857644709
0,0.0357229504379538
0,0.0355881223844588
0,0.0324827487478973
0,0.016306284690702
0,0.0122007384385811
0,0.0358379142080197
0,0.0354940800476652
0,0.0354017586508675
0,0.0209294311606748
0,0.0353776522751001
0,0.0349720554099707
0,0.0258446667782787
0,0.0116927773677797
0,0.0356852442765888
0,0.0348418757144434
0,0.0352420488987465
0,0.0055468351664064
0,0.0270090365376617
0,0.0032651663872439
0,0.0358036494898353
0,0.0223377664015869
0,0.035857200205234
0,0.0357212391726042
0,0.0350627497663948
0,0.035686417012357
0,0.0285272882515213
0,0.0136659401333887
0,0.0356563283813409
0,0.0356967486853738
0,0.0353676040927484
0,0.0351686663766293
0,0.0090425429863581
0,0.0091489965495021
0,0.0154637474296969
0,0.0347808243409156
0,0.0264837977385587
0,0.015986118496341
0,0.0355917957311291
0,0.0102405716882784
0,0.0357152062632638
0,0.0357763369972407
0,0.0129618154647104
0,0.0356070501985772
0,0.0355484059920825
0,0.0055153398641611
0,0.0041266453294874
0,0.0358744317592263
0,0.0354528402357922
0,0.0354649571950904
0,0.0348058642035739
0,0.0358337248162283
0,0.0357047901598693
0,0.035854883882466
0,0.0356625861870382
0,0.0354097451365253
0,0.0356537581902315
0,0.034772736766538
0,0.0347813677623909
0,0.0358486910695057
0,0.0357449413630877
0,0.0348671253110076
0,0.0357291162755967
0,0.0125975022946279
0,0.0348191662576972
0,0.0352763200190415
0,0.0349391469990971
0,0.0347213268940209
0,0.0023260236765607
0,0.01139011837399
0,0.0026976346668714
0,0.0350494968127957
0,0.0353779177032862
0,0.035816500703581
0,0.0171108667740026
0,0.0350633267414797
0,0.0354549728772907
0,0.0145602363170902
0,0.0146526264164556
0,0.0358591039456241
0,0.035849145097781
0,0.0354756547851624
0,0.034906006716952
0,0.0354850095671004
0,0.0265446761055384
0,0.0348464714149761
0,0.0348481737442099
0,0.0321686787243766
0,0.0422692052726802
0,0.0353771362776794
0,0.0348970783350559
0,0.0165916386020701
0,0.0356128258062826
0,0.0359168318432924
0,0.0226248675224102
0,0.0356133741422247
0,0.0097099112058537
0,0.028488172681401
0,0.0300414693879097
0,0.0349083876975653
0,0.035082606799146
0,0.0183885008728243
0,0.0348898288820532
0,0.0101556611112856
0,0.0175403042057147
0,0.0293921787482824
0,0.0199597903772969
0,0.0347941290786727
0,0.0038558142410639
0,0.0357424840541525
0,0.0095620075014333
0,0.0194476711455864
0,0.0354645208812826
0,0.002463819249487
0,0.0348329775947392
0,0.0356736110583088
0,0.0353586820091897
0,0.5373245684131622
0,0.0236580263790996
0,0.0350073203195993
0,0.0356118010294765
0,0.0352063470207986
0,0.001022132921614
0,0.0051337658321064
0,0.034956371246005
0,0.0146110077249242
0,0.004249571737175
0,0.0355129305628046
0,0.0352821767406413
0,0.0088409926072965
0,0.0163501641118194
0,0.0026438991274466
0,0.0349046538407474
0,0.0350957164357105
0,0.0355110261708098
0,0.0031953319793284
0,0.0134655464503128
0,0.0355931643899836
0,0.035051306539831
0,0.0351467777271143
0,0.0350010589271976
0,0.0358587336639534
0,0.0252897073037364
0,0.034797850854982
0,0.018356523264369
0,0.0163533010753579
0,0.0356153224249992
0,0.0350023279496235
0,0.0352123631417921
0,0.0293502042736211
0,0.0224820975878285
0,0.0357738466602971
0,0.0320092285922323
0,0.0159714658436844
0,0.0201748205656864
0,0.0357956615098497
0,0.0350105525442984
0,0.0348897015966697
0,0.0102588344586224
0,0.0349549946678421
0,0.0343144532353219
0,0.0348154614497762
0,0.0358084979288665
0,0.0358149802622878
0,0.03485449923249
0,0.0261380429048991
0,0.0358459353259955
0,0.0121406863914653
0,0.0358685038669562
0,0.0355334624994656
0,0.0350153207430851
0,0.0063803725911324
0,0.0352946405593356
0,0.0357411712172465
0,0.008999309384533
0,0.0357313314223277
0,0.0358204677665763
0,0.0357641966482435
0,0.0404412848417908
0,0.035306911294818
0,0.0351291188213502
0,0.0978118711600779
0,0.0192697539881709
0,0.0328335858467719
0,0.0347818640479228
0,0.0108434407338361
0,0.0350363032632372
0,0.0343742481623063
0,0.0170528917523195
0,0.0347698756727421
0,0.0145836672862293
0,0.0191310601948218
0,0.0358329488548213
0,0.0105175982560913
0,0.0356263142745095
0,0.0348921068155385
0,0.007472822519609
0,0.0358172174188346
0,0.0317651088270319
0,0.0117929079291613
0,0.0050223472916265
0,0.020860124880255
0,0.248372994622002
0,0.0357320598500653
0,0.0355476933742938
0,0.0309447666583381
0,0.0358603232158619
0,0.0357190277095652
0,0.0340372730160492
0,0.0122847403300214
0,0.034883930665015
0,0.0348425526802334
0,0.0353811858176886
0,0.0353167403028015
0,0.0353238798939699
0,0.035530900207503
0,0.035208751057386
0,0.0348762964192234
0,0.0348287073957136
0,0.0261845785883415
0,0.0350825838955016
0,0.0348558520493262
0,0.0355406575366146
0,0.0347882332934999
0,0.0341561568154852
0,0.0349304840373913
0,0.0352821299911432
0,0.0358708841152141
0,0.0352093684930035
0,0.0349115161327912
0,0.0357992243497838
0,0.0358206808589792
0,0.0221212622490919
0,0.0349549946678421
0,0.0357922518769263
0,0.0356174350552354
0,0.0348826925650653
0,0.0214323535933099
0,0.0118109202277111
0,0.0537553213435378
0,0.0112003078800218
0,0.0358436402849374
0,0.0349010290250266
0,0.0347628133926686
0,0.0358146702158312
0,0.0076501977318852
0,0.0352309860832698
0,0.0307482309531126
0,0.0348113111150879
0,0.0348819398409033
0,0.0348221700611377
0,0.0347814489259779
0,0.0354731292148506
0,0.0328097164414375
0,0.0357001442272602
0,0.0356691366845679
0,0.0138577032489766
0,0.0358896144773142
0,0.0348254614805795
0,0.0336087222367142
0,0.0050634385576447
0,0.0358297510147294
0,0.0357344993574602
0,0.0034464518880252
0,0.0348646174823933
0,0.0169656561762533
0,0.0347968381860259
0,0.0350185546922078
0,0.035069368327685
0,0.0348499705650808
0,0.0349377761924461
0,0.0358102397190325
0,0.0163621071038419
0,0.0349959464734495
0,0.0022230159081794
0,0.0358742296748694
0,0.0348090836704919
0,0.0349443985147986
0,0.0348418757144434
0,0.0358408225427162
0,0.0348172096592688
0,0.0313942463286486
0,0.0206301317762421
0,0.0358526071040171
0,0.0150674377332375
0,0.0348789256058092
0,0.0358688067909992
0,0.0274628174440906
0,0.0087809572453514
0,0.0336548731757587
0,0.0352757895173159
0,0.0355063019331693
0,0.0205274128523952
0,0.0351818837980471
0,0.0347813266599115
0,0.0121388188253602
0,0.0060540413190543
0,0.0297585226641178
0,0.0357227359997164
0,0.0019988197822651
0,0.0152739709036501
0,0.0358048198363044
0,0.0354487538578708
0,0.0357104936129896
0,0.0059932105186793
0,0.034876732511196
0,0.0101882650738059
0,0.0357522650345425
0,0.0350484669961031
0,0.0353861887601803
0,0.0357688929217618
0,0.0347952831465377
0,0.035846759948461
0,0.0244659400805181
0,0.0228327037624378
0,0.0358457717940854
0,0.0358564165331591
0,0.0349949198685456
0,0.0349672298493077
0,0.0356759170831852
0,0.0348266937245112
0,0.0251136487612809
0,0.0317319967095039
0,0.035738915736357
0,0.0353909652774081
0,0.0176796597256649
0,0.0248238537667726
0,0.0358206632982565
0,0.0354270119933503
0,0.0181612185520762
0,0.03528188139309
0,0.0356857871982577
0,0.0097440376043609
0,0.0352576607530332
0,0.0030117011549146
0,0.0353111395893478
0,0.0356283626226275
0,0.0280450540089773
0,0.0178900216950955
0,0.0332152249747415
0,0.016047939392628
0,0.0354825682895383
0,0.0343635772876162
0,0.0351706631628781
0,0.0159570614851795
0,0.0352065249709597
0,0.0347993655914766
0,0.0149834012271452
0,0.0348352305983967
0,0.0196451669000235
0,0.035730363090256
0,0.0267250396748414
0,0.0356770820432673
0,0.0130160636270617
0,0.0259158864122055
0,0.0347806645087572
0,0.0103102651841627
0,0.0313997608861309
0,0.0355799981170034
0,0.0077543054921139
0,0.0091592958076356
0,0.013135878012461
0,0.0358550505623802
0,0.0351452811949967
0,0.0353897670896304
0,0.0187599574179123
0,0.0358413310605963
0,0.0090055021165873
0,0.0019965917683773
0,0.0353383317359717
0,0.1272189437470695
0,0.035562883005352
0,0.0356602804972053
0,0.0357003556210614
0,0.0351777705373009
0,0.034988764844213
0,0.0062101322626976
0,0.0351877111271021
0,0.0011238916385182
0,0.0348586926536792
0,0.0013473679494943
0,0.0358475385432994
0,0.0089665483100641
0,0.0042557682285528
0,0.0347852451500176
0,0.019408557928929
0,0.0357130793344392
0,0.0549215816386894
0,0.035198080941723
0,0.0358169366836388
0,0.0358371571037491
0,0.0350426515150763
0,0.0355054775107354
0,0.0354868854061158
0,0.0348725719158913
0,0.0358496589129881
0,0.0348350224673086
0,0.0334220231459086
0,0.0238649602951985
0,0.0291071340400697
0,0.0215382963263163
0,0.0356677081055525
0,0.0352610545957076
0,0.0357620361386677
0,0.0566484464316719
0,0.0293134025533388
0,0.0349928359484415
0,0.0349818111633675
0,0.0844620575908057
0,0.0351735581345434
0,0.0358246400204295
0,0.0234857287841449
0,0.029189142448177
0,0.0139278648799951
0,0.0351763811047915
0,0.034929309545265
0,0.0349169938161015
0,0.0172366753488846
0,0.027835624153797
0,0.02262265017191
0,0.0347959564983918
0,0.03544733888611
0,0.0357500304598152
0,0.0312703692043421
0,0.0354779955060646
0,0.0021126879338219
0,0.0357073926313634
0,0.0358227096758017
0,0.0357929048401427
0,0.0352231574196725
0,0.0092771374779804
0,0.0358504439095386
0,0.0015407857860552
0,0.0358010221604219
0,0.0352508680262133
0,0.0262490241213149
0,0.0100076039128447
0,0.0349831301586033
0,0.0358325508716746
0,0.0350971673544028
0,0.0081035824665588
0,0.1070985801346898
0,0.0285656036052082
0,0.0348213029568922
0,0.0016962643887004
0,0.0358131782557208
0,0.0348983591111487
0,0.0356842485045598
0,0.0354740468571244
0,0.0357951139794164
0,0.0357027661108493
0,0.0348121964351056
0,0.035452925753641
0,0.0349226569352036
0,0.0350577167075529
0,0.0072236380230097
0,0.0357101116559142
0,0.0353632350998499
0,0.0357478966977015
0,0.0064448003162113
0,0.0348676838207099
0,0.0358521640015707
0,0.0168324223168217
0,0.0349662243720651
0,0.0099640191579857
0,0.0357027634065936
0,0.035857566995569
0,0.0082010663991583
0,0.0323310768223413
0,0.0350677700477183
0,0.0352434014127083
0,0.0217915578995524
0,0.0357756097830812
0,0.0080070928310443
0,0.035066003348208
0,0.0055960440728481
0,0.0356168016597216
0,0.0310016904442523
0,0.0348705847444391
0,0.0354210645765528
0,0.020139160495485
0,0.0358641957851411
0,0.0172040705889209
0,0.0025147554816536
0,0.035704823762051
0,0.0348906834785218
0,0.035115796442935
0,0.0353658960007051
0,0.0354862516220345
0,0.0027514046135428
0,0.0327280147129186
0,0.0104988064824129
0,0.0054733247780451
0,0.0358028088782286
0,0.035048982661133
0,0.0348545850887345
0,0.0185500109058141
0,0.0358735020453264
0,0.0314440070846711
0,0.0123305851728999
0,0.0356259186696904
0,0.0347495915422682
0,0.0357997883234394
0,0.0358316234043198
0,0.0333090592508379
0,0.0036449347591753
0,0.0356508668093057
0,0.0034742955230487
0,0.0350172911955313
0,0.0352464631097172
0,0.0358484975021716
0,0.0358713756790587
0,0.0134097519232498
0,0.0358543284173052
0,0.0356271393812388
0,0.034849666254293
0,0.0352632318834519
0,0.0126271261574457
0,0.035492215197025
0,0.0353282432225546
0,0.0020893699321002
0,0.0004677820365573
0,0.0351847320277776
0,0.034939629538653
0,0.0348798910149504
0,0.0358638703522623
0,0.019773844683363
0,0.0168078515473135
0,0.0352527585914124
0,0.0358096455908921
0,0.0349485023867356
0,0.0350806925864879
0,0.0354403132348452
0,0.0180834150793416
0,0.0347831276443443
0,0.011947212482169
0,0.035641492587846
0,0.0354589873932873
0,0.0347711039543692
0,0.0351912188385881
0,0.0297447185276282
0,0.0347993624581097
0,0.0358520286888352
0,0.0357224502794934
0,0.0348174211856677
0,0.0348128255787551
0,0.0349609970622163
0,0.0350800851960745
0,0.0006665191881769
0,0.0348556955996865
0,0.0282969964542594
0,0.0349543303039152
0,0.0358640045434595
0,0.0352572219766587
0,0.0347935222764219
0,0.0296941075441876
0,0.0190337245643121
0,0.0358320943945908
0,0.0349970864588263
0,0.0325940311665369
0,0.0348892368898266
0,0.0356110992733401
0,0.035636300606687
0,0.0321015989518244
0,0.0347849089248418
0,0.0358733273201661
0,0.0347890102070268
0,0.034770803252225
0,0.0142545822858977
0,0.0270900482299768
0,0.0100046526787466
0,0.0358221300678273
0,0.034788121418981
0,0.034901965422036
0,0.03462914412665
0,0.0356456312609939
0,0.0220314553109841
0,0.0357090774342113
0,0.0047635884440871
0,0.034784876215117
0,0.0083636429935886
0,0.0123735974676244
0,0.0200712281350696
0,0.0354014026285813
0,0.0258002699313607
0,0.0352873205140193
0,0.0358195258295061
0,0.0358378701596915
0,0.0352243596728352
0,0.0041532063299972
0,0.0358572459521583
0,0.0358564950901111
0,0.0351682904876024
0,0.0347462180044265
0,0.0223956085901534
0,0.0354249602048704
0,0.0354418789750807
0,0.0353466515984164
0,0.0106746480760914
0,0.0354586643504612
0,0.0039208678851388
0,0.0115922258628656
0,0.0349318574409829
0,0.0295923459022102
0,0.0352037383353758
0,0.0450452263558817
0,0.0348020297659838
0,0.0358004944059834
0,0.0038716439144439
0,0.0358396177683827
0,0.0149888429026583
0,0.0322655390575178
0,0.0356099877611752
0,0.0207721671272493
0,0.0351291891524145
0,0.0319089144873722
0,0.0355201648036573
0,0.0350231446644465
0,0.0035120999984611
0,0.03503073983088
0,0.0358000196018569
0,0.0348650528910842
0,0.0243434258165256
0,0.0084677668526051
0,0.0183670937622001
0,0.0352377926819294
0,0.0203082244645956
0,0.0356435787510238
0,0.0357940349164985
0,0.0347585510226414
0,0.0249824752892
0,0.0358364692148617
0,0.0187696170224595
0,0.035429870734427
0,0.0253850005545245
0,0.0356379939729647
0,0.0349691598350795
0,0.0357225913242362
0,0.0357548760392718
0,0.0331498605877409
0,0.0044045271287487
0,0.015798138525889
0,0.0356185401244515
0,0.0126231076132958
0,0.0128937291966328
0,0.0349670749080784
0,0.0358714657987445
0,0.0353804979208712
0,0.0350246143428351
0,0.0238620009621711
0,0.0355736477363083
0,0.0355327923376924
0,0.0310592549034253
0,0.034847300398531
0,0.0356678572995181
0,0.0356433215629066
0,0.0355537710525547
0,0.0347799896763344
0,0.0349481710674287
0,0.0347839889821634
0,0.0032547051414997
0,0.0354310629959827
0,0.0306242107041396
0,0.0347903607250673
0,0.035841924263698
0,0.0350943032482907
0,0.0358209348553505
0,0.0351353104398995
0,0.0349591172663556
0,0.0351568454924844
0,0.0354491132933857
0,0.0305387342999103
0,0.0352639123160252
0,0.034835410380799
0,0.0046572970665377
0,0.0262319985695963
0,0.0349251165301704
0,0.0352655815964172
0,0.0314502502825093
0,0.0182787728689535
0,0.0028904317142286
0,0.0356372309903702
0,0.0262834382041624
0,0.0356478995842624
0,0.0284122630054747
0,0.0259519066783511
0,0.0351308653535546
0,0.0348233546702567
0,0.0358095330529187
0,0.0350685780925464
0,0.0048543538839795
0,0.0358249675115525
0,0.0358340480519726
0,0.0219487033241556
0,0.034814045440558
0,0.0347782812559349
0,0.0200495203088409
0,0.0036826605658617
0,0.0752290711583636
0,0.0054891411608885
0,0.0018292029554231
0,0.0348816840834791
0,0.0123896876626427
0,0.0350282298303298
0,0.0253391459050323
0,0.0357930130787128
0,0.0358685739866465
0,0.0105073007053277
0,0.0299622382890896
0,0.0358368452344512
0,0.0260001883363178
0,0.1215691400484034
0,0.0006027946652211
0,0.0356715008217712
0,0.0347821143255423
0,0.0020684575927925
0,0.0349284898316215
0,0.027252218394769
0,0.0354456406328072
0,0.0325794921060007
0,0.0358646999977013
0,0.0241949755909675
0,0.0349491559368728
0,0.0353034944254439
0,0.0358132810953425
0,0.0347804780672574
0,0.0350749661710848
0,0.0348024014895235
0,0.0017295226634963
0,0.0349238689780101
0,0.0304327493038321
0,0.0351097771212207
0,0.0065133547458837
0,0.0106211747959533
0,0.0358809416540436
0,0.0350115809377111
0,0.0282056063770973
0,0.0351979395876421
0,0.0357147129773481
0,0.0350217575432502
0,0.0352267112804311
0,0.0358225051883235
0,0.0354271587907614
0,0.0356113280235937
0,0.0351448559406503
0,0.0113201276169905
0,0.0355021635199077
0,0.0355777415679247
0,0.0128658917365537
0,0.0170183372924874
0,0.0129728524648144
0,0.0236089682364984
0,0.0352282850531086
0,0.0358157253359511
0,0.0351355922931738
0,0.0349169938161015
0,0.3389484332184539
0,0.0350995819796313
0,0.0356125018636885
0,0.0227421299133269
0,0.0354901553866859
0,0.0347828669548498
0,0.0352829857963564
0,0.0353195187440022
0,0.0357311908518598
0,0.0311364594813333
0,0.0351295610025502
0,0.0357707425879393
0,0.0349066003506831
0,0.0348122154343742
0,0.0356678611292485
0,0.0347861372177555
0,0.046262402747776
0,0.035783388298281
0,0.0349894348827131
0,0.0350782123528016
0,0.0350261814828333
0,0.0130518898715742
0,0.0015334922024055
0,0.0351422979502991
0,0.0356016827272017
0,0.0354861407475316
0,0.0357006059452342
0,0.0250263734911391
0,0.0358555496503216
0,0.0335648266036734
0,0.0053987632913434
0,0.0358576983467749
0,0.0028898987867084
0,0.0166040527422221
0,0.0347911461132703
0,0.0353466271026056
0,0.0358311269119079
0,0.0358667075884729
0,0.0354832193786818
0,0.0349480409654767
0,0.0344908791997272
0,0.0254219013412591
0,0.0337802381459209
0,0.0345642289588933
0,0.0350794501229656
0,0.0349584352592819
0,0.0355106813050753
0,0.0348041636883686
0,0.0353807447191692
0,0.005767837885859
0,0.0349267497871245
0,0.0347986421501974
0,0.0348095256381557
0,0.035814044549626
0,0.0236562689044672
0,0.035577025918564
0,0.0357535054017219
0,0.0358730607079462
0,0.0351283450666087
0,0.0348353692259315
0,0.0353770278018896
0,0.0269201274049876
0,0.035081527499303
0,0.0351236675326193
0,0.0349885123894065
0,0.035801912880069
0,0.0349597484677053
0,0.0318004381844324
0,0.0061370820763415
0,0.0123763119518603
0,0.0353273608280995
0,0.0354893105267165
0,0.0349650816860845
0,0.005010716127595
0,0.0357332328538881
0,0.0357253072779162
0,0.0357137067142128
0,0.0350015644443156
0,0.0349892348141692
0,0.0357209570767587
0,0.0347798946678589
0,0.0350725701790471
0,0.0352272282602368
0,0.035845174925114
0,0.034864532104849
0,0.0347830772537229
0,0.0039380387425486
0,0.0350810992376678
0,0.034891253118558
0,0.027074544967197
0,0.0049492714487005
0,0.0351594319616037
0,0.0356266060900304
0,0.0357151092073321
0,0.0353909699199549
0,0.0352441938442811
0,0.0356229665630539
0,0.0358644619914869
0,0.0201994449940835
0,0.0357217652881265
0,0.0349274225033428
0,0.0811827417075369
0,0.0354379094626914
0,0.0156709310676837
0,0.0206289382537903
0,0.0358580838067122
0,0.034877282108423
0,0.0078464880155976
0,0.0357424824113963
0,0.0323949841455033
0,0.0356084459081912
0,0.0357852652293306
0,0.0355760851940683
0,0.0349422112068288
0,0.2779371003123715
0,0.0166878765846533
0,0.0201240935945764
0,0.0315631382724969
0,0.0205492719158476
0,0.0356628387841921
0,0.0293055396118378
0,0.0009512252921115
0,0.0283440473485208
0,0.0355792251437051
0,0.0358076065189507
0,0.1243217358980456
0,0.0155597381778878
0,0.0087001573158825
0,0.034836560600213
0,0.0358197823633415
0,0.0273734801990353
0,0.0603460079930872
0,0.8945953798028912
0,0.0156927718219888
0,0.0348465956619647
0,0.0356856080906579
0,0.0019360573211106
0,0.0355889820502911
0,0.0354108297493146
0,0.0349534339481405
0,0.034780776471497
0,0.0347498916731151
0,0.0358043668737685
0,0.0348220104769717
0,0.0021888859304218
0,0.0348020255349393
0,0.020716271548474
0,0.0036637371213088
0,0.0356806916373431
0,0.0348097218938595
0,0.0357687540226677
0,0.0047250959195215
0,0.0135922020125241
0,0.0348873488732125
0,0.029141912396974
0,0.0309113201834529
0,0.0348911108666981
0,0.0348841294206733
0,0.0349607952820504
0,0.03559415404951
0,0.0352241135974817
0,0.0356743231995951
0,0.0185166095030998
0,0.0192874356121797
0,0.0356355438189673
0,0.0348783063802878
0,0.0115038858969779
0,0.0171889690514549
0,0.0018258120234984
0,0.0290566792694627
0,0.0234115248136069
0,0.0349890269855554
0,0.0356856509300069
0,0.0200835104949696
0,0.0254643556883869
0,0.0125387661484738
0,0.0349588757971725
0,0.035168836826292
0,0.0341576172475649
0,0.0357948217339546
0,0.0168535820438899
0,0.0348266980511496
0,0.0350309522153589
0,0.0357553131115337
0,0.0356809980082485
0,0.0349930556293558
0,0.0348217869298882
0,0.0202322002638503
0,0.0357373768731179
0,0.0352496346789297
0,0.034985133096916
0,0.0337644522046686
0,0.035190791821343
0,0.023208265203781
0,0.0349294570657721
0,0.0356074575555316
0,0.0352009751945827
0,0.0233059943812694
0,0.0354705183354751
0,0.0350678920489869
0,0.0352774770161927
0,0.0358309933690776
0,0.0348042058520019
0,0.0349692125541195
0,0.0347849466798798
0,0.0315875407511781
0,0.0355913555796208
0,0.0358352810026616
0,0.0355636617835305
0,0.0044669861076214
0,0.03548944243314
0,0.0119770347956062
0,0.0355084587802127
0,0.0348123052751697
0,0.0357683147426216
0,0.0358612649038384
0,0.0344119807271795
0,0.0339842522846585
0,0.035854956867113
0,0.0348263441026545
0,0.0349560679473528
0,0.0358402973855831
0,0.0358368849109709
0,0.0356234408550798
0,0.0354675854640747
0,0.0350644479812286
0,0.03567560813758
0,0.0188023556352543
0,0.0344242903122812
0,0.0347645685413045
0,0.0347907682819606
0,0.0348848194876236
0,0.0355059001815323
0,0.0357872084212949
0,0.0358583794587824
0,0.0046402960520026
0,0.0289122449274021
0,0.0063689925156355
0,0.0349461140067273
0,0.0350246997584995
0,0.0349375023606411
0,0.035089474058803
0,0.0355850617243607
0,0.035839497415624
0,0.0158867028801064
0,0.005807067286471
0,0.03518306902535
0,0.0350024171385937
0,0.0350526017305408
0,0.0356131273594019
0,0.0357724895695587
0,0.0358574285246779
0,0.0348326456724215
0,0.0357445975462629
0,0.0349013678326483
0,0.0356392374609589
0,0.0350856777400829
0,0.0357152894459435
0,0.0106810457328356
0,0.0098618706226022
0,0.0351497287838004
0,0.0347863558189153
0,0.034770956983214
0,0.0354352941923837
0,0.0355436504075186
0,0.0257634114302167
0,0.0358093018638808
0,0.0356582488099747
0,0.0317444499465874
0,0.0348911404678897
0,0.0358689544294436
0,0.0358641931771007
0,0.035348440641879
0,0.0352522873789638
0,0.0350424819914435
0,0.0344160980252272
0,0.0351483259830004
0,0.0350103728573108
0,0.0356369055602747
0,0.0347978486609223
0,0.0347617779856825
0,0.0160664757766591
0,0.0347884254869958
0,0.0353250018807033
0,0.0180468306677396
0,0.0169150342082368
0,0.0115703542094108
0,0.0356723332805539
0,0.0351450021596724
0,0.034864998262412
0,0.0315367020040954
0,0.0348306327634631
0,0.0349659724987008
0,0.0173584515232744
0,0.0350694714388007
0,0.0028262628648141
0,0.0358309737821083
0,0.0056674949489272
0,0.0115170307276853
0,0.0357877852876429
0,0.0144974928665139
0,0.0356070598776679
0,0.0347800916494969
0,0.0353324547494124
0,0.0036313218415576
0,0.0358538181365608
0,0.0143511652816684
0,0.0163186896132962
0,0.0358582242995662
0,0.0111815409027833
0,0.0358517657422225
0,0.035599500599283
0,0.0192050227953198
0,0.0357879282240264
0,0.0315350096055999
0,0.02480122965331
0,0.0354287989212069
0,0.0352884798924826
0,0.0009269956665441
0,0.1901734918926977
0,0.52964672093408
0,0.0339801441695665
0,0.0018764426614377
0,0.0356109779695888
0,0.0062622007516985
0,0.0356256797403813
0,0.0003465907643408
0,0.0312693706349581
0,0.012005333212635
0,0.0373867361342011
0,0.0296012538346852
0,0.0350785998670957
0,0.0160502485317514
0,0.0357560593062934
0,0.0160551390956349
0,0.035523177086511
0,0.0354374314196538
0,0.0354006942671055
0,0.0024443825774273
0,0.0259876098304516
0,0.018784507619671
0,0.0297099129520579
0,0.004861107572015
0,0.0348959040804909
0,0.0353736585498628
0,0.0348783063802878
0,0.0353390413288991
0,0.0357261497229046
0,0.0178322471906904
0,0.0190862798415952
0,0.0354387328610189
0,0.0358306322115058
0,0.0123736539208827
0,0.0351689045791364
0,0.0306312639987943
0,0.03489648610474
0,0.0358116560894193
0,0.0356764863464612
0,0.1663138270933814
0,0.0347822610580009
0,0.0059717776645571
0,0.0352231777010725
0,0.0347818515302738
0,0.0145398186459207
0,0.0356259591846389
0,0.0356542158417233
0,0.0358149829341899
0,0.0348536215710694
0,0.0347972496622712
0,0.0358417257936198
0,0.0068257625820273
0,0.0352507197818015
0,0.0356147516470287
0,0.0104579434918047
0,0.0357111006541146
0,0.0354970849461461
0,0.0347000263681214
0,0.0110287691360007
0,0.0141913855999063
0,0.0349899619236653
0,0.0087484051623806
0,0.0358165312347468
0,0.034824650131448
0,0.0356871980532633
0,0.0351044804487092
0,0.0181008733095644
0,0.0358522490399158
0,0.035085101605108
0,0.0358536465169875
0,0.0356475200108719
0,0.0081342881227813
0,0.0347974587520273
0,0.0358677149052114
0,0.0037628592650997
0,0.0268331364122265
0,0.0358360148448847
0,0.0355509928167229
0,0.0440799400730412
0,0.0348758884509875
0,0.0356454640294589
0,0.0357737487854408
0,0.021247952310618
0,0.0011404108413107
0,0.0348247154151357
0,0.0357824978540505
0,0.0460417466180007
0,0.0277687043526824
0,0.0352800739856243
0,0.0358521870439403
0,0.0052519046222893
0,0.0356337096641711
0,0.1008076819948394
0,0.0348168799550421
0,0.0313966537723884
0,0.0358237588332619
0,0.0348935692726768
0,0.0351475369541145
0,0.0349779059246004
0,0.0358350915748335
0,0.0356130152355406
0,0.023571896862332
0,0.0356122104685907
0,0.0478742668689074
0,0.0352044256356097
0,0.0357412793271626
0,0.0356012333543621
0,0.0354749594360099
0,0.0357417693906446
0,0.0294351564404858
0,0.0357345555751682
0,0.0358147358669118
0,0.0258681313664985
0,0.0358631752983454
0,0.0352181123589431
0,0.0356481006809514
0,0.0354683859139235
0,0.0358144881609264
0,0.0162098795381345
0,0.0358397703798316
0,0.0144095559917368
0,0.0286090765560117
0,0.0010895905810863
0,0.0354683220219575
0,0.0010170678048521
0,0.0348191313358003
0,0.0347824009450285
0,0.0352818938685917
0,0.005346652638356
0,0.0326154685483003
0,0.0350971673544028
0,0.0348544040900562
0,0.0348429978973819
0,0.0356947771345239
0,0.0350005481719099
0,0.034795926794457
0,0.0356125562506489
0,0.0351527895029169
0,0.0169268422765804
0,0.0355141748264184
0,0.0352445159898262
0,0.0357065792552832
0,0.0209173687576183
0,0.0354305082854263
0,0.0353787005462942
0,0.0348189804926146
0,0.0356063745455434
0,0.0336584312964657
0,0.0185323700143979
0,0.0348527019329495
0,0.0354040643832331
0,0.0106392910549726
0,0.0261138300824732
0,0.0349634559847922
0,0.0188520253403776
0,0.0358327423085993
0,0.0358365321949336
0,0.0056970633069046
0,0.0356178235661675
0,0.0927815921449803
0,0.0358127486924091
0,0.0352531891212672
0,0.0348356659722262
0,0.0169784720292368
0,0.0050235247359197
0,0.0358625622853773
0,0.0353628216223283
0,0.003811348437423
0,0.0157701505515486
0,0.0356186199881453
0,0.0350240988527553
0,0.0356164468353839
0,0.0349395028002812
0,0.0120876693173678
0,0.0348184929693855
0,0.0095923923109782
0,0.0353114474939711
0,0.0350703025574835
0,0.0353998406659504
0,0.0171120989382369
0,0.0144772032808609
0,0.0266426034101141
0,0.0335667984806344
0,0.0358575927101346
0,0.0348734852961384
0,0.0449721277991732
0,0.0054571927379691
0,0.0350340001760145
0,0.0320420653811713
0,0.0225159344829513
0,0.0358494837703458
0,0.0292285842596782
0,0.0357309265241864
0,0.0348128154467696
0,0.0349027155599492
0,0.0028867558275092
0,0.0285085041710435
0,0.0353975464512873
0,0.0351357351648767
0,0.0354664508814138
0,0.0356529385105165
0,0.0189582557339892
0,0.0344715846050892
0,0.0355744357318105
0,0.0349672313086137
0,0.0351420931073245
0,0.0057400462745577
0,0.0257801715908522
0,0.0350495007507771
0,0.0172123737497384
0,0.0351905840031353
0,0.0353346250520976
0,0.0164129804135637
0,0.0348405409351449
0,0.0026681156223309
0,0.0353169147265396
0,0.0354806756845813
0,0.0163197801759314
0,0.0349413477960715
0,0.0349201646391107
0,0.0350704210024767
0,0.0358578893015079
0,0.0354488198021023
0,0.0357769632525694
0,0.0302173033087782
0,0.0062620155498853
0,0.0357852652293306
0,0.0766311894960417
0,0.0350332214882398
0,0.0352473375966867
0,0.0349500691540613
0,0.0018351847698079
0,0.0328237430007218
0,0.0357697338239581
0,0.035838896336101
0,0.0356944065723364
0,0.0356531523701795
0,0.0355828379168552
0,0.0083641322151944
0,0.0358113911687741
0,0.0358340732539016
0,0.0350107566211414
0,0.0092501254380457
0,0.0354135361705081
0,0.035473952083921
0,0.0351673175124243
0,0.0294131019159179
0,0.0347977593809465
0,0.0110065947527263
0,0.0049449590870612
0,0.0355463759925359
0,0.0127109338779104
0,0.0356278838597422
0,0.0354201693884137
0,0.0281487977811218
0,0.0356141483381661
0,0.0347814920814095
0,0.0358671371717503
0,0.0161312764035415
0,0.0050389213259948
0,0.0267816792682142
0,0.0349548964417256
0,0.0358677006484548
0,0.0350631813292056
0,0.0309441909838907
0,0.030937033327663
0,0.035609020082646
0,0.005491893018834
0,0.0353049255102381
0,0.0268820132783978
0,0.0350895006563603
0,0.0087149030861041
0,0.0026405449485638
0,0.0067053027928313
0,0.0191005216471235
0,0.0345851840775382
0,0.0356870644783173
0,0.0139864266531132
0,0.0321287170752661
0,0.0353616123754011
0,0.0347815609179172
0,0.0356056131992786
0,0.0130523581510213
0,0.0358336701998697
0,0.0343018294743386
0,0.0357756746858936
0,0.033172558741511
0,0.0357929847114132
0,0.0357056097410453
0,0.0350644479812286
0,0.0040161693627995
0,0.0220094139903061
0,0.015783917910357
0,0.0324735548146703
0,0.0358581031296761
0,0.0250229413427649
0,0.034935653679991
0,0.2267266143423233
0,0.0208424414371369
0,0.0355774151694576
0,0.0348333906688433
0,0.0091731642278599
0,0.0343683589633136
0,0.0349488567320458
0,0.0354378785936933
0,0.0347621104480798
0,0.0348104554046934
0,0.0260110028265746
0,0.035431554340527
0,0.00319324715925
0,0.0043270313754637
0,0.0350543167845257
0,0.0358379280572593
0,0.0348798895129001
0,0.0020103307562887
0,0.0354486674396316
0,0.0348373128180726
0,0.0982662183086678
0,0.0358338871331127
0,0.0349165350956909
0,0.0353908096442596
0,0.0355896711197455
0,0.0348079667109638
0,0.0316913623904061
0,0.0356895325047288
0,0.0195597723324782
0,0.0348256361764548
0,0.0299660015848663
0,0.1759521051253508
0,0.0356138020145965
0,0.0356120904987898
0,0.0352212341615328
0,0.0357354309853675
0,0.0352048177915745
0,0.0352615260838991
0,0.0356354460380138
0,0.0354635893536533
0,0.0357321166506776
0,0.0319208497208379
0,0.0348681038741918
0,0.0348912727386036
0,0.0355031443683336
0,0.0353674130923223
0,0.0107042588483914
0,0.0155078558121078
0,0.0358486465006123
0,0.0103920329595375
0,0.0349421788187089
0,0.0343794457641808
0,0.0018447047455488
0,0.0209039266674537
0,0.0349274628092881
0,0.0102717648435901
0,0.002659060109463
0,0.0352297539392601
0,0.03516784847991
0,0.0126278144520839
0,0.0022340252787882
0,0.0330385942387785
0,0.035832392906057
0,0.0349967632208588
0,0.0356128268351303
0,0.0348479681489251
0,0.0340522933200456
0,0.0235806189973524
0,0.0352087281543964
0,0.0352884798924826
0,0.0349952942150507
0,0.034863334873287
0,0.0029231085741438
0,0.0348806124931318
0,0.0358574953790707
0,0.0353368078006152
0,0.0358456856156234
0,0.0353546858009723
0,0.0358360532446691
0,0.0356669490381755
0,0.0195547358956454
0,0.0012841191571557
0,0.0319170829832111
0,0.0357993329898987
0,0.0354531389266725
0,0.0513604266428999
0,0.0349167114163648
0,0.0348102602582241
0,0.0241311313554728
0,0.0350069104153363
0,0.0181481107189857
0,0.0276801277281881
0,0.0015879087005904
0,0.0356620331226461
0,0.03339352509275
0,0.0063255156891027
0,0.0358403482329367
0,0.0342055164943817
0,0.0260612039190683
0,0.0344332782633938
0,0.0347918672254538
0,0.0347943382570707
0,0.0354606900025474
0,0.0356090020500476
0,0.0348485651876833
0,0.0198855579835314
0,0.0348848491708639
0,0.0049365234409033
0,0.0347559307499115
0,0.0349137698039121
0,0.0358895019068915
0,0.0354345928432432
0,0.0352667386728719
0,0.0766205952829256
0,0.0358580582133769
0,0.0049981651148098
0,0.0037368374679226
0,0.0357619873077962
0,0.035787709291865
0,0.0025167418242501
0,0.0308340637543927
0,0.0183102388979361
0,0.034471671257564
0,0.0356646758010831
0,0.0355547187890373
0,0.035658861676187
0,0.0354114109698635
0,0.0351533556887134
0,0.0066594084104077
0,0.0358106756298009
0,0.0350036981282737
0,0.0356179903562576
0,0.0351577995003713
0,0.0347819138095666
0,0.005343514920441
0,0.0355454119237928
0,0.0353717131838244
0,0.0358067618816692
0,0.0347651378686469
0,0.0006180238013893
0,0.0339481822310745
0,0.0351640945819492
0,0.0212638326229596
0,0.035788638292328
0,0.0355055620134871
0,0.0100458478037799
0,0.0333650679565451
0,0.0119534425087508
0,0.0094835148988542
0,0.0350055406202171
0,0.0358427230068115
0,0.002013975312174
0,0.0253236776628088
0,0.007505496570058
0,0.0350484573015092
0,0.0056647972852117
0,0.0349003927069785
0,0.0259296746549936
0,0.0350608560423873
0,0.0158016826462526
0,0.0357991651846799
0,0.03478492030072
0,0.0348624631091607
0,0.0356214496336591
0,0.0214962037428452
0,0.0350774011074773
0,0.0356903853351436
0,0.0357677906875281
0,0.0347994672260389
0,0.0352018950646208
0,0.0348453424990194
0,0.0347541979158666
0,0.0356620044682442
0,0.034599177111437
0,0.0063297265577308
0,0.0348287073957136
0,0.035831573715107
0,0.0352653711747641
0,0.0351633676449377
0,0.0348761123634771
0,0.0358574033905153
0,0.0348020305328692
0,0.034867472600921
0,0.034785250565117
0,0.0352208918261188
0,0.0349817539778964
0,0.0349503067244114
0,0.0353028261427893
0,0.013119920189207
0,0.0100458227359494
0,0.0216646856486849
0,0.0357702115198516
0,0.0358043130021967
0,0.0348184929693855
0,0.0357908691596174
0,0.0383771357266762
0,0.0323435228192175
0,0.0354426120446125
0,0.0354586143936455
0,0.0280865638134171
0,0.034854482999309
0,0.0017709050982695
0,0.009410227959375
0,0.0351691837042524
0,0.033842195622037
0,0.0355008630331417
0,0.034708057781351
0,0.0343396953251079
0,0.0347976011485778
0,0.0350424819914435
0,0.0351596426200438
0,0.1446391354632844
0,0.0155888747041264
0,0.0059639258303794
0,0.0347988487956026
0,0.0214210335537728
0,0.0016796351245461
0,0.0358577967354172
0,0.0021378640704151
0,0.0347962888541702
0,0.0131562347985046
0,0.035879118135318
0,0.0166458147086335
0,0.0332231630744439
0,0.0358412824551571
0,0.0037071996023261
0,0.035430927915583
0,0.0348478979208191
0,0.0352522603259432
0,0.0349950524180409
0,0.0348123609729641
0,0.0350282630353884
0,0.0355631366984437
0,0.0085525373887096
0,0.0351881347553445
0,0.0232382520849292
0,0.0358221368090896
0,0.0447967216509103
0,0.0357622042619112
0,0.0350197270892734
0,0.0347982082528949
0,0.0356750205229855
0,0.0349484995545961
0,0.0353880854980072
0,0.0357368936682649
0,0.0122613387399784
0,0.0288614819226747
0,0.0352786735103005
0,0.0347671639961864
0,0.0355221659640403
0,0.0272814850254431
0,0.0347992753996391
0,0.0353604229628086
0,0.0357774218050595
0,0.0348511144409031
0,0.0354076289342394
0,0.0352405960932143
0,0.035664696123586
0,0.0122955159540053
0,0.0349015925069326
0,0.035862088537652
0,0.0347971076596563
0,0.0355754577237926
0,0.0336125688360149
0,0.0293362728999703
0,0.0351879421939713
0,0.0356515824825568
0,0.0440183514100559
0,0.0112841626130669
0,0.0137522975561328
0,0.0348841294206733
0,0.0351960435934257
0,0.0350344605949088
0,0.0349625826595686
0,0.034956371246005
0,0.0253081661078569
0,0.0348936465151663
0,0.0357575174068039
0,0.0348147512921146
0,0.0263863433438224
0,0.0351933443681352
0,0.0252160304869046
0,0.034786110967003
0,0.0351025232816756
0,0.0093079941516135
0,0.0352341123798228
0,0.0353176672475742
0,0.0352259782908213
0,0.0352634136727095
0,0.0187025765298991
0,0.0350223864328686
0,0.0358537803560776
0,0.0356111489413503
0,0.033704024144414
0,0.0347946243483017
0,0.038398739321972
0,0.0292206110278257
0,0.0357325056839729
0,0.035446621270598
0,0.0358558825629014
0,0.0132989753832763
0,0.0349084748893231
0,0.020860124880255
0,0.0358552879410555
0,0.0357722323652011
0,0.035501501807627
0,0.1948891690795987
0,0.0348547558758497
0,0.0355509082238793
0,0.0357277602385577
0,0.0357744558975022
0,0.0351750804028889
0,0.0357337047414559
0,0.0356501357964159
0,0.0043782981379787
0,0.034857213562067
0,0.0353061858443443
0,0.0375948207221117
0,0.0347938208981433
0,0.0255964395002922
0,0.0348917244859318
0,0.0020273398337536
0,0.0356260832498441
0,0.0077139597901923
0,0.0348756648286418
0,0.0358059669332825
0,0.0347798176677139
0,0.0349697096047048
0,0.035561455514477
0,0.0319102145583001
0,0.0115412046180803
0,0.0351483530264283
0,0.0356610571771424
0,0.0349961886326247
0,0.0335422094220197
0,0.0354872392348741
0,0.0358660959815244
0,0.0353505734212494
0,0.0114962444604074
0,0.0064446065982177
0,0.0204555178093134
0,0.0347825552145764
0,0.0004126844703931
0,0.0354257983234084
0,0.0358110530401849
0,0.0348049191923923
0,0.0348163798728237
0,0.0357263659202246
0,0.0355884757235299
0,0.0337333462432239
0,0.0033559797054373
0,0.0348278236685536
0,0.0354701392736486
0,0.03566218133306
0,0.0348098558017323
0,0.0254995310437776
0,0.0341568509384655
0,0.0194644797106153
0,0.0348137254434852
0,0.0356289582873294
0,0.0182891162840028
0,0.0348478529278153
0,0.0124878800931712
0,0.03479014252315
0,0.0348162334841811
0,0.0349078393012657
0,0.0134490911248564
0,0.0348280453083156
0,0.0351792709677512
0,0.056746493347248
0,0.0347790785845025
0,0.0349675250808211
0,0.0168327948874285
0,0.0356558272966504
0,0.0358343475588686
0,0.035902303926037
0,0.0007635788925942
0,0.0353927201753344
0,0.0232218518564927
0,0.0350359931484062
0,0.0348078703256783
0,0.035085101605108
0,0.0348670209796372
0,0.0358425822228697
0,0.0350759763503413
0,0.0353734502570043
0,0.0272190138294409
0,0.0035031821347603
0,0.0152093055343189
0,0.0356623645316706
0,0.0348886170247586
0,0.0025963605286437
0,0.0358207742608742
0,0.0342005855068863
0,0.0348049638504769
0,0.0358579439499507
0,0.0358237862391338
0,0.03245937727554
0,0.0263489768376263
0,0.0354276088134938
0,0.0347924889961566
0,0.0349021750418472
0,0.0044007580158843
0,0.0091718653598631
0,0.0147146837804103
0,0.0348485395840765
0,0.0356428887001249
0,0.0354748075975886
0,0.0837203250422731
0,0.035652351898733
0,0.034983001345953
0,0.0357885957036602
0,0.0348504345919078
0,0.0351504502724845
0,0.0291747266724995
0,0.0347859384560964
0,0.0263179511603471
0,0.0352463498565001
0,0.0082531437971341
0,0.0348659533864984
0,0.0025898833844189
0,0.0145363838304443
0,0.035001479648896
0,0.0058544388299539
0,0.032045348954696
0,0.0351466473670068
0,0.007273014588879
0,0.0020152077847004
0,0.0348844832943429
0,0.0347726329667562
0,0.0061185772895723
0,0.0356335291765436
0,0.0234032947329888
0,0.0040995618162572
0,0.0358254579946995
0,0.0347849612893874
0,0.0356932496835639
0,0.0067010264634758
0,0.0348378828482805
0,0.035174016751398
0,0.0352926660768586
0,0.0349341502790107
0,0.0356117623722438
0,0.0349248827081044
0,0.0358503631256679
0,0.011454163784597
0,0.0348048054988443
0,0.0352481688390701
0,0.0329922554856886
0,0.0088168841247151
0,0.0159423190609698
0,0.0358585078848998
0,0.0351023361273634
0,0.0053571853841186
0,0.0348703719593869
0,0.0346852370849577
0,0.0357979531098367
0,0.0241269187302839
0,0.0046707118853584
0,0.0244559126813235
0,0.0047456052936272
0,0.0419335132801658
0,0.0260760081891766
0,0.0181817980201264
0,0.0358054447567842
0,0.0122223699292802
0,0.0155002897270703
0,0.0348656718834236
0,0.0168154272857968
0,0.0317002084506546
0,0.0347946886190404
0,0.0347807819643831
0,0.0356446145456925
0,0.0251816234166931
0,0.0177997213284518
0,0.0347849161072441
0,0.0351822934147543
0,0.0181612185520762
0,0.0357857880688613
0,0.035849049316181
0,0.0192092530181175
0,0.0351639040806287
0,0.0354202667471204
0,0.0357051219567554
0,0.0082771154375277
0,0.0356452290113266
0,0.0355338581819362
0,0.0350816575954739
0,0.0308444739801009
0,0.0016154450161349
0,0.0353291200759636
0,0.0343007706633072
0,0.0307606494340113
0,0.0351049948048844
0,0.0251367326010444
0,0.035508419980141
0,0.0347817146894239
0,0.0349300398981618
0,0.0348029745800261
0,0.0278458204510462
0,0.0350964672108705
0,0.0356986726298389
0,0.0070778961286336
0,0.03487884353945
0,0.0348338219142216
0,0.0351451402092138
0,0.0087809572453514
0,0.0358688669103643
0,0.0793006635227513
0,0.0358040234455168
0,0.0353732697236872
0,0.0357131481155104
0,0.0358566128582317
0,0.0358369246141763
0,0.0356622755327109
0,0.0196223310816179
0,0.0357429030472925
0,0.0353203125647752
0,0.0355429008410239
0,0.0435483317676682
0,0.0340125615068966
0,0.0351737271353354
0,0.0289403045616597
0,0.0358378716436887
0,0.0355257087866278
0,0.0348866482369563
0,0.0351594319616037
0,0.0356822247537534
0,0.0090173482943313
0,0.0186113877085942
0,0.0349746543495999
0,0.0358579614897802
0,0.0321232714340359
0,0.0108590585327098
0,0.0345832801022345
0,0.0358684666997381
0,0.0654088572266233
0,0.0347841418761884
0,0.0351891393568133
0,0.0356221186565103
0,0.0350099945787023
0,0.0405314533486255
0,0.0313544160186376
0,0.0294954376718324
0,0.0334314314441431
0,0.0026279061598952
0,0.0352044256356097
0,0.0351539317905049
0,0.0358567438254067
0,0.0357560813524627
0,0.0356327236602071
0,0.0238938077129159
0,0.0357147449810026
0,0.0347888403860989
0,0.2901482166484601
0,0.0286353749575194
0,0.015766600692799
0,0.0348518654932847
0,0.3391800087023729
0,0.0225927737193735
0,0.0356368056411858
0,0.012246460855004
0,0.0117960140514387
0,0.0356355871039025
0,0.0357344993574602
0,0.035864360683816
0,0.035575941828585
0,0.0348631869419822
0,0.0348997328944226
0,0.011138464889409
0,0.0155609850238128
0,0.0003143633242077
0,0.0356221873219726
0,0.0354639864808524
0,0.0027029980231149
0,0.0191101281141174
0,0.003115243216966
0,0.0356809208204157
0,0.0347928607070567
0,0.0356804545778182
0,0.0354469162865453
0,0.0025414350557029
0,0.0355771228796728
0,0.0320574662213633
0,0.0356070537464398
0,0.0357526380475225
0,0.0019061655830473
0,0.0103390957839236
0,0.0359257411427722
0,0.0356192166385369
0,0.000993553711367
0,0.0348853175884378
0,0.0357925955933533
0,0.0355835113773548
0,0.0349926053037625
0,0.0348767365815312
0,0.0356641364527277
0,0.1249123496397079
0,0.0357662593809612
0,0.0319702689477285
0,0.1830702011875618
0,0.008818239099233
0,0.013610495117359
0,0.0357039517456544
0,0.0062935823922674
0,0.0344295758584753
0,0.0076083537149621
0,0.0358569568432129
0,0.0358773325817793
0,0.0125198075645972
0,0.0020893596897577
0,0.034375684326436
0,0.0353445442857026
0,0.0353387618632572
0,0.0350424819914435
0,0.0249298233288501
0,0.0593901456638966
0,0.0296699796443399
0,0.0043433621213915
0,0.0355721740334915
0,0.0127900856131533
0,0.0157700892276282
0,0.0354954987039697
0,0.0356433485090641
0,0.035852502734037
0,0.017693946849323
0,0.0348106723801541
0,0.0297335526595977
0,0.0356818228805932
0,0.0338244239570714
0,0.0121627773142581
0,0.0356989502623085
0,0.0106869483368447
0,0.0073195445576642
0,0.0339833128688636
0,0.035437845282289
0,0.0356471781200164
0,0.077475877446733
0,0.0009766859555027
0,0.0356002467019111
0,0.035500984635395
0,0.0144491976441789
0,0.0306884396685182
0,0.0027209133594365
0,0.001851326791734
0,0.0349302604732211
0,0.0349441557086865
0,0.035122121289688
0,0.0358189222668989
0,0.0193426700648356
0,0.0308447852806097
0,0.0352002283470893
0,0.0347862529589178
0,0.0103552114880885
0,0.0356960060788287
0,0.0347864435731296
0,0.0355502400620122
0,0.0353688069971823
0,0.012327715273599
0,0.0358676544066629
0,0.0348596551739815
0,0.0347838688985754
0,0.0347886615857731
0,0.0349989391733184
0,0.035429937470727
0,0.0352873649019109
0,0.0190482815044635
0,0.0358851736763013
0,0.0353894340081257
0,0.0358555409122171
0,0.0351220754034338
0,0.0348013946109313
0,0.0348868020709381
0,0.0348911309727535
0,0.0337179446975753
0,0.0348155432343505
0,0.0349306615957193
0,0.0034512780886792
0,0.0226763014987863
0,0.0144205502976635
0,0.0358189346676486
0,0.0259497801778402
0,0.2574655360855425
0,0.0327140278518008
0,0.028413977444015
0,0.0357147969871499
0,0.0351052275305559
0,0.0166956067496381
0,0.121049871203348
0,0.0349397272897484
0,0.0075167743194522
0,0.0350205342875453
0,0.0354538388233785
0,0.0061585782479307
0,0.0358573083830548
0,0.0310615669301108
0,0.0347899416807869
0,0.035856104449828
0,0.0347794707841615
0,0.0356384047099024
0,0.076119987552673
0,0.0349400193084078
0,0.0353804172161208
0,0.0188979571618185
0,0.0357776438824299
0,0.0207013785877106
0,0.0353362339263942
0,0.0348128154467696
0,0.0350143216597321
0,0.0180161778620562
0,0.0356520616430408
0,0.0346712261538661
0,0.0353090492612207
0,0.1224140033375453
0,0.0353063499018176
0,0.0225224240302934
0,0.035808937296537
0,0.035305267572232
0,0.023532171610933
0,0.0358513149077568
0,0.0267913093973242
0,0.0358471219768023
0,0.035113134886072
0,0.0348095427143325
0,0.0356983748117832
0,0.0348828099585303
0,0.0189234954368839
0,0.0160188825588611
0,0.0348816377363132
0,0.0346841781171347
0,0.035259434099522
0,0.0152118353591049
0,0.0356802079754091
0,0.0356817878535362
0,0.0348108130725789
0,0.0347991962685883
0,0.0356074801351146
0,0.0348403395191678
0,0.0358554778902989
0,0.0347846834635145
0,0.0308644780206949
0,0.0286204200302855
0,0.0347875516425392
0,0.0357674041641405
0,0.0244135743409941
0,0.0356108745264613
0,0.0171467614835927
0,0.035607059807534
0,0.0103037676244843
0,0.0010062133930866
0,0.0169083555304673
0,0.0358337065488391
0,0.031213570641396
0,0.0353230439271148
0,0.0354918108590339
0,0.0039371486880001
0,0.0356851451192682
0,0.0224917035105018
0,0.0069944365372026
0,0.0355099393151367
0,0.0349383319573716
0,0.0358132074468715
0,0.0021687223461918
0,0.0349403053518207
0,0.0024239784994603
0,0.0357571098498312
0,0.0348225178307296
0,0.0356673588855898
0,0.0357199943004646
0,0.0356296231272791
0,0.0348976802444967
0,0.0350501349020482
0,0.0347927115411576
0,0.0356612431538126
0,0.0358593200279798
0,0.0358023735191554
0,0.0356077935915693
0,0.0042441088519203
0,0.035743007751727
0,0.02354791421874
0,0.0356539409781196
0,0.0350442949279449
0,0.034977431567265
0,0.0244300261784721
0,0.0358692816047168
0,0.0340485983329231
0,0.0348212196074878
0,0.0577646390590861
0,0.0204234363165162
0,0.03570383968351
0,0.0348663728021374
0,0.0357122209265921
0,0.0351540836546588
0,0.0003820665067651
0,0.0356099361059055
0,0.0356187625749527
0,0.0211848602265343
0,0.0022119771273019
0,0.0358445482857943
0,0.0318396846246354
0,0.0312598351160273
0,0.0357261041387879
0,0.0034807733654814
0,0.035768378346662
0,0.0358211457894485
0,0.5368562297538204
0,0.0333246309967189
0,0.035673839955759
0,0.0348783859720626
0,0.0358515182270291
0,0.163830770735128
0,0.0350586236411074
0,0.0204795624059598
0,0.0079860347354793
0,0.0251970646150515
0,0.0348376951639924
0,0.0356934122680312
0,0.0357167671729302
0,0.0349626942051754
0,0.0171555568923253
0,0.0352909935850417
0,0.0322094691752756
0,0.025413043284786
0,0.035473701809225
0,0.0358560197833868
0,0.0352761791792513
0,0.0237388976809474
0,0.0355393723534484
0,0.0349524224639673
0,0.0039948329951313
0,0.035411709038981
0,0.0303120255368677
0,0.0348211949103128
0,0.0357674614244083
0,0.0351615562265041
0,0.0041403552916371
0,0.0357878188048954
0,0.0348303093560867
0,0.0155597381778878
0,0.0152395685205935
0,0.03495564836302
0,0.0348900408201453
0,0.0121590216164911
0,0.2386105845534764
0,0.0125205566107117
0,0.0358553058364712
0,0.0350390631804778
0,0.0350170613731465
0,0.0348949079913387
0,0.0348949050287971
0,0.0358413480149463
0,0.0347802234665532
0,0.0354481374060293
0,0.0350147169841888
0,0.0326296771579232
0,0.0348915305880602
0,0.0211633203900811
0,0.0348224766829565
0,0.0341267350689984
0,0.03542097460637
0,0.0353214416991616
0,0.0148822539084065
0,0.0358348033911242
0,0.0357399967239379
0,0.0347815594584773
0,0.0351796419024373
0,0.0240535776676345
0,0.0099236640381354
0,0.0350130353313141
0,0.0357066818596899
0,0.0351849386314678
0,0.0348512540420141
0,0.03569589618417
0,0.0092289997837647
0,0.0189562636976426
0,0.0086552707720518
0,0.0058312575427795
0,0.0287796042969094
0,0.0352961995713871
0,0.0354068118075456
0,0.0348199081207648
0,0.0357619117341172
0,0.0289434452451531
0,0.0358562181650173
0,0.003579995004704
0,0.029767479510484
0,0.0357526308660402
0,0.0353308878231507
0,0.0357805470934647
0,0.0321180578582096
0,0.0190675963361089
0,0.0351867588141627
0,0.0357601540421279
0,0.0347964375932826
0,0.0357992228344752
0,0.0316196299186133
0,0.0348016489629758
0,0.0026320693335986
0,0.0353897868103145
0,0.0358052125063162
0,0.0356582793870412
0,0.0152514782198242
0,0.0352002352168205
0,0.0122944218552773
0,0.035718120477721
0,0.0359426546665245
0,0.0347817166458966
0,0.0358541593836184
0,0.0189496011427006
0,0.0348626559333094
0,0.0358575910970865
0,0.0349046006964528
0,0.0348767100441923
0,0.17357742501735
0,0.0356058849918708
0,0.0358549867006297
0,0.0355244011599118
0,0.0137706659692292
0,0.0355569315253304
0,0.0354991467300304
0,0.0350465852941159
0,0.0357996773355889
0,0.0348705433030319
0,0.0253106196717787
0,0.0358631438356959
0,0.0358482950487114
0,0.0354292670593048
0,0.0453132920090958
0,0.0357540708404682
0,0.0357229634714515
0,0.0177992508009197
0,0.0349177051687907
0,0.0163556141672897
0,0.0347794808773856
0,0.0347983430756304
0,0.0280637010458828
0,0.0348986784534639
0,0.0352501829770178
0,0.0347792822230991
0,0.0192911787264372
0,0.0348355276099403
0,0.0348927353612522
0,0.0090799580547666
0,0.0351008543242294
0,0.0318702631118238
0,0.0352069207210891
0,0.0260644760197225
0,0.0348817577983851
0,0.0348356227301954
0,0.0025442235438756
0,0.4007364460225809
0,0.0354888127981856
0,0.0358273681047673
0,0.0355463089709361
0,0.0347997551217369
0,0.0348693104303794
0,0.0349016127041745
0,0.0348766194142938
0,0.0026339511005105
0,0.0358202413723309
0,0.035023233161182
0,0.0349141612222933
0,0.0347968788456337
0,0.0309742162510428
0,0.030023837900575
0,0.0349016404685854
0,0.0037828584986703
0,0.015351018146333
0,0.0355535370707242
0,0.005350342838947
0,0.0055897312959095
0,0.035709337729185
0,0.0348491774913185
0,0.0348854087986849
0,0.02822084475052
0,0.0351515367680585
0,0.0318702631118238
0,0.0115881456493042
0,0.0345178852562908
0,0.2238202283250957
0,0.011433439752062
0,0.0351839482317266
0,0.0357786803860871
0,0.0272612181451431
0,0.0357406077983371
0,0.0042720412929674
0,0.0208507267641043
0,0.0349588757971725
0,0.3879655631777161
0,0.035216077328411
0,0.0144541504601335
0,0.0358876124981282
0,0.0350544208780332
0,0.0358524346280759
0,0.030990632816107
0,0.0184141983791245
0,0.0355121718246057
0,0.0164538775423494
0,0.0357898530708202
0,0.0354599561918013
0,0.0358189184319354
0,0.0347874212414952
0,0.0222622660568709
0,0.0187284841721767
0,0.0145398186459207
0,0.0349234142304139
0,0.0210525949593101
0,0.034782270372465
0,0.0358186440782854
0,0.0356180559159897
0,0.0351331965346115
0,0.0265712634774875
0,0.0347918347264195
0,0.0632969566543916
0,0.0213416198252031
0,0.0350406922253116
0,0.0353239704273
0,0.0358438836431891
0,0.0351331965346115
0,0.0348211949103128
0,0.0348475575020797
0,0.0356369336908616
0,0.0147471596446646
0,0.0352644072209292
0,0.0328624332634471
0,0.0328262187408646
0,0.0009941272230656
0,0.0358423478393699
0,0.035782429715985
0,0.0137068714505674
0,0.0012374055122733
0,0.0145362690403971
0,0.0357362463878495
0,0.0342130572759829
0,0.0124000161163884
0,0.0068623157144089
0,0.0350563594355674
0,0.0358665792368474
0,0.035119524168628
0,0.0218606673790191
0,0.0348658683469378
0,0.0059588392614187
0,0.0357477610091751
0,0.0349435015326285
0,0.0357027348561851
0,0.0358654033863098
0,0.0348922906190711
0,0.0123715662503157
0,0.0358282291278171
0,0.0350914067847889
0,0.035660095411111
0,0.0358553145989507
0,0.035723787589227
0,0.0354916089887638
0,0.0358259014207353
0,0.0348420412031177
0,0.0353869450475812
0,0.0166040527422221
0,0.0307262696717617
0,0.0033152395740798
0,0.0354068118075456
0,0.0334052819221822
0,0.014209041599654
0,0.0358633760231329
0,0.010555925727627
0,0.0358564370602683
0,0.0351466473670068
0,0.006842120981485
0,0.0222510268052848
0,0.0347653380094459
0,0.0348374542433608
0,0.0348115528147381
0,0.0349584352592819
0,0.0358682275094918
0,0.0358035587367837
0,0.0288552812155037
0,0.0354868037178737
0,0.0168703176679139
0,0.2225838284924425
0,0.0066748154850146
0,0.0073584989619096
0,0.0094438024778337
0,0.0350761827863737
0,0.0353243644753472
0,0.0358026825541189
0,0.0735520758884438
0,0.0344042690634962
0,0.0353386385651805
0,0.0357481179349606
0,0.0354097451365253
0,0.0083275679836527
0,0.03578796631026
0,0.0357635436924279
0,0.0022122096846438
0,0.0352568768623451
0,0.0109369730959532
0,0.0356738652346549
0,0.0064588922888104
0,0.0340442659234408
0,0.0352323144693728
0,0.0347797927619447
0,0.0358222798930297
0,0.0350946062923289
0,0.0345543638484489
0,0.0354962747163205
0,0.0350262665440998
0,0.0243517168608569
0,0.0351265410557847
0,0.0191428208133526
0,0.0346820695675463
0,0.0356024603962125
0,0.0162695840609284
0,0.0092670211895354
0,0.0357540816690208
0,0.0358423478335089
0,0.0356393938925215
0,0.0357707371351537
0,0.0016627847037464
0,0.0356730218538047
0,0.0352976272321632
0,0.0347686702955088
0,0.0349131511298788
0,0.0181924956071494
0,0.0358287564206558
0,0.0357188689134094
0,0.0127212674135634
0,0.0347807638054221
0,0.0348752581710598
0,0.0347846459032033
0,0.0351643544067146
0,0.0358362052252232
0,0.035617002264839
0,0.0042664859745576
0,0.0348400165340881
0,0.0347817886243792
0,0.0235729008839223
0,0.0347848162230587
0,0.0348278029665654
0,0.0354592937544923
0,0.0352866010904675
0,0.0349480833221
0,0.0139893244377352
0,0.0357458419737315
0,0.0268980132273966
0,0.0349500691540613
0,0.0348147367474629
0,0.0348630826888699
0,0.0205390045379912
0,0.021349632152848
0,0.0350995415639117
0,0.0245441301282378
0,0.035594681779016
0,0.0310405737987195
0,0.0349623768386278
0,0.0185020227119558
0,0.0288626139051624
0,0.0353807063745673
0,0.0351037465532578
0,0.0243474923377786
0,0.0358585689414758
0,0.0358503445169108
0,0.0122587407775345
0,0.2124514747259107
0,0.0020616920458123
0,0.0358084066711883
0,0.0045489662682973
0,0.0355153689722518
0,0.0023620766377787
0,0.0347816612751688
0,0.0354603080434967
0,0.0357223044080566
0,0.0358295617038535
0,0.019941266712094
0,0.0356922592634165
0,0.0353833243899801
0,0.0356373753421943
0,0.0357539794968128
0,0.0355324416422262
0,0.0136099555606249
0,0.0346623817537311
0,0.0348638378340038
0,0.0060592329491943
0,0.0348460548702745
0,0.035315333117929
0,0.0349406051632524
0,0.017518981202159
0,0.0341528342704958
0,0.0350625644582548
0,0.0357808554945508
0,0.0248287335368123
0,0.035863423254822
0,0.0351025561770131
0,0.034775081499582
0,0.0358749919656268
0,0.0358627813459705
0,0.0306518389953754
0,0.0353673278848235
0,0.0357328847681875
0,0.0357122849645767
0,0.0348415367822467
0,0.0349667719501844
0,0.0358532878910394
0,0.035560877182247
0,0.0353165597538473
0,0.0235216301208619
0,0.0351789951798742
0,0.0347962763205745
0,0.0356501531302404
0,0.0356739278501033
0,0.0214297342810867
0,0.0356153224249992
0,0.0357420097408239
0,0.0351945388746541
0,0.0351456452537073
0,0.0357782768533218
0,0.0350151496684949
0,0.0350755988121895
0,0.0357736534888321
0,0.0010215367666197
0,0.0358306393319564
0,0.0145904329804148
0,0.0099065324125987
0,0.0084964679739074
0,0.0358264466925616
0,0.0348464158279694
0,0.0358460396108463
0,0.0347864435731296
0,0.0150905903592092
0,0.0040862817253305
0,0.0114607245971367
0,0.034795095948414
0,0.0356812806480652
0,0.0189773366030604
0,0.0080784477872265
0,0.0358259863298747
0,0.0350427996533885
0,0.0354832808556137
0,0.0095497702084978
0,0.0355984849379813
0,0.0099815145486283
0,0.034838641141304
0,0.0356654423544503
0,0.0233062324436341
0,0.0351146783925588
0,0.0347926151296848
0,0.0347805613742202
0,0.0347797341024752
0,0.0104296574312497
0,0.0358562149950427
0,0.0336307425960037
0,0.0356490154482352
0,0.0358457181666292
0,0.0130985825176423
0,0.0353884495218786
0,0.0356895325047288
0,0.0114037180258242
0,0.0216395035205974
0,0.0356892248357827
0,0.0355043197931244
0,0.0356764502385834
0,0.0358336805457492
0,0.0356033816871436
0,0.1326539771316481
0,0.0353095090598047
0,0.0356256442352509
0,0.001361846260808
0,0.0358638241365204
0,0.0358593622054426
0,0.0066188254589887
0,0.0113065249287458
0,0.0348063681615616
0,0.0357517463778663
0,0.0331014372739204
0,0.0095818514777403
0,0.0300238182117614
0,0.0356185594498139
0,0.0354049295492065
0,0.0356272490231188
0,0.0357008033022358
0,0.0106710608696194
0,0.0349305815629088
0,0.0349069731503052
0,0.034876732511196
0,0.097322984250003
0,0.0303325699411929
0,0.0265080203994425
0,0.0357466278860889
0,0.0319820005999856
0,0.0358708399572656
0,0.0150864820772231
0,0.0353345330537989
0,0.0349443985147986
0,0.0026322732094614
0,0.0356098769831946
0,0.034961874474391
0,0.0349117033273388
0,0.0352906470290974
0,0.035435202999694
0,0.0352229189032708
0,0.030980271761656
0,0.015177092965582
0,0.0091859560682625
0,0.0317737389554317
0,0.0105593016677357
0,0.0358322426827788
0,0.0358519467208462
0,0.0358648513273591
0,0.0349927241953878
0,0.0351054440944448
0,0.0169591478776703
0,0.0044137045717937
0,0.0349669162893603
0,0.0265411111623682
0,0.0348097845916325
0,0.0349098155909566
0,0.0346843235740075
0,0.0021579092956852
0,0.0352362813444038
0,0.0305457157188238
0,0.0353280002717639
0,0.0348205327727673
0,0.0358155713623352
0,0.0029104541055814
0,0.0349061190428524
0,0.019711222992459
0,0.0356088025961641
0,0.0257700503400796
0,0.0357144606789983
0,0.0031796810986173
0,0.0351085743710043
0,0.0357930130787128
0,0.0357775414499793
0,0.0298389564703634
0,0.035128704605372
0,0.0356695071669664
0,0.0350584366913942
0,0.0189957480802079
0,0.0348176030612797
0,0.0107054376990879
0,0.0357405777812741
0,0.0181900382000974
0,0.0357364578892653
0,0.0098538960035833
0,0.034878410015092
0,0.0192757806459826
0,0.0355768774318587
0,0.0358107918907078
0,0.0227818788600561
0,0.0348169512378584
0,0.0012204952184553
0,0.0349942661471986
0,0.0347817886243792
0,0.0358495712615091
0,0.0111085269390733
0,0.0349461140067273
0,0.0163592670519611
0,0.0347974527569013
0,0.0349612011387856
0,0.0356167962558433
0,0.0157426346445063
0,0.0358043318508809
0,0.0356300065019136
0,0.0270366762467389
0,0.0347991683570358
0,0.0112043035432324
0,0.0328888357111534
0,0.0358314010876245
0,0.0025865442255883
0,0.0349576941784744
0,0.0348951195969327
0,0.0253379512797657
0,0.0254545101907441
0,0.034877344832485
0,0.0309865160621741
0,0.0250152197152214
0,0.0348690494882443
0,0.034975279158384
0,0.0029945832875278
0,0.0358801565747394
0,0.0354124766487087
0,0.0198115684281931
0,0.0351009772327334
0,0.0151414992203953
0,0.035334210243862
0,0.0349077117989689
0,0.0357242625112115
0,0.0357731250560829
0,0.0104608737810692
0,0.0353934689147584
0,0.0216179969365556
0,0.0358208947518436
0,0.5317367942298399
0,0.0350875311470127
0,0.035202589896502
0,0.0351393745407111
0,0.0348528636153644
0,0.0349565528663889
0,0.0357620343495754
0,0.0018236307542405
0,0.0345447088849674
0,0.0354709203965303
0,0.0353810414667852
0,0.0353119124262262
0,0.0350434327738456
0,0.0128819001962332
0,0.0348504345919078
0,0.0352375093414846
0,0.0358525745394994
0,0.0358074385801257
0,0.0239617147081612
0,0.0208531796764345
0,0.0350881342129189
0,0.0032505621215076
0,0.0046092398238168
0,0.0349836186256049
0,0.0357918456106241
0,0.0348181461547797
0,0.0357858961765895
0,0.0355744851980246
0,0.0123555930988683
0,0.0236565044168601
0,0.0156052211996492
0,0.0358122205428984
0,0.0356979160889874
0,0.0358165863103394
0,0.0356477867074277
0,0.0358572880029979
0,0.0358737578013392
0,0.0243978409980274
0,0.0268690151751112
0,0.03246071543351
0,0.0351383384374598
0,0.035651053844551
0,0.0356108745264613
0,0.0074603574336936
0,0.0217531672088959
0,0.0347734688864192
0,0.0349312698938549
0,0.0350092557801192
0,0.0347838685447431
0,0.0348892224786169
0,0.0351905840031353
0,0.0354316397398553
0,0.0150903981067395
0,0.0351216997854595
0,0.0358616976026543
0,0.0146773860893265
0,0.0026740589295201
0,0.0358019715922156
0,0.0348984040938503
0,0.0203130640229453
0,0.0347287852949367
0,0.0354374314196538
0,0.035594840562476
0,0.0351296010924329
0,0.0356611169413276
0,0.0349196435372293
0,0.0352969243187434
0,0.0354967870920119
0,0.0358416831108491
0,0.0318926678704362
0,0.0312380321086981
0,0.0348275644594868
0,0.0347817886243792
0,0.0347981300914838
0,0.0312609321565841
0,0.0154812800490348
0,0.0086819605202404
0,0.035842696028355
0,0.0352671171529183
0,0.0358130541428264
0,0.0358176786763191
0,0.0348194401804157
0,0.0357002710749982
0,0.0356797756401934
0,0.0357249254110779
0,0.0358500955680745
0,0.0087300771429233
0,0.0350507086893845
0,0.0349184335845203
0,0.0348197450514692
0,0.0352193518737038
0,0.034898946440204
0,0.0358503684175675
0,0.035742764855858
0,0.035736720852917
0,0.0354466925591823
0,0.0355531819501805
0,0.0349274153654349
0,0.0021860620046498
0,0.0350262149096511
0,0.0348064204005788
0,0.0354549163012914
0,0.0544257315021669
0,0.0243537037294109
0,0.0347861562834033
0,0.0037646252045386
0,0.02343247860575
0,0.0357898017625271
0,0.0349512999748569
0,0.0347810794098144
0,0.0018022682644774
0,0.0351245793683589
0,0.0349739494785122
0,0.0353111395893478
0,0.0358464118521705
0,0.0013809593939993
0,0.0249347003031668
0,0.0348637714572639
0,0.0347631319650818
0,0.0349094044935484
0,0.0183450820827307
0,0.034886239751879
0,0.0348111248683709
0,0.0034021967342848
0,0.0358223670313425
0,0.2840354660299693
0,0.0348750616874736
0,0.0324423660083892
0,0.0356395082500849
0,0.0458937556761867
0,0.0190276280221471
0,0.0358462238509327
0,0.0347848162230587
0,0.0351605080192872
0,0.0348536347050644
0,0.0351595422557567
0,0.01802873124302
0,0.0350549782129152
0,0.0355724744569542
0,0.0297383207722574
0,0.0310750480735438
0,0.0355151816082658
0,0.0348391722606527
0,0.0131891971969821
0,0.011203913155522
0,0.030483160004678
0,0.0348919337016098
0,0.0359278080306227
0,0.0356198052900729
0,0.0357632724001722
0,0.0348381159929367
0,0.0356132264639956
0,0.0348732362569363
0,0.035631142477703
0,0.0292299274735025
0,0.0358375085817945
0,0.0355469013507369
0,0.034859730467469
0,0.0242614365539634
0,0.0104493333820583
0,0.0355086737707173
0,0.0358602935725581
0,0.0352494536349671
0,0.0357602571400381
0,0.0353445376143561
0,0.0356168016597216
0,0.0358595680749184
0,0.0119655663379676
0,0.0064775206468807
0,0.0355272612888574
0,0.0204077872565914
0,0.0348190315854926
0,0.0069181661030713
0,0.01670731752542
0,0.0078740922662249
0,0.0356880676411284
0,0.0358354502962244
0,0.0348826743723467
0,0.0352931709440068
0,0.0299777738376622
0,0.0072354816309524
0,0.0228099422743874
0,0.0358518556929083
0,0.0287165477312359
0,0.0347906302845021
0,0.0349601242059868
0,0.0348028423980207
0,0.0351738979493442
0,0.0348189022744796
0,0.0356085577793772
0,0.0216685152034656
0,0.0207613626489547
0,0.0356795982940046
0,0.0356168016597216
0,0.0330885229007107
0,0.0351470524367651
0,0.0098981510097572
0,0.0357128302203345
0,0.0044960072775373
0,0.0347817329362553
0,0.0357899916403405
0,0.0349113975868376
0,0.0356955980286047
0,0.035313834102794
0,0.0356497671398265
0,0.0349013441766659
0,0.0300808652221477
0,0.0357755001245788
0,0.0348135966003672
0,0.0038884454208004
0,0.0350142555111914
0,0.0253056135471864
0,0.0356961024199692
0,0.0097136501215552
0,0.0309095045225888
0,0.0071006164186681
0,0.0059384764687018
0,0.0357768094914116
0,0.0355783734672794
0,0.021991035916391
0,0.0357974075593746
0,0.0195526968539023
0,0.0161333433733829
0,0.0353768379750799
0,0.0055587842121076
0,0.0335241938101111
0,0.0057295728123163
0,0.1166589510269066
0,0.0354109769837715
0,0.0347959131543011
0,0.035060074638202
0,0.034782270372465
0,0.0299682560693501
0,0.0358080801906958
0,0.0357624595631787
0,0.0306877498485811
0,0.0089760893562817
0,0.0355845202239106
0,0.0348152165146485
0,0.0285469790115567
0,0.0352208495316915
0,0.0358439084061778
0,0.035609681071455
0,0.0348066882541957
0,0.0237134510163989
0,0.035753647932974
0,0.0356399648559992
0,0.03509551024398
0,0.0354721489319485
0,0.0357939113632832
0,0.0004747410585404
0,0.0018094539533054
0,0.0347846423609138
0,0.0349680648506643
0,0.0355975757131659
0,0.0145359013317704
0,0.0010129048830416
0,0.022706361946967
0,0.0376270998487832
0,0.0024032595153928
0,0.0217171256482697
0,0.0353038122440945
0,0.0356573340050601
0,0.034035782466821
0,0.0104276410096658
0,0.0356577301043756
0,0.0349454682364241
0,0.0347815608530419
0,0.0358780337067064
0,0.0351629540865176
0,0.0357599720952733
0,0.0003644872949868
0,0.035627238610532
0,0.0256567121907144
0,0.0367699712460019
0,0.0356159719491988
0,0.0357878023991209
0,0.0383106734565978
0,0.0357225764007984
0,0.0350153207430851
0,0.0353313050379906
0,0.0349786612089858
0,0.0357387319481391
0,0.0358919425751225
0,0.0349712468358368
0,0.0358524676386937
0,0.0353445442857026
0,0.0348198212858122
0,0.0353406151248326
0,0.0353891196666629
0,0.0355165849622862
0,0.0354925209704343
0,0.0013045686903675
0,0.0324192804775083
0,0.0355344362412026
0,0.035423296254349
0,0.0350271069551044
0,0.0543888645687112
0,0.0348287073957136
0,0.2778841215937419
0,0.0184211622006197
0,0.0353170088246165
0,0.0136517742901685
0,0.034800380748032
0,0.0357498252764909
0,0.0317044223348571
0,0.0357858865633988
0,0.0049987059629882
0,0.0347854838434458
0,0.0356287370455422
0,0.0354849347965714
0,0.0350486447900418
0,0.0347950590891052
0,0.0358235579307576
0,0.0353472143791745
0,0.0202219331258218
0,0.034920931812894
0,0.0348070427903112
0,0.0357449678145361
0,0.0352411143291017
0,0.0357664470810308
0,0.0357975817593953
0,0.0165966717433546
0,0.0356271393812388
0,0.0358346509569961
0,0.0349865213607676
0,0.0335148669715451
0,0.0812599094611979
0,0.0347829336374016
0,0.0358525172655839
0,0.0256255037812746
0,0.0214962037428452
0,0.0348583007814526
0,0.0351988692411223
0,0.0358055506200522
0,0.0358008525860841
0,0.0037939798246065
0,0.019137819994836
0,0.0130023324130655
0,0.0026706304535166
0,0.0261358973231427
0,0.034808618682546
0,0.0357739658694216
0,0.0358757193814154
0,0.0358576394559769
0,0.0112579213551936
0,0.0757852691390502
0,0.0080022889739807
0,0.0356508046709987
0,0.0178729610658983
0,0.0357197871632609
0,0.011710214372763
0,0.0349167227873767
0,0.0355786621594345
0,0.0351979395876421
0,0.0351445964020005
0,0.0348861898692558
0,0.0358311255262038
0,0.0357452563655702
0,0.0358260832215182
0,0.0347993624581097
0,0.0193730007595939
0,0.0348236001765992
0,0.0350754296438112
0,0.0347999094721748
0,0.029719766524272
0,0.0147719473528327
0,0.0358187355207043
0,0.0180428784931726
0,0.034876732511196
0,0.0348194705447524
0,0.0348288187402475
0,0.132981585108231
0,0.0348038097536771
0,0.0357532346976403
0,0.0079270181590647
0,0.0352346207390873
0,0.0348096745365556
0,0.0353107258815201
0,0.0336742207809284
0,0.035564672413156
0,0.0355078044598132
0,0.0350634147515279
0,0.035835379785678
0,0.134111846997156
0,0.0198184937636001
0,0.0348661208085298
0,0.0355094708125854
0,0.035291549758433
0,0.035810789294311
0,0.0358382693598675
0,0.0151836383027888
0,0.0347853626906761
0,0.0357656737151173
0,0.0122453646583743
0,0.0263254269706524
0,0.0348083518392766
0,0.0091936321722157
0,0.0348099004929459
0,0.0348258973709126
0,0.0354942989967487
0,0.0348683906163825
0,0.0357727391169813
0,0.0144942648295422
0,0.034101971881758
0,0.0356447784798195
0,0.0353041538065848
0,0.0161806714465313
0,0.0347648628370362
0,0.03485001706602
0,0.0176623997485786
0,0.0329009445137527
0,0.007435847150728
0,0.0351564626688968
0,0.0347991050596116
0,0.0358419273016133
0,0.034782097770775
0,0.0355271770265676
0,0.0358535390071861
0,0.0141129454750194
0,0.0347805284338148
0,0.0348423492278368
0,0.0111801083231482
0,0.02756578321464
0,0.0358448052049139
0,0.0355076699870312
0,0.0275755251279801
0,0.0354955460686018
0,0.0246599772308627
0,0.0358478986350343
0,0.0358662625083118
0,0.0356785998784873
0,0.0351042215884664
0,0.0348119416075304
0,0.0356938147832289
0,0.0353302454382673
0,0.0356769313188622
0,0.0357435119601837
0,0.0358755175697657
0,0.024782012976184
0,0.034901586626522
0,0.0353392895579201
0,0.0354567922370437
0,0.0293188104441944
0,0.0348409129851661
0,0.0229840549556022
0,0.0356926010107457
0,0.0352235495844907
0,0.0348013056460552
0,0.0266700142383527
0,0.0356676035407383
0,0.0356846813676404
0,0.0348881651689258
0,0.0037998408393086
0,0.0356080301623515
0,0.0351304447618619
0,0.034918273070583
0,0.0356401187760785
0,0.0355616027955845
0,0.0285222540144185
0,0.0348002627545718
0,0.0355799843620483
0,0.0357465959030366
0,0.0121322535786383
0,0.0356668701204366
0,0.0203019561010612
0,0.0358548025510217
0,0.0358845877791714
0,0.0353007883648159
0,0.0313492408790171
0,0.0349973009314812
0,0.035085807641522
0,0.0349015241834004
0,0.0357084633688631
0,0.0352969243187434
0,0.0353270958919779
0,0.0060262771789115
0,0.0350361895103891
0,0.0356604735473932
0,0.0349326036732772
0,0.0350724782102729
0,0.034916824985821
0,0.0103191594717514
0,0.035451981413603
0,0.0349165786965048
0,0.0311652523073177
0,0.0348161879523327
0,0.0347816139835453
0,0.0113740952420746
0,0.0351643544067146
0,0.0358339074084914
0,0.0197851618985654
0,0.034957128567545
0,0.035733442518003
0,0.0275350741162704
0,0.0243715536936775
0,0.0357795795530298
0,0.0912574609355082
0,0.0230905775001151
0,0.0353684504222752
0,0.0348623182150505
0,0.0165587889260676
0,0.0354564331046657
0,0.0137955756564566
0,0.0151635144675818
0,0.0357022273059662
0,0.0348650707918013
0,0.035002341583031
0,0.0348005360694102
0,0.0358474616553195
0,0.0027585319109458
0,0.001159304693301
0,0.0122781708251135
0,0.0358393347686677
0,0.0185760668210625
0,0.035782456692207
0,0.0357722546962514
0,0.0356917698455511
0,0.0356603903324293
0,0.0347972060386404
0,0.0358599505546767
0,0.0353115876414812
0,0.0872184056792737
0,0.0333595008074518
0,0.0358024140476268
0,0.0353584304721634
0,0.0297334884581881
0,0.0357072935679048
0,0.0343042194464002
0,0.0303332473666454
0,0.0347823797461575
0,0.0063096084479217
0,0.0354870708444692
0,0.034891328910176
0,0.0353241345501503
0,0.0349989203058799
0,0.0348147688657894
0,0.0358492159629249
0,0.0354785670282168
0,0.0354430997148369
0,0.0355058729464272
0,0.0357761573302875
0,0.0334132305243462
0,0.0358524388382271
0,0.0350580650547444
0,0.0355643466814886
0,0.026620290916823
0,0.0358531669371244
0,0.0352021005441567
0,0.0357122466237776
0,0.014734679991881
0,0.0347825086999605
0,0.0348148341791586
0,0.0356360903002879
0,0.0292353334113605
0,0.0349006689470157
0,0.035866902632862
0,0.0358014784757693
0,0.0348099989320044
0,0.0349287735381596
0,0.0019545893418167
0,0.0353157826112364
0,0.0319961081762025
0,0.0358360309308538
0,0.0347842975554956
0,0.034787467332726
0,0.0349133625979867
0,0.0354542682367175
0,0.0348339510678036
0,0.0358047463175632
0,0.0350554369483443
0,0.0231720623902124
0,0.0194644797106153
0,0.0351759181192581
0,0.0351741168696082
0,0.0353958623056067
0,0.0268800142950568
0,0.0030676918203875
0,0.0358279899342144
0,0.0355794124856635
0,0.0042111823662529
0,0.0352375899327648
0,0.0354901015494817
0,0.0033452979418314
0,0.019722122028849
0,0.003088519631961
0,0.0323391554925284
0,0.092178801137887
0,0.0352630427563123
0,0.0348326788555178
0,0.0350281326043744
0,0.0153243368488059
0,0.0351089671326052
0,0.035753956211063
0,0.0358578100150106
0,0.0356688244805898
0,0.0358506109143032
0,0.0356988810319753
0,0.0347858693520457
0,0.0348128809708897
0,0.0356040870181699
0,0.0117616155718101
0,0.0109706862614983
0,0.0014678979443816
0,0.0348354514735648
0,0.0357921276772092
0,0.0356185592557647
0,0.035699312966893
0,0.0345769154865878
0,0.0357779355792554
0,0.0348872136641662
0,0.0023311832241053
0,0.034830570838618
0,0.0356335815597249
0,0.0349764485218266
0,0.0237574628566357
0,0.0302608703099515
0,0.035613699841567
0,0.0201551629522952
0,0.0179699949227228
0,0.0285345556517453
0,0.0321920806069712
0,0.0354110144784292
0,0.0349952035190164
0,0.0353438881025684
0,0.0144553492089894
0,0.0349720203041603
0,0.0339653575849276
0,0.03487154364539
0,0.0356704238724349
0,0.0347843956298021
0,0.0203443031086152
0,0.0399544344638474
0,0.034826427197375
0,0.0347838567434018
0,0.0021323396352955
0,0.0351104776653713
0,0.0356842266582664
0,0.0352501418839549
0,0.0354211327539137
0,0.0358558346220542
0,0.0357794662506826
0,0.0347910326341999
0,0.0357968974498542
0,0.0265101493026644
0,0.0358217718111807
0,0.0043039706480148
0,0.0356247067648461
0,0.0358029074825659
0,0.0330707938707823
0,0.0356169887094055
0,0.0356083072169102
0,0.2368474456324831
0,0.0358468525587886
0,0.0354398062501394
0,0.035027590107268
0,0.0233114919150592
0,0.0347936801787578
0,0.0347882624322384
0,0.0324622932235878
0,0.0358733813798767
0,0.0347901431115812
0,0.0348301756025417
0,0.0303195972410298
0,0.0351326108498172
0,0.0338273125858671
0,0.0122090928274375
0,0.0354221375840364
0,0.5385948712702653
0,0.0352073927823011
0,0.0302517141094338
0,0.0348718884363853
0,0.0349579173013883
0,0.0295492063971388
0,0.0351171151410992
0,0.0256065554172991
0,0.228963497613914
0,0.0357422123804737
0,0.01910683376817
0,0.0348445056429426
0,0.0358311339536255
0,0.020213237284554
0,0.0347978672421364
0,0.0358803792138458
0,0.0110674045974945
0,0.0252893234056582
0,0.0348436187394063
0,0.0351849732866794
0,0.0348210432394888
0,0.0352548999953262
0,0.0348681648975299
0,0.0220949945049166
0,0.0357931338176159
0,0.0358536479232572
0,0.0356335003732744
0,0.0351052050066575
0,0.0352530998736542
0,0.0227480559964985
0,0.035692383059786
0,0.0357051650657187
0,0.0050533700991636
0,0.0352388843182673
0,0.0356443205989948
0,0.0358432863381105
0,0.0348255900736507
0,0.0349181892683272
0,0.0671343769305172
0,0.0358559354956742
0,0.0358033789631816
0,0.0358295735084085
0,0.0328980176554779
0,0.0187064539271404
0,0.0294900631251396
0,0.0348784260133255
0,0.0349549470642984
0,0.0347842241115857
0,0.0353028120292399
0,0.0347334161666007
0,0.0235307429938867
0,0.0223709456915922
0,0.0014653903217782
0,0.0347824819314777
0,0.0356542643913907
0,0.0347909119589862
0,0.0021099967261449
0,0.0356070598776679
0,0.0356863059591432
0,0.0353032196126584
0,0.0355405426761536
0,0.0356462258340665
0,0.035782970101998
0,0.0358339922621567
0,0.0348247435839329
0,0.0106442918781121
0,0.0306209164807012
0,0.0356781760856085
0,0.0358720168388767
0,0.0353947099853612
0,0.0358394207853204
0,0.0114909372322129
0,0.0358348247289147
0,0.0429393233792006
0,0.0354774572307107
0,0.0236680527259446
0,0.0354209172769654
0,0.0348136643362342
0,0.0358913375771462
0,0.0358385464038811
0,0.0354989054828718
0,0.0348052943488043
0,0.0037017210384297
0,0.0356070035825654
0,0.0352524809517927
0,0.0348004646475455
0,0.0356823055926781
0,0.0357766500831536
0,0.0348981468279723
0,0.0347944838744692
0,0.0354120447099045
0,0.0223938597141091
0,0.0213883475361588
0,0.0358362746849664
0,0.0347827729347712
0,0.0021934940023583
0,0.0363044447927031
0,0.0358396883993212
0,0.0349942088142176
0,0.0358565491589204
0,0.0181000298019175
0,0.0137131285979366
0,0.0025335280112301
0,0.0358338038317937
0,0.0353232969796983
0,0.034896421743845
0,0.0348137094483449
0,0.0358433267444479
0,0.0358456443245719
0,0.0349979510706607
0,0.0026626650294167
0,0.0353686488724395
0,0.0359006324073515
0,0.0349679488858066
0,0.034964253073868
0,0.0356197050304505
0,0.0352919155172332
0,0.0357843884576934
0,0.0033545587593464
0,0.0356979952533716
0,0.0142048464532154
0,0.0221053803817126
0,0.0356600643101312
0,0.0290448135135451
0,0.0032186049492093
0,0.0351594319616037
0,0.0244903630352265
0,0.0355537680719093
0,0.0347826807441685
0,0.0354312185870969
0,0.0356774516424448
0,0.0353321205152777
0,0.0222022638834992
0,0.0356732298033783
0,0.034864210233186
0,0.0326586005802956
0,0.0179219986399956
0,0.0005781441560061
0,0.0357037882806034
0,0.0349176910558446
0,0.0358213122409796
0,0.0348124749117129
0,0.0015342244335643
0,0.0351510351143724
0,0.0327388267451685
0,0.0284951608059643
0,0.0356379030372421
0,0.0340265832504276
0,0.0349044159224135
0,0.000633262646093
0,0.0113074044092434
0,0.0353926572724172
0,0.034840976311192
0,0.0358248777593733
0,0.0365280768413242
0,0.0347650246000253
0,0.0358039896849099
0,0.0191972056154372
0,0.0081443882561022
0,0.0357972706755703
0,0.0352557023414719
0,0.0348684635605627
0,0.0358177592122251
0,0.0351629382322774
0,0.0353323136029278
0,0.0349848117540649
0,0.0334559738078417
0,0.1106223304499479
0,0.0205691745801453
0,0.0358135227927711
0,0.0356858379509039
0,0.0260101951702596
0,0.035735894343126
0,0.0348768237366867
0,0.0348868990135164
0,0.2435951477641238
0,0.0303984908777788
0,0.0356084664341764
0,0.035019821795754
0,0.0352548710114055
0,0.0358006594219107
0,0.0247840987669207
0,0.035838656678499
0,0.035791726047604
0,0.0348491774913185
0,0.0348541277566656
0,0.0347854200647802
0,0.0357871903925524
0,0.0350465792113938
0,0.0352293026763972
0,0.0348519993746494
0,0.0358307222139266
0,0.0136378859899425
0,0.003125602122809
0,0.0241104142696824
0,0.0352872695091584
0,0.0356481518169009
0,0.0348139560410006
0,0.0230269672517722
0,0.0067164371663284
0,0.0349427353144517
0,0.0335262512594999
0,0.0345621339977142
0,0.0102908730814135
0,0.0342094021013463
0,0.035572835690446
0,0.0347833054465716
0,0.0349188932196801
0,0.0135618404288419
0,0.0349463835605998
0,0.0357928850603297
0,0.0354931678338008
0,0.13483840217745
0,0.0352158009131212
0,0.0356931207467457
0,0.0354763596262845
0,0.035605490467505
0,0.0149738727965829
0,0.0347866334636688
0,0.0351314526902715
0,0.0358682243579185
0,0.0348091747466918
0,0.0121162181225561
0,0.0159002514024537
0,0.0358498038854228
0,0.5107797676427569
0,0.0166167851406288
0,0.0357775458800041
0,0.0302954918683271
0,0.0352196897843198
0,0.0352654088551644
0,0.0348491379303622
0,0.035147630773469
0,0.0275624997861049
0,0.0348600639060324
0,0.035861758990048
0,0.0349116855695583
0,0.0350288232260138
0,0.0356120169847521
0,0.035713894733905
0,0.0350365533154657
0,0.0351019014678107
0,0.012734679034214
0,0.0066764353929314
0,0.0354204457765428
0,0.0364715246520492
0,0.0030731125882549
0,0.0174336949706009
0,0.013246425337276
0,0.0176572561227655
0,0.0357570639589985
0,0.0108659084824366
0,0.0078754430075145
0,0.0351659327975079
0,0.033137002064086
0,0.0278294546420545
0,0.0286544805483904
0,0.0357033864382391
0,0.034788810857851
0,0.0349288464395292
0,0.034948692926617
0,0.0043552590991151
0,0.0355866660997643
0,0.0358780779968785
0,0.03556604966543
0,0.035832944196904
0,0.0351484041651563
0,0.0354382388376739
0,0.0347405413630778
0,0.0357607111574378
0,0.078157436665785
0,0.011149223062116
0,0.0098611532833754
0,0.025530401876241
0,0.0049767108889853
0,0.0350505510719072
0,0.0349118942412465
0,0.2005739770188404
0,0.0350160505571715
0,0.014025563030241
0,0.0358273511216355
0,0.0227186539574244
0,0.0357858821903858
0,0.035554059515546
0,0.0057470740717457
0,0.0349345046399074
0,0.0350073203195993
0,0.0355505982748547
0,0.0356650072749455
0,0.3945836194566585
0,0.0349299862172251
0,0.0187882782139374
0,0.0351140834372219
0,0.0166328811736673
0,0.0349045013891808
0,0.0338534181937032
0,0.0289517920006449
0,0.0050244351974791
0,0.0187069508516706
0,0.0356764863464612
0,0.0359019022671765
0,0.0349386953870339
0,0.0358401461360833
0,0.0054986180512077
0,0.0354220448230575
0,0.0350005481719099
0,0.0003720657927755
0,0.033796163882551
0,0.0071858193090154
0,0.0356165007655463
0,0.0347976466160352
0,0.035473596779361
0,0.0239900955151432
0,0.0356932428057376
0,0.0356089036571618
0,0.0347999329582036
0,0.034977431567265
0,0.0354723511828
0,0.0348489228956386
0,0.0348952313117217
0,0.0353715051856386
0,0.0350433526186242
0,0.0348192777318032
0,0.0358416767112785
0,0.0339748439568566
0,0.0358683886996405
0,0.0343564269248184
0,0.0358552283419413
0,0.0202441847533814
0,0.8114746375594785
0,0.0114534604960813
0,0.0092661100633065
0,0.0155014687557255
0,0.0351882854042928
0,0.0347854893684868
0,0.0201839153174501
0,0.0347772960646484
0,0.0352907056370488
0,0.0198740184577484
0,0.0349054128452697
0,0.0348179904755324
0,0.034788140075786
0,0.0326934800528724
0,0.0343207713857206
0,0.0036147862037857
0,0.0357012446651119
0,0.0353861887601803
0,0.0356399679321471
0,0.034788745679555
0,0.0350461137824872
0,0.0352695834309884
0,0.0358761705897731
0,0.0274537674269222
0,0.0048031756058064
0,0.0348906262560227
0,0.0348345474129971
0,0.0354397283354135
0,0.035081851679556
0,0.0347812546965759
0,0.0348954260619022
0,0.0093395543258502
0,0.0355449274989288
0,0.0348325194063831
0,0.0350573583942643
0,0.0349565865223873
0,0.0357566201446688
0,0.0356696266436854
0,0.0347866802100012
0,0.0358664677726139
0,0.0356891192199205
0,0.0354020663402699
0,0.0350913126588767
0,0.0141496920214075
0,0.0355208701233191
0,0.0357979536105912
0,0.0347857276178418
0,0.0046747828127773
0,0.0356106511820377
0,0.0265849759906092
0,0.0164030921004763
0,0.0337331276648142
0,0.028092090074483
0,0.0353069469729328
0,0.0405005508321821
0,0.035193059078528
0,0.0345193517920965
0,0.0348603799295507
0,0.0276514694530908
0,0.0354748032965224
0,0.035186726979352
0,0.0352313377806965
0,0.0173799715459972
0,0.0124598790395325
0,0.0347979952604585
0,0.0358408377382677
0,0.0347799757853981
0,0.0348135599703789
0,0.0273846176776347
0,0.0355497725375379
0,0.0165688166608515
0,0.0348473444641564
0,0.0351086304975447
0,0.0174234762502233
0,0.0352896767494436
0,0.0347676543347935
0,0.0350448357160229
0,0.0358373914436814
0,0.0347923072721504
0,0.0357145743312191
0,0.035608109619481
0,0.0215178665157716
0,0.035642531403845
0,0.0357495076040418
0,0.0275288096364586
0,0.0313524924061602
0,0.0347998776844502
0,0.0350353144366864
0,0.0283252029290229
0,0.0040375086793525
0,0.0350433841886982
0,0.0145752786670118
0,0.0349066003506831
0,0.192429947705036
0,0.1169237291431756
0,0.0347738012649627
0,0.0348460634228656
0,0.0329280171586115
0,0.0355987844326657
0,0.0075886809825621
0,0.0153232875233332
0,0.0354830855724021
0,0.0183224058048484
0,0.0349515958731206
0,0.0348189693058772
0,0.0355485932815863
0,0.0358552597526139
0,0.0267207432273268
0,0.0352981669065903
0,0.0180687822617869
0,0.0348863646772822
0,0.0211926049500154
0,0.032352265201123
0,0.0356329189391932
0,0.03478128002932
0,0.0146110077249242
0,0.0206748551035146
0,0.0357400434246177
0,0.0353174999162809
0,0.011476779525012
0,0.0348075008300088
0,0.0354248026031522
0,0.0358337697386527
0,0.0080824410174654
0,0.0026323603675619
0,0.0350708537219731
0,0.0353997185621516
0,0.0106349406916844
0,0.0353892690422052
0,0.0350268731670622
0,0.0357526732450753
0,0.0144244817016299
0,0.0356737032878577
0,0.0356706614451265
0,0.0304474237821138
0,0.0357209085910388
0,0.0092174421054904
0,0.0349136545279805
0,0.0356153490662855
0,0.0355364929450153
0,0.0358378976809404
0,0.0089575469858912
0,0.0213354334988898
0,0.0147361830146047
0,0.002068986767438
0,0.0355193093049946
0,0.021950461413199
0,0.0358415491828273
0,0.0343983403299703
0,0.0094894221489869
0,0.0324831311976735
0,0.0353918785776516
0,0.0065940363539502
0,0.026027991005487
0,0.0350639413903914
0,0.0358447657280224
0,0.0314943810302985
0,0.0294758706040831
0,0.0354405268669572
0,0.0802159964766609
0,0.0348814925035888
0,0.0317589011095787
0,0.0349553362975156
0,0.0182147048082823
0,0.035728111112316
0,0.0353685756554831
0,0.0056393408784606
0,0.0197066280111147
0,0.2616673697410609
0,0.0168501549256273
0,0.0358394700473597
0,0.0355626668609373
0,0.0148204637689636
0,0.002941113299898
0,0.0214826974300842
0,0.0356565763388279
0,0.007867960632814
0,0.0348644048203622
0,0.0226473756630368
0,0.0178892650993168
0,0.035373691610463
0,0.0119610144911765
0,0.0358014784757693
0,0.0355365403659844
0,0.0288809618305343
0,0.0353754834077919
0,0.0347832726089478
0,0.0353135138082442
0,0.0249202467618269
0,0.0038279914160409
0,0.0356686678653427
0,0.0355301066203114
0,0.0130708125086651
0,0.0269957912468501
0,0.0206497787291984
0,0.0217747057473486
0,0.0357431198214688
0,0.0194249305475227
0,0.0353145004373014
0,0.0034271678136865
0,0.0139451225338311
0,0.0354241959399845
0,0.0030605991423482
0,0.0347795933349667
0,0.0358065303237206
0,0.0936434731540502
0,0.0356459917161217
0,0.0321835485180666
0,0.0354413340454768
0,0.034999125321167
0,0.0324770242009455
0,0.0357231115944298
0,0.0348998737203601
0,0.0446462179959883
0,0.0351386125035667
0,0.001243591608054
0,0.035847052134603
0,0.0348174592641205
0,0.0347822927934073
0,0.0017872932344964
0,0.022763247100515
0,0.0358140691875781
0,0.0352986479409617
0,0.0356130093072914
0,0.0358429236295363
0,0.0066964973514437
0,0.0354492385323654
0,0.0349779059246004
0,0.0349951441419868
0,0.0350554022484071
0,0.0279997893211385
0,0.0124937172615517
0,0.03507406951474
0,0.0348982002034442
0,0.0349576941784744
0,0.0354391682159259
0,0.0232552427855707
0,0.0125100514274231
0,0.0348217479884218
0,0.0358342404908231
0,0.0356916609427491
0,0.0335466625483542
0,0.0071687364072588
0,0.0348719774186433
0,0.0358492241129023
0,0.0351766896653871
0,0.0347705216367303
0,0.0355826690158555
0,0.0215144473199409
0,0.0351973886743685
0,0.0347890102070268
0,0.0350966151475211
0,0.0356679400820455
0,0.0350268839162919
0,0.0349507075030227
0,0.0356577689044136
0,0.0354277256571963
0,0.0350728894640156
0,0.0327140278518008
0,0.0355234181937589
0,0.0213282004593247
0,0.0029538244240366
0,0.0355661542769401
0,0.0351786715684736
0,0.0356554254382759
0,0.0348518755384434
0,0.0356471630414972
0,0.035559676175946
0,0.0354758136783562
0,0.0457077775722341
0,0.0357921799693745
0,0.0348335594499375
0,0.0357762114725629
0,0.0141074167038749
0,0.0278275779007571
0,0.0356110213599299
0,0.0200393866751233
0,0.035825167380082
0,0.0353870772483694
0,0.0350853048571792
0,0.0356984235170247
0,0.0352512147933428
0,0.0357132609146342
0,0.0216724734111092
0,0.0160870362866659
0,0.006595617888132
0,0.035569965809649
0,0.0355885335709072
0,0.035245436592302
0,0.0318559045147183
0,0.0358527767858865
0,0.0243576637541284
0,0.023192044208213
0,0.0103778962765327
0,0.035532220840775
0,0.0356339225870892
0,0.0353980223167645
0,0.0720055672824508
0,0.0349142051070099
0,0.035399103923779
0,0.007894709318449
0,0.0357250818414713
0,0.0134484340814575
0,0.035800613485185
0,0.0127703240308851
0,0.0349397356336185
0,0.01022731426037
0,0.035616552515708
0,0.0358482275258472
0,0.0353080521653483
0,0.035385400219153
0,0.0358165878306616
0,0.0576856705635304
0,0.0356654415151182
0,0.0314540255932351
0,0.035062145896122
0,0.0018910581003892
0,0.0348127857139748
0,0.0059054258651998
0,0.0349575009867455
0,0.0348767199191954
0,0.0050231683767252
0,0.0357175853235766
0,0.0349334215235294
0,0.0358409974580112
0,0.0348847269827867
0,0.0345707585330907
0,0.035709545088619
0,0.0354236846319674
0,0.0075607473539246
0,0.0352095513729826
0,0.0347987414964296
0,0.0350851156136726
0,0.0351652720197653
0,0.0348800273466771
0,0.0227749160577976
0,0.5103721283320102
0,0.0261071980117564
0,0.0299795150812914
0,0.0007902094700855
0,0.0349802787317183
0,0.0171747462967567
0,0.0114888085185108
0,0.0356072512988685
0,0.0358888113530293
0,0.0063057138817579
0,0.0351086304975447
0,0.035465602353439
0,0.0322435021899443
0,0.0358724479983476
0,0.0349263223400873
0,0.035906975106898
0,0.0338194693577766
0,0.0348539461697219
0,0.0350375830806965
0,0.0351766538685277
0,0.0327362160541706
0,0.0003382743975747
0,0.0350530055304333
0,0.0357044081062006
0,0.0347782605503182
0,0.7793546743916479
0,0.0348644656424318
0,0.0356900495840646
0,0.0352501628103084
0,0.035861550625381
0,0.0251190325020002
0,0.0348877889536711
0,0.0355486937237473
0,0.0352410292868642
0,0.0358535647490121
0,0.0328205689592482
0,0.0238011341224137
0,0.0668065708276096
0,0.0238566194861002
0,0.0349087358771051
0,0.0729497277777561
0,0.035699935980855
0,0.0352902668655415
0,0.0108614581011178
0,0.034955847248334
0,0.0355588182329909
0,0.0347828833887087
0,0.0356582793870412
0,0.0338706892724541
0,0.0353892416079867
0,0.0354811845720569
0,0.035633436818444
0,0.0331024890096999
0,0.0353714334786973
0,0.0358672112583997
0,0.0358259668777598
0,0.0349125209130298
0,0.0352603482200554
0,0.1035117506377572
0,0.0355179711840552
0,0.0356234850430293
0,0.0348045609449004
0,0.0352147481453225
0,0.035948928699047
0,0.0352297539392601
0,0.0358590663576848
0,0.0226586870614117
0,0.0358575403938915
0,0.0348805294831706
0,0.0349508882132304
0,0.0355296792281316
0,0.0026477132501727
0,0.0334171765870708
0,0.0355320828323457
0,0.0351574352251322
0,0.0199080362158025
0,0.0348587793279184
0,0.0350396362626371
0,0.7472177934590912
0,0.0358011185583696
0,0.0348221513067618
0,0.0349756649712785
0,0.035070359018159
0,0.0358467517396758
0,0.0357741547982587
0,0.0358455890061892
0,0.0140855032490943
0,0.034926093439916
0,0.0356818969346799
0,0.0358641615771065
0,0.0293070107987163
0,0.0207248481984213
0,0.0355704586827576
0,0.0349106822069735
0,0.0352259346957927
0,0.0351283691814648
0,0.0355832238839142
0,0.0350222275010075
0,0.0351571664077081
0,0.0023316616974655
0,0.0347813862863399
0,0.0347876530760052
0,0.0356543586399733
0,0.0086490423228963
0,0.0348333906688433
0,0.0155454745553351
0,0.0356310576479991
0,0.0039320506344991
0,0.00574497286308
0,0.0131398807328389
0,0.0358061279176866
0,0.0351400320264067
0,0.0113790863662906
0,0.0348018454216717
0,0.034807210901027
0,0.035078810810368
0,0.0355046044725438
0,0.0043812339520881
0,0.0356131935702084
0,0.0348500523159416
0,0.0351245793683589
0,0.0154659342634367
0,0.1115764314408925
0,0.0164143822938569
0,0.0257978300461489
0,0.0353228738288848
0,0.0356954228349579
0,0.0356902520640512
0,0.0208055769608217
0,0.0909401140493027
0,0.0348142995985565
0,0.0354006942671055
0,0.035184512170775
0,0.0357630601565101
0,0.0348464943478298
0,0.0358684776032028
0,0.0300254684032898
0,0.0319097087791625
0,0.0356373242020355
0,0.0351636390765532
0,0.034824650131448
0,0.0347946886190404
0,0.0351865416002493
0,0.0138479675912744
0,0.0356018935762374
0,0.0073112222545055
0,0.0029625242012198
0,0.009119866973974
0,0.035358656357798
0,0.0356830734496474
0,0.0191310601948218
0,0.0024012413420812
0,0.0157813303381906
0,0.035483791736649
0,0.035693330191499
0,0.023344516660161
0,0.0357642801687698
0,0.0036786537565336
0,0.0358503949638895
0,0.0354643513395641
0,0.2989588646415665
0,0.0019693368954809
0,0.0350861933545474
0,0.0354844579719685
0,0.0348490622291315
0,0.035801660686468
0,0.0352363933132091
0,0.0231560352567801
0,0.0350410017805337
0,0.0286538755290498
0,0.0356220686953003
0,0.0356694796448475
0,0.034877968978862
0,0.0356437431901832
0,0.0076318577563814
0,0.0354692548126801
0,0.0028248713149423
0,0.0048830442177658
0,0.0252496830036853
0,0.0352648834444079
0,0.0357745003394192
0,0.0355154833718714
0,0.0109847714905938
0,0.0358243190464746
0,0.0221048373165309
0,0.035849512686024
0,0.0358641666679834
0,0.0260681478764182
0,0.035828488099122
0,0.0349001343280449
0,0.0204102604740795
0,0.0063772252588649
0,0.035846865136557
0,0.0351362974869545
0,0.0355659942175164
0,0.0349632426236833
0,0.0351866848817738
0,0.0351447703299079
0,0.0347811180559714
0,0.0354135772405532
0,0.0358772145827566
0,0.0041545335633459
0,0.0358542362265165
0,0.0271153065603956
0,0.0204402421867779
0,0.0347678520390663
0,0.0137889467996543
0,0.0283182371683262
0,0.0154818549011095
0,0.0356385150668765
0,0.0352537369404241
0,0.0197349816442949
0,0.0356650282772958
0,0.0349066586100689
0,0.0348031938441898
0,0.0358389362911548
0,0.0099082987141971
0,0.0349482437835366
0,0.0357272506619886
0,0.0352496346789297
0,0.0012535863800089
0,0.0351720921560719
0,0.0031455087911051
0,0.0347886247144493
0,0.0352637092382783
0,0.0358516447439148
0,0.0350401482885745
0,0.033435889193097
0,0.0356735144458664
0,0.0283113273445001
0,0.0348966247851845
0,0.0357511049556956
0,0.0348532763205169
0,0.013390732532754
0,0.0340265108942143
0,0.0352884797761231
0,0.0350757714255777
0,0.034864526484461
0,0.0342255693748266
0,0.0349803941422244
0,0.0357808369040183
0,0.0061434518526498
0,0.0349063794070236
0,0.0358579672513428
0,0.0104433733375327
0,0.0274872506569061
0,0.0356103928639265
0,0.0358453985676625
0,0.0355219750702203
0,0.0211554597765078
0,0.0351297107241039
0,0.0122529452013967
0,0.0351916626227607
0,0.0151754120190446
0,0.0141670136266818
0,0.0129976425410086
0,0.035743670564005
0,0.0041916838155917
0,0.0138215476137781
0,0.0357969022734957
0,0.0349818744690953
0,0.0357635463745473
0,0.0350210230985194
0,0.0356511831541841
0,0.0259795733389339
0,0.0351870239742598
0,0.0350882931840558
0,0.0297084873092655
0,0.0354810254403655
0,0.0358686411782018
0,0.0356754151974833
0,0.0358485478979407
0,0.0358678593889766
0,0.0355887226859121
0,0.0350074279315816
0,0.0349337928233333
0,0.0358081894915419
0,0.0349275032538779
0,0.0355189757787704
0,0.0347830009251763
0,0.0070218697059748
0,0.0358569941685095
0,0.0350509108064961
0,0.0202503174865395
0,0.0149753587291081
0,0.0356961209577222
0,0.0357498203293456
0,0.0350450554189442
0,0.0351657425448123
0,0.0357680932759316
0,0.0349206399876462
0,0.0357222107402717
0,0.0358353256437468
0,0.0357921735994763
0,0.0348158993071641
0,0.077581538882401
0,0.034793528766067
0,0.0076952503567165
0,0.0353657262890149
0,0.0353240802945893
0,0.0355636898896329
0,0.0357568908527064
0,0.0239434707909753
0,0.0358017289411897
0,0.0352521175457922
0,0.03484662101775
0,0.0186318820290306
0,0.0352191524708848
0,0.035247057266155
0,0.0168102171928371
0,0.0145945300985724
0,0.0358314787982159
0,0.0322974206284118
0,0.0352965011076442
0,0.0351290970269645
0,0.0309296385085985
0,0.0349167227873767
0,0.030276707656602
0,0.0347795418155282
0,0.0354292594270582
0,0.0351785834014568
0,0.0355613242579302
0,0.029767479510484
0,0.03394539830186
0,0.035822644370741
0,0.017918275510177
0,0.0348028423980207
0,0.0354410174038046
0,0.0351420931073245
0,0.0351166061939942
0,0.0341307556539866
0,0.0358433853118456
0,0.023017671921018
0,0.0351264260634036
0,0.0355109246715843
0,0.0348257938198262
0,0.0358197291379878
0,0.0350959201923938
0,0.0356910667775682
0,0.0284638583350566
0,0.0222923289131006
0,0.0349304668094793
0,0.0343827840961846
0,0.0355898525234359
0,0.0247430343691355
0,0.0347799676983518
0,0.0132130411580296
0,0.0340857059215691
0,0.0064169008321521
0,0.0026054640026057
0,0.0357842400717725
0,0.0353756234377202
0,0.003979989820914
0,0.034807157216799
0,0.0189163407581129
0,0.0250462052723928
0,0.0352525762973019
0,0.0045193473281273
0,0.0355733212776915
0,0.0348868990135164
0,0.028583920305179
0,0.0351928122437748
0,0.0349261223555773
0,0.0265480853609269
0,0.0350961310165092
0,0.0349765469464907
0,0.0348602339000486
0,0.0357849310507865
0,0.0357783693996712
0,0.3158937799436486
0,0.0302426778061109
0,0.0159819273748699
0,0.0358478179703896
0,0.0357349726192273
0,0.0048788384106042
0,0.0357652781841699
0,0.0358358665543681
0,0.0122137734062166
0,0.0330373293747569
0,0.0948807593596479
0,0.0156172407133723
0,0.0162252262662075
0,0.0004311371790957
0,0.0353420841046409
0,0.0358197327027576
0,0.0347992293451596
0,0.0358348058504446
0,0.0035400421481822
0,0.0356791267961288
0,0.0285691093658941
0,0.0333231828740998
0,0.0347900995684586
0,0.0355428104681414
0,0.0348278029665654
0,0.0090638431327284
0,0.0274555667652845
0,0.0348874934690314
0,0.0356929481270993
0,0.034919000219334
0,0.0349270782030974
0,0.0347928324505361
0,0.029472000629362
0,0.0352246137079121
0,0.0351960743906709
0,0.5308328541214665
0,0.0358383134854938
0,0.0355871311092097
0,0.0073416591369069
0,0.0296153913325626
0,0.0189314351587905
0,0.0356068370026445
0,0.0348288187402475
0,0.0357020839615764
0,0.0355296792281316
0,0.035387631750908
0,0.0353004801186498
0,0.0358241810991244
0,0.001827607064649
0,0.0351900973270301
0,0.0187673754216357
0,0.0356941279792547
0,0.034774803572641
0,0.0358461058452811
0,0.0011084461561927
0,0.0357117580075712
0,0.0350149126387183
0,0.0306066095898968
0,0.0321017837233685
0,0.0314858405345259
0,0.010010143824152
0,0.0306574645975709
0,0.0347804032167311
0,0.0347761373530322
0,0.0351365073281988
0,0.0357779278305115
0,0.0023762017405739
0,0.0349863573769228
0,0.0356355809169854
0,0.0338772213375476
0,0.0350005703553314
0,0.0023130556093332
0,0.035624941970103
0,0.0238522244590401
0,0.0351205199730374
0,0.035032729875664
0,0.0218816435508486
0,0.0013213400136131
0,0.0357219897397668
0,0.0357335064253029
0,0.0033815408153512
0,0.0358579797909543
0,0.0351429198503597
0,0.0358211457894485
0,0.0357917606435013
0,0.0356299968573531
0,0.0108626928759969
0,0.0326612806594555
0,0.0355020923266415
0,0.0347728885629344
0,0.0352177342933435
0,0.0352695603140713
0,0.0358188984814838
0,0.0201478385679492
0,0.035853780232608
0,0.034943565276696
0,0.0357692005600972
0,0.0350497207305133
0,0.0347821297136559
0,0.0358553734909338
0,0.034926093439916
0,0.0352577763476423
0,0.0260255316093399
0,0.0043958408712568
0,0.0348376651617457
0,0.0122977259993282
0,0.0015099577086106
0,0.0349472288095777
0,0.0246917122041357
0,0.0358576062749647
0,0.0351877111271021
0,0.0352527585914124
0,0.0351352646603947
0,0.0348653958057963
0,0.0125856555316389
0,0.0184319045178889
0,0.0014127023448994
0,0.0349397688464563
0,0.0356296352014559
0,0.0357751224389354
0,0.0358548221835453
0,0.0086073161505407
0,0.0357871879478812
0,0.0226130259179301
0,0.0350971673544028
0,0.0348247381624566
0,0.0115332625773741
0,0.0041432103005846
0,0.0357321603385719
0,0.2787751444848309
0,0.0347889025365143
0,0.0344340099499368
0,0.0339894318368748
0,0.0023121679878177
0,0.0246097134581211
0,0.0020478112037826
0,0.0098821624508577
0,0.0352118866669971
0,0.0348660479433647
0,0.0118185892965116
0,0.0115275962431032
0,0.0350436703612692
0,0.0039854845201191
0,0.0200852791512848
0,0.0357411492946738
0,0.018153519469798
0,0.0355081315152
0,0.0014736396657533
0,0.0358754217297182
0,0.0013605913975275
0,0.0347972478858313
0,0.0142025126089526
0,0.0351960296539921
0,0.0356098586680477
0,0.0017530158982502
0,0.0349420658961011
0,0.0354179949980807
0,0.0358518347011006
0,0.0355888413693599
0,0.0199485383816972
0,0.0351609607967919
0,0.0056293797677652
0,0.0356580407226251
0,0.0007793851153004
0,0.034840660905346
0,0.0356491471442369
0,0.0331885819935309
0,0.0354497490681964
0,0.0356545418122011
0,0.0349174234640254
0,0.0350842251283657
0,0.0211268319902675
0,0.0241373501039652
0,0.0326201229332222
0,0.035455819879061
0,0.0358574773698167
0,0.0020960642474865
0,0.0204513636088987
0,0.0102791447651241
0,0.0348703450085101
0,0.0323015952613408
0,0.0353748038781615
0,0.0354147885299849
0,0.034857213562067
0,0.0348064342280863
0,0.0020750631047048
0,0.0348847269827867
0,0.0350407363207669
0,0.0349837199925184
0,0.0356360992895787
0,0.0348591012101148
0,0.01150541183561
0,0.035607873074561
0,0.0348434494994913
0,0.0357734927917596
0,0.1401402014431851
0,0.0329769201660249
0,0.0347832748556458
0,0.0315418831145773
0,0.0356446019793554
0,0.0033595608799644
0,0.0350505856624464
0,0.0300687685697707
0,0.0262009249949516
0,0.0357635326690715
0,0.0347914835007794
0,0.0357578236642013
0,0.0358629646806116
0,0.0358658527761341
0,0.0295492063971388
0,0.0356056946816265
0,0.0358271716315189
0,0.0355139223075759
0,0.0146049510420939
0,0.0356910306970916
0,0.0332607219529346
0,0.027491712147762
0,0.0327254622603606
0,0.0358468378698607
0,0.0355008630331417
0,0.0194274515164262
0,0.0313366583995939
0,0.0358189911363163
0,0.0303612486315231
0,0.035892723706444
0,0.00627600456487
0,0.0350347339464887
0,0.0108600694348712
0,0.0355701066454625
0,0.0334423076228135
0,0.0350853048571792
0,0.0111669556417827
0,0.0297427298608137
0,0.0090508474539243
0,0.0352241011830264
0,0.1511794755179786
0,0.0008886387817451
0,0.0182892403205846
0,0.0205897842346952
0,0.0358221423761327
0,0.0358579541539277
0,0.0189967282983138
0,0.0036705049127918
0,0.0188749853156739
0,0.0235859571907669
0,0.0005253002459033
0,0.035859416751646
0,0.0353137259967242
0,0.0019711236299707
0,0.0061473601824491
0,0.0355583328467682
0,0.0055282224586832
0,0.0358408135436699
0,0.0358113911687741
0,0.0356264361848432
0,0.0358399648600519
0,0.010792085974054
0,0.0124804824321223
0,0.0353124180423771
0,0.0354090487792141
0,0.0223866038912214
0,0.035717123140064
0,0.0034935633421433
0,0.0349041118346372
0,0.0134139712667264
0,0.0349757481081041
0,0.0316528076509569
0,0.0352872695091584
0,0.0351529804447261
0,0.0347818902711169
0,0.0357502936510072
0,0.010046372330364
0,0.0320877104324572
0,0.0347733738024951
0,0.0357769356605596
0,0.0153381782756865
0,0.035344746599386
0,0.0108383484947548
0,0.0223402383493046
0,0.0350610045340746
0,0.0095654245196744
0,0.0347901389238789
0,0.0350097026165126
0,0.0348022465928785
0,0.0348352297630919
0,0.0354812943437776
0,0.0356645902169639
0,0.0271847152926234
0,0.0351057183283741
0,0.5275284614462957
0,0.035165676497838
0,0.0349337411413782
0,0.070065696023733
0,0.0356740593007782
0,0.0349621676026147
0,0.0357560276617013
0,0.0355824770838738
0,0.4432779127112469
0,0.0245153418224212
0,0.0331324472458037
0,0.0325202251736651
0,0.0353368213697239
0,0.0349468279194677
0,0.012753850145069
0,0.0430159314320944
0,0.0348677677047082
0,0.0348247995872362
0,0.0140699344654406
0,0.0142405012899703
0,0.0358227191739889
0,0.0116564774755381
0,0.0301080714395308
0,0.0006372455699049
0,0.0349100370328258
0,0.0061311894360347
0,0.0044272485498475
0,0.0296722344451413
0,0.0295571034600904
0,0.0358326118135705
0,0.0353377676584179
0,0.0353780048513067
0,0.0357029895851577
0,0.0353730236103713
0,0.0128493226539078
0,0.1885779915887101
0,0.028267276545819
0,0.0350408716159286
0,0.0134637145882196
0,0.0347907663058197
0,0.0357893704768093
0,0.0263276694173704
0,0.0320060701176017
0,0.5256946173009581
0,0.0358256024762836
0,0.0030719950951634
0,0.0347874529784768
0,0.0358852913109348
0,0.0357361189552113
0,0.0351016343776613
0,0.0357377723240969
0,0.0350471038782999
0,0.0349324085731065
0,0.0356083471258149
0,0.0348072004903354
0,0.035215434041246
0,0.0101950333877231
0,0.0354891457645138
0,0.0052865515565305
0,0.0286437114040246
0,0.03583536929072
0,0.0247542590050583
0,0.0358309403293158
0,0.0290422645695316
0,0.0355898397376521
0,0.0351380016830368
0,0.0174719483513658
0,0.0349876175343464
0,0.0349954927554318
0,0.0012133285926605
0,0.0348446237006509
0,0.0356792208266924
0,0.0347889498827553
0,0.0356501786662434
0,0.0348622527567656
0,0.0134770318614973
0,0.035628521755325
0,0.0349997192915677
0,0.0349101659208124
0,0.0353070198479597
0,0.0351593568941206
0,0.0245247749461723
0,0.0042619765996088
0,0.0286947548370925
0,0.0348480214821798
0,0.0040963565987376
0,0.0357916664872835
0,0.0353692943536456
0,0.0350277598049684
0,0.0357100403072541
0,0.0350115734534164
0,0.0358637772813333
0,0.034796572361028
0,0.0129646969156
0,0.034837057566139
0,0.0349397754347571
0,0.0357608577493667
0,0.0351197836302652
0,0.035208280550717
0,0.035519638232326
0,0.0354180573108886
0,0.0129530921540186
0,0.0280799581153446
0,0.0358586611610396
0,0.0348414079243414
0,0.0353477444971246
0,0.0339758919812269
0,0.0350585940023263
0,0.034338651937043
0,0.0357741119010581
0,0.0354052544736968
0,0.0357748816271133
0,0.0102049120275848
0,0.0358042067947175
0,0.0351432070620324
0,0.0125514191067316
0,0.032171571975077
0,0.0357501398023199
0,0.0358377566277449
0,0.0321895074786637
0,0.5363936298627194
0,0.0323653993240203
0,0.0018070021405512
0,0.0155662095197888
0,0.0202205777374049
0,0.0151395385826114
0,0.0357286273252259
0,0.0356764502385834
0,0.0358538285023475
0,0.0351866988015904
0,0.0348878207822309
0,0.0356373208331016
0,0.0351299161498295
0,0.0357677735854316
0,0.0351440960318407
0,0.0064181606840558
0,0.035849261497191
0,0.0037637326633032
0,0.0347930259599293
0,0.0320745760636111
0,0.0358423998006919
0,0.0355484543236493
0,0.0013948817525888
0,0.034789648030944
0,0.035444700524638
0,0.0358556490127018
0,0.0358224251483567
0,0.0090543435157154
0,0.0348453155812561
0,0.0358428823125194
0,0.0202734013666629
0,0.0303882120475346
0,0.0239911111571231
0,0.0355197116325545
0,0.0348137094483449
0,0.0087960306220877
0,0.0068168355418736
0,0.0347895712398847
0,0.0356931511222244
0,0.035807503668288
0,0.0356683317673817
0,0.0242844973490281
0,0.0347769060963685
0,0.0348332133936769
0,0.0275615955807406
0,0.0348266551904469
0,0.0352172287856162
0,0.0356553384035391
0,0.0341619852276079
0,0.0355674636326904
0,0.0615003712245929
0,0.0193640582009654
0,0.0347808781560226
0,0.0358929790858892
0,0.0348124159057743
0,0.0352778892880841
0,0.0355756291494766
0,0.0358228556679395
0,0.0037453340271445
0,0.0115529630283818
0,0.0305969855506751
0,0.0348216006294344
0,0.0358362709428662
0,0.0060649300291557
0,0.0043214726838838
0,0.0355621998781448
0,0.0352168501540939
0,0.0275076499794896
0,0.0348336567754391
0,0.0349157923465553
0,0.0131153085524795
0,0.0342357390455269
0,0.0355837979725331
0,0.0348542723228407
0,0.0348676838207099
0,0.0057542935322946
0,0.0238772078858927
0,0.0009433306307774
0,0.0350697823237002
0,0.0351706264940314
0,0.0356859196681432
0,0.0357585606934666
0,0.0091189234545177
0,0.0357354288454188
0,0.0342959130984956
0,0.0352769398285931
0,0.0348180626375006
0,0.0136942499784833
0,0.0326051291070071
0,0.0206819498944694
0,0.0098831708582521
0,0.0357649331916776
0,0.0356001457526722
0,0.0131785153069448
0,0.0018251095192552
0,0.0341615617157544
0,0.0297435298889582
0,0.034788309941447
0,0.0043695122255852
0,0.0026056267578042
0,0.0343417011635884
0,0.0147843462919144
0,0.0353578089023731
0,0.0357131782678133
0,0.0355009354680399
0,0.0330240670302016
0,0.0309907141424252
0,0.0019119076910881
0,0.0356870417520512
0,0.0251991591467733
0,0.0357414420683948
0,0.0280132019402248
0,0.0349427055776487
0,0.0132606892400574
0,0.0308708111491426
0,0.0285922854688896
0,0.0353181464993392
0,0.0357943024509942
0,0.0348192986958717
0,0.0353028120292399
0,0.0349893669817352
0,0.0535451456230109
0,0.0081152222605933
0,0.0350455218058578
0,0.0315177298087072
0,0.0347922856536977
0,0.0191178532488678
0,0.0327785752758628
0,0.0355257594841657
0,0.0358169503405148
0,0.0357977586883224
0,0.0303505210960465
0,0.0144302188589854
0,0.0354193968599652
0,0.0318151591071896
0,0.0355666151940423
0,0.0356219337915097
0,0.0355299973332236
0,0.0357996654487286
0,0.0357651694581636
0,0.0358579672513428
0,0.0351066596619617
0,0.1189025559881785
0,0.0357486494869604
0,0.0329417555904072
0,0.0352375977904408
0,0.0358678670582971
0,0.0352426170851513
0,0.0336855222243286
0,0.0357475948958845
0,0.0073227475894512
0,0.0349293354775779
0,0.0352228615068162
0,0.0142819086352936
0,0.035588229038271
0,0.0357190770917035
0,0.0351148692334779
0,0.0330020042807015
0,0.0318588690101813
0,0.0356132117966585
0,0.0356053086323452
0,0.0310759165563254
0,0.035481606129484
0,0.034878501971944
0,0.0358198438912891
0,0.0357021368269435
0,0.0353108930580747
0,0.0356981131812609
0,0.0123947517132117
0,0.000719440680379
0,0.0348735708979617
0,0.0352100255828467
0,0.0156544775316795
0,0.0350701374372019
0,0.0042783627135512
0,0.0355889577288423
0,0.013201217049431
0,0.0357030891712254
0,0.0188607285498553
0,0.0209853679342843
0,0.0349141295910766
0,0.03319887065644
0,0.0722297382922516
0,0.0348709303738883
0,0.0183123924904097
0,0.0353937529438289
0,0.0348670637404679
0,0.0165905428129191
0,0.0034381644932207
0,0.0356893565133367
0,0.03494505231778
0,0.0356063762527456
0,0.0352013233094269
0,0.0352833567074942
0,0.0351046789995181
0,0.035333572480838
0,0.0354668632676747
0,0.0348849289277603
0,0.0139527355795395
0,0.0356873742302114
0,0.0349663105092777
0,0.0356948747806244
0,0.0150113102027105
0,0.0358172573042919
0,0.0105661985782484
0,0.015976841668407
0,0.0281304663749954
0,0.0083898808735321
0,0.0356767302412921
0,0.0351093700716109
0,0.035798482162369
0,0.0072899394855497
0,0.0351416616630325
0,0.0196993532785676
0,0.0356669354045772
0,0.0053781083725836
0,0.0355722741037383
0,0.0236598825394273
0,0.0354120022504521
0,0.0353654126965482
0,0.0353685815804386
0,0.0282628607198916
0,0.0352664803280136
0,0.0354379094626914
0,0.0354844611793347
0,0.0352440205821896
0,0.0315986313882771
0,0.0221136681696319
0,0.0354748871370289
0,0.0348191810584945
0,0.0269877467704278
0,0.0357001384730405
0,0.3819195436119634
0,0.0358454417080841
0,0.0350649367935236
0,0.0172170002350085
0,0.0226075110264964
0,0.0347864589029486
0,0.0345922109953113
0,0.0347825213812753
0,0.0358335924794272
0,0.0358577020900759
0,0.0357683257015855
0,0.0066445252685815
0,0.0358656441305244
0,0.0347859810273579
0,0.0314394838557696
0,0.0044612213212535
0,0.0358841347728978
0,0.0347811317341602
0,0.0355574000292384
0,0.0358770957636101
0,0.0352835818325847
0,0.0351318300289795
0,0.0358641329432612
0,0.0358143867593524
0,0.0352004223527667
0,0.0348579273938905
0,0.0357888765994914
0,0.0347846245507483
0,0.030329062544835
0,0.0843550756109024
0,0.0358378648731192
0,0.0347844107769348
0,0.0120857746271824
0,0.0357790710743702
0,0.0353151794286107
0,0.0355362154577204
0,0.0350277598049684
0,0.1564298136197164
0,0.0023666814700168
0,0.0349950524180409
0,0.0358201243617906
0,0.035642073638203
0,0.0348390500604805
0,0.0350300914340335
0,0.0349341290348211
0,0.0348369061580382
0,0.0350088235782938
0,0.0351375751895548
0,0.0353362781090608
0,0.0282739489377029
0,0.0133515647567075
0,0.035808206708343
0,0.0353570430796499
0,0.0343802276310065
0,0.0351061059959479
0,0.0358580807997742
0,0.0133411506174725
0,0.0358004398614898
0,0.0357450643621595
0,0.0183952919205093
0,0.0356335336627356
0,0.0094066994133099
0,0.0352934426714281
0,0.0158329722974151
0,0.0301112241011754
0,0.0328459362570919
0,0.035132836027977
0,0.0228302991678684
0,0.0350858181098655
0,0.0211514523737227
0,0.0358937299440672
0,0.0147572596640264
0,0.0347809043327251
0,0.1229147032760509
0,0.0352379992938685
0,0.0357916092808684
0,0.0353519055949211
0,0.020945472517608
0,0.0333571784500253
0,0.0349478884394221
0,0.0247505027845479
0,0.0357062209061738
0,0.0355797491946793
0,0.0217827837236854
0,0.0350470435256784
0,0.0356147207466799
0,0.0349452012027463
0,0.0348255323129529
0,0.0355095011416981
0,0.0217013799805733
0,0.0351816922787815
0,0.0356878334966765
0,0.0357613045276354
0,0.0347952880554501
0,0.0348215963002381
0,0.0095443575249557
0,0.0356958606035106
0,0.0108974120748682
0,0.0356892134033728
0,0.0348488601885758
0,0.0353263277023467
0,0.0347962358718709
0,0.0357546008946603
0,0.0292652071991004
0,0.035008946320798
0,0.0327521662414188
0,0.0356346333944216
0,0.0296813466126688
0,0.0349905387079987
0,0.0354885650927119
0,0.077472401167295
0,0.0347891510234617
0,0.0358146039400601
0,0.0035050130198998
0,0.0073471420920928
0,0.0355366168668471
0,0.0069099607184511
0,0.0145945300985724
0,0.0268906967157261
0,0.0347928324505361
0,0.0254670401367007
0,0.0149174784278354
0,0.0140347148260223
0,0.0116175814998122
0,0.0348687474565222
0,0.026620290916823
0,0.0357113015442177
0,0.0355856113397081
0,0.0128366929856572
0,0.0086945771451033
0,0.0348451851458443
0,0.0358543174720451
0,0.035255334733674
0,0.0063371596675309
0,0.0350192406848364
0,0.0279944425430988
0,0.0348007224157745
0,0.0349865802595934
0,0.0144037358297115
0,0.0348847599620049
0,0.0358489523692283
0,0.0356033081723671
0,0.0348235544500497
0,0.0328613166585843
0,0.0287825762594416
0,0.0256444403671618
0,0.0083356978460236
0,0.0019000341816832
0,0.0348267976652222
0,0.0358599171713374
0,0.0354573497935958
0,0.005063425161895
0,0.0350013377716405
0,0.0323938641417239
0,0.0257277264677517
0,0.0357344993574602
0,0.0325458911073866
0,0.0027209998204526
0,0.0103568689855506
0,0.0124144969563251
0,0.0356463665324639
0,0.034785678400044
0,0.030706572473824
0,0.0318471409574351
0,0.0337364692986111
0,0.0353263277023467
0,0.0105429711015374
0,0.0239477203304485
0,0.0357165306640865
0,0.0354246591645875
0,0.0326562005380614
0,0.0349612184263526
0,0.0142199707356101
0,0.0356083839467725
0,0.0353290731927142
0,0.0349318580252659
0,0.0138260898893649
0,0.0537365293796615
0,0.0161521495838457
0,0.0184826342717149
0,0.0028180249475743
0,0.0357655830224025
0,0.0357519508137979
0,0.0359023658972879
0,0.0244291457981797
0,0.0302097297187355
0,0.0174402180343385
0,0.0104582671131608
0,0.000344132427848
0,0.0356949361486524
0,0.0356719485205157
0,0.035814685433794
0,0.035374489050537
0,0.0176279682933844
0,0.0077988473439322
0,0.0159586504673095
0,0.0487366834630805
0,0.0353639775879902
0,0.0298465271126742
0,0.0357119858158294
0,0.0354529857058172
0,0.0351923632305895
0,0.0349186904730596
0,0.0358758639838119
0,0.0353746433862062
0,0.0129038865189412
0,0.0354614389059019
0,0.3091296386752132
0,0.0348896751280682
0,0.0357207576708973
0,0.0040463256798652
0,0.0352337384125578
0,0.0358226300842137
0,0.0358585676098333
0,0.0287581590128129
0,0.0348955410613981
0,0.0152148598924368
0,0.0108035385813995
0,0.0348563675711507
0,0.035647614624214
0,0.0292438258086543
0,0.0318769717726912
0,0.0094328546681089
0,0.092877289956697
0,0.0108082902477762
0,0.0144016767814379
0,0.0157957501403479
0,0.0344862604824982
0,0.0019372685402565
0,0.0341868884322307
0,0.03579995721766
0,0.0358906563888581
0,0.0030129843591228
0,0.0344767400310267
0,0.0349631994499196
0,0.0134096683130855
0,0.0357323189259288
0,0.0358179119683216
0,0.0358398428774664
0,0.0355099433080973
0,0.0348310684322335
0,0.0219030820526953
0,0.0358479240799795
0,0.1009919491630305
0,0.0141475030974557
0,0.0227708087299235
0,0.0072498343452375
0,0.0122213986538905
0,0.0347847263379469
0,0.0286385295969712
0,0.0155198712791205
0,0.0350463963105472
0,0.0355026050413956
0,0.0348731291204249
0,0.0322884825727948
0,0.0355481362340197
0,0.0349102628444472
0,0.0358520468947577
0,0.0183334469687009
0,0.0093170619227109
0,0.0358197885782592
0,0.0357882213003265
0,0.0318242655527362
0,0.0435019122788136
0,0.0034053703692202
0,0.03576607953982
0,0.005394579890404
0,0.0258496102225087
0,0.0310505229485261
0,0.0348447423876229
0,0.0180228279383993
0,0.0352017804403269
0,0.0188721806110211
0,0.034847788397523
0,0.0357397057972877
0,0.0226099121430582
0,0.0352044214050942
0,0.0242494734315092
0,0.0249857674931102
0,0.0326347316174219
0,0.0357367722043365
0,0.0350003148596262
0,0.0123362277238588
0,0.0394608244096853
0,0.0278151109805469
0,0.0164964548410107
0,0.0161429330834853
0,0.0238105752722821
0,0.034780921173803
0,0.022159249570282
0,0.0358120909632392
0,0.0250833952739241
0,0.0353053197076475
0,0.0358181205563765
0,0.0266605275308262
0,0.0070327275940525
0,0.0352098090168022
0,0.034994922651451
0,0.0358124072553734
0,0.0349279701889098
0,0.0328502262813556
0,0.0346225229294887
0,0.0348266323470671
0,0.0350746797994133
0,0.0319468205574511
0,0.0355002575638795
0,0.0358576356813944
0,0.0352994047979321
0,0.0358334712971933
0,0.0351793561977171
0,0.0169156111350816
0,0.4361170965551356
0,0.0358536160192403
0,0.0353813665745965
0,0.0233369009814932
0,0.0347946663269191
0,0.0250110071344375
0,0.0403794072699265
0,0.0358543957968064
0,0.0192345212509426
0,0.0358046922050887
0,0.0049485688376173
0,0.0356601419112848
0,0.0356588226380456
0,0.035615816294059
0,0.0171372186716411
0,0.0358259636639714
0,0.0238244524123292
0,0.0348784393415986
0,0.0174196551494435
0,0.0347860547967631
0,0.0358843027189205
0,0.0356123595191716
0,0.0348607789301639
0,0.0328736399175575
0,0.0357271594331311
0,0.0135613650876055
0,0.0355271503943963
0,0.0042879895378422
0,0.0049216390400163
0,0.0323444496594946
0,0.2045315353821225
0,0.1683299187560565
0,0.0356401655264855
0,0.0280087550817616
0,0.0349549087724326
0,0.0355448971945489
0,0.0349031460509479
0,0.0352821299911432
0,0.0353571722799412
0,0.0119721511054073
0,0.0343396169317535
0,0.0357073622680791
0,0.0105701425643232
0,0.0140279968696099
0,0.035442607994647
0,0.1282652821039153
0,0.016756174733365
0,0.0347462451065899
0,0.0348875543516317
0,0.0358548391849671
0,0.1041236481224333
0,0.0348931926345256
0,0.0115208417892323
0,0.0348041663534729
0,0.0358571163794952
0,0.0133346461059736
0,0.0109306064533222
0,0.0355169015510324
0,0.0108166740395549
0,0.0164803518931712
0,0.03444821237632
0,0.0016167593609088
0,0.0249239435977796
0,0.0355485532604744
0,0.0356608571310175
0,0.0348478979208191
0,0.0357254186352404
0,0.0333336402499001
0,0.0310578357083626
0,0.0357983057670766
0,0.034980818301332
0,0.0299250452286634
0,0.0355978288235168
0,0.0357563896367386
0,0.6472657167001918
0,0.0202840702871734
0,0.0352675609504736
0,0.0349295672760762
0,0.0348138938330285
0,0.0068548483635884
0,0.023852685390088
0,0.0348630826888699
0,0.0168255137248391
0,0.0358530402137454
0,0.0139586653814858
0,0.0350024660734835
0,0.0207008072844247
0,0.0348130005701856
0,0.0347571301618368
0,0.0352759896217452
0,0.03591709696864
0,0.0358757594308107
0,0.0352612982347735
0,0.0357557311585705
0,0.0348530304311199
0,0.0348743160242976
0,0.0348496336961293
0,0.0357132035662614
0,0.0106997374069107
0,0.0314057097837951
0,0.034814512859498
0,0.0275613166072461
0,0.0102319247897494
0,0.0247802197310345
0,0.0348219585227418
0,0.0357898017625271
0,0.0233591229083445
0,0.0335671794889405
0,0.0349795873868089
0,0.0348250326546986
0,0.0356405950280752
0,0.0350473030468771
0,0.0347857276178418
0,0.0351153330008713
0,0.0351095241421987
0,0.0194121716978121
0,0.0348449116781514
0,0.0347949092451737
0,0.0350281979565145
0,0.0354431054940227
0,0.0354934606727579
0,0.0352311445716643
0,0.0350810992376678
0,0.0350773795897001
0,0.3909972702623864
0,0.0352023254148849
0,0.0350219638064749
0,0.0261504281517875
0,0.035750246338867
0,0.0356275839948428
0,0.0351971072389448
0,0.023528410045546
0,0.0106494405092308
0,0.0354109769837715
0,0.035614583772129
0,0.0356987806586685
0,0.0350914444833463
0,0.0257759158583848
0,0.0351422979502991
0,0.0353031649092354
0,0.0355759872556904
0,0.0306503361789844
0,0.0351204550686751
0,0.035833755141187
0,0.0359107158221545
0,0.0358583465541301
0,0.0348448764166441
0,0.0008885292663431
0,0.0016675596808576
0,0.0348640569504314
0,0.0260129406192221
0,0.0354806756845813
0,0.0348793503952853
0,0.010080684344564
0,0.0348963561237032
0,0.020686234829393
0,0.0357620862527672
0,0.035648706834425
0,0.0347946416515786
0,0.0352043329737504
0,0.035034334238786
0,0.0348797372141116
0,0.0208448500405649
0,0.0348072411477212
0,0.0355458096789895
0,0.0358578745381791
0,0.0038262126211066
0,0.0352743882894211
0,0.0358631384510358
0,0.0254508742131687
0,0.0356974779011111
0,0.0358363913774058
0,0.0348896257639666
0,0.0100328796336816
0,0.0142827979578077
0,0.0033326756872865
0,0.0071166461411458
0,0.0349659442260427
0,0.0357794382747053
0,0.0358062702853558
0,0.4007364460225809
0,0.0131413864534425
0,0.035560693826294
0,0.034822327659216
0,0.0353997033513341
0,0.0355130205035657
0,0.0348611964616273
0,0.0347817530414656
0,0.0144856782404475
0,0.0353271873360317
0,0.028507063059495
0,0.0357846633758092
0,0.0358576662129367
0,0.03490978768101
0,0.0350477416710857
0,0.0310047424408836
0,0.0347834268511871
0,0.0358264968454375
0,0.0335084407720853
0,0.0358124719858688
0,0.025376574461823
0,0.0226022026616144
0,0.0316853087451262
0,0.010975394889652
0,0.0348733965536632
0,0.0189023467304773
0,0.035595365818226
0,0.035707724457598
0,0.0358022625527126
0,0.0358039575907139
0,0.0352954934519364
0,0.0354454334817669
0,0.0355781741208495
0,0.1131070134558894
0,0.0353082200435241
0,0.035413670059877
0,0.0104993780673028
0,0.0349639619197548
0,0.03571105946841
0,0.0356729771029426
0,0.0358574912706532
0,0.0090745900085016
0,0.0357568062974939
0,0.035730363090256
0,0.0072405152206669
0,0.0314698870449925
0,0.0356182339505
0,0.0317257669839014
0,0.0350790197152644
0,0.0350467167876223
0,0.0348491231324138
0,0.03559415404951
0,0.0353829474437166
0,0.0355039451813644
0,0.0331915680924393
0,0.0172433356067802
0,0.0195597723324782
0,0.035587311837195
0,0.0205870279107305
0,0.0020928971275028
0,0.0201717725376845
0,0.037484953641618
0,0.035028389222862
0,0.0588516453924416
0,0.0114461203183489
0,0.0062013429328996
0,0.0355195783224053
0,0.0122577584366988
0,0.0355250974072737
0,0.0267517210323262
0,0.0351557091342135
0,0.0100716097692574
0,0.0195107919198935
0,0.0142524126557927
0,0.0349921421577018
0,0.0278787440499453
0,0.0356952536711781
0,0.0308715269396043
0,0.0267611612876563
0,0.0353642702151989
0,0.0348575614464044
0,0.0348820655155271
0,0.0188524184832094
0,0.0350611426991414
0,0.0025051184624339
0,0.0355901685398336
0,0.0347838658618284
0,0.0162162862094375
0,0.0270453744650098
0,0.0062986147406067
0,0.0347994092876963
0,0.0348137248860432
0,0.0354803683262945
0,0.0349105921667612
0,0.0008527495751607
0,0.2616153219434138
0,0.0170316186743327
0,0.0348552604798041
0,0.034877968978862
0,0.0352504541951993
0,0.0236699200595285
0,0.0356367184370719
0,0.035188965805665
0,0.0003559810851136
0,0.026763148248496
0,0.0356707944080362
0,0.0352949548913711
0,0.025587164411341
0,0.0348129346174521
0,0.0348919242187536
0,0.0344959043473912
0,0.0356031094695079
0,0.0355270612803553
0,0.0350219638064749
0,0.0357224289036201
0,0.0353433872103875
0,0.0348202092910529
0,0.0145228253574988
0,0.0347806265971464
0,0.0358094192609187
0,0.0233912899708201
0,0.034779419141376
0,0.0350199228838772
0,0.0357430010411232
0,0.0357437475101696
0,0.0213102451600821
0,0.0333598540055421
0,0.0349379698189471
0,0.0348131326917309
0,0.0357124854962181
0,0.0116396746489868
0,0.0349992873184347
0,0.0255631598852453
0,0.0353575286953705
0,0.0353860038407903
0,0.0314981826943682
0,0.0355456448882574
0,0.0357888765994914
0,0.0358218954960956
0,0.0355283357418614
0,0.0347800916494969
0,0.0351565260119737
0,0.0187746367908626
0,0.0334447493786851
0,0.0348687474565222
0,0.0358527612448615
0,0.0358400063443737
0,0.0347818082869238
0,0.03505702708438
0,0.0352269600928163
0,0.0349761451342914
0,0.9999999993745428
0,0.0351951003869775
0,0.0351551204725848
0,0.0352863817064695
0,0.0146509540130197
0,0.0385950359528947
0,0.0354102245377327
0,0.1071647325360034
0,0.0355519583212271
0,0.0341210429943286
0,0.0220149484693421
0,0.0351835043238423
0,0.0243768236993705
0,0.0146719431516544
0,0.035634791090306
0,0.0352272790726076
0,0.0351572732789757
0,0.0356543991122375
0,0.0151157908054681
0,0.0356348590080835
0,0.0358445868350161
0,0.0189034249903338
0,0.0352673002679909
0,0.0353477444971246
0,0.0351174454372047
0,0.055056028735465
0,0.0357153136277618
0,0.0355506138289265
0,0.0055171035071277
0,0.013390732532754
0,0.0012670537146933
0,0.035464100019983
0,0.0358556021329039
0,0.0348827659977225
0,0.2408869848585197
0,0.0348598606909461
0,0.0123725237114649
0,0.0347801076606952
0,0.0217899765819457
0,0.0349732305769498
0,0.0348752523298513
0,0.0349479476388824
0,0.0349412345331784
0,0.0339599740393741
0,0.0052925370900409
0,0.0535601078333417
0,0.034787883184078
0,0.0054238293191906
0,0.03586954058175
0,0.0355726504020028
0,0.0352695603140713
0,0.0352100255828467
0,0.0350592645938788
0,0.0353519606054956
0,0.0355057379792574
0,0.0352055528283257
0,0.0349506889819966
0,0.0349507075030227
0,0.0349522186670389
0,0.0048096378792327
0,0.0203636092313118
0,0.0350253336893034
0,0.1337953458354642
0,0.0159055744839371
0,0.0073867946709768
0,0.0168684936947101
0,0.035291066110569
0,0.035097961119449
0,0.0256248171015798
0,0.0347991683570358
0,0.034774387902284
0,0.0112966571174994
0,0.3193646767438617
0,0.0039434840968711
0,0.0257291038708147
0,0.0355109984594704
0,0.0129058469084306
0,0.0358206875833626
0,0.0357094804088461
0,0.0348128710727697
0,0.0169571624425447
0,0.0349111337332504
0,0.0114395540341766
0,0.0350926011234712
0,0.0356864375490049
0,0.0358398550710174
0,0.0356393076393
0,0.035040946139893
0,0.0357864990312488
0,0.0354542801472823
0,0.0357669632808355
0,0.0280553599865149
0,0.0077291095322543
0,0.0351011427081733
0,0.0349610592020575
0,0.0171845709206344
0,0.0352220013501208
0,0.0356561176835944
0,0.0291874884258437
0,0.0356111146707734
0,0.0358505993028888
0,0.0276907472774524
0,0.0219357867216889
0,0.0357287040704606
0,0.0355402020728999
0,0.0091878804465464
0,0.0348810598750417
0,0.0340857059215691
0,0.0347825323281099
0,0.0348130477563746
0,0.0128819222601743
0,0.0349115742949475
0,0.0355702446506495
0,0.0075889187602609
0,0.0349661944181728
0,0.0355672934067956
0,0.035720396242092
0,0.0357459261574139
0,0.0356112327199506
0,0.0356106868455645
0,0.0091788878007795
0,0.0358034588754139
0,0.0071477810252788
0,0.0357454736097301
0,0.0348919785845701
0,0.1498577144301046
0,0.0352567336452378
0,0.0144875443052025
0,0.0292886829850811
0,0.0353581363570522
0,0.0356828890948357
0,0.0352470251144466
0,0.0156922339165933
0,0.0358009175215295
0,0.5349792492001337
0,0.0214408486523918
0,0.0331956584529066
0,0.0357503528156547
0,0.0357468858869221
0,0.0024206158870616
0,0.0356620555765428
0,0.0358304792837942
0,0.0018644038633701
0,0.0348094490945496
0,0.0352357014205441
0,0.035263526156077
0,0.0411202801549674
0,0.0185029071903029
0,0.0098820423511601
0,0.0350797801563699
0,0.0348285700453917
0,0.0354766610465528
0,0.034963053498749
0,0.034877344832485
0,0.035004994084531
0,0.0358060111329115
0,0.0348832108575328
0,0.001521607880908
0,0.032507527828431
0,0.0350538435304826
0,0.0357248645310047
0,0.0040833905088167
0,0.0356689327913889
0,0.0354859741275028
0,0.0258446667782787
0,0.017768065721169
0,0.0352584832721257
0,0.0352379246272672
0,0.0348571013641891
0,0.0074201409077355
0,0.0210365931918691
0,0.0358239852859983
0,0.0167251707296729
0,0.0354377192015448
0,0.0351060667508181
0,0.0354621641942317
0,0.0113210777345708
0,0.0197498776225315
0,0.0356081838736472
0,0.0351344779165127
0,0.0062900388906293
0,0.0112906278982066
0,0.0217683330228636
0,0.0350395047764557
0,0.0350223734450041
0,0.0021797304603796
0,0.0353215706573199
0,0.0358266645098293
0,0.0358087486586161
0,0.1183749942103698
0,0.009070238211553
0,0.0358395221482328
0,0.0358637870632975
0,0.0169178380327467
0,0.0347999914929586
0,0.0357990041099709
0,0.034818017740937
0,0.0115907862567657
0,0.0349360117602175
0,0.0301182220998768
0,0.0351490824758908
0,0.0357339766368445
0,0.035797219800201
0,0.0218064941302912
0,0.0357456086516401
0,0.0358335562875334
0,0.0353565433135967
0,0.0349888383580791
0,0.0215342693860489
0,0.0357328284279542
0,0.0350178497571068
0,0.0356071436412247
0,0.035719865149749
0,0.0349688585825396
0,0.0050374300446474
0,0.0246643656780421
0,0.0109605047148176
0,0.1834192690393919
0,0.0353746154161293
0,0.0356076012520549
0,0.0314600466074611
0,0.0356514916056679
0,0.0349205663368247
0,0.0350998437291854
0,0.0232505828249103
0,0.0348255058629882
0,0.0349779297308284
0,0.0049625264196167
0,0.0349355775883751
0,0.0357882410887731
0,0.0143337788482442
0,0.0350983645024383
0,0.0349564579060292
0,0.0215777581413709
0,0.0347846652147181
0,0.0357354196904665
0,0.0355780822254652
0,0.0975555081924559
0,0.0129954809651785
0,0.0034060830695753
0,0.0347974783020652
0,0.0357779144520349
0,0.0352451875767712
0,0.0357885152536489
0,0.0353987645106264
0,0.0326509213238945
0,0.008162336319669
0,0.0351454046597023
0,0.0342783956381026
0,0.0302180012471437
0,0.0347824009450285
0,0.0333546026759297
0,0.0358299834473443
0,0.0353223078762404
0,0.0296043908389531
0,0.0349242567398724
0,0.0347971940634252
0,0.035311521505589
0,0.0355928166994006
0,0.0024873274696158
0,0.0357582677706957
0,0.0074472857215187
0,0.0089448092181685
0,0.0357645111807881
0,0.0348721399455206
0,0.033541544324528
0,0.0358563690700863
0,0.0273443936206369
0,0.0165988877295957
0,0.0668737019927278
0,0.0348872927577376
0,0.0357967189003924
0,0.0348876483619822
0,0.0348323981223636
0,0.0357895010812556
0,0.0355226465755976
0,0.034965409192129
0,0.0064353095455858
0,0.0349318580252659
0,0.0354914602247446
0,0.0244071051549073
0,0.0077837410346025
0,0.0356146590468824
0,0.0352241011830264
0,0.0348226058326731
0,0.0187326657434853
0,0.0356470933646637
0,0.0250521084586624
0,0.0356876428228257
0,0.0358680262832261
0,0.0331237395109294
0,0.0358367245229614
0,0.0354901534557457
0,0.035693290689065
0,0.0352239610955962
0,0.0219993051970472
0,0.0137130673574546
0,0.0275670678758903
0,0.0352611647177395
0,0.0299450338662894
0,0.0356078082374617
0,0.0340044719021424
0,0.0100231715662901
0,0.0283876731203854
0,0.0337032478957712
0,0.0347944838744692
0,0.0356918507688726
0,0.0353051978453167
0,0.0348644786530331
0,0.0356294828863766
0,0.0290794962486207
0,0.0356610656572754
0,0.0141986513301878
0,0.0352355786500127
0,0.0355112783874981
0,0.0263072630337601
0,0.034853067382568
0,0.0207497624228929
0,0.0139045586087123
0,0.0230904837211285
0,0.0356457779716805
0,0.0106296277965131
0,0.0348445142231434
0,0.0213161567433595
0,0.0358093499180909
0,0.0321642489596351
0,0.0176599163938982
0,0.0350743595400055
0,0.0350199228838772
0,0.0097992502601337
0,0.0350083960933603
0,0.035423659076487
0,0.0356636933698538
0,0.0354619341450008
0,0.0232337284035626
0,0.0357278163280467
0,0.0030306376702112
0,0.0347852822810262
0,0.0059658803501248
0,0.0350271299377066
0,0.0353090492612207
0,0.0357024742081424
0,0.0348266381084467
0,0.0028320456782933
0,0.0348104190417755
0,0.0358239687086256
0,0.0353914553800224
0,0.0140046578317262
0,0.0350156479704401
0,0.0255288586385442
0,0.0355365403659844
0,0.0177044033379997
0,0.026173135631679
0,0.0215237310062376
0,0.0356380898103223
0,0.0349902634352786
0,0.0347961814132865
0,0.0356045955533421
0,0.0356218471506443
0,0.0348491774913185
0,0.0234328606086436
0,0.0283306243968079
0,0.0263285623333213
0,0.0351290970269645
0,0.0357183841831834
0,0.0358527111677704
0,0.0178963783811021
0,0.0321616288783816
0,0.0354409194234584
0,0.0182204641102717
0,0.0069428525136933
0,0.0357626652685733
0,0.0347849095208274
0,0.0275324558270175
0,0.0351722424398832
0,0.030051112944353
0,0.0355856309156893
0,0.0217352396043539
0,0.0347817181710963
0,0.0356271695339731
0,0.0279764072627083
0,0.0058857423315358
0,0.0348166933055887
0,0.0153615170239379
0,0.0348622424810956
0,0.0357683147426216
0,0.0179977531928919
0,0.0399662069929572
0,0.0355674636326904
0,0.0348853114044032
0,0.0254508742131687
0,0.0348952313117217
0,0.0356423534677366
0,0.035384522693828
0,0.0357181577926768
0,0.0348924520913896
0,0.0350553753030313
0,0.0350918933323309
0,0.0148105976302342
0,0.0356481929082488
0,0.0348086710746142
0,0.0353946691614924
0,0.035635507751961
0,0.0009716207815542
0,0.0357721248971216
0,0.0181305353854767
0,0.0357906996267576
0,0.0358489136400668
0,0.0011137561889419
0,0.0350903443541214
0,0.0462029608361833
0,0.0184240862027735
0,0.0352579983883686
0,0.0045777819617707
0,0.0351850426846402
0,0.0060062054978907
0,0.0357630424020997
0,0.0350532160009893
0,0.0333169105321371
0,0.035086638448767
0,0.0354770321948691
0,0.0348646205117552
0,0.0348173337343897
0,0.0160922943367712
0,0.0356692070474066
0,0.0032273283698972
0,0.0357903709154025
0,0.0358718182804542
0,0.0349933851598526
0,0.0085643171216226
0,0.0352757895173159
0,0.0351792669375037
0,0.0347815736768338
0,0.0356207550886174
0,0.0112673568993066
0,0.0357477050741838
0,0.0356986585069092
0,0.0353353361445104
0,0.0218943209485175
0,0.0350197220830899
0,0.0148105976302342
0,0.0359082915393838
0,0.021254885512709
0,0.0348089209495407
0,0.0206845349757041
0,0.0356310116101323
0,0.0356856013944334
0,0.0348138097503563
0,0.0353802632332702
0,0.0348873441590472
0,0.0356164522527592
0,0.0349383068060254
0,0.0352170324918917
0,0.0181314754312189
0,0.0235203718396828
0,0.035797384278446
0,0.0349944173375174
0,0.0060064171593402
0,0.0352527585914124
0,0.0355634461183217
0,0.0358264669634375
0,0.0057713332037619
0,0.0037446348677791
0,0.0211388373676077
0,0.0347930259599293
0,0.0350664632846007
0,0.0195002494483033
0,0.0356101141895095
0,0.0348781833628612
0,0.0357315256013608
0,0.0349833104561063
0,0.0356819036791317
0,0.0024939084220369
0,0.0358517980971673
0,0.0351011656297092
0,0.0341712832863508
0,0.0356202679607991
0,0.0117405117446654
0,0.0354508229527694
0,0.016499798916201
0,0.0272240763572599
0,0.0358644509162715
0,0.0161412150607989
0,0.0358375386366359
0,0.0334462998396958
0,0.0351014215386799
0,0.001830331521681
0,0.0349069106872523
0,0.0257933361912034
0,0.0358519848201606
0,0.0357109603761515
0,0.0354957121913733
0,0.018563986430749
0,0.206410606788061
0,0.0347874529784768
0,0.0348415737615042
0,0.0302668263872179
0,0.0331611767618131
0,0.0324402404843468
0,0.0126181405245723
0,0.0349155601584387
0,0.0347953716213813
0,0.035161167449588
0,0.0354484813810342
0,0.0303604565679774
0,0.0355723788448164
0,0.0356052376633447
0,0.0356145252267877
0,0.0347785484624612
0,0.0348544040900562
0,0.0145398186459207
0,0.034647507750792
0,0.0358652223007091
0,0.0020684575927925
0,0.0342495223750407
0,0.0009585606661297
0,0.0349195594264118
0,0.0245391746597797
0,0.015226734684261
0,0.0356983216283013
0,0.0215930338799618
0,0.0166339734287553
0,0.0348081686443874
0,0.0358373216228855
0,0.0119957331693595
0,0.0358113082232626
0,0.0026344456049718
0,0.0187695684015175
0,0.531001175134794
0,0.0358578290779942
0,0.0356121630669397
0,0.0121885636559881
0,0.0354671374647517
0,0.0244105045765032
0,0.0358137584882991
0,0.0349535380474696
0,0.0351176709782091
0,0.0358543417095193
0,0.0348575268297022
0,0.0348728160039192
0,0.0353873001575203
0,0.0348064289893563
0,0.0349274225033428
0,0.0348570390576628
0,0.0326855128801688
0,0.0356550086357897
0,0.0045120669236249
0,0.0319910483564128
0,0.0355719472116314
0,0.0124565409623055
0,0.035653332913937
0,0.035435202999694
0,0.2162020277776349
0,0.0347790289299933
0,0.0350295263340675
0,0.0358435174250306
0,0.0352919155172332
0,0.0203580688538876
0,0.0352348098296945
0,0.0348944903133361
0,0.0258380590507469
0,0.0358560859079531
0,0.0469112491975425
0,0.0195573707810267
0,0.0350123001573709
0,0.0118972225375288
0,0.0351568128611724
0,0.0357960138405739
0,0.0348743764182731
0,0.0347914799411556
0,0.0356730737212033
0,0.0036325517691351
0,0.0060946086437572
0,0.0351422979502991
0,0.0347991050596116
0,0.0176485818834054
0,0.0021189211331962
0,0.0358598783805609
0,0.0130403499171871
0,0.0356173048613824
0,0.0053485987918033
0,0.0010854562119989
0,0.0356903859204371
0,0.0091499585658657
0,0.0066115494078078
0,0.0279580382296531
0,0.0353424114500824
0,0.0275712122541879
0,0.0404181272861862
0,0.0043012504775091
0,0.034779372288261
0,0.0356090106355588
0,0.0352704748972701
0,0.0348322171442038
0,0.0319486632247335
0,0.0353076670216168
0,0.0348322494643943
0,0.0355060999812932
0,0.0268585040302735
0,0.0041816311183644
0,0.0067446890003508
0,0.0348191138934324
0,0.1274063057793988
0,0.0351710209013014
0,0.0349569437023626
0,0.035850481158807
0,0.035309372697254
0,0.0353588404501424
0,0.0253108509396642
0,0.0347829739803344
0,0.0346734307777278
0,0.0350710426075272
0,0.0350857559178281
0,0.014247151793599
0,0.0347873072129068
0,0.0139436638395899
0,0.0356860658926682
0,0.0047343604185343
0,0.0351739040931489
0,0.0358581533725448
0,0.0189052946663445
0,0.0142034199828155
0,0.0348121964351056
0,0.0347993624581097
0,0.0356587960463526
0,0.4434812876123157
0,0.0166117781945388
0,0.0192403705116614
0,0.0349001351270928
0,0.0348544940477944
0,0.0026824151900176
0,0.03582836399081
0,0.0325842637800117
0,0.0021931037672067
0,0.0349057071027858
0,0.0358061184555747
0,0.0353584986009837
0,0.0331819453222911
0,0.0349109169519103
0,0.0348919193570852
0,0.0356757024871005
0,0.0349038165484995
0,0.0347863145751226
0,0.0350096217656974
0,0.0350983645024383
0,0.0113925125101274
0,0.0358440750135624
0,0.0350411611946176
0,0.0034870474369526
0,0.0321593026722068
0,0.013136051790221
0,0.0355196340339239
0,0.0351345940553038
0,0.0349039723581933
0,0.0351632854858623
0,0.0292999359081254
0,0.0353250912333065
0,0.0350252497702041
0,0.0104793623765592
0,0.0348034511043641
0,0.0160166000325597
0,0.0352702227540483
0,0.0356521466084846
0,0.035491974381348
0,0.035724319153679
0,0.0356587860246912
0,0.0955913326408787
0,0.0022649904375856
0,0.0310505229485261
0,0.0354138413958298
0,0.0269574052953321
0,0.0195333686367041
0,0.029224901226602
0,0.035748400386
0,0.0357263560598114
0,0.0353647243880793
0,0.0128389478291211
0,0.0304008149437279
0,0.035017146537252
0,0.0348097446184542
0,0.0183691823288129
0,0.035700040815296
0,0.0209911516052302
0,0.0356312208028057
0,0.0347844107769348
0,0.034131890424238
0,0.0355217651856745
0,0.0348186705801652
0,0.3985654559695743
0,0.0357135816952333
0,0.0351264832291282
0,0.0354950474315612
0,0.0357819189684881
0,0.0354004356392171
0,0.034993705895985
0,0.0358616707211735
0,0.034850457579055
0,0.0358367838381589
0,0.0352805890397365
0,0.0349984145391489
0,0.0348292007167053
0,0.0072333916453727
0,0.0299444776469267
0,0.0204610703475627
0,0.0351696531059088
0,0.0066945502068338
0,0.0358675534675153
0,0.0354000519578179
0,0.0085209927120676
0,0.015449731515312
0,0.0109186294403468
0,0.0348765978219741
0,0.0204914264592344
0,0.035429870734427
0,0.035538872026713
0,0.0327388267451685
0,0.0357862064435842
0,0.0348101597982499
0,0.0356913087158881
0,0.0157349187364297
0,0.035835776980603
0,0.0356437568412861
0,0.0349258973019991
0,0.0347797341024752
0,0.0350292675547358
0,0.0095854834694657
0,0.0349102789916266
0,0.0055292551461312
0,0.035554059515546
0,0.038818908596792
0,0.0348489382533171
0,0.0348257256899096
0,0.0250447532875691
0,0.0348092672956853
0,0.0143462566925377
0,0.0355134172675443
0,0.0320393028630529
0,0.0021503519676696
0,0.0143184779899255
0,0.0356267210546666
0,0.0356813369276526
0,0.0352943384520068
0,0.0358708319132787
0,0.0358183228765912
0,0.0183482210868013
0,0.035807929220278
0,0.0038313925830598
0,0.035792377750417
0,0.0354421197818823
0,0.019728221319216
0,0.0348050841683369
0,0.0351527895029169
0,0.0350938754417553
0,0.0256904276183711
0,0.0348101815023735
0,0.0043061895704068
0,0.0358338262287864
0,0.0358184436283418
0,0.0348112032313583
0,0.0354240846791725
0,0.0185903926787805
0,0.0336058214348781
0,0.0106500187581986
0,0.034781801633457
0,0.0353571722799412
0,0.0350703877780227
0,0.0355109984594704
0,0.0237715729736112
0,0.0358296306653226
0,0.0352998160951024
0,0.0203443031086152
0,0.0349414463951869
0,0.0358524062177124
0,0.0355086114330355
0,0.0154121993707088
0,0.5308328541214665
0,0.0350878280371437
0,0.0349174234640254
0,0.0194964734247516
0,0.0351466199451043
0,0.0358516132295488
0,0.034877968978862
0,0.0079415603737771
0,0.035574220969288
0,0.0347802383952991
0,0.0350353400348105
0,0.0358384951646185
0,0.0358540423586478
0,0.0187766793695126
0,0.0270171053655786
0,0.0305049722354186
0,0.0349231594173769
0,0.035618906577643
0,0.0084285960149836
0,0.0350938754417553
0,0.0357934650032816
0,0.034769907675455
0,0.0303897845656001
0,0.0019251438476095
0,0.0347853175985172
0,0.0348154131891834
0,0.0358517717978488
0,0.0358568204977048
0,0.035298374002861
0,0.0350661577157443
0,0.035854750744988
0,0.034790789364793
0,0.0349990041713207
0,0.0358378048322236
0,0.0326647400571321
0,0.0348524227332349
0,0.0060618487110719
0,0.008349794799437
0,0.0357306831839552
0,0.0035304386923887
0,0.0358403099090646
0,0.0354374314196538
0,0.0131572661942192
0,0.0356400036491048
0,0.035857324763
0,0.0335506611516625
0,0.00738745760104
0,0.0348996064180272
0,0.035793260097038
0,0.0346117578355463
0,0.0490125992358283
0,0.0356439480677121
0,0.0358574845719764
0,0.0352403935102453
0,0.0348576787969846
0,0.0077970951547344
0,0.0347822445659636
0,0.0120571268783987
0,0.0356916257699928
0,0.034787883184078
0,0.0526379567689486
0,0.0347853835871424
0,0.0355442955482356
0,0.0256708884670736
0,0.0352741785873368
0,0.0348427670006041
0,0.013528120053077
0,0.0492322161358435
0,0.0352791245618715
0,0.0352042974932463
0,0.0358657387296284
0,0.0413449795003581
0,0.0352558429963257
0,0.0171237586372752
0,0.0352825879370784
0,0.0033002543296938
0,0.0354975449564754
0,0.0355123275046595
0,0.0355250289959996
0,0.0355441081894465
0,0.0337878006130991
0,0.0012617911119296
0,0.0350173944744191
0,0.0013054352841928
0,0.0352732212485294
0,0.0349416347890561
0,0.0130982737023334
0,0.0356423190899036
0,0.0357755569715025
0,0.034483885252911
0,0.0049123974703181
0,0.0355920074712992
0,0.0348188838351026
0,0.0356392307050135
0,0.0352111617815642
0,0.0358403311336826
0,0.0224440800630538
0,0.0357756746858936
0,0.1046851569879906
0,0.2302402055082743
0,0.0350861933545474
0,0.0358569336438577
0,0.0067009119327407
0,0.0138126412425087
0,0.0296872984074666
0,0.0358410748311917
0,0.0355343448774048
0,0.0352352440628506
0,0.0230383287602586
0,0.0349688733093491
0,0.0352937346126251
0,0.0358464938551315
0,0.0347810793135079
0,0.0354885904600279
0,0.0349180918152513
0,0.0330831490466916
0,0.0358580027181202
0,0.0356366046887398
0,0.0357167140246452
0,0.0348678972716021
0,0.0356165479351106
0,0.0101361755208294
0,0.0274276574975057
0,0.0227510720311699
0,0.0265490042154605
0,0.0059054258651998
0,0.0354337498169449
0,0.0323082800833074
0,0.0357705573099965
0,0.0018815974949778
0,0.0067539137070953
0,0.0349642232931412
0,0.0355250262783282
0,0.0021232206705748
0,0.0352320989050705
0,0.0954039152138815
0,0.0358094297842584
0,0.0351567743211136
0,0.0350210620107545
0,0.0354006251854564
0,0.0347966015303424
0,0.0076006007210633
0,0.03582649149048
0,0.0350199228838772
0,0.0353916969902084
0,0.0356804728440178
0,0.0349777628841059
0,0.0162534423160618
0,0.0352099424520955
0,0.0328933731620173
0,0.0347864589029486
0,0.0357867716986219
0,0.0348085666211796
0,0.0358096054527162
0,0.0233773033757662
0,0.0356317045536383
0,0.0352122659496802
0,0.0348322794293152
0,0.0358504795835764
0,0.0089308579725186
0,0.0349725135510558
0,0.035232372857214
0,0.0348004741313144
0,0.0348067376822199
0,0.0351156254920458
0,0.0103309794069
0,0.0358070516588165
0,0.014225046838431
0,0.0358467394754624
0,0.0358198438912891
0,0.0093064315247887
0,0.03516542745895
0,0.0347714143563088
0,0.0352967277217511
0,0.0356200850216453
0,0.0128873509327416
0,0.0350180146109633
0,0.0358032550702202
0,0.0356085977977574
0,0.0347973591150559
0,0.0296855169102966
0,0.0330240670302016
0,0.0358625116121109
0,0.028571206897281
0,0.0347800978655541
0,0.0349638889599251
0,0.0259414374293398
0,0.0290059757758815
0,0.0340998405477192
0,0.034911857823671
0,0.0356486487381822
0,0.0357935306177465
0,0.0349147200406059
0,0.028627945452878
0,0.1254065529975533
0,0.0120186563186324
0,0.0042685583680278
0,0.0355611808848139
0,0.0351790554273302
0,0.0347868343779239
0,0.0350645724472787
0,0.0358645579787063
0,0.0345362364895989
0,0.0045355273697409
0,0.0179510115099723
0,0.0347665820073422
0,0.0355104592432225
0,0.0353262190903163
0,0.0336704601876154
0,0.0350675349032312
0,0.0340032636500241
0,0.0356126482435811
0,0.0140072850041786
0,0.0356837826519085
0,0.0347948675248535
0,0.035860235926326
0,0.0357147371897016
0,0.0357769355398176
0,0.035629465284918
0,0.0351187944305652
0,0.0357247470160932
0,0.0358811343797756
0,0.0348488024364743
0,0.0352036484362998
0,0.0100366122988461
0,0.0357140267521494
0,0.0348113685264702
0,0.0353746624682513
0,0.01220150259351
0,0.0313299345960995
0,0.0292064502986627
0,0.0100805252937944
0,0.0356114199401115
0,0.0347698606904159
0,0.0128909374959083
0,0.0358271433420476
0,0.0358356267758675
0,0.0332842765895653
0,0.035689181118507
0,0.0358017141504462
0,0.0358554824304365
0,0.0357355203242258
0,0.0349316966896709
0,0.0353399142175854
0,0.0358510818833681
0,0.0109339600010222
0,0.0194542877520254
0,0.0349177272325006
0,0.0017181435179947
0,0.0357580391485343
0,0.0352155684644756
0,0.0351283450666087
0,0.0350266048388683
0,0.0059799294317606
0,0.0358491084433528
0,0.0207285144572865
0,0.0347855797102639
0,0.0353445031581764
0,0.0108446118387678
0,0.0348729434303185
0,0.0290961845667024
0,0.0232505828249103
0,0.0358422159482931
0,0.0354838265912486
0,0.0358910927575083
0,0.0348874476796039
0,0.042173339224724
0,0.0165639782795747
0,0.0339160962574691
0,0.0347896882585181
0,0.0356966878640323
0,0.0237093853603534
0,0.0110249100813074
0,0.001278714200597
0,0.0348495167927769
0,0.034787883184078
0,0.0353416214590735
0,0.0094206979860534
0,0.0357584043447082
0,0.0348400373259595
0,0.034986249037661
0,0.0332996644167375
0,0.017926213522371
0,0.0354840587493014
0,0.0356300018738314
0,0.0296907498403539
0,0.0349133625979867
0,0.0349025351617043
0,0.034952975310876
0,0.029046123821721
0,0.0073774089893319
0,0.0356219662447397
0,0.0331028907288583
0,0.030743136244532
0,0.0358342408946439
0,0.0357931168126219
0,0.0352801554294918
0,0.0333881459489843
0,0.0349852587556954
0,0.0303883725277782
0,0.0348782473224409
0,0.0358490575697914
0,0.0349889373838243
0,0.0111606290727221
0,0.0010593149694427
0,0.0353072812060288
0,0.0348335192264035
0,0.0355381475887525
0,0.0351447572431435
0,0.0357848021063662
0,0.0298913568404969
0,0.0358117086233057
0,0.0348625688157943
0,0.0352157312278342
0,0.0330144325916025
0,0.0350684578602893
0,0.0064298180115173
0,0.0310835389531931
0,0.0356182463480893
0,0.0298080118101793
0,0.0357099365725854
0,0.0040781670153113
0,0.00479948395392
0,0.0356384743140811
0,0.0354329017723773
0,0.0355904311168658
0,0.0351148692334779
0,0.0358217809427881
0,0.0261857825001431
0,0.0358678713295674
0,0.0350490536797226
0,0.035443372271704
0,0.0339672156143652
0,0.0356256729594588
0,0.0358596578951497
0,0.0355531819501805
0,0.0170374073965976
0,0.0348660479433647
0,0.0357312129381321
0,0.0036852913155008
0,0.035363978088458
0,0.0352821767406413
0,0.035858598167051
0,0.035804843469683
0,0.0930888122930503
0,0.0128069631525586
0,0.0349591172663556
0,0.0351006686202569
0,0.0175921526786248
0,0.0035607404997216
0,0.005082569885836
0,0.0357892456186703
0,0.0358475701859846
0,0.035759487749649
0,0.0142480588244992
0,0.0351512237991067
0,0.0348148865610037
0,0.0348309353007705
0,0.0154542136232248
0,0.0100050344388773
0,0.0141851105685067
0,0.0351385690846762
0,0.0346365077287858
0,0.8259962794327673
0,0.0353791252033712
0,0.0101146282651389
0,0.0215019729388968
0,0.0355694883194863
0,0.0100823567041439
0,0.0355745905619917
0,0.0347842796837681
0,0.0315253310189998
0,0.0355649598264589
0,0.0351284157279995
0,0.0357449149914716
0,0.0170072608712344
0,0.0355353206509441
0,0.035817196286236
0,0.0348816556819519
0,0.0357764509355148
0,0.0357732049805287
0,0.0257305338404612
0,0.0357970621567618
0,0.0345872460328202
0,0.0358656275558463
0,0.0356781968975367
0,0.0085984100813121
0,0.0352019278999887
0,0.0355745203863553
0,0.0079599967119772
0,0.0356515479755009
0,0.0324532993592081
0,0.0358501717424634
0,0.0117388678259093
0,0.0349850553765187
0,0.0355811255776033
0,0.0350099945787023
0,0.2234273355892327
0,0.0189717761899354
0,0.0036182574101634
0,0.0079462891645233
0,0.034785251876375
0,0.0110832729470002
0,0.0356485890149132
0,0.0354925209704343
0,0.0358643996041166
0,0.0352505379097583
0,0.0322640768406327
0,0.0309388297907237
0,0.0179767416781068
0,0.0343453274148819
0,0.0354432814060234
0,0.0349066003506831
0,0.034786470161458
0,0.0354163450580315
0,0.0069668978419522
0,0.0215652450854823
0,0.000355264589432
0,0.0355190441381355
0,0.0242492689263468
0,0.0357588372637925
0,0.0230917025430353
0,0.0348283558297005
0,0.0226214129973878
0,0.0140773964376302
0,0.0356139409282213
0,0.0350716474560809
0,0.0352377926819294
0,0.0352499083745465
0,0.0062086149055088
0,0.0353093862197671
0,0.031564312306921
0,0.0356865342231225
0,0.0358404071675946
0,0.0198526509317773
0,0.0356877603537259
0,0.3835053446084673
0,0.0357995563727286
0,0.0287628829173844
0,0.0350139365222657
0,0.014697590947107
0,0.0348333480481514
0,0.0357706036615253
0,0.0106356379284268
0,0.0349473959885924
0,0.0350321308247759
0,0.0195144700908805
0,0.0202024804276911
0,0.150886459717098
0,0.0350682805101639
0,0.0127209082627254
0,0.0347818065220504
0,0.0357319758746106
0,0.0347795418155282
0,0.0351921276539778
0,0.0326051291070071
0,0.0359002017425301
0,0.0348665448690285
0,0.035602234046281
0,0.0349866095169258
0,0.0358620161929868
0,0.0358619135050529
0,0.0235992703770676
0,0.0350455782048549
0,0.0264704098921726
0,0.0356376379627809
0,0.0358581393883036
0,0.0351140683080129
0,0.0284367738895029
0,0.0171713163060436
0,0.034796824746444
0,0.0178923913788808
0,0.0351242336537447
0,0.0116381898366982
0,0.0356656932410425
0,0.0770024175587845
0,0.0358535786739798
0,0.034779583544075
0,0.0354368426455403
0,0.0149508982524425
0,0.0357929695029485
0,0.0355699239624753
0,0.0038382059436337
0,0.0318306813350624
0,0.0304195232819499
0,0.0117200357928955
0,0.0356075735030318
0,0.0257905190155956
0,0.0350023279496235
0,0.013659810487181
0,0.0352405420560115
0,0.0055785169038318
0,0.0348528121212116
0,0.0350607668970353
0,0.0348093385914101
0,0.0356355870669306
0,0.0271591596730172
0,0.035692439779479
0,0.0006644675732967
0,0.0351080457799836
0,0.0355599195821511
0,0.0005844694224085
0,0.0350689614126576
0,0.0358372196027831
0,0.0357712036400724
0,0.0723381570984925
0,0.0063166622153832
0,0.0358534798582134
0,0.0358397385957049
0,0.0354305610033134
0,0.0357927992132337
0,0.0347698628336957
0,0.0197702003446773
0,0.0355703449986438
0,0.0357387691243069
0,0.0358169410515251
0,0.0032452456430566
0,0.0346349304882598
0,0.0356090586906909
0,0.0348690112139888
0,0.0352411025775102
0,0.0358512401740948
0,0.0357247611882401
0,0.025817920612238
0,0.0358404317219693
0,0.0318485103466363
0,0.003172251193961
0,0.0061488699474426
0,0.0353122137717981
0,0.0357608289429446
0,0.0351209796381416
0,0.0351084480172392
0,0.0351883041388408
0,0.0126820323595301
0,0.0358609096779259
0,0.0356881950398455
0,0.0094873155403057
0,0.0351515367680585
0,0.0358663671224848
0,0.0354256351651371
0,0.034789983232838
0,0.0350096732441202
0,0.0086142654615797
0,0.0206065920803084
0,0.0348316505931671
0,0.0348386886547432
0,0.0352387088258226
0,0.0043706902194346
0,0.0242374300602549
0,0.0358030257923519
0,0.0172312756027818
0,0.0358427686427108
0,0.2637552292523397
0,0.0352654878378605
0,0.0174823803973591
0,0.0358495643327284
0,0.0056063924831046
0,0.0355202322266087
0,0.017005119632154
0,0.0347951344959817
0,0.035309372697254
0,0.035869118546658
0,0.0357410077748745
0,0.0353137259967242
0,0.0116831615175907
0,0.035856878052959
0,0.0351308653535546
0,0.0355680419007741
0,0.0135492681887557
0,0.0353115099677827
0,0.0358541550393245
0,0.0347589800160868
0,0.0347824019841576
0,0.015569941766113
0,0.035820764644903
0,0.0354849336951643
0,0.0325422515079657
0,0.0151961182898018
0,0.0358584596190681
0,0.0040962926233407
0,0.0052810744667075
0,0.0349267796198886
0,0.0348585798929508
0,0.0358241729073118
0,0.03477044950537
0,0.0046952666447298
0,0.0311664173383788
0,0.0133184436262308
0,0.0358312721701307
0,0.025380271247433
0,0.0349285366408538
0,0.0356988530421619
0,0.0350164490565377
0,0.0348573503482723
0,0.0351768382215741
0,0.0355684823659115
0,0.0350256654359513
0,0.0353250723172266
0,0.0301403034908127
0,0.0347975399180404
0,0.2152878438611129
0,0.0348203921969796
0,0.0358628434102038
0,0.0247383549007428
0,0.0356237842592309
0,0.0321514563189238
0,0.0349122312337862
0,0.0352124798705685
0,0.0261845785883415
0,0.0355436416901179
0,0.0036921896882798
0,0.0320791980044422
0,0.0358599686728304
0,0.0347842082525495
0,0.0359025410321358
0,0.0349188221783578
0,0.0344558026357236
0,0.0179958071046329
0,0.0306888490031143
0,0.0353509721871014
0,0.0355530325411279
0,0.0348216189103901
0,0.0347707202406527
0,0.0352592059027662
0,0.0348420744657241
0,0.0354202620175173
0,0.0312865924102698
0,0.0358351680869315
0,0.0355570973123336
0,0.034876291234729
0,0.0308467198001764
0,0.0350184998206892
0,0.035615252482896
0,0.0181683865602098
0,0.035864634860134
0,0.0347977593809465
0,0.0358557954728912
0,0.0352351821777075
0,0.0289837767901514
0,0.03575689767331
0,0.0348286623736177
0,0.0349101330101429
0,0.0215966455549159
0,0.007878984522891
0,0.0039317051950002
0,0.020094316394528
0,0.0347866316984495
0,0.0347757426478659
0,0.0347665395219756
0,0.0347795991141948
0,0.0348437505273947
0,0.0347971076596563
0,0.0358024087504629
0,0.0307944477902705
0,0.0331238396390464
0,0.0173305673627414
0,0.0113971603708504
0,0.01905401177438
0,0.0338113845115664
0,0.0357526848436071
0,0.0097174593332027
0,0.022609268234882
0,0.0224294680641655
0,0.0348770212516709
0,0.0355730898842808
0,0.0350085012077003
0,0.0357364790018935
0,0.0014298572601764
0,0.0355592490151547
0,0.0358658989158077
0,0.035095219566543
0,0.008169304292066
0,0.0357362935283036
0,0.0315877882570495
0,0.0020904336740977
0,0.0356711445700043
0,0.0347722883492566
0,0.0146945304685185
0,0.0356489720613332
0,0.0349208287723145
0,0.0352492954739285
0,0.0356561047978534
0,0.0355894703284663
0,0.0355523434834102
0,0.0357570659498733
0,0.0348524227332349
0,0.0358184672893234
0,0.0167308377126901
0,0.0349280690186928
0,0.0353301414941434
0,0.0350211360248677
0,0.0357430724117983
0,0.0356424139564492
0,0.025591885560589
0,0.0348048953385705
0,0.014468220638597
0,0.0348992288261156
0,0.0095660117194184
0,0.0355365866091996
0,0.0356754773911342
0,0.031638314381481
0,0.0350663935536006
0,0.0355138791517261
0,0.0358675869825419
0,0.0352418024186384
0,0.0357820428890155
0,0.0357636499527663
0,0.0355548640633196
0,0.0351032139744815
0,0.0168534911500697
0,0.035855998082705
0,0.0214271011034253
0,0.0338171009294706
0,0.0355620584960005
0,0.0348566104638346
0,0.0347956935603791
0,0.0355904311168658
0,0.0358284890934795
0,0.0349242461689018
0,0.0351633995369252
0,0.0358441609198837
0,0.0478403761602734
0,0.0353329893850953
0,0.0351242188067032
0,0.0260045364483959
0,0.0147267398614142
0,0.0521165582361427
0,0.0348921068155385
0,0.0019535896665646
0,0.0352348135170223
0,0.0352991457245061
0,0.0351584274138326
0,0.0103689777297436
0,0.0211187512996004
0,0.0349147103593674
0,0.0003580326561304
0,0.0067720532279695
0,0.0169656561762533
0,0.0034891669753266
0,0.0358138307292885
0,0.0008761637085234
0,0.0358021353009337
0,0.0357019308010799
0,0.0348243875790496
0,0.0357481797616477
0,0.3861448602960529
0,0.0348136643522432
0,0.0357758295337803
0,0.035001342531027
0,0.0319455626960116
0,0.0348058803080864
0,0.0111085269390733
0,0.0349632962017159
0,0.0148292638411803
0,0.0194884675592686
0,0.0355311346301937
0,0.0348763693070407
0,0.0358573280066043
0,0.0358621839153464
0,0.0352872695091584
0,0.035394322747031
0,0.0347642225683607
0,0.0358765359884339
0,0.0351601552676744
0,0.0248682811542251
0,0.0357454166602612
0,0.0351008340775141
0,0.0347861372177555
0,0.0358661184901864
0,0.0347909119589862
0,0.0349803525212539
0,0.0358051079230911
0,0.0090456125899679
0,0.0261048739587001
0,0.035844388264804
0,0.0348652857133567
0,0.0358468603648514
0,0.0352490397809943
0,0.0350045273025489
0,0.0358439251395417
0,0.0268331364122265
0,0.0350434111065671
0,0.0118316542367431
0,0.0347845667415563
0,0.0350718434139884
0,0.0354729158908553
0,0.0355777244845109
0,0.0349174234640254
0,0.0350878633220993
0,0.0347824790997391
0,0.0351475369541145
0,0.0348450675846359
0,0.0326995290978145
0,0.03584228308877
0,0.034532559084186
0,0.034857172854226
0,0.0312871116135902
0,0.0045684502026618
0,0.035544667103126
0,0.0351592686817922
0,0.0348558520493262
0,0.02884165305124
0,0.0356041351815136
0,0.0352779754332853
0,0.0223512573663889
0,0.0353963463370417
0,0.009119866973974
0,0.0357781167130941
0,0.0357187457862813
0,0.0353874248992713
0,0.0347859208560333
0,0.0140769279385488
0,0.0349815373883959
0,0.0358070896815998
0,0.0357943993780771
0,0.0349021356365918
0,0.0310571055531871
0,0.010448780264926
0,0.0351149325252212
0,0.0358497482982155
0,0.0349291002289513
0,0.0356127783413568
0,0.0307527543019531
0,0.0351849732866794
0,0.0028483991331687
0,0.0358643066971236
0,0.0351526658448847
0,0.0354314094083721
0,0.0347847860065705
0,0.0090942317937419
0,0.0342746657380584
0,0.035025380602534
0,0.0347830515592456
0,0.0018942044562749
0,0.0350590715821007
0,0.0347825086999605
0,0.0356096886247754
0,0.0356694448036714
0,0.0356284754542206
0,0.0351017710029693
0,0.011138464889409
0,0.0356660717376906
0,0.0352514741718679
0,0.0351310598274928
0,0.0047343604185343
0,0.0158553816522863
0,0.0347839583426447
0,0.0357868424420623
0,0.0027340988503692
0,0.0356615687437223
0,0.0357413808535453
0,0.020814198922107
0,0.0356386446094661
0,0.0356339765190578
0,0.0356414952473012
0,0.0348106959792188
0,0.0351864942194126
0,0.0348291368409433
0,0.0351319013574597
0,0.0357808236408495
0,0.0349241831935787
0,0.0348173337343897
0,0.0348545917800874
0,0.0083201274695575
0,0.0351337101414474
0,0.5272391355772434
0,0.0356410635796089
0,0.0106911057084999
0,0.0279637506473458
0,0.034780419289789
0,0.0320717017116716
0,0.0213613898221272
0,0.0352295836329575
0,0.0170718254894409
0,0.0358375085817945
0,0.0357868292278865
0,0.0348478958563584
0,0.0358252291250102
0,0.0351327859509177
0,0.0347633847047227
0,0.0351433171630772
0,0.0358601350450293
0,0.0358477147855708
0,0.0063075074720165
0,0.0350692630259062
0,0.0348939108603338
0,0.0100230526556981
0,0.0098538960035833
0,0.0348278992773632
0,0.0358467549927203
0,0.0356512343552734
0,0.0123015722047264
0,0.0349381106074959
0,0.0349589468551946
0,0.0149656807736283
0,0.0204520261685379
0,0.0300710095223679
0,0.0337354053555619
0,0.0171999177120535
0,0.0138541643454653
0,0.0084903337946609
0,0.0350366724959098
0,0.033966670383963
0,0.035255334733674
0,0.0354994391826248
0,0.0349057071027858
0,0.0351580965718892
0,0.0347807549549107
0,0.0334220231459086
0,0.0353059099050914
0,0.0318578394906582
0,0.0348804195978596
0,0.4360758214400054
0,0.0348714203696526
0,0.0886258554353254
0,0.0349901390451033
0,0.0224049212820252
0,0.0348125135367331
0,0.0358249806989458
0,0.0280640201373381
0,0.0352095714549062
0,0.0031420889489961
0,0.0103741936415955
0,0.035429831602198
0,0.0117052774934218
0,0.0358487790973443
0,0.0354947862379537
0,0.0348749294489415
0,0.0353367951493617
0,0.0358674423034962
0,0.0350467167876223
0,0.0082521776260699
0,0.0358529173142604
0,0.0042435886672796
0,0.0358520173545721
0,0.0352103968396234
0,0.0349377276351609
0,0.0348764759431623
0,0.0292112968743066
0,0.0562859413243641
0,0.018843774906412
0,0.0348171211125738
0,0.0209493763013805
0,0.035279119235963
0,0.0351822620252109
0,0.0358320816519761
0,0.035362734939981
0,0.0339034742596812
0,0.117864376146515
0,0.0353195187440022
0,0.0352900741111973
0,0.0303115098058639
0,0.0348309348143085
0,0.0342594908425717
0,0.0155496991355462
0,0.0018043891772026
0,0.0353197659091011
0,0.0358166397232404
0,0.034794417361821
0,0.0351531361276832
0,0.035648028697533
0,0.0352635526277837
0,0.0353090492612207
0,0.0185318754099003
0,0.0176463111924699
0,0.0016146219463392
0,0.0347908612779137
0,0.0125142656519899
0,0.014653558213446
0,0.0348093460012888
0,0.0358770047681413
0,0.0184652976411959
0,0.035755767605808
0,0.0350210647833447
0,0.0357385352813471
0,0.0162995427258682
0,0.0322242698498891
0,0.0348217874064177
0,0.0354935997679952
0,0.0351190332423423
0,0.0168338719173757
0,0.0358572881879272
0,0.0350280336971309
0,0.0348260085373139
0,0.0352383809655045
0,0.0351062289948939
0,0.0166934992288885
0,0.0350692970360099
0,0.0286598628855529
0,0.0353675923711478
0,0.0358514353775137
0,0.0353212876471827
0,0.0043947211659769
0,0.0355165849622862
0,0.034792954781132
0,0.035638577529288
0,0.035141166341204
0,0.034867379669669
0,0.0356779251976669
0,0.0262288352136919
0,0.0348199081207648
0,0.0356516674502012
0,0.034781729185054
0,0.0096885668851939
0,0.0103797532839446
0,0.0071676394908466
0,0.0353854995427466
0,0.03581801835943
0,0.0121627773142581
0,0.0351020899149643
0,0.0183566795564833
0,0.0348424627168781
0,0.035847161388412
0,0.0171164449512842
0,0.0352944836264748
0,0.0118185892965116
0,0.0097556723304002
0,0.0352496346789297
0,0.0356047193710536
0,0.0347795400447142
0,0.0351769316682621
0,0.0347821297136559
0,0.0348548302703464
0,0.016277748009184
0,0.0269771608209367
0,0.0099344714676182
0,0.0281119331441878
0,0.0208900755438742
0,0.0315576658029176
0,0.0347867328482474
0,0.0254683813377614
0,0.0357880319596822
0,0.0150263522103224
0,0.0349601890375633
0,0.0064637390451662
0,0.035379799684468
0,0.0348117921518403
0,0.0358509180895712
0,0.035074913787134
0,0.0354531389266725
0,0.0066666842782828
0,0.0349390411453226
0,0.0045173310836292
0,0.0358470672349357
0,0.0347798611695549
0,0.0347786753889652
0,0.035854067051054
0,0.0347807290073341
0,0.0358598644737128
0,0.0348230091197237
0,0.0347918592903549
0,0.0351904055416664
0,0.1194123958237323
0,0.0051282060977868
0,0.0351319137661555
0,0.0261565470003784
0,0.0358626144075701
0,0.0352063470207986
0,0.0037553327288922
0,0.034793994657276
0,0.0349523345279062
0,0.0173559084122568
0,0.0352698295071093
0,0.0349291992065455
0,0.0054346928955611
0,0.0357028810614822
0,0.0353833173740689
0,0.0349485023867356
0,0.0348510147097408
0,0.0357823515881934
0,0.034781852420519
0,0.0284872334378738
0,0.0355960632627949
0,0.0350085499963894
0,0.0276784651443521
0,0.0350505866243217
0,0.0348555733752894
0,0.0083714853370607
0,0.035774251072096
0,0.0347640936780647
0,0.0097537207728321
0,0.0354523039337852
0,0.5814375257573396
0,0.0446840340477476
0,0.0118869264672989
0,0.0358075783532813
0,0.0356313153179926
0,0.0353848940615571
0,0.0042591400716242
0,0.0338983511952831
0,0.0356599457242669
0,0.0351535353972407
0,0.0356132335649993
0,0.0351292988268878
0,0.0348854445380931
0,0.0348019079131411
0,0.0103184454586217
0,0.0166952186129947
0,0.0115208417892323
0,0.0348300988822483
0,0.0354531387147986
0,0.0354938342467189
0,0.0442992871795259
0,0.0349140062750603
0,0.0352353410034137
0,0.0358273195256312
0,0.0348981750880632
0,0.0351043703806966
0,0.0283598432657256
0,0.0225834564724667
0,0.0278435328283113
0,0.034891339639195
0,0.033596604890963
0,0.0353226502154772
0,0.0337826841840347
0,0.0354833003848644
0,0.0351634509459095
0,0.0300796374540817
0,0.0336332093065207
0,0.0358579389718102
0,0.035846313886318
0,0.035568239958763
0,0.0168834105595924
0,0.0267908283736497
0,0.0355374909828194
0,0.0044998401839056
0,0.0356577545312296
0,0.0333096360641503
0,0.0353306484086712
0,0.0358451170178574
0,0.034782499892809
0,0.0348863646772822
0,0.0196413963130347
0,0.0353426674929578
0,0.0358028251917574
0,0.0348042051979623
0,0.0351928122437748
0,0.0126939237943839
0,0.035597716554326
0,0.0357427270565398
0,0.0355203724947894
0,0.0353135074773502
0,0.0146430682131697
0,0.0353427077367942
0,0.0349422517464738
0,0.0356832923164765
0,0.0354210645765528
0,0.0162242970168921
0,0.0351497734371874
0,0.008406524761463
0,0.0349393323533069
0,0.0226449430826026
0,0.0050745142742939
0,0.0354702393612167
0,0.0032622220868271
0,0.0349054038368511
0,0.0201908021319021
0,0.035291066110569
0,0.0033758418767173
0,0.0344145929140998
0,0.0356825512927442
0,0.0352208918261188
0,0.0259284091655003
0,0.0352599262090764
0,0.0347747135582969
0,0.0350340626637192
0,0.0358952488044023
0,0.0357210310391431
0,0.0349015925069326
0,0.0354704478171483
0,0.0351805204631169
0,0.035721289050115
0,0.0175617266016775
0,0.035235309501204
0,0.2755246953325458
0,0.0352355500125743
0,0.0355270612803553
0,0.0350846097854369
0,0.0130287444586639
0,0.0347968860134657
0,0.0240008065747419
0,0.0336830909123604
0,0.0050921756201595
0,0.0349749278214778
0,0.0356000815129094
0,0.055115149239735
0,0.0199463176887084
0,0.0347796443045001
0,0.0194634785500167
0,0.0358457329890361
0,0.0355122782440078
0,0.0352781326962826
0,0.0358576124003644
0,0.0105396567881854
0,0.0352909347027514
0,0.0328406886034838
0,0.0351296736109213
0,0.0352014815435327
0,0.0349421142820866
0,0.0211972850281408
0,0.0352967886712226
0,0.0348041636883686
0,0.0357034443322608
0,0.0348985188894063
0,0.034866413807997
0,0.035687048293441
0,0.2638509037024461
0,0.035423659076487
0,0.0352890845070748
0,0.0350472784856916
0,0.0150202667833703
0,0.035401354358062
0,0.0347978974567883
0,0.0356061449601584
0,0.0355314005289064
0,0.0349063317302843
0,0.0322955377782604
0,0.0352436261366024
0,0.0357909078475704
0,0.0350465236962022
0,0.0356408862598434
0,0.0358563392521616
0,0.0350935111885995
0,0.0320282403324969
0,0.0025887767140577
0,0.0356442136369347
0,0.0118714168971629
0,0.034382219910132
0,0.0207128253083311
0,0.0104982145429892
0,0.0220097976311494
0,0.0348336233976689
0,0.0347845770743567
0,0.0217477844488072
0,0.0228531930359227
0,0.0354197370994392
0,0.0356065832019479
0,0.0354492523759244
0,0.0354528402357922
0,0.0357300093948281
0,0.0350432822730339
0,0.0349500691540613
0,0.0355896831591255
0,0.0356699529003604
0,0.0116498222994782
0,0.0339013919494773
0,0.0348349442433845
0,0.0335930907112075
0,0.0353319088629841
0,0.0296907498403539
0,0.0347919527094748
0,0.0350640528579832
0,0.0250630072476569
0,0.0357173029243856
0,0.0355589656774637
0,0.0355435042508259
0,0.0083812559416219
0,0.035470731342867
0,0.0349696432145122
0,0.0348503408663095
0,0.0347992901969261
0,0.0356448950162832
0,0.0291303381905348
0,0.034954788728301
0,0.0348916385461827
0,0.0165577493630619
0,0.0350346877203846
0,0.0349716060906377
0,0.0358415963729818
0,0.0296306395407966
0,0.0351866848817738
0,0.0348097825431557
0,0.0156922339165933
0,0.0350119302731995
0,0.035214990180654
0,0.0354128158281456
0,0.03518147352683
0,0.0051032935070287
0,0.0348948328125863
0,0.0349471820313594
0,0.0251606302505528
0,0.0283050680728465
0,0.0357487827068891
0,0.0355230308146325
0,0.0354427067465875
0,0.0294253229921527
0,0.0357686757517257
0,0.0352087878151295
0,0.0055097293327608
0,0.0356828801113078
0,0.0158866338839529
0,0.0349005757113099
0,0.0351579990736929
0,0.0358592208742009
0,0.0322716918296112
0,0.0355676499083138
0,0.0170112685449976
0,0.035851807159213
0,0.0350434327738456
0,0.0332891545919585
0,0.0356303784480735
0,0.0354064712829072
0,0.3889703593528652
0,0.0353435811730848
0,0.029418133817199
0,0.0358383840096305
0,0.0349969163772357
0,0.0348991924688717
0,0.0358656010218921
0,0.0350405009010934
0,0.0228894942064037
0,0.0252835068437486
0,0.0358369514831765
0,0.0352239540714057
0,0.0348881554733338
0,0.0306085036567119
0,0.0350943036517737
0,0.0358566458758058
0,0.0357752320648665
0,0.0176667943237432
0,0.0358347336879533
0,0.0260260443200707
0,0.0165903781617685
0,0.0351190969330705
0,0.0282946961028962
0,0.0118823834834418
0,0.0357544728218769
0,0.0358866989069984
0,0.0349266379882861
0,0.0349790563051444
0,0.0349936364728927
0,0.0347563053588928
0,0.010907415312103
0,0.0350047944273832
0,0.0053823841428403
0,0.000638208480613
0,0.0353906066408981
0,0.0356230414737337
0,0.0348927549318662
0,0.0345116021625482
0,0.0344504362701074
0,0.035015584154288
0,0.0352995562852621
0,0.0347812871582288
0,0.0351380016830368
0,0.0179660113057577
0,0.0358889066063944
0,0.0347874529784768
0,0.0356590039921666
0,0.0046355762891212
0,0.0356183167067866
0,0.0327848924844684
0,0.0058912487852199
0,0.0207511544444864
0,0.0349414297959147
0,0.0357611376967903
0,0.0349746543495999
0,0.0061031015136049
0,0.0355079858718823
0,0.0348783859720626
0,0.0358068235189159
0,0.0349866624341844
0,0.0353675074983897
0,0.0351256366942663
0,0.035221622930785
0,0.0357961090090395
0,0.0353462071459008
0,0.0349880596106018
0,0.0357235205463517
0,0.0137369340565763
0,0.0116961358970104
0,0.0349917588520027
0,0.0013591827808022
0,0.0187581214789652
0,0.0350005481719099
0,0.0352036484362998
0,0.035044962110064
0,0.0347849407561746
0,0.0349442328555931
0,0.035566130892027
0,0.0355261371420911
0,0.0304836680737445
0,0.0352405420560115
0,0.0348425942848472
0,0.0356511038664912
0,0.0351214565391878
0,0.0354458896173782
0,0.0357772470641427
0,0.1001383629056652
0,0.0358114861032906
0,0.0354671374647517
0,0.0350934135909624
0,0.0348178285428908
0,0.0295754228162161
0,0.0098995071127162
0,0.0348106723801541
0,0.0358459104122417
0,0.0016146956227912
0,0.0347058919866594
0,0.0051334365506382
0,0.0310840737271598
0,0.0358366976285625
0,0.0354428384899973
0,0.034849193153243
0,0.0348598606909461
0,0.0354708597967729
0,0.0358638926489246
0,0.0357085613197514
0,0.0224969795118174
0,0.0353133613558084
0,0.0355821022003693
0,0.0173903163843938
0,0.0071237617538258
0,0.0348861421375181
0,0.035289991787552
0,0.0357148766243102
0,0.0355694496690285
0,0.0358118763425272
0,0.0358414306248639
0,0.0348559680163412
0,0.0356509074501028
0,0.0051852400406329
0,0.0256381089238211
0,0.0265531649707597
0,0.0355180096399682
0,0.0350898540573145
0,0.0321976671470278
0,0.0355331036518376
0,0.0066128709354534
0,0.0304891391254738
0,0.0347823088137815
0,0.0356098552379663
0,0.0352150296903844
0,0.0009414844725786
0,0.0003902353534041
0,0.0349035096885032
0,0.0348282996724668
0,0.0350801498412288
0,0.0352337224971443
0,0.0354734834082517
0,0.0356446207180125
0,0.0353791009796702
0,0.0232706082407574
0,0.0356730136118092
0,0.0353655058833458
0,0.0115982623503538
0,0.0021952017170575
0,0.0350036927173597
0,0.0358182274281744
0,0.0354863497083778
0,0.013610495117359
0,0.0348379883735108
0,0.0297425779014853
0,0.0099457331392003
0,0.0356899039579121
0,0.016068354678968
0,0.0353754400112817
0,0.011309481042306
0,0.035834424841147
0,0.0358623866835244
0,0.0351468457077456
0,0.033123192251397
0,0.0102560818751068
0,0.0356447486735027
0,0.0348256983308481
0,0.0353156026087231
0,0.0162405858861388
0,0.0356422112700244
0,0.035847405817988
0,0.0348545321078259
0,0.0076958129828317
0,0.035575167076022
0,0.0102049120275848
0,0.0355200958245597
0,0.0347910484948035
0,0.0236152742671219
0,0.0356804545778182
0,0.0353576761373142
0,0.0348690596437521
0,0.0032553607154183
0,0.0352149933730678
0,0.0052238599485223
0,0.0351297423397809
0,0.0123286865287297
0,0.0355493166587824
0,0.0147737880589696
0,0.0274381015739902
0,0.0353856147853165
0,0.0358645620821571
0,0.03530126411565
0,0.0357984600164948
0,0.0244866682806503
0,0.0358465658636241
0,0.0348841294206733
0,0.0349569048305413
0,0.2553882785273427
0,0.0312457536830706
0,0.0348210401745112
0,0.0358290742932035
0,0.0356923847257304
0,0.0357577167401969
0,0.0345520432684192
0,0.0297876823479497
0,0.0271183111372239
0,0.0354779789335246
0,0.0329799274920051
0,0.035883977716141
0,0.0352958908821561
0,0.0118266956286529
0,0.0292814144475132
0,0.0348215623940728
0,0.0352293248250563
0,0.0356119870038086
0,0.0289950990988212
0,0.0348366391352619
0,0.0356071042787149
0,0.0089541182118657
0,0.0355407738311994
0,0.0044756475141689
0,0.035714241216735
0,0.1964925303812376
0,0.034921397161724
0,0.03524663368652
0,0.035277795882515
0,0.0357286878778872
0,0.0356335291765436
0,0.0107872851163917
0,0.0351046995341218
0,0.035870191135031
0,0.035797588330973
0,0.0092584928581749
0,0.0348830308284896
0,0.0355820341460493
0,0.0355202630747342
0,0.0348173267877789
0,0.0353081581445176
0,0.0348632782273588
0,0.0347810517459591
0,0.0347653457281817
0,0.0164872791827183
0,0.0348588111588148
0,0.0349528627914216
0,0.0357042211596938
0,0.088158576747367
0,0.0352801701037528
0,0.0159507080249909
0,0.0347828498770467
0,0.0356450162204439
0,0.0350701179085571
0,0.02918215446525
0,0.0354746368473641
0,0.0269109851630862
0,0.0347846245507483
0,0.0356490154482352
0,0.0356177257921017
0,0.0307114451232742
0,0.035102939884108
0,0.0354361156175863
0,0.0351246499548887
0,0.0157147950661213
0,0.0352069587148457
0,0.0358534835152856
0,0.0355317448547609
0,0.0104608737810692
0,0.0168296504621018
0,0.0350212798071082
0,0.0171167787055108
0,0.035855513586615
0,0.0348191138934324
0,0.0104824873938743
0,0.0358231170775886
0,0.0222412598686441
0,0.0350066954898734
0,0.0357755771938018
0,0.0357814357844411
0,0.0018258263543475
0,0.0203300222820783
0,0.1861056615397119
0,0.0272278006729019
0,0.0358578110736403
0,0.1690785898883793
0,0.0307717131755134
0,0.0350023279496235
0,0.0307006339423563
0,0.0047984725092516
0,0.0347854204009982
0,0.0348491168538079
0,0.0355877981978747
0,0.0181687588392433
0,0.0035617870444299
0,0.0237702488250936
0,0.0355741931701447
0,0.0352627575338461
0,0.0358611216926801
0,0.0225188378665403
0,0.0358304610707582
0,0.0247494675593184
0,0.0040209874628458
0,0.0347844060947953
0,0.0356200909395798
0,0.0259725330877018
0,0.0283947275605034
0,0.0349014868257415
0,0.0353571722799412
0,0.0349162887352932
0,0.03402509589746
0,0.0353558215686504
0,0.0354421019580486
0,0.0347789512476227
0,0.1034617211136358
0,0.0178737023175368
0,0.0357244199398908
0,0.0348140715175775
0,0.0356317365783737
0,0.0357859682333576
0,0.0347803976466194
0,0.0354944402955268
0,0.0276659077926755
0,0.0356425511204234
0,0.0043114527813147
0,0.0021033176203922
0,0.0359115881395995
0,0.0348101499407306
0,0.0355780469808942
0,0.0354048558980656
0,0.0350373342564105
0,0.0349388213725079
0,0.0191162224164958
0,0.0349697369294687
0,0.0357470737974062
0,0.0354416928416356
0,0.034998037678454
0,0.0348120519728054
0,0.0356589015404074
0,0.0350833698759918
0,0.0038719756392951
0,0.0270877178503028
0,0.0350161628172071
0,0.0107613812814254
0,0.0349148344053358
0,0.0203537967764923
0,0.0350569658275929
0,0.0352208126168191
0,0.0350815718297214
0,0.0348048814274612
0,0.0123043893473916
0,0.001253225366455
0,0.0356225285939729
0,0.0357924721809707
0,0.0356524529796301
0,0.034958283889766
0,0.0353434287893363
0,0.0348036454379535
0,0.0348886590317491
0,0.0347752104314314
0,0.0346366213002693
0,0.0358455557129433
0,0.0315205563191272
0,0.0034512780886792
0,0.0330017498143671
0,0.0354212985838484
0,0.0354513704282489
0,0.0046570518268758
0,0.0023159682084466
0,0.0348194705447524
0,0.0549083272204509
0,0.0283594798385845
0,0.0356070574679908
0,0.034779136277786
0,0.0134599658583309
0,0.0109482282655832
0,0.0332825195902087
0,0.0347863181252373
0,0.0358568432393136
0,0.0030863165501887
0,0.0356284669396464
0,0.0353767033111026
0,0.0348339502558307
0,0.0358360791354987
0,0.0339663576188358
0,0.0356033678426169
0,0.0354050085369071
0,0.034780890867478
0,0.0354076289342394
0,0.0358176316622102
0,0.0025506433210032
0,0.0161068183501012
0,0.0023624904043423
0,0.0105073007053277
0,0.0031814707628432
0,0.0351926328164443
0,0.0357357381886843
0,0.0353102544177806
0,0.0358576840658579
0,0.0165533221849387
0,0.0348331042041085
0,0.0355349918984604
0,0.0122013178145636
0,0.0304471640787882
0,0.0125246566547216
0,0.0358568399922159
0,0.0356766517649517
0,0.0293658451498563
0,0.0347540965664922
0,0.035306005266219
0,0.0358207018127812
0,0.0348150492426308
0,0.0352635150397096
0,0.0138479675912744
0,0.0291699046317733
0,0.0356769377618355
0,0.0354993093115713
0,0.0348964304076388
0,0.0036581524027715
0,0.0278946156888274
0,0.0093200226121197
0,0.0347906302845021
0,0.004160071154408
0,0.0351363670357686
0,0.0358045372698233
0,0.0347985107234219
0,0.0172204036757675
0,0.0101789585084248
0,0.0348038212285504
0,0.0042817384928357
0,0.0356386934063005
0,0.024440961396753
0,0.0106186860709351
0,0.0170044138111598
0,0.0349349087750864
0,0.0350477416710857
0,0.0348921068155385
0,0.0356180300932802
0,0.0352887446441855
0,0.0155220024769016
0,0.0354983170862309
0,0.0351970407431221
0,0.0041497927568828
0,0.0354586143936455
0,0.0339251706392482
0,0.0352154213440899
0,0.0312266683974713
0,0.0340213838911189
0,0.0088577523677563
0,0.0357068254451133
0,0.0356399198289448
0,0.0352362769019865
0,0.0352040386206106
0,0.0351718337859133
0,0.0348312226906356
0,0.0220523932321162
0,0.0164476221430903
0,0.0357141008962666
0,0.0155786347980725
0,0.0107638474518808
0,0.0262922934407686
0,0.0358385103789489
0,0.0348864971556929
0,0.0358539878731873
0,0.1687676240221498
0,0.0350560758884304
0,0.5308328541214665
0,0.0176485175042423
0,0.0350526342887798
0,0.0351014215386799
0,0.0347894872296714
0,0.0358580400054325
0,0.0275624997861049
0,0.0348238549157154
0,0.0075534602363565
0,0.0348181566307729
0,0.0354181481382366
0,0.031127579779278
0,0.0357252303509555
0,0.0343404616011289
0,0.0338264829746861
0,0.035473596779361
0,0.0358501244987212
0,0.0124987764061407
0,0.0335257557332058
0,0.0024810959144944
0,0.0351713860898874
0,0.0349696674374057
0,0.0068283436858241
0,0.0354139391347985
0,0.0347673988765656
0,0.0357456808508225
0,0.0161178437236619
0,0.0357083940440317
0,0.035855655636165
0,0.0329965050540275
0,0.0349413466889438
0,0.0355761149490555
0,0.0356349132427335
0,0.0233567016780573
0,0.0356065332272907
0,0.03524663368652
0,0.0189771276968875
0,0.0351537119389328
0,0.0094066994133099
0,0.0337725773266477
0,0.0181126637658576
0,0.1311296783515755
0,0.0351138329343908
0,0.019361546790103
0,0.0101281826148639
0,0.0356401920365111
0,0.0350554349517324
0,0.0357891125355742
0,0.0355273600541541
0,0.0056867439277522
0,0.0049468094716256
0,0.0349395028002812
0,0.0349564579060292
0,0.035838526663193
0,0.0357292399017468
0,0.0206050656195627
0,0.0358421795760422
0,0.0358792440800937
0,0.0356800295139548
0,0.0358394839499213
0,0.0358162944778894
0,0.0395692138570416
0,0.0085602148215365
0,0.0351858534241613
0,0.0348119945063714
0,0.035850461498032
0,0.013071691738963
0,0.0357986784371651
0,0.0347806668097171
0,0.0349761099050204
0,0.0309874225608052
0,0.0348058803080864
0,0.0357206802100574
0,0.035641675764384
0,0.0349480414037235
0,0.0348782344061947
0,0.0348137248860432
0,0.0356621882313619
0,0.0014823798870845
0,0.0300784908129854
0,0.0350281326043744
0,0.0357768370566095
0,0.0187770650153259
0,0.0358561440774266
0,0.0347659477727803
0,0.0347943404364422
0,0.0351841137130833
0,0.0353279001907062
0,0.0348254457947839
0,0.0123597532121963
0,0.0347957387063359
0,0.0467325861049448
0,0.0357443166573744
0,0.033486787162655
0,0.0281276039877694
0,0.0091527759494846
0,0.0355377275175665
0,0.0351764490541718
0,0.0114259756381047
0,0.0353421494591812
0,0.0051132503972102
0,0.0352238595324813
0,0.0108614581011178
0,0.0355309041799036
0,0.0349877412955061
0,0.0351868520203257
0,0.035861924704952
0,0.0164802138718997
0,0.0357839166246904
0,0.0357884140026771
0,0.7121541564153611
0,0.0348896000610626
0,0.009970216030228
0,0.0354025841623349
0,0.0192683351221913
0,0.0210732205708027
0,0.0172162044252378
0,0.0358029235104422
0,0.0356401549716456
0,0.0350571336430812
0,0.0352613909431912
0,0.035238885847508
0,0.0351320003529352
0,0.0358693914932114
0,0.0358367195598849
0,0.0042038852368919
0,0.0348053370952614
0,0.0347887404005803
0,0.011407386916939
0,0.0321773670210131
0,0.0094678770676497
0,0.0278449513375713
0,0.0356781723879477
0,0.0349472523734973
0,0.0348933344869753
0,0.0358648496982554
0,0.0347976200105564
0,0.0195079833692826
0,0.0263426572563054
0,0.035489341799566
0,0.0358582309190202
0,0.0348427879606198
0,0.0347798801860636
0,0.0347799676983518
0,0.007702486145637
0,0.0327462413833409
0,0.0343880087366556
0,0.0352428703542862
0,0.0354184664893246
0,0.035776577498517
0,0.0039899740707546
0,0.0108979716436539
0,0.0350480346657469
0,0.0358793958511769
0,0.0343752839147782
0,0.0350745617023004
0,0.0352644710285717
0,0.034883930475117
0,0.035741174286909
0,0.0355117603901888
0,0.0177576545790104
0,0.0011963653106232
0,0.0347816483021511
0,0.0350930522279137
0,0.0356086707041198
0,0.0358549852366754
0,0.0347886331720117
0,0.0350402436741631
0,0.0358498846282318
0,0.034829540556924
0,0.0352175611431886
0,0.0350708420567564
0,0.03536678879094
0,0.035617200809247
0,0.0358004627294558
0,0.0351245750849489
0,0.0349712503758212
0,0.0351720622519259
0,0.0336875234596324
0,0.035441228622104
0,0.0253889047298842
0,0.0356093028122507
0,0.035844075390266
0,0.0214690130037492
0,0.0356173920205518
0,0.013136051790221
0,0.0348690133410395
0,0.1239912699141381
0,0.035808118522836
0,0.0156717197625928
0,0.0354975449564754
0,0.0352383809655045
0,0.0350386304214573
0,0.0351843493881195
0,0.0352511946090599
0,0.0349626942051754
0,0.0355499212104147
0,0.0349522933375142
0,0.0347998867268791
0,0.0347627325371488
0,0.0041527056999234
0,0.034826431115338
0,0.035572718676174
0,0.0348020255349393
0,0.0352144857497826
0,0.0352293026763972
0,0.0355429690937056
0,0.0358080393140414
0,0.0040616423350645
0,0.021668408552024
0,0.0242144212294104
0,0.0355429690937056
0,0.0082317430721521
0,0.0358020198449611
0,0.035082591438915
0,0.0357706413158917
0,0.0352067611319892
0,0.03521704201696
0,0.0353099976507347
0,0.0357882060100107
0,0.0349694557302213
0,0.0348607789301639
0,0.0182488606708033
0,0.0357880524136023
0,0.0069936605614713
0,0.0354229838804712
0,0.0358445868350161
0,0.0356116484903389
0,0.0088510251667729
0,0.0349589906566919
0,0.0024966537236253
0,0.0237791782437592
0,0.0347959131543011
0,0.0272870454871284
0,0.0022470274408753
0,0.0092350331394605
0,0.0348596926408296
0,0.0350782123528016
0,0.0352172287856162
0,0.0348188274922247
0,0.0174498506757719
0,0.0348854445380931
0,0.0349577916734826
0,0.0124995939409719
0,0.0348838523930638
0,0.0348798910149504
0,0.0351509575446874
0,0.0317847564575607
0,0.0296119386084899
0,0.0214690130037492
0,0.0351584317489873
0,0.034792954781132
0,0.0358003333392415
0,0.0205592863559192
0,0.0160957489112123
0,0.0358291324881739
0,0.1434231004776863
0,0.0348509674949397
0,0.035809192374982
0,0.0352382358712786
0,0.0350754246860934
0,0.0172991387999426
0,0.0348055882331105
0,0.0048940912388979
0,0.0438955012186344
0,0.007577231505202
0,0.0351360422389065
0,0.0347792619752069
0,0.0308959938019175
0,0.0349307185223787
0,0.035671104371323
0,0.0348217448740348
0,0.0145206899362136
0,0.0347969610498874
0,0.0347862668533068
0,0.0357562830857692
0,0.0348311035753672
0,0.035397269060602
0,0.1098386363654979
0,0.0348137743947896
0,0.0348040967685013
0,0.0344908791997272
0,0.035731360290921
0,0.035570983492208
0,0.0235739881284527
0,0.0162665349811678
0,0.0358738515373756
0,0.0350451663099917
0,0.0215813395308245
0,0.0350460406403569
0,0.0120859614228968
0,0.0279878275083339
0,0.0353746154161293
0,0.0350990400865414
0,0.0352986479409617
0,0.0347795418155282
0,0.0352085662607229
0,0.0335293234799853
0,0.0196050523731632
0,0.0349005585858909
0,0.0301544433846939
0,0.0143622205061924
0,0.0347982082528949
0,0.0788372022130894
0,0.0352045610846279
0,0.0245400221509295
0,0.0106738536540863
0,0.0161330276441959
0,0.0356433656569959
0,0.0177478262489508
0,0.0348745374900999
0,0.035650939631016
0,0.0351307703784199
0,0.0341082138027947
0,0.0347964849231079
0,0.0347462859995666
0,0.0357953776193328
0,0.0018597396720503
0,0.0050901700733517
0,0.0354348415698138
0,0.0029156909579522
0,0.030790448970725
0,0.0351661291118707
0,0.0348417099968806
0,0.0358219772886113
0,0.0350285655599049
0,0.035669156215164
0,0.0347916171163381
0,0.0062489158615791
0,0.0357034250863065
0,0.0108035385813995
0,0.0357647085264569
0,0.0032638746927101
0,0.0349930886433754
0,0.0230741806083079
0,0.0358385735402656
0,0.0037935545065974
0,0.0194531313961721
0,0.0358830435166113
0,0.0175585283580966
0,0.0354596664547661
0,0.0358579094586906
0,0.0188951758932863
0,0.0198978391322649
0,0.0049944664053132
0,0.0207593554088415
0,0.0355355609022335
0,0.0318396846246354
0,0.0348215623940728
0,0.0350914417300895
0,0.0348350684748274
0,0.0350161445004654
0,0.0349945891215358
0,0.0356666405333225
0,0.0343282366996837
0,0.0354378083993639
0,0.03578031858649
0,0.0356375139563628
0,0.0353407620470702
0,0.0347980802656166
0,0.0349075017939871
0,0.0347500380459285
0,0.0350029004145089
0,0.0347928798992115
0,0.0356945039648509
0,0.0054808040724086
0,0.035836727809164
0,0.0266208521399027
0,0.034784708176036
0,0.0285066448032638
0,0.0133742578881611
0,0.035869317168416
0,0.0354827653411684
0,0.0401449740413159
0,0.0355385648358512
0,0.0256676312012813
0,0.0457622751869906
0,0.0314060985336923
0,0.0124700967077814
0,0.0347969603295977
0,0.0349298608328489
0,0.0313580177752861
0,0.0358684649225973
0,0.0348837146412186
0,0.0358583129436357
0,0.0356673057732207
0,0.0103193941560248
0,0.0348263867991026
0,0.0358560610706454
0,0.0357273905749392
0,0.0218705977161345
0,0.0288567183828535
0,0.0358544957549822
0,0.0356377136899758
0,0.0185123980182524
0,0.0099561228393907
0,0.0358575736291583
0,0.0358392018458781
0,0.0345068971209061
0,0.0357390031086448
0,0.0347822927934073
0,0.0356125615330561
0,0.0024709088965505
0,0.035572835690446
0,0.0348055767496852
0,0.0031626876765177
0,0.0358455771704486
0,0.035178755707288
0,0.0058676767223771
0,0.1520943727207138
0,0.0357490045635588
0,0.0377487686455215
0,0.0292070779880388
0,0.0349750268299694
0,0.0348402259341805
0,0.0337958216802918
0,0.0358557956198704
0,0.0343404616011289
0,0.0253486540585455
0,0.0352089460460559
0,0.035833716242125
0,0.0347824745213227
0,0.0348524673734973
0,0.0157462323861866
0,0.0351167138916908
0,0.0348870625566503
0,0.0244866682806503
0,0.0361731376679903
0,0.0348408557385234
0,0.0356828478557951
0,0.035824861075725
0,0.0347875722795516
0,0.0063878606262038
0,0.0348034190577744
0,0.0350355483780347
0,0.0348921068155385
0,0.0353775257926801
0,0.2200301504291763
0,0.0350262665440998
0,0.0280941143156102
0,0.0348016072125237
0,0.0291213672556003
0,0.0347615878123587
0,0.0353189074846648
0,0.0356844966579631
0,0.0358117622687789
0,0.0356598290390448
0,0.0022797450593573
0,0.0117455352147151
0,0.023234125301555
0,0.0349725073323276
0,0.0348051441375575
0,0.0031862263739908
0,0.0347895712398847
0,0.035405263448964
0,0.0348877031122438
0,0.0104524416919306
0,0.0358228814620883
0,0.0352199584970388
0,0.0085993475884334
0,0.0355265480143489
0,0.0354220448230575
0,0.0302770525876275
0,0.034883983845018
0,0.0357470786878019
0,0.0358018249094888
0,0.0569255173660975
0,0.035372853279291
0,0.0357528377995445
0,0.0352788622821514
0,0.0088893433121719
0,0.0356928002124345
0,0.0357457280339515
0,0.0315599200208089
0,0.0348272770312771
0,0.0435613699849364
0,0.0347898212837972
0,0.0356116070344705
0,0.0357200009997739
0,0.0132835008937402
0,0.0332264431574906
0,0.0249768579101722
0,0.0354407718698186
0,0.0356837826519085
0,0.0354254013216908
0,0.035163179148655
0,0.0272174961750086
0,0.035107431143691
0,0.0045719315578427
0,0.0357853917450155
0,0.0348873441590472
0,0.0346433567128988
0,0.0348292187668341
0,0.0379490515489853
0,0.0353707297983504
0,0.0354212985838484
0,0.0354852097383567
0,0.0357219669863504
0,0.035861475659087
0,0.0349349231521266
0,0.0348545593297608
0,0.0351866573203644
0,0.0351385690846762
0,0.0352411143291017
0,0.0353717063552707
0,0.0221980652294818
0,0.0356983748117832
0,0.0022302066061774
0,0.0252946693456858
0,0.0348238011579515
0,0.0358668568318569
0,0.0356404190253335
0,0.0191932053831411
0,0.0348123052751697
0,0.0232780577537495
0,0.0102919115788876
0,0.0356069901086902
0,0.0356343490324083
0,0.0348753481980273
0,0.0358427884225952
0,0.0019770991951563
0,0.0344827170327712
0,0.0193374105444418
0,0.035174016751398
0,0.0356697952313275
0,0.0463244315329494
0,0.0350853618157757
0,0.0349478793315067
0,0.0358779080418978
0,0.013437254612074
0,0.035660675693767
0,0.0128068265210909
0,0.0357391984484008
0,0.0012347933011832
0,0.0351805554762923
0,0.0286739480659283
0,0.0168202262803628
0,0.0178544053343072
0,0.0347800137136067
0,0.0299341212591181
0,0.0358555471013005
0,0.0348089025414401
0,0.0356073789805027
0,0.0356396840055239
0,0.0177992508009197
0,0.0204028857953502
0,0.0177570850470861
0,0.0358773722873857
0,0.034970361212115
0,0.0351229325304129
0,0.0289923300010483
0,0.0112213046065249
0,0.0349941589912362
0,0.010509865124104
0,0.0349661944181728
0,0.0358199368089748
0,0.0119305167083652
0,0.0102363467053425
0,0.0351283691814648
0,0.0348543757407984
0,0.0291800630464451
0,0.0355871311092097
0,0.0354914602247446
0,0.0349052460072783
0,0.0357706036615253
0,0.0351101931571638
0,0.0352661092035084
0,0.0352168883001323
0,0.0353200099139029
0,0.0352814971089641
0,0.0356674733638205
0,0.0357773478285515
0,0.0035040152976944
0,0.0315298248827148
0,0.0351659482233788
0,0.0224394537326978
0,0.0694313318082602
0,0.0356555731048878
0,0.0356603181173191
0,0.0358277398453889
0,0.0253116715511578
0,0.0347908670255539
0,0.0356838378112824
0,0.0092896059297796
0,0.0356076196408753
0,0.0115324570366109
0,0.0353959987920048
0,0.0351241880439519
0,0.0351684405292794
0,0.0110169359834699
0,0.0356081363258592
0,0.0332332982924731
0,0.0358014256073456
0,0.0350891997418839
0,0.0109185762269611
0,0.0357955304581559
0,0.0357690939862212
0,0.0254702701629867
0,0.0355542483813143
0,0.0097912234512893
0,0.0020389435990617
0,0.03547589978967
0,0.0010816890316062
0,0.0355753130795018
0,0.0141534656002912
0,0.0356801839026621
0,0.0357281990821648
0,0.0204231768073318
0,0.0005253002459033
0,0.0227889260065486
0,0.0358522223536258
0,0.1061689613566981
0,0.0353349983950525
0,0.0347939292158673
0,0.0355117069156403
0,0.0071501463640373
0,0.0138636762071114
0,0.031859016050275
0,0.0236144205060052
0,0.0034437271390048
0,0.0356824261731706
0,0.0357215359017555
0,0.016035120666278
0,0.0352496346789297
0,0.026935977551301
0,0.001734467726521
0,0.0349262350156588
0,0.0204795624059598
0,0.0353400404930831
0,0.028953633049327
0,0.0384046676662368
0,0.0358378382687095
0,0.0347899816199375
0,0.0358524606917425
0,0.0214226087568945
0,0.0355678328681019
0,0.0355419603692648
0,0.0057804841492363
0,0.0037460466702534
0,0.0351192574670504
0,0.0358002991115284
0,0.035347189651187
0,0.0356582307094854
0,0.0198891804629917
0,0.0229779977290891
0,0.0348365250442661
0,0.0349713226375031
0,0.0358674742828953
0,0.0345019132594825
0,0.0358402552205377
0,0.0355358667829324
0,0.0123659313507738
0,0.035861333124253
0,0.0356926203661679
0,0.0348702366957027
0,0.0348857253561208
0,0.0349448197697291
0,0.0358253951485934
0,0.0348330183747021
0,0.0357391947424322
0,0.0349089790591088
0,0.0358706631330306
0,0.0358681638433461
0,0.0352343009642627
0,0.0200528013003856
0,0.0358301177900741
0,0.034992280966848
0,0.0358581609384612
0,0.0062716863262924
0,0.0032171854832094
0,0.0349284123867094
0,0.0217579933572123
0,0.0353686488724395
0,0.034789983232838
0,0.002201200187266
0,0.0320858363138675
0,0.0037054780742032
0,0.0300029928504332
0,0.0349540609472953
0,0.0349694557302213
0,0.0358637092798913
0,0.0016467006096755
0,0.0351631059072754
0,0.0352299184317314
0,0.0310010000181748
0,0.0347498099755765
0,0.0055559543960597
0,0.0358500876318356
0,0.0155278254948544
0,0.0356216262321195
0,0.0257282023286303
0,0.0100272433318203
0,0.0357830580626173
0,0.0353945164290134
0,0.0347910775798071
0,0.0351387872423119
0,0.0348201098325803
0,0.0184826965093324
0,0.0308550535323712
0,0.034903229107197
0,0.0353328683107633
0,0.0356299434851283
0,0.035847521273193
0,0.0358508403682534
0,0.0349671583932339
0,0.01179456365889
0,0.0298532232725232
0,0.0358282282686241
0,0.0082295041683557
0,0.0358579451144028
0,0.0248132316970318
0,0.0348899364428777
0,0.026290155078465
0,0.0317180057737825
0,0.0108402372908009
0,0.0034036082398367
0,0.0354613728006771
0,0.0259887538989198
0,0.0353822481198656
0,0.0349574207174031
0,0.0571127639314049
0,0.006192147157501
0,0.0356963769521491
0,0.0358423264310258
0,0.0358143182014761
0,0.0108107762363747
0,0.0357014093240251
0,0.0073541454599815
0,0.021121260874695
0,0.0348260215612546
0,0.0347861473087844
0,0.0290643394651457
0,0.0356456400112087
0,0.0347858148885803
0,0.0248193691226499
0,0.0304580322664687
0,0.0184988827340232
0,0.0152331836629064
0,0.0283460554925252
0,0.0347824790997391
0,0.0301735008376205
0,0.0348207085687834
0,0.0011086245695386
0,0.0348201098325803
0,0.0347857276178418
0,0.0350507200012184
0,0.0348779567316319
0,0.0348545321078259
0,0.035270839784895
0,0.0358565363022613
0,0.1313591509951426
0,0.035332419404993
0,0.0354107108857133
0,0.035057889199414
0,0.0057117132118408
0,0.0314819927341232
0,0.0351443738947456
0,0.0326635625259066
0,0.0268830639697884
0,0.0356448042503902
0,0.0358115704375741
0,0.0069114831535047
0,0.0131901137507653
0,0.0358419576306234
0,0.0356224206779933
0,0.0349919598077521
0,0.0202448759069382
0,0.0351706914140877
0,0.03514736931217
0,0.0355349318399244
0,0.0350078906579732
0,0.0355548640633196
0,0.0198036854883956
0,0.0351319013574597
0,0.0357614841035612
0,0.0302238528243847
0,0.0353608006318119
0,0.0347815608530419
0,0.0086736192938967
0,0.033255585229891
0,0.0356465803504413
0,0.0354530688453683
0,0.0358461023339507
0,0.0348131430770851
0,0.0357376779348569
0,0.0348744439638817
0,0.0354379094626914
0,0.0351072380835498
0,0.0348073516761275
0,0.0351866988015904
0,0.034855952526623
0,0.0358361953004363
0,0.0159321331694732
0,0.0058569154492417
0,0.0238114042017141
0,0.0354386752623914
0,0.0347856909820663
0,0.0352044228029079
0,0.0353858977668066
0,0.0353083894383818
0,0.0349344211520249
0,0.035831835739978
0,0.0351183945790694
0,0.0357270398419094
0,0.0355943747786005
0,0.0358191646448218
0,0.0280195809146216
0,0.0352301373389424
0,0.0357541803063887
0,0.0037344062666322
0,0.0358505124584751
0,0.0356508046709987
0,0.0256692760156974
0,0.0355512542730205
0,0.0357859233042013
0,0.0356207648131085
0,0.0358568399922159
0,0.0357409322013082
0,0.0358454701129245
0,0.0347964977720116
0,0.035612895398871
0,0.0103888535963154
0,0.0353381695021907
0,0.0348106046869335
0,0.0351679139125851
0,0.035544667103126
0,0.0343934733542712
0,0.0355146783064047
0,0.2263772726175607
0,0.0232040891143868
0,0.0357006108338003
0,0.0334303526937924
0,0.0030544891490053
0,0.0348216660248142
0,0.0271360217156005
0,0.0355246462246552
0,0.035491930400186
0,0.03500064940437
0,0.028189683005397
0,0.0347999506518936
0,0.0085724321048007
0,0.0348297181746045
0,0.0348289019752765
0,0.0212072485877802
0,0.0353388748232155
0,0.0358001203705473
0,0.0103456517023001
0,0.0348527328872783
0,0.0355621998781448
0,0.0254165118177775
0,0.0337420942549184
0,0.0348512540420141
0,0.0356764502385834
0,0.02568397321195
0,0.0347644881969079
0,0.0358743743020866
0,0.0186496539914053
0,0.0357866332667841
0,0.0314689553752997
0,0.022418656870032
0,0.0357287352284536
0,0.0351370718032835
0,0.0358580490931072
0,0.0348379883735108
0,0.0004006767001916
0,0.0353502465737299
0,0.0128391937773635
0,0.0352292333682682
0,0.0028180050045971
0,0.0289979687531603
0,0.0357172849530438
0,0.0358256065884089
0,0.0070291073129118
0,0.0030771451280725
0,0.0358809820860109
0,0.0355744588856985
0,0.0341719466984768
0,0.0347649910407395
0,0.0351113089288739
0,0.0348234888666292
0,0.2495741128908002
0,0.0241321624683357
0,0.0340832196244071
0,0.0357074040230929
0,0.0348841294206733
0,0.0357167216677574
0,0.0351617338106417
0,0.0352095714549062
0,0.0358486973427264
0,0.0050992079621563
0,0.0351878309808304
0,0.0353287490384755
0,0.0140943959315695
0,0.0347844156806007
0,0.0353989809050467
0,0.0010960132614395
0,0.0342919711830848
0,0.0355783734672794
0,0.0347851515205243
0,0.0048218775964641
0,0.0356061681537535
0,0.0009475534066772
0,0.0351954397486267
0,0.0356942464142959
0,0.0176358890693527
0,0.0358133836174548
0,0.0356917563838665
0,0.0298456045643182
0,0.035077322444969
0,0.0362920034455542
0,0.035716143685991
0,0.0019300586192294
0,0.0354154101191833
0,0.03586276100203
0,0.011561420168987
0,0.0354060741656051
0,0.0031116647120465
0,0.0352069207210891
0,0.0348420412031177
0,0.0351245208147806
0,0.0125658526817905
0,0.0347795418155282
0,0.0293367900816586
0,0.0287180470995455
0,0.0358563404500895
0,0.034785241396872
0,0.0353156794275087
0,0.015445509076049
0,0.0356113174609244
0,0.0351451013847285
0,0.0348815432814827
0,0.035756823660281
0,0.0358065287514426
0,0.0349086923125575
0,0.0356192848902587
0,0.0037375518281561
0,0.0358369360999239
0,0.0356917338879429
0,0.0336582788166405
0,0.0195188083041757
0,0.0129235161475331
0,0.0350487769461122
0,0.0349912615205674
0,0.034827602076662
0,0.0221433995794262
0,0.0053551095947413
0,0.0347797313707762
0,0.0053623128092595
0,0.0358068719999118
0,0.0237817035518803
0,0.0207382411496825
0,0.0036425484559536
0,0.0350521458945152
0,0.0357860083314977
0,0.035681929562101
0,0.0349762578071207
0,0.0209577066483564
0,0.0342615694817344
0,0.0348453287958954
0,0.0356213917568863
0,0.0355892636752879
0,0.034860452089446
0,0.0356235742533567
0,0.0356796824861391
0,0.1120482834848668
0,0.0173389793056224
0,0.0247373406583196
0,0.0114065590285035
0,0.0204987341572958
0,0.0355808764785821
0,0.0146095603349918
0,0.0358973419128527
0,0.0357215076450416
0,0.0356957598851113
0,0.0348314620989047
0,0.0352255219475627
0,0.017925870352236
0,0.0348659214392771
0,0.0328262187408646
0,0.0357083829063461
0,0.0357147969871499
0,0.0171167787055108
0,0.0348508654945144
0,0.0351793692702553
0,0.0175134951522326
0,0.0131985953996664
0,0.0306474347917791
0,0.0353228738288848
0,0.0347808979587125
0,0.0036285901133675
0,0.0355666684884895
0,0.0154353502588224
0,0.0153791533840097
0,0.0357083717117252
0,0.0352806336266102
0,0.0356082373112718
0,0.0224402206092769
0,0.0349358841174451
0,0.0351686842927785
0,0.0086515466102002
0,0.0348191662576972
0,0.0348563350826258
0,0.0353296875548133
0,0.0348080434032234
0,0.0155832828917077
0,0.0358581028020689
0,0.0351908297295497
0,0.0350138297069834
0,0.0077751452401474
0,0.0348763425188403
0,0.0358136872621103
0,0.0319417266403356
0,0.035113695666643
0,0.0348013702301115
0,0.1382062811224785
0,0.0015662347086522
0,0.0331840472827578
0,0.0869684967271751
0,0.0349869393476486
0,0.0358387714016727
0,0.0348291687150221
0,0.0268627867924696
0,0.0053690019767282
0,0.0350357296980788
0,0.0354970493662859
0,0.0119862081002262
0,0.0356652466554071
0,0.03333082833626
0,0.0156073826901363
0,0.0327935969787011
0,0.0355348296393431
0,0.0267679487921477
0,0.0120323207688268
0,0.0356688497595015
0,0.0351333339310541
0,0.0357610939522278
0,0.0348468460544736
0,0.0357148820221869
0,0.0723381570984925
0,0.0356792877681143
0,0.0357066812573823
0,0.03582265240478
0,0.0239348960043101
0,0.0348561578867979
0,0.0358573280066043
0,0.0358019468688522
0,0.0201725819402369
0,0.0123079141222294
0,0.0352654129214858
0,0.0353682699258993
0,0.0355562004111446
0,0.0356381412498488
0,0.0142849348520064
0,0.0261376093194703
0,0.076413176723564
0,0.0349424281717356
0,0.0206150228733238
0,0.0164046786114865
0,0.0351957935678591
0,0.0258588923925634
0,0.0351652720197653
0,0.0349798016980563
0,0.0147378889870101
0,0.0264749290749837
0,0.034846063439924
0,0.0358510083197104
0,0.0060857837126765
0,0.0358807818772866
0,0.017732417076334
0,0.0353091322470166
0,0.0349390161303537
0,0.0357813496792145
0,0.034839625943207
0,0.0356076640760542
0,0.0336369003635742
0,0.0353890809633691
0,0.0311384504114755
0,0.034873411774422
0,0.0358276685109049
0,0.014739447087601
0,0.0257022811863934
0,0.0358033439892978
0,0.0606030091838852
0,0.0358424278129322
0,0.0358411817887519
0,0.005789703517492
0,0.034806630551161
0,0.0176618313096611
0,0.0012879394222938
0,0.0065480620847646
0,0.0087170051281215
0,0.017344273130553
0,0.033154675324764
0,0.0358854203969264
0,0.035109445612283
0,0.0357218555820973
0,0.0357741333459395
0,0.0349179912901946
0,0.0358698055072807
0,0.035479801578834
0,0.0056276347923162
0,0.0358438544026225
0,0.0149878842276468
0,0.0358679792354352
0,0.0310675043689891
0,0.0061361447759099
0,0.021135702549346
0,0.0291384630904454
0,0.0356656061894199
0,0.0354890609087142
0,0.0358085486591783
0,0.0033651282358564
0,0.0179899819474305
0,0.035046315027609
0,0.0358554597504655
0,0.0354342851063959
0,0.0358476188406592
0,0.0358619197407808
0,0.0347951213737965
0,0.0350216202444187
0,0.0358553316933668
0,0.0053335244203115
0,0.0358631834381166
0,0.0347835149101441
0,0.035271962534812
0,0.035173661828256
0,0.0756732669974376
0,0.0357751475251464
0,0.0246197986637124
0,0.0354072408221681
0,0.0356619714585795
0,0.0350557876929719
0,0.0770606479967966
0,0.0253767108616898
0,0.0351054440944448
0,0.0348065595654232
0,0.0348697964769667
0,0.0355777679117472
0,0.0349093814170067
0,0.0352370737675006
0,0.0358205207249257
0,0.034310013557908
0,0.0277438191486094
0,0.035716143685991
0,0.035702381601016
0,0.0358311795125836
0,0.0350452461558585
0,0.035124120804518
0,0.013130796347368
0,0.0357729023234057
0,0.0354970849461461
0,0.0358485758054371
0,0.0351706914140877
0,0.0352647223866969
0,0.0358579960245886
0,0.0349017953218213
0,0.0108847552451315
0,0.0307271856245473
0,0.0285598257996449
0,0.017615524105773
0,0.0358565922250283
0,0.0356896845739075
0,0.0244987958267649
0,0.014290620392093
0,0.0358577138680645
0,0.0353815648618493
0,0.0108416595307385
0,0.0109770001619272
0,0.0356428170780076
0,0.0225543514237546
0,0.0294635024817542
0,0.035546340081865
0,0.0355067991980789
0,0.0349551790736677
0,0.033540159607807
0,0.0150797183102399
0,0.0348863626923147
0,0.0121569400053226
0,0.0356737032878577
0,0.0350463963105472
0,0.026331922692803
0,0.0113564224707354
0,0.0358430210369182
0,0.0150317639689868
0,0.034798270641326
0,0.034243228373447
0,0.0251486193194592
0,0.0354608038388317
0,0.0106352125204155
0,0.0178252071921071
0,0.0348838292034289
0,0.0126046731469697
0,0.035753882608678
0,0.0349154223228408
0,0.0349528627914216
0,0.0070327275940525
0,0.034950307758884
0,0.0358542037153338
0,0.03498589948975
0,0.0266568586617466
0,0.0355151297020075
0,0.8133390684615163
0,0.0317184727860558
0,0.0357970964917657
0,0.0358238711875839
0,0.0358314500840851
0,0.0333231758521689
0,0.0315078889010941
0,0.0352571269636932
0,0.0357880577943383
0,0.0347995928271293
0,0.0197500791738423
0,0.0354254021515678
0,0.0356085738993129
0,0.0082079879445217
0,0.0296677175546065
0,0.0025951727825692
0,0.0088747861163714
0,0.0351944503293058
0,0.0354774115180925
0,0.0169667712677403
0,0.0358415720538632
0,0.0294507740175892
0,0.0351215339659551
0,0.035532766994315
0,0.003174831623125
0,0.0310016904442523
0,0.0354112440950915
0,0.0167185982161947
0,0.0349701226470197
0,0.0349243776126656
0,0.0334453636460169
0,0.0355586950064994
0,0.0348587513327181
0,0.0260927432505563
0,0.0033264211938453
0,0.0051337658321064
0,0.0347842533312937
0,0.0103686023475595
0,0.0090075063418311
0,0.0352989775322693
0,0.0241642353849276
0,0.0141097438209566
0,0.0349967569212982
0,0.0217670772318439
0,0.0355192834597907
0,0.0344567978408478
0,0.0024660986033211
0,0.035714395986124
0,0.0358617618827266
0,0.0096152276814016
0,0.035334210243862
0,0.0355390802248453
0,0.0025485890135116
0,0.0204719167722593
0,0.0323309126875653
0,0.0223178347250843
0,0.0355326791223388
0,0.0355739615850936
0,0.0160284374751063
0,0.0018892351271698
0,0.0232711069899644
0,0.0355583328467682
0,0.0356078787393488
0,0.0267968835180814
0,0.0347903607250673
0,0.0354545363498732
0,0.0264970048108104
0,0.0731560131128254
0,0.0353710127279777
0,0.0351707901469113
0,0.0353780561574877
0,0.0294033277997814
0,0.0357763661471191
0,0.0347851997815118
0,0.0328886728505541
0,0.0354615721476915
0,0.0281984782572574
0,0.0356223909725702
0,0.0356605724307087
0,0.0341869879840849
0,0.0031902174153699
0,0.0009543142740941
0,0.0043436055493628
0,0.0054820011798719
0,0.0264411867201102
0,0.0427780002976685
0,0.0356021259645134
0,0.0358651464439487
0,0.0346309784123588
0,0.0357382390334906
0,0.0032486558799338
0,0.0290618250127358
0,0.0353801978640934
0,0.0348244669536225
0,0.0263649804342536
0,0.2964289535803842
0,0.0347838162180304
0,0.0289937716855013
0,0.034865592837817
0,0.0349274225033428
0,0.0262577196394301
0,0.0057645348718451
0,0.0351084480172392
0,0.0036083503400984
0,0.0358581719055395
0,0.0574610125315074
0,0.013020863806606
0,0.0198667287568194
0,0.0348065688899112
0,0.0358253589774675
0,0.0355410245974002
0,0.0357830073731663
0,0.0228668741372233
0,0.0087922138386275
0,0.0358028288419155
0,0.0353386385651805
0,0.0348660400898783
0,0.0351164123181116
0,0.071298103183688
0,0.0356838645074898
0,0.034783640876232
0,0.0126861275689484
0,0.0155516919146354
0,0.0347830171059394
0,0.0357854731066643
0,0.0352355160155759
0,0.0358411162394449
0,0.035568248585485
0,0.0351978956294544
0,0.0358559656918864
0,0.0350625239639221
0,0.0350271299377066
0,0.0183234587137539
0,0.0354426120446125
0,0.0347758368596923
0,0.0356413458493022
0,0.0355597496657612
0,0.0358279670134903
0,0.0321682635255798
0,0.0348901174777567
0,0.035262905213891
0,0.0287826840318343
0,0.0355486937237473
0,0.0084755706324922
0,0.0124147646208824
0,0.0050497171275761
0,0.0031551519310105
0,0.0358585988134516
0,0.035523260901948
0,0.0356354091270056
0,0.0357260366370001
0,0.0270071805446174
0,0.0256062102311939
0,0.0350450792146218
0,0.0185481867389643
0,0.0238505514106795
0,0.0358548925505373
0,0.035532220840775
0,0.0358232634826177
0,0.0348159603657349
0,0.040611801296356
0,0.0357205165709439
0,0.0102333413338606
0,0.0162099044038332
0,0.035862439288759
0,0.0354097326204855
0,0.0108601769517619
0,0.0347924717092592
0,0.0349468279194677
0,0.0350978661618688
0,0.035047871925107
0,0.0356212858358642
0,0.0357260596767346
0,0.0349601242059868
0,0.0357797780993661
0,0.003335152662085
0,0.0341571200356435
0,0.0346623817537311
0,0.034794697614385
0,0.0355989450187712
0,0.0142193842282938
0,0.0166405102217171
0,0.0225370103887818
0,0.0356578834919099
0,0.0084453672707672
0,0.0619143325223267
0,0.0348128916474798
0,0.0314676104220578
0,0.0351820189612317
0,0.016198710853675
0,0.0356149608603879
0,0.0105389280270263
0,0.0358054053002199
0,0.0272563526869013
0,0.035724931730844
0,0.0030777093416185
0,0.0357134974067348
0,0.0349159972660662
0,0.0349742032130998
0,0.0018146594930135
0,0.0358433614611402
0,0.035737250330532
0,0.0105981741987273
0,0.0348171649694772
0,0.034850538332364
0,0.0022253614433427
0,0.0358467353861918
0,0.0253987219731882
0,0.0347849407561746
0,0.0301704633370102
0,0.0354642850734267
0,0.0356352625370253
0,0.0155382191606964
0,0.0353086405488819
0,0.0348798213596211
0,0.0357805461255945
0,0.0348615842062857
0,0.0347903529479473
0,0.0161777765300709
0,0.0356065726285171
0,0.0347821639335301
0,0.0352667386728719
0,0.0288589211177397
0,0.0188374041163391
0,0.0348091636796271
0,0.034982666552291
0,0.034781497926235
0,0.0357201758125245
0,0.0347906582045793
0,0.0269807806377841
0,0.0349539818132264
0,0.0271734402999052
0,0.0491209141291983
0,0.0315247914867934
0,0.0462230532663182
0,0.0358377619464303
0,0.0356074146355912
0,0.0358577020317432
0,0.0182204641102717
0,0.0357924007986741
0,0.0356133741422247
0,0.0162052941843563
0,0.0350920438658953
0,0.0352783737071791
0,0.0347959267082872
0,0.0354511373523915
0,0.0129260282462994
0,0.035804284512247
0,0.0355318167161382
0,0.0355081315152
0,0.0356059047512512
0,0.0259201769677315
0,0.0357710634810604
0,0.0348145326176719
0,0.0116335147552353
0,0.0356294502241181
0,0.0349742032130998
0,0.0172415464809506
0,0.0208193018886794
0,0.0350537873861398
0,0.0356778168130684
0,0.0325397046083779
0,0.0302033830896557
0,0.0358276781018622
0,0.0358545755155343
0,0.0599988537257512
0,0.0358548930672504
0,0.0355886516732759
0,0.0357642801687698
0,0.0279859906744324
0,0.0349640153338237
0,0.035858472567506
0,0.0353957324704513
0,0.0173724356256322
0,0.0239354775331929
0,0.0350152847007578
0,0.0349599163258729
0,0.0357597450427499
0,0.0291744137976929
0,0.0018236265129052
0,0.0351290475716716
0,0.0358416644286113
0,0.0350041573103884
0,0.0354748015155633
0,0.0060484878575018
0,0.0335353879760043
0,0.0357200059736923
0,0.0280013264928464
0,0.0299084862925157
0,0.0021797304603796
0,0.007620153051645
0,0.0353825499601637
0,0.0350269817916476
0,0.0348194663866178
0,0.0259080279799829
0,0.0037845162230607
0,0.0350734298528589
0,0.0347836864345506
0,0.0348239188952878
0,0.0352658235024568
0,0.0222426903046645
0,0.000484433694043
0,0.0355523188279391
0,0.0143463273442528
0,0.0348571013641891
0,0.0356871031379912
0,0.0172883973087377
0,0.033877102715555
0,0.0044086467904203
0,0.0348327069318211
0,0.03296111849669
0,0.035328470178749
0,0.0349376008592938
0,0.0021520037300675
0,0.0338490319625637
0,0.0354332194441179
0,0.0187413554188589
0,0.0353926572724172
0,0.0349659262974105
0,0.035120846900603
0,0.0356497205899202
0,0.0147081404267048
0,0.0356474388480302
0,0.0304102655135998
0,0.0315279060669371
0,0.0358432571215482
0,0.030364421980248
0,0.0351437295464765
0,0.0355529984323377
0,0.0139949183196341
0,0.3890064968256836
0,0.0357879066655907
0,0.035826981172008
0,0.0298171388666271
0,0.0348462580709057
0,0.0357776030449935
0,0.0352038992734525
0,0.0358243449066291
0,0.0351608768916686
0,0.0348964304076388
0,0.0356034675511436
0,0.0348162399501968
0,0.0353268584584785
0,0.0348442893533827
0,0.0357635463745473
0,0.0022113003745768
0,0.0356741291165576
0,0.0290448135135451
0,0.0357374221471567
0,0.0112649200217264
0,0.0032907685199761
0,0.0347865302115115
0,0.0355014292135572
0,0.0354358457313618
0,0.0348700596448298
0,0.0054686873585657
0,0.0317700711088478
0,0.0358729936186623
0,0.0350943560924246
0,0.0320732452681992
0,0.035435170209325
0,0.0356960550009481
0,0.0351897369266419
0,0.0348278029665654
0,0.0358325916352744
0,0.0356118849213516
0,0.035714559811252
0,0.0353114474939711
0,0.0152884449056676
0,0.0138177633456983
0,0.0019545466372725
0,0.0353125275682965
0,0.0355735961285278
0,0.0355121263587579
0,0.0356921213989215
0,0.0357462399644191
0,0.0356926125139278
0,0.0213102451600821
0,0.0252156975338943
0,0.0048759513706598
0,0.0358968112092634
0,0.0176000008497024
0,0.0246544621313644
0,0.0346477816864027
0,0.0353018760608139
0,0.022867575244765
0,0.0354108297493146
0,0.0350641640040262
0,0.0349349087750864
0,0.0347811761733272
0,0.0358609043799291
0,0.0358675181410844
0,0.0358569811355173
0,0.0352101728261691
0,0.0355459643063331
0,0.6472657167001918
0,0.0347863384109755
0,0.0358541418887095
0,0.01128690147742
0,0.035764959693428
0,0.0313029067734057
0,0.0568611622372696
0,0.0350545861820566
0,0.0358554984806591
0,0.0350441485701075
0,0.0352113130421561
0,0.0348056079653172
0,0.0356914426417488
0,0.0347879736632266
0,0.0351363670357686
0,0.0022444604791663
0,0.0157324086114193
0,0.0357325214345104
0,0.0636749414239555
0,0.0348990241940926
0,0.0200351343365042
0,0.0325465504726592
0,0.0358463894326105
0,0.022896555779994
0,0.0182842002914053
0,0.0348367753413702
0,0.0124275720031159
0,0.0057052917746287
0,0.0347845770743567
0,0.0348545887631626
0,0.0349914643717699
0,0.0351739544451702
0,0.0351686663766293
0,0.0356313632853104
0,0.0137773254340542
0,0.0034376342554952
0,0.0358028201701949
0,0.0358299030314801
0,0.0287003950779604
0,0.0220000806251932
0,0.0353754526003365
0,0.0348122755515814
0,0.0358439199741454
0,0.0348365250442661
0,0.0304640534490577
0,0.0310482625689089
0,0.0222103621145587
0,0.0063925152723747
0,0.0354449494477585
0,0.0125215389236006
0,0.0358098790231802
0,0.0358454332562279
0,0.1295149100464337
0,0.0356744828748659
0,0.0105787468937986
0,0.0172829297790588
0,0.0347923070025938
0,0.0196449098377879
0,0.0349413466889438
0,0.0352866479309825
0,0.0347834268511871
0,0.0307401232590129
0,0.0347874420385729
0,0.0349446782516207
0,0.0349807114906872
0,0.0353708500729009
0,0.011173694162819
0,0.0350067279434611
0,0.0347866090155589
0,0.0354813607295175
0,0.03571705006009
0,0.0358223776082545
0,0.0219055272929348
0,0.0351080228964043
0,0.0165457277101219
0,0.0358550733826115
0,0.0206702480263696
0,0.0353693707247326
0,0.0353861887601803
0,0.035139367464419
0,0.0357845895043702
0,0.0772525090458047
0,0.0357478966977015
0,0.035155322966068
0,0.0354370864660299
0,0.0083582655582483
0,0.0234638012373543
0,0.0131444020360874
0,0.0100006719668134
0,0.0356557727181349
0,0.0356305314347256
0,0.0170594644020839
0,0.0354640022621519
0,0.0348366391352619
0,0.0065761135211904
0,0.0358380521890181
0,0.0326563842633138
0,0.0357619114406265
0,0.0356530189717534
0,0.035867544064746
0,0.1347970120502332
0,0.0043648718808603
0,0.0349147103593674
0,0.0358592254859738
0,0.0348669163767544
0,0.0347924717092592
0,0.0339567987671484
0,0.0356169421895366
0,0.3517445269524883
0,0.0058414614262685
0,0.0268854499244041
0,0.0354316730026322
0,0.0356612640694526
0,0.0355208861368367
0,0.0354621768136627
0,0.0067106793242225
0,0.0350665678663364
0,0.0126278144520839
0,0.0356888535704075
0,0.035539417914358
0,0.015723609159358
0,0.0349594192573106
0,0.0354262527514134
0,0.0355128161692565
0,0.0356119387090257
0,0.0357978126142936
0,0.0348575035486208
0,0.0356150328762598
0,0.0357015372952002
0,0.0076676125201539
0,0.035867283559425
0,0.035580227481214
0,0.0358465658636241
0,0.0358476365465315
0,0.0019293609192523
0,0.0350621692943556
0,0.0358403317778948
0,0.0356147441213797
0,0.0355943828349169
0,0.1120020653536816
0,0.0353791252033712
0,0.0162252262662075
0,0.0349528627914216
0,0.0348022135040424
0,0.0348586926536792
0,0.0354921279448707
0,0.0340558962276136
0,0.0283375050437732
0,0.0239249046793683
0,0.0118765545177485
0,0.0349322950783065
0,0.0356210418078051
0,0.0354458609537565
0,0.0358461811313643
0,0.0181076388040011
0,0.0354257983234084
0,0.0352535593020783
0,0.0347944212642224
0,0.0031158067201074
0,0.0161651361652217
0,0.0356719941822624
0,0.0347803976466194
0,0.011476779525012
0,0.0350777180143359
0,0.0358066254711016
0,0.0185094676751912
0,0.0348226008407534
0,0.0348103711852187
0,0.0121845579317901
0,0.0357474275902812
0,0.0335805289789345
0,0.0348029745800261
0,0.0347823635256488
0,0.0347815608530419
0,0.0350224252542565
0,0.0066326917237697
0,0.0112474401208178
0,0.0343520716098067
0,0.0057319466749579
0,0.0107474296120032
0,0.032962982756869
0,0.0353081608567879
0,0.0356338688644152
0,0.0079155421957037
0,0.0357823107233676
0,0.0353852218984504
0,0.0357744718688682
0,0.0091130785761136
0,0.034864526484461
0,0.0351989960837992
0,0.0006717805296969
0,0.0106772341072743
0,0.0223082949193185
0,0.0353378217286287
0,0.0197307028553597
0,0.0352200223938014
0,0.0348591113403454
0,0.0250709318128056
0,0.0354487538578708
0,0.0339119679762368
0,0.0336570777569447
0,0.0350972908229987
0,0.03519970040316
0,0.009434244198995
0,0.0348257525901268
0,0.0350370682302843
0,0.0348189041683233
0,0.0191834423917414
0,0.0349034550199999
0,0.0305451690918755
0,0.0188402123571893
0,0.0333832460334521
0,0.0134403977028168
0,0.0358266975305154
0,0.0072679941243247
0,0.0121676607601024
0,0.0351114342304282
0,0.0196321913498765
0,0.0354034922172451
0,0.0148901062403762
0,0.0148418644070197
0,0.0326995837373585
0,0.0348391197588332
0,0.0353457537478206
0,0.0348164331000568
0,0.16955135943024
0,0.0347857398780003
0,0.0353280612322356
0,0.0347860877196271
0,0.0353243257121743
0,0.0272213408631362
0,0.0357478966977015
0,0.0348022543788512
0,0.0348745498669834
0,0.0212070468849725
0,0.0356993588496747
0,0.0348012845758202
0,0.0350045969437483
0,0.0348413437351362
0,0.0352548116945048
0,0.0019129454263325
0,0.0144205502976635
0,0.0349836602347627
0,0.0356220940867926
0,0.0347811317341602
0,0.0356253746514348
0,0.0029161460967903
0,0.0349055447909945
0,0.0347893590204929
0,0.0358468143548416
0,0.1087441195426621
0,0.0352308868042783
0,0.0352805087670229
0,0.0289910804537924
0,0.0355672934067956
0,0.0348376329679627
0,0.0350791844442174
0,0.0356213658501019
0,0.0318785989449096
0,0.0358364801622471
0,0.0162854317086825
0,0.0352440205821896
0,0.0357981772543374
0,0.0355782768451102
0,0.0272599252060669
0,0.0358256798474811
0,0.6472657167001918
0,0.0119610144911765
0,0.1867598635147204
0,0.0231875868811757
0,0.0356375843346214
0,0.0052007804456957
0,0.0226000141632088
0,0.0163220447142944
0,0.0338343341007219
0,0.0348225506345139
0,0.0353969169127497
0,0.0175618844747247
0,0.0354610211824928
0,0.0358239727472418
0,0.0029575378978864
0,0.0036979985093842
0,0.0165661312058498
0,0.0350236446200295
0,0.0352012011502897
0,0.0351130378131564
0,0.035646313635058
0,0.0356709188243097
0,0.0048532418254659
0,0.0356086707041198
0,0.0347958410157172
0,0.0459899246440817
0,0.0349972213823619
0,0.0164109635772183
0,0.0168732102390182
0,0.0285066448032638
0,0.0348606461055519
0,0.0341568136164893
0,0.0348533264302771
0,0.0350559177066426
0,0.0020461398553956
0,0.031198752703118
0,0.0062079674188814
0,0.0356719898848987
0,0.0203937101780863
0,0.0347775612710856
0,0.0084781873141689
0,0.0356467490928364
0,0.0357316215726115
0,0.0357739421204793
0,0.0348366391352619
0,0.0351641110621038
0,0.0356225703476725
0,0.0365067058769771
0,0.0321501455149778
0,0.0353278602301008
0,0.0279523240806865
0,0.034838807265917
0,0.0351875376704888
0,0.5880644930679817
0,0.0198770868173276
0,0.0355030322118362
0,0.0182341251632005
0,0.0021222819984936
0,0.0357390463227324
0,0.0067194400747568
0,0.0283311006120944
0,0.004314432018503
0,0.0112940247717119
0,0.0104979853341386
0,0.034492739315384
0,0.0348462250240724
0,0.0051741389358719
0,0.0358559411577468
0,0.0350041496486042
0,0.0357293435326067
0,0.0357919761226854
0,0.0348613889499691
0,0.0034639690973634
0,0.0356289417891592
0,0.0357781464108074
0,0.0348856959060445
0,0.0356253715980678
0,0.0349934242670021
0,0.0123750800393833
0,0.011534877404137
0,0.0347841783618372
0,0.0354286146430214
0,0.0356473675703985
0,0.0047645900794197
0,0.0349256637192634
0,0.0347902326237037
0,0.03483685748701
0,0.0221549104875952
0,0.0299381428027976
0,0.002983753301564
0,0.0003610853563372
0,0.0292440217811515
0,0.0358288893207668
0,0.0029769015073403
0,0.0348930240299553
0,0.0050219859769571
0,0.0347965086353141
0,0.0358567170656776
0,0.0349701742726789
0,0.0136758335667256
0,0.0358614636572637
0,0.031172938176149
0,0.0350117342610287
0,0.0225613438651783
0,0.035568990494346
0,0.007230076801684
0,0.0351015112895121
0,0.0358475752178873
0,0.0187982155109519
0,0.0357628120919287
0,0.0365146051969467
0,0.0354470413161266
0,0.03494121919005
0,0.0351847320277776
0,0.0117757796129771
0,0.0170375784139728
0,0.0196274675440386
0,0.0235035446956376
0,0.0318644123149322
0,0.0355437970559527
0,0.0354831989651427
0,0.0347884808669722
0,0.0353739686433453
0,0.0233893666750409
0,0.0348486877627447
0,0.1442242541361168
0,0.0356191323186876
0,0.0220927859796287
0,0.0356917338879429
0,0.0353648535305824
0,0.0358202652651277
0,0.0348535199241
0,0.0350054281216175
0,0.0358608853825252
0,0.035588466513709
0,0.0063553362378851
0,0.0286570049278222
0,0.035214990180654
0,0.0186335334569181
0,0.0087241237172595
0,0.0357603916139526
0,0.035861061395691
0,0.012292617691904
0,0.0197879988077252
0,0.035796304350367
0,0.0347890835845537
0,0.0281618504351552
0,0.0357261041387879
0,0.002514365113231
0,0.0356786138346819
0,0.0349044961778183
0,0.0352058765349469
0,0.0318871805720943
0,0.0357200059736923
0,0.0085661202182827
0,0.0121674266969356
0,0.035094369865129
0,0.0081370385254277
0,0.0321017837233685
0,0.0036006852758501
0,0.035027081717582
0,0.0347831520516188
0,0.0009408858512016
0,0.0347801422721449
0,0.0356511299537668
0,0.0352738790284352
0,0.0351051895792399
0,0.0348239188952878
0,0.0140251611113699
0,0.0356217467455496
0,0.0356296050104986
0,0.019530269434401
0,0.0353612008214224
0,0.0349638234860537
0,0.0339381715422077
0,0.0348318163538045
0,0.0182243790798521
0,0.0179753490019321
0,0.0213161567433595
0,0.0114200438225275
0,0.0347896614150401
0,0.0356701974588468
0,0.118237271297178
0,0.0352906470290974
0,0.035851174720113
0,0.0333444157235657
0,0.0015239185927511
0,0.035161397139313
0,0.035444217672231
0,0.0356210069722557
0,0.0357603751635939
0,0.0309959749275021
0,0.0348959040804909
0,0.0018915847156381
0,0.0356362564638476
0,0.0351769047188227
0,0.0354266122202936
0,0.0328942836402019
0,0.0358768404503938
0,0.0354337703205617
0,0.0351876866980208
0,0.0349829122457593
0,0.0349415867738372
0,0.0353783845880297
0,0.0357271420796656
0,0.0183235361618828
0,0.03495564836302
0,0.032837602542656
0,0.0133553508442513
0,0.0354623843539049
0,0.0356130036774627
0,0.0056315789092793
0,0.0353368078006152
0,0.034945774804185
0,0.0170072608712344
0,0.0358738340420255
0,0.0348901753910707
0,0.0354535317595014
0,0.0358178648255196
0,0.0348415737615042
0,0.0353932604419546
0,0.0356579303666807
0,0.0357139154120866
0,0.0356532252761894
0,0.0337146811229757
0,0.0348659980109131
0,0.0350658900790341
0,0.0306992167067935
0,0.0106943929240372
0,0.0356574587866539
0,0.0085905977961524
0,0.0352962100308914
0,0.0347665542592073
0,0.0056782318741648
0,0.0327066037877828
0,0.0357140741558399
0,0.0354320759340167
0,0.0349767903085863
0,0.0356960060788287
0,0.0349051199447978
0,0.0357816698879031
0,0.035160774752231
0,0.0338616113658652
0,0.0358376537927609
0,0.0297447185276282
0,0.0347973341448519
0,0.0357854008555657
0,0.0009121066455439
0,0.0358738257437188
0,0.0348638509303834
0,0.0045943894432457
0,0.0349932712151506
0,0.0355596426711793
0,0.0293084701796789
0,0.0349045616807645
0,0.0930494798325989
0,0.0348584474843367
0,0.0348663770687999
0,0.0005510290707297
0,0.0339925113594772
0,0.0358528123317098
0,0.0212514454153651
0,0.0357591164252244
0,0.0086521649627744
0,0.0311598458052688
0,0.0342029851428262
0,0.0355086588593473
0,0.0089008021988292
0,0.0351072380835498
0,0.0357445115029496
0,0.0358499553558072
0,0.0348261655499516
0,0.0357477991064548
0,0.0328985248357413
0,0.03568813189667
0,0.0357837289213953
0,0.0358234594257512
0,0.0357888588531677
0,0.0358682839267582
0,0.0350627069736301
0,0.0352040378071722
0,0.0196164469442617
0,0.035809789209887
0,0.0348147512921146
0,0.0196761754786914
0,0.1113745281064705
0,0.0356798401229923
0,0.0152966056813344
0,0.0196091605454536
0,0.0348583237717481
0,0.0349572013884736
0,0.0358448039673453
0,0.0356886518653923
0,0.0347831256241146
0,0.0348013702301115
0,0.0340600157120333
0,0.0350457933384582
0,0.0350219638064749
0,0.0178252071921071
0,0.0358682535750513
0,0.0356725512515745
0,0.0164899278890538
0,0.0349131404601931
0,0.1702032076368163
0,0.034835275480723
0,0.0351659327975079
0,0.0354763596262845
0,0.5844812872072619
0,0.0351166061939942
0,0.0130711770975804
0,0.0351983993491758
0,0.0347947972378534
0,0.0359015504642644
0,0.0348655010237706
0,0.0353316925415645
0,0.0357412969870783
0,0.0155963386567418
0,0.0340335012925208
0,0.0348128413859964
0,0.0353924346486463
0,0.0352184797842152
0,0.0130345490435285
0,0.0358559517923422
0,0.0356523465662542
0,0.02887506524697
0,0.035365526079758
0,0.0309865196749848
0,0.0348194401804157
0,0.016552969784679
0,0.0226869446412054
0,0.0219016390851658
0,0.0348182256626874
0,0.0170067272107433
0,0.0317533040668737
0,0.0349409707005572
0,0.0347896941954477
0,0.0352481688390701
0,0.0351382668574556
0,0.0353964791503829
0,0.0348055653894774
0,0.0353449082053334
0,0.0355557072112275
0,0.0030221410044288
0,0.0356017613950865
0,0.0243281650934605
0,0.035328070834599
0,0.0348097131381531
0,0.0353861887601803
0,0.0225899402905204
0,0.0027377466558878
0,0.0358226366236461
0,0.1173713613523699
0,0.0358729878428334
0,0.0354608038388317
0,0.0126465943869059
0,0.0352670838651293
0,0.0099391347448018
0,0.002075873840888
0,0.0350754322769678
0,0.0349506889819966
0,0.0349557736164345
0,0.0356811758062239
0,0.0350638166080472
0,0.035047311684883
0,0.0349374931176574
0,0.0350887334638253
0,0.0356678611292485
0,0.0350425532312678
0,0.020619414112368
0,0.0348500523159416
0,0.0357161750694318
0,0.0352627332058921
0,0.0347635125120069
0,0.0351652720197653
0,0.001815170691455
0,0.035609637626116
0,0.0350305795848684
0,0.034933153276853
0,0.0347935882507739
0,0.0356742586559508
0,0.0352624164860009
0,0.0348607789301639
0,0.0326297441242017
0,0.0031104012268999
0,0.0343905889991063
0,0.0338998535526037
0,0.0058009772476131
0,0.0356399198289448
0,0.0349961293249731
0,0.0356939180916688
0,0.006436212713636
0,0.0355845982681579
0,0.0221749771468191
0,0.0097645225626999
0,0.0355661485098242
0,0.0347800861988377
0,0.0357029356548018
0,0.0306730747791444
0,0.0354916594164922
0,0.0130113413757833
0,0.0357174051467989
0,0.0356609067978691
0,0.0356736520100407
0,0.0135072306675222
0,0.0109458243601171
0,0.0350810534163631
0,0.0347863318116447
0,0.0316693769269131
0,0.0199339583005413
0,0.0352634136727095
0,0.035695288666557
0,0.0348103682695722
0,0.0357930047273788
0,0.0280443455234447
0,0.0352505379097583
0,0.0211230343500197
0,0.0358996639035966
0,0.0357793093158989
0,0.0357769367927561
0,0.0349495811407946
0,0.0348094107351067
0,0.0351713860898874
0,0.0348066612713997
0,0.0116453774694102
0,0.0257604552846052
0,0.0358673052327858
0,0.0358660223241741
0,0.0288864486927714
0,0.0350861409136666
0,0.0347898104704623
0,0.0356692168493344
0,0.034837057566139
0,0.0348450515470844
0,0.0348583007814526
0,0.0356145014210888
0,0.0144706309150964
0,0.0033627213612093
0,0.034872072418931
0,0.0347803037513138
0,0.0151181489737128
0,0.0358555048386208
0,0.0183758446466608
0,0.0358493577781199
0,0.0347824329936896
0,0.0249848926371675
0,0.034902294011846
0,0.0224694252552182
0,0.0352728863399535
0,0.0351386125035667
0,0.0352214412262614
0,0.0350094797523247
0,0.0347906394184288
0,0.0308692545130211
0,0.0336544964603389
0,0.0356758117006965
0,0.0356859477352498
0,0.0217223526842319
0,0.0354840587493014
0,0.0323066879675393
0,0.0352292333682682
0,0.0356341625333439
0,0.0358243829704405
0,0.0351367185804375
0,0.0354458301071548
0,0.0348640345431183
0,0.0357191920884887
0,0.0143797691985234
0,0.0307856973917212
0,0.0352031182320009
0,0.0169489083212537
0,0.0537194423687288
0,0.0356067849339934
0,0.0348572977596289
0,0.0358686583083597
0,0.012345514160364
0,0.0353478808206695
0,0.0358686272146741
0,0.0356638359967153
0,0.028920508999801
0,0.0354133350561823
0,0.0209930219673785
0,0.034864526484461
0,0.0114571426847663
0,0.0134793723173644
0,0.0353391290309922
0,0.0358373609022962
0,0.011455776190928
0,0.0356860076598994
0,0.0356093936807296
0,0.0046948571530435
0,0.0353083818134097
0,0.0356133069798868
0,0.022812718800418
0,0.0358643415816705
0,0.0351225882940857
0,0.0353546395631272
0,0.0353553817550885
0,0.0354975449564754
0,0.035674268565419
0,0.0351480836939385
0,0.0348231158329286
0,0.034804952647669
0,0.0031811156458612
0,0.3898287300248316
0,0.0209908359222705
0,0.0347965001040355
0,0.0350300737485204
0,0.0063493263244488
0,0.035677047744668
0,0.0356400545703465
0,0.015646735258373
0,0.0350988122536685
0,0.034850037601084
0,0.0354514567005995
0,0.0357994230264116
0,0.0356124510749281
0,0.0353739345117428
0,0.0354352481329614
0,0.0218858821233578
0,0.0349520584439641
0,0.0358570715646402
0,0.0348960138017406
0,0.035317507257779
0,0.0556100671205204
0,0.0357831624811703
0,0.035859002664956
0,0.0080036781358133
0,0.0358389115483672
0,0.0249526601973177
0,0.0351074124026317
0,0.0349274239532465
0,0.03394539830186
0,0.0355921155616364
0,0.0138437418061202
0,0.035636175847737
0,0.0348698643658452
0,0.0350649723276409
0,0.0355538852123662
0,0.0354331275221763
0,0.0356744697482401
0,0.0192804135914529
0,0.0358032794121558
0,0.0353738950496468
0,0.0356163361152183
0,0.0022447445911936
0,0.0983447657797131
0,0.388018067918432
0,0.0353708113812795
0,0.0185458013782142
0,0.0352822523926804
0,0.0348227102014097
0,0.028579319918141
0,0.0342702380693168
0,0.0040483227856628
0,0.0204187413491572
0,0.0349632962017159
0,0.0350600314892382
0,0.0083418479322825
0,0.0262892725826273
0,0.0356990047916331
0,0.0357494090145854
0,0.0348336102692193
0,0.0358276153200398
0,0.0349878589030515
0,0.0348453155812561
0,0.0356676452158318
0,0.034855952526623
0,0.026940892359444
0,0.6505296036628333
0,0.0032859075859532
0,0.026399273094457
0,0.0334260383460692
0,0.0356629917025008
0,0.0349683217030956
0,0.0350951291284587
0,0.0358764264103742
0,0.0306741821394103
0,0.0351101931571638
0,0.0102483674028716
0,0.035009886461048
0,0.0352462782888955
0,0.0339599740393741
0,0.0349949825591434
0,0.0349842495774404
0,0.0356382868672741
0,0.0356309734373867
0,0.0348650707918013
0,0.0347955686073407
0,0.2759159062196471
0,0.0302645008791442
0,0.0347688746222259
0,0.0357156196088303
0,0.0358886290581603
0,0.0322965025769712
0,0.0354114684352422
0,0.039290117507242
0,0.0156125246881319
0,0.0356154057483988
0,0.0215893734032778
0,0.0347925418762205
0,0.0354209172769654
0,0.0358310045759148
0,0.018353651591426
0,0.0353305578589918
0,0.0347975852100909
0,0.0525838967236752
0,0.0236024644494824
0,0.0173984101801591
0,0.0357592667036856
0,0.0140579682440504
0,0.0357121222595953
0,0.0350111200540305
0,0.0351849732866794
0,0.0112745756649985
0,0.0346013039537298
0,0.0374362220608116
0,0.0258450448769467
0,0.0356702239721037
0,0.0356116254802626
0,0.0312234895895639
0,0.029472000629362
0,0.0358738717642716
0,0.0356863059591432
0,0.0356129579449433
0,0.0087292431278336
0,0.0350177892019814
0,0.0358365622292619
0,0.0060781176374166
0,0.0267761808130682
0,0.0348277272801273
0,0.0351429818181023
0,0.0348827659977225
0,0.016468304136466
0,0.0316480180364802
0,0.0350507200012184
0,0.035829954743477
0,0.0349377276351609
0,0.0074408049843352
0,0.0348425647670821
0,0.0357818968094039
0,0.0348862170984149
0,0.0323912217899011
0,0.0358561638945267
0,0.035447518855154
0,0.0350668938605742
0,0.0352821767406413
0,0.0354761020027089
0,0.0350375144263388
0,0.0353156551654043
0,0.03503390019957
0,0.0348384848294604
0,0.034821605313564
0,0.0295317258584061
0,0.0358565823919327
0,0.0357488276684854
0,0.0195590865585413
0,0.0143188732240352
0,0.0343645935746899
0,0.0328739565123065
0,0.0348940478462144
0,0.0350036792959703
0,0.0192505704545483
0,0.0354281518794085
0,0.0353209562431529
0,0.0358250232273226
0,0.035034334238786
0,0.035844122267511
0,0.0107548344553422
0,0.0025137115570346
0,0.035803770077839
0,0.0354748871370289
0,0.0353008260353288
0,0.0350842812215177
0,0.0301822852752932
0,0.0350414431622767
0,0.0262651927109365
0,0.0296093104934795
0,0.0133349704062689
0,0.0093364402525037
0,0.0348186449959887
0,0.0182305937509068
0,0.0348056518834046
0,0.0348345159839436
0,0.035151902474936
0,0.0347808291817572
0,0.0153575075420176
0,0.0358488303183961
0,0.0349725135510558
0,0.0352453172484083
0,0.0353996035203933
0,0.0222867014715979
0,0.0356626095198178
0,0.027234854588224
0,0.0215333413108454
0,0.0244713003375637
0,0.0351123885651411
0,0.0355251566295223
0,0.0358404622355994
0,0.0358580360344899
0,0.0357138231980705
0,0.0358607393623006
0,0.0348042697696511
0,0.0342009670710817
0,0.0358572121938808
0,0.0199859064631384
0,0.0357975587499383
0,0.0359349949107114
0,0.026445672288629
0,0.0179825934761931
0,0.0077519188342609
0,0.0354953060281445
0,0.6892501891667188
0,0.0081000671568174
0,0.0348002444277086
0,0.0015789523547543
0,0.0350111735841988
0,0.0018208302627888
0,0.0098774231814828
0,0.0356272983309649
0,0.0119884153786029
0,0.0352947465122878
0,0.0350412117873452
0,0.0358363375585784
0,0.0352067407326212
0,0.0355461799049662
0,0.004275444472468
0,0.0609210753615987
0,0.0347797735924623
0,0.0348530304311199
0,0.0293206057539258
0,0.0353954779352333
0,0.0352467861156407
0,0.0347832298897024
0,0.035134794330518
0,0.5341302614511702
0,0.0358400005861936
0,0.0353560774367108
0,0.0049521911331825
0,0.0349383247773554
0,0.0349780965113239
0,0.0348860151668378
0,0.0357988430100972
0,0.035814517180968
0,0.0278147060961285
0,0.0355616027955845
0,0.0349701742726789
0,0.0085661202182827
0,0.0358575879584503
0,0.0035985153010376
0,0.035692311574246
0,0.0349492236663354
0,0.0295709937039182
0,0.0348733153502667
0,0.0358549660185381
0,0.0302953229564168
0,0.035596847324582
0,0.0357220292941039
0,0.0222045817544771
0,0.0347903031817512
0,0.0023917907231963
0,0.0326273664938323
0,0.0356675852681722
0,0.0228995171144376
0,0.0298868402030045
0,0.0153809412595293
0,0.0348690133410395
0,0.0358712855455482
0,0.0349494080890905
0,0.0312289437206869
0,0.0352320192512807
0,0.0354962747163205
0,0.0355486814137058
0,0.0292930641829324
0,0.0920894398712623
0,0.0351758000097051
0,0.0358729939059991
0,0.0357145743312191
0,0.0348005820840468
0,0.0332185609274397
0,0.0357926016599815
0,0.0053021145942052
0,0.0312682117286576
0,0.0063462871586798
0,0.0356426977916522
0,0.0189015103325008
0,0.0350485528704605
0,0.0356099598082809
0,0.0049310273774885
0,0.0321379815837413
0,0.0358575553532425
0,0.0354064712829072
0,0.0357951923134021
0,0.0349533003394723
0,0.0349963470230148
0,0.0357376944251634
0,0.0328464018803903
0,0.0356073118883561
0,0.0006050962176448
0,0.0349250333197041
0,0.0357710925729837
0,0.0066930374265427
0,0.0197403334000726
0,0.0356082275246214
0,0.0349033666677476
0,0.0653998659360168
0,0.0018216769447045
0,0.0298545774382936
0,0.0348309609960735
0,0.0196077005885056
0,0.035848671252449
0,0.035842760861212
0,0.0350895255919689
0,0.0351135968760943
0,0.0348584788736584
0,0.0358508271494439
0,0.0356445211283067
0,0.0352612064875068
0,0.0358610448088424
0,0.0071590560606413
0,0.0357124246920688
0,0.0347815989829927
0,0.0323008873759616
0,0.0302511225169988
0,0.0045429931357058
0,0.0349663183233338
0,0.0358587842757376
0,0.0319565662834676
0,0.035651334247976
0,0.0190044685835805
0,0.0357044261014826
0,0.0352926103307034
0,0.0353541039707403
0,0.0125594190812752
0,0.033701327611096
0,0.017680214370943
0,0.0358320470317261
0,0.0357343330313283
0,0.0356581356724921
0,0.0349431252449417
0,0.0320108213774461
0,0.0358651740505425
0,0.001365641586386
0,0.0682909022982622
0,0.009686749207464
0,0.0350285496253329
0,0.0356192189048746
0,0.0109389331332522
0,0.0117723303958059
0,0.0348425526802334
0,0.1990679950843504
0,0.0357926783717828
0,0.0356341060619615
0,0.0069154101037782
0,0.0342928375649557
0,0.0031330263955169
0,0.0348322839447287
0,0.0358088164672803
0,0.0352391473255629
0,0.0353991581328413
0,0.0353984521139123
0,0.0327228142796989
0,0.0359204362781189
0,0.0055781995441849
0,0.0184361737094782
0,0.0351501423882045
0,0.0125896459195371
0,0.0350906907467949
0,0.0352154216223538
0,0.027899849413688
0,0.0349205663368247
0,0.0353872307204982
0,0.0347872174212267
0,0.0348128710727697
0,0.0357320669057076
0,0.0356303063048422
0,0.0150159743149188
0,0.0094098697748489
0,0.0247043517649262
0,0.0356509016432234
0,0.0046539990122021
0,0.0356505433154463
0,0.0350397817501764
0,0.0113931170361614
0,0.0340962309086447
0,0.0356992610571014
0,0.0354248877582774
0,0.0143462566925377
0,0.0055795991163793
0,0.0347831832092271
0,0.0352080600586782
0,0.0116904455084451
0,0.0352437785716837
0,0.0212173135544951
0,0.0167251707296729
0,0.035777830706324
0,0.034773618663054
0,0.0357442096252088
0,0.0349268874561571
0,0.0348898258702658
0,0.0217710668811086
0,0.0247064739952375
0,0.0358053357068233
0,0.0347615481139071
0,0.0358086186281207
0,0.0350837990675125
0,0.0350040417671652
0,0.0355068338919582
0,0.0348096112164826
0,0.0353383336463195
0,0.0337025619803114
0,0.013435301989833
0,0.035702640086631
0,0.0355504838169533
0,0.0355165849622862
0,0.0044971267815819
0,0.0059761716174978
0,0.0018251012387375
0,0.0353186500643793
0,0.0348285737258548
0,0.0302090136174718
0,0.0348226038800181
0,0.0356264120909131
0,0.0351418421763618
0,0.0354953995483675
0,0.0356090042240352
0,0.023219702564101
0,0.0351813680817165
0,0.0351396891303325
0,0.0358336532148502
0,0.0099851023623032
0,0.0242974305304238
0,0.0349092755412179
0,0.0356800083655369
0,0.0355450551744975
0,0.0353557437679153
0,0.088563738630707
0,0.0028690040566113
0,0.0347841164750982
0,0.0354744902384269
0,0.0347813870623102
0,0.0352315914910723
0,0.0348516273609196
0,0.0340306748237929
0,0.0102465248959282
0,0.0349092076039296
0,0.0296674731968557
0,0.5263078371068428
0,0.0350684578602893
0,0.0348966247851845
0,0.035834500937678
0,0.0356679522204042
0,0.0158580899096337
0,0.0128389478291211
0,0.0351384896194326
0,0.0356338463711881
0,0.0356589918352919
0,0.0023547424516587
0,0.0355102107323207
0,0.0356493420433153
0,0.0352928779586471
0,0.0356074376506572
0,0.0356264120909131
0,0.0349582267511726
0,0.0358273645966188
0,0.012162706421249
0,0.0058392037690029
0,0.0348312132498126
0,0.0358522307756142
0,0.0358692886128294
0,0.0033079707206403
0,0.0351826234661631
0,0.0017467741447564
0,0.0352556813600037
0,0.0358328760617391
0,0.0347891458055861
0,0.0358836044200082
0,0.0358377520547782
0,0.0145904329804148
0,0.0115993319515799
0,0.0358576739646177
0,0.0098826726313263
0,0.035864209262628
0,0.0356130581583551
0,0.0356852924794553
0,0.0193870116422075
0,0.035867313015851
0,0.0355220505770192
0,0.0352360180966899
0,0.0355699335831075
0,0.0348067527757724
0,0.0346272050095089
0,0.0352614660988033
0,0.0350966648934947
0,0.0142150286077858
0,0.0200763322924757
0,0.0348268345829348
0,0.0352685714383447
0,0.0358387955736938
0,0.0061467521621467
0,0.0018247454781737
0,0.0357952306098472
0,0.026306391807858
0,0.0356682113216883
0,0.0083927216629417
0,0.0341307556539866
0,0.031564312306921
0,0.0083490436823309
0,0.0274259077843482
0,0.1247015325982807
0,0.0354357803846762
0,0.0102113698556188
0,0.0347733899702724
0,0.0357901238148861
0,0.0356366884248561
0,0.0357956139643843
0,0.0328594682186183
0,0.0349684237318007
0,0.0356909984612563
0,0.0258036569786649
0,0.0347827084025309
0,0.2654614016598403
0,0.0347805613742202
0,0.0356835587494986
0,0.03555738072535
0,0.0284928653752432
0,0.035448034562535
0,0.0348056798021037
0,0.0320977631533625
0,0.0348078250190369
0,0.0357398554767486
0,0.0289517920006449
0,0.0356679159490228
0,0.0357204025103631
0,0.034883540867993
0,0.0315705046671184
0,0.0351025561770131
0,0.0108326024082156
0,0.0332660983187209
0,0.0351369610530539
0,0.1340746723468505
0,0.0129643216874435
0,0.0348467926103541
0,0.0312762991045336
0,0.0285739212871396
0,0.0350063837188126
0,0.0358574967022455
0,0.0356645931882735
0,0.1512359464005514
0,0.0142738160259561
0,0.0345993377899481
0,0.0353699235695811
0,0.035628482286395
0,0.0196772349679905
0,0.0347951987447942
0,0.0347811767471337
0,0.0357481040817936
0,0.0315865509587101
0,0.0356723340444007
0,0.0355839959590385
0,0.0224938597413991
0,0.0071754223196396
0,0.034990660422994
0,0.0353380472958779
0,0.0028124469760734
0,0.0354704478171483
0,0.0271017521029699
0,0.0357828405171626
0,0.0358886820391443
0,0.0335276144758326
0,0.035016733111698
0,0.0348219585227418
0,0.0355133679566561
0,0.0358067247179781
0,0.0090045809390182
0,0.0594897721918768
0,0.0333253847406507
0,0.0355456892859024
0,0.0354562046066866
0,0.0356073742536237
0,0.0352577763476423
0,0.0347883338199623
0,0.0119033480215241
0,0.0355937297169891
0,0.0350665687300057
0,0.0356403045246464
0,0.0350449117105798
0,0.0357063774450585
0,0.0310959462459597
0,0.0112763788420059
0,0.035812999602743
0,0.0347832748556458
0,0.0181787148187488
0,0.0351402599311043
0,0.0055389579588044
0,0.0357882980266899
0,0.0357120877555249
0,0.0057584443708911
0,0.0347873301658787
0,0.0348502618122594
0,0.0348942208960972
0,0.0214300870911622
0,0.0356090042240352
0,0.0190683507304685
0,0.0358080434826597
0,0.035844429016454
0,0.0357678182319632
0,0.0240770298132135
0,0.0349675621879681
0,0.0137740871468137
0,0.0352320762573566
0,0.0080289725840188
0,0.0350074279315816
0,0.0358129127078774
0,0.0355086788604674
0,0.0357723993808821
0,0.0357752034609507
0,0.0354818069097708
0,0.0357506878873594
0,0.0358492307860428
0,0.0315107228516957
0,0.0349576941784744
0,0.0354211327539137
0,0.0007221749836122
0,0.0347842187147106
0,0.057071483069926
0,0.0357709590697743
0,0.0358272924088325
0,0.0358457569232508
0,0.034169512224145
0,0.03428798563284
0,0.0333437908647738
0,0.0347900451931955
0,0.0352321679382749
0,0.0310122347688865
0,0.035670211729862
0,0.0352519565576582
0,0.0107747025195565
0,0.0348672255543763
0,0.0354346962602895
0,0.0356328348670178
0,0.0211891245572888
0,0.0348148865610037
0,0.0102004746370408
0,0.0357727665070568
0,0.0353550334176554
0,0.009754588260724
0,0.0268129704006444
0,0.0357176259212119
0,0.0357382390334906
0,0.0281860064227651
0,0.0219675787979578
0,0.0347992901969261
0,0.0351896282157885
0,0.034877968978862
0,0.0248415703114099
0,0.0358952470371248
0,0.012028971784332
0,0.0356122195933314
0,0.0350555976513431
0,0.0358556753404247
0,0.0354634985363326
0,0.0303623247190999
0,0.0357358249012816
0,0.0174537660380843
0,0.035450967289814
0,0.0347815594584773
0,0.0350342803503534
0,0.0341930379706565
0,0.0101694911460761
0,0.0360784754783702
0,0.0358468789617727
0,0.0358567768563328
0,0.0110196538876334
0,0.034554920419773
0,0.0331998622912867
0,0.0349919598077521
0,0.0195106885213902
0,0.0180956011121228
0,0.0354650703884051
0,0.0352375727088722
0,0.0356264748852269
0,0.0029433419414063
0,0.0354319094906678
0,0.0351958582983235
0,0.0078857794971794
0,0.0349144487359488
0,0.0354246007040907
0,0.0356224317619159
0,0.0068055676646802
0,0.0354477468484254
0,0.0352421531088218
0,0.0113844211795378
0,0.0355311346301937
0,0.0105533122995326
0,0.0358259599023153
0,0.0355993217050322
0,0.0355863455404146
0,0.0207285728022197
0,0.0348156574825827
0,0.0316547381497377
0,0.0169160721743425
0,0.03586135913206
0,0.0348217479884218
0,0.033851978223348
0,0.0349815502966563
0,0.0040940513153068
0,0.0347829860392058
0,0.0330715062180867
0,0.0348858144382837
0,0.0348890239536816
0,0.0358238298027182
0,0.0222636959529677
0,0.0058596869139959
0,0.0349866120667106
0,0.0349291992065455
0,0.0350478587063828
0,0.0352895809426156
0,0.0357559282718203
0,0.0358650583987256
0,0.0357113788038671
0,0.0176485175042423
0,0.0353433872103875
0,0.035540703036906
0,0.0230428763168873
0,0.0068212503407585
0,0.0357132609146342
0,0.0358502426925583
0,0.0348977146401361
0,0.035837277564413
0,0.034824613516288
0,0.0152563463040727
0,0.0194634986774503
0,0.0351998134900481
0,0.0356611751916372
0,0.0095983879113268
0,0.0352089460460559
0,0.0312260165786056
0,0.0356991434079741
0,0.0189990051523168
0,0.0097537207728321
0,0.066494148903135
0,0.0315478701907256
0,0.0123894530583633
0,0.0049973515954332
0,0.0358418926678667
0,0.0277831753702024
0,0.0090553842014723
0,0.0205602987120885
0,0.0095456243613889
0,0.034825836988887
0,0.0079727442601644
0,0.0358265942149531
0,0.0042145913583267
0,0.0357692197106631
0,0.0356218150476721
0,0.0347790641736665
0,0.035864181188039
0,0.0352252853714667
0,0.0349483299865272
0,0.0213854733124994
0,0.0214018434798367
0,0.0350818966763003
0,0.035797071877563
0,0.0355723788448164
0,0.0343394821826767
0,0.0154080835619872
0,0.0351892877535613
0,0.0349906577552575
0,0.0350649263350214
0,0.007159065022914
0,0.0351514856245062
0,0.019309882720563
0,0.035622912591958
0,0.0357284787873947
0,0.0345310481687332
0,0.0319487283262372
0,0.0339426472855265
0,0.0350108464668212
0,0.0336927677872246
0,0.0354990342139346
0,0.0356748319394746
0,0.0156043422210987
0,0.0196076053245989
0,0.0356474174780026
0,0.0347893746380368
0,0.0162225305778791
0,0.0356800524488271
0,0.0347764340288739
0,0.0268024958506818
0,0.0356147795297286
0,0.0078377171113846
0,0.0350097628769642
0,0.0356174970850597
0,0.035189100651114
0,0.0348268668504083
0,0.0347819514847515
0,0.0092961139889946
0,0.0185189919988363
0,0.0358658607919051
0,0.0077963703886782
0,0.0348439470886655
0,0.0355332323816992
0,0.0116141057230616
0,0.0217298928113392
0,0.0351470908519905
0,0.0354829632717222
0,0.0078815829346926
0,0.0334075006538103
0,0.0115170307276853
0,0.0348602190788078
0,0.0322175844818078
0,0.0358575094046258
0,0.0350131275819591
0,0.03571408985225
0,0.034847237480061
0,0.0356972448273148
0,0.0029308355375721
0,0.0348190516852619
0,0.0351614637597806
0,0.0342952799010146
0,0.0266682360844936
0,0.0349452012027463
0,0.0348401852115765
0,0.0164121447433397
0,0.0031843159308646
0,0.0457452385260208
0,0.0348058111976732
0,0.0192185239550646
0,0.0213163501102105
0,0.0042673183670514
0,0.0350661815801429
0,0.002504119719527
0,0.0135400491171433
0,0.0349928890367564
0,0.0347788749418379
0,0.0358050701970661
0,0.0348019840560819
0,0.0357075424108773
0,0.0353825499601637
0,0.0356454697594126
0,0.0354211490098015
0,0.0357713105001396
0,0.035207595029698
0,0.0340361099414596
0,0.0357189158418639
0,0.0116212432931814
0,0.005616221549067
0,0.0351106493807124
0,0.0241640727443144
0,0.0348209101789552
0,0.0319360588395858
0,0.0189218030398017
0,0.0352780177255536
0,0.0351215167840672
0,0.0107390886826164
0,0.0105278404274144
0,0.0357998676063375
0,0.0350717748851789
0,0.016022452374248
0,0.0304580938476524
0,0.0127967676464805
0,0.0357603738692353
0,0.0339599293625408
0,0.0351596426200438
0,0.0243424889667955
0,0.0358152497618001
0,0.0349543265200394
0,0.0080932184837009
0,0.0211934951031047
0,0.0108973778714037
0,0.0265590168466343
0,0.0355349690668452
0,0.0349256637192634
0,0.0254494283246807
0,0.0357701445177642
0,0.0347798611695549
0,0.0358110964650605
0,0.0357004108230673
0,0.0350456316545601
0,0.0357250675923117
0,0.0296855169102966
0,0.0349299862172251
0,0.034803593250725
0,0.0348878294331305
0,0.0040259617899807
0,0.0352965950372903
0,0.0346644942593255
0,0.0348999272209714
0,0.0593280893325102
0,0.0270955316133073
0,0.0300099573500822
0,0.0226639718226065
0,0.0228212731360978
0,0.0342230174471043
0,0.0352145058728032
0,0.0357901861864623
0,0.0353920956898479
0,0.0128496463199438
0,0.0349148840563696
0,0.0357624243497759
0,0.0348365897081905
0,0.0175637031632163
0,0.0355129921482917
0,0.0347501780479534
0,0.0356890754894037
0,0.0074375827702729
0,0.010404931490522
0,0.0135634806332719
0,0.0358691218045135
0,0.0347649444088449
0,0.0352099424520955
0,0.0348048953385705
0,0.0028313704582984
0,0.0351221668077488
0,0.0015395658314786
0,0.0356379416725921
0,0.0351435605635346
0,0.0280089360653843
0,0.0314153672278177
0,0.0187792053094711
0,0.0246300980436154
0,0.0094537064387005
0,0.0267343211633545
0,0.0347912849351698
0,0.0172854228582209
0,0.03308064461374
0,0.0352968652536087
0,0.0056178819935553
0,0.0349448951722939
0,0.0073578142335799
0,0.0220784463876301
0,0.0349453131818711
0,0.0331365672972702
0,0.0348236456266756
0,0.0055153398641611
0,0.0348761123634771
0,0.0288129323086435
0,0.0067786809842708
0,0.0351082447402966
0,0.0348044392792717
0,0.0358502782198363
0,0.0210331336744114
0,0.021553854741485
0,0.0351764490541718
0,0.0357515773449978
0,0.0351247148902117
0,0.0348136643362342
0,0.0357281360543308
0,0.0358684543888005
0,0.0271275378787915
0,0.0356074038636028
0,0.0137392955025911
0,0.035839513859097
0,0.0344533960956764
0,0.0350526017305408
0,0.0351907369616917
0,0.0355243498112185
0,0.0353621853812072
0,0.0349096911348859
0,0.0167170980541864
0,0.0347906912849037
0,0.0087901603017014
0,0.0348503729086723
0,0.0231759027276706
0,0.0352899737835324
0,0.035755036637274
0,0.0351012819115308
0,0.0348458923871299
0,0.0113244196459289
0,0.0353503718571505
0,0.0210732205708027
0,0.034903171832003
0,0.0351036723975459
0,0.0348690281368178
0,0.0047616071453544
0,0.0347935757177881
0,0.0357607150906962
0,0.0211492667134521
0,0.0272536406017905
0,0.0356598625185987
0,0.035628521755325
0,0.0348065362947958
0,0.0348011516367299
0,0.0358225472265576
0,0.0348919242187536
0,0.0354107834302293
0,0.0351803942033442
0,0.0357295479383062
0,0.0349501688207984
0,0.0348440797476065
0,0.0082401396297552
0,0.0249235753421166
0,0.0062166215247041
0,0.0318401706075813
0,0.0351027712251995
0,0.0350246997584995
0,0.0358753204135723
0,0.035878510852472
0,0.0352740737678879
0,0.0349495301024136
0,0.035092759236569
0,0.0022144556499336
0,0.0357478668925482
0,0.3898287300248316
0,0.0355997949779716
0,0.0023276252826559
0,0.0357139273977526
0,0.0355171774319731
0,0.0355225023709271
0,0.0358075571195696
0,0.032982426732224
0,0.0356738652346549
0,0.0355464211945439
0,0.0356883798893317
0,0.0358423380411404
0,0.035299498941766
0,0.0350766973533718
0,0.0357929684639561
0,0.0130056351429454
0,0.035007323434848
0,0.0294280282948983
0,0.0358454289943064
0,0.0144530211963713
0,0.0356450459598122
0,0.0280451265125829
0,0.0355611808848139
0,0.035760415769684
0,0.0349734910369575
0,0.0356549322590412
0,0.0355033040366175
0,0.0314918945370311
0,0.0017244587327879
0,0.0358541721637685
0,0.0357515544651229
0,0.0349477415787012
0,0.0354812935551525
0,0.0353307795708352
0,0.0349101189485838
0,0.0293422247069455
0,0.0348532270500991
0,0.0355786386470211
0,0.0179636860662429
0,0.0358402332732194
0,0.035423659076487
0,0.0344597263674495
0,0.0353387618632572
0,0.034934744916693
0,0.034968878943145
0,0.0350041573103884
0,0.0358732508983805
0,0.005025674892217
0,0.035193059078528
0,0.0357067875667182
0,0.0261007083111485
0,0.035799851839241
0,0.0357776949454398
0,0.0723458341188618
0,0.033362276759713
0,0.0353717063552707
0,0.0554814280300288
0,0.0358467373739381
0,0.0089687907159213
0,0.0355203773147126
0,0.0243829654001571
0,0.0157371102413136
0,0.0355568232708561
0,0.0051284809116052
0,0.0351205458007133
0,0.0354439312026206
0,0.0349851137801576
0,0.0331101377536899
0,0.0158533429561916
0,0.0358348198799261
0,0.0354052558951978
0,0.0355909313612605
0,0.0356058195603768
0,0.0357043896562239
0,0.0802105417351382
0,0.0358309737821083
0,0.018584540703806
0,0.0352728863399535
0,0.0348041547718349
0,0.0353929249642486
0,0.0347804247065742
0,0.0354268132879334
0,0.0357083940440317
0,0.0348451725772154
0,0.0348716508140035
0,0.0070343731939462
0,0.0356939998359533
0,0.0347897786120729
0,0.0353506592836084
0,0.0347955944342558
0,0.004205603360714
0,0.0358570295141826
0,0.0353188646536203
0,0.0356494563309182
0,0.0356208459109438
0,0.0250040938589175
0,0.0354158818535204
0,0.0350048368052009
0,0.0078890936987929
0,0.0355614240975887
0,0.0346113275272845
0,0.0349188221783578
0,0.0350895006563603
0,0.035836772207113
0,0.034888258359785
0,0.0114590291357159
0,0.0341349579407275
0,0.0358584207177509
0,0.0285639219048145
0,0.0358041453302289
0,0.0354494652224694
0,0.0357798862880695
0,0.0076494689526481
0,0.0614710184110826
0,0.0182051132994922
0,0.0321808875652756
0,0.0358662459400353
0,0.0035909550448044
0,0.0358635656056496
0,0.0351502540399383
0,0.0230609323015304
0,0.0075902630487999
0,0.0355622585410251
0,0.0349373531953968
0,0.0358493371049407
0,0.0348832179775292
0,0.035283377730692
0,0.0350189240013124
0,0.0266777605604769
0,0.0584336565554405
0,0.9269491518532936
0,0.0348550147909966
0,0.0304681065701403
0,0.0357349199763678
0,0.0274324015439103
0,0.0272324881888144
0,0.0328431462143784
0,0.0352452953596092
0,0.0317709117013058
0,0.0351262037313121
0,0.032574394756734
0,0.0292605445235229
0,0.0351657425448123
0,0.0358688576469983
0,0.0028091129488211
0,0.0358461077305403
0,0.0351470524367651
0,0.0348855119767226
0,0.0358608377403893
0,0.0098803090607244
0,0.0347808791939872
0,0.0353602427293308
0,0.0356831210588486
0,0.0358427116027258
0,0.0357206925020595
0,0.0358053451484868
0,0.0350918771318944
0,0.0358320644124506
0,0.0351291947554398
0,0.0355371638353046
0,0.0349069106872523
0,0.034514455224567
0,0.0357013800407044
0,0.0072631516059454
0,0.0357211057079947
0,0.0142818688988756
0,0.0357424824113963
0,0.0051180510049636
0,0.0353894129557463
0,0.0348938754814037
0,0.0107696410902183
0,0.0353862069010675
0,0.0358570751021571
0,0.0348373193850031
0,0.0355265363729343
0,0.0347985277305395
0,0.0350213936955367
0,0.0356333786363069
0,0.0355012478500889
0,0.0349856903151618
0,0.0248576962331586
0,0.0357953387723448
0,0.0355652911731666
0,0.0212211782665731
0,0.0357403616635723
0,0.0358216506572847
0,0.0313789540912091
0,0.0347904930692655
0,0.0350014899377729
0,0.0357446243421213
0,0.0291582069151917
0,0.0026103861994573
0,0.0349660762115068
0,0.0162068452099601
0,0.035628745809197
0,0.0358224359143905
0,0.0348972746275996
0,0.0173183910225948
0,0.3890418536217204
0,0.0355155429744353
0,0.0357915821053019
0,0.0351054440944448
0,0.0356562209629911
0,0.0011975317966024
0,0.0348491774913185
0,0.0123585020037612
0,0.0348814627149758
0,0.0349015241834004
0,0.0200115940415005
0,0.0351338230024937
0,0.0358105350477051
0,0.0350585940023263
0,0.0356396113379066
0,0.0349530946526511
0,0.0350644145380444
0,0.0354335543211429
0,0.0358274398295716
0,0.0118714168971629
0,0.0357954329981702
0,0.0276141548898982
0,0.0010918624395384
0,0.0330776533702648
0,0.0168366341563628
0,0.0347959247971308
0,0.0126321571820028
0,0.0105156020029293
0,0.0357904741272962
0,0.0354185783514643
0,0.0356225835280495
0,0.0358395178526067
0,0.0046831834892755
0,0.0356227698126993
0,0.035006673389026
0,0.0241394219538955
0,0.0356870727424532
0,0.0033063448364428
0,0.0351998134900481
0,0.0352292926143686
0,0.034864526484461
0,0.0358351104389203
0,0.0351100770518345
0,0.0100649496753504
0,0.0352673742884915
0,0.0182910762800461
0,0.0177062212934066
0,0.010903808116646
0,0.0296232394977174
0,0.0346645260901829
0,0.0283598432657256
0,0.0112579213551936
0,0.0349330314901027
0,0.0352399197180241
0,0.0200680172107186
0,0.0357195384521769
0,0.0353999517591376
0,0.0358629355888524
0,0.0355304582946139
0,0.0351602106696457
0,0.0355732797289414
0,0.0348450515470844
0,0.0147030215772816
0,0.0190356391844075
0,0.012862663714458
0,0.0358319906322206
0,0.0357812889061016
0,0.0139317504983558
0,0.0021830454994695
0,0.0348840847067224
0,0.0352231419058065
0,0.0307658917556001
0,0.0301306480420483
0,0.0261907382581431
0,0.0351930866774616
0,0.0349117984620489
0,0.0351633599236798
0,0.0353423546151352
0,0.0355209108137871
0,0.0358795085246347
0,0.0120735317434267
0,0.035153134829859
0,0.0349588449564117
0,0.0358192953147314
0,0.0357543651673229
0,0.0043561985570089
0,0.03496504972035
0,0.0156076805828717
0,0.034613434044084
0,0.0353426151295094
0,0.0348245156179119
0,0.0180593648845878
0,0.0357719514528797
0,0.0349016127041745
0,0.0358250709860849
0,0.03477183328741
0,0.030051112944353
0,0.034927609727488
0,0.0347995925066899
0,0.013564961749183
0,0.0352647758234966
0,0.0198058303764293
0,0.0469488455106163
0,0.0029351379966635
0,0.0353287574735626
0,0.0022879472021415
0,0.0358349620908154
0,0.2085174101797351
0,0.0359056539250618
0,0.035408636010273
0,0.0356080600398026
0,0.0041007643401444
0,0.0350906907467949
0,0.0285451134608735
0,0.0358693318517673
0,0.027698775511177
0,0.0128292966158999
0,0.0349210207076431
0,0.0356052774678917
0,0.0349121147467831
0,0.0348238745033373
0,0.0353451160780891
0,0.0357753524636782
0,0.0350440640478376
0,0.0108880481247154
0,0.0351994573104883
0,0.0146121518611981
0,0.0356501531302404
0,0.0356017496274872
0,0.0347898104704623
0,0.0349869393476486
0,0.035026374370703
0,0.0348037925406811
0,0.0304323881757796
0,0.0358240301431012
0,0.0029119062404673
0,0.0174181056712344
0,0.0356917338879429
0,0.0356834129888143
0,0.035797071877563
0,0.020792664331228
0,0.0357318836372722
0,0.0289676239042925
0,0.009841436230952
0,0.0331781528766718
0,0.0348804625817275
0,0.0189672544992629
0,0.0347715235855054
0,0.0358445393205209
0,0.0357369935075758
0,0.0357827119404558
0,0.0347943382570707
0,0.0352100255828467
0,0.0291687187005383
0,0.0355273531750029
0,0.0347920030489848
0,0.0222636058460985
0,0.0354230778232149
0,0.0171308208132247
0,0.0357211341090307
0,0.0353202957499843
0,0.0105742332802807
0,0.0357767458398154
0,0.0348796666565796
0,0.009515386173585
0,0.0353874156027718
0,0.034795364432917
0,0.0300174510895554
0,0.0358678477987757
0,0.0358691097283252
0,0.0093987712616434
0,0.0011368957213238
0,0.0172985277408314
0,0.0352498407514657
0,0.0347811761733272
0,0.0154981953304051
0,0.0315806597664326
0,0.0351491779393152
0,0.0353324547494124
0,0.0352165435288512
0,0.0358247681062841
0,0.0350625601272157
0,0.0348010014588186
0,0.0356345139951305
0,0.0354996421105123
0,0.0353337894582967
0,0.0356189808885215
0,0.0287397024765847
0,0.0357909990196271
0,0.0238321086178672
0,0.0347853024468978
0,0.0348021452714244
0,0.0348862895151385
0,0.0244361993672233
0,0.0352521175457922
0,0.0348199742498982
0,0.0326011825524894
0,0.0351587777526627
0,0.0349100707344353
0,0.0357294410257701
0,0.0203838508467356
0,0.0349993484318891
0,0.0358489814263593
0,0.0356208875461254
0,0.0352070541543904
0,0.0157178703640997
0,0.0356691652319153
0,0.0352467861156407
0,0.0261548839994458
0,0.0340911789128561
0,0.0349777316294965
0,0.0217747057473486
0,0.034853893206714
0,0.0351696965055654
0,0.0357477431734895
0,0.0352912068473193
0,0.0030189470810235
0,0.0028601802086503
0,0.0349747115658317
0,0.0350422216799308
0,0.0357948090747285
0,0.0349432323223751
0,0.003245348977387
0,0.035491930400186
0,0.0133218551320998
0,0.0357740791580815
0,0.0347933168374968
0,0.0357944877916071
0,0.0350717748851789
0,0.0352446245178858
0,0.0357594716409061
0,0.0352009165911823
0,0.0172415464809506
0,0.0358443827814387
0,0.0259350182325916
0,0.0351553479545368
0,0.0348636515168114
0,0.0352002283470893
0,0.0348462012902688
0,0.0327720500544119
0,0.0329854723345622
0,0.0353630594783314
0,0.0348912727386036
0,0.0351945266304111
0,0.0356690115552908
0,0.035565014970012
0,0.020187799011926
0,0.0354566470656952
0,0.0356575687490084
0,0.0029626445839676
0,0.0306137014530162
0,0.0348450179195465
0,0.035750022354279
0,0.034896749491358
0,0.0358203606533635
0,0.0350936849818733
0,0.0358158113376185
0,0.0349797771829271
0,0.0034673201285444
0,0.0357427061070426
0,0.0335879686395527
0,0.0350358451449309
0,0.0351515367680585
0,0.0351910856271033
0,0.0229216237194863
0,0.0175159253557213
0,0.0351236675326193
0,0.0348616288141919
0,0.0353513475848394
0,0.0224820975878285
0,0.0348377405601439
0,0.0071754389918845
0,0.0160817511589277
0,0.0349293047502328
0,0.0109950533632677
0,0.0352632895342436
0,0.0350421644467019
0,0.035409270627611
0,0.0250582095757458
0,0.0304806594065219
0,0.0358579786192357
0,0.0348284185103017
0,0.0354348287885154
0,0.030865327821194
0,0.0348355376699678
0,0.0577794824040223
0,0.0349930081548023
0,0.0162033539801914
0,0.0221746442025756
0,0.0348496672234198
0,0.0353950890594069
0,0.0239796924832417
0,0.0349822674587129
0,0.0348247381624566
0,0.035363081338766
0,0.0050239106745837
0,0.030108842821978
0,0.0059982431840131
0,0.0351598681409759
0,0.0281532658090186
0,0.0356654954171907
0,0.0333913990695212
0,0.0191212916835639
0,0.0357866913981336
0,0.0356969434172263
0,0.0353844834444727
0,0.0358141730592173
0,0.0352788622821514
0,0.027673576893575
0,0.0221192494251635
0,0.035753228113542
0,0.0349207067874993
0,0.0356191557237142
0,0.1351020342349227
0,0.0180284184608661
0,0.0258842656212375
0,0.0350119302731995
0,0.0240010747166528
0,0.0078387312892973
0,0.0356116086032113
0,0.0353405226252228
0,0.0475491263108018
0,0.0350062442144178
0,0.0348124050844791
0,0.0358688342923811
0,0.0022753660058093
0,0.0348308153281015
0,0.0353633929836097
0,0.0358383133449531
0,0.0349518710130555
0,0.0356038982508584
0,0.0356527232833916
0,0.0358668609216438
0,0.0349612774967961
0,0.0353272582018572
0,0.0324340768170925
0,0.0358096689931998
0,0.0090373424764733
0,0.0098578846728879
0,0.0345718059291316
0,0.0136063478775538
0,0.0357810698177308
0,0.0131928587866715
0,0.0353326542760097
0,0.0046158877949847
0,0.0358639784403321
0,0.0358362894249799
0,0.0356120114719071
0,0.0357552489928522
0,0.0377758815417173
0,0.0355279121234136
0,0.0112231722329356
0,0.0349808405205463
0,0.0356095934180076
0,0.0358616118398097
0,0.0298985730837772
0,0.0052834557816673
0,0.0358528428142478
0,0.035792142871988
0,0.0350809268958643
0,0.0302104450447081
0,0.035469272275936
0,0.0038428403533162
0,0.0352269256258324
0,0.0092063428971617
0,0.0285763217327266
0,0.0348095671078014
0,0.035161284329298
0,0.0025736497940657
0,0.0348136781929888
0,0.0356278544762906
0,0.0355885941241221
0,0.0298620916866699
0,0.0180494774035708
0,0.035513554206364
0,0.0354742286598615
0,0.0289771354670969
0,0.0357936960364221
0,0.0347949911969748
0,0.0356740972273222
0,0.0178989573150301
0,0.0349275165372361
0,0.013527820022724
0,0.0356141543672514
0,0.0102082842697443
0,0.1852478536309428
0,0.0351673990961472
0,0.0356590831545676
0,0.0050320639337172
0,0.0324402404843468
0,0.0358544141320241
0,0.035245436592302
0,0.0143679252663815
0,0.0320714765997044
0,0.0358407118964871
0,0.0214862381120444
0,0.0350681419577155
0,0.0352095087743537
0,0.0352239610955962
0,0.0358581893264678
0,0.034890887970424
0,0.0281074581544
0,0.0683641356629781
0,0.0358691301610158
0,0.0337032478957712
0,0.0358399600235168
0,0.0016420939317311
0,0.0256676312012813
0,0.0238471664247846
0,0.0261379433636172
0,0.0348200409241996
0,0.0347853565467592
0,0.0357227337538412
0,0.0351613406631902
0,0.0350044624235685
0,0.0086459416423157
0,0.0356615687437223
0,0.0355896831591255
0,0.0358506334142574
0,0.0344504362701074
0,0.0353455287291411
0,0.0357284688657624
0,0.0355292770564373
0,0.0348650528910842
0,0.0355635016511532
0,0.0358125241170175
0,0.0081475120281008
0,0.0357604367453807
0,0.0080792026839297
0,0.0199035504645716
0,0.0347864435731296
0,0.0038514039739334
0,0.0349223034421008
0,0.0351680339150414
0,0.0084408862913217
0,0.0240004970571929
0,0.0349367124328117
0,0.0072461788156409
0,0.0358403840256113
0,0.0346806016373973
0,0.035883283514462
0,0.021327868349253
0,0.0350413692453484
0,0.0350715323682435
0,0.0356911052682914
0,0.0347970058850952
0,0.0229145279092587
0,0.0357385259206535
0,0.0349773582165941
0,0.0358546107717359
0,0.0130083115250049
0,0.0348198574081099
0,0.035834423714592
0,0.0354343509171011
0,0.0354873328088565
0,0.0347827081628303
0,0.0348061561813482
0,0.0357652552427063
0,0.3478679489281664
0,0.0347983056117461
0,0.0349281373195097
0,0.0349151651935103
0,0.0118274410355711
0,0.0309308549918857
0,0.0356686882647641
0,0.0348575520457221
0,0.0014737536229302
0,0.0358538922098093
0,0.0316037756382298
0,0.0265969407242143
0,0.0310505977824735
0,0.0353341789323664
0,0.035830267693685
0,0.0059245145750873
0,0.0350939613391087
0,0.0354732592780984
0,0.014739447087601
0,0.0185354342692829
0,0.0137432507933648
0,0.0130885745100055
0,0.0358562643881647
0,0.0151651551303915
0,0.0348785349032953
0,0.0358441369454776
0,0.0007480954357437
0,0.03485973928076
0,0.0355786676608226
0,0.0358581404783986
0,0.0358415335249371
0,0.0164117556269827
0,0.020640598910541
0,0.0358610448088424
0,0.0357475679012747
0,0.0357396655108239
0,0.0349507717187686
0,0.0161232870612861
0,0.0348200992896641
0,0.0288068861199886
0,0.0099493771089058
0,0.0354916594164922
0,0.0163688357290967
0,0.0356826461745077
0,0.0343256927261269
0,0.0353678168126804
0,0.0278400502884751
0,0.0356072164772546
0,0.0141531223372534
0,0.0350466236799633
0,0.0082841972849598
0,0.7747656712342145
0,0.0196504037348168
0,0.0348711687203999
0,0.0358363964776622
0,0.0356913722805577
0,0.0352498407514657
0,0.0352556442557004
0,0.0358379324538828
0,0.0347972678154681
0,0.0070945810478373
0,0.0350395706304344
0,0.0054294418848641
0,0.0282358771956834
0,0.0354222227986141
0,0.0348074380455846
0,0.0170116567610872
0,0.0357586011969381
0,0.0019109676816484
0,0.0358798391100582
0,0.035853527152478
0,0.0132675005872069
0,0.0349293047502328
0,0.0348447856528706
0,0.0273031616662552
0,0.0355605940275202
0,0.0358222827279046
0,0.0348513349381175
0,0.0358579047219249
0,0.0349692786411377
0,0.0109096275859482
0,0.0355838615915061
0,0.0218380283910356
0,0.0315689879689705
0,0.0348973660953583
0,0.0028759494186361
0,0.0354771883181064
0,0.0324505941268057
0,0.0330036635888786
0,0.0354204250668956
0,0.0021371994889143
0,0.0356220940867926
0,0.0350490195210622
0,0.0064888985567324
0,0.0347970755107275
0,0.0353697042749496
0,0.0358020027489345
0,0.0347852451500176
0,0.0044665549792451
0,0.0111146415683463
0,0.0348200992896641
0,0.0358453164600778
0,0.0355022312668917
0,0.0029097402769071
0,0.0441262897289721
0,0.0357978144630193
0,0.0259509407450641
0,0.0274598662008432
0,0.0354162752874243
0,0.0357252316854083
0,0.0357840337273906
0,0.0082338105113639
0,0.0356727731448544
0,0.035699399063661
0,0.0349054128452697
0,0.0357816687104932
0,0.0349043735741701
0,0.0352825740030719
0,0.0358252979733675
0,0.0347832925425488
0,0.035696900315159
0,0.0356053683204264
0,0.002322272534833
0,0.0163688357290967
0,0.0352758792471617
0,0.035575167076022
0,0.0344669209211627
0,0.0354797247965717
0,0.0045305398877888
0,0.0104134923609491
0,0.0347763527126833
0,0.03565758846904
0,0.0355576399560505
0,0.0356870199973014
0,0.0347955686376665
0,0.035095138073532
0,0.0350346892324612
0,0.0351183762978501
0,0.0347849672683435
0,0.0358410763446453
0,0.0132818529603759
0,0.0023700508558885
0,0.0356251384767075
0,0.035615339478802
0,0.031518981056094
0,0.0116037855447814
0,0.0353506062252655
0,0.0358357769112045
0,0.0184179412642229
0,0.0350418289379862
0,0.0348978911447152
0,0.1311906278098728
0,0.0336779671506786
0,0.0215111846799783
0,0.0358233367818478
0,0.0358567264893163
0,0.3787424105240721
0,0.0357339875577076
0,0.0358607531411991
0,0.0350788314526575
0,0.0348341506528158
0,0.0300834050442301
0,0.0285981518264077
0,0.0357096455535013
0,0.0331812838635037
0,0.01861324492767
0,0.0349946739871949
0,0.0352737701346112
0,0.0358257067495027
0,0.0291071340400697
0,0.0357230616492981
0,0.0347981300914838
0,0.0194438155027602
0,0.0348640676036637
0,0.0348113676454796
0,0.0357843864977928
0,0.0358500347427429
0,0.0259134333888007
0,0.0347838658618284
0,0.0344009068001088
0,0.0058867573610061
0,0.0004823369293353
0,0.034798924656173
0,0.0349729967491591
0,0.0350059699932887
0,0.0339556474407823
0,0.0251447427340747
0,0.0141257952263015
0,0.0351552883838956
0,0.0357491445100989
0,0.0350248066454813
0,0.0013226295600562
0,0.0347857276178418
0,0.0358458633138113
0,0.0358237155614292
0,0.0257610311904571
0,0.0349408205448086
0,0.0355293670617098
0,0.0277260528608118
0,0.0134691095788814
0,0.0352272790726076
0,0.0355110979645319
0,0.0224068640526703
0,0.0130548783407285
0,0.0148807858025501
0,0.0358508404299332
0,0.0101038342483324
0,0.0358240484330079
0,0.0358233360997947
0,0.0347825803496345
0,0.0819284828071515
0,0.0347927115411576
0,0.0347785236735101
0,0.0358551374029477
0,0.0335261992310322
0,0.0350895006563603
0,0.0356001957772913
0,0.0353695069447897
0,0.033531225243058
0,0.0227901404659339
0,0.0114598538291844
0,0.0063698219149319
0,0.0354060513135779
0,0.0279854249574747
0,0.0354465930930026
0,0.035856901389424
0,0.0348185213570991
0,0.018110637612019
0,0.0020960787588598
0,0.0444657996661097
0,0.0124040667941246
0,0.0238550095228857
0,0.0356622693190518
0,0.0017628314115861
0,0.0353487273665484
0,0.0357592974665305
0,0.021292689898264
0,0.0352815689010343
0,0.0841392633134928
0,0.0025289795271349
0,0.0273697752849665
0,0.035849719526556
0,0.0354528402357922
0,0.0347864589029486
0,0.0067922484478941
0,0.1088119265333799
0,0.0077983542128095
0,0.0086528960860697
0,0.0358385689749006
0,0.0354446295472609
0,0.0111722448576206
0,0.0348452455437377
0,0.0357080148650217
0,0.0356408451977818
0,0.0355751353347192
0,0.0354751298561877
0,0.0193870116422075
0,0.035227740990244
0,0.0351616149494612
0,0.0348992163509943
0,0.0350001920066271
0,0.8392634225851419
0,0.0253219757589969
0,0.0096477733183878
0,0.0350985802065604
0,0.029336702495625
0,0.0357463940268456
0,0.025457231533148
0,0.0347825412783971
0,0.034950550480124
0,0.0347911627201046
0,0.0063899077660804
0,0.0358120268264989
0,0.0356980469796333
0,0.0356070370243205
0,0.0358596747114282
0,0.0359301007780654
0,0.0030225003807527
0,0.0305177527493899
0,0.0358381172641677
0,0.0356984943905228
0,0.0354025841623349
0,0.0348155432343505
0,0.0354546650658347
0,0.0060154259900604
0,0.0357694031638444
0,0.0139021478444586
0,0.0350276195077971
0,0.0356790698069582
0,0.0358194599478878
0,0.0356854914822683
0,0.0357781649436396
0,0.0350725701790471
0,0.0049744044428904
0,0.0319219239358325
0,0.0358471212345091
0,0.0350330791796979
0,0.0347819012295414
0,0.0352700025424829
0,0.030168103615348
0,0.0350304058482378
0,0.0358478682951132
0,0.0358574415427146
0,0.0151356773603254
0,0.0357631980523477
0,0.0356058866380396
0,0.0348190516852619
0,0.0357740223735554
0,0.0348208099039798
0,0.0358614174138935
0,0.0019119076910881
0,0.0358017141504462
0,0.0093439365118037
0,0.0349834215769399
0,0.7142660165129098
0,0.0139733613466854
0,0.0329698455157314
0,0.0310965370009728
0,0.0356322917013574
0,0.0289557517783682
0,0.033925211791501
0,0.0357079469797314
0,0.0311601361801016
0,0.0094908637475105
0,0.032416932511015
0,0.0353284738929249
0,0.0349151823937761
0,0.0150574076277095
0,0.1234657480628839
0,0.0055928586095431
0,0.0110089101336545
0,0.0348013702301115
0,0.0356486579138852
0,0.0358290425438395
0,0.0357828700417146
0,0.0358448080305481
0,0.0355837979725331
0,0.0021994466795249
0,0.0347817181710963
0,0.0934684194175089
0,0.0357131786053085
0,0.03588123219843
0,0.0358358395261921
0,0.0358142294200971
0,0.0354108297493146
0,0.035837032403676
0,0.0348218075929161
0,0.0029240934563425
0,0.0347820306931338
0,0.0206724722900032
0,0.0358599835134791
0,0.0347870137389337
0,0.0356102136442811
0,0.0209348506076541
0,0.0355102107323207
0,0.0356822373312241
0,0.0356051585481576
0,0.034934257769535
0,0.0350418289379862
0,0.0355195783224053
0,0.0357949386601602
0,0.0351816821064991
0,0.0354191919216032
0,0.0348463776601672
0,0.035745126331872
0,0.0035320510398188
0,0.0105718818793927
0,0.0357611474292088
0,0.0161402128493891
0,0.0354703409233383
0,0.0348960296043515
0,0.0351005775777009
0,0.035653797518293
0,0.0353848648951783
0,0.0352459942174149
0,0.0222022638834992
0,0.013452939136883
0,0.0353429260530769
0,0.035075102751876
0,0.0349190232095291
0,0.0351741800277901
0,0.0353448343051755
0,0.0358296082937266
0,0.0350458507016063
0,0.0098506189765422
0,0.0356547903757142
0,0.0379896144314973
0,0.0352610995633394
0,0.0358471701303668
0,0.0355393723534484
0,0.0348048054988443
0,0.0349779232551366
0,0.033796163882551
0,0.0350014363496009
0,0.0122433527021589
0,0.0358578698261353
0,0.0356876488928694
0,0.03478128002932
0,0.0347549372612894
0,0.034835382893129
0,0.0101660661240281
0,0.0021656630522792
0,0.0358176474759059
0,0.0350115781859317
0,0.0356206831504239
0,0.0116370462091234
0,0.012862663714458
0,0.0028543248655427
0,0.0352071153445615
0,0.0342360639455763
0,0.035770489040322
0,0.0358687384719512
0,0.0191603226060441
0,0.0114135176124331
0,0.0357811866646764
0,0.0160106354076106
0,0.0032557831796997
0,0.0349063317302843
0,0.035779297763894
0,0.0094894221489869
0,0.0222019447639466
0,0.0166091910095373
0,0.0014464687143649
0,0.0132228486240617
0,0.034905271033389
0,0.0348228331067228
0,0.0124565409623055
0,0.0049137096535453
0,0.0333278529305672
0,0.0349582020490313
0,0.004005183122825
0,0.0348002363406831
0,0.0350663369565637
0,0.0352896072978925
0,0.0356863046658792
0,0.0277801350386129
0,0.0358407510399068
0,0.0358121649620472
0,0.0358878026722901
0,0.0358565910757086
0,0.0347876474036179
0,0.0356929173636954
0,0.0187250429962938
0,0.0142738160259561
0,0.0349584463062834
0,0.0349048345025866
0,0.0356735554268625
0,0.0221647928527712
0,0.0227713185072501
0,0.0336251236336697
0,0.0354975722607024
0,0.0351777567628808
0,0.0356063745455434
0,0.0356224701119318
0,0.0010953191148662
0,0.0019414169779109
0,0.0358372128294657
0,0.013383640821218
0,0.0347925534192935
0,0.0014202273827812
0,0.0357986071152242
0,0.0350408716159286
0,0.0358667798385825
0,0.0351827794291562
0,0.0355165849622862
0,0.0174714729444054
0,0.0181178147574442
0,0.0220891126266868
0,0.0347949911969748
0,0.0055753136640825
0,0.0236998569580683
0,0.0347797522989046
0,0.0347800978655541
0,0.0255997618088398
0,0.0353259364014842
0,0.0358028288419155
0,0.0154316731781529
0,0.2017959440768876
0,0.0350361009272052
0,0.0348815092313614
0,0.0355257473333618
0,0.0136517898435713
0,0.1316752122775923
0,0.0268847145341789
0,0.0100405313768403
0,0.0348449717476005
0,0.0015759909452567
0,0.0358447720336344
0,0.0356143528165302
0,0.0243712079711161
0,0.0356107762783164
0,0.01751068722193
0,0.0351510027623886
0,0.0350176162871592
0,0.0348924287132724
0,0.0349107903156024
0,0.0358411939586643
0,0.0354668686389111
0,0.0252648152785895
0,0.2686045002932481
0,0.0147690177403558
0,0.0315269140615159
0,0.0325172137802325
0,0.0356874094631603
0,0.0350269817916476
0,0.5399315895806789
0,0.0358478150849537
0,0.0131030442843983
0,0.0053209579339315
0,0.0243546009835721
0,0.0009722100451933
0,0.0347800151246977
0,0.0352174945480311
0,0.0353970948509783
0,0.0357389032641907
0,0.0357133106261356
0,0.0328624828045419
0,0.0348316505931671
0,0.0348284702244981
0,0.034870469517424
0,0.0358629966632549
0,0.0269155505186252
0,0.0351247148902117
0,0.0037185558004072
0,0.028060822169462
0,0.034786951484612
0,0.0179911112413626
0,0.0341828498416748
0,0.0355672934067956
0,0.0085930477077682
0,0.0343346057652664
0,0.035875302604292
0,0.034901846075943
0,0.0356778035065106
0,0.0348810480950775
0,0.0352153472795155
0,0.0358679846423855
0,0.0350601765125973
0,0.0348428335545197
0,0.0356228800212501
0,0.0356313251940232
0,0.0358013589847509
0,0.0357568702691138
0,0.0348736672778132
0,0.0478375392164618
0,0.0217834963764565
0,0.0203176742753368
0,0.0349148564322658
0,0.0033719614960949
0,0.0357475185352585
0,0.034889953458854
0,0.0354947032888205
0,0.0358238039185812
0,0.0190547329160429
0,0.4947891096316361
0,0.0349831615017051
0,0.0355570092284315
0,0.0358347630042669
0,0.0358579056696461
0,0.0136729517248176
0,0.0349199742984666
0,0.03478198064958
0,0.0358676206085229
0,0.0355030087152736
0,0.0352473991220318
0,0.0347806668097171
0,0.0222164902482266
0,0.035873193966927
0,0.0350828054141652
0,0.0348946091676912
0,0.007864807926564
0,0.0357758940510987
0,0.0350334900239063
0,0.0344135777572725
0,0.0348554183701468
0,0.035132836027977
0,0.0351421060400203
0,0.0355650287186131
0,0.0340476308380874
0,0.034857212029612
0,0.0349243822304856
0,0.0340205802138427
0,0.0350004191822387
0,0.02403106715392
0,0.0290547024387944
0,0.0351359465074436
0,0.0351634797535149
0,0.0348927654919099
0,0.0356072151415903
0,0.0348645578411348
0,0.0348088956641693
0,0.0350800851960745
0,0.0350725701790471
0,0.0348251608480415
0,0.0352793824857595
0,0.0192047640057964
0,0.0358403799878485
0,0.0357848394394738
0,0.0152345532900621
0,0.0319963319997224
0,0.0353509719400192
0,0.0356777640535378
0,0.0356410684390153
0,0.0349761099050204
0,0.0011825223344096
0,0.0348889716116088
0,0.0358665853361605
0,0.0021469706442952
0,0.0356713248104919
0,0.0348800350941729
0,0.0356074469872136
0,0.0029192668944201
0,0.0349783095902592
0,0.0268336966424981
0,0.0348765528055407
0,0.0357651088487294
0,0.0241379422967849
0,0.0150789827420366
0,0.0357905307614226
0,0.0358679038362061
0,0.0358016824157325
0,0.0358299344704176
0,0.0350123871225575
0,0.0357980989281305
0,0.0352057904998782
0,0.0247882520963887
0,0.0358426658306626
0,0.0268913142336722
0,0.0352954934519364
0,0.0358065335841137
0,0.035171348578186
0,0.035588229038271
0,0.0262403477557259
0,0.0348115528147381
0,0.0348258037240229
0,0.0348574078377558
0,0.0087119350300046
0,0.0355285579881352
0,0.0351633465769528
0,0.0356022518684
0,0.0160436137151912
0,0.0357954451559123
0,0.0224342800745764
0,0.0074819808058364
0,0.0354639380187462
0,0.0209923763471196
0,0.0224402206092769
0,0.0305044657558899
0,0.0357904918286593
0,0.0124856249939524
0,0.0318851347116256
0,0.0174637562312865
0,0.034883540867993
0,0.035147630773469
0,0.0350029802983635
0,0.0034750693226977
0,0.0353894340081257
0,0.0350400313450152
0,0.0135289525491989
0,0.0102795087438654
0,0.0357954626753762
0,0.0025430089120368
0,0.0357369793980533
0,0.0349330314901027
0,0.0357289932799839
0,0.0349944173375174
0,0.0358419806866803
0,0.0348713271078799
0,0.0349324085731065
0,0.0357739477845995
0,0.0323400347731148
0,0.0348497774762565
0,0.0355049894689434
0,0.0080316800665269
0,0.0149053618194705
0,0.034984639609531
0,0.0348654567872907
0,0.0347840974381934
0,0.0355353121957712
0,0.0350280042796436
0,0.0111467813550151
0,0.0351636390765532
0,0.0313688606280244
0,0.0355536789393006
0,0.0146084452489793
0,0.0350247626604173
0,0.0157877585907882
0,0.0330422632122867
0,0.0358868117663305
0,0.0110169359834699
0,0.0011763750978682
0,0.0094699531441617
0,0.0348156574825827
0,0.0355349736634484
0,0.034820930402233
0,0.0349102628444472
0,0.0070587181554589
0,0.0123690043467521
0,0.0089166602551334
0,0.0348885385949239
0,0.035265644277904
0,0.0076081200217443
0,0.0358425380564748
0,0.1022291047437384
0,0.0214297342810867
0,0.03507969023835
0,0.0226645762480446
0,0.0226689419553331
0,0.0348930240299553
0,0.0356285824847127
0,0.0250746170683407
0,0.0350913688111429
0,0.0352192885848855
0,0.0352730765824258
0,0.0349226569352036
0,0.0357802003011571
0,0.0355554464869884
0,0.0356722683357448
0,0.034123721743806
0,0.0349798685880354
0,0.0348473574638857
0,0.0357247611882401
0,0.0196667925162792
0,0.0356323033002414
0,0.0238007196478689
0,0.0348277699899554
0,0.0204074069029045
0,0.0349251952769349
0,0.0358528801300171
0,0.035305633903548
0,0.0337604504485552
0,0.0348931789023462
0,0.0358759272354093
0,0.0287273325205431
0,0.034916282211758
0,0.0358636159127255
0,0.0348100388298907
0,0.0358448669212133
0,0.0295828828253639
0,0.00141911221052
0,0.0354499504111157
0,0.0349888073274467
0,0.0053695172128222
0,0.015746590567901
0,0.0022262487694591
0,0.0350869107458813
0,0.0350588904473503
0,0.0351567889144524
0,0.0051283718898573
0,0.0358367609796064
0,0.0355022911015161
0,0.0062837628414405
0,0.0347862399317851
0,0.0356798782121158
0,0.0356941511253957
0,0.0040291189304344
0,0.5313661278224382
0,0.035204474404497
0,0.0356478193999367
0,0.0350815718297214
0,0.0199526934422873
0,0.0273869642447804
0,0.0351876513039417
0,0.03589126444897
0,0.0041154678099168
0,0.0357409322013082
0,0.0358477150229546
0,0.0356090464453062
0,0.0356154338903301
0,0.0348146675587756
0,0.02021517128526
0,0.0353543404487263
0,0.0348629491456779
0,0.004517044320875
0,0.0272852655035188
0,0.0711850014905876
0,0.0354446342961619
0,0.0264188471488493
0,0.0357001384730405
0,0.001858499254406
0,0.0358360532446691
0,0.0357265165642805
0,0.0352496383438407
0,0.0356926203661679
0,0.0041660864720171
0,0.0017543366533165
0,0.035143415506436
0,0.035842792999801
0,0.1716427822654624
0,0.0105029982549201
0,0.0349355767988251
0,0.0358224248236509
0,0.0142412145180364
0,0.0347155718336694
0,0.0293955408040508
0,0.0253502923236419
0,0.0349078393012657
0,0.0350345464107137
0,0.0357406541910806
0,0.0350110145298936
0,0.0295161039993904
0,0.0356048532297739
0,0.0355402020728999
0,0.0018907469846189
0,0.0354148179331693
0,0.0355567153711249
0,0.0245655629909627
0,0.0303638611850036
0,0.0358405505981965
0,0.0348385053736536
0,0.024006904127729
0,0.0096170775893858
0,0.0358395461223731
0,0.0207032641935512
0,0.0358523543471173
0,0.0190140668873675
0,0.0023260858390568
0,0.0353955768145777
0,0.0348425040225601
0,0.0348437806795046
0,0.0357110661657796
0,0.0357629309965233
0,0.0353819990023981
0,0.0201167566027304
0,0.0353680186892251
0,0.035456861926979
0,0.0149291501413321
0,0.0355626668609373
0,0.0065387990988931
0,0.034787883184078
0,0.0054006546994023
0,0.0354785754738443
0,0.0334625269091582
0,0.0356267652528492
0,0.0347822905045438
0,0.0347790169604229
0,0.035770839191391
0,0.0337032478957712
0,0.0356837013171836
0,0.0041263866370679
0,0.0357944014061926
0,0.0347842205454957
0,0.0348971817679162
0,0.0171070373939901
0,0.0069278757987223
0,0.0358795274551838
0,0.0351098153367476
0,0.0262701354850058
0,0.0107263055195643
0,0.0356779272024905
0,0.0356805444192791
0,0.0356289642973439
0,0.035318214502239
0,0.0351308653535546
0,0.0356597022464499
0,0.0347862103922945
0,0.0348172157018836
0,0.035620688612603
0,0.0015370504202743
0,0.0290452195856348
0,0.0255234228057608
0,0.0200582103929423
0,0.0357825312464575
0,0.0348007817801731
0,0.0356571008215822
0,0.0358700080406922
0,0.0357935261430468
0,0.0351759405347173
0,0.0579782348736404
0,0.0354478276796139
0,0.0355289161856183
0,0.0348863646772822
0,0.0275118682750436
0,0.0198294125761388
0,0.0348093448994591
0,0.7816458751284566
0,0.035849055733016
0,0.0226048075656397
0,0.0357305719880928
0,0.0357796240416738
0,0.031743369247527
0,0.0356389756289079
0,0.0032498841019597
0,0.0357671599309073
0,0.0317693889153468
0,0.0350650210584508
0,0.0349794295207255
0,0.0351599400416816
0,0.0353352139504994
0,0.0347832860380504
0,0.0062911105119554
0,0.0229735044685202
0,0.0211418750808259
0,0.0333050444921843
0,0.0348638703287353
0,0.0352751743243076
0,0.0294896961764004
0,0.0040588985256384
0,0.0010446628739045
0,0.035598179131563
0,0.0348955870486587
0,0.0358419337691285
0,0.0353356500921208
0,0.0017252857106684
0,0.0358166009441261
0,0.0358136681354909
0,0.0355680093301018
0,0.0348400238244673
0,0.0354421432693088
0,0.0357690428043171
0,0.015101188410669
0,0.0012743443480056
0,0.0352648834444079
0,0.0357482368581185
0,0.0348587319369809
0,0.0355842962047098
0,0.0355234580016625
0,0.0049556545435766
0,0.0348968966025538
0,0.0354442681597835
0,0.0352543176810353
0,0.0145602363170902
0,0.0351485828790276
0,0.0356128682160153
0,0.0352608100326627
0,0.035857849257432
0,0.0045642853629695
0,0.0349569265584166
0,0.0348617113311341
0,0.0357152062632638
0,0.0352617393115331
0,0.0238642895328756
0,0.0356215146102403
0,0.0085099292092066
0,0.0349694167819965
0,0.0356608272167277
0,0.0303327242369254
0,0.0351139626190438
0,0.0358375930017576
0,0.0228288877058942
0,0.0353843065392353
0,0.0358139721648825
0,0.0299486564516424
0,0.0352989353061319
0,0.034859563496783
0,0.015690713665944
0,0.0235686656709397
0,0.0217821397349102
0,0.0356509696145376
0,0.0145063475880862
0,0.0127589976849619
0,0.0351938453271149
0,0.0025984410170556
0,0.0282407349107343
0,0.0349386476083225
0,0.0358404398581529
0,0.0356891925499001
0,0.0349929858029106
0,0.0083291983017539
0,0.0351938853228285
0,0.0358077049341826
0,0.0358366579611224
0,0.0358658850755119
0,0.0292569293366728
0,0.0349930886433754
0,0.0347833001389411
0,0.0171454056882422
0,0.0226582069881787
0,0.0348172262996184
0,0.0356074363826255
0,0.0348574046633298
0,0.0179292900495992
0,0.0356724063049506
0,0.0095373684937227
0,0.0165239120080816
0,0.0348620531642413
0,0.0256076999992335
0,0.0355100740711729
0,0.035009808156043
0,0.0352991292824984
0,0.0357855481555987
0,0.014092849211016
0,0.0355594663422724
0,0.0357756647293957
0,0.0358038282481016
0,0.0355917180386428
0,0.0349699638809944
0,0.003776967796302
0,0.0085948381260074
0,0.0321156785209214
0,0.0352233598212443
0,0.0348128316580212
0,0.0298958815077166
0,0.021990578075098
0,0.0115046554220861
0,0.0355696223037544
0,0.0352426170851513
0,0.034999527690727
0,0.0349718755396896
0,0.0352054563066316
0,0.0353198466124657
0,0.0358622687559161
0,0.0179931736514019
0,0.0352072021827272
0,0.0091731642278599
0,0.0348806873459121
0,0.0350859982886358
0,0.0358424990131407
0,0.0514993449490673
0,0.0107718009665703
0,0.0352298105524062
0,0.0307945443152131
0,0.0031068312714924
0,0.0356098769831946
0,0.0091291806110456
0,0.023470821058028
0,0.0349575892782587
0,0.0242584727699952
0,0.0278310937053675
0,0.0349286724738071
0,0.0327453234609974
0,0.0213858681970177
0,0.0351297107241039
0,0.0353647707230823
0,0.0349695015975475
0,0.0132233270502738
0,0.3778939542793306
0,0.0349812185311656
0,0.0072853749723795
0,0.1169087964828515
0,0.0351582538384296
0,0.0023754106206705
0,0.0353250912333065
0,0.0052704385468434
0,0.0227036123431494
0,0.0351045597623941
0,0.0348659795442363
0,0.0336612084570636
0,0.0347652797911817
0,0.0024966022216114
0,0.0245391746597797
0,0.0348278302679291
0,0.0352196131429385
0,0.034824650131448
0,0.0097682553129135
0,0.0353295671453535
0,0.0356305166267236
0,0.0337653101770918
0,0.0349283573881005
0,0.0357727499587329
0,0.0348364023207124
0,0.0352517522658357
0,0.0030287146821152
0,0.0356753147858451
0,0.0350857871258203
0,0.0284285773562529
0,0.0355114133499625
0,0.0358327124152138
0,0.0248020781815466
0,0.0358045792280706
0,0.0018397557796075
0,0.0348413305909127
0,0.0249202467618269
0,0.0357252716109724
0,0.0048246941531937
0,0.0348816377363132
0,0.0352212695391211
0,0.0358098310019507
0,0.0354025372897742
0,0.0351858534241613
0,0.0048225507702236
0,0.0347845770743567
0,0.0192647511633694
0,0.0349266337644628
0,0.0353630452278948
0,0.0350478275433573
0,0.0355628303918286
0,0.0348006258000516
0,0.028795623141022
0,0.0357884140026771
0,0.0352414342731384
0,0.0294119626711675
0,0.0348933967523283
0,0.0350256478128456
0,0.0349220366311054
0,0.0358302764809104
0,0.0258742773253972
0,0.0013604300162901
0,0.0355463759925359
0,0.0355460824754562
0,0.0357608312265203
0,0.0349576941784744
0,0.0354103902997816
0,0.0352184359780713
0,0.0358479860705988
0,0.035505023675946
0,0.0393042595521712
0,0.0348173479833278
0,0.0349324682914881
0,0.0356160770254364
0,0.0358695213222812
0,0.0350088235782938
0,0.002740263811106
0,0.0348632102519432
0,0.0358228569971207
0,0.0354197075565019
0,0.0356473493748654
0,0.001263531588577
0,0.021660518989772
0,0.148265001585427
0,0.0105820153814598
0,0.0261054965805136
0,0.0144231532954446
0,0.0353204934539138
0,0.011007394717763
0,0.0289303766955909
0,0.0347650267613202
0,0.0358027481548615
0,0.0208358945074167
0,0.0358467571630141
0,0.0254508742131687
0,0.0350774011074773
0,0.014141498021927
0,0.0357758940510987
0,0.0348831857388549
0,0.0065809108350568
0,0.0353349773102929
0,0.001813745743504
0,0.0356173048613824
0,0.0099285390821255
0,0.0351438455821464
0,0.0348855216625958
0,0.0355786178929826
0,0.0352927240433877
0,0.020160130070156
0,0.0348249040522698
0,0.0356142039243579
0,0.0356654020362599
0,0.0605906723757679
0,0.0350530055304333
0,0.0021493116233292
0,0.0358513604555654
0,0.0358485198578581
0,0.0349651219448399
0,0.034988764844213
0,0.0357074523469301
0,0.0117122627699724
0,0.0348797372141116
0,0.0184358140534056
0,0.0313009746241749
0,0.0354798335699796
0,0.0042258206356682
0,0.0356678611292485
0,0.0348729654186758
0,0.0348283376541283
0,0.0348516186213147
0,0.0348096545100029
0,0.035865232732258
0,0.0329890960857165
0,0.0065502617877972
0,0.0355487070176739
0,0.0353201178651528
0,0.0348112445371031
0,0.0358288763758414
0,0.035456861926979
0,0.0350678379007052
0,0.0330189383467344
0,0.0290498018121564
0,0.0347970396079143
0,0.8755833412796734
0,0.0337350736371135
0,0.0348440143437817
0,0.0358506930365001
0,0.0356948387691551
0,0.0349373531953968
0,0.0384903862526081
0,0.0226767551432038
0,0.0261455805410621
0,0.0355209108137871
0,0.0350255181606914
0,0.0358212007876984
0,0.0356690516096412
0,0.0350318905733325
0,0.034996213395693
0,0.0353568225966895
0,0.0197800035671663
0,0.0351869287599436
0,0.0357991824248415
0,0.0318403202584383
0,0.0357367270294238
0,0.0106070506779488
0,0.0166117781945388
0,0.0350652537304756
0,0.0358215549553236
0,0.0349996213781422
0,0.0350768773606782
0,0.03481406448255
0,0.0077567493802378
0,0.0353716472933373
0,0.0331846170687237
0,0.0330554837771865
0,0.0091195013423002
0,0.0351828429319495
0,0.035854669003542
0,0.2453947592716823
0,0.0358284742130909
0,0.0122388327911684
0,0.0305923060113224
0,0.0358045557080572
0,0.0351061059959479
0,0.0339957804255425
0,0.0257604552846052
0,0.0358448434712414
0,0.03497883956502
0,0.0030342388617728
0,0.0151579380178432
0,0.034798331572273
0,0.0062446465195703
0,0.0026146978678794
0,0.0102791447651241
0,0.0358670681023966
0,0.0209638601141704
0,0.0355523145687742
0,0.0358479199837919
0,0.0020257732489734
0,0.016823822718932
0,0.0353984531137528
0,0.0349850975375584
0,0.0348867192753991
0,0.0316947749096385
0,0.0075252010699388
0,0.0347710020450279
0,0.0348947808838378
0,0.0356312658538172
0,0.0356917750254821
0,0.0105159725141676
0,0.0358460934782883
0,0.0358750959847725
0,0.0184244013236569
0,0.0355336542292147
0,0.0348736120973822
0,0.0356066473696872
0,0.0294001834166279
0,0.0358082343356855
0,0.0349540609472953
0,0.033495197021496
0,0.0511855447493316
0,0.0356096738728392
0,0.0268383340394773
0,0.0353906066408981
0,0.0349927241953878
0,0.0357777489524924
0,0.0356402367529565
0,0.0358352015979443
0,0.0353762381140653
0,0.0348892224786169
0,0.0037287172329105
0,0.004948534118471
0,0.0355440664532973
0,0.028389376072592
0,0.0356973809576556
0,0.0353412098992308
0,0.0113651544362989
0,0.0354891103379779
0,0.0351157337247342
0,0.0355813642135399
0,0.0354552362522949
0,0.0348667210950194
0,0.0320567228064248
0,0.0073327370061368
0,0.0348689734189123
0,0.0357378205015112
0,0.0347242775168968
0,0.0357751661839778
0,0.0354675544218943
0,0.0351363670357686
0,0.0349556528399735
0,0.0355054953375384
0,0.0351051728180186
0,0.0084411355590553
0,0.0343620168744486
0,0.0351680339150414
0,0.0166698683182048
0,0.0139369519178306
0,0.0358395767723141
0,0.0163821319502882
0,0.0348026878825854
0,0.0349713839230646
0,0.0228573662986834
0,0.0163113856607589
0,0.0354074850502562
0,0.0356554426905783
0,0.0339572873040218
0,0.0355274019856288
0,0.0351044476613916
0,0.1049012906209661
0,0.0349469875446955
0,0.0353326457248715
0,0.0018548036767581
0,0.0357862097431263
0,0.0350017515873917
0,0.0018607661298065
0,0.0358348008358247
0,0.0348367755721758
0,0.0022156106169099
0,0.0352375093414846
0,0.0354323441022342
0,0.0317162996059487
0,0.0232180812623475
0,0.0348238309686765
0,0.0086199727231492
0,0.0348008644739048
0,0.0355876831161907
0,0.0358739699902851
0,0.0358173750469314
0,0.034988624487539
0,0.2698311677860742
0,0.03570925006115
0,0.0199535878035668
0,0.0574948908530613
0,0.2212400841978444
0,0.053119871253723
0,0.0355153739777086
0,0.0262211384951466
0,0.0355511701620249
0,0.0357657380168965
0,0.034595589077074
0,0.0347843647443599
0,0.0226556377167814
0,0.0342738957801202
0,0.0098727074259164
0,0.0349406503977069
0,0.0356929869035802
0,0.0358537268791705
0,0.0274272226616072
0,0.0356061205415862
0,0.0350626081611988
0,0.0089792093316847
0,0.0311806304121949
0,0.0357137422722926
0,0.0357611850077666
0,0.0347826201606821
0,0.024317611680015
0,0.0352442725569058
0,0.0358033660763579
0,0.0347854329908899
0,0.0349254968566182
0,0.0348570390576628
0,0.0355578693501181
0,0.0128841937977521
0,0.0348813532104464
0,0.0147572596640264
0,0.0122219176777503
0,0.035733887677389
0,0.0355196340339239
0,0.0337792879050048
0,0.0277349439344487
0,0.0224552196594686
0,0.0351443738947456
0,0.0086880746992402
0,0.0056601024845544
0,0.0351265142426857
0,0.008349794799437
0,0.0137644747778371
0,0.026313973360451
0,0.0351040790874602
0,0.0108181152490176
0,0.0356826173688786
0,0.0357857120400697
0,0.035211243447016
0,0.0359264361884195
0,0.010952226739733
0,0.0354890609087142
0,0.0353349983950525
0,0.0076158153776495
0,0.0319002436896154
0,0.035529883224987
0,0.0356545418122011
0,0.0356136342165023
0,0.035809677303012
0,0.0033023475055114
0,0.0351988375334122
0,0.0349724882315743
0,0.035822149807459
0,0.0349551790736677
0,0.0358133340296071
0,0.0349862616031267
0,0.0356817878535362
0,0.0349897936022331
0,0.0353465484690362
0,0.0347929953380381
0,0.0347724742340079
0,0.0323060537004312
0,0.0354847856755182
0,0.0350585940023263
0,0.0348042445999893
0,0.035766501431184
0,0.035079983608752
0,0.0344077363024777
0,0.0348686931287085
0,0.030937559080559
0,0.035843525884466
0,0.0347926919530966
0,0.0038164819422151
0,0.0191595157934623
0,0.0347804053832914
0,0.0117082239582032
0,0.0358269069927125
0,0.0354555196115201
0,0.0211167786901184
0,0.0138992425481276
0,0.0239610834870007
0,0.0348058343130605
0,0.012164260759069
0,0.0354049281135679
0,0.0357445975462629
0,0.0348053781208148
0,0.0305975699544046
0,0.0355352318931705
0,0.0348142984136165
0,0.0350951291284587
0,0.0347863890024711
0,0.0348146675587756
0,0.0692606344909802
0,0.035178755707288
0,0.0357289485716062
0,0.0251501116365738
0,0.0061425124861894
0,0.0357967626263459
0,0.0192730757267781
0,0.0188402123571893
0,0.0358508871080684
0,0.0348013159791532
0,0.0093506317789673
0,0.0137256958215638
0,0.0350986446484624
0,0.0247386743814236
0,0.0248082351772218
0,0.0351853445494882
0,0.0119245716708871
0,0.0356686790549021
0,0.0358150837936715
0,0.0234701294371233
0,0.0357983770415859
0,0.0347671497630077
0,0.0083675283354742
0,0.0233130105124325
0,0.0358495060483756
0,0.0298097745509826
0,0.0104943486397808
0,0.0200667838406002
0,0.035786820616076
0,0.0348056573184281
0,0.0348504982880188
0,0.0350527140049971
0,0.0355975932436871
0,0.0357123246373462
0,0.0348657957354793
0,0.0039654183006683
0,0.0352606763118011
0,0.0356063994448208
0,0.0347992415088515
0,0.0046136341426665
0,0.035791517293338
0,0.0306259718996477
0,0.0142321665081711
0,0.0348557476290315
0,0.0355814115071036
0,0.0303488736261017
0,0.0356381862766505
0,0.034792954781132
0,0.0329390676243956
0,0.0348646923447517
0,0.0348099989320044
0,0.5352301013611552
0,0.0198526509317773
0,0.0347044562004331
0,0.0348353377382266
0,0.030980271761656
0,0.0226655442164599
0,0.0347986345082034
0,0.0347846508225029
0,0.0347998393711588
0,0.0357863657620522
0,0.0349541661379093
0,0.0355425986512636
0,0.0349162723003022
0,0.0349808547045851
0,0.01177637442344
0,0.0228963029010129
0,0.0356661180366623
0,0.026583679769263
0,0.0354866002435358
0,0.0133120524439012
0,0.0159321331694732
0,0.0161124565117392
0,0.0358163162105757
0,0.0356077327218134
0,0.0277020551189356
0,0.0358219239525672
0,0.0296360243171494
0,0.0358654920727582
0,0.0352976272321632
0,0.0348339189446205
0,0.0349569600813633
0,0.0355562004111446
0,0.0173936385287295
0,0.0348037500656862
0,0.035232272197029
0,0.034886239751879
0,0.0358929684738115
0,0.0357566201446688
0,0.0352037965021832
0,0.0351446828634859
0,0.035395505023662
0,0.0352615260838991
0,0.0357503872848421
0,0.0351988375334122
0,0.0019662662257429
0,0.0356490076767509
0,0.0352098090168022
0,0.0356181254871521
0,0.01678482665402
0,0.0145181765319824
0,0.0357145519660764
0,0.0348582568688496
0,0.0351763811047915
0,0.035857512537245
0,0.0352189542904936
0,0.0140651684601518
0,0.0118007230877946
0,0.0053473590252589
0,0.0333550538868935
0,0.0357326932652379
0,0.0347900078936726
0,0.1256713610090332
0,0.0356960060788287
0,0.03514245120919
0,0.0067939526366751
0,0.0350664632846007
0,0.0324358346705464
0,0.035588466513709
0,0.0050477373608121
0,0.0348337553217765
0,0.035471533882465
0,0.0356817255529672
0,0.035799309509362
0,0.0151292573115084
0,0.1193265258315695
0,0.0356587289733106
0,0.0283284636132782
0,0.0009707961545863
0,0.0248565495950904
0,0.0353012534156214
0,0.035856056092194
0,0.0355300098453441
0,0.0348169296236125
0,0.0046907755859874
0,0.0125845443814506
0,0.0325856595158923
0,0.0358857346052499
0,0.0348475020477805
0,0.0339684975936057
0,0.0188633448405623
0,0.035278968805747
0,0.035620169085044
0,0.0354236846319674
0,0.0351601336615004
0,0.0357097045058212
0,0.0217951677595929
0,0.0117063619242644
0,0.0044693474086244
0,0.0056842088451189
0,0.0348018309965743
0,0.0348179377853995
0,0.0356482987171561
0,0.0356031094695079
0,0.0356428887001249
0,0.0357313908184149
0,0.0357640453911106
0,0.0350051234896192
0,0.0354137628930853
0,0.0063656020109426
0,0.0356238634355522
0,0.0358705759249712
0,0.0330472558684421
0,0.0358051876984251
0,0.0357844816739997
0,0.0349766240162535
0,0.0348145291086363
0,0.0268056630684129
0,0.0337649666214057
0,0.0358022083560846
0,0.0353051960610656
0,0.0352950971118164
0,0.0355815888667497
0,0.0351046025685711
0,0.0347845824475982
0,0.0294507980507086
0,0.0352738037682681
0,0.0284158232940554
0,0.035232554748458
0,0.0356073283127398
0,0.0351766896653871
0,0.0357428322202837
0,0.0356090592527592
0,0.03566248469157
0,0.0348881974598396
0,0.0353972925920708
0,0.0351400320264067
0,0.695149083129953
0,0.0354053312970686
0,0.0711295810340684
0,0.0177863583216726
0,0.0146685372923002
0,0.0137107305445753
0,0.0351660253085936
0,0.035165676497838
0,0.0353769151280003
0,0.0351536235886115
0,0.0161709477635416
0,0.0358149073221091
0,0.0183255739818701
0,0.0357074248598296
0,0.0140695343171246
0,0.0012963261037925
0,0.035271428449298
0,0.0112784287479303
0,0.0358471886165358
0,0.0358579404787324
0,0.0093482857526286
0,0.0132946163280062
0,0.0194241405742938
0,0.0249032261786589
0,0.0227083324039017
0,0.0060396129248771
0,0.0012331368915948
0,0.0353349983950525
0,0.0349777345223695
0,0.0329337530248663
0,0.0268793382168802
0,0.0306626295221528
0,0.0070161915281563
0,0.3389538152237711
0,0.0027329915036999
0,0.0356994061455376
0,0.0209649486934312
0,0.0351326108498172
0,0.0347946663269191
0,0.0355118840811893
0,0.0353860833355249
0,0.0357471165773378
0,0.0357545996479352
0,0.0350837990675125
0,0.0356392511266699
0,0.0348086842309085
0,0.0358506372058859
0,0.0350376445136013
0,0.0265446761055384
0,0.016400909653738
0,0.0352572219766587
0,0.0351613237863678
0,0.0354488433969149
0,0.0349156216654714
0,0.6061531874148978
0,0.0177154073806498
0,0.0358186440782854
0,0.0353513475848394
0,0.035716784578937
0,0.0349839937912558
0,0.034918331856449
0,0.003081186785854
0,0.0357244816338983
0,0.0358566966670443
0,0.0347882095095566
0,0.0263072137889505
0,0.0353486221044426
0,0.0208443872383734
0,0.0173298883872145
0,0.0347855399989755
0,0.0026557350594686
0,0.3910554879182133
0,0.0097132904900492
0,0.0019343833822307
0,0.0055587549963758
0,0.0347821022078259
0,0.0358215537549567
0,0.0036711809784198
0,0.0355322389694439
0,0.0106902252068535
0,0.0356499351723178
0,0.0312743617106602
0,0.0356915007519357
0,0.0351794092081325
0,0.0303993614439608
0,0.0114923816822005
0,0.0356073588798629
0,0.0356457253114607
0,0.075126138203097
0,0.0353560499248821
0,0.0029397845689699
0,0.0355393013982067
0,0.0352732632772947
0,0.0354441341916629
0,0.035547224605704
0,0.0356457010366198
0,0.0347800920870509
0,0.035055363516195
0,0.0319204590365272
0,0.0356088987365097
0,0.0347949769461203
0,0.0347914835007794
0,0.0349159545989925
0,0.0240643389513856
0,0.0041743447340195
0,0.0248717718659674
0,0.0018591792412488
0,0.0357398331636648
0,0.0351349258696873
0,0.0118336770492367
0,0.0348538493642026
0,0.0353847310642551
0,0.035077643387242
0,0.0353769151280003
0,0.0350142555111914
0,0.0352193519395678
0,0.0351042123366999
0,0.0356418364798496
0,0.0345055275659772
0,0.0229072330841897
0,0.0348245098041385
0,0.0348047315558481
0,0.0348628985903111
0,0.0351439500689309
0,0.0349756649712785
0,0.0198163423833522
0,0.0117345697840278
0,0.0668008478776195
0,0.0349851263911045
0,0.035037232608038
0,0.0004859683476371
0,0.0348316505931671
0,0.0166403304426304
0,0.035308642776384
0,0.0320960205664351
0,0.035515288245259
0,0.0355432824321809
0,0.0348316767975033
0,0.0211587906500314
0,0.0358692145997299
0,0.011988897636942
0,0.0265196558968779
0,0.001877606266029
0,0.0351346005588283
0,0.0100270831929851
0,0.0356362409772884
0,0.0016837984291354
0,0.0234848403132076
0,0.0105875703526507
0,0.035266592184503
0,0.0348825093149007
0,0.0358882962605781
0,0.0036549035549521
0,0.035248205382071
0,0.0353453315367686
0,0.0043782981379787
0,0.0352340533679488
0,0.0347863987764853
0,0.0358670483902624
0,0.0358238864935534
0,0.0356220940867926
0,0.4398920856038894
0,0.035095818215241
0,0.0334423370648091
0,0.035684258156234
0,0.0357585423974688
0,0.0264784067466894
0,0.0358115340669297
0,0.0349355871419913
0,0.0358749580435737
0,0.0130242802287401
0,0.0348967919796932
0,0.0369887151216312
0,0.034928764429109
0,0.0068263537423419
0,0.0355624378388241
0,0.0350235404418505
0,0.0348880084098939
0,0.0039519390925481
0,0.0261086772039654
0,0.0351044381831324
0,0.0358392833752661
0,0.0348065994280214
0,0.0338431397663637
0,0.0086940569008078
0,0.0344756597798357
0,0.035854750744988
0,0.0358416659780781
0,0.0357727564735664
0,0.0349760297193764
0,0.0349545071808591
0,0.0356020276608423
0,0.0349928095398599
0,0.0350367602518357
0,0.0347663725319632
0,0.0282522934580377
0,0.0356668327100053
0,0.0352782795073442
0,0.0358634844396632
0,0.0359018271752618
0,0.0357232878579003
0,0.0351205199730374
0,0.0189957480802079
0,0.0354679411463409
0,0.0352501416003329
0,0.0356373836091552
0,0.0054428318048322
0,0.0350103728573108
0,0.0348077682413646
0,0.0356469277147672
0,0.0016487825851399
0,0.0352297346130877
0,0.0354610886114003
0,0.0069886602003973
0,0.0092256337756181
0,0.0358527695271231
0,0.0311068443892334
0,0.0131693799736827
0,0.0027916429791336
0,0.0209198917561279
0,0.0352379390438918
0,0.0170072608712344
0,0.0351553479545368
0,0.035843497302401
0,0.0352684760157745
0,0.0348289683317607
0,0.0352760157361055
0,0.0343898082444218
0,0.0358652278490895
0,0.0015511121898054
0,0.0356247191514653
0,0.0356773779554522
0,0.0349096529239583
0,0.0351420143067594
0,0.0353937753428333
0,0.0152154037351263
0,0.0347833391458212
0,0.0355242819918341
0,0.0356086894337139
0,0.0358530248307444
0,0.0356140214322375
0,0.0226980601739412
0,0.0352097266147174
0,0.0275548809556696
0,0.0353603179362546
0,0.0310935465059825
0,0.0016059013731512
0,0.0349107903156024
0,0.0890950993359339
0,0.0338931053579594
0,0.0358301035852593
0,0.0136864664595444
0,0.0097517772271001
0,0.0348918484018664
0,0.0357189158418639
0,0.0354931247482
0,0.0167835947557656
0,0.0350840402188676
0,0.0349732447015041
0,0.034835387154962
0,0.0357503863394531
0,0.018772641882404
0,0.0354134990214141
0,0.0351482174408064
0,0.0086134885551708
0,0.0356001457526722
0,0.0357086601685345
0,0.0217126784428679
0,0.0548879578739266
0,0.0348518631381522
0,0.03539978474937
0,0.0351242908963538
0,0.0354140537731329
0,0.0348958645957349
0,0.0198623732130804
0,0.0357563192890866
0,0.0349839383104631
0,0.0172133894281201
0,0.0355283357418614
0,0.0358720289482643
0,0.0356689433031981
0,0.0205709125957508
0,0.0358056789068037
0,0.035452894817999
0,0.0358558106224381
0,0.0348005563216085
0,0.0008836438310817
0,0.035227173127653
0,0.0121589806246952
0,0.0348867098865596
0,0.0230289749526822
0,0.0147740167562434
0,0.035414935571966
0,0.0351369806061032
0,0.0348365085041339
0,0.0141534656002912
0,0.0348186705801652
0,0.0183213089531128
0,0.0093643095172552
0,0.0349315168071052
0,0.0356162768713199
0,0.0354720852899653
0,0.0127147847388527
0,0.0348150492426308
0,0.0094086620618127
0,0.006378927110758
0,0.0243495420049165
0,0.0178680244911792
0,0.0061185772895723
0,0.0349656289854282
0,0.0019377632286538
0,0.0355065703298162
0,0.0358538800524609
0,0.0353262190903163
0,0.0349347977423888
0,0.0354947969258578
0,0.0347798205031756
0,0.0358154680794205
0,0.0348556955996865
0,0.0150594415058911
0,0.0356127894697202
0,0.0353674130923223
0,0.0154744372670875
0,0.0358259819148475
0,0.0350693806424443
0,0.0352759433766737
0,0.0349536310773835
0,0.0358662800342224
0,0.0162681033398862
0,0.0145919379857022
0,0.0347951987447942
0,0.0478403761602734
0,0.0355463759925359
0,0.0357595119802427
0,0.0353178593495969
0,0.035641747817109
0,0.0356474703215842
0,0.0353448001959229
0,0.0354742100914294
0,0.0352906074637538
0,0.0105132226263543
0,0.0348297812226989
0,0.034883532955977
0,0.0100807324031598
0,0.0347804706535398
0,0.0123703194689541
0,0.0353310450290133
0,0.0348596926408296
0,0.034781456513312
0,0.0241953388012591
0,0.4814903076647608
0,0.0356925219167406
0,0.0348004978948289
0,0.0347711548649878
0,0.0348032361427205
0,0.0354661705520895
0,0.0230269672517722
0,0.0171086965408089
0,0.01828500921883
0,0.0358490354764155
0,0.0348830072042124
0,0.0061207568020554
0,0.0341014360895358
0,0.035858205678504
0,0.0358557648196626
0,0.0357268122042528
0,0.0351256351808899
0,0.0348013682219574
0,0.0349811056501653
0,0.030010064093924
0,0.0351592304297687
0,0.0102172456776941
0,0.0356625861870382
0,0.0355987526303915
0,0.035843726616869
0,0.035802966892063
0,0.0362082658345787
0,0.0242709443409025
0,0.0356651975012966
0,0.0353222366488237
0,0.0053616175297725
0,0.0348162818524323
0,0.0351898605658398
0,0.0342265096235147
0,0.0347628318952551
0,0.0358437334123671
0,0.03584575659801
0,0.0358717820567982
0,0.00950460621491
0,0.0356750721842051
0,0.019534369082062
0,0.0277562065817829
0,0.0322316461191073
0,0.0287706321090897
0,0.035328300914085
0,0.0358302250202995
0,0.0354300332740104
0,0.0356123714306211
0,0.0018164066824383
0,0.0357863781462238
0,0.0347607586120531
0,0.0352691303013053
0,0.0351910856271033
0,0.0057837428514729
0,0.0254869036846367
0,0.0358804380694886
0,0.0099860842250753
0,0.0356510147139885
0,0.0091742324483833
0,0.0355383265455862
0,0.0321724556672503
0,0.0292050689817647
0,0.0266031955595301
0,0.0355904311168658
0,0.0282763354097448
0,0.0345540035654416
0,0.0149466117435541
0,0.0347823961449998
0,0.0349699964376012
0,0.0347986421501974
0,0.0330038306810823
0,0.0110622519391944
0,0.0356704238724349
0,0.0352893107265651
0,0.0174196733702104
0,0.010331242125677
0,0.0297165975902993
0,0.0358791431274011
0,0.0014469177320218
0,0.0662303671378058
0,0.0124853368526671
0,0.0040509384131298
0,0.0323971697348073
0,0.0358514582417181
0,0.0354862773772359
0,0.1890911133749317
0,0.0347720847963018
0,0.0252050574489218
0,0.0352581786027877
0,0.035002119674867
0,0.0354754427570231
0,0.0348199241435826
0,0.0357046567008842
0,0.035353024972456
0,0.0349010290250266
0,0.0319179103729797
0,0.0347827398535488
0,0.0357665113149164
0,0.0033974000069419
0,0.0348245993985952
0,0.0353154611153364
0,0.0347914608025844
0,0.0357967857665086
0,0.0171083833797572
0,0.0331403759392523
0,0.0078132089220859
0,0.0053743415662917
0,0.0150696137045183
0,0.0349044159224135
0,0.0380821682062429
0,0.0357838142198525
0,0.1372495495713111
0,0.0348279509314653
0,0.035802297948151
0,0.0114365901235069
0,0.0333080540881174
0,0.013201217049431
0,0.0358534112135727
0,0.0356034459644834
0,0.0358233655689976
0,0.1657257473257858
0,0.0355579509480076
0,0.0056451536199713
0,0.0054233451302346
0,0.035399490108224
0,0.0348319925129447
0,0.0358584561311167
0,0.0348831013901467
0,0.0353415168338122
0,0.0356337604435587
0,0.0251537013028597
0,0.013146247871856
0,0.035850943007334
0,0.0094996154698907
0,0.0183235361618828
0,0.0273239452420182
0,0.0347853565467592
0,0.015913458267562
0,0.0353015713564583
0,0.034880562876098
0,0.0039076911352408
0,0.034785241396872
0,0.0351039302959327
0,0.0347842205454957
0,0.0356132264639956
0,0.0305184119684619
0,0.0358478177708443
0,0.0349383096922969
0,0.0348843518584725
0,0.0357403773823954
0,0.0353135138082442
0,0.0352851914011871
0,0.0203109963030203
0,0.0358579137503874
0,0.0358633547529592
0,0.0358711214931142
0,0.0348200992896641
0,0.0348408968474928
0,0.0353650996579126
0,0.0357516862838752
0,0.0081792252187469
0,0.0304631796108545
0,0.0350689127773604
0,0.035806908246371
0,0.035321840812047
0,0.0064798100657375
0,0.0348944323608136
0,0.0348784536281913
0,0.0079512783739125
0,0.0318176477692925
0,0.03482410036893
0,0.0583382455070041
0,0.034781393677822
0,0.0357593588912983
0,0.0357490045635588
0,0.0357815271740659
0,0.0279690876977636
0,0.0355896107779699
0,0.0347903031817512
0,0.0351069991638705
0,0.005360403975585
0,0.034797234963829
0,0.0354867740382934
0,0.03509551024398
0,0.0347805613742202
0,0.0316082927602164
0,0.0005171099419381
0,0.0348906068906692
0,0.035527284412955
0,0.035934828056735
0,0.0358144048423481
0,0.0172507405063333
0,0.0356942499213943
0,0.0358497578452869
0,0.0358573333780296
0,0.0358386022032921
0,0.0350904513945916
0,0.0348348942337304
0,0.035467227603793
0,0.0350010589271976
0,0.035702065869406
0,0.0356778821143915
0,0.0347804780672574
0,0.0348058642035739
0,0.0173166247840042
0,0.0354867740382934
0,0.0353970948509783
0,0.0352398399690521
0,0.0348303093560867
0,0.0352058708015403
0,0.0310016904442523
0,0.0194399712444254
0,0.0347789289451924
0,0.0347641312818054
0,0.0351115355163061
0,0.0356608322051524
0,0.0357520376649013
0,0.0357931127855921
0,0.0347818065220504
0,0.0335772679390624
0,0.0335964089680827
0,0.0353906229321284
0,0.0357582540700216
0,0.0094066994133099
0,0.035742379898119
0,0.0355581330462717
0,0.0090534733791172
0,0.0338901443073329
0,0.0350361895103891
0,0.035496639748262
0,0.0358408201177228
0,0.0348766194142938
0,0.0358866274020331
0,0.0352562725240735
0,0.0234537426372987
0,0.0347748132267471
0,0.0352683941118939
0,0.0345576417192019
0,0.0348480669182072
0,0.0228292470352602
0,0.0358676788267329
0,0.0354441118255793
0,0.0351098153367476
0,0.0348720000604508
0,0.0199353293031898
0,0.035832457795686
0,0.0358852562598107
0,0.0328060540358457
0,0.0347884546662256
0,0.0162483040695822
0,0.0358628959043456
0,0.002959554175933
0,0.03530410164295
0,0.0360455811366298
0,0.0357797739092531
0,0.0357238555222671
0,0.0287165477312359
0,0.035682971427712
0,0.0358422784907764
0,0.0356192161488311
0,0.0348126875563066
0,0.0062726510704202
0,0.0355729969479006
0,0.0105981741987273
0,0.0356378089717804
0,0.0358723098268509
0,0.0356132910458949
0,0.0348300256126943
0,0.0140784421773246
0,0.0348341506528158
0,0.0234186525007512
0,0.0356766479332295
0,0.0358662410416258
0,0.0305387342999103
0,0.0347819914772248
0,0.0357422091635669
0,0.0348813222127988
0,0.0350796175986062
0,0.0347952885766576
0,0.0146748731879369
0,0.032242207986009
0,0.0154469342553304
0,0.0357263853092307
0,0.0348691506562051
0,0.0350428123900023
0,0.0355791047881816
0,0.0100846617047923
0,0.0357248265374848
0,0.0356575281924691
0,0.031848264340234
0,0.0070217547595132
0,0.0353985432365983
0,0.0354037102153009
0,0.0160307285601378
0,0.0352475282024912
0,0.0355193703917548
0,0.034791957835374
0,0.0357179513459182
0,0.0357507402120959
0,0.0110799230805144
0,0.0278835816228589
0,0.0347965001040355
0,0.0326705334493275
0,0.0357956139643843
0,0.0148254870095491
0,0.0356568168741089
0,0.0270861002766893
0,0.0357390773733967
0,0.0349270813928763
0,0.0159038602327988
0,0.0120966956512606
0,0.035115796442935
0,0.0253987219731882
0,0.0016363771671691
0,0.0348514525643293
0,0.0357413819394496
0,0.0358752446938883
0,0.0356570824112424
0,0.0082248468650433
0,0.025118378981545
0,0.035658197115815
0,0.0227219941162863
0,0.0348513737736448
0,0.0355958423265929
0,0.0352441054495282
0,0.0355985550719887
0,0.0358508616674772
0,0.0198063538051418
0,0.0207326458336458
0,0.0352320192512807
0,0.0347879736632266
0,0.0297812960549561
0,0.034826427197375
0,0.0357029020620468
0,0.0008051453167617
0,0.0355057285628799
0,0.0357986784371651
0,0.0411153126480448
0,0.0356860076598994
0,0.0059354164499861
0,0.0178890218863107
0,0.0352839379167758
0,0.0356606830740911
0,0.0348934567652328
0,0.0350765070252776
0,0.0290864970555574
0,0.0354695810825439
0,0.0308551800201304
0,0.0358241149874143
0,0.0353528855928592
0,0.0349875370097515
0,0.035832171686228
0,0.013662157980436
0,0.0348720461843118
0,0.0356413988372393
0,0.0356093032980831
0,0.0356386105992612
0,0.0142542000356392
0,0.0254118633535021
0,0.0156376669469351
0,0.0354060741656051
0,0.0348504353708617
0,0.0144093636204281
0,0.0221791281372984
0,0.0319773500560009
0,0.0345066512634088
0,0.0349133625979867
0,0.0358281899308781
0,0.1814806048475739
0,0.0354569636157376
0,0.0355306834833292
0,0.0357438703240362
0,0.035267112924877
0,0.0349895527223875
0,0.0357580394960478
0,0.014025563030241
0,0.0351124298827939
0,0.0355858916861756
0,0.0337055634837669
0,0.018860253587401
0,0.0347949863534975
0,0.0357794913157099
0,0.0349602248793765
0,0.0260785235903531
0,0.007979962457771
0,0.0124778135409612
0,0.0353324547494124
0,0.0205965966495622
0,0.0271328379420182
0,0.0355582287397924
0,0.0349377276351609
0,0.0157462323861866
0,0.0348219585227418
0,0.0352033818773777
0,0.0331425787537695
0,0.034910830388329
0,0.0351617338106417
0,0.0355761124594324
0,0.0358022937057772
0,0.0347801046634767
0,0.0348939102114437
0,0.0348558158330212
0,0.0212532155894888
0,0.0351365590635169
0,0.0065862043167373
0,0.0130833018059703
0,0.0354644172564451
0,0.0287397024765847
0,0.0348475575020797
0,0.0348155359016272
0,0.035062145896122
0,0.0355969543944403
0,0.0035022053872435
0,0.0034083730529035
0,0.0357757113411187
0,0.0349083876975653
0,0.0340912294000454
0,0.0352501628103084
0,0.0351684066583271
0,0.0260351530003469
0,0.9312685202978428
0,0.0355645282034381
0,0.0352990999757904
0,0.0349861288856892
0,0.0276141690915405
0,0.0348206015501304
0,0.0358375500356948
0,0.035837545279055
0,0.0348200072943253
0,0.0117522573315033
0,0.004413118712893
0,0.0347634411789778
0,0.0358377898043757
0,0.0348110527670819
0,0.0356352442409295
0,0.0002540172427099
0,0.013633937524631
0,0.0343482526134734
0,0.015103612740949
0,0.035746932534091
0,0.0153557754068458
0,0.0089193640226658
0,0.0351488749898724
0,0.0342763874314146
0,0.0017982087727474
0,0.0352550260843439
0,0.0357683147426216
0,0.0680372637939401
0,0.0358543213516709
0,0.0132807616436582
0,0.0347694321020585
0,0.0356112467104214
0,0.0182535081301144
0,0.0107054376990879
0,0.0352723032906826
0,0.0356483039709452
0,0.7185592095708718
0,0.0081045952812891
0,0.0056714578367708
0,0.0350227574582749
0,0.0140105014607652
0,0.0349023852818768
0,0.0356204733821335
0,0.0353349101825399
0,0.0156857076477292
0,0.0303764262574244
0,0.0259981643051263
0,0.0187945106229057
0,0.0256391990101521
0,0.0352633871866627
0,0.0338457045179702
0,0.0347828833887087
0,0.015706082363879
0,0.0304431368056777
0,0.0355424970882415
0,0.0347940687470005
0,0.0356995635647218
0,0.001702158227769
0,0.0355036954447005
0,0.0349239289242434
0,0.0327041234592016
0,0.0170334638984263
0,0.0347907682819606
0,0.034916431992991
0,0.0354525035285539
0,0.0398292249677036
0,0.0267704904374943
0,0.0466082114676631
0,0.0245417756581273
0,0.0354107552840467
0,0.0358352458292285
0,0.0349313798418465
0,0.0302055493316711
0,0.0347845667415563
0,0.0135598315323457
0,0.0349766493457008
0,0.0354726351730482
0,0.010336206119323
0,0.0174336949706009
0,0.0358377680803378
0,0.0356413520590933
0,0.0286305849922234
0,0.0139349469141184
0,0.0332428844263908
0,0.0356164001293455
0,0.035367552172316
0,0.0222327575333665
0,0.0355831832278179
0,0.0358113911687741
0,0.0358562158045672
0,0.0006436329007633
0,0.0354569636157376
0,0.0357863144382337
0,0.018777844591518
0,0.0358600605637457
0,0.0356707070642514
0,0.0348106573324971
0,0.0196575506827733
0,0.0012795113304349
0,0.0355273434568784
0,0.0352364250156261
0,0.0358405981096292
0,0.0350082466742731
0,0.0348392324191972
0,0.0349128723665125
0,0.0358568897659573
0,0.0348231870500979
0,0.012719868003197
0,0.0358331562456026
0,0.0136229476869594
0,0.0354374849029929
0,0.0357736706395905
0,0.0327784537846261
0,0.0358658511227839
0,0.0358803278493677
0,0.0351086865197617
0,0.0289082183460398
0,0.041003523596598
0,0.0330302284934101
0,0.035749390428354
0,0.0261797387796631
0,0.0133897397765103
0,0.0348835696407889
0,0.0359002177047178
0,0.0352036016396222
0,0.0355885335709072
0,0.0240393992178095
0,0.0030758815132685
0,0.035852290398671
0,0.0349267978290773
0,0.042929027406624
0,0.2359329885522207
0,0.0300827899552221
0,0.0356223652113982
0,0.0060231153663405
0,0.0353588404501424
0,0.0152506262086055
0,0.6467722119429276
0,0.2204713146383492
0,0.0254081034974428
0,0.0348971520150198
0,0.0358520861676522
0,0.0009585606661297
0,0.03536668082536
0,0.0082293500380829
0,0.0358657473499856
0,0.0083069410853484
0,0.0048852144990844
0,0.0358571907189385
0,0.0358110149341231
0,0.0357109829233082
0,0.0189275194117773
0,0.0097703319007598
0,0.0356213905191821
0,0.028673854228602
0,0.035730220552495
0,0.0335989098376845
0,0.011137822563494
0,0.0356263685018396
0,0.0347906780279898
0,0.0355494527698061
0,0.0348138377206745
0,0.0130518898715742
0,0.0348258037240229
0,0.034956492379328
0,0.0094347034670445
0,0.032154642580557
0,0.0094685955846711
0,0.035159775074938
0,0.0348318225172999
0,0.0346238638441995
0,0.0350554004513723
0,0.0203408508892291
0,0.0350589421785839
0,0.034832820032825
0,0.0342802599523581
0,0.0347795382745573
0,0.0036516544417939
0,0.0343810044187066
0,0.010377435196627
0,0.034831955259649
0,0.0347862103922945
0,0.0353608441606876
0,0.0116728127989688
0,0.0357323770174239
0,0.035742420121418
0,0.0352814507889165
0,0.0347984721724475
0,0.0351209865611719
0,0.0300064911532386
0,0.0356512441486821
0,0.035571842468368
0,0.0060609008406332
0,0.0348503902087838
0,0.0123511874826714
0,0.035649613933649
0,0.0348391362094374
0,0.0356161791288098
0,0.0045849055082782
0,0.033474044745221
0,0.0199522152234557
0,0.0352439364946535
0,0.0074592170703962
0,0.0358348465022696
0,0.0350169993971994
0,0.0346836636845831
0,0.034783310285584
0,0.0348941498181187
0,0.0348571013641891
0,0.0349847071016433
0,0.0275897088630835
0,0.0348766036257446
0,0.0247588767707316
0,0.00498670721234
0,0.0109781470572008
0,0.0320732452681992
0,0.0208259098308679
0,0.0354514102126799
0,0.0348706496068014
0,0.0350869607333645
0,0.0352535182986206
0,0.0351384067387523
0,0.0357125231576285
0,0.0350187291956956
0,0.5095433522415158
0,0.0018672341515343
0,0.0275400456559358
0,0.0079151751789015
0,0.0348668014492051
0,0.0358527232576343
0,0.0012249847845502
0,0.0347950590891052
0,0.0357996660067758
0,0.0342443835236354
0,0.0347830801186929
0,0.03501657998091
0,0.034922716859791
0,0.0348135976662027
0,0.0351741168696082
0,0.0199843728323109
0,0.0357998899992071
0,0.0348914488096481
0,0.0348968992067317
0,0.0358076311600437
0,0.0350191860868393
0,0.0358808997562238
0,0.0349036059266139
0,0.0011880505611541
0,0.0113958482456418
0,0.0358851238162587
0,0.0353853381404599
0,0.0350920990984735
0,0.0149395322079023
0,0.0023481331915778
0,0.0356690919416089
0,0.0347992889809324
0,0.0344852113878853
0,0.0356547091641947
0,0.0098677027240955
0,0.035783726383732
0,0.0348048195134628
0,0.0260100280804447
0,0.0069778910453129
0,0.0348591981799594
0,0.035722869300077
0,0.0218461588936978
0,0.034968878943145
0,0.0664247653075615
0,0.0349541678257038
0,0.0356366450925316
0,0.0352464217988676
0,0.0348133109999377
0,0.0156821588820201
0,0.0431960264814782
0,0.0356828478557951
0,0.0094816543273572
0,0.0136282305750911
0,0.0351273694046155
0,0.0135713667966329
0,0.0348558994697527
0,0.0222629384630457
0,0.0348120064551874
0,0.0356251044219333
0,0.0352440129085381
0,0.0165516856250117
0,0.0349548333511972
0,0.0307163999072826
0,0.0357390932118026
0,0.026175747318452
0,0.0358741584981633
0,0.0353375570527209
0,0.0348923060489661
0,0.0351627380195125
0,0.0358327591458216
0,0.03582592182516
0,0.0347878637323467
0,0.0349575009867455
0,0.0357620368305601
0,0.0348221588612101
0,0.0045252087893334
0,0.0021485476190217
0,0.0357247316740386
0,0.013054861485012
0,0.0048236838015426
0,0.0349326036732772
0,0.0238444999769087
0,0.0356689415710302
0,0.0354303363101376
0,0.0356324845862
0,0.0353953694222798
0,0.0041851512304861
0,0.0358144856585393
0,0.0351060272338063
0,0.0183237821160937
0,0.0351445895887077
0,0.0036455624107
0,0.0168413126411475
0,0.0358758481960046
0,0.0350162740641187
0,0.0197739678278005
0,0.0054570717696705
0,0.0356700738805787
0,0.0349592858864176
0,0.0349515354504528
0,0.0331338305285277
0,0.016838853211381
0,0.0350849736165644
0,0.030909295743786
0,0.0358081341983049
0,0.0354137628930853
0,0.0064744704451801
0,0.0336687260674465
0,0.0350188950309614
0,0.4447966313132002
0,0.0246600441593477
0,0.0347894211139157
0,0.035799113855856
0,0.035620561092152
0,0.0304231157970965
0,0.024533435432826
0,0.0350628649257908
0,0.0349474312292942
0,0.0015402564070555
0,0.0347916580012021
0,0.0353214416991616
0,0.0181791958240624
0,0.0083109003192888
0,0.0347864969771978
0,0.0012805226006487
0,0.0358501751298974
0,0.034931532638939
0,0.0035361357030618
0,0.0304298210713013
0,0.0087849641910035
0,0.0071676619479607
0,0.0267834694563696
0,0.035583146224844
0,0.0348086710746142
0,0.0125098610761226
0,0.0309145245163557
0,0.0358274286698865
0,0.0178363722677352
0,0.0348866389147933
0,0.0347849178832656
0,0.013699797721884
0,0.00158525134366
0,0.0139102478521711
0,0.0357040633270272
0,0.0350726926500217
0,0.0347896614150401
0,0.0358551079937699
0,0.0348128255787551
0,0.0357495832114555
0,0.0133048708052091
0,0.0080795908418714
0,0.1005804083815829
0,0.0354296840281935
0,0.033371776331971
0,0.0350734298528589
0,0.0124403768868055
0,0.0354615543877205
0,0.0350465852941159
0,0.0357508954372839
0,0.0063381881043659
0,0.0356532400083245
0,0.0356965067277738
0,0.0352072021827272
0,0.0350846973792291
0,0.0358459954708266
0,0.0356008795544713
0,0.0178861013236493
0,0.0356110310844636
0,0.0349244592320926
0,0.0355568750477927
0,0.0325113224040231
0,0.0358263681327239
0,0.0358178648255196
0,0.0358344910403774
0,0.0349592565569942
0,0.0338308923601103
0,0.0063032587241387
0,0.0356393567829118
0,0.0347912489482624
0,0.0111250670280662
0,0.0348943165507255
0,0.0354555484026524
0,0.0357206256666383
0,0.0347360281071468
0,0.0353280824145689
0,0.0358461716460114
0,0.0112765659103246
0,0.0186942426713563
0,0.0357166080564481
0,0.0348050841683369
0,0.0348881302173837
0,0.0358522779419135
0,0.0351904854492055
0,0.1228385594390308
0,0.0047626895492723
0,0.005590569862122
0,0.0182812063001467
0,0.0348322721170089
0,0.0024012563740337
0,0.0358680370915443
0,0.0570812803208677
0,0.0207028801208416
0,0.000707580448123
0,0.0350512691817443
0,0.0348745763198867
0,0.0350401789908532
0,0.0262649002588804
0,0.0335976497042867
0,0.0353838903353069
0,0.0348066574689524
0,0.0353776522751001
0,0.0028232953552215
0,0.0338262028019644
0,0.0349196596305571
0,0.0300758504148337
0,0.0101185985899741
0,0.0358391789760146
0,0.0347822445659636
0,0.0349747072484183
0,0.0085793908067283
0,0.0357734381067057
0,0.0190950531781548
0,0.0442466397041945
0,0.0353979081045931
0,0.0349185211355434
0,0.033845778868159
0,0.035446621270598
0,0.0357765779644235
0,0.0347822050550716
0,0.0357309662097792
0,0.009764725537321
0,0.0358340973416738
0,0.0205417378407119
0,0.0355624378388241
0,0.0012338451367985
0,0.0357622922004321
0,0.0358131064779307
0,0.0358445368757927
0,0.0350188863722909
0,0.0358205934331206
0,0.0126456636783781
0,0.0356093782253309
0,0.0268981451518564
0,0.0298906795520896
0,0.0358516691752092
0,0.0353787544096033
0,0.0058695942859931
0,0.024489641804911
0,0.0358433681409987
0,0.0352768048721907
0,0.0349423953876205
0,0.035831846673036
0,0.0356237865922417
0,0.0349057071027858
0,0.0353870772483694
0,0.0354158771220123
0,0.0349881286189439
0,0.0888733525176715
0,0.1117478578431358
0,0.0352375977904408
0,0.0356484630127812
0,0.0354853878144779
0,0.033991899289194
0,0.0349182337002702
0,0.0313089914154228
0,0.0358114988437552
0,0.0319828325024772
0,0.0175910995326266
0,0.0347896225008115
0,0.0243577750428456
0,0.0358736466376959
0,0.0352179242138584
0,0.0014244730056151
0,0.532696344298158
0,0.0327553362187684
0,0.0101660661240281
0,0.0356825277556105
0,0.0355562004111446
0,0.0152118353591049
0,0.03518147352683
0,0.0104587401361361
0,0.0349173920434914
0,0.0226522166906162
0,0.0353449082053334
0,0.0298950085866125
0,0.0353511788381976
0,0.0347512172467703
0,0.0349567620006479
0,0.0192145207508358
0,0.0349640642970293
0,0.0046736391787997
0,0.0347999034346484
0,0.0347709377438929
0,0.0350793810247406
0,0.1095584500916179
0,0.0048786684111337
0,0.0348675288345603
0,0.035877538773013
0,0.0347591588375912
0,0.0356628716057777
0,0.0348704758603846
0,0.0353392328247495
0,0.0358396317857566
0,0.1863687014840837
0,0.0357816097440906
0,0.0147690177403558
0,0.0348162399501968
0,0.034902869307265
0,0.0109151219938316
0,0.0349994704107238
0,0.0357602642798203
0,0.035127426047077
0,0.0351236675326193
0,0.0315981925188386
0,0.5557717954047421
0,0.0347698820452006
0,0.1363419763620341
0,0.0354955156507855
0,0.035391019513801
0,0.0358375085817945
0,0.0356473248759769
0,0.0354213740886055
0,0.0356437986794952
0,0.0357784539662878
0,0.0354229838804712
0,0.0351867588141627
0,0.0351106493807124
0,0.0148286138449794
0,0.0350386304214573
0,0.0204138727728976
0,0.0357356608854021
0,0.0347831832092271
0,0.0358632669722261
0,0.0205169850112882
0,0.0355464865138082
0,0.0316426269413026
0,0.034983001345953
0,0.0356148997891322
0,0.035879852480778
0,0.0352447294877211
0,0.030175523085549
0,0.0358259301332048
0,0.0352961934747987
0,0.057080752654632
0,0.0356535617797095
0,0.0351152877158298
0,0.0353786342906282
0,0.0353081428884628
0,0.0349071506253735
0,0.0281864930931145
0,0.0356127057801188
0,0.0356006740192169
0,0.0357025554885395
0,0.0357590859109375
0,0.0348052248130671
0,0.0356718425500566
0,0.0352828435583603
0,0.3908801426210631
0,0.0352696371073635
0,0.0355542281843828
0,0.0327139452107025
0,0.035850835846363
0,0.0292141701300021
0,0.0349497182798863
0,0.0348104207085232
0,0.0045647005576651
0,0.0314827194189102
0,0.0350884330349976
0,0.0351688026720772
0,0.0357774489442534
0,0.0356839396848719
0,0.0067467827717343
0,0.0356601633722987
0,0.005037271160862
0,0.0351295493733745
0,0.0357266716461095
0,0.0351712886205748
0,0.0358579784395067
0,0.0104707181623106
0,0.0353422177545386
0,0.0356660390738632
0,0.0348233211633362
0,0.0338233236945427
0,0.035839314599323
0,0.0347950535977109
0,0.0176010856837088
0,0.0185883769267934
0,0.0350549782129152
0,0.0125980635525397
0,0.0350005481719099
0,0.0348223852369345
0,0.0358522532628409
0,0.1165286154111387
0,0.0348312957471277
0,0.0355805798445414
0,0.0352289799738064
0,0.0355740905148564
0,0.0210449680899242
0,0.0334304955473231
0,0.0358464221656494
0,0.0013686009696064
0,0.0047312123145803
0,0.0348583007814526
0,0.0350961310165092
0,0.0353012534156214
0,0.0352628396012867
0,0.035259105420111
0,0.031939467867855
0,0.0357364682472704
0,0.0198123273728152
0,0.0348784393415986
0,0.0160592708612651
0,0.0245061215084536
0,0.0354020890186466
0,0.0351110635002901
0,0.0025098833013727
0,0.5334937169616338
0,0.0349239289242434
0,0.0358579089222019
0,0.034786082535305
0,0.0135099290586898
0,0.0053993917720351
0,0.0251776026965462
0,0.0348373291314863
0,0.0350904513945916
0,0.034859976333243
0,0.0355846852708274
0,0.0343013227086646
0,0.0353889241676032
0,0.0357702648447225
0,0.0357305496774705
0,0.0358840375018124
0,0.0354825664843091
0,0.0357130742405752
0,0.0024994425962899
0,0.0285066448032638
0,0.0358447734853441
0,0.0349781804480727
0,0.0334892176774053
0,0.0351761122889175
0,0.035738016374925
0,0.0352079985976593
0,0.0252922203771004
0,0.0357002287838588
0,0.0030295802364608
0,0.0292763925399345
0,0.0356280677641877
0,0.0347849407561746
0,0.0154641843186111
0,0.0357899622109542
0,0.0351449907409859
0,0.0350274217064619
0,0.0357082877039722
0,0.019759010555908
0,0.0144942648295422
0,0.004676721620785
0,0.0347916350545446
0,0.0347871609138131
0,0.0353300781979564
0,0.0357973227863931
0,0.0103600627048252
0,0.0175981380791595
0,0.0357250765253684
0,0.0208111688537927
0,0.030377921464517
0,0.035687587592979
0,0.0356191702912562
0,0.0358283325837616
0,0.0350692213561197
0,0.0358581145861148
0,0.0284776324117946
0,0.0062402988510073
0,0.0349018159787023
0,0.0358287214100965
0,0.0351181863839286
0,0.0115850253042128
0,0.013437254612074
0,0.0349599926349691
0,0.035349039428297
0,0.0356321710579476
0,0.0357462581835254
0,0.0350200790162625
0,0.0050528273887457
0,0.0357015549832501
0,0.0350153207430851
0,0.0348748534899205
0,0.035830629254434
0,0.0357031784520699
0,0.024558385476748
0,0.0348655018843982
0,0.035278968805747
0,0.0266195313581761
0,0.0348048195134628
0,0.0358198105284218
0,0.0043837274921714
0,0.0093373000625143
0,0.0245207538056798
0,0.0358032794121558
0,0.0348440997748198
0,0.0352906470290974
0,0.020256779335004
0,0.0358447768545371
0,0.0354587501365168
0,0.022191598744556
0,0.0347649445634094
0,0.0163162643173916
0,0.0358504082567288
0,0.0354972111529733
0,0.0173715565074551
0,0.0356819962226026
0,0.035321847618578
0,0.0357599873395231
0,0.0358811251717199
0,0.0349838896329975
0,0.035732332579983
0,0.0114923816822005
0,0.0353943451456367
0,0.0353108930580747
0,0.0357882060100107
0,0.012316891378171
0,0.0357639929564081
0,0.026867904152643
0,0.034894386678638
0,0.0112415869353898
0,0.2163106996548757
0,0.0110636005473695
0,0.0358551397230734
0,0.0352370737675006
0,0.0353455287291411
0,0.0348706091833262
0,0.023627064624708
0,0.035122900125353
0,0.0352928731042332
0,0.0096859603374891
0,0.0002233520458114
0,0.0356574547840706
0,0.035684258156234
0,0.0349671994455104
0,0.0137613172657573
0,0.0350942528761594
0,0.0188648091216424
0,0.0348109073893631
0,0.023520650867114
0,0.0353505586401656
0,0.0177893503288845
0,0.1614110208355846
0,0.00428307556101
0,0.0062813073447673
0,0.1338126836579232
0,0.0358833969755357
0,0.0357489206295986
0,0.0349916562610179
0,0.0357137585386109
0,0.0356996311392887
0,0.0357804052753352
0,0.0451136484667809
0,0.0075712803461599
0,0.0352204492186694
0,0.0352410292868642
0,0.0113925125101274
0,0.0043935945161363
0,0.0348057987465111
0,0.0358493440872128
0,0.0740186793993188
0,0.0351457331393947
0,0.0354229058004261
0,0.0356557488712624
0,0.0351355922931738
0,0.0690116222050977
0,0.0347914035323684
0,0.0356733201089369
0,0.0351592245985574
0,0.0355554189935803
0,0.0165938330874172
0,0.0041345666935436
0,0.016728297955766
0,0.0003869767248499
0,0.0353685272836809
0,0.0349655374948045
0,0.0356561453332705
0,0.0031173813063762
0,0.0353673465899411
0,0.0356410353086307
0,0.0357234064565247
0,0.0348336679480514
0,0.0356074907348439
0,0.0196225276775412
0,0.0358473135779331
0,0.0353019279162036
0,0.0353216915197801
0,0.0352189717998663
0,0.0239154651110125
0,0.0168753419172401
0,0.0350961310165092
0,0.0222941399280126
0,0.0356129513288069
0,0.0355754920400063
0,0.0358071588096972
0,0.0356217562977899
0,0.0354303845411013
0,0.0353467962838568
0,0.0356507842863282
0,0.0352293903022763
0,0.0356468426293234
0,0.0277625193043657
0,0.0354920896787772
0,0.0349817539778964
0,0.0176935852067922
0,0.0200801411409003
0,0.0356477005424455
0,0.0351126757765462
0,0.0133495022774847
0,0.0351566347610532
0,0.0354631867531174
0,0.0349803464679567
0,0.0350497207305133
0,0.0348922560006333
0,0.0312453285494999
0,0.0348546313834839
0,0.0354608038388317
0,0.0349861288856892
0,0.0358079647609734
0,0.0356129690232867
0,0.03534903388283
0,0.0052306359927456
0,0.0350344806981882
0,0.0149312024987473
0,0.0203022705421063
0,0.0125523841158091
0,0.0358007605396131
0,0.035279119235963
0,0.0254858825013519
0,0.0138504190784066
0,0.0348363923350603
0,0.1045484923338486
0,0.0244961495633345
0,0.0348295497091938
0,0.0349939609654534
0,0.0348883648308965
0,0.0354685159287203
0,0.0353754750555522
0,0.0353262550552926
0,0.0348968992067317
0,0.0353030636555682
0,0.0134084925606939
0,0.0034831916897953
0,0.0357951515731285
0,0.0341256046627965
0,0.0102718763485158
0,0.0227476861742548
0,0.0347801933367174
0,0.035163232550335
0,0.0353237651815517
0,0.0356086895203356
0,0.0341572992643348
0,0.0352437529577512
0,0.0352611385337624
0,0.0217229110982791
0,0.0242206397138506
0,0.0349125223863301
0,0.0135358860030233
0,0.0349377838282245
0,0.0255264927823242
0,0.0350223734450041
0,0.0356383276086765
0,0.0353448343051755
0,0.0349733440725798
0,0.0057106087756283
0,0.0347923375535395
0,0.0043716858884332
0,0.0343629912987337
0,0.0356163489381552
0,0.0354000917773475
0,0.0355674613871396
0,0.0358408377382677
0,0.0351357118775694
0,0.0348097961947015
0,0.013864703740147
0,0.0077753536605823
0,0.0347832073219644
0,0.0347941828149501
0,0.0147392962056523
0,0.0351200015893065
0,0.0283317563799256
0,0.0356798556491848
0,0.0356376204141302
0,0.0193034938248387
0,0.0351666122051444
0,0.0352995562852621
0,0.0358239616040095
0,0.0354975367281976
0,0.0351086304975447
0,0.0358280579122504
0,0.0357979298603124
0,0.0192505704545483
0,0.0357038923082569
0,0.0224148863920452
0,0.0068631965352372
0,0.0354032194656177
0,0.0120800919310774
0,0.0355392605766979
0,0.0358247388392891
0,0.0031387987786268
0,0.0353119033225256
0,0.0350778482177715
0,0.0021530468362413
0,0.0053969456651518
0,0.0355341594675578
0,0.0223938597141091
0,0.0352634136727095
0,0.0327344256818926
0,0.2759939603151027
0,0.0309410047193075
0,0.0358746806848188
0,0.0348180116432218
0,0.0352882385176398
0,0.0049851386730617
0,0.0348137985620666
0,0.0358930223247728
0,0.0357962234428398
0,0.003433077926879
0,0.0357979159119259
0,0.0352807399309099
0,0.0351234535849439
0,0.034847909991601
0,0.0355136200885606
0,0.0243671786619707
0,0.0347715994216464
0,0.0347811206732728
0,0.0482378125222104
0,0.0019270868845754
0,0.0262504714925678
0,0.0224553040486062
0,0.0356697494951426
0,0.0356432449578915
0,0.0348082779225631
0,0.019764086835831
0,0.0043447196941558
0,0.023343467680316
0,0.0256195347493486
0,0.5376607746783856
0,0.0348601922676784
0,0.0353220724885955
0,0.0347799676983518
0,0.0349113143551734
0,0.0348561578867979
0,0.0355266865297034
0,0.0331550706199815
0,0.0349550274409265
0,0.03545746349226
0,0.0288685396353868
0,0.0197783078566641
0,0.0356166928554397
0,0.0340613448335137
0,0.0316057853764495
0,0.0348764759431623
0,0.0080199380189584
0,0.034843870471528
0,0.0348069632607014
0,0.0274032523304554
0,0.0093000149668282
0,0.0349783224988928
0,0.0022534230130056
0,0.0348365250442661
0,0.0296745100782385
0,0.0263259088220383
0,0.0350354571205566
0,0.0353285018849338
0,0.0347746814088875
0,0.0354157297274699
0,0.0135514672502953
0,0.0465438978650467
0,0.0357249937986572
0,0.008751218084086
0,0.0083867071923639
0,0.0357195039715111
0,0.0231186533211049
0,0.0350023568425099
0,0.0215976985387161
0,0.0352560222040253
0,0.0350589421785839
0,0.0314071118849396
0,0.0298985869273438
0,0.034807210901027
0,0.0357500646352068
0,0.0351157761813489
0,0.0351989736627292
0,0.035277988036761
0,0.0356870829791832
0,0.0356021259645134
0,0.0348157176712174
0,0.0050213404004049
0,0.0178446335719167
0,0.0357424516963379
0,0.0349521505083679
0,0.0356517920576807
0,0.0351082447402966
0,0.0355126881735084
0,0.0356343746616793
0,0.0264853315534167
0,0.0072385646697833
0,0.0348961843304324
0,0.0337690834384409
0,0.035895077355858
0,0.0117002392358065
0,0.0351910856271033
0,0.0349384765522071
0,0.035789902634855
0,0.0350027806847465
0,0.035446666821643
0,0.0350698727184639
0,0.0412999795388885
0,0.0167046847058509
0,0.0350104864035365
0,0.034782342975485
0,0.0014852645228249
0,0.0347824009450285
0,0.0081740977920247
0,0.0358841531282861
0,0.0356385099813995
0,0.0222315721750389
0,0.0348883474909522
0,0.0111374008953848
0,0.0218739114554962
0,0.035374649204135
0,0.0330383879767904
0,0.0128754010016341
0,0.0350844225219028
0,0.0357672419382955
0,0.0345617470784907
0,0.035832644324252
0,0.034809696690592
0,0.0106810204060875
0,0.041725044965856
0,0.0348101597982499
0,0.0359066981392497
0,0.0350712978999601
0,0.0356913516692823
0,0.0352980846586567
0,0.0350568449136609
0,0.0358155507702035
0,0.035856675779568
0,0.014408172687964
0,0.0358400088256652
0,0.0348173337343897
0,0.0348858144382837
0,0.0352507197818015
0,0.0132298996122218
0,0.0104187794856672
0,0.0355172205477366
0,0.0072318209214281
0,0.0298384358617046
0,0.0159541246347769
0,0.0342823480557272
0,0.0356107313370026
0,0.0349285366408538
0,0.0347580913389709
0,0.0120617990798818
0,0.0003773489247629
0,0.0352781154341695
0,0.0350029802983635
0,0.0358069097279249
0,0.0260173949313453
0,0.0355672504351216
0,0.0353790050841543
0,0.0349027049205581
0,0.0269353811769176
0,0.0349495811407946
0,0.0051853828777497
0,0.0358467129908472
0,0.0348012098973792
0,0.0347640970384044
0,0.034855430770384
0,0.0349290409357483
0,0.0348177713094895
0,0.0315404526029477
0,0.0329270931800734
0,0.0354032194656177
0,0.0425788623320213
0,0.0348645203561731
0,0.0260324750101268
0,0.0356136471299927
0,0.0357805122978994
0,0.0168896084366745
0,0.020351983476826
0,0.0349604781647075
0,0.009480214917925
0,0.035674311333535
0,0.0348367831248422
0,0.0358361363200754
0,0.0112991953195398
0,0.0297096121259934
0,0.0086128806018736
0,0.2280194650120612
0,0.0348210453433113
0,0.0357569760350592
0,0.0221677203870988
0,0.0349949021994204
0,0.0347804644115622
0,0.0356155705082236
0,0.0358491554361912
0,0.0355806904684816
0,0.0358319123226302
0,0.032548453142162
0,0.0348011854573465
0,0.0348000920759601
0,0.0347865302115115
0,0.0356891192199205
0,0.0355586630671679
0,0.0353198466124657
0,0.0313111377638178
0,0.0354487753982405
0,0.0191595157934623
0,0.0316054848176217
0,0.035472790702442
0,0.034999279488817
0,0.035625976162307
0,0.034781543865266
0,0.0356089036571618
0,0.0281609849814037
0,0.0348934567652328
0,0.0354460888905164
0,0.0357593057058879
0,0.0105482459133562
0,0.0263203915909196
0,0.0351190264211628
0,0.0248201488564072
0,0.0117937999901277
0,0.0349653015402962
0,0.0352889093325223
0,0.0348244689159313
0,0.0111944261390241
0,0.0347829306446703
0,0.0008312140846589
0,0.0358285804653519
0,0.0215813351921174
0,0.0358343351936021
0,0.0358458249795997
0,0.0350720850872353
0,0.035822187372459
0,0.0016099490139688
0,0.0348040324662507
0,0.0348012741257373
0,0.0358003296018579
0,0.0358198338369199
0,0.0136391732079185
0,0.0358566475170687
0,0.0359143716742335
0,0.0347850446528899
0,0.0273239452420182
0,0.033499238776261
0,0.0357735344843154
0,0.03575488254017
0,0.0229145566003685
0,0.030969605893694
0,0.0353462999609445
0,0.0271353294087388
0,0.025326366885888
0,0.0155738268331577
0,0.0349078194541237
0,0.0351254071436703
0,0.0273260757700581
0,0.0358639254343772
0,0.0358364815696338
0,0.0351271651300786
0,0.0347958872696516
0,0.0357192980964278
0,0.034781163504255
0,0.0239072126220365
0,0.0457712070247339
0,0.0335046691680133
0,0.0401228770128328
0,0.0112144692742554
0,0.0192550477765636
0,0.0316121520727984
0,0.0081826377800535
0,0.0349413246905155
0,0.0352148034780355
0,0.0185112170224139
0,0.0344976580196343
0,0.0350806051034165
0,0.0358213810004181
0,0.0356155422051525
0,0.0350839105193208
0,0.0347806891064338
0,0.0356918079525043
0,0.0210818084790105
0,0.0347895660694965
0,0.0055552774964279
0,0.0347875045119559
0,0.0298662746133768
0,0.0353135074773502
0,0.1332152208527357
0,0.0348801227281646
0,0.0326142280575445
0,0.0348023037285774
0,0.0359193665320273
0,0.0357246756050885
0,0.0352627530317829
0,0.0348041636883686
0,0.0352209339702309
0,0.0348020656380377
0,0.0356419033525319
0,0.0323082800833074
0,0.0030267976269897
0,0.0351235851918204
0,0.0348257053188741
0,0.0358268468100826
0,0.0347844094866443
0,0.0314555785582236
0,0.035830935025933
0,0.0358425909561802
0,0.0141242855862605
0,0.0347795409838674
0,0.0349764546665444
0,0.0350735215741729
0,0.0350887906137603
0,0.0348322116541747
0,0.0353841742042037
0,0.0213368919625284
0,0.0253330035521722
0,0.0018913277252232
0,0.0353934793230254
0,0.0319631040647674
0,0.0358437421735668
0,0.0356168070011493
0,0.0341290692261704
0,0.0215343742597205
0,0.0120434705563455
0,0.0007161629862572
0,0.0347831256241146
0,0.0159539901438956
0,0.0356248977392886
0,0.034783434567342
0,0.0128913651127509
0,0.0353771035210866
0,0.5313661278224382
0,0.0348754045176489
0,0.0350059952759245
0,0.0348892258965947
0,0.0283460554925252
0,0.034908103380964
0,0.0527224449244315
0,0.0054731561682151
0,0.0358466705072908
0,0.0356225068436771
0,0.0347833903141544
0,0.0351807603110198
0,0.0355896831591255
0,0.0347877471892853
0,0.0070457696533823
0,0.0358452612246166
0,0.0306238065483709
0,0.0356698127509715
0,0.0353079107207347
0,0.0352557275356569
0,0.0348997328944226
0,0.0356656390330399
0,0.0358409796395937
0,0.0349041118346372
0,0.0349506245722274
0,0.0357358826216718
0,0.0357681954986844
0,0.0080498485629146
0,0.0353462391223769
0,0.0178044083561829
0,0.035805454734466
0,0.0347921714222578
0,0.0351402396416937
0,0.0352934426714281
0,0.0353619384565476
0,0.0353303733892556
0,0.0356400264779343
0,0.034793858217486
0,0.034817412074578
0,0.0348256983308481
0,0.013474662419989
0,0.0358572072512485
0,0.0357259963404998
0,0.0048004268997038
0,0.0356033081723671
0,0.0276101229449611
0,0.0294801922801443
0,0.0350730112823758
0,0.0348760761604512
0,0.0356836916118605
0,0.0204422557777436
0,0.0353573082073159
0,0.0350632512387572
0,0.0318916438569064
0,0.035527544235351
0,0.0348924287132724
0,0.0351073420403896
0,0.0354891345928414
0,0.035724058354255
0,0.0348293646536436
0,0.0348616589634062
0,0.035816458197347
0,0.0358478683971335
0,0.0011905596286004
0,0.0348917676343106
0,0.0351260052442469
0,0.0028525160864223
0,0.0238848915722682
0,0.035093623181095
0,0.0305548133728637
0,0.0348456751584557
0,0.0357579935181123
0,0.0347807388483123
0,0.0350174868743785
0,0.0347725271824532
0,0.0336544964603389
0,0.0348567705262283
0,0.0356478178841982
0,0.0314131210769992
0,0.0141169894785598
0,0.0350710074980338
0,0.0357756049439919
0,0.035699849008655
0,0.3910554879182133
0,0.0355574333177194
0,0.034074445531866
0,0.0355464211945439
0,0.0254904930873209
0,0.0358009143262453
0,0.03518217027596
0,0.0354032194656177
0,0.0355729218914059
0,0.0346383128732183
0,0.0356239661682378
0,0.0356499351723178
0,0.5349792492001337
0,0.0355948471822246
0,0.035732332579983
0,0.0352311312291293
0,0.0348474228369719
0,0.0057480890133053
0,0.0040226397514646
0,0.0352261696722619
0,0.0344701207635054
0,0.0358243829704405
0,0.0299350881188656
0,0.0353600906817211
0,0.0352868641402689
0,0.0023502529892685
0,0.0350991283506878
0,0.0348628049582482
0,0.0231424183231364
0,0.0352522299003185
0,0.0350208210956199
0,0.035756370506744
0,0.0350147898059116
0,0.0356504965842196
0,0.0358489675657955
0,0.0355221810741458
0,0.034855615470315
0,0.0353748995878517
0,0.0357107235473863
0,0.0350321698705803
0,0.0356695291937289
0,0.035680811736267
0,0.0294222136249302
0,0.0292412539426459
0,0.0163667811298449
0,0.0352695089420555
0,0.006186612726584
0,0.0351313074540385
0,0.0358048481131671
0,0.0357451186193408
0,0.0116132693129853
0,0.0348616589634062
0,0.0353668277231589
0,0.0319326465734107
0,0.035691188065385
0,0.0254583110249714
0,0.0351813680817165
0,0.0350596428050222
0,0.0347838905980063
0,0.0121562969399713
0,0.0181765815502813
0,0.0167649527547197
0,0.0655110698572119
0,0.0348715174496468
0,0.0223712754801018
0,0.0348151001981293
0,0.0337328691978672
0,0.0353795539114344
0,0.0351600905927512
0,0.0348408557385234
0,0.035667725878001
0,0.0009170844588254
0,0.0003588359869559
0,0.0321956915360855
0,0.065331100008061
0,0.030717988447196
0,0.0137690965611221
0,0.0352453207502837
0,0.0356705352065738
0,0.0357880883453236
0,0.0356079700129112
0,0.0094584511432924
0,0.0358075783532813
0,0.0358520090958046
0,0.0358726050442632
0,0.0349994704107238
0,0.0279909568213121
0,0.035190668706594
0,0.0328373442702513
0,0.0003487240979124
0,0.0163023900979887
0,0.0199032298001873
0,0.0407025383441396
0,0.0355182675001602
0,0.0358564736335481
0,0.0334040100761174
0,0.0355533163804157
0,0.0357015171906789
0,0.0289572957493834
0,0.0356562370331182
0,0.0349808888933809
0,0.0349618268671191
0,0.0349083876975653
0,0.024833328130065
0,0.0348072521537474
0,0.0027718649860739
0,0.035102939884108
0,0.0357754007554728
0,0.0287491323362079
0,0.0350208582634015
0,0.0356135020332804
0,0.035837343948497
0,0.0065472458781636
0,0.0353937529438289
0,0.0356648083772383
0,0.0355033678309361
0,0.0353216382909408
0,0.0347811510629607
0,0.0354849547326465
0,0.0298741210207457
0,0.0348391197588332
0,0.0328271139021339
0,0.0265433527246554
0,0.0347926919530966
0,0.0347909418617398
0,0.0358429053737
0,0.0358527154646914
0,0.035711702043136
0,0.0350059699932887
0,0.0205417378407119
0,0.0358528376900166
0,0.0224721987425642
0,0.0292507000162766
0,0.0357209784843184
0,0.0348064550086718
0,0.0348687474565222
0,0.0064386832997795
0,0.0351682887424152
0,0.0358117157299549
0,0.0349017507325203
0,0.0350475134810521
0,0.0344650840297783
0,0.0348947173357991
0,0.0349509973553212
0,0.0101231959084124
0,0.0349979129000516
0,0.0357957547276763
0,0.0358342106069271
0,0.0348023720583805
0,0.0357453860014757
0,0.0129988936703833
0,0.0347976609381869
0,0.0358134996532185
0,0.0347654450949093
0,0.0348232105660417
0,0.0358178528831449
0,0.0349567620006479
0,0.0072871777386759
0,0.0239803541469485
0,0.0069032887546562
0,0.0358370190582565
0,0.0348707427945498
0,0.031841600307496
0,0.019639189466204
0,0.0348941019806211
0,0.0350079774378638
0,0.0347918278053053
0,0.0348565759116804
0,0.0349196233803269
0,0.0353728846676304
0,0.0355077825839458
0,0.0059969289317054
0,0.035778997266949
0,0.0018939498554016
0,0.0353801491151708
0,0.0348427239654754
0,0.0356678611292485
0,0.0340640869858867
0,0.0177883994111256
0,0.035626094984963
0,0.034859350786565
0,0.0087487565325633
0,0.0355112334694432
0,0.0348002047742581
0,0.0098132508986302
0,0.0353076478191349
0,0.034791380373887
0,0.0150033670686706
0,0.0349428175969346
0,0.0348208218791444
0,0.0356455680682156
0,0.0347801422721449
0,0.035200802210618
0,0.0348366037123871
0,0.0358553734362284
0,0.0154730252993187
0,0.0354587696921554
0,0.0012117042108672
0,0.0212648685449477
0,0.0439954868925033
0,0.0348081283222047
0,0.0116735886187543
0,0.0451886982387452
0,0.0356729771029426
0,0.0357347588451976
0,0.0354655397195421
0,0.0349178682123967
0,0.0321369412378531
0,0.0349254442496149
0,0.0227112296110158
0,0.5403889624835903
0,0.0347863987764853
0,0.0058943916641605
0,0.0348841002409794
0,0.035838844432985
0,0.0137773254340542
0,0.0349493440267556
0,0.0233642676089967
0,0.0357540708404682
0,0.0348025993332193
0,0.0358641418856024
0,0.0149867062005329
0,0.0540464275526775
0,0.0051161072384244
0,0.0031312299728582
0,0.0354057863468738
0,0.002185391435382
0,0.0348005278227205
0,0.0335359544362436
0,0.0357082005224803
0,0.0039896561074647
0,0.0358974527534578
0,0.0355821815467682
0,0.0349347083881114
0,0.0166704400569222
0,0.016209890397806
0,0.0356543876523418
0,0.0183203233428686
0,0.035456692537791
0,0.0193426537291963
0,0.0332367153696361
0,0.0008174546760919
0,0.0355935307222342
0,0.0357934650032816
0,0.0348266621446514
0,0.0199499416460541
0,0.0356083730647478
0,0.0358672346985613
0,0.0348393823307577
0,0.0350806925864879
0,0.0482165794059211
0,0.0215362345354698
0,0.01866895710252
0,0.0088449081328687
0,0.019070654963802
0,0.0350099945787023
0,0.0354827491114283
0,0.0348897103607013
0,0.035493433800006
0,0.0321674782907236
0,0.0358463676202902
0,0.0356536304551028
0,0.0352484016365348
0,0.0354214496251524
0,0.0347831767790979
0,0.035859522605306
0,0.0358133427004684
0,0.0018998540712101
0,0.0003738043675444
0,0.0797961487376161
0,0.0354948085889072
0,0.0357014814779117
0,0.0355171774319731
0,0.0013630423678787
0,0.0345543001609052
0,0.0356501531302404
0,0.0348786176823851
0,0.0358471107963102
0,0.0224820975878285
0,0.0349383068060254
0,0.0358530721871793
0,0.0162704012178173
0,0.0353366265174594
0,0.0168871096546292
0,0.0354816054820959
0,0.0090263478650581
0,0.0358339914066852
0,0.0358226931891332
0,0.0347803037513138
0,0.0348438770205066
0,0.0007284230100142
0,0.0272141547833408
0,0.0358562814810301
0,0.0356360709043526
0,0.0233863052765471
0,0.0358776812367791
0,0.0112235479892539
0,0.0358573390302003
0,0.0354950237324553
0,0.0353963444350257
0,0.0354164201955307
0,0.0144111133608462
0,0.0153662192235595
0,0.009684387601421
0,0.034891509873254
0,0.035409981846464
0,0.01412776838252
0,0.0350457793051074
0,0.0347799098427829
0,0.0349386956519134
0,0.0357002996220433
0,0.0355659602333236
0,0.0358154583423682
0,0.0254899132215894
0,0.0249526601973177
0,0.0073186716300824
0,0.0349791096459416
0,0.0317273331791614
0,0.0161429330834853
0,0.0348488601885758
0,0.0348336233976689
0,0.035720866015904
0,0.0075743980127397
0,0.0164954937174189
0,0.5285479397641547
0,0.001146582891956
0,0.0348072309028576
0,0.0347718198931695
0,0.03476665403011
0,0.0358421561405796
0,0.0044341923753054
0,0.0106604150096055
0,0.0358648005321307
0,0.0356601633722987
0,0.0210732205708027
0,0.0347926151296848
0,0.009267638713352
0,0.0901447581881127
0,0.0340175009956449
0,0.0348465956619647
0,0.0041702214385844
0,0.0307565524813109
0,0.0357721215820785
0,0.0063581571617596
0,0.0357585669003503
0,0.0353031434581323
0,0.0358549109082707
0,0.1330822809477256
0,0.0354324959765813
0,0.0245110569604277
0,0.016948494788579
0,0.0269716937751765
0,0.0175517836587146
0,0.0358820827960164
0,0.034788890503316
0,0.0351910923022222
0,0.0333963383367144
0,0.0355955132241001
0,0.0356068023740977
0,0.030715271180958
0,0.0349779059246004
0,0.035000139752767
0,0.0348453287958954
0,0.0354157570067083
0,0.0224433384419558
0,0.0349632609120842
0,0.0012435366362202
0,0.035684258156234
0,0.0205816981901647
0,0.0347816139835453
0,0.0350864682517758
0,0.0357575140566662
0,0.035109032039006
0,0.0347538351184537
0,0.0356388167658811
0,0.034902460965369
0,0.0357240778604479
0,0.0348201618349502
0,0.0097045277743704
0,0.0350638166080472
0,0.0348231870500979
0,0.0356331900889425
0,0.0284180365009669
0,0.0356402045262873
0,0.0220106874203517
0,0.0350022844585638
0,0.0356551861101841
0,0.0358717399707967
0,0.0358344199582462
0,0.0355310735401166
0,0.0358211984872654
0,0.0353053126561659
0,0.0129021093383903
0,0.0349081810821142
0,0.0352761415081474
0,0.0358297387946046
0,0.0357754525636048
0,0.0356973333588531
0,0.0185322745124003
0,0.0182205748407479
0,0.034993705895985
0,0.0028650160753747
0,0.0117329841961191
0,0.0157127969535047
0,0.0357767945005729
0,0.034818163572014
0,0.0246714019469081
0,0.0358141602823654
0,0.0296434991953257
0,0.0354214722873196
0,0.2798914515262914
0,0.0351880807877045
0,0.0353908165312986
0,0.0358325630512545
0,0.0149919717913904
0,0.0357915885144113
0,0.0356177120244747
0,0.0349265973550467
0,0.0082644807677086
0,0.0357164109615477
0,0.0119860621353221
0,0.0206739260988463
0,0.0358319436325683
0,0.0358071116794516
0,0.0357015936666715
0,0.0124237866585735
0,0.0356632286208314
0,0.0350217117807433
0,0.0348585366870897
0,0.0621991258299369
0,0.0349716925898178
0,0.0353263277023467
0,0.0355030322118362
0,0.0349115845445448
0,0.0318232261929024
0,0.0352932193952762
0,0.0120719986220698
0,0.0358723468088041
0,0.0357311762426944
0,0.0354104373658537
0,0.013306922604611
0,0.0358654107118156
0,0.0146539952157068
0,0.0357269250423173
0,0.0354526046669712
0,0.0355397083038934
0,0.0225978570133253
0,0.0352304903468879
0,0.0347875384909706
0,0.0350321689874504
0,0.0302477943479846
0,0.0180193907538817
0,0.0243013294736622
0,0.0333308032087611
0,0.0355511676585349
0,0.0076639079929319
0,0.0352367897713715
0,0.0348333954467855
0,0.0351985623156418
0,0.0003625846902344
0,0.0338278228076451
0,0.0358582665629107
0,0.034885978748642
0,0.0189798756401003
0,0.0097561028437444
0,0.034883532955977
0,0.0349945891215358
0,0.0357007553437476
0,0.0316520997059436
0,0.0348226467765547
0,0.0234615023181493
0,0.0357105462443847
0,0.0358511149859482
0,0.0243239023506834
0,0.0286286463448331
0,0.0355580580564972
0,0.03584307525799
0,0.0353047815987541
0,0.0350320248179501
0,0.0086191739740234
0,0.016300044921861
0,0.0353630244318467
0,0.0089285088770839
0,0.0358025718587286
0,0.0331437435793101
0,0.0351494574640445
0,0.0357672992439917
0,0.0356072906390414
0,0.0048617790665949
0,0.0352178931117529
0,0.0232097800653177
0,0.0355976182010434
0,0.0348019300346926
0,0.0358316515751457
0,0.0358068970266072
0,0.1042061828012298
0,0.0358548334884471
0,0.0358501006708009
0,0.0352109664954182
0,0.0347865138350397
0,0.0136665847155009
0,0.035263526156077
0,0.0353272123097452
0,0.0348009228635276
0,0.0046173969981849
0,0.0035454866428884
0,0.0245464898694854
0,0.0355526189417169
0,0.0216357398899278
0,0.0355984293369524
0,0.0236298280449858
0,0.0348054367298275
0,0.034877344832485
0,0.0157874686368567
0,0.0120031449189327
0,0.0358308558415759
0,0.0351218625981292
0,0.0347977157142891
0,0.0066223255468489
0,0.0072750776811429
0,0.0357613739170497
0,0.0347984075889431
0,0.0336558372333633
0,0.0354879105568455
0,0.0357634678882806
0,0.0335895023365931
0,0.006852888829911
0,0.0285996553108629
0,0.0325563356708823
0,0.0358294585272795
0,0.0354322174255554
0,0.0351351116140404
0,0.0348776053276074
0,0.0356064450304508
0,0.0123067062943099
0,0.01319007612817
0,0.0093551311628294
0,0.0008582273930892
0,0.02116613233053
0,0.0359356533597059
0,0.0337191167596369
0,0.0347840974381934
0,0.0348161879523327
0,0.0166800978769316
0,0.0356832370428692
0,0.0034272454339803
0,0.0352958908821561
0,0.0295362053877126
0,0.0350712810087968
0,0.0358255012663803
0,0.034985133096916
0,0.035855097454974
0,0.0109060824037817
0,0.0042744334613695
0,0.0355924673949195
0,0.0356158314008717
0,0.0346661887466539
0,0.0176485818834054
0,0.0358152935600075
0,0.0353185514266223
0,0.0281245033719318
0,0.016665102176188
0,0.0356535130820192
0,0.0045534404407143
0,0.0348486950126845
0,0.0348077452402212
0,0.035228770833751
0,0.0349444516284904
0,0.0042687502706521
0,0.0183363393413372
0,0.0352589846614431
0,0.019550128062508
0,0.0122643883548101
0,0.0357505342276089
0,0.0109443688435585
0,0.0787440362072785
0,0.035469839614917
0,0.0343768449874166
0,0.0358088522316774
0,0.0357890126313548
0,0.0358662134138651
0,0.0349895733998924
0,0.0348060244877
0,0.0348616160697131
0,0.0352944836264748
0,0.0357754348081553
0,0.0020710276017377
0,0.0150378815798344
0,0.0211307088751817
0,0.0347859649885586
0,0.0056332315496136
0,0.0435361794379685
0,0.0647836265275876
0,0.0262864288142118
0,0.0352442545217921
0,0.0358828959379252
0,0.0359000759586803
0,0.0358421957388774
0,0.0350107566211414
0,0.0355687741263664
0,0.0183680757040063
0,0.0308135926693608
0,0.0356947622264582
0,0.0166370375553983
0,0.0350032580142982
0,0.0108815868503295
0,0.0354882212951513
0,0.0358462476309148
0,0.0322464261302745
0,0.0141107789698626
0,0.0726739852499487
0,0.0358470563761725
0,0.0207285144572865
0,0.0347736519472895
0,0.0180553920717391
0,0.0351152877158298
0,0.0348437505273947
0,0.0051910364211682
0,0.0347849407561746
0,0.0099633999805145
0,0.0358974121493236
0,0.0348687282544042
0,0.0016661316572725
0,0.0356253137059777
0,0.0178766110947427
0,0.0130224944654622
0,0.0352417248152536
0,0.0356467279061437
0,0.0152192317692409
0,0.0333308032087611
0,0.0358088994249098
0,0.0358405240146868
0,0.0348269153945159
0,0.0090598140912591
0,0.0354754427570231
0,0.030786825952009
0,0.0348188838351026
0,0.0348068076007749
0,0.0347850446528899
0,0.0016123680874405
0,0.0196656452358096
0,0.0357249756892835
0,0.0037939798246065
0,0.0358384548296279
0,0.0093307514596271
0,0.0211058868394464
0,0.0351837605442238
0,0.0356161697541146
0,0.0355099393151367
0,0.0349324085731065
0,0.0357551789183565
0,0.0355065683008177
0,0.0358773256136139
0,0.0351818837980471
0,0.0358043358110227
0,0.0123480331441022
0,0.0348060360360351
0,0.0357600937803446
0,0.0192939286097283
0,0.0250258089532915
0,0.0357154181663447
0,0.0349196110216785
0,0.0357153332514304
0,0.0348785611485688
0,0.0348749316818447
0,0.0358622573654023
0,0.0325688712927899
0,0.0353643424410574
0,0.0257759158583848
0,0.0351619794882791
0,0.0038671003743673
0,0.0347972560324514
0,0.0356449768538968
0,0.0194008134466553
0,0.0347805284338148
0,0.0046651983334848
0,0.0352158009131212
0,0.0336475234575657
0,0.0355092315985889
0,0.0346886512413997
0,0.0355473901224283
0,0.0358508098038082
0,0.0199337834240246
0,0.034875758326746
0,0.0357994655111137
0,0.0064561876153296
0,0.0357651854932918
0,0.0353347242214502
0,0.0352741785873368
0,0.0348121389153184
0,0.035792984972963
0,0.0221074678124063
0,0.0350268731670622
0,0.0348113111150879
0,0.0353556529368523
0,0.0347985317207146
0,0.0016080714324548
0,0.007391503497165
0,0.0237437621033872
0,0.0347966015303424
0,0.0358581624069458
0,0.0349939398666152
0,0.0358059823272835
0,0.0029838670092064
0,0.0357176501978274
0,0.0045392780894625
0,0.034843197574526
0,0.0357951255464932
0,0.0073751513166709
0,0.0349819476599114
0,0.0098413991191449
0,0.0358465763335829
0,0.0357690428043171
0,0.0500543864625305
0,0.0356077484404671
0,0.0358585125241213
0,0.0347993222096037
0,0.0353783244888977
0,0.0350212145512395
0,0.0347858262618967
0,0.0349637198278462
0,0.0232003630467498
0,0.0305666546866688
0,0.0358450940712032
0,0.034826427197375
0,0.0353654126965482
0,0.035082591438915
0,0.0358584654170862
0,0.0141515866164171
0,0.0273640682573883
0,0.0251904858738906
0,0.0357825324818122
0,0.035189273727825
0,0.035161981841107
0,0.0355858445512886
0,0.0137107724958128
0,0.0356837826519085
0,0.0348549206468675
0,0.0349775096554759
0,0.035128822043709
0,0.0238298152445668
0,0.0352220013501208
0,0.0334572087696489
0,0.0183391311067244
0,0.0316142740087703
0,0.0357576812323645
0,0.0357896705340848
0,0.028192667977079
0,0.0358224302223562
0,0.0257209934803295
0,0.0013727624258348
0,0.0349159628089366
0,0.0349093644145634
0,0.0091815497316918
0,0.0352846324140947
0,0.0352486710433879
0,0.0357403225745612
0,0.0352442725569058
0,0.034901965422036
0,0.0349582267511726
0,0.0347949825733678
0,0.0012846369142415
0,0.009820721036766
0,0.0356684942806947
0,0.0143511652816684
0,0.0358585585580949
0,0.0311644243953959
0,0.0358211880600451
0,0.0352382553729085
0,0.0348119365859583
0,0.0355086896320033
0,0.0357535034638028
0,0.0353918785776516
0,0.0353362852735162
0,0.0352259837103871
0,0.0347925694579269
0,0.0170122233287515
0,0.03563079056687
0,0.0251706698985798
0,0.0358125735235407
0,0.0081984691428308
0,0.008338433757228
0,0.0356114868719988
0,0.0351911791151944
0,0.0348804195978596
0,0.0328738973070627
0,0.0099749476199123
0,0.0356091975846161
0,0.0350193287784306
0,0.0133375074146816
0,0.0352254546247589
0,0.034803138188595
0,0.0163777671913464
0,0.035630706885937
0,0.033405326703427
0,0.0244434771516919
0,0.0350051612399094
0,0.0030648308460937
0,0.0430509992556605
0,0.0087901603017014
0,0.0148843000273895
0,0.0347956080149331
0,0.0047048608026107
0,0.0354146098974834
0,0.0347814691395642
0,0.0298660368361976
0,0.0349632962017159
0,0.0199486319119019
0,0.0010539194978571
0,0.0353239074000478
0,0.0192497673178823
0,0.0354701619250167
0,0.0356605839188741
0,0.035174823052773
0,0.0348573503482723
0,0.0348339189446205
0,0.0356017878145962
0,0.0351229325304129
0,0.0348008613764082
0,0.034868447013703
0,0.0030854161433492
0,0.0195697552548865
0,0.0358286731551176
0,0.0019946857697995
0,0.0348032361427205
0,0.0351741800277901
0,0.0356990898088736
0,0.013849116672397
0,0.7431878981148887
0,0.0195597723324782
0,0.0357761086869882
0,0.0358580681722367
0,0.016480553084008
0,0.0358811558964601
0,0.0351167426347449
0,0.0292285842596782
0,0.0349575996287931
0,0.0249953498081628
0,0.0354643275522176
0,0.0358373567042227
0,0.0347858758108871
0,0.0348060127779298
0,0.00576623005818
0,0.0355336595359129
0,0.0350072862943579
0,0.0358518911482472
0,0.0356230087103523
0,0.0350644145380444
0,0.0210371531996025
0,0.0358462081270977
0,0.0029029023182901
0,0.0125980635525397
0,0.035643864899161
0,0.0141462465673029
0,0.0224658241613782
0,0.0358436826389742
0,0.0164447920941694
0,0.0253919825719461
0,0.0356625141122986
0,0.0349742032130998
0,0.0084732510591979
0,0.0328897113219878
0,0.0355292770564373
0,0.0348228041928605
0,0.0178015497497709
0,0.0357760461183514
0,0.0133986804006671
0,0.0358405789396957
0,0.0350868633322508
0,0.0348027655428729
0,0.0356289714674215
0,0.0349044034605018
0,0.035363978088458
0,0.0231020656225063
0,0.0348800350941729
0,0.0007922257342435
0,0.0139466883394899
0,0.0126181420673554
0,0.0162322031466869
0,0.0351132773274501
0,0.0273926688661535
0,0.0348034511043641
0,0.0353349983950525
0,0.0358055165086954
0,0.0248186146080947
0,0.0356295610774846
0,0.0074485476254884
0,0.0347888757674151
0,0.0352844718310021
0,0.0348229142669305
0,0.0210290457544349
0,0.0348343706940703
0,0.0349149484128004
0,0.0347189595754583
0,0.0208766385473524
0,0.0354557467466419
0,0.0146430682131697
0,0.0348173337343897
0,0.0347838162180304
0,0.0076681947663147
0,0.1586349852156492
0,0.0357429100943756
0,0.0357685250646045
0,0.0358634465054164
0,0.0344897567852672
0,0.0350653103087972
0,0.0094618127405625
0,0.0311758237049228
0,0.0354854120014966
0,0.0356859872106561
0,0.035075102751876
0,0.0110257513732284
0,0.0151395385826114
0,0.0350250278981128
0,0.0351792709677512
0,0.0357340639821385
0,0.035830830868857
0,0.0347729055229851
0,0.0358734422690277
0,0.0358116518860385
0,0.0351609716360017
0,0.03485973928076
0,0.0349704712972924
0,0.0287826840318343
0,0.0022464402004897
0,0.0310935465059825
0,0.0358597764776844
0,0.0126757900372237
0,0.0351714847944104
0,0.0357159706927765
0,0.0041004921809544
0,0.0053616803610659
0,0.0348020255349393
0,0.0358019581408591
0,0.0358064116328733
0,0.0356554173285448
0,0.0351165626913346
0,0.0050729402288885
0,0.0356079873651954
0,0.0132452316524665
0,0.0347818975100349
0,0.0069377373970904
0,0.0347805505472448
0,0.035083500502198
0,0.0358209325142602
0,0.0142150286077858
0,0.0354252967166593
0,0.0082621476786336
0,0.0347811719337191
0,0.0351079005039364
0,0.0356797189168611
0,0.0274336493534598
0,0.0357974423391638
0,0.0026373837938886
0,0.0348682488441929
0,0.0356204646650716
0,0.0347881049345625
0,0.02365729524576
0,0.0044956637985198
0,0.034787053195373
0,0.0350836614141602
0,0.0323095846741238
0,0.0028027531815174
0,0.0129500126199965
0,0.0348811290916384
0,0.0339572454780648
0,0.0357603814196649
0,0.0349405181170245
0,0.0353493275109047
0,0.016481770962758
0,0.0281956815400412
0,0.0358591464909106
0,0.0129063609010146
0,0.0358485663470986
0,0.0349299862172251
0,0.0349126755592049
0,0.0349084748893231
0,0.0101374176409106
0,0.0214926951256749
0,0.0351268672978461
0,0.0358577505871688
0,0.0349397742287403
0,0.0354629583583055
0,0.0352717954339076
0,0.0352204492186694
0,0.012433459510355
0,0.0353760137886884
0,0.0240739517472011
0,0.0532432623717973
0,0.0347952831465377
0,0.0357520036507527
0,0.0075992202532255
0,0.0190815361104815
0,0.035281365020148
0,0.0358526699560188
0,0.0347720113491995
0,0.0326117182596507
0,0.0067390009978427
0,0.0350052338461524
0,0.034794352271828
0,0.0005479425194065
0,0.0349383096922969
0,0.0358532504518106
0,0.0350402823718405
0,0.0352015290543867
0,0.0348582301466868
0,0.0335075255254699
0,0.0349468279194677
0,0.0209099761946178
0,0.0355836237398761
0,0.035814020400537
0,0.0355889577288423
0,0.0348965061305784
0,0.0356351976635077
0,0.0358102996349999
0,0.0342620232003442
0,0.0351154613536421
0,0.0358030148019998
0,0.0198714293128274
0,0.0347852822810262
0,0.035792718572464
0,0.0069526406600912
0,0.0351554494839022
0,0.0280245677553543
0,0.0052104887086361
0,0.0335520388221065
0,0.0356162507871797
0,0.0354245124551829
0,0.0040816779076307
0,0.034963766727509
0,0.03583325736421
0,0.0242753950808831
0,0.0262934535513835
0,0.0348300357471102
0,0.0349571869960197
0,0.0348678897685079
0,0.0351912095752062
0,0.231139644902381
0,0.0199597903772969
0,0.0348513824304345
0,0.0347832220448306
0,0.0348275644594868
0,0.0114309141821669
0,0.0358585702865485
0,0.0350208769159156
0,0.0358442834429684
0,0.0351319013574597
0,0.0167398388065573
0,0.0358032036433495
0,0.0350355483780347
0,0.0292308775657335
0,0.0354814826468971
0,0.0349673599849783
0,0.0183006589205295
0,0.0005711309587482
0,0.035529266839878
0,0.0278449513375713
0,0.0348040301813002
0,0.0230234465693975
0,0.0349416343554081
0,0.0351849635651893
0,0.0011135502801546
0,0.013756445706145
0,0.0347837672360933
0,0.0347886331720117
0,0.0354710367834467
0,0.0354303363101376
0,0.0348788775942054
0,0.0358379937359282
0,0.0358691646518162
0,0.0304431368056777
0,0.0094495161241374
0,0.0265362045728053
0,0.0350245406673473
0,0.035613904009469
0,0.0358261473263845
0,0.0179564275785326
0,0.0357088357361726
0,0.0309688531792663
0,0.0353701569255261
0,0.0347935882507739
0,0.0218310613427908
0,0.1010848326324219
0,0.0351385690846762
0,0.0357568908527064
0,0.0052251325019452
0,0.0358537191884629
0,0.0358565665347358
0,0.0354173481809347
0,0.0190442788551879
0,0.0357961869900523
0,0.0358448517698959
0,0.0253143669027357
0,0.0040151183888442
0,0.0356073665592715
0,0.0358269317418516
0,0.0356695958276478
0,0.0356538559896173
0,0.0349023852818768
0,0.0059669450761821
0,0.0353830542324908
0,0.0355165849622862
0,0.0355134188755017
0,0.0338265735989956
0,0.0350703025574835
0,0.0358463894326105
0,0.0352315341892986
0,0.0358426485051335
0,0.0355509419857258
0,0.0357590326989246
0,0.038690006847089
0,0.0353462227625411
0,0.0159818300678937
0,0.0354944402955268
0,0.0356083043324578
0,0.0125212522456206
0,0.0353756954514527
0,0.0310169459337645
0,0.0348988330367895
0,0.0348149009253689
0,0.0358512573887365
0,0.0354076289342394
0,0.0195861507833937
0,0.044342572177568
0,0.0357598226942029
0,0.0358253333231693
0,0.0347822950309468
0,0.0348101410747386
0,0.024001234074802
0,0.0351745917460515
0,0.0003576616694463
0,0.0348151653234161
0,0.0169208087504045
0,0.0348699333433395
0,0.0353098119675941
0,0.0347905351964901
0,0.0358443828697943
0,0.0177858859704444
0,0.0357495329027744
0,0.0353112414688868
0,0.0358220897405043
0,0.0347860547967631
0,0.0358577956484672
0,0.0348308153281015
0,0.0337439704449633
0,0.0348979827598985
0,0.0356401920365111
0,0.0348228490858001
0,0.0358412862354772
0,0.0356852012266893
0,0.0357842723840977
0,0.0357298454798503
0,0.0268741775303801
0,0.0348194663866178
0,0.0177685918448393
0,0.0327919760596763
0,0.0352823983281598
0,0.0357840716536309
0,0.0350526012202316
0,0.8020784823786739
0,0.0352067611319892
0,0.0055214243333034
0,0.0350079062221042
0,0.0162915813760691
0,0.1497134193109604
0,0.0358465043791639
0,0.0349564557670769
0,0.03571713260305
0,0.0349928890367564
0,0.0357503994318321
0,0.0406856581858254
0,0.0357545635119863
0,0.0247869412418115
0,0.0151659301333749
0,0.0161912083260502
0,0.0349576629844115
0,0.0349263223400873
0,0.0348650932924298
0,0.0357623438534101
0,0.0349979040489551
0,0.0349618668374336
0,0.035631544857653
0,0.0348647522646913
0,0.1694328405395644
0,0.027811058763876
0,0.0352138759695195
0,0.0347919527094748
0,0.0356139954416112
0,0.0353865384968123
0,0.0307533278626075
0,0.0348488859494347
0,0.0277740268620412
0,0.0352954934519364
0,0.035181784421184
0,0.034463696115256
0,0.0348746538062751
0,0.0019285860354165
0,0.0357243097633167
0,0.034799037803918
0,0.004395227175758
0,0.0088905391443087
0,0.0348148865610037
0,0.0330097337329353
0,0.0348819763186271
0,0.0014576595577363
0,0.011476779525012
0,0.0208369397695052
0,0.0257213660714493
0,0.0092309324235613
0,0.0350290163649602
0,0.0295838085109659
0,0.0356031632813623
0,0.0257920588974123
0,0.0349994704107238
0,0.0348545593297608
0,0.0164811864926536
0,0.0350260010352181
0,0.0355111677421632
0,0.0351330807413044
0,0.0261790115006882
0,0.035097313390055
0,0.0357929698905619
0,0.0353015731313718
0,0.0348694196806729
0,0.035726847297283
0,0.0109034552212093
0,0.0085225191055317
0,0.0356346301605378
0,0.035345498324152
0,0.0348421069385874
0,0.0348398925090813
0,0.0357867716986219
0,0.0355551544709628
0,0.0348202975868521
0,0.0351876866980208
0,0.0358623015202199
0,0.0025312725403017
0,0.0354337583219369
0,0.0255671295050839
0,0.0358161653171449
0,0.0352297539392601
0,0.0353088901383758
0,0.0354741561108129
0,0.0358470601565912
0,0.0356807741937794
0,0.0357755827524426
0,0.0347847217308686
0,0.0041345666935436
0,0.0357209724639127
0,0.0357704562596251
0,0.0349756250552476
0,0.0018027480140664
0,0.0348358583905587
0,0.0211984369711092
0,0.0353975826795794
0,0.0348867098865596
0,0.0358327911966247
0,0.0348270924672544
0,0.0140406539004825
0,0.0347965403351908
0,0.0351774426303331
0,0.0357627558070747
0,0.0358319498960228
0,0.0200835104949696
0,0.0351601552676744
0,0.0353075414305342
0,0.0353703768870308
0,0.0357463752946263
0,0.03518217027596
0,0.0214184595725591
0,0.0356634577622356
0,0.0348228041928605
0,0.0348978437850065
0,0.0097044968505752
0,0.0352014974645462
0,0.0351265142426857
0,0.0006025144170088
0,0.0325944943242764
0,0.0357451682446857
0,0.0212518756806783
0,0.0289715356990868
0,0.0198596143743563
0,0.0106205883386145
0,0.0178520163491292
0,0.0087911035135195
0,0.035856367173854
0,0.0358560654472988
0,0.0357709032736848
0,0.0347901009639031
0,0.0169943649268373
0,0.0291947813678085
0,0.0061950725366255
0,0.0358262743911899
0,0.0357867716986219
0,0.0164476221430903
0,0.0350548684838212
0,0.0875160958691794
0,0.0315201945987588
0,0.0257228112415112
0,0.0356438533877161
0,0.015668407820503
0,0.0358669082952644
0,0.0079756029701565
0,0.0347857086026848
0,0.0349917588520027
0,0.0350652358311073
0,0.0306811596447587
0,0.0350646245571589
0,0.0167149983343154
0,0.0355756887686183
0,0.0352355786500127
0,0.0358678726947541
0,0.0357590946221408
0,0.0381449042113602
0,0.0355612681580723
0,0.0356154930822741
0,0.0350425532312678
0,0.0351113228322773
0,0.0173928378811654
0,0.0108473189521672
0,0.0087195204305355
0,0.0350269817916476
0,0.0353430307177193
0,0.0355999836026024
0,0.0205827589418826
0,0.0032684284084428
0,0.0357271548843042
0,0.006180051371333
0,0.0009221741005636
0,0.0218043670201646
0,0.0349117601814316
0,0.0347800137136067
0,0.0348131849100034
0,0.0352462994469689
0,0.0358007605396131
0,0.0347828053248346
0,0.0323145963682802
0,0.0355660281882441
0,0.0220737270871856
0,0.0239027388306122
0,0.0347926919530966
0,0.0357201453835549
0,0.0352530077615153
0,0.0356198779067669
0,0.0352968473485574
0,0.0352717772077166
0,0.0358005954126393
0,0.0350147169841888
0,0.0329063483180386
0,0.0328105498747661
0,0.0155963386567418
0,0.0352044214050942
0,0.0351304447618619
0,0.0351958347326641
0,0.0790708112901466
0,0.01754209600154
0,0.0350914444833463
0,0.0357989732219037
0,0.0031276484138358
0,0.0067973933954756
0,0.008707579477817
0,0.0349027746065079
0,0.0358127424904035
0,0.0356466761894716
0,0.0350277598049684
0,0.1252006586643413
0,0.0049447329072738
0,0.0349046653197518
0,0.0134420312817089
0,0.0357033864382391
0,0.0347982082528949
0,0.0357579719362105
0,0.0055541963380589
0,0.0349472634577552
0,0.0317954104928944
0,0.0348934567652328
0,0.0356695114766065
0,0.0350510765727812
0,0.0347643387716688
0,0.0338901705393469
0,0.0307931401478923
0,0.513373789122384
0,0.0351577995003713
0,0.0356701314393051
0,0.0349652107868369
0,0.0143591377169503
0,0.0125543235264458
0,0.0357231690612994
0,0.0159495961045184
0,0.0351863638591869
0,0.0359242375713388
0,0.0353298135199686
0,0.0031922885424436
0,0.0006786657916222
0,0.0350208445164793
0,0.0061293493346661
0,0.0351910856271033
0,0.013276902901632
0,0.0357384583069047
0,0.0051056835590406
0,0.0301398369841906
0,0.0358467519256167
0,0.1195854400698572
0,0.0253035854459393
0,0.0354411296854157
0,0.0348138956368833
0,0.0349337928233333
0,0.0351113228322773
0,0.0354325980219112
0,0.0347930282186135
0,0.0357196025980932
0,0.0355320868523684
0,0.011095573554351
0,0.0262577196394301
0,0.0347792822230991
0,0.1416641398252947
0,0.0271956180636968
0,0.0348162928835368
0,0.0348017925597321
0,0.0352211390849594
0,0.0358134349931713
0,0.0355382207102248
0,0.0358570389134852
0,0.035552270948566
0,0.0317140693745105
0,0.0357825291575006
0,0.0357741324201196
0,0.0347714620724111
0,0.035832580266644
0,0.0278696114208674
0,0.0071963018096969
0,0.007482765316489
0,0.0352241135974817
0,0.0349229632581429
0,0.003793048414267
0,0.0072984330818832
0,0.0357220719956877
0,0.0358705385388472
0,0.0246352502275972
0,0.0356299968573531
0,0.0347825323281099
0,0.0352323595307221
0,0.0354536372004034
0,0.0349027521097539
0,0.0133873874172359
0,0.0351405945394744
0,0.0358401114393992
0,0.0349308479799338
0,0.0358578227445862
0,0.0075039568117122
0,0.0348531777679034
0,0.0101377563365083
0,0.0357923053458913
0,0.0356704238724349
0,0.0357539794968128
0,0.0074702917762358
0,0.0351448559406503
0,0.0357779134329964
0,0.0356278173564603
0,0.0348126875563066
0,0.035124120804518
0,0.0356632766898426
0,0.035314831927887
0,0.0060463249910614
0,0.0018369659742453
0,0.0304324903045469
0,0.0347922856536977
0,0.0358174309399372
0,0.0348725881987593
0,0.0356178387985351
0,0.0182205748407479
0,0.032042143219361
0,0.035575941828585
0,0.0351892777257531
0,0.0348622148493819
0,0.0350487769461122
0,0.028632872271148
0,0.1482594366295317
0,0.0255636258203014
0,0.0357731042068898
0,0.0355188129812181
0,0.0347849178832656
0,0.0085473783195676
0,0.0343682439514975
0,0.0347839583426447
0,0.0072787062941436
0,0.0355519506376653
0,0.0190395781627174
0,0.0358676402438856
0,0.034988764844213
0,0.0194476711455864
0,0.0347865753838584
0,0.0072383918988138
0,0.325357130264684
0,0.0346272477853304
0,0.0356582891447146
0,0.0329791055416029
0,0.0356287778999743
0,0.0356901457441061
0,0.0353965447926498
0,0.0357287040704606
0,0.0349219060265936
0,0.0085227997812655
0,0.0351331965346115
0,0.0181994028955137
0,0.0356897933255699
0,0.0349917588520027
0,0.0264739983556514
0,0.034797753063004
0,0.035081984142413
0,0.0351473275929712
0,0.0037513199045784
0,0.0040153783876717
0,0.0344422637134385
0,0.0352958908821561
0,0.0094521026425542
0,0.0253027094368472
0,0.0358652501544085
0,0.0351824817081815
0,0.0356069777376753
0,0.0355754920400063
0,0.0355376950618193
0,0.0357980414308062
0,0.0358522204646704
0,0.018537185018535
0,0.0118336770492367
0,0.0347819914772248
0,0.0357607593303053
0,0.035680693145644
0,0.0062689497322979
0,0.0352593048798956
0,0.0218858821233578
0,0.0411035298802703
0,0.0355568484277659
0,0.0098203694267867
0,0.0089535312795144
0,0.035377319104589
0,0.035557007553232
0,0.0354244497516196
0,0.0348994674433161
0,0.0354112160498981
0,0.0348925531379101
0,0.0358623682487324
0,0.0348600217310443
0,0.0331251576880714
0,0.0347858485987767
0,0.0348172377440833
0,0.0345748494254769
0,0.0354458609537565
0,0.0041188941479307
0,0.0353729828046315
0,0.0352462994469689
0,0.0347966592563561
0,0.0316031367237923
0,0.0357439158105143
0,0.0358490094885848
0,0.0167803562022098
0,0.0348881554733338
0,0.0356049642475366
0,0.0357543554805593
0,0.0358409686708314
0,0.0349442100880217
0,0.035862364966013
0,0.0211177825142001
0,0.0168214833896821
0,0.0347646590472704
0,0.0085979390709738
0,0.0346065162869837
0,0.0346362372291744
0,0.0288496145835784
0,0.0347580628708278
0,0.0349924255486108
0,0.0218332739597628
0,0.0348575614464044
0,0.0353737207365471
0,0.0349841676028082
0,0.0356122085069981
0,0.0348500739607531
0,0.0178705557561967
0,0.0349417044250318
0,0.0205429777083763
0,0.0304643414433768
0,0.0149430545851498
0,0.035066480371129
0,0.0351971721791121
0,0.0119665515651725
0,0.0356184953724721
0,0.03493695053413
0,0.0357451655622085
0,0.0298843072682579
0,0.0358752498079503
0,0.0358726477061357
0,0.023520650867114
0,0.035095637749467
0,0.0356266362374534
0,0.0353686488724395
0,0.0258892774201483
0,0.0357619726438241
0,0.0356152208332965
0,0.0349045616807645
0,0.035777919701233
0,0.0317937447617103
0,0.0356477234283601
0,0.0358126982886877
0,0.035727738303375
0,0.0338040102492045
0,0.0356857121277686
0,0.0349058505590214
0,0.0243758773040717
0,0.0348647838404374
0,0.1112577861550664
0,0.0353793318477971
0,0.0350490397511328
0,0.0347832057644076
0,0.0358087179838031
0,0.0202317763775614
0,0.0358018708920801
0,0.0353346250520976
0,0.0306827394474683
0,0.0346585470553218
0,0.013263921155344
0,0.0357994694632497
0,0.025130999610048
0,0.012517773181225
0,0.0097768798806692
0,0.035052102856145
0,0.0347816120235608
0,0.0330912584191666
0,0.0137747204365799
0,0.0121870676565789
0,0.0348929834306641
0,0.0349786076272339
0,0.0041250451447626
0,0.035851451608516
0,0.0354122671769873
0,0.028193502894801
0,0.0348068858277241
0,0.0552436833100579
0,0.0008294605394508
0,0.0352044214050942
0,0.0347923072721504
0,0.0213507685122887
0,0.0353529751659675
0,0.0212600143385221
0,0.0358752553684153
0,0.017518485824548
0,0.0358707866280788
0,0.0347798611695549
0,0.0357948119347545
0,0.0358540332557193
0,0.0355719472116314
0,0.0265914419576673
0,0.0352272051806688
0,0.0771158576053999
0,0.0347660084422971
0,0.0052153290446243
0,0.0353056454274339
0,0.0356697494951426
0,0.0357694422048014
0,0.0351224773506775
0,0.0407247243411785
0,0.0075298291794361
0,0.0355141389686713
0,0.020139160495485
0,0.035671232245542
0,0.0351625889447131
0,0.035719330149342
0,0.035634120192723
0,0.0352154213440899
0,0.0355984589853485
0,0.0356944961374993
0,0.03573508770052
0,0.031099431710693
0,0.0349027049205581
0,0.0356972203661606
0,0.0203503620029415
0,0.0196965349447115
0,0.0349172240061915
0,0.0353216382909408
0,0.034942509485883
0,0.0358280109066576
0,0.0319192515663775
0,0.0356409149799823
0,0.0357995459255124
0,0.0356057307903408
0,0.0358081470838547
0,0.0230044689488146
0,0.019827515876502
0,0.0355074102757681
0,0.0356522482108851
0,0.0254118525297044
0,0.0010760521727043
0,0.0064929258496109
0,0.0239675882718043
0,0.026222685788037
0,0.0158071076061026
0,0.0349339328619688
0,0.0357910136258521
0,0.0350549238572891
0,0.0355234390126256
0,0.0350853048571792
0,0.0321490873381362
0,0.0349414214094358
0,0.0353012354779092
0,0.0349676802334327
0,0.0091832480371713
0,0.0121885636559881
0,0.0347834963428244
0,0.03568813189667
0,0.0345585754516725
0,0.0352658448250262
0,0.0357661972785464
0,0.0348063952367961
0,0.0353221299274811
0,0.0082207930007612
0,0.0354544221823815
0,0.0358043005097893
0,0.0348996236738959
0,0.0350073203195993
0,0.0171963309751245
0,0.0348524673734973
0,0.0354548975179865
0,0.0032676548630299
0,0.0358498744333792
0,0.0349765469464907
0,0.0209144642585898
0,0.0357596563288703
0,0.0356661823176536
0,0.0358688281918244
0,0.0023072754621977
0,0.0212620902222274
0,0.0354741325616846
0,0.0055658288832548
0,0.0349238524050446
0,0.0245093134730486
0,0.0352210651156337
0,0.0357318119694828
0,0.034991516411344
0,0.035858074277427
0,0.0347971232672438
0,0.0287361214844321
0,0.035757958134009
0,0.0358124691978721
0,0.0136635175749576
0,0.0357761829633114
0,0.0267029694248175
0,0.0259067782731657
0,0.0349389776976282
0,0.0356836373836135
0,0.0283842801103012
0,0.0358245056929451
0,0.0355857024351761
0,0.0356372244727962
0,0.0354541418848773
0,0.0353199650871606
0,0.0356280826602478
0,0.0356536265917245
0,0.0351931187322699
0,0.0058968533883502
0,0.021451843347075
0,0.0151447183963001
0,0.0431844603169783
0,0.0351753697969562
0,0.0237702488250936
0,0.035856068042809
0,0.0347844107769348
0,0.0355434859830014
0,0.019935064134339
0,0.035871355334805
0,0.0226378932526632
0,0.0257000098658055
0,0.0348531777679034
0,0.0358534038734959
0,0.0105820298916483
0,0.0345922095708751
0,0.0065912293373573
0,0.0349802359252383
0,0.0349667719501844
0,0.0349769527394975
0,0.035525850336911
0,0.0357287836968554
0,0.031121071479988
0,0.0357736568583004
0,0.0347918672254538
0,0.0352644145019686
0,0.0358567814083336
0,0.0358676604627996
0,0.0354259329246831
0,0.034171259973059
0,0.0269829314273679
0,0.0018934398520608
0,0.0197025063251538
0,0.0326488200462746
0,0.0315118673874892
0,0.0015903792401967
0,0.0347801392321955
0,0.0134854569502935
0,0.0353070198479597
0,0.0358463948251379
0,0.035328264336386
0,0.0341303050196381
0,0.0060021275786174
0,0.035587327852361
0,0.0356057307903408
0,0.0357183330412913
0,0.0348675467777061
0,0.0352948931075458
0,0.0348373128180726
0,0.0356905001133507
0,0.0312866784168969
0,0.0349710969651191
0,0.0350608803918261
0,0.0007879775952923
0,0.0354159219803712
0,0.0349159387433325
0,0.0347720581907699
0,0.0348269209590845
0,0.0351592702876844
0,0.0355323144387851
0,0.0349768413880944
0,0.0347635132945896
0,0.0348227951181813
0,0.0350256654359513
0,0.0196941983764442
0,0.0357998238489793
0,0.0327846991691084
0,0.0356223545174455
0,0.0356784261172337
0,0.0348287276237559
0,0.0356656679432424
0,0.0185257020597664
0,0.0347854620951372
0,0.0103580102300725
0,0.0352223202245859
0,0.0356049428182526
0,0.0356964698694032
0,0.0349961293249731
0,0.0357320046143414
0,0.035606105210005
0,0.0169723517309677
0,0.0347897457548346
0,0.0271847152926234
0,0.0350744931946302
0,0.0355063011642826
0,0.0353777674920246
0,0.0092350331394605
0,0.0348356227301954
0,0.0355378042738572
0,0.0348744810879486
0,0.0215197577528149
0,0.0151443153859896
0,0.0356266356068774
0,0.0356436341753946
0,0.034768210455944
0,0.0354097326204855
0,0.0352907056370488
0,0.0357991174772591
0,0.0348756627815029
0,0.0347816465720847
0,0.0331374429225796
0,0.0356176670421935
0,0.0352752976691812
0,0.0357934076026411
0,0.0351488445731028
0,0.0349846954695452
0,0.0343175921416721
0,0.0357761236319416
0,0.0349986028049709
0,0.0348693395899554
0,0.034792954781132
0,0.0294525306346723
0,0.006283728813862
0,0.0353245388424574
0,0.0261119613368048
0,0.0695956938242614
0,0.0287050827835458
0,0.0337816300298176
0,0.0350762491936199
0,0.0348893414961655
0,0.0358466656120313
0,0.0294404067194289
0,0.0806109537162257
0,0.0352722775292137
0,0.0297374345451372
0,0.0350626621794493
0,0.0351952454878751
0,0.0109911140297866
0,0.0358279046241332
0,0.0358403611773594
0,0.0348942208960972
0,0.0348028093539342
0,0.0348799897162604
0,0.0059349537613339
0,0.035325075875454
0,0.0214740320615898
0,0.0019993755707536
0,0.0349669115635644
0,0.0350480699438004
0,0.0207403441852249
0,0.0347808189849207
0,0.035083215268561
0,0.0342597011475802
0,0.0204796475562991
0,0.0201270660582262
0,0.0349864469552319
0,0.0347792572202898
0,0.0101133774240642
0,0.0126278144520839
0,0.0354197075565019
0,0.0042111823662529
0,0.0838129866914635
0,0.035705484204579
0,0.0835595208499236
0,0.0132956059239559
0,0.0352382133513233
0,0.0348126109821357
0,0.0355083866939638
0,0.0349314245361216
0,0.0115627193531154
0,0.0356604735473932
0,0.1818098644180906
0,0.0352848786717895
0,0.0354153392315892
0,0.0300266703183893
0,0.0311516449004198
0,0.0343169144474201
0,0.0348072309028576
0,0.0354613300033029
0,0.0357939052268705
0,0.0351409541703739
0,0.0349844803538037
0,0.0354056138691124
0,0.0348106448720664
0,0.0358300743631503
0,0.0101412612166897
0,0.0357490367115129
0,0.0170683905713809
0,0.034843870471528
0,0.0349927241953878
0,0.0352880517753432
0,0.0358362880373069
0,0.0357902505628248
0,0.0354487538578708
0,0.0351823313390085
0,0.0356533315029358
0,0.021506253521933
0,0.0037289578642396
0,0.0106576809140663
0,0.0352211694425661
0,0.0358472518882392
0,0.0348466119540064
0,0.0141120494068013
0,0.0130687981992773
0,0.0353874156027718
0,0.0356100203302996
0,0.0353960191243154
0,0.0356543839251618
0,0.0348762446828935
0,0.0358155115093111
0,0.0022055496533782
0,0.0035903016635028
0,0.0345415949585155
0,0.0352099875594277
0,0.0211614114206987
0,0.0023234054687909
0,0.0356342661977632
0,0.035866048761582
0,0.0317633746190847
0,0.035411709038981
0,0.0266159059972782
0,0.0353893913440269
0,0.0350141046990131
0,0.0035928891133219
0,0.0358673598639738
0,0.033556711797498
0,0.0074165028622943
0,0.0357282963050523
0,0.0234060923544042
0,0.0343162144285014
0,0.008681690860319
0,0.0355538841724867
0,0.0258487890146025
0,0.0217205392700972
0,0.0357948904295504
0,0.0354527772528449
0,0.0091892882602683
0,0.0357460503092774
0,0.0210083107505038
0,0.0354601452840284
0,0.0290351102034788
0,0.0357862064435842
0,0.0359420367562731
0,0.0347911238107751
0,0.0347838688985754
0,0.0351449075410721
0,0.0330860370652031
0,0.0009554864200838
0,0.0031252270189468
0,0.0349262575160479
0,0.0351335248474681
0,0.0353848411973039
0,0.0275632704684899
0,0.0144107107823413
0,0.0353322135206619
0,0.0356098601073796
0,0.0069262246880497
0,0.0356544736563032
0,0.035833156004843
0,0.035857970111561
0,0.0347849007549235
0,0.0356064816209014
0,0.0321565187582296
0,0.0348045609449004
0,0.0351290475716716
0,0.0358322334950823
0,0.05746110189742
0,0.0357626652685733
0,0.0319975202183053
0,0.0353932635809324
0,0.0347664252071651
0,0.0356471333576504
0,0.0190093743034354
0,0.7933395203436414
0,0.034814512859498
0,0.0340465799000915
0,0.0347833440169672
0,0.0358281945465236
0,0.03496835297576
0,0.0192555894273647
0,0.0357442703568573
0,0.034828266545715
0,0.0357385263660242
0,0.0357977270790536
0,0.0355004914582216
0,0.0348038809421865
0,0.0350829260532602
0,0.0348922560006333
0,0.0358227604856142
0,0.0130945546406085
0,0.0349793228130097
0,0.034820469735848
0,0.0104254206468848
0,0.0348080543044103
0,0.0354103902997816
0,0.0350742783323838
0,0.03566130596864
0,0.0348191138934324
0,0.00056671584114
0,0.0356292127058376
0,0.0358299189485126
0,0.0349984145391489
0,0.0132037058173318
0,0.0358696680042749
0,0.0354893105267165
0,0.0087221957554872
0,0.0271022562467795
0,0.0349908575965819
0,0.0220115688295944
0,0.0356412267001866
0,0.0342620232003442
0,0.0188356473661661
0,0.0137581942554481
0,0.034839625943207
0,0.0209914262457306
0,0.0115225476077626
0,0.0357964946342511
0,0.035635879519937
0,0.0331750489869174
0,0.0358714394533024
0,0.0357050059410543
0,0.0051497264681776
0,0.032704743902534
0,0.0358683236859013
0,0.0027122459290412
0,0.0347802767213625
0,0.0199456586992925
0,0.0354426052609074
0,0.0158194203251157
0,0.0025663857478433
0,0.0011205506597775
0,0.0349865162881639
0,0.0151223744605735
0,0.0123305851728999
0,0.0354534504464984
0,0.0358546563964283
0,0.0349267497871245
0,0.0347818323919285
0,0.0084711893112707
0,0.0348274439893776
0,0.0351803552910172
0,0.2561338437471618
0,0.0353591358633963
0,0.03496835297576
0,0.0021782127293245
0,0.0141450311575127
0,0.0347893155720841
0,0.0357578809960798
0,0.0356467490928364
0,0.0084956995703704
0,0.0358238711875839
0,0.0358129411803329
0,0.026841298204931
0,0.0347852240750595
0,0.0347838033402777
0,0.0348689166726596
0,0.034792892006834
0,0.0349030443137261
0,0.0357881764050482
0,0.0428762795957129
0,0.0216646856486849
0,0.0351988375334122
0,0.0358083984227762
0,0.0348849798011465
0,0.0357944822043284
0,0.0048792011389454
0,0.0348800933358004
0,0.035637407187699
0,0.0224061369143061
0,0.0197750902232395
0,0.0348098363658338
0,0.0348278029665654
0,0.0354788107667576
0,0.0355925846857939
0,0.0358427944278148
0,0.0353528268916476
0,0.0349337928233333
0,0.0355710617979222
0,0.0348485230490847
0,0.0356213008596721
0,0.0058686636237061
0,0.0026394828290775
0,0.0347859649885586
0,0.0352195110848205
0,0.0268906967157261
0,0.0507217958843682
0,0.0275768458748119
0,0.0351280974088229
0,0.0356437945639558
0,0.0348218548494224
0,0.035184791271316
0,0.8243588101723406
0,0.0269008177701462
0,0.0068306006771578
0,0.0217603486998761
0,0.0057796195798556
0,0.0278508158741708
0,0.0349110134272398
0,0.0355149511349181
0,0.0356406747539278
0,0.0347877529611489
0,0.0348887329332761
0,0.0261647745594917
0,0.0348294253819646
0,0.0339010102933175
0,0.0215899826754289
0,0.0354922047876543
0,0.0358484785086084
0,0.034807268240795
0,0.0102687688422262
0,0.035229171318696
0,0.0240963678189147
0,0.0318079140705072
0,0.0355892636752879
0,0.0035715202666639
0,0.0348021851868276
0,0.0356296837368991
0,0.0358712582898477
0,0.002697114866715
0,0.0349714804868637
0,0.034994922651451
0,0.0347990263193788
0,0.0329645624969519
0,0.0352330770328047
0,0.035805563515646
0,0.0352559672095308
0,0.0350598597704335
0,0.0351252391046698
0,0.0353770278018896
0,0.0347821022078259
0,0.0344310174272466
0,0.0095014786581955
0,0.0358550984932176
0,0.0353824961423262
0,0.0351759181192581
0,0.0358724871793667
0,0.0357464423616272
0,0.0355442050329962
0,0.0350889696700778
0,0.0348396066337894
0,0.0350695039543216
0,0.0370219384470628
0,0.0311808326641917
0,0.0027100508964206
0,0.0358304160719664
0,0.0247762989460255
0,0.0348976851160765
0,0.0347478748526578
0,0.0348206925649053
0,0.0357704487154093
0,0.0013928483061194
0,0.0128040870624534
0,0.0358656689765843
0,0.0098200236535062
0,0.0192651943840084
0,0.0348645203561731
0,0.0356667857676081
0,0.034805160289831
0,0.0355309179363842
0,0.0358435021328442
0,0.0347807638054221
0,0.0300796374540817
0,0.002831590231615
0,0.0155901642550476
0,0.0171009812095307
0,0.0159818300678937
0,0.0350603068846613
0,0.0073774089893319
0,0.0139259166940461
0,0.0348326788555178
0,0.0336600711102595
0,0.034792944031105
0,0.0271171604894547
0,0.0095631030467985
0,0.0129705421484042
0,0.0276866607456147
0,0.0061935158559496
0,0.0356067702865132
0,0.0354456240100674
0,0.0358406383765593
0,0.0332842765895653
0,0.0357077417559187
0,0.0350881388198618
0,0.0350979301310426
0,0.0351607251477593
0,0.0358483660756617
0,0.0358451170178574
0,0.0350141017405538
0,0.0219485032961405
0,0.0347807388483123
0,0.0348136643362342
0,0.0352538204482655
0,0.0356997083266133
0,0.0104025113794067
0,0.035326192592021
0,0.0357552680155996
0,0.0349347265711704
0,0.0120341818258768
0,0.0198577766800682
0,0.0358275491312913
0,0.0355836237398761
0,0.0150683464598624
0,0.002825081638559
0,0.0181544706868495
0,0.0260681478764182
0,0.0356852012266893
0,0.0351260638332871
0,0.0354523770208632
0,0.035712195080009
0,0.0353511665057241
0,0.0049912934686157
0,0.0352464631097172
0,0.007235730403983
0,0.035828445155178
0,0.0284148304656102
0,0.0204310576204236
0,0.0358465766317141
0,0.0348016253155527
0,0.0347788133915382
0,0.0357140736952535
0,0.0347559982300418
0,0.0281025554460483
0,0.0356059800066754
0,0.022819870801399
0,0.0189477855306847
0,0.0187692404039503
0,0.0290808537932146
0,0.0144142320147009
0,0.0357200055886931
0,0.0358179286066963
0,0.0167790782461143
0,0.0132633516311358
0,0.0347841005562668
0,0.1522810367994937
0,0.0356372932154922
0,0.0352987985267874
0,0.035678976581696
0,0.0184594303250177
0,0.0356321043665258
0,0.0350224546623892
0,0.03493284937362
0,0.0358191556198683
0,0.0243896616393857
0,0.0347924717092592
0,0.0348823189157409
0,0.0358110530401849
0,0.0356736520100407
0,0.0052547091365498
0,0.0349514201465191
0,0.0016921307001979
0,0.0349973403950668
0,0.0351245750849489
0,0.0357299767761368
0,0.0022056666707546
0,0.0350897139983152
0,0.0356241809238686
0,0.0356065133918937
0,0.0353738007456341
0,0.0162154822241823
0,0.0352632170276467
0,0.0357707498378323
0,0.0217031813892633
0,0.0350962926788857
0,0.0356100553450616
0,0.0357682922692684
0,0.0355938802039166
0,0.0356068507128113
0,0.0352061431720343
0,0.0029769414418989
0,0.0356224206779933
0,0.0352484016365348
0,0.0351102171464418
0,0.0310776578346341
0,0.0358355558508847
0,0.0357864092233832
0,0.0168672500077645
0,0.0353662424301025
0,0.0350815235497061
0,0.0358661166959608
0,0.0268481714218436
0,0.0351564626688968
0,0.0044823401104308
0,0.0353658960007051
0,0.0354181413701382
0,0.0046063356498391
0,0.0333940247857826
0,0.0352208918261188
0,0.0292005727053371
0,0.0349541661379093
0,0.0356837013171836
0,0.035657069530004
0,0.0242961203174864
0,0.0187298142409852
0,0.0347906926308401
0,0.0189467393585147
0,0.0279414279053291
0,0.0358101200002818
0,0.0348058803080864
0,0.0358035688686312
0,0.0348705495448551
0,0.035321809020691
0,0.035491930400186
0,0.0352228615068162
0,0.0224589315225861
0,0.0350097026165126
0,0.0349010290250266
0,0.0851915192257126
0,0.0356339225870892
0,0.0350071519773667
0,0.0358055777314117
0,0.013136051790221
0,0.0352044256356097
0,0.0352928108790042
0,0.0350188950309614
0,0.0355399986960351
0,0.0349045786471443
0,0.0326683761182773
0,0.0354160358624595
0,0.0351524188745568
0,0.035333572480838
0,0.0352487306199613
0,0.0358164757355934
0,0.0318549218737842
0,0.0354049281135679
0,0.0357934650032816
0,0.0347870376991109
0,0.0348536886667138
0,0.0023694039914688
0,0.0357688878687288
0,0.0352102489933282
0,0.0352313078717201
0,0.0350281245172885
0,0.0104529361296422
0,0.0083237874972611
0,0.0349286668253069
0,0.0347812527207364
0,0.0347911318505
0,0.0206745789244006
0,0.0358587953145942
0,0.0352519015474038
0,0.1178592977097163
0,0.0357308236709284
0,0.0156915359051331
0,0.0144394507999971
0,0.0224508060244455
0,0.0350162804416063
0,0.0356252856968135
0,0.0126703157804642
0,0.0357393409757898
0,0.0348082051987262
0,0.0164301344782776
0,0.0357991628264335
0,0.007532093229431
0,0.0358002883767716
0,0.0348655010237706
0,0.0349878589030515
0,0.0354018792761942
0,0.0348763560356266
0,0.0209039266674537
0,0.0348268580426512
0,0.0354766885414312
0,0.0356120721227533
0,0.035329580970363
0,0.0351080228964043
0,0.0350438070082231
0,0.0356087912635457
0,0.0357181925072648
0,0.0348492133001759
0,0.0358780348790977
0,0.0349072176128455
0,0.0248529511781493
0,0.0028602247229671
0,0.0553119085447966
0,0.0356883167637079
0,0.0129413974875817
0,0.0354720852899653
0,0.1127629196961679
0,0.0357111108349403
0,0.0357063251630383
0,0.0358350435659368
0,0.0588393557103247
0,0.0336234424765071
0,0.0299212972479671
0,0.0348027389424343
0,0.0353155876689809
0,0.0193419384229147
0,0.0354108211377955
0,0.0358324937676925
0,0.0354158066676211
0,0.0350542970054191
0,0.0358422554309506
0,0.0350111200540305
0,0.0355375939083996
0,0.0353137725413233
0,0.030620620649301
0,0.0358371810051021
0,0.0356369725183963
0,0.0357680047800793
0,0.0308140453316066
0,0.0123508335173656
0,0.0350103728573108
0,0.0358885710394475
0,0.0356855552086505
0,0.0281236341629117
0,0.0348453424990194
0,0.0349526379465916
0,0.0349106619294921
0,0.0211225254590315
0,0.0264234334221622
0,0.0358579056696461
0,0.0354934606727579
0,0.0353493052036985
0,0.0347918672254538
0,0.0355084587802127
0,0.0357052289771727
0,0.0342490170568129
0,0.03493056144054
0,0.0815765403136169
0,0.0353598735262815
0,0.0295926677097088
0,0.0018848073857964
0,0.0348238530401276
0,0.0349133896791047
0,0.0348305027893594
0,0.0350103728573108
0,0.0106415364576577
0,0.0350933509778108
0,0.035012961451632
0,0.0014852645228249
0,0.0356722547878581
0,0.0358081275540563
0,0.0349597501921894
0,0.0229632448379623
0,0.0356631656544826
0,0.0357578809960798
0,0.0216212468464154
0,0.0234905021866418
0,0.0357083799185605
0,0.0233548416675031
0,0.0257223630731324
0,0.0348279163920138
0,0.0355399818077502
0,0.0348405776328717
0,0.0355334624994656
0,0.0349165190838376
0,0.0348282357879159
0,0.0356805845526754
0,0.0358565009569386
0,0.0246724058581039
0,0.0348437346222288
0,0.0351322370693356
0,0.0350870137707594
0,0.0349826655566471
0,0.0697746711063259
0,0.0233591229083445
0,0.0357144702005008
0,0.015779793989498
0,0.2281420743791709
0,0.0354347279997309
0,0.0243715536936775
0,0.0347809426093072
0,0.0354240376407144
0,0.0356114115472385
0,0.0358032381818584
0,0.0349110653178647
0,0.0357374534006791
0,0.0356410260202288
0,0.0358109066132719
0,0.034809137958056
0,0.0453574214542537
0,0.0356501531302404
0,0.0356488619775207
0,0.0015377587119617
0,0.0273586004588598
0,0.0347985882573191
0,0.0113769715856834
0,0.0285052586643917
0,0.0357503955574344
0,0.0254358408329955
0,0.0154152752813807
0,0.0126046731469697
0,0.0305718126619376
0,0.0348505349074638
0,0.0357304798193286
0,0.0356607846095239
0,0.0352947824311987
0,0.0117762941157052
0,0.0353023878192035
0,0.0254568292461589
0,0.0347867152551106
0,0.0336126115822987
0,0.0349638889599251
0,0.0354621354395946
0,0.03576822923098
0,0.0354664508814138
0,0.0348437096046088
0,0.0358512249591694
0,0.0356155522968805
0,0.0318629599260039
0,0.0175100461302565
0,0.0152278183461604
0,0.0348275644594868
0,0.0059483805347139
0,0.030135676134817
0,0.0172000497492792
0,0.0358897846625524
0,0.0301000299937019
0,0.0175514775379693
0,0.0351945907800591
0,0.0358529372725791
0,0.034810629283777
0,0.0358878254330208
0,0.035812579231252
0,0.0348615842062857
0,0.0357903060057849
0,0.0349667672109845
0,0.0353887403503001
0,0.0357824405336327
0,0.0348911404678897
0,0.035350954889833
0,0.0347833263980733
0,0.0323819444973876
0,0.0357230648469481
0,0.0253847231426164
0,0.0104724366083892
0,0.0347859514806599
0,0.0349584352592819
0,0.0348132550217497
0,0.0347841713147844
0,0.0324770511783134
0,0.0358240838724258
0,0.0349756031163697
0,0.0095582772551707
0,0.0161650807071526
0,0.0041345666935436
0,0.0353855004098358
0,0.0309283618794903
0,0.0358495764504804
0,0.0358321910659881
0,0.020099764487559
0,0.0182327664207338
0,0.0350471549428979
0,0.0347868451537432
0,0.035773383194644
0,0.0358347490157928
0,0.034854554457152
0,0.0354615652368777
0,0.0355753907523348
0,0.0358576506694112
0,0.0053239784995255
0,0.007894504312649
0,0.0357700770905735
0,0.0352044228029079
0,0.0356486792174998
0,0.0352429904706696
0,0.0356418141472717
0,0.0350658900790341
0,0.0352277392560885
0,0.0356166928554397
0,0.0357162541188547
0,0.0465526104792407
0,0.0357946032829274
0,0.0349876510115775
0,0.0356914056035596
0,0.0356690919416089
0,0.0358432847912756
0,0.0111986886867116
0,0.034452396669798
0,0.017329584474419
0,0.0344757732552984
0,0.0191834423917414
0,0.0161651361652217
0,0.035619303305046
0,0.0356678611292485
0,0.0355383265455862
0,0.0355365404022558
0,0.01109903891473
0,0.0351176709782091
0,0.0358235569751683
0,0.0298397922743996
0,0.0347944212642224
0,0.0356081026799666
0,0.0268598223449346
0,0.0296006323743477
0,0.0173803823521174
0,0.0351027799004046
0,0.0357108651711006
0,0.035420685151507
0,0.0285613651577411
0,0.0357132056185185
0,0.5356721343964872
0,0.0348727970033122
0,0.0095076141502095
0,0.0348686247946498
0,0.0350820955437433
0,0.0017701805862627
0,0.0115232701252749
0,0.0327457862716219
0,0.0352056033546231
0,0.0452574729646982
0,0.1066770652922345
0,0.034865613581137
0,0.0312703692043421
0,0.0349149201655906
0,0.0348220524920616
0,0.0349528341519576
0,0.0153809412595293
0,0.0356363979462413
0,0.022586934463866
0,0.0356900894791093
0,0.0347946586705822
0,0.0009526111143619
0,0.0329909400523351
0,0.0300991165523243
0,0.0356211094506512
0,0.0348481362671894
0,0.0347612345428328
0,0.035832383708379
0,0.0355186833683469
0,0.0077285027372372
0,0.0352399197180241
0,0.0351607251477593
0,0.0355993559571134
0,0.0356315298326546
0,0.0347660378049489
0,0.0356085547009897
0,0.0356722786056025
0,0.0227708087299235
0,0.0010496619350683
0,0.0358481514145984
0,0.0358673080833737
0,0.0347821641051401
0,0.0354646118063802
0,0.0357297340612494
0,0.0348035809921008
0,0.0351429198503597
0,0.035742863863145
0,0.0355588182329909
0,0.0353364581196277
0,0.0358233167905913
0,0.0245759653883234
0,0.0120402363264512
0,0.0304346009944052
0,0.0348919242187536
0,0.0145714797077505
0,0.0357457471595344
0,0.0358642731809143
0,0.0088796003948957
0,0.0348721002571625
0,0.0069225314535106
0,0.0350212134691786
0,0.0357252469224709
0,0.0347857364888516
0,0.0276589877269952
0,0.0358776044660599
0,0.035019553188575
0,0.0352956848236679
0,0.0347864435731296
0,0.0351139241034742
0,0.0348772215453814
0,0.0248977192606067
0,0.0348736672778132
0,0.0993448080582739
0,0.033630171381858
0,0.0220733761761078
0,0.0352137766760944
0,0.035439085449618
0,0.0348324333541382
0,0.0111615971658451
0,0.0352863817064695
0,0.0358554691834423
0,0.0081234519290636
0,0.0352785113818133
0,0.0351090569588844
0,0.0349286462903618
0,0.035606993354826
0,0.0346365077287858
0,0.0347747188431683
0,0.0358771034885788
0,0.0351924534291673
0,0.0333016170055521
0,0.034778160628897
0,0.0349142423980994
0,0.0348050731086177
0,0.0351090569588844
0,0.0353894679006475
0,0.0347821270386712
0,0.0357737487854408
0,0.0356233059029201
0,0.0354782613781136
0,0.0149604900000653
0,0.0347819532698524
0,0.0354294775752429
0,0.0039389819367101
0,0.0177062212934066
0,0.0357035290864882
0,0.0351416991087614
0,0.0348634480613604
0,0.0353047815987541
0,0.0723740190629074
0,0.0349229287183011
0,0.0356336313716446
0,0.0354224083568845
0,0.0347542768071158
0,0.000867262776062
0,0.035609665066754
0,0.0357736076822855
0,0.0357337592301903
0,0.0356498168631634
0,0.0355541145353257
0,0.0025899291596633
0,0.0348683874100659
0,0.0355485161742384
0,0.0350633267414797
0,0.0348000920759601
0,0.0358329961417273
0,0.0313319334984737
0,0.0348109825992829
0,0.0357032510395665
0,0.0355905560932386
0,0.0324113896426941
0,0.0099729651771625
0,0.0356595029948817
0,0.0349041118346372
0,0.035819848039632
0,0.0357562119539517
0,0.0348671253110076
0,0.035095637749467
0,0.0349454682364241
0,0.0349166607862463
0,0.0355383265455862
0,0.0358423169296206
0,0.0068319552677867
0,0.0349752490698478
0,0.0356634072285811
0,0.0163018500778044
0,0.0356933048333252
0,0.0358668372254814
0,0.0254780559514835
0,0.017401087735457
0,0.0131034319981762
0,0.0353193303298001
0,0.0069721041124939
0,0.0345589692707938
0,0.0348240804642798
0,0.0310162109523417
0,0.0347955681450401
0,0.0350727018677379
0,0.0348981448487274
0,0.0351131803117379
0,0.035596828465518
0,0.0351384896194326
0,0.0108094449559516
0,0.0215837634415812
0,0.0351403634518882
0,0.0555176215166268
0,0.0049647354147296
0,0.0354144292402614
0,0.0396529892793457
0,0.0297581760545282
0,0.0031994512951832
0,0.0348108164763069
0,0.035789764475661
0,0.0543586916637239
0,0.0175376797902042
0,0.0355832238839142
0,0.0358566173406972
0,0.0358182274281744
0,0.0348179904755324
0,0.0358357570350834
0,0.0348206321005247
0,0.0358343242274954
0,0.0348831013901467
0,0.0354122323465293
0,0.0352228402624596
0,0.0248161512843554
0,0.0297825493894451
0,0.0337992294756775
0,0.0348096193020645
0,0.0354782613781136
0,0.0118270732480085
0,0.0247247112688626
0,0.0356397084575925
0,0.0043304250356148
0,0.0358684073665114
0,0.0351422979502991
0,0.0353106905073728
0,0.0345328896456731
0,0.0347187591393844
0,0.0139118097782
0,0.0195192486663383
0,0.0355626853111266
0,0.0358054633919736
0,0.3922542639323613
0,0.0356254553663898
0,0.023546819793856
0,0.0355149190421472
0,0.0354512670717783
0,0.0209734261617649
0,0.0357049538319508
0,0.0353522382010796
0,0.0292897960341155
0,0.0348149878193698
0,0.0358352270442712
0,0.0288728747961887
0,0.0354512354813682
0,0.0349722788569226
0,0.0356106391293602
0,0.0348102257693901
0,0.0350722894006979
0,0.0250802927512657
0,0.0353923018018174
0,0.035878248759488
0,0.0206521651853968
0,0.2893282569951469
0,0.0348151653234161
0,0.03588540609493
0,0.0358583714352536
0,0.0358146707079533
0,0.1453271901356509
0,0.0356091379068448
0,0.0351554494839022
0,0.0169307894959835
0,0.0355958336794222
0,0.0356106625406078
0,0.0354863403198158
0,0.0412836040296894
0,0.0168069790191114
0,0.03482645287601
0,0.0352076052278081
0,0.0023840287982215
0,0.0267601498402071
0,0.0099726106604532
0,0.0349632609120842
0,0.0347739876725621
0,0.0258346689910646
0,0.0347820583495674
0,0.0169591478776703
0,0.028331896913962
0,0.0350631056955082
0,0.035814807179117
0,0.010050252630213
0,0.023503551388261
0,0.0354820707593309
0,0.0354766885414312
0,0.0348060083630446
0,0.0352492855765114
0,0.0030298818842036
0,0.0358657446258189
0,0.0344299307166046
0,0.0348140017298855
0,0.0348745498669834
0,0.0357526898658786
0,0.0358544528074881
0,0.0126319832121075
0,0.0352247107591734
0,0.0348498057770533
0,0.0238438028213496
0,0.0345069236192374
0,0.034872076917793
0,0.0349356815667735
0,0.2146387095633474
0,0.0351769316682621
0,0.035699369050168
0,0.0022210324323347
0,0.0347904794291639
0,0.0039289544154433
0,0.0353039574732107
0,0.0358528840212145
0,0.0351738994590925
0,0.0357389976747157
0,0.0358621095978704
0,0.0225252637219114
0,0.0347796384690116
0,0.0357982894438284
0,0.0057620464662391
0,0.0351877111271021
0,0.0354618626546103
0,0.0358433681409987
0,0.0050962601931701
0,0.0268621880830283
0,0.1010135132252267
0,0.0044922304584397
0,0.0356159182935133
0,0.011725507042444
0,0.0350508637152768
0,0.0356740133388882
0,0.028284598430816
0,0.0355656642763046
0,0.035051573359722
0,0.0348090281716709
0,0.0347937852640028
0,0.0355432513766974
0,0.0356454369777769
0,0.0012397203945632
0,0.0347931172429606
0,0.0212114334262147
0,0.0356119505586899
0,0.011407386916939
0,0.0347973915484377
0,0.0348057348679683
0,0.0358566944184551
0,0.0358555946302196
0,0.0192141203550114
0,0.0350547823483193
0,0.0356394874164432
0,0.0356104599965277
0,0.0227645404527169
0,0.0357535311554235
0,0.0088501470864685
0,0.0348153198283755
0,0.016277748009184
0,0.0351625889447131
0,0.0030484135977234
0,0.0358379657196195
0,0.0356922996786163
0,0.0358643218605554
0,0.0353775257926801
0,0.0099167411744034
0,0.0358788613726305
0,0.0346820520209223
0,0.0253743980115696
0,0.0351937218377798
0,0.0307258816788523
0,0.0353114613605221
0,0.0356956250202535
0,0.0310144749312536
0,0.0049383771626808
0,0.0350747979769377
0,0.0348433053985646
0,0.0358275665822013
0,0.0357460254845475
0,0.0203320695266222
0,0.0183885008728243
0,0.0358407866437373
0,0.0350745617023004
0,0.034854967448862
0,0.0269944799371356
0,0.0356175924679856
0,0.0349919598077521
0,0.0092860807332725
0,0.0354153392315892
0,0.0347649192276853
0,0.0349950895627735
0,0.0358783686860636
0,0.0347852451500176
0,0.0348293646536436
0,0.0347885496708227
0,0.0265917431087081
0,0.0122529452013967
0,0.0358457553544145
0,0.0349094443849903
0,0.0157510431407008
0,0.0249817081732631
0,0.0357458442573284
0,0.0248469716972265
0,0.0152440852306099
0,0.0358649422822818
0,0.0358343985725388
0,0.0349461140067273
0,0.0350029802983635
0,0.0353827658273295
0,0.0348102567807705
0,0.0356491220409588
0,0.0353633929836097
0,0.0351539871827451
0,0.0348186449959887
0,0.0348002986480167
0,0.06160331057654
0,0.0280193703474377
0,0.014230183055184
0,0.0315800793813769
0,0.0141394589003141
0,0.0171023215397906
0,0.0349435478936583
0,0.0358822236293814
0,0.0350078771440807
0,0.0191978762087571
0,0.0357190770917035
0,0.0185414799143141
0,0.0348632102519432
0,0.0351865873716264
0,0.0349245396727608
0,0.0350105392679862
0,0.0057720897054017
0,0.035615533893781
0,0.0357080106716593
0,0.0143618314539375
0,0.0348086710746142
0,0.0072491586259689
0,0.0148334845088608
0,0.0349472634577552
0,0.0258137546031661
0,0.0316712144160891
0,0.0336465485319949
0,0.0335731580850331
0,0.0355750558362639
0,0.0241162036538842
0,0.0178614342923334
0,0.022929763058407
0,0.0351550797672382
0,0.0353495021268007
0,0.0351135968760943
0,0.0085007395939598
0,0.0343076196537189
0,0.0356557789089079
0,0.0349269746059579
0,0.0346237192205336
0,0.0291546667737413
0,0.0345933171778097
0,0.0354607780886477
0,0.0103244890017645
0,0.0136024973284508
0,0.0358596830409798
0,0.0357742208719072
0,0.0095001818733311
0,0.035759629515752
0,0.0147489143294158
0,0.0352686812976311
0,0.0357411634210168
0,0.0352844339516534
0,0.0080157075434159
0,0.0357868857472709
0,0.0351827877263255
0,0.0355444241147369
0,0.0347896663513464
0,0.005789888781301
0,0.0355156712057072
0,0.0358571782807558
0,0.035854883882466
0,0.0357988331282026
0,0.0202267877669833
0,0.0357810698177308
0,0.0357160695096937
0,0.0093762734755051
0,0.0358524470563612
0,0.0355880374201106
0,0.0348007966018247
0,0.0209493763013805
0,0.0349651981239585
0,0.0347845999544942
0,0.0349953828104786
0,0.035716547039813
0,0.0271408122024304
0,0.03581766768353
0,0.0356983152776648
0,0.0271216545415591
0,0.0356404509536415
0,0.0357867314476838
0,0.0356390603055968
0,0.0358579672186725
0,0.0348909886046313
0,0.0349939340786525
0,0.0872157127112796
0,0.0110285594819727
0,0.0354545380224321
0,0.0355402020728999
0,0.0357019919661176
0,0.0357583959002286
0,0.0348225178307296
0,0.0098397111510454
0,0.0349982007123829
0,0.0316041315648887
0,0.0350027437124498
0,0.035624569777571
0,0.0830888607543145
0,0.0356340367894849
0,0.0357616724108845
0,0.0349646737712446
0,0.0732882018516729
0,0.0649978272369972
0,0.0220314553109841
0,0.0354211911179715
0,0.0348221539217255
0,0.035414846402622
0,0.0357282912085673
0,0.032479391829511
0,0.0004443170635423
0,0.0347801046634767
0,0.0352256489834059
0,0.035832644324252
0,0.0348863646772822
0,0.035835993851746
0,0.0356720311898926
0,0.0035783978759213
0,0.0353023916973383
0,0.0015840497245535
0,0.0353367951493617
0,0.0358465513357546
0,0.0356215430644905
0,0.0358559319707723
0,0.0322391190268468
0,0.0350906907467949
0,0.0358475630359827
0,0.0353819990023981
0,0.0249539972124221
0,0.0350939624576887
0,0.0359103947930509
0,0.0349110388004924
0,0.0063209469166879
0,0.0352156010801955
0,0.0350697823237002
0,0.0353532319123492
0,0.0308456782852658
0,0.0356088832663466
0,0.0357988172474116
0,0.0043864931231757
0,0.0234080543517583
0,0.046022917571812
0,0.0071673449633661
0,0.014739447087601
0,0.0058871966451982
0,0.0355642501501749
0,0.0357704896341892
0,0.0352753715838132
0,0.0228100282159088
0,0.0154649231778035
0,0.0031548726527478
0,0.0049369457511336
0,0.0304570914261959
0,0.0305258886360525
0,0.0122456516042358
0,0.0353845137965663
0,0.0203549900151023
0,0.0358194598318938
0,0.0350671774180717
0,0.0347969600126229
0,0.0357176690783157
0,0.004356462718846
0,0.0307791502357183
0,0.0348988330367895
0,0.0356849515636187
0,0.0356285210750939
0,0.0347157637059718
0,0.0185277330597513
0,0.0352237413523022
0,0.0349695671138321
0,0.0357651393676238
0,0.030250812705296
0,0.0347899723819444
0,0.008635759381471
0,0.0358016635045014
0,0.0068168355418736
0,0.0029069122191673
0,0.0209847365713852
0,0.0357040491894757
0,0.0358386398115791
0,0.0173085458446896
0,0.0186453432007174
0,0.0352229150326615
0,0.0175103438707611
0,0.0347940969358715
0,0.011588684949709
0,0.0350135220124165
0,0.0353346250520976
0,0.0351004576381391
0,0.2499322585170953
0,0.0356493578720958
0,0.0337071798461576
0,0.0348993565824673
0,0.0348049191923923
0,0.0350694119381518
0,0.0351226324463172
0,0.0354615721476915
0,0.0352528083982748
0,0.0313349271893943
0,0.015995462484048
0,0.0350982332478363
0,0.0028780709254473
0,0.0348644263667916
0,0.0351062289948939
0,0.0079358593717735
0,0.0348098617737137
0,0.0350828054141652
0,0.0348776868616523
0,0.0211783775653466
0,0.0348844086890385
0,0.0358189893116363
0,0.035596847324582
0,0.0356238927827303
0,0.0282310337844966
0,0.0350110145298936
0,0.0356270536525327
0,0.0018638957990885
0,0.0353261371289749
0,0.0348277272801273
0,0.0278317102886176
0,0.0358698932626966
0,0.0350264315052407
0,0.0052341276090003
0,0.0356586646898924
0,0.0233320531764274
0,0.0348106589693068
0,0.0358335581876157
0,0.0357750633456814
0,0.0308923348760993
0,0.0356681643903245
0,0.0358416011666283
0,0.0235343006497758
0,0.0245292403218551
0,0.0358565387063724
0,0.0355257594841657
0,0.0348963561237032
0,0.0353181464993392
0,0.0301080714395308
0,0.0351135968760943
0,0.0356949361486524
0,0.0358547322237015
0,0.0166120522698777
0,0.0356437822219167
0,0.0038636120581951
0,0.0351496194389563
0,0.0312646689439145
0,0.0235607881163043
0,0.0306658143969426
0,0.0131699135309676
0,0.0349901425917283
0,0.0347890934656221
0,0.0354769445897264
0,0.035562366196464
0,0.0358747037137012
0,0.0037513199045784
0,0.0356672851883823
0,0.1613576278562628
0,0.0356078491328244
0,0.0158133449648232
0,0.030928401951619
0,0.0354464943711867
0,0.0274299821147509
0,0.003006676238308
0,0.0349665489493277
0,0.0338188185647331
0,0.0352825879370784
0,0.0348524227332349
0,0.0358350928715746
0,0.035144723502691
0,0.0173615579625581
0,0.012316891378171
0,0.035700040815296
0,0.0347966015303424
0,0.0358449876505272
0,0.0352505494029076
0,0.0357251065130351
0,0.0355674636326904
0,0.0354169188059274
0,0.0356968572818823
0,0.0358030425966041
0,0.0358651428889045
0,0.0355485932815863
0,0.0119042253541179
0,0.3043658257938713
0,0.0342244645836796
0,0.0358037082868465
0,0.0345143639677133
0,0.0184842981901018
0,0.0242872683640057
0,0.0348181495816284
0,0.0358390266869093
0,0.0244636680553924
0,0.0354482415616667
0,0.0356708606363075
0,0.035681135912182
0,0.0293719519108357
0,0.0352229189032708
0,0.0250258089532915
0,0.0351696619977398
0,0.52964672093408
0,0.0356902311109289
0,0.0160731171835386
0,0.0348452534608155
0,0.0350367582893896
0,0.0127617594700147
0,0.0358470800899202
0,0.0356094911648229
0,0.0348616160697131
0,0.0040205106421002
0,0.0357809396472475
0,0.0096838797587901
0,0.0347692042274764
0,0.0358326482296835
0,0.0357991898025677
0,0.0356226416119148
0,0.0131199606927603
0,0.0356081334106812
0,0.018466911807443
0,0.0347793674176934
0,0.0347979952604585
0,0.0038322289232095
0,0.0080605009297346
0,0.0350408530564739
0,0.0005333049247847
0,0.0149602414305961
0,0.0354152598534604
0,0.0354704519293763
0,0.0358261620592221
0,0.0357956070414874
0,0.0351297107241039
0,0.032007939619572
0,0.0140936480829988
0,0.0353428357313233
0,0.0197466495399678
0,0.033662599576474
0,0.0354944402955268
0,0.0209173687576183
0,0.0348735708979617
0,0.0326308427230224
0,0.0358380781873519
0,0.0347974811406478
0,0.0347914035323684
0,0.0358123702236435
0,0.0348804743688117
0,0.0358361927825744
0,0.0349927566532338
0,0.035786976110035
0,0.0348075590370194
0,0.0351577995003713
0,0.018061746267703
0,0.035818540140851
0,0.0346225229294887
0,0.0809731611526347
0,0.0349639619197548
0,0.035429518117201
0,0.0349886432636519
0,0.0358325401001804
0,0.0348104207085232
0,0.0354645208812826
0,0.035872381801753
0,0.0350119863599424
0,0.0130933243900071
0,0.0348102257693901
0,0.034806593416833
0,0.0350859315583183
0,0.0626018482893075
0,0.0356592306823014
0,0.0018799419078406
0,0.0356851139267764
0,0.0357299663448016
0,0.03484018229862
0,0.0230395660976886
0,0.0355424325419033
0,0.035803898915722
0,0.0083499434409664
0,0.0179961115416456
0,0.0352908828479641
0,0.0220968095031673
0,0.0264362982592262
0,0.0357929542759106
0,0.0321710182305449
0,0.0356543586399733
0,0.0240231928771983
0,0.0354450726989361
0,0.019533013123948
0,0.0353947120075205
0,0.0238666361065563
0,0.0206413214388804
0,0.0350545033696961
0,0.0236134421418229
0,0.0356169555014762
0,0.0305482501174909
0,0.0351642747259059
0,0.0357885285527537
0,0.0357777882231162
0,0.0358573063604787
0,0.0349511996987474
0,0.0029151553013739
0,0.0351619794882791
0,0.0176580545337587
0,0.0092256337756181
0,0.0349458816845745
0,0.0351211310549266
0,0.0359753558880136
0,0.002617479486426
0,0.0348060209166264
0,0.0199773896276049
0,0.0351386125035667
0,0.0353061919028873
0,0.0249711672303554
0,0.0354901553866859
0,0.0349773413770984
0,0.0350608400794759
0,0.035614952372676
0,0.0357172849530438
0,0.0863240205661201
0,0.0348042058520019
0,0.0350494968127957
0,0.0338424012649548
0,0.0217769809140542
0,0.0195517039432089
0,0.0350946988849519
0,0.0353485770496835
0,0.0356701420452735
0,0.035428981859758
0,0.0333955843427877
0,0.0282340562805657
0,0.0188139681249988
0,0.0108845257996508
0,0.1477120279883725
0,0.455177976045335
0,0.0358610521673904
0,0.035830420366841
0,0.029159759643396
0,0.0356074458495106
0,0.0353804337541292
0,0.0355279356373438
0,0.0127669120442678
0,0.0349077193842284
0,0.0214297342810867
0,0.0351897298183603
0,0.0355769660032138
0,0.035394844895174
0,0.0320217046816521
0,0.035674029037001
0,0.0350239666552187
0,0.0350298818415243
0,0.035018325973092
0,0.0355569315253304
0,0.0354925195591835
0,0.0349044961778183
0,0.0353732793296931
0,0.0353806897308848
0,0.0358578593048306
0,0.0357689339017689
0,0.0347840731634639
0,0.0358578314029867
0,0.0348088959160991
0,0.0030688266000813
0,0.0357484797900462
0,0.0347679301197731
0,0.0356527118572405
0,0.0348104554046934
0,0.0088142150318402
0,0.001879937169672
0,0.0230469110699771
0,0.0353072812060288
0,0.0266688935957311
0,0.035477635021811
0,0.001235198759367
0,0.0351450346683503
0,0.0352418024186384
0,0.0245578881515522
0,0.0350684803346502
0,0.0358411622875972
0,0.035375652115568
0,0.0166168012993807
0,0.0358816116328976
0,0.035830433002545
0,0.0348292007167053
0,0.0347969949864552
0,0.0358087486586161
0,0.0348137248860432
0,0.0347821917765857
0,0.0137531020964759
0,0.0245149746940741
0,0.0626653570058172
0,0.034945774804185
0,0.0355786178929826
0,0.0358578932939742
0,0.0349096293155114
0,0.0347808243409156
0,0.0348728419798381
0,0.0348414006695542
0,0.0270099492246414
0,0.0158352797924386
0,0.0353140779319894
0,0.0349123915578318
0,0.0348748846291245
0,0.0357584970929574
0,0.0350527534629683
0,0.0348098793216013
0,0.0357675485694887
0,0.0348566210535233
0,0.0354957121913733
0,0.0351508446138515
0,0.0358385223403519
0,0.0233229539352823
0,0.0358285395050045
0,0.0348491774913185
0,0.0356372050462803
0,0.0314388791538779
0,0.0018634878941465
0,0.0306527029928885
0,0.034883930475117
0,0.0120533705519572
0,0.0353405226252228
0,0.0350347587547616
0,0.0354151136985536
0,0.0353119124262262
0,0.021065656691214
0,0.0204766761820778
0,0.0114476784392216
0,0.0356407282296709
0,0.0351742295980157
0,0.0332275712390042
0,0.0012867114281163
0,0.0358588749500233
0,0.0348376951639924
0,0.0250847706107056
0,0.0350027437124498
0,0.0234911977749507
0,0.0270451108389004
0,0.0353178732120096
0,0.0356609129766593
0,0.0135653438327795
0,0.0348836706706393
0,0.0105728161827895
0,0.0218435204663085
0,0.035855225018303
0,0.034954788728301
0,0.0342495223750407
0,0.035209351148442
0,0.0356401927914245
0,0.0178241221577641
0,0.0354426488030259
0,0.0358555731981211
0,0.0356749454133384
0,0.011309481042306
0,0.0354016334263559
0,0.0223073558926206
0,0.0058218341769448
0,0.0348832179775292
0,0.0302382084985503
0,0.0299650513050034
0,0.0358134441911166
0,0.035025887376986
0,0.1052340707001461
0,0.0355750334230015
0,0.0348955040702801
0,0.0126299095881497
0,0.0290035023304037
0,0.0355405426761536
0,0.035916909295384
0,0.0138645028785422
0,0.0358011877215414
0,0.0348002986480167
0,0.0356390443659481
0,0.0147625352723246
0,0.034884196200675
0,0.0354892687837697
0,0.0348054376473359
0,0.0358482592194168
0,0.0353077054030504
0,0.0068538602193956
0,0.0355805098013892
0,0.0358338960813889
0,0.035232682471956
0,0.0355797663574085
0,0.0213555090808288
0,0.0358566788365245
0,0.034921397161724
0,0.0332405458732991
0,0.0353387618632572
0,0.0348207401374793
0,0.0356210065432103
0,0.0357657307860564
0,0.0353932604419546
0,0.0258203907334589
0,0.0350467167876223
0,0.0348344710117414
0,0.0357854379396174
0,0.0348677060445799
0,0.0327104101018093
0,0.0354917344039214
0,0.0348881554733338
0,0.0357848664053613
0,0.0075699868212125
0,0.0358982313316056
0,0.0350527850347542
0,0.1500378635703941
0,0.0356836995373701
0,0.0356686305910473
0,0.0352476877558508
0,0.0348049873514297
0,0.0354911294866991
0,0.0355198625132968
0,0.0347996894101523
0,0.0352498407514657
0,0.0251775439099187
0,0.0292512990130277
0,0.0306730747791444
0,0.0358804393668211
0,0.0308194371881573
0,0.0357164417150345
0,0.0353997499129955
0,0.0358043142075131
0,0.0356255276982317
0,0.0347405408503503
0,0.0472528060303625
0,0.0350374436293322
0,0.0351219861953486
0,0.0347569759888376
0,0.0347676896181781
0,0.0357639446358781
0,0.0347807549549107
0,0.0349485170920628
0,0.0356988530421619
0,0.0358579681836462
0,0.0310016904442523
0,0.0358383827213216
0,0.0356074942891511
0,0.012456968728263
0,0.0356618394422096
0,0.0358817072859493
0,0.0348056764502774
0,0.0347838688985754
0,0.0348061966816998
0,0.0354838265912486
0,0.0357391225220756
0,0.0349685740099723
0,0.0655505923209017
0,0.0347999034346484
0,0.0348995976736473
0,0.0041746210809404
0,0.0348049191923923
0,0.0157392076995599
0,0.0087901603017014
0,0.0159809621462392
0,0.3913377714692378
0,0.0095110213162369
0,0.0350765345687392
0,0.0144162732987382
0,0.1077165176204637
0,0.0357563236105687
0,0.0358000539667626
0,0.0348182133469143
0,0.0348386045126705
0,0.032911935705381
0,0.0087129320942519
0,0.0353121708193669
0,0.0297358015460248
0,0.0305767956922824
0,0.0353704819019153
0,0.0121589806246952
0,0.0906677245868066
0,0.0347766787649227
0,0.0348916327318263
0,0.0200392597621051
0,0.0357292244404764
0,0.0017869649883367
0,0.0351178988387613
0,0.0004103314513048
0,0.0258348147285988
0,0.035743531637521
0,0.0182267421439013
0,0.0349006689470157
0,0.0425026130364033
0,0.0357830672937315
0,0.0188324042574085
0,0.0291992148427128
0,0.0348177112477902
0,0.0358542324457369
0,0.0350041514880194
0,0.0357126612376271
0,0.03586824441031
0,0.0347798126717094
0,0.0301459064791098
0,0.0354380388806848
0,0.0358185278001787
0,0.0355821082654167
0,0.0354067558523184
0,0.0357978154629114
0,0.1132527618097643
0,0.0353139548135655
0,0.0356620044682442
0,0.0347832131362847
0,0.0351061860723279
0,0.0358446447590003
0,0.1635914985827181
0,0.0627556151229337
0,0.0358626776165041
0,0.0358899280308918
0,0.029031538270856
0,0.0349765306215983
0,0.035278968805747
0,0.0303326896437905
0,0.0347799089980706
0,0.0350072330034213
0,0.0347936858993184
0,0.0353576761373142
0,0.0350968463891183
0,0.0358209371024877
0,0.0354283616126726
0,0.0358005414594007
0,0.0358400083348704
0,0.0348599860836615
0,0.0358152922435809
0,0.0356933663060588
0,0.0348669353550561
0,0.0351575421422221
0,0.0358192215820768
0,0.0207611369707315
0,0.1951766246381851
0,0.0154055270891954
0,0.3151864763029301
0,0.0348181379918328
0,0.0093584448395112
0,0.0357186469701937
0,0.0358029308070604
0,0.0350539401956279
0,0.0248572917324141
0,0.0348827727772846
0,0.0097903128640943
0,0.0351349058564423
0,0.0351427521113349
0,0.0284757663635357
0,0.0003767966841172
0,0.0353392328247495
0,0.00248531301926
0,0.0031661960781205
0,0.0357898017625271
0,0.034796572361028
0,0.0296604679723097
0,0.0347888403860989
0,0.0080375351133753
0,0.0348746538062751
0,0.0357624028130212
0,0.0348621558876631
0,0.0348966247851845
0,0.0351625678614599
0,0.0084953254873841
0,0.0029063274740634
0,0.0358513885511362
0,0.035653995069536
0,0.0358371798344247
0,0.0357216502051777
0,0.0349111337332504
0,0.0125709476845478
0,0.0336759425169046
0,0.0351103686783376
0,0.035593402105775
0,0.0009644172683988
0,0.0354968681315824
0,0.0025379278150693
0,0.0021940166878914
0,0.0356525490453282
0,0.0155080302490412
0,0.035807910569834
0,0.0352778892880841
0,0.0188291293849975
0,0.0358195554745433
0,0.0352044664452037
0,0.0134745936032377
0,0.0349541636361695
0,0.0349905387079987
0,0.0348971520150198
0,0.0349998052242145
0,0.0128697758107524
0,0.0274220724058408
0,0.0130155408931359
0,0.0266605275308262
0,0.0353177551321106
0,0.0336220680123538
0,0.0348604698564546
0,0.0185679459468948
0,0.035527544235351
0,0.0348018679010519
0,0.0355564817702189
0,0.0357866781584173
0,0.0070077407924045
0,0.0358625988966292
0,0.0358172507900339
0,0.0357209784843184
0,0.035438221463969
0,0.0356179859591111
0,0.0228790150294255
0,0.0351955946578291
0,0.0348013056460552
0,0.034990092046613
0,0.034897270437171
0,0.035807570422741
0,0.0091468732247762
0,0.0051161072384244
0,0.0165889451197791
0,0.0356135949403284
0,0.0358468186598811
0,0.0358302627624884
0,0.011706727806917
0,0.0358086642834884
0,0.0350932335412283
0,0.0358545803794599
0,0.0351570005972834
0,0.0357511933896081
0,0.0350352129689
0,0.3869846894429883
0,0.0235865539532585
0,0.0358053243251494
0,0.0358617639917955
0,0.0353982050725158
0,0.01664202780359
0,0.0347962270416108
0,0.0203190428401495
0,0.0164143822938569
0,0.0347992901969261
0,0.0350989345890707
0,0.0355217651856745
0,0.0202414461707396
0,0.0358384263679141
0,0.0121563590854107
0,0.0355631366984437
0,0.0357230300758168
0,0.0040624349400955
0,0.0356499387378886
0,0.0357677005168341
0,0.0358404710582665
0,0.0025370623737286
0,0.0348808435105336
0,0.0358461163628759
0,0.0357765803317965
0,0.3151721712239041
0,0.0351314526902715
0,0.0358549071351652
0,0.0356589015404074
0,0.0356801677022347
0,0.0355085327764215
0,0.0122213986538905
0,0.0351319137661555
0,0.0139554748878671
0,0.005818338665321
0,0.0148212312517388
0,0.0348485647193793
0,0.0083812559416219
0,0.0348583007814526
0,0.0347719897800059
0,0.0076481206321091
0,0.0352761404834851
0,0.034789648030944
0,0.0348728160039192
0,0.0347800332109163
0,0.0354630240138015
0,0.0356777651366064
0,0.0348548149535542
0,0.0358786494894928
0,0.0356972100857149
0,0.0349473707341805
0,0.031699520628378
0,0.0139118097782
0,0.0357898555955839
0,0.0325500632939088
0,0.0151565814229697
0,0.0021756634719214
0,0.0349869592524667
0,0.0358200654823889
0,0.0068797776037667
0,0.0357354288454188
0,0.0351874075684381
0,0.0175391165737105
0,0.0357951868865586
0,0.0358400340759514
0,0.0353234341077829
0,0.0353031099263762
0,0.0094069274522891
0,0.0349423176097535
0,0.0353281663242088
0,0.0352903806764611
0,0.0357038370824338
0,0.0353023916973383
0,0.0358669553341123
0,0.0700142004547293
0,0.0350424819914435
0,0.0350152249040504
0,0.0031611686562204
0,0.011552832502716
0,0.0349188221783578
0,0.0023875607396772
0,0.0349154338220254
0,0.0353016004464573
0,0.011530294682963
0,0.0348245098041385
0,0.0304513142227232
0,0.035287734866105
0,0.1655291659286815
0,0.0129011503998288
0,0.021104179870606
0,0.0031160175878936
0,0.0156658376965618
0,0.0355622644075898
0,0.0132893466006878
0,0.0351548772751564
0,0.01580391980155
0,0.0224049212820252
0,0.0353487031380465
0,0.2372629001392215
0,0.0356356205268087
0,0.0357785750664763
0,0.4399374655644918
0,0.0234651859189928
0,0.0037182756466024
0,0.0350081340455432
0,0.0358531082976204
0,0.0349698088203288
0,0.034794395934428
0,0.0358727002319156
0,0.0357914117332241
0,0.0349440845759257
0,0.0191026206628749
0,0.0136936667112495
0,0.0351363670357686
0,0.0332391521887407
0,0.0350703459413446
0,0.0358496513261898
0,0.0351550227980399
0,0.0350851275082829
0,0.0358500488510839
0,0.0351077638418522
0,0.0016321691844312
0,0.0358269747216228
0,0.0250356735352402
0,0.0209756725329161
0,0.05792014356215
0,0.0348758216907231
0,0.0276309237323251
0,0.0091450566063
0,0.0350780763788854
0,0.0356118636211374
0,0.0335905974539508
0,0.0356877642909415
0,0.0292512990130277
0,0.0355019158962806
0,0.0348071968684443
0,0.0235290466060586
0,0.010579147817791
0,0.0352054667267484
0,0.0040982161122264
0,0.035252004384349
0,0.0236253459732751
0,0.0354369107097456
0,0.0354980346808827
0,0.0352913556138167
0,0.0344044448257452
0,0.0356164175361728
0,0.0162245323732935
0,0.021030680710033
0,0.0348119468136878
0,0.0351098153367476
0,0.0352622927642767
0,0.0358535390071861
0,0.0149002506064165
0,0.035632516629856
0,0.0213230920925736
0,0.0358346198475573
0,0.0033408348856897
0,0.0351963072750846
0,0.034825020953105
0,0.0356879315511906
0,0.0358584001652308
0,0.0342205140276895
0,0.0347872626642232
0,0.0351232348010193
0,0.0355752416100986
0,0.0347944212642224
0,0.0348277510592498
0,0.035848745334139
0,0.0347789021578306
0,0.0350200879550073
0,0.0676952159986174
0,0.0356164174012677
0,0.0352100255828467
0,0.0338863666918168
0,0.0357184798903707
0,0.0354163765927142
0,0.0139816166607761
0,0.0100989873662522
0,0.0357904741272962
0,0.0351216529242481
0,0.0356083847678063
0,0.0348044208222882
0,0.0350963816764887
0,0.0167017760091059
0,0.0357278228001385
0,0.015689498255277
0,0.0357280880705133
0,0.0071196495760029
0,0.0352526692282844
0,0.0358334185650492
0,0.0358355427850882
0,0.0098642588906789
0,0.0357257859509607
0,0.0358658574259683
0,0.035639655867569
0,0.0260735052470388
0,0.0351901340819149
0,0.0357554817533084
0,0.011658804683165
0,0.0111615971658451
0,0.0350768665997727
0,0.2668213915362112
0,0.0353028283624858
0,0.0356088987365097
0,0.0355587350530134
0,0.0349744179071232
0,0.0027313353035505
0,0.0351904854492055
0,0.0167892883234774
0,0.0162190879669619
0,0.0359312486592001
0,0.0351267728144858
0,0.0347484063137709
0,0.0349141017546904
0,0.0356709111022942
0,0.0163116163837088
0,0.0357100339386114
0,0.0030959334631346
0,0.0348199560211643
0,0.0347819532698524
0,0.0349629211951736
0,0.035171928611858
0,0.034781163504255
0,0.0349307670844096
0,0.0358596120877587
0,0.034795640975075
0,0.0348322721170089
0,0.0357739315827436
0,0.0347924850560139
0,0.0352852542618304
0,0.0290566792694627
0,0.0284182272149268
0,0.0116861353796533
0,0.0353060615293285
0,0.0356078552483404
0,0.0347952779967984
0,0.0055769316787204
0,0.0082022139593183
0,0.0355975192270854
0,0.0351647492728628
0,0.0349529297648754
0,0.0348587793279184
0,0.0107666480389843
0,0.0095582772551707
0,0.0356854794560892
0,0.0358396577355014
0,0.0330917810190145
0,0.0013524779382958
0,0.0348732108486536
0,0.0348040925020472
0,0.0351209796381416
0,0.0357873088299462
0,0.0120984789935137
0,0.0357146018991807
0,0.0355213104275689
0,0.0411516976469584
0,0.0350573658571943
0,0.0356219935379261
0,0.0209309458659037
0,0.0358297415485872
0,0.4508087607138401
0,0.0358598116925134
0,0.0350551766205917
0,0.0359005238045833
0,0.0054776771132545
0,0.0051716176408263
0,0.0349031820930111
0,0.0357938841927008
0,0.0337489173974476
0,0.2391340081736428
0,0.0352589951979287
0,0.0358497297894143
0,0.035826587645349
0,0.0358538097061049
0,0.0348859163957322
0,0.0053829925703779
0,0.005043175813443
0,0.0356249860323161
0,0.1724004640503111
0,0.0418597825554
0,0.0352414829152656
0,0.034974325989008
0,0.0168135486449187
0,0.0349668193678917
0,0.0206745789244006
0,0.0044381070678042
0,0.035809791019764
0,0.0050963407520226
0,0.0356730136118092
0,0.0270728411595028
0,0.0355969543944403
0,0.0347842589369807
0,0.0358325341981392
0,0.0327885293532495
0,0.0294415788438002
0,0.0153028455511839
0,0.0022957028790946
0,0.0263546787908158
0,0.0410424365860079
0,0.0349048222688464
0,0.0211858177596246
0,0.0357975439456106
0,0.0035738599986971
0,0.0191384278377938
0,0.0353581100974027
0,0.0348939485963316
0,0.0197857497230268
0,0.0352255219475627
0,0.0348707902345181
0,0.0075010646092681
0,0.0350023279496235
0,0.0356886999668967
0,0.0355962704421851
0,0.0213556954582509
0,0.013593344583275
0,0.0358508462958014
0,0.0347915076266239
0,0.0357635463745473
0,0.0348507099836711
0,0.0172829297790588
0,0.032974617513566
0,0.015576481852528
0,0.0348626559333094
0,0.2732276674952281
0,0.0339599740393741
0,0.0043315107078084
0,0.0355345219886864
0,0.0358529708751045
0,0.0357272578768319
0,0.0297724146387244
0,0.0358175453773958
0,0.0358073711235277
0,0.0355021826780714
0,0.0358367723692323
0,0.0353651578668233
0,0.0348187672621547
0,0.0326496751938574
0,0.0036427904872108
0,0.0353532709974935
0,0.0349477648797977
0,0.016683452113438
0,0.0347972257689808
0,0.0351928122437748
0,0.0243750801731813
0,0.0258763805894216
0,0.0230520683444931
0,0.0356410260202288
0,0.0350085105589498
0,0.0351164123181116
0,0.0351150958957374
0,0.0349467951497777
0,0.0357364280249517
0,0.0332308223304181
0,0.0347495341140446
0,0.0348725310450092
0,0.035738455003888
0,0.0291559301998689
0,0.0350925210729366
0,0.0356054803045754
0,0.0355028463379208
0,0.026063458428791
0,0.0092559140543001
0,0.0225839506520679
0,0.0356510138448121
0,0.0358062252596184
0,0.0318617536589574
0,0.0282515059668446
0,0.0349250244241591
0,0.0347786593979346
0,0.0358179077081083
0,0.0352800988614723
0,0.0140890066734661
0,0.0349085329100714
0,0.0350591325106368
0,0.035617002264839
0,0.0302799992640916
0,0.0353445069058963
0,0.0338428872592712
0,0.0022122096846438
0,0.005682773507238
0,0.0355656112078674
0,0.0351910781993781
0,0.0349839931748652
0,0.0347992889809324
0,0.0352760887287078
0,0.0347850718919303
0,0.0357219298863222
0,0.0240757131902797
0,0.0022837708228641
0,0.0058488071766577
0,0.0016551319601205
0,0.0906847678475762
0,0.0353703943469464
0,0.0357300000987955
0,0.0342644426497121
0,0.0201353714540575
0,0.0351204600721904
0,0.0358375876128625
0,0.0348831013901467
0,0.0348415737615042
0,0.0237909680434525
0,0.0301970264046027
0,0.0348862522292342
0,0.0357973479430175
0,0.0007001148869057
0,0.0148624863329572
0,0.0356694158597329
0,0.0349540534369317
0,0.0348310887734378
0,0.0312360090137449
0,0.3260181893231157
0,0.0324148523954878
0,0.0355170620292584
0,0.0179785608520068
0,0.0355996532106895
0,0.0350999790548587
0,0.0335261051726697
0,0.0348961843304324
0,0.0355687741263664
0,0.0144064185907604
0,0.0356604623780467
0,0.0354032022174289
0,0.0128851872669914
0,0.0289922438516046
0,0.0353844909280079
0,0.0357823104621722
0,0.0176067509856049
0,0.0350875650872663
0,0.0227005731665805
0,0.0349340555581399
0,0.0348626559333094
0,0.0358493738915716
0,0.0348743204999639
0,0.016991993038343
0,0.0450234524319236
0,0.0347865813543939
0,0.0286781763801886
0,0.035840514578879
0,0.0348285737258548
0,0.012519438331515
0,0.0350721524222731
0,0.034908561166194
0,0.0329779157972831
0,0.0358205130887608
0,0.0347916569447108
0,0.0348201761134603
0,0.0357569244452514
0,0.0144435029929949
0,0.0356626452268682
0,0.0347792791976841
0,0.0351769316682621
0,0.0358433033172212
0,0.0358044090917282
0,0.0357656470558475
0,0.0349099565060748
0,0.1189242356315089
0,0.0089631938454641
0,0.0341576671112158
0,0.0348998076782817
0,0.0357099743026477
0,0.011947212482169
0,0.035601073476139
0,0.0356537357106731
0,0.0080975745490875
0,0.0348452534608155
0,0.0187136665419183
0,0.0060976926309116
0,0.0260239863894977
0,0.0267083093241126
0,0.0386265567143975
0,0.0357462782378494
0,0.0088204824240247
0,0.0348673573530989
0,0.0053851444228344
0,0.0358524738624946
0,0.0357400097578059
0,0.5112570127118173
0,0.0348981448487274
0,0.0337509108509277
0,0.035200699865619
0,0.0356942867857963
0,0.035592937644914
0,0.0347912932389444
0,0.0355719707574018
0,0.0036895234158845
0,0.0025812308077079
0,0.0143432313303615
0,0.0013567001096598
0,0.2511373966041088
0,0.035401354358062
0,0.0350912985494324
0,0.0113340425460369
0,0.0347746241524951
0,0.0352812429210463
0,0.0283301655615623
0,0.0179287555581952
0,0.0012012979977765
0,0.0461109866975365
0,0.0358762025044937
0,0.0351439500689309
0,0.0298656435941034
0,0.035876558379853
0,0.0348685916807539
0,0.0357527628152671
0,0.0349085329100714
0,0.0350251558639501
0,0.0066322536494679
0,0.0355213104275689
0,0.0358413944023903
0,0.0298069650950245
0,0.0124833591135301
0,0.0357924547001818
0,0.0355369290104437
0,0.0353923018018174
0,0.0347912027047371
0,0.0068343400476445
0,0.0347930912536628
0,0.0353243644753472
0,0.0049067352559366
0,0.0087056905717235
0,0.0349676620992682
0,0.0358173792114471
0,0.0356981161060558
0,0.0824649627527678
0,0.0182785708416076
0,0.0189212815815778
0,0.034874786405377
0,0.0357805095315455
0,0.0347944062915633
0,0.034865291130679
0,0.1135294257792038
0,0.0160920873548583
0,0.0352361386669655
0,0.0354272870332329
0,0.033871536790689
0,0.0071400320554192
0,0.0348182469982663
0,0.0358210181885638
0,0.0348780269536739
0,0.034797450563855
0,0.0349142051070099
0,0.0356885202919516
0,0.0130579946975845
0,0.0063298369386885
0,0.0352037353321432
0,0.0358555205535462
0,0.0355360012892114
0,0.0333875278965074
0,0.0191225174716091
0,0.0356234353636708
0,0.020362750071406
0,0.04028946157017
0,0.0355758941418186
0,0.0356422795423193
0,0.0354587501365168
0,0.0150734512586683
0,0.0041259185045935
0,0.0347949863534975
0,0.0348415673465058
0,0.015475678942952
0,0.0340871157470492
0,0.0322616630724406
0,0.0349644438466756
0,0.0358306518519103
0,0.034780890867478
0,0.0350554004513723
0,0.034891509873254
0,0.025890630834776
0,0.0298498680077496
0,0.0356571446984301
0,0.001872517616652
0,0.0695715216385121
0,0.0189912481307502
0,0.0038680290830605
0,0.0352867000892132
0,0.0348976802444967
0,0.0351242188067032
0,0.0250258686804981
0,0.0349234126580197
0,0.0225513487786304
0,0.0352230274550344
0,0.0358348622419691
0,0.0354820707593309
0,0.0358726852818874
0,0.034814512859498
0,0.0349515958731206
0,0.0353890809633691
0,0.0347905991191158
0,0.0219675787979578
0,0.0356115326696741
0,0.0251472843564521
0,0.0352779754332853
0,0.0348974047064653
0,0.0187157777586529
0,0.0352583261902484
0,0.0353054421431922
0,0.0161195681882169
0,0.0100580791016489
0,0.0349834516321072
0,0.0113164740403787
0,0.0357583927398213
0,0.0197278083372063
0,0.0347813905688515
0,0.0351087685531131
0,0.0351829613557879
0,0.0356093028122507
0,0.035329385324631
0,0.0284960512677584
0,0.0303083656442331
0,0.0347962358449159
0,0.0356248151369635
0,0.0354298208347098
0,0.0358659551965705
0,0.0355489826994569
0,0.0197256539591099
0,0.0358142337748389
0,0.0358577125609586
0,0.0284996270036482
0,0.0348858144382837
0,0.035082943863721
0,0.0356408692419525
0,0.0084362779073289
0,0.0144675438148552
0,0.0356127894697202
0,0.0350085871259339
0,0.0091769067813259
0,0.0358108825660457
0,0.0349416343554081
0,0.0140255391374505
0,0.0358545015584071
0,0.0083790245168199
0,0.0026136589359042
0,0.0347851113308977
0,0.0347971713672236
0,0.0348226920984798
0,0.0314810071657857
0,0.035085564795155
0,0.0351598272424321
0,0.0357372374664223
0,0.0138237025435833
0,0.0349748243204252
0,0.1214260074340819
0,0.0358677592311367
0,0.0335579519042252
0,0.0110618345544845
0,0.0350561000998006
0,0.0354587501365168
0,0.0348309613555454
0,0.0353199425642568
0,0.0356158060718314
0,0.0183425547717309
0,0.0350451663099917
0,0.0133431829096901
0,0.0354199937457891
0,0.0356112675085626
0,0.0112991953195398
0,0.0355832909376436
0,0.0009947089419735
0,0.0357564390880119
0,0.016994536930952
0,0.0358403515076582
0,0.0358538836545585
0,0.0354271391064607
0,0.0348691626561667
0,0.0281132321846649
0,0.0350858368587132
0,0.0348516441063614
0,0.769914180089009
0,0.0018786524120263
0,0.0259510522499944
0,0.0273092011755829
0,0.0344128100285529
0,0.0329814085101183
0,0.0356086096140246
0,0.0317377542937683
0,0.035364722977849
0,0.0091701439049908
0,0.3891014016359068
0,0.0350995819796313
0,0.0350154716679798
0,0.0356070501985772
0,0.0102712375252655
0,0.0031548726527478
0,0.0014369059230486
0,0.1857516582735501
0,0.0357457646297073
0,0.0353729620722021
0,0.0353757141193284
0,0.0169283840317776
0,0.0350637067270536
0,0.0347795418155282
0,0.0688917626156725
0,0.0352099875594277
0,0.0356117278247126
0,0.0357417018168679
0,0.0355573041215089
0,0.035356918693774
0,0.0353452336727569
0,0.0017742951533515
0,0.0107122218156385
0,0.0347927598402212
0,0.035442933313175
0,0.0064266168166069
0,0.0357540708404682
0,0.0348058803080864
0,0.035109445612283
0,0.0247043517649262
0,0.0354097063628349
0,0.0358122294114891
0,0.0347803615078459
0,0.0527009534356696
0,0.0357065231008634
0,0.0349363561940526
0,0.0352470530311663
0,0.0352197004421838
0,0.001940506785121
0,0.0348189081300686
0,0.0357463940268456
0,0.0355752491992821
0,0.0350725701790471
0,0.0117874859949612
0,0.0159714658436844
0,0.0353301015795322
0,0.0072851067342531
0,0.0352426170851513
0,0.0113376519632075
0,0.0075449766029935
0,0.0355675589197121
0,0.0313605309093418
0,0.0029474730463623
0,0.0056737737435537
0,0.0261616904145379
0,0.0358063485888024
0,0.0358619523108482
0,0.0356982090051751
0,0.0353712120160833
0,0.0054943105201545
0,0.035612305706896
0,0.0351403842560769
0,0.0286485315730749
0,0.0073712811900882
0,0.035057250119052
0,0.0350832407884876
0,0.0358663878266342
0,0.0156561796865746
0,0.0353814493885347
0,0.0194913863643837
0,0.0185578601997619
0,0.0288732016728383
0,0.0044338340129978
0,0.0347959131543011
0,0.0193870116422075
0,0.0201386935260272
0,0.0357409322013082
0,0.0358366732131711
0,0.0154121993707088
0,0.0352869089972991
0,0.0358417259187301
0,0.0044740408020957
0,0.0351454968910083
0,0.0349269746059579
0,0.035857866484594
0,0.0194531313961721
0,0.0357414287989925
0,0.0353306033463888
0,0.0355455966882376
0,0.2149721870584889
0,0.0261089687444006
0,0.0354487753982405
0,0.022182700670068
0,0.035117816084344
0,0.0355910686867791
0,0.0357736534888321
0,0.0351581130360768
0,0.0358651151751966
0,0.0352053779263914
0,0.0357149652600926
0,0.0358391799149391
0,0.0356162841260343
0,0.0348488966507837
0,0.0356749897613324
0,0.0350131519025068
0,0.0357619117341172
0,0.0350279909762612
0,0.005814307994522
0,0.0331329013150191
0,0.0004685184357908
0,0.0355005117160966
0,0.0348124578188193
0,0.009493881297079
0,0.0358145548243821
0,0.0356210777243768
0,0.0021322442965422
0,0.0350023279496235
0,0.0351242188067032
0,0.0348258516741376
0,0.0100499488618103
0,0.0347824819314777
0,0.0350914444833463
0,0.035707755514489
0,0.0358566458758058
0,0.0358807034081657
0,0.0346820520209223
0,0.0352826966347135
0,0.0395005998817235
0,0.0358381031319473
0,0.0322487814873004
0,0.0356823130038119
0,0.0172162044252378
0,0.0354303372140585
0,0.0293184803527613
0,0.0176106179940252
0,0.002138117806521
0,0.0352469735146393
0,0.0352990246419769
0,0.0354735800781978
0,0.006401093697797
0,0.0038684847934118
0,0.0351761091784217
0,0.0358723802330061
0,0.035730363090256
0,0.030608571406801
0,0.0242063158815151
0,0.0342277383357496
0,0.0350035234751775
0,0.0048889028412812
0,0.034902137360195
0,0.0356388223133757
0,0.0272274743045559
0,0.0108867721044354
0,0.0057345955680548
0,0.0351361760097586
0,0.034921922209591
0,0.0356085881509582
0,0.0347885440815768
0,0.0335432462810056
0,0.0355477898223002
0,0.0357272731676429
0,0.0184030590420577
0,0.0348895226099098
0,0.0353912678106137
0,0.0355545332136298
0,0.0350977116967309
0,0.0351958615606996
0,0.0358550594357744
0,0.0349159972660662
0,0.0347643527170055
0,0.0355527984073748
0,0.0165703332325675
0,0.0208781405065009
0,0.0140406539004825
0,0.0347861118663967
0,0.0028706603324499
0,0.0356751017504156
0,0.034888104512583
0,0.0347901592785114
0,0.6902312913301532
0,0.0355322696325877
0,0.0358578035458861
0,0.0342252393990346
0,0.0355911680456468
0,0.0350592692387663
0,0.0347897786120729
0,0.0355378526773644
0,0.03580060142204
0,0.0226539439385547
0,0.0355158363400301
0,0.0148015090951815
0,0.0303505210960465
0,0.0349010697950349
0,0.0358372526232931
0,0.0357100227037197
0,0.0031603458639632
0,0.0358178164328248
0,0.0356524329324555
0,0.0350904513945916
0,0.0352239540714057
0,0.0355643687869672
0,0.0356551144463516
0,0.0355081294303961
0,0.0235856152689044
0,0.0113780259804821
0,0.0094269408510394
0,0.0348865414179732
0,0.0355552353184246
0,0.0356893552857131
0,0.034630781214604
0,0.0347846084364301
0,0.0348424627168781
0,0.0358596571142356
0,0.0357285072421433
0,0.0358053390020884
0,0.0107060817032412
0,0.0224518061871414
0,0.0357876683831429
0,0.0071375479338075
0,0.020766367566344
0,0.0355332323816992
0,0.0358416540539064
0,0.0248174418381675
0,0.0354269391211054
0,0.0348415208024707
0,0.0358518701582059
0,0.0349386956519134
0,0.0349139136050724
0,0.0354981362898004
0,0.0093364402525037
0,0.034780921173803
0,0.0094168806645669
0,0.0357449952022378
0,0.0102283696194625
0,0.0354758371119877
0,0.0143462566925377
0,0.0106324593356398
0,0.0357760044114165
0,0.0173285155753678
0,0.0355743836641067
0,0.0355273600541541
0,0.034811677423443
0,0.0356611690215427
0,0.0305353018206046
0,0.0352392395932061
0,0.0354460525038505
0,0.0348224766829565
0,0.0347856628040383
0,0.0348299430621414
0,0.0349539425597667
0,0.0351381434401056
0,0.0080218117586199
0,0.0358440860473762
0,0.0353989392827731
0,0.0356390603055968
0,0.176515711914511
0,0.0352674385002302
0,0.0357817462241651
0,0.0356381320464586
0,0.0349089656161138
0,0.0348171211125738
0,0.0350680034894524
0,0.034975279158384
0,0.0349237983071609
0,0.0298423146521171
0,0.0205774748191755
0,0.0166493274897836
0,0.0354804841158678
0,0.0347965001040355
0,0.0352441641679081
0,0.016242528578338
0,0.035326597782735
0,0.0330052966452826
0,0.0020229646460611
0,0.0357088380053576
0,0.0197377926361405
0,0.0348268860004268
0,0.0349450926748382
0,0.0358675097411243
0,0.0358579603432342
0,0.0323029649173273
0,0.0213224896791643
0,0.0349310535904519
0,0.0210353714871008
0,0.0357820148210732
0,0.0358757462239888
0,0.0349571869960197
0,0.0347809603839125
0,0.0358268937170707
0,0.0358135227927711
0,0.0348526369009487
0,0.0348414325434906
0,0.0348578896346261
0,0.0348565870772039
0,0.0343404616011289
0,0.0259586912338415
0,0.0134981950097662
0,0.0358617029000648
0,0.0358718182804542
0,0.0351062289948939
0,0.0354541426184109
0,0.0352024638579216
0,0.0030150344281682
0,0.0358586115892305
0,0.0341829749838729
0,0.0337508829376079
0,0.0358326548012452
0,0.0180088397063375
0,0.0357804776231602
0,0.0291459793363323
0,0.0228343994057444
0,0.0358670786949318
0,0.0331307553581854
0,0.0349044159224135
0,0.0347802466240595
0,0.0357044177894246
0,0.0357770143404583
0,0.0352485771378418
0,0.0357898530708202
0,0.0350849736165644
0,0.0351042215884664
0,0.0357546136414937
0,0.0357325311254249
0,0.0272970231771756
0,0.0015458627108847
0,0.0124603020092344
0,0.0349686628806924
0,0.0351258571772004
0,0.0349281814566359
0,0.034810468503968
0,0.0348072004903354
0,0.0349293793330192
0,0.0039768876498032
0,0.034286904906386
0,0.029715149150281
0,0.0355865819895524
0,0.0119421852870095
0,0.0352143975122617
0,0.0358032077290818
0,0.0349937852325774
0,0.0242688572241206
0,0.0358296461811308
0,0.035824929720052
0,0.0342051342712596
0,0.3819704950231953
0,0.0348012726897568
0,0.0337700490998147
0,0.0354342221394654
0,0.0355388603608718
0,0.0356595025937492
0,0.035069745414286
0,0.0358512131368336
0,0.0068826092523297
0,0.0349643899275659
0,0.0084308593667
0,0.2112774509431636
0,0.013004715227529
0,0.0315865509587101
0,0.0357974159881215
0,0.0353054421431922
0,0.0358862032184167
0,0.0301877760143479
0,0.0358942175426974
0,0.0082552379462884
0,0.0354848302562796
0,0.1253408695431543
0,0.0347811310399257
0,0.0348404532081739
0,0.0356967179221787
0,0.0358285324839314
0,0.0353575006257269
0,0.0349739864449528
0,0.0219144423377935
0,0.0305832043478005
0,0.0439946682096881
0,0.0355611004429935
0,0.0357725543985158
0,0.0350414818313543
0,0.0358524399148249
0,0.0243906850848711
0,0.0357363729961377
0,0.0358415366038253
0,0.0358932430876415
0,0.035714241216735
0,0.03528188139309
0,0.034280073748843
0,0.0358302277780076
0,0.0357524296070274
0,0.0356183113156457
0,0.0350496512914389
0,0.0347955892489834
0,0.035569473355411
0,0.0353688022400638
0,0.0315647241476491
0,0.0351187426154277
0,0.0352639686033403
0,0.0356322207960193
0,0.0325769104698813
0,0.0349652107868369
0,0.0356198610024468
0,0.0349784318115175
0,0.0304939787512344
0,0.0348942208960972
0,0.0353733682304422
0,0.0355093195470824
0,0.0022889461091639
0,0.0358740480748909
0,0.0349932941165446
0,0.0356259482040475
0,0.0352155684644756
0,0.035396165510355
0,0.013965725520514
0,0.0063949215779718
0,0.0157103346758704
0,0.023852685390088
0,0.5349792492001337
0,0.0225924149696381
0,0.0347825762275622
0,0.0357732233026254
0,0.0076720781509841
0,0.0064518158024934
0,0.0190074761848682
0,0.0353957303123732
0,0.0358524079672986
0,0.0357935946572763
0,0.0347826645510612
0,0.0332017972435013
0,0.0349344162109707
0,0.035605191049818
0,0.0205964068054274
0,0.0180777295239102
0,0.0357405754589177
0,0.0037140722594182
0,0.0349923100296531
0,0.0021140889022311
0,0.0353868342807715
0,0.0357109541484135
0,0.0044411275720921
0,0.0348027655428729
0,0.0356645629230713
0,0.0310278515578996
0,0.0355215403304964
0,0.0354082761575446
0,0.0348703283785223
0,0.0347846363459352
0,0.0349010290250266
0,0.0354339612156831
0,0.8107699923559566
0,0.0132918784870331
0,0.0357474607975104
0,0.0348969112771818
0,0.035238242238963
0,0.0352667711603573
0,0.035830139217713
0,0.034889479380411
0,0.0351982676205703
0,0.021239487749153
0,0.0346395246692563
0,0.0349069634327971
0,0.0348053405792613
0,0.0358410888655265
0,0.0357349975791853
0,0.0272930986072324
0,0.0303195972410298
0,0.0347842205454957
0,0.035265438072191
0,0.0040694216004385
0,0.0343308332068891
0,0.0012567412171751
0,0.0018852042274815
0,0.0357588701335138
0,0.0358757012353525
0,0.035607705585936
0,0.0359066981392497
0,0.004460494761331
0,0.0341656693678198
0,0.1174022873134884
0,0.0225299926199394
0,0.0300449123521767
0,0.0075646970458629
0,0.0175943899874538
0,0.0347813576912714
0,0.0348843650209276
0,0.0347994019826073
0,0.0233811998429831
0,0.035701442621171
0,0.0274790294202789
0,0.0353838054090542
0,0.035614860820607
0,0.0357480080869886
0,0.0333622823942627
0,0.0198571148736629
0,0.0358174386912956
0,0.0174234762502233
0,0.0358262128290423
0,0.0287811980997898
0,0.0280118615243419
0,0.0096317103138181
0,0.035666584089796
0,0.035305590329672
0,0.0356109779695888
0,0.0352729686270435
0,0.0356182349373557
0,0.0357284787873947
0,0.0352900741111973
0,0.5878065975787699
0,0.0358114070053331
0,0.0021529316468217
0,0.035686182229554
0,0.0347912849351698
0,0.009587573331681
0,0.0356628598548797
0,0.0043315747607452
0,0.035006673389026
0,0.0141453792106939
0,0.0358363781954258
0,0.5334937169616338
0,0.0123570899335475
0,0.0356192189048746
0,0.0350545887958259
0,0.0351367185804375
0,0.0252588892071824
0,0.0352217058317345
0,0.0042101764470126
0,0.0356401724587298
0,0.0347832298897024
0,0.0356326365034259
0,0.0353107258815201
0,0.0353003310531745
0,0.0106668574323764
0,0.010550199738392
0,0.0348766194142938
0,0.0353364808925189
0,0.0123181393958238
0,0.0353619384565476
0,0.0352546169512713
0,0.0351517530327025
0,0.0349703550815694
0,0.0353515894523649
0,0.0341859299290955
0,0.0355171774319731
0,0.0355937144687049
0,0.0250216191704536
0,0.0349999829852086
0,0.0358393829016368
0,0.0148708083641036
0,0.0955024180174007
0,0.0349739864449528
0,0.0028867558275092
0,0.0358487936889369
0,0.0352671358965515
0,0.0356788217826594
0,0.0333468474673994
0,0.0354711490148836
0,0.0358732326125166
0,0.0351813680817165
0,0.0348532904381071
0,0.0308806757387335
0,0.0351975552027049
0,0.0358585957412675
0,0.0071568938966085
0,0.0347956048345633
0,0.0350664512305035
0,0.0319603993962791
0,0.0349318574409829
0,0.010538843380355
0,0.0356750365229796
0,0.0284158232940554
0,0.0026366837668199
0,0.0356066918556516
0,0.0358500634906843
0,0.0355929599051799
0,0.0213228267262867
0,0.08114285198838
0,0.0273782119350398
0,0.0186522822970365
0,0.0232422787223797
0,0.0268714637408778
0,0.0356160729116026
0,0.0037839885681712
0,0.0038454549596483
0,0.0350172911955313
0,0.014153014706553
0,0.0357502663358466
0,0.0351534206593604
0,0.0347812182397881
0,0.0296760357816652
0,0.0102978561773403
0,0.1295461142177149
0,0.0051890598919264
0,0.035715834270929
0,0.0350344806981882
0,0.0043469554973403
0,0.0134997778680919
0,0.0349644559753403
0,0.0215116556044241
0,0.0357604697991317
0,0.0341295342031359
0,0.0352958908821561
0,0.0353792600153315
0,0.03580741312398
0,0.0351243062447845
0,0.0097417409881538
0,0.0358335015090435
0,0.0170334638984263
0,0.0357898017625271
0,0.0357046249024365
0,0.0347833903141544
0,0.0358186911825535
0,0.0356490237639467
0,0.0356070501985772
0,0.0356514179222948
0,0.0347808021813515
0,0.0352761663197271
0,0.0353925434278533
0,0.0355071205412353
0,0.0018976157143828
0,0.0342359253659664
0,0.0357191549725822
0,0.0354106124463614
0,0.0358360975909786
0,0.0350385504078159
0,0.0103885269641747
0,0.0282438374482806
0,0.0219573065892844
0,0.0350255181606914
0,0.0356242159822403
0,0.0005600612566783
0,0.0349021647214807
0,0.0354266122202936
0,0.0357493549762595
0,0.035724737853998
0,0.0317865588901766
0,0.0220347370590923
0,0.035193059078528
0,0.0348909875311777
0,0.0307043849833728
0,0.0358447833144878
0,0.0350388769997205
0,0.0347891510234617
0,0.0131696257956115
0,0.0192696387642029
0,0.0354716860200771
0,0.0350281245172885
0,0.0352922694432382
0,0.0144942648295422
0,0.0354397628165968
0,0.0213812980612793
0,0.0347960524228279
0,0.0352780177255536
0,0.0077497814390305
0,0.0267916340498186
0,0.0348398412719628
0,0.0347851455781069
0,0.03560840619827
0,0.0520105557173205
0,0.2179045053890317
0,0.008209847473783
0,0.0347610877966365
0,0.0005381495387801
0,0.034996574362466
0,0.034859139865025
0,0.0171889690514549
0,0.0327020597739971
0,0.0349448951722939
0,0.0357753338566343
0,0.0151900282682612
0,0.0357920928595923
0,0.0358129754081956
0,0.0357915757552881
0,0.0357880244855761
0,0.0355433181598504
0,0.0303164594739357
0,0.0356812254784238
0,0.033099442552589
0,0.0011676630337804
0,0.0317335853971289
0,0.0013054352841928
0,0.0035055504523455
0,0.026635739067158
0,0.0347805839673237
0,0.0217171256482697
0,0.03494300804647
0,0.001462167269683
0,0.0165451989686836
0,0.0193937061644279
0,0.0350927299913209
0,0.0336584312964657
0,0.035854832392651
0,0.0357944822043284
0,0.0354437696721105
0,0.0348061914884819
0,0.0348197835255605
0,0.0274254942870497
0,0.0351464818087843
0,0.035842322743645
0,0.0358322909654079
0,0.0185067530388816
0,0.0349846954695452
0,0.0348069305803892
0,0.0356125004617426
0,0.0357003556210614
0,0.0353186843034102
0,0.0152074243769109
0,0.0348791482130599
0,0.0351000853738805
0,0.0349597501921894
0,0.0357442583932524
0,0.0319528196799476
0,0.0217131524068799
0,0.0192046768818842
0,0.034813874657111
0,0.0358401682760392
0,0.0086730845889186
0,0.0355670832233305
0,0.0356338131525556
0,0.035607417534908
0,0.005551753048155
0,0.0348528636153644
0,0.035172065553797
0,0.0353195187440022
0,0.0350924525593908
0,0.0164648962233921
0,0.0172534571043386
0,0.0107231629945707
0,0.0357324035529195
0,0.0346315790203666
0,0.0358395231812604
0,0.0298834794294744
0,0.0357467416437999
0,0.0349879323456512
0,0.0358403462698195
0,0.0357532183559779
0,0.0338566858743955
0,0.035623631924071
0,0.0348834308354202
0,0.0356261635190223
0,0.0358545892462099
0,0.0351191081556806
0,0.0303743489457775
0,0.0353162839949322
0,0.1291313056309937
0,0.0324944342004492
0,0.0103893542246798
0,0.0097980538073215
0,0.0358524064940209
0,0.0357081581080867
0,0.0319600262431568
0,0.0251251558168906
0,0.0033171513628576
0,0.02507091856029
0,0.0355652515924435
0,0.0347923070025938
0,0.034999125321167
0,0.0354551683384501
0,0.035713702900031
0,0.0358554767234595
0,0.1704845073267838
0,0.0311436855333209
0,0.035711737249382
0,0.0352779244063268
0,0.0107548024630227
0,0.0348725636061892
0,0.0350605482076306
0,0.0353637081502767
0,0.0351932627219907
0,0.0358159818929197
0,0.0348145124186936
0,0.0353984630905952
0,0.0333080540881174
0,0.0351448510002811
0,0.0351965049373526
0,0.0356295091012347
0,0.0354833092820024
0,0.0356655797676648
0,0.0355337435335011
0,0.0095183414278254
0,0.0808870167099112
0,0.0024674458841068
0,0.0431571644580901
0,0.0356194226583267
0,0.0349076403127688
0,0.0358049817913242
0,0.1066471335860906
0,0.0356252334910925
0,0.008435562127885
0,0.0140174980199604
0,0.0351650183385937
0,0.0356228990228145
0,0.0091607468393841
0,0.0351322370693356
0,0.0358177961405205
0,0.0148533761738469
0,0.0068670469902716
0,0.0351617986203186
0,0.0114780171528517
0,0.0358411393122977
0,0.035844485501824
0,0.7893079471380876
0,0.0290448135135451
0,0.0350336408362895
0,0.0355899456154649
0,0.0425641593872574
0,0.0354786558471195
0,0.0352632895342436
0,0.0181708251980688
0,0.0202103558205501
0,0.035557198269749
0,0.0313610717059481
0,0.011046809530661
0,0.0358021453975255
0,0.0351473195770505
0,0.0349146182965359
0,0.0288477797611255
0,0.0355040870480315
0,0.0304780166571298
0,0.0353199650871606
0,0.03515781694787
0,0.1810528786092879
0,0.0348297839396504
0,0.0353331794081846
0,0.0347804508711414
0,0.0034037827505692
0,0.0303472890498998
0,0.0351314526902715
0,0.0225389887900856
0,0.035367548853125
0,0.0101740583488338
0,0.03568431988597
0,0.0350573583942643
0,0.0347828669548498
0,0.0354051897380344
0,0.0348136654166551
0,0.0354840476775242
0,0.035605454085033
0,0.0351142920212832
0,0.0199759159493795
0,0.0031214730566559
0,0.0355624378388241
0,0.0352012937930258
0,0.0357948217339546
0,0.0349251165301704
0,0.0348820011907485
0,0.0085945341212894
0,0.0349851217662801
0,0.0357835304724987
0,0.0358675188420859
0,0.0347946267437964
0,0.0351741168696082
0,0.0358790391596074
0,0.0358411494159107
0,0.035102939884108
0,0.0355449215967421
0,0.0351280563115195
0,0.028227598605025
0,0.0358014755198845
0,0.0067558202047906
0,0.0352487306199613
0,0.0003628911534709
0,0.0128112396655138
0,0.0209410172525148
0,0.0348045368454946
0,0.0349061790399992
0,0.0358198193147725
0,0.0349561190097601
0,0.017942669687438
0,0.0346792358031265
0,0.0352976272321632
0,0.04684116674685
0,0.0074815884579279
0,0.0037087608413175
0,0.0273406601303694
0,0.0832081417613954
0,0.0069060379312052
0,0.0212237662002921
0,0.0358542584445908
0,0.0204074839210781
0,0.0358375846183072
0,0.0356405652472596
0,0.0260334171353888
0,0.0270900482299768
0,0.0358612726572006
0,0.0353239704273
0,0.0348460009619072
0,0.0357137427919104
0,0.0357606765651405
0,0.0358403840256113
0,0.0358580644645368
0,0.0348717265470082
0,0.0356452075615611
0,0.0347816024159583
0,0.0356348754858205
0,0.0347814154964396
0,0.0358322426827788
0,0.0216193718098297
0,0.0358778085218173
0,0.0302595239771415
0,0.0348652917757296
0,0.0353335351911877
0,0.0347697974314772
0,0.0164079929548644
0,0.0260773593602948
0,0.0046479394501552
0,0.035100080374315
0,0.0045955003526513
0,0.0357551235538527
0,0.0352016303043459
0,0.0351469225665773
0,0.0010691233295127
0,0.0350742687911269
0,0.0356964205047328
0,0.0004861611211901
0,0.5308328541214665
0,0.0057281764117985
0,0.0337120352414706
0,0.035788172020593
0,0.0348232693176889
0,0.1028309727868531
0,0.0351155629672937
0,0.0097871750891422
0,0.0348191662576972
0,0.0354819206265453
0,0.0135005212711129
0,0.5766256810895124
0,0.0051819358457811
0,0.0349066586100689
0,0.0352195253114943
0,0.0257091935898808
0,0.0354949312381132
0,0.0151448725737845
0,0.0357442564660489
0,0.0333635327457807
0,0.0119788568432186
0,0.034977431567265
0,0.0307930632944834
0,0.034867874619454
0,0.1886071618108664
0,0.0068599058153009
0,0.03563202260618
0,0.0355265691262476
0,0.002802327059739
0,0.0358365551118824
0,0.0356187112760317
0,0.0291707767215039
0,0.0349795873868089
0,0.0353480859320562
0,0.0040558627628077
0,0.0210506174092989
0,0.0350318905733325
0,0.0297998891630979
0,0.0355110385226978
0,0.0133049657207875
0,0.0358345036990598
0,0.0358384860712375
0,0.0169229516033738
0,0.0355163492249627
0,0.0020212274622613
0,0.0348867877195957
0,0.0358406094767053
0,0.0049590222535604
0,0.0053391508845277
0,0.0349927241953878
0,0.0354030732219805
0,0.0354269391211054
0,0.0298724241732358
0,0.0197430790184997
0,0.0211784012162342
0,0.0356804079443294
0,0.0349143866025294
0,0.0348064204005788
0,0.0353647243880793
0,0.035605478594086
0,0.0348297887882989
0,0.0327154206422598
0,0.0190337245643121
0,0.0352802046759238
0,0.0043604623674582
0,0.0358500304894682
0,0.03484975231142
0,0.0351043703806966
0,0.0041019396502377
0,0.0177083834089225
0,0.0356355106339934
0,0.0357906049181678
0,0.0348049638504769
0,0.0358012349704606
0,0.0358605569914715
0,0.0282572327493894
0,0.0265226080501606
0,0.5334937169616338
0,0.0438239470357431
0,0.0348190516852619
0,0.0300225032609033
0,0.0349281373195097
0,0.0345914953378613
0,0.0348456751584557
0,0.0101097982240494
0,0.0306359526612573
0,0.035803679745129
0,0.001893586700935
0,0.0021320526835331
0,0.0351701406868094
0,0.0349175918170883
0,0.0355265363729343
0,0.0332127777765217
0,0.0342482623011195
0,0.0353991676853048
0,0.0355292768300842
0,0.0348477318219809
0,0.0355908517358377
0,0.0188139681249988
0,0.0063316053163206
0,0.0347832748556458
0,0.0276935678889355
0,0.0350818966763003
0,0.0355195783224053
0,0.0348570986278397
0,0.0141609200322875
0,0.0322560878836269
0,0.0346753452581762
0,0.0302791710737435
0,0.035771605925952
0,0.0358615683789921
0,0.0034757013178463
0,0.0356037240639533
0,0.0349178682123967
0,0.0356525150721391
0,0.0350134032630924
0,0.035265161513093
0,0.0352512472384157
0,0.0358674277307179
0,0.0355971724166637
0,0.0348768085144046
0,0.0348223851460054
0,0.0352547570472097
0,0.0353061919028873
0,0.0358659664342836
0,0.0351135955756698
0,0.0358518168489306
0,0.0137339115723057
0,0.0349397293269476
0,0.0044313401922299
0,0.0045595783039191
0,0.0354276088134938
0,0.0347652528774371
0,0.0540179664233314
0,0.0152726502928799
0,0.0358786131990803
0,0.0357502501560955
0,0.0030932796631022
0,0.0356574241015684
0,0.0356715409747447
0,0.0351905840031353
0,0.0352175412713039
0,0.0351909866642122
0,0.0040088693355759
0,0.0358394470942854
0,0.0198403842593825
0,0.035667725878001
0,0.0358564321464502
0,0.0349473761423981
0,0.03505702708438
0,0.0349608521691321
0,0.0348510381886443
0,0.0357883944944707
0,0.0351380847783436
0,0.0127476644172074
0,0.0027483553191936
0,0.029747250973523
0,0.0354592476970342
0,0.0023028834373298
0,0.0353854052426918
0,0.0190402266968163
0,0.0089201731885296
0,0.016873003942217
0,0.0351060667508181
0,0.0069208235945348
0,0.0131111225125277
0,0.0322391190268468
0,0.0349421991502076
0,0.061772157213802
0,0.0350318951538815
0,0.0148503644846334
0,0.0357408917680216
0,0.001940506785121
0,0.0353176981020338
0,0.03490624605561
0,0.0342605107470029
0,0.03251928555546
0,0.0348793863170241
0,0.0250588315361878
0,0.0358355325790594
0,0.0355583328467682
0,0.0187945106229057
0,0.0048412188819835
0,0.0019532914821149
0,0.0105222753464768
0,0.0157662412215413
0,0.035139112497297
0,0.0266416517765103
0,0.035365764497987
0,0.0358328876590679
0,0.0353821481361547
0,0.0358479089693836
0,0.0348329524484687
0,0.0348561578867979
0,0.0351936403600138
0,0.0353889885010416
0,0.0139881767492405
0,0.0298660368361976
0,0.0266788381683082
0,0.0357980989281305
0,0.0083520985543023
0,0.0348478979208191
0,0.0349520584439641
0,0.0358385243958565
0,0.0358284186405912
0,0.0351063060997589
0,0.0347742365958576
0,0.0097082027315072
0,0.0358631522416307
0,0.0358224863108714
0,0.0348833776602677
0,0.0357856942177268
0,0.1251160236642987
0,0.0347865753838584
0,0.0354432814060234
0,0.017793065204127
0,0.0149073758212768
0,0.0349693726583753
0,0.0109762007818031
0,0.0032749012687241
0,0.0350220095899763
0,0.0355331017112882
0,0.035831420022479
0,0.0089530759101766
0,0.0357945554127384
0,0.034780776471497
0,0.0176073889724155
0,0.0122084811858971
0,0.008173412560301
0,0.0356542682491366
0,0.0222437647159986
0,0.0351146934520857
0,0.0358430339328371
0,0.0358019309966998
0,0.0356642311643422
0,0.0358319444512601
0,0.0327831783589964
0,0.0358668032736858
0,0.0311074984100908
0,0.0354069515291594
0,0.03496797352661
0,0.0303364953877066
0,0.0355940142308653
0,0.015532273369911
0,0.0347878637323467
0,0.0332044923763245
0,0.0347814920814095
0,0.0051005947295351
0,0.0348533288499276
0,0.0311254103196395
0,0.0356964205047328
0,0.0354655397195421
0,0.0350920237288041
0,0.0350096132767343
0,0.2274214316373784
0,0.0034712282787288
0,0.0355244164986183
0,0.004395227175758
0,0.0347842975554956
0,0.034858497666363
0,0.035649280040852
0,0.0358628997283482
0,0.034954788728301
0,0.0353844909280079
0,0.0088786931697167
0,0.0180568816020932
0,0.0351422211502181
0,0.0276022307981261
0,0.0350092376665987
0,0.0357990031287079
0,0.035052856759043
0,0.0355651152981675
0,0.0330637775019429
0,0.0352674385002302
0,0.0358314740457717
0,0.0244291457981797
0,0.0043782981379787
0,0.0350952281376519
0,0.0202036326425842
0,0.035447940799039
0,0.0358566128582317
0,0.0358541894656569
0,0.0190573085065209
0,0.0011758780734597
0,0.035867850225452
0,0.0347820205864468
0,0.009349815958975
0,0.03474177219865
0,0.0358149345117554
0,0.0118415242114152
0,0.0358071617628903
0,0.0356863059591432
0,0.0113090652404251
0,0.035467489361541
0,0.0355773253865586
0,0.0350085105589498
0,0.0356293491406095
0,0.0358413397572414
0,0.0356101676618927
0,0.0317348015428057
0,0.026773204580463
0,0.010498786015078
0,0.0348476897535424
0,0.0356646722625791
0,0.035673844117618
0,0.0357957519805831
0,0.0348449197469898
0,0.0041730690768189
0,0.0356325514757615
0,0.0166040527422221
0,0.0338293647936625
0,0.0357884140026771
0,0.0347807120274533
0,0.0358399539902721
0,0.0293357874844353
0,0.0357637613743076
0,0.0358482962804235
0,0.0349960001291511
0,0.0351741168696082
0,0.0348269072912994
0,0.0351058927037268
0,0.0350050225107877
0,0.0354094753238181
0,0.0353132937995362
0,0.0349859547950657
0,0.0142764464517107
0,0.0356986042952755
0,0.0350289115183674
0,0.0358220887000578
0,0.0356552839357115
0,0.0064248032319374
0,0.0357634678882806
0,0.0347105912300581
0,0.0348426355949319
0,0.0347818486344708
0,0.034844587063492
0,0.5356721343964872
0,0.1011494380781465
0,0.0348518150407185
0,0.0358131711670402
0,0.0357415773548163
0,0.0049278953072796
0,0.0358393228795948
0,0.035760579279822
0,0.0348333959300834
0,0.0170697308777435
0,0.0348882562254795
0,0.0357697186503581
0,0.0357543554805593
0,0.0354363007652753
0,0.0333173693496558
0,0.0357548379167014
0,0.0289303766955909
0,0.035868085192232
0,0.0317771632879402
0,0.026628369657245
0,0.0313775285866482
0,0.0353396758927993
0,0.0223214383348727
0,0.0338293647936625
0,0.00845254963305
0,0.0356630214300333
0,0.0182785708416076
0,0.0350913126588767
0,0.0355817129373496
0,0.0358576848435365
0,0.0354470224472249
0,0.0347853064856681
0,0.0172872321904584
0,0.0357175369165579
0,0.0358424919710718
0,0.0354220448230575
0,0.0348785646400191
0,0.0160944467594
0,0.0213142533670533
0,0.0023691027167654
0,0.0354211746605259
0,0.0071692460535717
0,0.035577178521171
0,0.0357680793033688
0,0.0351897369266419
0,0.0358956424970777
0,0.1619802686080377
0,0.0352738932049873
0,0.0352919155172332
0,0.0350993949239842
0,0.035269551107865
0,0.0358364269952839
0,0.0018901907481453
0,0.0153111924888905
0,0.0352492855765114
0,0.0347709200060533
0,0.0357709590697743
0,0.0354538388233785
0,0.0356048897930238
0,0.0348539409338515
0,0.0355082850148634
0,0.0347811963825172
0,0.0214374871416461
0,0.0197024257546212
0,0.0348051656185146
0,0.0058912487852199
0,0.035399084567142
0,0.0351629382322774
0,0.0351786715684736
0,0.0319289067013725
0,0.0357441404548872
0,0.0031131283074504
0,0.0356853017772748
0,0.0016504669732787
0,0.0356962624606533
0,0.03567512346131
0,0.0349406051632524
0,0.0227266102884299
0,0.0730841434667965
0,0.0281282305362398
0,0.0356364942232148
0,0.0348148865610037
0,0.0156169294906179
0,0.012719868003197
0,0.0351812055143963
0,0.0011958179812668
0,0.035063517682683
0,0.0358194763122815
0,0.0350603045056082
0,0.0353932604419546
0,0.034835570315688
0,0.0353795539114344
0,0.0267789926032892
0,0.0353466515984164
0,0.0221544037868707
0,0.0269433029727932
0,0.0331079703634322
0,0.0357750100468647
0,0.0349581981729438
0,0.0151146987728169
0,0.0349639619197548
0,0.0295563036032304
0,0.035016582469435
0,0.0348537902361518
0,0.0078486190635182
0,0.0349396793412742
0,0.0354901015494817
0,0.0356561924168983
0,0.0350815832765811
0,0.0081289517538055
0,0.0358175313035286
0,0.0317291675048877
0,0.0355628315201006
0,0.0358392741769728
0,0.016113246427273
0,0.0356933575264116
0,0.0350875650872663
0,0.0353305578589918
0,0.0020071652927549
0,0.0321883767947673
0,0.0330890040937871
0,0.0348300559602054
0,0.031013104726649
0,0.0348952313117217
0,0.0355914450990514
0,0.0347846599693097
0,0.0357282909322667
0,0.0349905387079987
0,0.0348931926345256
0,0.00123144192193
0,0.0356632156087369
0,0.0355205994463925
0,0.0358431935257263
0,0.0347912849351698
0,0.0354123742647226
0,0.0200997774188732
0,0.0349577151898087
0,0.035722184924495
0,0.0357803422698206
0,0.0357271647686442
0,0.0358301626530118
0,0.0358359187725499
0,0.0347986421501974
0,0.0351858534241613
0,0.035830916557641
0,0.0023431199667417
0,0.0147934338726829
0,0.0025412493530751
0,0.0349271416190981
0,0.0266888434656689
0,0.0006668141658727
0,0.0249176571360026
0,0.0169924524031818
0,0.021708073805321
0,0.0357694635082026
0,0.0354863714080029
0,0.035515382249778
0,0.0152282647394285
0,0.0099844447867489
0,0.0013296653611119
0,0.0192857206251308
0,0.0357715068794463
0,0.0358603632094987
0,0.0358624368331144
0,0.0350932699436167
0,0.035855705516287
0,0.0357307787137054
0,0.0350438292610059
0,0.0133484153299078
0,0.0358540332557193
0,0.0058601396199436
0,0.0036779887113321
0,0.03477760437859
0,0.0355768543105805
0,0.0354212014014612
0,0.0143592647889356
0,0.0254738434584542
0,0.0356911511810122
0,0.0048269617071748
0,0.018892375242423
0,0.0327329926776992
0,0.007875572610703
0,0.0262632540856028
0,0.0105039996150959
0,0.00414375111089
0,0.035161634553698
0,0.035009823968758
0,0.0357409216940743
0,0.0353759208049975
0,0.0226217594263806
0,0.0351068316715445
0,0.0356229170814592
0,0.0116580024404659
0,0.035051737294003
0,0.0231478332848124
0,0.0209406134834492
0,0.0352175173308545
0,0.035714336606723
0,0.0347896941954477
0,0.0355062906523892
0,0.0357085869831736
0,0.0137330594074421
0,0.0349607156550815
0,0.0356022640320608
0,0.0358534940155801
0,0.0049436517298224
0,0.0358528488220538
0,0.0347934622630751
0,0.6505296036628333
0,0.0359340159512839
0,0.0347852269202574
0,0.0348940033635247
0,0.0353475294973766
0,0.0348265440472984
0,0.0349531247368747
0,0.0352889872153172
0,0.1017390537317132
0,0.0057152638033157
0,0.0101147470708693
0,0.0285763217327266
0,0.0354645922962747
0,0.0106557258591592
0,0.0350737999795778
0,0.0357356608854021
0,0.0351643678534663
0,0.0125283351583309
0,0.0357863542284319
0,0.0351310598274928
0,0.0348302606242113
0,0.0358579831265468
0,0.0347810613067364
0,0.0041977688259469
0,0.0089449096973261
0,0.0023767832573584
0,0.0212195812913888
0,0.0258303384738645
0,0.0218881679173564
0,0.0350618404393134
0,0.0348249101950046
0,0.304014115483078
0,0.0359048475770699
0,0.0347854893684868
0,0.0358510373877876
0,0.0348967991732457
0,0.0097714637305526
0,0.0353891549746611
0,0.0352220013501208
0,0.008041198746254
0,0.028706786561049
0,0.0145383815905588
0,0.0358342523600443
0,0.0357991042311639
0,0.034136438780654
0,0.0350138886580004
0,0.0352938970706548
0,0.0351862285526196
0,0.0281363810472642
0,0.0053264217686437
0,0.0035473381651581
0,0.0238082490209743
0,0.0352662832391391
0,0.0353306484086712
0,0.0350740638813993
0,0.0321593434594921
0,0.0348096085696775
0,0.0347879711277472
0,0.0356117218471774
0,0.0356708905799892
0,0.0358520269323226
0,0.0347816024159583
0,0.0348294483670534
0,0.0349155464064745
0,0.0357219188559616
0,0.0295666526488968
0,0.0350035510466949
0,0.0349448951722939
0,0.0347802226401703
0,0.0356344471469016
0,0.0356772376930916
0,0.0358595194605148
0,0.0348221539217255
0,0.0353324547494124
0,0.0049909124528133
0,0.0039428100178377
0,0.0358106537232736
0,0.035367548853125
0,0.034911243683785
0,0.0167175773549536
0,0.0026883184839071
0,0.0276239362441742
0,0.0091896075371823
0,0.0349141017546904
0,0.0041480033545189
0,0.03576607953982
0,0.019370923691049
0,0.0358158224764681
0,0.0350033964652013
0,0.0354820819654358
0,0.2267062952367911
0,0.0055844332799181
0,0.0347668345842713
0,0.0350199137700714
0,0.0192647511633694
0,0.0095983879113268
0,0.0355149396740755
0,0.035847844163246
0,0.0353155876689809
0,0.0026985318780562
0,0.0154419091272772
0,0.0348043059179697
0,0.0354390478014226
0,0.0355247271384689
0,0.0356279081294823
0,0.027589591406651
0,0.0014871746833358
0,0.0356345572429934
0,0.7470765207731876
0,0.0355716005241884
0,0.0199015540436166
0,0.0175605000047881
0,0.0347950590891052
0,0.035730363090256
0,0.0019213416347854
0,0.0350789916733402
0,0.01953618984628
0,0.0034639690973634
0,0.0347918630985218
0,0.0086819605202404
0,0.0148949264587109
0,0.0348048195134628
0,0.0332408139307804
0,0.52964672093408
0,0.0347801346970009
0,0.0343762391172549
0,0.0216822715615936
0,0.0356383399949775
0,0.014225046838431
0,0.0354060513135779
0,0.0347955290328836
0,0.0290480104067478
0,0.0349931405009718
0,0.0350199696818406
0,0.0355620584960005
0,0.0351572145876004
0,0.0354271587907614
0,0.0018324163081827
0,0.0137288143701596
0,0.0111367535991029
0,0.1076236585202747
0,0.0351834594450495
0,0.0278895901820338
0,0.0347905501242575
0,0.0351358957443034
0,0.0352016303043459
0,0.0357369498039008
0,0.0357174201729016
0,0.0357303512852764
0,0.0356335291765436
0,0.0354947247692634
0,0.0187851280918144
0,0.0352821299911432
0,0.0058734639092476
0,0.0330429302346193
0,0.0347941453728408
0,0.0348320671139632
0,0.034808342089138
0,0.035351696898556
0,0.0351184600270175
0,0.0358626365066963
0,0.0353012973972502
0,0.0081036590744568
0,0.0358390864818303
0,0.0349166009250013
0,0.0236035377093684
0,0.0352244022349657
0,0.0333244938172737
0,0.034884114904442
0,0.035812450059574
0,0.0197332176947149
0,0.0348425942848472
0,0.0225605175267129
0,0.0347825323281099
0,0.0356532020159967
0,0.035740808339752
0,0.0273553143032717
0,0.0280883741022565
0,0.035839979815359
0,0.0358319205816497
0,0.0351239607692037
0,0.0356942345710385
0,0.0358245316948049
0,0.0198835075997565
0,0.0347726436438213
0,0.0280505296894591
0,0.0349927566532338
0,0.0951202712721329
0,0.0304106685284609
0,0.0357066278001006
0,0.0352128362200806
0,0.0278026404349174
0,0.0258751208831887
0,0.0351073334519463
0,0.0353607270749992
0,0.034999705289588
0,0.0354003844455382
0,0.034896343454779
0,0.0348445329980246
0,0.0358340251586928
0,0.0043486013216946
0,0.0354738734475198
0,0.0319616496007642
0,0.0354989949196954
0,0.0084380279204598
0,0.0348851236334004
0,0.0057446112773388
0,0.0358707797592004
0,0.0348331450227126
0,0.0096512068381567
0,0.021803744739412
0,0.0348029745800261
0,0.0351904839183406
0,0.0354769046986476
0,0.0018525068611355
0,0.0350191837045739
0,0.0347904930692655
0,0.0323082469373534
0,0.0349093814170067
0,0.0304444522256038
0,0.0349315938736282
0,0.0355833505407142
0,0.0357751929608687
0,0.0356048554822031
0,0.0358371466924764
0,0.0250719588718092
0,0.0830410779654912
0,0.0338765738025505
0,0.0356022854962863
0,0.0348680038388194
0,0.0129737224744924
0,0.0357973458490255
0,0.0347812182397881
0,0.034791957835374
0,0.0349003927069785
0,0.0317805993637197
0,0.0348915260220347
0,0.0265732266070522
0,0.0353707297983504
0,0.0358656252145785
0,0.011078129680252
0,0.0150688982778028
0,0.0067194863248309
0,0.0348376951639924
0,0.035428200328506
0,0.022892675238378
0,0.0358719194044787
0,0.0358395675205374
0,0.0349039690312956
0,0.0179719962235606
0,0.0060008492273141
0,0.0358273913560042
0,0.0351564626688968
0,0.0354035999039459
0,0.035593042367735
0,0.0274342966665599
0,0.0351484525066319
0,0.0357734076421993
0,0.0357789528326112
0,0.0354106394746771
0,0.0350251558639501
0,0.0037580856734307
0,0.0354569636157376
0,0.0357690428043171
0,0.0296758556139918
0,0.0357618524953028
0,0.0358272532839661
0,0.0070883327385842
0,0.0354163450580315
0,0.0351780762297033
0,0.0009637901221918
0,0.0241439520274087
0,0.0356492311647436
0,0.0352656579756848
0,0.0351546608132134
0,0.0253785683344943
0,0.0349448951722939
0,0.0356239746184748
0,0.0294667132034812
0,0.0347804508711414
0,0.0639294837466703
0,0.0356872808812484
0,0.0350338793637613
0,0.0315925489685193
0,0.0336061534103269
0,0.0358310455399294
0,0.0348592708415418
0,0.0274504192389332
0,0.0209039266674537
0,0.002695718543588
0,0.0349141295910766
0,0.0355172573343833
0,0.0350838178412061
0,0.0355997397079069
0,0.0357739364388635
0,0.0025494078388203
0,0.0350714532523316
0,0.035780409932027
0,0.0357356535860013
0,0.0199009496104592
0,0.0061067318881621
0,0.0206845349757041
0,0.0348735117945456
0,0.0356588563039036
0,0.0355983643914017
0,0.0348729828229143
0,0.0356457616353639
0,0.0349115716060986
0,0.0006718336667639
0,0.024938655199845
0,0.0357924933264197
0,0.0019394935222575
0,0.0354958326549926
0,0.0116335490011501
0,0.0354315431819824
0,0.034796739426509
0,0.0349048341140714
0,0.0350688232363663
0,0.0102281156519817
0,0.2395006954592
0,0.0356729284980446
0,0.0356135883448867
0,0.0349500691540613
0,0.0357937911523034
0,0.0351200760210642
0,0.0315018255043024
0,0.0010249788853815
0,0.0355939641613547
0,0.0347821903503725
0,0.0347922016761892
0,0.0095557230799068
0,0.0003714889138888
0,0.0127964684835157
0,0.0322552952994265
0,0.035610692403568
0,0.0157012659651062
0,0.0206566517960197
0,0.0009634284126359
0,0.0354728941610487
0,0.0357585845708356
0,0.230984455462064
0,0.0267069668491852
0,0.0180656245306453
0,0.0069386828580811
0,0.0357947342886277
0,0.0332264431574906
0,0.0358603947682037
0,0.0136159458189168
0,0.0350415010340081
0,0.0353177632221954
0,0.0353562250286916
0,0.0358660191503991
0,0.0357665609572366
0,0.0349422971172815
0,0.0348821294532265
0,0.0347634411789778
0,0.0354365379985271
0,0.0059257433297441
0,0.0357981932324108
0,0.0347939287284325
0,0.0353203957402816
0,0.0291582069151917
0,0.03586821490148
0,0.0356058604179257
0,0.0154394400017244
0,0.0358679338414452
0,0.0197024169488322
0,0.0352492960950064
0,0.0353159286922308
0,0.8639998593845728
0,0.0268484060849332
0,0.0358830792688169
0,0.0356606830740911
0,0.0348158665400351
0,0.0356674218666476
0,0.0132233270502738
0,0.0356377181950654
0,0.0355059296019757
0,0.0348027375012218
0,0.0126568499945881
0,0.0349992831281781
0,0.0357630693686718
0,0.0308082817791253
0,0.0353364086142406
0,0.0353594961979386
0,0.0110839924476024
0,0.0180537039644739
0,0.0209309458659037
0,0.0347849407561746
0,0.028962066367129
0,0.0347842205454957
0,0.0358457693632853
0,0.0345727092299928
0,0.020577269061428
0,0.0350519558290924
0,0.0285882993637322
0,0.0241267688636507
0,0.0356076064872448
0,0.0357509150226245
0,0.0357991518501709
0,0.0356076119871141
0,0.0348032891019449
0,0.0356953265767129
0,0.0347152902766902
0,0.0349989308504407
0,0.0100679696392494
0,0.0306935019578911
0,0.010132105513834
0,0.0358684986597567
0,0.0347810793135079
0,0.0356600173575165
0,0.0083643270407135
0,0.0071880645112482
0,0.0320061236550006
0,0.0349057071027858
0,0.0353362108408028
0,0.0048703604704904
0,0.0082674685362483
0,0.0351335962225779
0,0.0050219859769571
0,0.0347883269058455
0,0.0350174534235401
0,0.0348864971556929
0,0.0204914264592344
0,0.0348789266885859
0,0.0358576796042639
0,0.0357345460619327
0,0.0357359348237228
0,0.0176071557270807
0,0.0283128642898898
0,0.0160201022304791
0,0.0355611463094652
0,0.0358377411963112
0,0.0354287148391942
0,0.0358337485703357
0,0.0358488224033771
0,0.0033872607971442
0,0.0350630299151186
0,0.0075509759058228
0,0.0357233018626172
0,0.0098333667912099
0,0.0352145758650072
0,0.0358429708044736
0,0.0156873779367729
0,0.035835028358663
0,0.0078310844269695
0,0.034783434567342
0,0.0355138791517261
0,0.0350400835010431
0,0.0185248527800925
0,0.020801266828547
0,0.0348041001074049
0,0.0351014215386799
0,0.0066758227728005
0,0.0192181534354203
0,0.0088020611651444
0,0.0351405793192326
0,0.0260331249356269
0,0.0358263506864528
0,0.0347847762919189
0,0.0357283603804991
0,0.0019045699429186
0,0.018714121815783
0,0.0132712218239703
0,0.008446661218488
0,0.0356289642973439
0,0.0349922999200962
0,0.035617912695835
0,0.0021627805142596
0,0.0358139738668602
0,0.0324370405475115
0,0.0352864143225183
0,0.0357274045456688
0,0.0358346685906422
0,0.0016784549318297
0,0.0103649718976292
0,0.0351570230447769
0,0.0356316628287587
0,0.0356464530241674
0,0.0090425429863581
0,0.0320566245525302
0,0.0350514573483694
0,0.0347635225323385
0,0.0358327019311669
0,0.0357932394370368
0,0.0119473814419116
0,0.009838931339324
0,0.0352658448250262
0,0.0358447194915005
0,0.0347817886243792
0,0.0348399282461902
0,0.0348147512921146
0,0.0353495812046948
0,0.0354321650046738
0,0.0350787185435528
0,0.0150792600953803
0,0.034436225591457
0,0.1630867815976042
0,0.0325766252415817
0,0.0356240462164295
0,0.0356921052602282
0,0.0358726980188239
0,0.0023010367967141
0,0.0347832131362847
0,0.015387925195574
0,0.0350119863599424
0,0.0347857964546633
0,0.03569638757535
0,0.0350289321653502
0,0.0351242188067032
0,0.0220625949233989
0,0.035346337080751
0,0.0349413477960715
0,0.0323656758422276
0,0.0352485892097293
0,0.0058350980377977
0,0.0348011234495602
0,0.0249371930790346
0,0.0177933340981389
0,0.0356460586282869
0,0.0353111766139725
0,0.0162778479188642
0,0.0356283208224053
0,0.0112367310768506
0,0.0343998530803712
0,0.0104610476034805
0,0.0037650601256978
0,0.0348166089485376
0,0.0356198782111645
0,0.0347311454383652
0,0.0357034004840614
0,0.0348299929333075
0,0.0352386222318316
0,0.0266525561722294
0,0.035142478853324
0,0.0349024965612676
0,0.0348841898920164
0,0.0351986633297908
0,0.0063260048579039
0,0.0304547282704945
0,0.034913088679621
0,0.0261660200306116
0,0.0348821773419488
0,0.034800642160564
0,0.0350958475774799
0,0.0348748584994769
0,0.0357931698194018
0,0.0348000288542205
0,0.0350315432833626
0,0.0013319271342996
0,0.0352825879370784
0,0.035175734666833
0,0.0946299679681151
0,0.0319237741918586
0,0.0353894340081257
0,0.0354986036977231
0,0.0222323545337371
0,0.0355603511972058
0,0.0246880410883952
0,0.0358130731451045
0,0.0339480015088533
0,0.0358469681534458
0,0.0355755820996304
0,0.0356718460506999
0,0.0350845330868996
0,0.0358078048136586
0,0.0229956973642385
0,0.0358379280572593
0,0.0356678371717084
0,0.0134969686083921
0,0.0351863978217985
0,0.0353147738452799
0,0.0036109533593936
0,0.0357702634952781
0,0.0355280523800953
0,0.0348339957632758
0,0.0354795335816318
0,0.0264019578864864
0,0.035817591068591
0,0.0347838658618284
0,0.0191225174716091
0,0.0163738702129248
0,0.3677342346218856
0,0.0356382240621751
0,0.0354386752623914
0,0.0125472750940046
0,0.0351429784554156
0,0.0348278543090742
0,0.0349211230506657
0,0.0358767647632162
0,0.0347927115411576
0,0.0158072054646976
0,0.0352215070991632
0,0.0352324210161431
0,0.0356231629454933
0,0.0351107488830328
0,0.0357602586400853
0,0.0356590523806489
0,0.0292050689817647
0,0.0358914474645868
0,0.0514941543933646
0,0.0357740339065708
0,0.0356521058833508
0,0.0056041890288861
0,0.0352899376370156
0,0.0350831775625412
0,0.0353023549033936
0,0.035413577257609
0,0.0351358957443034
0,0.0357695626637063
0,0.0274276574975057
0,0.0349481953380941
0,0.03577119997864
0,0.022741404283351
0,0.0110062704628768
0,0.0038730406951077
0,0.0275968976998704
0,0.0358111695010536
0,0.0143700357526776
0,0.0348235544500497
0,0.0348690494882443
0,0.0357349975791853
0,0.035513743571898
0,0.0347867506265181
0,0.0356439424495059
0,0.0357233354434314
0,0.0355293076864032
0,0.0230100727338438
0,0.0697199530361832
0,0.0359379648173353
0,0.0355202322266087
0,0.0356945842026254
0,0.0356201041635456
0,0.0356145947487512
0,0.0348717265470082
0,0.035322661612952
0,0.0350141210221751
0,0.0352281648183098
0,0.0205211924802049
0,0.0039879022165442
0,0.0347995796427243
0,0.0347879808044846
0,0.0195644214045132
0,0.0170310637247761
0,0.0349545292864268
0,0.0358016165120266
0,0.0235184832643997
0,0.0176531146287832
0,0.0358831268789859
0,0.0352672545956086
0,0.0358020407705238
0,0.0173747841290268
0,0.0353167317334145
0,0.2282763918628189
0,0.0351909866642122
0,0.034823855284183
0,0.1686794010015335
0,0.0356322700221941
0,0.0353482048097038
0,0.0281672944035841
0,0.0246235391512776
0,0.0314667248202317
0,0.0349126152989724
0,0.0359515226215977
0,0.0065986797638463
0,0.0347270074165022
0,0.0032692781255395
0,0.0350302007828804
0,0.0085425583177609
0,0.0358569077650985
0,0.0353595892961291
0,0.0260142727243886
0,0.034039677446769
0,0.0107977019732336
0,0.0348942208960972
0,0.0352731473094349
0,0.0228527336628265
0,0.0347803976466194
0,0.0350062685875307
0,0.0053648295301601
0,0.0135645234525735
0,0.0355004456068515
0,0.0013604300162901
0,0.020545249238996
0,0.0357969022734957
0,0.0199597903772969
0,0.0352478256601845
0,0.035531128542346
0,0.0352862200706617
0,0.0303611411786048
0,0.0347928947173314
0,0.0355322894299464
0,0.008564543456205
0,0.0353307408046141
0,0.035468346564369
0,0.0351298830803462
0,0.0144338643693624
0,0.0242284017936217
0,0.0357167380260426
0,0.0349936364728927
0,0.0348439679291247
0,0.0128883437740251
0,0.035084299575329
0,0.035552221904727
0,0.0005293317823894
0,0.0124470070660847
0,0.0348520820534973
0,0.0348855853608776
0,0.0355843807692974
0,0.0351272556341572
0,0.0353862069010675
0,0.0350074742501564
0,0.0348102870214756
0,0.035366745301572
0,0.0358424009897019
0,0.0356073789805027
0,0.0046206229825684
0,0.0169207046336618
0,0.0327294636065046
0,0.0230141444816139
0,0.0338264829746861
0,0.0356895095586832
0,0.0350934801107568
0,0.0351594319616037
0,0.0189321439718804
0,0.0015153176135958
0,0.0297478678333934
0,0.0352644473861775
0,0.0439853281569107
0,0.0358598888707552
0,0.0350906907467949
0,0.0350511944657004
0,0.0338109543469374
0,0.0163719879375322
0,0.0352067611319892
0,0.0244941983997559
0,0.0358015318558852
0,0.0349397272897484
0,0.0164599539977134
0,0.0353518376421938
0,0.035067938938988
0,0.3132046899940438
0,0.0347808284823364
0,0.0272647697644624
0,0.016326588826272
0,0.001463514230968
0,0.0356137168917477
0,0.035729729386271
0,0.0355274284116487
0,0.0351126882770708
0,0.0349611855986867
0,0.0358529654166437
0,0.0257332929302098
0,0.0358300212479323
0,0.0358482078343785
0,0.0208300824963584
0,0.0648331916732171
0,0.0355978816569204
0,0.0354481851967939
0,0.0353734180335254
0,0.0358004525800166
0,0.0044086467904203
0,0.0357002574550443
0,0.0357341101461518
0,0.019195733771157
0,0.0080639358071258
0,0.0086492443288425
0,0.035411920488466
0,0.0354884964141783
0,0.0358545570537089
0,0.0351977050487285
0,0.0870751515465245
0,0.0163963368515635
0,0.0348630826888699
0,0.0347835529069557
0,0.1486460717915143
0,0.0356434653735656
0,0.0357222107402717
0,0.0253143669027357
0,0.0357094350049197
0,0.0356900095786435
0,0.0358614317077606
0,0.0349556528399735
0,0.0204238206030351
0,0.035850181049747
0,0.1272189437470695
0,0.0035195260718789
0,0.0348688670977583
0,0.0350069445035889
0,0.0351641256406854
0,0.0358309741501299
0,0.0223113146958099
0,0.0284612860309568
0,0.0348966861138392
0,0.0348454244757321
0,0.035372589025697
0,0.0239027388306122
0,0.0352888756543491
0,0.0356451276992407
0,0.0350140031052827
0,0.0350611917246609
0,0.0348345159839436
0,0.0358334242979877
0,0.0172924946357415
0,0.0175556931166727
0,0.0164150184175067
0,0.0357311750198804
0,0.0353786342906282
0,0.0301310050285773
0,0.0356912469081554
0,0.0356184057529983
0,0.0358261853124461
0,0.0358346754148472
0,0.0358637650725397
0,0.0233635737528618
0,0.0348815943091128
0,0.0357263776032698
0,0.0349447048276223
0,0.0348690281368178
0,0.0152075845773925
0,0.0343006986430709
0,0.0058874670274189
0,0.0348831055522451
0,0.0281841023880906
0,0.0353199650871606
0,0.0166845717262532
0,0.0493191041838602
0,0.0096280542052599
0,0.0353498064554704
0,0.0522933759679693
0,0.0152796990744001
0,0.0273425101423974
0,0.035535049634645
0,0.0279461355693487
0,0.0050977886624156
0,0.0358768244069936
0,0.0253185072483319
0,0.0238765639930889
0,0.0356627342027179
0,0.0663872846241434
0,0.0167576057425673
0,0.0090456125899679
0,0.0358415240817419
0,0.0156485363961616
0,0.017791713743413
0,0.0349640153338237
0,0.0349182220997413
0,0.0348017574024121
0,0.0358216005426074
0,0.0352012937930258
0,0.0110169068839113
0,0.0352016221478941
0,0.0351443264282906
0,0.0358458166058608
0,0.0347829451630913
0,0.0358416659780781
0,0.0180781507101066
0,0.0352902246505461
0,0.0343656314401329
0,0.0019018918130466
0,0.0099065324125987
0,0.0337808504578718
0,0.0357608312265203
0,0.0009817972670383
0,0.0347812906123708
0,0.0349373531953968
0,0.0105557909780789
0,0.0347882624322384
0,0.0356484001164128
0,0.03547783444827
0,0.0349899106299277
0,0.0348755776758756
0,0.035904384633871
0,0.0351760574083175
0,0.035283377730692
0,0.0355221659640403
0,0.0357266033194383
0,0.0357408974360955
0,0.0098864255227562
0,0.0347796384690116
0,0.2451671386438053
0,0.0358481447878314
0,0.0349551790736677
0,0.0329314884898542
0,0.0358215163669073
0,0.034801460478146
0,0.0267586066693349
0,0.008462845826348
0,0.0278529994864178
0,0.0356984729592768
0,0.0356529960146217
0,0.0356080558239782
0,0.0356050174172552
0,0.0300692287596264
0,0.0350513607459818
0,0.0336602084527536
0,0.0350395039799027
0,0.0354222477768913
0,0.0355879949799118
0,0.0357649396619855
0,0.0348603951290533
0,0.0347811761733272
0,0.0323819444973876
0,0.0357931597115448
0,0.0357034027698064
0,0.014739394837996
0,0.0106355715288625
0,0.0051910364211682
0,0.028608915105992
0,0.0349936943766836
0,0.0234750617242369
0,0.0347587567651394
0,0.0350119302731995
0,0.0348218548494224
0,0.0358558452679962
0,0.0266935170135406
0,0.0356611169413276
0,0.0310385160635971
0,0.0346214045107437
0,0.0358290261553956
0,0.0003542279112621
0,0.0295110396675403
0,0.0358159490235277
0,0.0354326671449178
0,0.0100400508511002
0,0.0039665103991501
0,0.0358781274079713
0,0.0357122356591022
0,0.0358446272826582
0,0.0353607333919693
0,0.0296660009903792
0,0.0358397043548493
0,0.0130450810816908
0,0.0037258625745161
0,0.0357074660015232
0,0.0347924125287618
0,0.0353147676494713
0,0.0356554254382759
0,0.0357496742713283
0,0.0348586926536792
0,0.03170694824732
0,0.0222659175505835
0,0.0354097451365253
0,0.0356712011248681
0,0.0347890723135964
0,0.0161867014589148
0,0.0356519192429742
0,0.0353449865752022
0,0.0056083609914076
0,0.0354345314491569
0,0.0348128710727697
0,0.0091081413130392
0,0.0348433340456756
0,0.3860913453699378
0,0.0246227731814361
0,0.0355959865538083
0,0.0018343600449618
0,0.0279698803193113
0,0.0323667911666093
0,0.0348106323833655
0,0.0349803779335934
0,0.0358404632228295
0,0.0358275642330965
0,0.0349703550815694
0,0.0351074219182208
0,0.0171267064900896
0,0.0348318147514205
0,0.0291623750630361
0,0.0355140728920664
0,0.0028249851725198
0,0.0358484835843505
0,0.0349357501099317
0,0.0243527872779698
0,0.0216065841216712
0,0.011476779525012
0,0.0358060151775759
0,0.0055795991163793
0,0.0355666027643192
0,0.7880070919224355
0,0.0356803289416128
0,0.0348338219142216
0,0.0358530827849695
0,0.0358830348439863
0,0.0358419862978508
0,0.0348318771517184
0,0.0356420379521974
0,0.0356412220914146
0,0.0355617707891377
0,0.0355581383897726
0,0.0138161419475542
0,0.0301029600919313
0,0.0339311197752892
0,0.0348903234404099
0,0.0348027140324405
0,0.0093678343768008
0,0.0349238040179872
0,0.0357493386254992
0,0.0358016169695995
0,0.0353095863891663
0,0.0347798801860636
0,0.028032389860148
0,0.0348601596870696
0,0.0351577491905583
0,0.0019018430493467
0,0.0349264918968054
0,0.0358478602905273
0,0.0354826585193288
0,0.0128389478291211
0,0.0349107903156024
0,0.0349364114086426
0,0.0332583930641443
0,0.0356159471648001
0,0.0354548427472697
0,0.0065415106048877
0,0.0348189081300686
0,0.0356187935605317
0,0.0349506425489268
0,0.000733320293316
0,0.0357721248971216
0,0.0348379189578153
0,0.0358441199342682
0,0.0354843709205994
0,0.035770499546675
0,0.025189884461903
0,0.0356831127197503
0,0.029859242778928
0,0.0358258966781046
0,0.0348967919796932
0,0.019450253872325
0,0.0180411874603978
0,0.0355648849472348
0,0.0350438938561616
0,0.035653047371348
0,0.0357049938205686
0,0.0347955477536184
0,0.0349249734084329
0,0.0348225506345139
0,0.0269959748996701
0,0.0062716863262924
0,0.0358473147407271
0,0.0355952312929917
0,0.0350545887958259
0,0.0358504439095386
0,0.0866239601186345
0,0.0021523402526172
0,0.0039520675846531
0,0.0347826271573637
0,0.0348641021775427
0,0.0248650705501667
0,0.0354758371119877
0,0.0278653211236112
0,0.0347845770743567
0,0.0329944727410339
0,0.0051905960775175
0,0.0189346757450547
0,0.0356791123338247
0,0.0357097700218868
0,0.0347974811406478
0,0.0354803683262945
0,0.0207013785877106
0,0.035352648577559
0,0.0347917622506945
0,0.0051918561336345
0,0.0357949764861932
0,0.0045739377971331
0,0.007702486145637
0,0.035322931820782
0,0.0354975449564754
0,0.0064242154733035
0,0.0350886303505268
0,0.0358154337017457
0,0.0072983047034537
0,0.0347807549549107
0,0.035115796442935
0,0.0358363025754109
0,0.0089676060511991
0,0.0341562997110564
0,0.0351712886205748
0,0.0824525524354961
0,0.0046982268672228
0,0.0353830492671961
0,0.0050377739356125
0,0.0296705127124434
0,0.0358392089442662
0,0.0356620162547477
0,0.016833502253326
0,0.0353033391875349
0,0.0184221848595331
0,0.0116272314848531
0,0.0347793674176934
0,0.0161867014589148
0,0.0332602129721201
0,0.0144831230920927
0,0.024428873140494
0,0.0349881286189439
0,0.0353947120075205
0,0.0353397051272811
0,0.0350096217656974
0,0.0355774151694576
0,0.03551643779533
0,0.031561630693728
0,0.0351715030597003
0,0.0308073497596737
0,0.0358458523962686
0,0.0356155263656172
0,0.0355455104968574
0,0.0353963393145055
0,0.0347728778795685
0,0.0251042490627885
0,0.0351827702402079
0,0.0318266551120411
0,0.0070799902591932
0,0.0214101029946979
0,0.0291210410804636
0,0.0348770244053512
0,0.0357903808459586
0,0.0349250333197041
0,0.0347835012339291
0,0.0157530081382445
0,0.0350537276159548
0,0.0349163138310647
0,0.0357074040798022
0,0.03509551024398
0,0.0419672774319891
0,0.0515280293023758
0,0.035821571323231
0,0.0357900851608045
0,0.0199153100375194
0,0.035109032039006
0,0.0176117322437466
0,0.0347809327276794
0,0.0197883027108408
0,0.0350029004145089
0,0.0202381913951802
0,0.0354568376488495
0,0.0309578946218976
0,0.0351063022881348
0,0.0349194531018969
0,0.0354537463272463
0,0.0348448483052175
0,0.0348171072262062
0,0.0185919033423181
0,0.0349367994668533
0,0.0352897388748219
0,0.0312903099590803
0,0.021632604163542
0,0.0122469307429754
0,0.0016331007520146
0,0.0086958268657227
0,0.0357844272072928
0,0.0347735887847937
0,0.0350232348104879
0,0.0357732143395845
0,0.0496117593297288
0,0.0400290731674773
0,0.0169144860657877
0,0.0335361497446954
0,0.0356576022972005
0,0.0199018862669855
0,0.0343380554052644
0,0.0357357485292693
0,0.0033047325764897
0,0.0358497090212222
0,0.0358252291250102
0,0.0346658835274444
0,0.0061630026282038
0,0.0358315160108795
0,0.0358676267117474
0,0.0300484171792078
0,0.0358210876869543
0,0.0347773801307612
0,0.0340457264984037
0,0.0347840536945139
0,0.0276627039508893
0,0.0132908543921815
0,0.0025991729464749
0,0.0352634136727095
0,0.0354164227478936
0,0.0043641468649649
0,0.0350513607459818
0,0.0349048341140714
0,0.0353776323536495
0,0.0348560460579404
0,0.0343387661684996
0,0.0352274972653368
0,0.0214944763633334
0,0.0141789023673968
0,0.0216915829800731
0,0.0353468816303995
0,0.0294509063221621
0,0.0358379177379275
0,0.0357425451993617
0,0.03481199099703
0,0.0351420931073245
0,0.0356994856629057
0,0.0347713616879555
0,0.034835799963642
0,0.0347838847032063
0,0.0348544999463312
0,0.0070993165939575
0,0.0020655456639483
0,0.0349670327962806
0,0.0348277188364523
0,0.0355002788483092
0,0.0358381853090461
0,0.0356738652346549
0,0.0358340434517446
0,0.0355900828614425
0,0.035030146877951
0,0.0358420394630234
0,0.0297098372099108
0,0.0153277430106456
0,0.0357962097613429
0,0.0356085239045891
0,0.0350386304214573
0,0.0093792112388564
0,0.0350673031709748
0,0.0358015317204999
0,0.0267986538071976
0,0.0091005741256232
0,0.0355470371586105
0,0.0181658791118655
0,0.0334564549208286
0,0.0357320501803515
0,0.0087459225219788
0,0.0341306930124679
0,0.0067099701331195
0,0.0350816853596309
0,0.0035272523496509
0,0.0057067282441986
0,0.0188882774788697
0,0.0356448777796051
0,0.0350436205814798
0,0.0354834882368098
0,0.2161033979521847
0,0.0173936385287295
0,0.0348221588612101
0,0.0300819394847426
0,0.0385853967300562
0,0.0356760117225487
0,0.0247775043017235
0,0.0355861078945304
0,0.0102363467053425
0,0.0293019760504523
0,0.0348531120634768
0,0.0083021949668313
0,0.035172987583444
0,0.0329098316778258
0,0.0352172611858717
0,0.0356075765144713
0,0.0347636314394349
0,0.0347814438267892
0,0.0353228738288848
0,0.0356735353954099
0,0.0358452078893644
0,0.0326455770084899
0,0.0347820358295872
0,0.0350441983845021
0,0.0037459350476603
0,0.034770051927419
0,0.0348008322642714
0,0.0296980046559667
0,0.0357467427308054
0,0.0355297893576357
0,0.0295460929258889
0,0.007702486145637
0,0.0101605560654563
0,0.0352236641779649
0,0.0129018067527365
0,0.0348544999463312
0,0.0018347672537861
0,0.0112175793299629
0,0.0354611109290774
0,0.0349269746059579
0,0.0289993956567594
0,0.0311606705035461
0,0.0356199388294169
0,0.0040515123878794
0,0.0355898223318935
0,0.0347770272268538
0,0.0349832521379907
0,0.0352038992734525
0,0.0158287643789526
0,0.0357359414659119
0,0.0354555484026524
0,0.0356330717111967
0,0.035795460074967
0,0.0355636898896329
0,0.0348061492150547
0,0.0350392172727706
0,0.0121885636559881
0,0.0350473030468771
0,0.0357300684413087
0,0.0357547236132542
0,0.0347835012339291
0,0.0358577008741696
0,0.0356832042097159
0,0.035841640637864
0,0.0358518278845728
0,0.035852484247383
0,0.0351449075410721
0,0.0351713860898874
0,0.0348008322642714
0,0.0358536564545456
0,0.0352340394220489
0,0.0126097639372051
0,0.0355239298154029
0,0.0358663032881069
0,0.0348007343686909
0,0.0351265142426857
0,0.0357869579339915
0,0.0017921794182245
0,0.0348069304191885
0,0.0350995819796313
0,0.0348014484627989
0,0.0358306322115058
0,0.0119957331693595
0,0.0041647338845246
0,0.0109991221399788
0,0.0205154966464339
0,0.074395189366225
0,0.0358498343231918
0,0.0357883839723015
0,0.0358490150632118
0,0.0130113413757833
0,0.0350253216505327
0,0.0034402347745701
0,0.0704987799996202
0,0.0202317763775614
0,0.0078602676810788
0,0.0358458170177344
0,0.0358065635753392
0,0.0348729828229143
0,0.0357049601092911
0,0.0348948510999059
0,0.0153947207871006
0,0.0334641290873902
0,0.0021366082233026
0,0.0128842793257501
0,0.0356087328680221
0,0.0224946266422393
0,0.0261466556944691
0,0.0358756998772952
0,0.0202242693828868
0,0.0349979559191985
0,0.0356652980355434
0,0.0212615772110161
0,0.0081838529639221
0,0.0357667712750096
0,0.0346453914448266
0,0.0357915409538181
0,0.0306476053632845
0,0.035826183915794
0,0.0113949524972587
0,0.034794758588368
0,0.0606242602378819
0,0.0358355201300363
0,0.0119223892151217
0,0.0277801350386129
0,0.0359072205133097
0,0.0358662162342923
0,0.0356883581201482
0,0.0348988752257079
0,0.0353960408409432
0,0.1352650571424762
0,0.0357820473009268
0,0.0357100806269984
0,0.0358399508633827
0,0.0266355229605311
0,0.0355824770838738
0,0.0153395324545179
0,0.0310924678705541
0,0.0354419234063248
0,0.0077858320189879
0,0.0347853395363795
0,0.0353076670216168
0,0.0478684568609769
0,0.002595726782572
0,0.0229145279092587
0,0.0358353581163072
0,0.0348895226099098
0,0.035638033177989
0,0.028214746304163
0,0.0355848570748985
0,0.0189018845009779
0,0.0357856433730033
0,0.0082557443657507
0,0.0356786138346819
0,0.0348030516690186
0,0.0357947435929423
0,0.0139827274651657
0,0.0356595561632571
0,0.0068902791753749
0,0.0353833173740689
0,0.0348344170139345
0,0.0080300819149274
0,0.0244676845211341
0,0.0265979511512545
0,0.0357737487854408
0,0.0351091797481995
0,0.0115326850615062
0,0.0355806729779738
0,0.0316310670962064
0,0.0357330799186761
0,0.0352761791792513
0,0.0351551204725848
0,0.0353016716594832
0,0.0356129066007026
0,0.0358557313964678
0,0.0357705372350298
0,0.0352822026401081
0,0.0349748243204252
0,0.0283048754685316
0,0.0348287073957136
0,0.0345700682649198
0,0.0352606117710645
0,0.035284249264797
0,0.0357394256587278
0,0.0110183379948513
0,0.0331013067376811
0,0.0353978075720449
0,0.0317771632879402
0,0.035012961451632
0,0.0324958761764132
0,0.0356079442757666
0,0.0133317197217421
0,0.0358512573887365
0,0.0356365270386012
0,0.0352505379097583
0,0.0358133468196915
0,0.0356144362775546
0,0.0357953672530656
0,0.0351727625650783
0,0.0347931172429606
0,0.0157625509977832
0,0.0279271393555305
0,0.0179806395762828
0,0.0072279376256668
0,0.0295317258584061
0,0.0349642232931412
0,0.0351059631190591
0,0.0223113146958099
0,0.0357785214888186
0,0.0322316461191073
0,0.0353470547479574
0,0.0347846652147181
0,0.0356157484951011
0,0.0350421644467019
0,0.0347661091338678
0,0.0345821218132931
0,0.0358153762711903
0,0.0356245897449224
0,0.0354003873820924
0,0.0201085116313864
0,0.0349927566532338
0,0.0349753190235195
0,0.0343955643770129
0,0.0312413493848573
0,0.0029677185535032
0,0.0324770242009455
0,0.0093618636893154
0,0.0215828096917564
0,0.0491690363178662
0,0.0358547210686698
0,0.0351294419408945
0,0.0351607135404387
0,0.0353008961150826
0,0.0116295295978635
0,0.0263976006887753
0,0.0104963537923354
0,0.0336913516636472
0,0.0355324241264344
0,0.035784711318904
0,0.0350062442144178
0,0.0358650158176413
0,0.0352407818135834
0,0.0357994392394294
0,0.0356966295065241
0,0.0348055316269902
0,0.0358798998173348
0,0.0350569265289877
0,0.027563860936391
0,0.0018448941971274
0,0.0190573085065209
0,0.0353804337541292
0,0.0228494713893766
0,0.0355229511666517
0,0.032651657026746
0,0.0358634257926683
0,0.033187987713807
0,0.0151454462439207
0,0.0358274256591048
0,0.0337105462181344
0,0.0358290060144245
0,0.0358202178822244
0,0.0101036745984782
0,0.0352382133513233
0,0.0340476774576327
0,0.0356137907747509
0,0.0358100621960977
0,0.0350881780073348
0,0.0354868877088397
0,0.0135840180493406
0,0.0348517465868252
0,0.0351632854858623
0,0.035328070834599
0,0.0348063802275975
0,0.035856244662621
0,0.0026639304121415
0,0.0351827146819954
0,0.0349151644533216
0,0.0203762637317642
0,0.0354992023486125
0,0.0358121833268485
0,0.0347853064856681
0,0.0355126189799648
0,0.0441296997098118
0,0.0169192229010853
0,0.0353690998684878
0,0.0260627376512909
0,0.0349961886326247
0,0.0357687948561197
0,0.0354787479054924
0,0.0350219845455499
0,0.010497015398952
0,0.004946522740336
0,0.0289406994926586
0,0.0354559508516572
0,0.0358463960130288
0,0.0349483299865272
0,0.0358364686433732
0,0.0286894767576471
0,0.0356094452121954
0,0.0349857993130597
0,0.0348615555615557
0,0.0064549524290424
0,0.0357675418454139
0,0.0314409727421741
0,0.0348666328206038
0,0.0344367041472795
0,0.0353662424301025
0,0.035641747817109
0,0.0349318649049964
0,0.0056502239363458
0,0.0103893077202397
0,0.035758522554902
0,0.0266071908185444
0,0.0116799619969428
0,0.0118224245642339
0,0.0348335938120639
0,0.0356110997020249
0,0.0357146794009518
0,0.0348610706202114
0,0.0358643479579531
0,0.038239639679086
0,0.0291645920373497
0,0.0349128043279848
0,0.016819967157113
0,0.0985374074663143
0,0.0358653968902561
0,0.0358552675321685
0,0.0357058287704504
0,0.0356442136369347
0,0.0182462747312037
0,0.002339452111783
0,0.034798270641326
0,0.0170269418647435
0,0.0356557457278755
0,0.0358339488036455
0,0.0204074839210781
0,0.0187356687337349
0,0.0006243085130253
0,0.0354380388806848
0,0.0226960180493577
0,0.0349108012030717
0,0.0246384044354155
0,0.0351874620065196
0,0.0356233975518759
0,0.0200835104949696
0,0.0348235224682726
0,0.0347797887443326
0,0.0005683368849209
0,0.0348265787738011
0,0.029978193157845
0,0.0355037152137381
0,0.0356456947360218
0,0.0358496883843973
0,0.0127112787536676
0,0.0090866898925361
0,0.0191273762140684
0,0.0355874537098672
0,0.0353719214679229
0,0.0356940378224425
0,0.0352204939536921
0,0.0282784606000626
0,0.0355614274900634
0,0.0353652866318036
0,0.0098538960035833
0,0.0262897470498431
0,0.0033443623779214
0,0.0324713088671612
0,0.7869032829508866
0,0.035552270948566
0,0.1080765791490787
0,0.0356169291262419
0,0.0353491789759332
0,0.0296502056224927
0,0.0300839439185391
0,0.027789361714406
0,0.0296478880038209
0,0.0202219331258218
0,0.0124965000958253
0,0.0348730308426397
0,0.0149718663321048
0,0.0219743759169742
0,0.0327407390246133
0,0.0352015335569276
0,0.0354678800082998
0,0.0350310262569176
0,0.0358671676077671
0,0.0182298706572451
0,0.0356652466554071
0,0.0089806972125348
0,0.0351084480172392
0,0.0348391683990591
0,0.0212003326391402
0,0.0234247671735668
0,0.0365519587896831
0,0.017834644328467
0,0.0052865515565305
0,0.0358338822442218
0,0.0130248522211941
0,0.0358698621378509
0,0.0021797304603796
0,0.0187646138003627
0,0.03429045621749
0,0.0349375903705949
0,0.0351106127933226
0,0.0279895284192404
0,0.0282410930917432
0,0.035574748977806
0,0.0357735591325908
0,0.0122539613863177
0,0.019310487890015
0,0.0352267865635265
0,0.0358598468976703
0,0.0358879923482752
0,0.0355137675728662
0,0.0348932626897828
0,0.034759059275937
0,0.0348542013553405
0,0.0356886063460271
0,0.035652664239879
0,0.0097445071066419
0,0.0088492719192157
0,0.0092185406571553
0,0.0106710608696194
0,0.0353624512718714
0,0.0350081227009063
0,0.0357730382248989
0,0.2346995093591531
0,0.0192588402417416
0,0.0167055988409822
0,0.0347798599010677
0,0.0354846556127367
0,0.0353717063552707
0,0.0356992326350831
0,0.0358458165832242
0,0.0218758377462017
0,0.0352870540498095
0,0.0357082783538769
0,0.0349886894466258
0,0.0349352890842659
0,0.0348800407872348
0,0.03514635590539
0,0.03558047685049
0,0.0349296501294611
0,0.0014647647012637
0,0.0353479681009633
0,0.0337877087237296
0,0.0189228528771588
0,0.015746590567901
0,0.0356791267961288
0,0.0355238027078101
0,0.0358326521757782
0,0.0348825093149007
0,0.0348470059079887
0,0.0351795665498781
0,0.029247381942078
0,0.0356626452268682
0,0.0348716508140035
0,0.034947295379844
0,0.0357892414069129
0,0.0039082938410827
0,0.0348133738577715
0,0.035307314316023
0,0.0358941935656013
0,0.0347802767213625
0,0.0356525120596711
0,0.0355597496657612
0,0.0358121349711479
0,0.0352076943013619
0,0.035703064483007
0,0.0023354836086948
0,0.0349367994668533
0,0.0348867098865596
0,0.0349488488386586
0,0.0022608095858772
0,0.0347798849429432
0,0.350074155314615
0,0.0349858915452581
0,0.0353668277231589
0,0.0147420943967623
0,0.0347902931748299
0,0.0351139269980431
0,0.0351659482233788
0,0.0352465879229805
0,0.0633720051975611
0,0.0348025196438766
0,0.0350775807378321
0,0.0355711324503661
0,0.0246197986637124
0,0.0048076922385635
0,0.0318309796093655
0,0.0348352674429814
0,0.0348919337016098
0,0.0127999505778932
0,0.0356718841976076
0,0.0347839213018744
0,0.016332432002191
0,0.0357387691243069
0,0.0356930909411439
0,0.0358352652548148
0,0.0348353221341588
0,0.0349027521097539
0,0.0285004625666789
0,0.0358317470012614
0,0.0351294775225009
0,0.028068896768822
0,0.017926213522371
0,0.0098191350514935
0,0.0116335448782053
0,0.0333006778097086
0,0.0354320379159375
0,0.0127753333845451
0,0.04992143001371
0,0.0355383265455862
0,0.0331329013150191
0,0.0358137760305241
0,0.007529845570296
0,0.0348788775942054
0,0.0352620275180198
0,0.0092633628481203
0,0.035835260922301
0,0.0356618694012951
0,0.0191740485241794
0,0.0206371932942831
0,0.0348533531200057
0,0.0352335412821724
0,0.0357384098320774
0,0.0272882147222869
0,0.0198601451580395
0,0.031176738676568
0,0.0216787884351572
0,0.0349355871419913
0,0.1122061024206654
0,0.0352443097556927
0,0.0349405089697831
0,0.0204028206960709
0,0.2570886640190754
0,0.0344797822300538
0,0.0353748038781615
0,0.0262191601814446
0,0.0351245149818002
0,0.0349069106872523
0,0.0351309066780759
0,0.0024623851487275
0,0.0257384548218725
0,0.0356838645074898
0,0.0136826163398942
0,0.0080466324836341
0,0.0355693706688772
0,0.0353301315858886
0,0.0353135336472073
0,0.0107025345121756
0,0.0191479352456336
0,0.0206780360749079
0,0.0355551544709628
0,0.0354884904923676
0,0.0356119387090257
0,0.014239390924883
0,0.0117490868497466
0,0.0031083958319248
0,0.0356702566220553
0,0.0357004640681441
0,0.0329126853817368
0,0.0349646266659674
0,0.0349378469287357
0,0.0309874225608052
0,0.0056026462360611
0,0.0348022102709841
0,0.0355144345559364
0,0.0358628077243555
0,0.0355377275175665
0,0.0354947659065133
0,0.0032755894683311
0,0.03578180825625
0,0.0351816922787815
0,0.0357125846923278
0,0.0358691360622497
0,0.0276460892593263
0,0.0139827274651657
0,0.00223916620229
0,0.0348548302703464
0,0.0348130887193614
0,0.0352386152872575
0,0.0358694231538729
0,0.0170819317331505
0,0.0348703450085101
0,0.0358611869592181
0,0.0121760388494769
0,0.03581742743836
0,0.0350433841886982
0,0.0334781909620721
0,0.0010298500904737
0,0.0347814565637255
0,0.0357772819241017
0,0.0348733965536632
0,0.0353517530267991
0,0.0347791055484531
0,0.0045608515624134
0,0.0093412893142699
0,0.0348359003942558
0,0.0354958326549926
0,0.0356532045183944
0,0.0355556783739068
0,0.0302645008791442
0,0.0005822195458366
0,0.035149494205903
0,0.0349617246030804
0,0.0355512435034471
0,0.0357030749752309
0,0.0350800851960745
0,0.0350371061151379
0,0.0358256738776452
0,0.0247039819121024
0,0.0357151992303878
0,0.0357236393335683
0,0.0051043315624543
0,0.0357228953862132
0,0.0350714741616102
0,0.0214356877670361
0,0.0356143739332697
0,0.0358791180009189
0,0.0351265755917646
0,0.0347802762954585
0,0.0358405079947251
0,0.2773396975168076
0,0.0078135187711188
0,0.0500166490806915
0,0.0028446013897719
0,0.0349784593691461
0,0.0044190766374004
0,0.0356839107476508
0,0.0350623757621248
0,0.0012786545201056
0,0.0349556528399735
0,0.0357630664227718
0,0.0348004278809314
0,0.0355180554494548
0,0.0358315465423107
0,0.0356158572162992
0,0.0351087164207294
0,0.0004050939192577
0,0.0349831763212476
0,0.0349116157709996
0,0.0358278866807383
0,0.0349917588520027
0,0.035815579109878
0,0.1038455464669197
0,0.0348758216907231
0,0.0159668677786525
0,0.0100922520140596
0,0.0044240442801977
0,0.0353813922798764
0,0.0356624690846175
0,0.0269453782598482
0,0.045602392631169
0,0.0358249558566323
0,0.0295824663219994
0,0.01751068722193
0,0.003091429781507
0,0.0262145171060311
0,0.0356801854634449
0,0.0021592583708651
0,0.034831787163608
0,0.0352897892959256
0,0.0349405181170245
0,0.0356392325539201
0,0.0215837634415812
0,0.0348635509506573
0,0.0348346385664578
0,0.0350249872995507
0,0.0358020042118941
0,0.0348129361518502
0,0.0356585136630071
0,0.035568248585485
0,0.0358372630358336
0,0.0357911962293836
0,0.0166375492541439
0,0.0353416431841155
0,0.0150734512586683
0,0.0349591172663556
0,0.0357009365748018
0,0.0351533582829807
0,0.0351758836536652
0,0.02945917112194
0,0.0354375583352946
0,0.0349318580252659
0,0.0162510937904362
0,0.0348095938473776
0,0.0225460725162336
0,0.0019337183569817
0,0.0053801021188345
0,0.0205602987120885
0,0.0263355337015226
0,0.0358340202347463
0,0.0357797251080357
0,0.0358567320305485
0,0.0358450940712032
0,0.0350577167075529
0,0.0348706052260858
0,0.0358343547672554
0,0.0358502123451387
0,0.0209342250688616
0,0.0327642398218412
0,0.0337344919864045
0,0.0339085858820052
0,0.0178404987441328
0,0.0356929170437963
0,0.0354118940767045
0,0.0005479764336257
0,0.0350059084957287
0,0.0348290633968746
0,0.0357356660429665
0,0.0358358467735341
0,0.0356614997557401
0,0.0358470707063788
0,0.0182914084843653
0,0.0160159891924602
0,0.0347460731401799
0,0.0356926010107457
0,0.016583957791139
0,0.023070605289609
0,0.0349369584034354
0,0.0082037044767173
0,0.0347813923623121
0,0.0258508079038071
0,0.0038103386392259
0,0.0037284941601732
0,0.0053154564408762
0,0.0354363007652753
0,0.0351793692702553
0,0.0348841002409794
0,0.0347614064402389
0,0.0348985831443272
0,0.0347836528922482
0,0.0304052528716385
0,0.0349908899504339
0,0.0017301228876882
0,0.0046678943311015
0,0.0018265518218922
0,0.004574208358147
0,0.0358737176131551
0,0.0357481568776666
0,0.0071704981328898
0,0.011978100542049
0,0.019613876518759
0,0.0358204299364616
0,0.0356114115472385
0,0.0349243685475192
0,0.0351527898129659
0,0.0758839927169269
0,0.0018281118170054
0,0.0358715609655966
0,0.0349388844567464
0,0.0355896346256814
0,0.034999527690727
0,0.0351245793683589
0,0.0357328663703725
0,0.0048197494351165
0,0.0306126518342641
0,0.0033600315949511
0,0.0355770181287551
0,0.0349595319900589
0,0.027026937312972
0,0.0357431079676053
0,0.0350544208780332
0,0.0280799581153446
0,0.0352468703499654
0,0.0354401801531239
0,0.0350285655599049
0,0.0335466143530718
0,0.0358510253696747
0,0.0340316488314335
0,0.0332365465905451
0,0.0145666172648921
0,0.0353435811730848
0,0.0277001398671604
0,0.0355643275187606
0,0.0357931442424876
0,0.0355077997204065
0,0.0358499557676207
0,0.0235266922457994
0,0.1377411097925452
0,0.0347838658618284
0,0.0347445368637355
0,0.0349820542602527
0,0.0347647128405507
0,0.0348314658245893
0,0.0353039337521534
0,0.0312802857697972
0,0.0006460937031794
0,0.0357219308406297
0,0.0010376648543213
0,0.0356777651366064
0,0.023208265203781
0,0.0354849336951643
0,0.0357895736840638
0,0.0351684066583271
0,0.034787650387899
0,0.0348476169932777
0,0.0348916817632723
0,0.0356623491812566
0,0.0222301115734524
0,0.0035269719283096
0,0.7155140072240332
0,0.0354666402795814
0,0.0348049638504769
0,0.0215488072517332
0,0.0009680303933225
0,0.0151618221571112
0,0.033340061209426
0,0.035146385994541
0,0.0016602090261012
0,0.0348453399563971
0,0.0357141741563647
0,0.0358334784566911
0,0.0279147379379989
0,0.0349015925069326
0,0.0354905341387385
0,0.0349799670338183
0,0.0355442820078536
0,0.0140677223717379
0,0.035620968021392
0,0.034963625110146
0,0.0351469225665773
0,0.2149842783852715
0,0.0128543704864356
0,0.0290830200383069
0,0.0353362822924361
0,0.0356401969000117
0,0.0294672902826885
0,0.0349833104561063
0,0.035401354358062
0,0.0173705866700854
0,0.0013034826489295
0,0.0358379098142832
0,0.0291625198057445
0,0.0351039522855305
0,0.0356800410850425
0,0.0348056798021037
0,0.0355603303700199
0,0.035599258190567
0,0.0358663018237493
0,0.034916203663741
0,0.0347800822319113
0,0.0352040243960429
0,0.0037172559435286
0,0.0348174211856677
0,0.0012702445945132
0,0.0347810738010015
0,0.0357066188158351
0,0.0068160486027018
0,0.0348828115236218
0,0.0348333402575093
0,0.0335438392371322
0,0.0347822050550716
0,0.0355777321182978
0,0.0348680199650673
0,0.0358464043290347
0,0.0351944485053211
0,0.0358279154190412
0,0.0355057888354977
0,0.0357291826764404
0,0.0358851966189708
0,0.009225343857106
0,0.0348109161199226
0,0.0352473936090265
0,0.0350881780073348
0,0.0355054775107354
0,0.0358475610096804
0,0.0357209056234688
0,0.5356721343964872
0,0.0261450190992155
0,0.035820910799398
0,0.03557835468303
0,0.0347906302845021
0,0.0350668938605742
0,0.0349712385694611
0,0.0355243498112185
0,0.035187170330715
0,0.017693946849323
0,0.0107555729550599
0,0.0349321957980249
0,0.0123438285343545
0,0.015502335431282
0,0.0350965986404947
0,0.0351163463385492
0,0.0056714739487886
0,0.0357442564660489
0,0.0351074219182208
0,0.0352537856681947
0,0.0177521664116259
0,0.034795260583449
0,0.0144572629089713
0,0.0356324456140791
0,0.027006238113932
0,0.0310243036205274
0,0.2382043016461093
0,0.0306824064859101
0,0.019047622492192
0,0.0046710828232362
0,0.0354862559715515
0,0.0355899456154649
0,0.0136642818219512
0,0.0351062289948939
0,0.0128942329187638
0,0.0088156401389969
0,0.0114175881719909
0,0.034864526484461
0,0.0358181537083476
0,0.004829985402309
0,0.0358282911437541
0,0.0350708024443442
0,0.0353434227139989
0,0.032164693324569
0,0.0348926284386294
0,0.0348271253779193
0,0.0099905936795018
0,0.0354479259692168
0,0.0349914643717699
0,0.0355561307763401
0,0.0348944903133361
0,0.0354103902997816
0,0.0356135082007482
0,0.0355030087152736
0,0.0169210212469451
0,0.0353967377567065
0,0.035113866600216
0,0.0299720671055956
0,0.0356558867983191
0,0.0355416529053543
0,0.0357156084309617
0,0.0356849274168837
0,0.0353769290286705
0,0.034894386678638
0,0.0095395820524535
0,0.0348221588612101
0,0.0347930259599293
0,0.0350660608912541
0,0.0347814116402688
0,0.0097778675214819
0,0.0036045014870356
0,0.0352960354400405
0,0.0356508842275627
0,0.0347179717055462
0,0.016198710853675
0,0.035095637749467
0,0.0358574773698167
0,0.0165518449691674
0,0.0016445955127363
0,0.0115291813510458
0,0.0358601231211112
0,0.035195512425919
0,0.0348783802559527
0,0.0348402635205258
0,0.0322099993325571
0,0.0352801554294918
0,0.0325074022580307
0,0.0356876272430661
0,0.0348736648279099
0,0.0357039363800763
0,0.0355209659081888
0,0.0007400871551416
0,0.0349355775883751
0,0.0351187341854976
0,0.03578677134131
0,0.0067972720579802
0,0.0348475054440991
0,0.0229045375281259
0,0.0350979567211114
0,0.035843280840708
0,0.0348104859247019
0,0.0354887451780296
0,0.0358357678098594
0,0.0014312373596751
0,0.0184616452303531
0,0.0105593016677357
0,0.0351084480172392
0,0.0015646103014156
0,0.0108965033166434
0,0.0010111626051905
0,0.0017998472196305
0,0.0349874124541907
0,0.0350524963328694
0,0.0348237691533945
0,0.0354090259617212
0,0.0357951416708005
0,0.0009861060236315
0,0.0356675084171613
0,0.0350305795848684
0,0.0353897001154372
0,0.0348854811121696
0,0.0353361946922375
0,0.0357921127932145
0,0.0348929834306641
0,0.0351009460845893
0,0.0143679252663815
0,0.0347810892038908
0,0.0102728999538774
0,0.0350642178669491
0,0.0351931187322699
0,0.0358051564504379
0,0.034868878065102
0,0.0354426052609074
0,0.0126446653817487
0,0.0358459914882911
0,0.0155586632546177
0,0.0358143825940637
0,0.0351148114376114
0,0.0357002287838588
0,0.0358087225344141
0,0.0349383096922969
0,0.0033316879167328
0,0.0256318301084936
0,0.0349738079262605
0,0.032901705488305
0,0.0349238656133901
0,0.0146806694188267
0,0.0139855200673849
0,0.0160866547973322
0,0.0175280875115968
0,0.035825070862313
0,0.0100074162280451
0,0.0347906926308401
0,0.0117874545728558
0,0.0351792709677512
0,0.0348245520838637
0,0.0217942130190025
0,0.0351209796381416
0,0.0358752040950929
0,0.0350242967683502
0,0.0039235842618887
0,0.0347658460587327
0,0.0335209951672018
0,0.0349979510706607
0,0.0357362096620503
0,0.0347798176677139
0,0.0354108061256242
0,0.0207450253168828
0,0.0105934453984281
0,0.0349850975375584
0,0.0157717848294824
0,0.0350166963976303
0,0.0865809537170002
0,0.0200633691730148
0,0.0024147325264998
0,0.0348332901935141
0,0.0128107261425738
0,0.035612333155511
0,0.035481606129484
0,0.0350856777400829
0,0.0347894305774265
0,0.0348253823606487
0,0.0347542662514078
0,0.0353365839826378
0,0.005395312672075
0,0.0347903529479473
0,0.0350418289379862
0,0.0152599389661271
0,0.0356877107087358
0,0.0351005859414328
0,0.0027553027113522
0,0.0349418243463062
0,0.0358495776653555
0,0.0347976303818481
0,0.011792224427425
0,0.0358362689564286
0,0.0140128491178276
0,0.0348087836831539
0,0.0318151591071896
0,0.0121170144515148
0,0.034667716890068
0,0.0352382553729085
0,0.0187158230425223
0,0.0266565161335643
0,0.0158966254258133
0,0.0353403381262801
0,0.0351304162328528
0,0.0359069483563231
0,0.0348737107567057
0,0.0352423160457828
0,0.0358606114898933
0,0.0347829739803344
0,0.034814512859498
0,0.0353265050438122
0,0.0354911294866991
0,0.012042843498537
0,0.0033821025866448
0,0.0170736835866558
0,0.0053062290386609
0,0.0009543738447726
0,0.0349275032538779
0,0.0348703719593869
0,0.035824705512794
0,0.0203809952463726
0,0.0347761271277035
0,0.0024128113221103
0,0.098120172374886
0,0.0348367463272754
0,0.0356944743110116
0,0.0116222862930418
0,0.035681202894099
0,0.0068174534823298
0,0.0349447232205563
0,0.0172329264445905
0,0.0077564938930999
0,0.0349693780223267
0,0.0350628664515133
0,0.1126687608088826
0,0.0352589961545285
0,0.0127548349770847
0,0.0354678475167425
0,0.0273332651163143
0,0.0787391952546933
0,0.0157752929665649
0,0.0358501069352646
0,0.0342258597706062
0,0.0353960170526544
0,0.0133897397765103
0,0.0348318163538045
0,0.0285698723141718
0,0.1759985560795936
0,0.03477833747881
0,0.0358165438880933
0,0.0347965001040355
0,0.0352229150326615
0,0.0352865989888561
0,0.0351365275624779
0,0.0295088849344484
0,0.0351368932124678
0,0.0350808079599024
0,0.0358480808196843
0,0.0222559176670414
0,0.0354435730525939
0,0.0358361531600472
0,0.0213218643972473
0,0.0328833429930783
0,0.0162242970168921
0,0.0349899016100997
0,0.0352017804403269
0,0.0324089060923298
0,0.0349817539778964
0,0.0357590720050411
0,0.0063609512513599
0,0.0133044178639649
0,0.035639107001233
0,0.0257891908495874
0,0.0149092606785422
0,0.03490761639636
0,0.0351425881431974
0,0.0348971848098673
0,0.0230020589797683
0,0.0155307183228007
0,0.0316291941112671
0,0.0290903813506822
0,0.0189782917578847
0,0.0357149695800582
0,0.0176802921234392
0,0.0358175000752746
0,0.304542732204667
0,0.0091821911739417
0,0.0352038292886788
0,0.032238466037692
0,0.0341826497115528
0,0.0358266024217954
0,0.0062861364843368
0,0.0353384834916887
0,0.0355033741193459
0,0.0023010367967141
0,0.0356502383410527
0,0.0354342221394654
0,0.0352988646964444
0,0.0348687474565222
0,0.0331376181375293
0,0.0352748170590063
0,0.0355750652539977
0,0.0020628545066714
0,0.035839700078403
0,0.0353016716594832
0,0.0355928166994006
0,0.0358421345692876
0,0.0228329077695878
0,0.0350153015592442
0,0.0227818788600561
0,0.027820969037137
0,0.0504212433905557
0,0.0353066787345704
0,0.0347820306931338
0,0.0356372350040262
0,0.035132545799255
0,0.0356208703692469
0,0.0357978129566115
0,0.034889143970245
0,0.0351215457666596
0,0.0313610427305728
0,0.0353914553800224
0,0.0028529871418238
0,0.0358582490757799
0,0.003068718088774
0,0.0089628871817087
0,0.0357872281590837
0,0.0358434521475689
0,0.0353439306264004
0,0.0351158239057228
0,0.0358536082881974
0,0.0284688146606755
0,0.0270788532955847
0,0.0348641258754986
0,0.0113220962010844
0,0.0358399534837995
0,0.0350870216572165
0,0.0348200409241996
0,0.0348586759621605
0,0.0323653239637729
0,0.0349115716060986
0,0.0351061410314364
0,0.0351665967088555
0,0.0296469800385657
0,0.0357005728484639
0,0.035655820389761
0,0.0041453273705665
0,0.0356125529931615
0,0.0347861118663967
0,0.0103277107137061
0,0.0121753293605068
0,0.0348476693310797
0,0.025038479725572
0,0.0355724932895044
0,0.0187209008493698
0,0.0176325544177766
0,0.0094206979860534
0,0.0351371207605811
0,0.0354797247965717
0,0.0349965767307098
0,0.030885592240041
0,0.0355931484457034
0,0.0356702831294026
0,0.0178090056473224
0,0.0096983232876869
0,0.0210799045310029
0,0.0347939199715896
0,0.0021995334206719
0,0.0343237790086723
0,0.033665579860052
0,0.0355342042305106
0,0.0357119079904687
0,0.0358068235189159
0,0.0347993910392105
0,0.0358561440774266
0,0.0236231647057411
0,0.0350338754249497
0,0.0358027575312883
0,0.035784164654015
0,0.0343779750076677
0,0.0357887589050448
0,0.0158929596630559
0,0.0029569444416785
0,0.0075196995281096
0,0.035223869457077
0,0.0350293312220659
0,0.0278739831852435
0,0.0188444914023942
0,0.0250447532875691
0,0.0052299165755339
0,0.0177781002377334
0,0.0103428221643356
0,0.0348624845050999
0,0.0032218424774904
0,0.0355169264421367
0,0.0352038910445895
0,0.0297874887657799
0,0.0347825086999605
0,0.0349530785988244
0,0.0032203006611131
0,0.0353607716905601
0,0.0353802826805025
0,0.0358065033298713
0,0.0153193732712534
0,0.0152981306100095
0,0.0344678061625047
0,0.035640228886429
0,0.0303193751170654
0,0.0354148960348732
0,0.0121706634424736
0,0.0069694918235789
0,0.0194062662041681
0,0.0258309056210788
0,0.0308970741696778
0,0.0351768458779276
0,0.0085715373537793
0,0.034321596666411
0,0.0357516568011072
0,0.0348810976152393
0,0.0018244720707066
0,0.0753842515504435
0,0.0301716782596721
0,0.034901965422036
0,0.0350861933545474
0,0.0349106619294921
0,0.035699587085387
0,0.0098914251209453
0,0.0147287691640359
0,0.0347826271573637
0,0.0353185514266223
0,0.0114196997192261
0,0.0121851562221414
0,0.0358658037676352
0,0.0357220292941039
0,0.0186875272565201
0,0.0350027637160395
0,0.0358103358215916
0,0.0350674698798461
0,0.0358032503583129
0,0.0352298443822569
0,0.0356143739332697
0,0.0223071065390777
0,0.034993080003196
0,0.0331069416993575
0,0.034810355255899
0,0.0353296812583817
0,0.0357908622379146
0,0.0358594833488778
0,0.0169590255456303
0,0.0049273481101879
0,0.0350299697352515
0,0.0031588357582145
0,0.0348582568688496
0,0.0163731098246963
0,0.0350355169457704
0,0.0356007354429548
0,0.0357881358557051
0,0.0348361394936908
0,0.0356558779563822
0,0.0348548926795977
0,0.0352526417786391
0,0.0106680394167146
0,0.03563953026133
0,0.0309124750772567
0,0.0358575923327147
0,0.0302392505860708
0,0.0264112499656504
0,0.0348277949586471
0,0.0213410899286339
0,0.0348247764267405
0,0.0353013962539817
0,0.035818156306112
0,0.0348069305803892
0,0.0156537675896599
0,0.0190415140188486
0,0.0241658314070874
0,0.0024329077858689
0,0.0354225622388404
0,0.0348533264302771
0,0.0357988430100972
0,0.0347758533281481
0,0.0351718809061394
0,0.0348598606909461
0,0.0348125358741141
0,0.0347840795420906
0,0.034209647650982
0,0.0041598845094041
0,0.0102393126627276
0,0.0343129675455264
0,0.0350649396676041
0,0.035850130675127
0,0.0279757339106986
0,0.0195144700908805
0,0.0335091249657143
0,0.0219573065892844
0,0.0349354569753855
0,0.0353975464512873
0,0.0352459483869784
0,0.0006074015655526
0,0.0358539704933981
0,0.0351578807957249
0,0.0737706775772597
0,0.0358745511782214
0,0.0352827040355275
0,0.0285201572050633
0,0.1154823344438355
0,0.0351190264211628
0,0.0173749184081772
0,0.0172472328745531
0,0.0020921520326986
0,0.0348074849353293
0,0.0122139093580354
0,0.0288001746265844
0,0.0348062362367803
0,0.006079885480579
0,0.0024172858396313
0,0.0028781339860621
0,0.0352642124372481
0,0.0358004627294558
0,0.0348821294532265
0,0.0350328939271788
0,0.0309482820420783
0,0.035258472268281
0,0.035240799234438
0,0.035853559335295
0,0.0108882685167658
0,0.0243229190018616
0,0.0152470023311328
0,0.6306687733870971
0,0.0024951520178107
0,0.0357399261017971
0,0.0287479265484534
0,0.0350072330034213
0,0.0283954015282169
0,0.0357644735134722
0,0.0349373531953968
0,0.0350185810115154
0,0.0351877111271021
0,0.0209200589118437
0,0.0356468608783244
0,0.0335748141694263
0,0.0057169189575739
0,0.0350676647756132
0,0.0357697828917055
0,0.0351381434401056
0,0.0358568002392817
0,0.0061678040950718
0,0.0357948217339546
0,0.0337955127743958
0,0.035629794154001
0,0.0015659500273016
0,0.0347833001389411
0,0.0078751086771065
0,0.0023108155643959
0,0.0040555368253269
0,0.0358577838526546
0,0.0357548585306189
0,0.0352046840683083
0,0.016028915367045
0,0.0137897032693425
0,0.0110370482955155
0,0.062914797377708
0,0.0351922532290634
0,0.0373347045376476
0,0.0357899923854303
0,0.0106559359776324
0,0.0357360080411929
0,0.7178040553451577
0,0.0356701682982852
0,0.0352825879370784
0,0.0055823987709211
0,0.0358408920386268
0,0.0352586881118841
0,0.0356335834449719
0,0.0161316773427853
0,0.0352716976606888
0,0.0296400335048783
0,0.0358631848385836
0,0.0358470534060887
0,0.0262141328328443
0,0.0192092530181175
0,0.0277550849307184
0,0.0356407107031371
0,0.0103701949176821
0,0.0326916428768203
0,0.0302668245762334
0,0.0338305313769718
0,0.0349285698271824
0,0.0189768636881501
0,0.0356826461745077
0,0.0358288763758414
0,0.0930958195852671
0,0.0225889827225718
0,0.034787053195373
0,0.0056877109617264
0,0.0137630057136583
0,0.0348134719474894
0,0.0349703550815694
0,0.0099596461194793
0,0.0358530894685911
0,0.0350446885306615
0,0.0358529903253296
0,0.035113134886072
0,0.0354020215254279
0,0.0084610285434309
0,0.0295248629862282
0,0.0351919366933027
0,0.0357707323342717
0,0.0406199292798955
0,0.0010583262114692
0,0.0552337824330388
0,0.0344289149154076
0,0.0352211694425661
0,0.0355447267546467
0,0.0348456751584557
0,0.0354126712996419
0,0.0159730696689178
0,0.0184378898194331
0,0.0029557856226552
0,0.5321131279970013
0,0.0113564224707354
0,0.2297237902922956
0,0.0350344605949088
0,0.0348017705173726
0,0.0037809525117795
0,0.0348255116479547
0,0.0046399487542191
0,0.0357930115440438
0,0.0349066586100689
0,0.0356706365954208
0,0.0357527899247024
0,0.0335783242960363
0,0.0358492038612797
0,0.0348549206468675
0,0.0232912866297282
0,0.0144828886325718
0,0.0278235238345368
0,0.0348322963956801
0,0.0357946453092991
0,0.0349251165301704
0,0.034866413807997
0,0.0355736477363083
0,0.0357308502394116
0,0.0354041520426696
0,0.0348385833068097
0,0.0347801128951501
0,0.035053850103887
0,0.0129791497677847
0,0.0355931484457034
0,0.0349560617782818
0,0.034946370913389
0,0.0351581130360768
0,0.034809371198774
0,0.0149600141041127
0,0.0354060513135779
0,0.0358576057063399
0,0.0348981078251428
0,0.0358121952571648
0,0.0182910762800461
0,0.0358794327719433
0,0.0348191662576972
0,0.0356368665174338
0,0.034980310064791
0,0.0154316731781529
0,0.0358201792938837
0,0.0354122323465293
0,0.0352829857963564
0,0.0357870757062608
0,0.0151601310408817
0,0.0347951077376656
0,0.0017359072549275
0,0.034983001345953
0,0.0010955373383164
0,0.0357659432321035
0,0.0350689127773604
0,0.0198660451843871
0,0.0359216329708307
0,0.0352232488930153
0,0.0358125165172332
0,0.0148883468373616
0,0.034032341672989
0,0.0358174111479236
0,0.0351671090967339
0,0.0355601910063015
0,0.0097423832652807
0,0.035535932070654
0,0.0355005987166166
0,0.0348163202247494
0,0.0347965001040355
0,0.0021344865255665
0,0.0358577775619485
0,0.035469839614917
0,0.0347916350545446
0,0.0313023380256315
0,0.0353772661323599
0,0.0348735258237118
0,0.0358563976221153
0,0.035047871925107
0,0.0355414618253424
0,0.0348673973808266
0,0.0293208178080706
0,0.399341252663279
0,0.0357934076026411
0,0.0213785770281802
0,0.0348861421375181
0,0.013790505969813
0,0.034910830388329
0,0.0349325155468747
0,0.0273031616662552
0,0.0357336499149642
0,0.0356112675085626
0,0.0357941259619686
0,0.0354211890614949
0,0.0004110520314112
0,0.0074613070750828
0,0.0357231077036942
0,0.0354928418692181
0,0.0300521129680231
0,0.0229602114023515
0,0.0348616913901079
0,0.0350976299066118
0,0.0358540706114524
0,0.0349966835505902
0,0.0063078686281609
0,0.0349386864636671
0,0.035797285739368
0,0.0353559366698523
0,0.0344131471099354
0,0.0358502917649086
0,0.0352041904585831
0,0.0042885338133873
0,0.0350703025574835
0,0.0356766479332295
0,0.0357455453161438
0,0.0126950465407864
0,0.0180634296958774
0,0.0116869270833625
0,0.0348440797476065
0,0.0357880131287307
0,0.0351267728144858
0,0.0287276753129994
0,0.0347919527094748
0,0.0074331902090422
0,0.0358165844246204
0,0.0357682330516931
0,0.0350015703539938
0,0.0341656693678198
0,0.0353529837837081
0,0.0357830672937315
0,0.0322037735492658
0,0.034669052054692
0,0.0085570781878479
0,0.006811773476046
0,0.0351183762978501
0,0.0352442611014044
0,0.0350513607459818
0,0.0349548333511972
0,0.029120165949335
0,0.0354453990116502
0,0.0358185034933692
0,0.0347818486344708
0,0.0089508316822512
0,0.035057889199414
0,0.0070109683502593
0,0.0324356637610301
0,0.035842430802643
0,0.0307679728247708
0,0.0350821451677887
0,0.0348271922332426
0,0.0353929249642486
0,0.0358565439605593
0,0.0348207898442349
0,0.0347801849632056
0,0.0342923363528431
0,0.0355923209209248
0,0.0039197830363945
0,0.0351660253085936
0,0.0358211406958944
0,0.0358344535100521
0,0.0354970849461461
0,0.3288549495212651
0,0.0357603474256061
0,0.035008946320798
0,0.0357101621672133
0,0.0358262088269372
0,0.0349877543536527
0,0.0328980176554779
0,0.0036046203702
0,0.0357916916399472
0,0.0298662746133768
0,0.0138560497566922
0,0.0354494022129875
0,0.0348149859202047
0,0.0264362982592262
0,0.0354397548669159
0,0.03570054327519
0,0.0334132305243462
0,0.0355238669641552
0,0.0347838769131208
0,0.0347679728269671
0,0.0354027790867771
0,0.0351319013574597
0,0.0350032246478015
0,0.002117217717158
0,0.0357219897397668
0,0.0349377276351609
0,0.0347801849632056
0,0.0124299063822853
0,0.0259899841829443
0,0.0354885904600279
0,0.1183914519306815
0,0.0352639639423548
0,0.035858376571742
0,0.0350122965968257
0,0.0358725761070581
0,0.0039946558083283
0,0.0358144413610151
0,0.0046539990122021
0,0.0352662832391391
0,0.0339453812780766
0,0.035013245119979
0,0.0091628714519761
0,0.0350683183427286
0,0.0358111773614749
0,0.0356576055402543
0,0.0348296112925705
0,0.0047464617626536
0,0.0356674793368246
0,0.0368410594969017
0,0.0355843580585056
0,0.0348876483619822
0,0.0356368445073991
0,0.0357936326715297
0,0.0349576941784744
0,0.0347839097993888
0,0.0355896711197455
0,0.0176067509856049
0,0.0358105002541095
0,0.035833883497281
0,0.0351495964893191
0,0.0358498392274231
0,0.0358549101145942
0,0.0352954934519364
0,0.0353344391647098
0,0.0159341005469502
0,0.0170807588132797
0,0.0356457141058508
0,0.0122913969515451
0,0.0179225434550123
0,0.0078564037952394
0,0.0354048558980656
0,0.0347800916494969
0,0.0357516736698116
0,0.0350966151475211
0,0.0358553669193411
0,0.0357587184707314
0,0.0354872446392499
0,0.0132720112125215
0,0.0322182962444761
0,0.035835619323794
0,0.0018722526923408
0,0.0263203915909196
0,0.0339517149254691
0,0.0357626670018431
0,0.0336927909650292
0,0.0348939108603338
0,0.0437851902524835
0,0.0352128276144077
0,0.0358181152168085
0,0.0487132622263235
0,0.027368298946445
0,0.0155597381778878
0,0.0350853048571792
0,0.0356400752397771
0,0.0285609507239558
0,0.0358590883871062
0,0.0348904749760179
0,0.0267298222922365
0,0.0351118693705222
0,0.0348714193331315
0,0.034732054957836
0,0.0293525030862254
0,0.035848488606224
0,0.0348332901935141
0,0.0348008322642714
0,0.0354805044053836
0,0.030901952909939
0,0.0113521277413088
0,0.0354157063968488
0,0.0351210878750087
0,0.0357695365649145
0,0.0831361742020606
0,0.0357284582410256
0,0.0028364991681789
0,0.0350494968127957
0,0.0351322370693356
0,0.0289359520101954
0,0.017955918667391
0,0.0112034173603322
0,0.035250521633055
0,0.0122944218552773
0,0.0354654067608558
0,0.0355258879857896
0,0.0350461137824872
0,0.0035397614425906
0,0.0356430155225471
0,0.0358334784566911
0,0.0350122980045346
0,0.0356529369249505
0,0.0354210484664237
0,0.034810468503968
0,0.0351233865923693
0,0.0358711473717871
0,0.034781799628703
0,0.0348069821829577
0,0.035838844432985
0,0.0125976027363465
0,0.0351763266405543
0,0.0348660400898783
0,0.0358504439095386
0,0.0048242097207488
0,0.0352550260843439
0,0.0349895925546612
0,0.0347985648119462
0,0.0356263697688214
0,0.0354239288144828
0,0.0089256292818633
0,0.0358036865784203
0,0.0351295493733745
0,0.0350154716679798
0,0.0356806824954762
0,0.0354980838475157
0,0.0350656551854932
0,0.035619029450683
0,0.0351172093476972
0,0.0355003743331524
0,0.035054461854635
0,0.0353240110273716
0,0.0356835446151384
0,0.0340628702599062
0,0.0347991818455239
0,0.0347798176677139
0,0.035448361562172
0,0.0348189095380014
0,0.0033987444756448
0,0.0353961866153731
0,0.0318418338921491
0,0.0017914858653934
0,0.0357731042068898
0,0.0260253777865179
0,0.0321968990783576
0,0.0293448433848963
0,0.0012205118225221
0,0.0357016376427101
0,0.0027866322308579
0,0.022753265075576
0,0.0201270660582262
0,0.0355693380372722
0,0.0353752787822085
0,0.0100606632540806
0,0.0094533727591498
0,0.0141131972221692
0,0.0349864013719004
0,0.1140966699780451
0,0.0355881450486794
0,0.03583200553245
0,0.0226960180493577
0,0.0349377276351609
0,0.0194446853238675
0,0.034804403468261
0,0.0314386561919186
0,0.0352211390849594
0,0.0356303339321659
0,0.034647507750792
0,0.0142952024059119
0,0.003620662473696
0,0.0348847137149492
0,0.034865306833068
0,0.0353345982196202
0,0.0354565302303989
0,0.0358403563089329
0,0.0355945722667238
0,0.0348538194002937
0,0.0046092470642818
0,0.0348779635100589
0,0.032781793835504
0,0.0358266645098293
0,0.0357419595159886
0,0.0358396089312059
0,0.0127802134838445
0,0.0352165435288512
0,0.0350246997584995
0,0.0299696285308849
0,0.0357638573192801
0,0.0261134825165833
0,0.0346424197857082
0,0.0356633428904815
0,0.0353929249642486
0,0.0358201359086196
0,0.0353434269161117
0,0.0367303192554896
0,0.035014711031801
0,0.0348309706634648
0,0.0346999775998872
0,0.0356995267414883
0,0.0356764863464612
0,0.0349839433129339
0,0.03483449017107
0,0.0133553994793643
0,0.0358409443114017
0,0.0349905679803633
0,0.0158665051943529
0,0.035309896308514
0,0.0353079215628647
0,0.0358556637651919
0,0.035807113959183
0,0.0347179261860279
0,0.0348109073893631
0,0.0350675349032312
0,0.0348655010237706
0,0.0349626942051754
0,0.0358516096852467
0,0.0104360454740536
0,0.0352505016072105
0,0.03582860894344
0,0.0353226266159025
0,0.0301812368933601
0,0.0352398399690521
0,0.0017882876170805
0,0.0183298545466605
0,0.0358676725837878
0,0.0348825110728795
0,0.0352788622821514
0,0.0348557689253241
0,0.0357714740527227
0,0.0356159079202569
0,0.0107263055195643
0,0.0358464651572646
0,0.0260107147306949
0,0.0358111921753117
0,0.0190415140188486
0,0.035783869042144
0,0.0347707753436838
0,0.0139082006595104
0,0.0356609840720236
0,0.0348639673493776
0,0.0348449717476005
0,0.0146946010959033
0,0.0149888429026583
0,0.0353070198479597
0,0.0352487306199613
0,0.0347976286833254
0,0.021537307631086
0,0.035636216527371
0,0.0358020684195264
0,0.035475519144312
0,0.0357535054017219
0,0.0351422211502181
0,0.0339373921427902
0,0.0356888635516621
0,0.0347871807705579
0,0.0349494080890905
0,0.0352696371073635
0,0.0358762466266099
0,0.0347998828985528
0,0.0355136200885606
0,0.0082723530606477
0,0.0347982044233581
0,0.035764885864367
0,0.0358194013158039
0,0.0269048405339585
0,0.2360195613060192
0,0.0699768778778328
0,0.0358398550710174
0,0.0057085668609194
0,0.0052912450608786
0,0.0350155865032278
0,0.0356632156087369
0,0.0042076745996838
0,0.0354838479095694
0,0.0354362272629828
0,0.0348457589252199
0,0.0357794084566474
0,0.0351795000508396
0,0.0348809587898018
0,0.0351766538685277
0,0.0353424114500824
0,0.0348488859494347
0,0.0128069328955504
0,0.000395687577049
0,0.0358507451765202
0,0.0354271587907614
0,0.0358133552161751
0,0.0351023051292409
0,0.0082376010158829
0,0.0358531434992816
0,0.0355685491962052
0,0.0358659412879404
0,0.027262825987553
0,0.0357489808550449
0,0.0357369935075758
0,0.0329012188637551
0,0.0173715565074551
0,0.0353366138733213
0,0.010851276612062
0,0.0355980397051606
0,0.0353415420046324
0,0.0542799150302943
0,0.0356069457538813
0,0.0348994691099556
0,0.0355553333448181
0,0.0044741223891411
0,0.0358303780881358
0,0.0124820718020442
0,0.0102333413338606
0,0.0354383590806267
0,0.1341006874934312
0,0.0028998005151993
0,0.0156562632947304
0,0.0353465554824223
0,0.0356268168861395
0,0.0348816111338028
0,0.0223925352395338
0,0.0355914443384323
0,0.0354804320975132
0,0.011654758658461
0,0.0347926843389109
0,0.0167277366714476
0,0.0331393985607028
0,0.0348051269696423
0,0.0017880154001059
0,0.0348255578563709
0,0.0358670346645889
0,0.035118947384306
0,0.0347434477501325
0,0.0198714293128274
0,0.0351035322666743
0,0.0355461914205369
0,0.034749832519318
0,0.0354675854640747
0,0.035487853746677
0,0.0349619463560488
0,0.0270748152818032
0,0.0350089034429469
0,0.0206531208112448
0,0.0352701953567968
0,0.0357207907633756
0,0.0132845976843059
0,0.0347284111588878
0,0.0357608260985906
0,0.0358506131814339
0,0.0103982800185697
0,0.035786319875502
0,0.015643617508987
0,0.0355593192252722
0,0.034810462122321
0,0.0358006402811101
0,0.0291802799910565
0,0.0352872879183654
0,0.022812718800418
0,0.0358774586326882
0,0.0353593410769919
0,0.0355516709956836
0,0.0375494330708521
0,0.0336876852408077
0,0.0152506262086055
0,0.0209995897292594
0,0.0145155088005379
0,0.0049915194865268
0,0.0348939108603338
0,0.0349756649712785
0,0.0348615066440942
0,0.0348811290916384
0,0.0046752340098915
0,0.0014121750253904
0,0.0048623594641218
0,0.0190376093922802
0,0.0358592332951093
0,0.0033386929759434
0,0.0356228071565617
0,0.0248724674385691
0,0.0358118763425272
0,0.035020443528946
0,0.0166321230584914
0,0.0356852729663431
0,0.0354002448128818
0,0.0356655106668
0,0.0101552170318307
0,0.005868672706489
0,0.0356206000352983
0,0.0358695324526688
0,0.0358298271455419
0,0.010950135330226
0,0.0352422014413771
0,0.034897270437171
0,0.0332902055125721
0,0.0103417226640475
0,0.0348314962630208
0,0.0355144202568109
0,0.0347966592563561
0,0.0135320431002705
0,0.0357907429955626
0,0.0348518654932847
0,0.009496551513418
0,0.0103886490450289
0,0.0348453155812561
0,0.0100634987207751
0,0.0347836599115847
0,0.0163721007983641
0,0.0351107266035581
0,0.0351488445731028
0,0.0353148951176495
0,0.0347882095095566
0,0.035364957540785
0,0.0353833243899801
0,0.0355809407623094
0,0.0276276578811072
0,0.0348524673734973
0,0.0353627449613646
0,0.0214907271589366
0,0.0348231102486479
0,0.0174778476275038
0,0.0358224932892093
0,0.0297618772968931
0,0.0358008478166829
0,0.0018223215654546
0,0.035557198269749
0,0.0352040243960429
0,0.0347829306446703
0,0.1434803342705954
0,0.0357300000987955
0,0.0347990809705442
0,0.0349968482870286
0,0.0349096529239583
0,0.0358323659781721
0,0.0349642232931412
0,0.0356014841507284
0,0.0349092755412179
0,0.0357920988429977
0,0.0348046178418044
0,0.0227684527538341
0,0.0356961147991369
0,0.0356156300642817
0,0.0358583863377898
0,0.0228429133965394
0,0.0354864950264665
0,0.0357468314431744
0,0.0131053158101013
0,0.1111105518323423
0,0.0277401086887618
0,0.0358258276236937
0,0.0358591039456241
0,0.0358514880390521
0,0.0352138827897699
0,0.0358191967153161
0,0.035680998606506
0,0.0348402259341805
0,0.0350367582893896
0,0.034811921132019
0,0.0349057071027858
0,0.0357244518865914
0,0.0350308504186063
0,0.035607558178719
0,0.034867280291539
0,0.0317654298086709
0,0.0124912220053721
0,0.0139466883394899
0,0.0347849095208274
0,0.0349130921021599
0,0.0356632766898426
0,0.0075206752263452
0,0.034793773939561
0,0.0348363923350603
0,0.0347870098739917
0,0.0024485642019568
0,0.0352943669438273
0,0.0332231630744439
0,0.0358301342290143
0,0.0278864757742089
0,0.0350887472841226
0,0.0350866004652136
0,0.0348758216907231
0,0.0475063011039507
0,0.0347826201606821
0,0.029643331524904
0,0.0351722424398832
0,0.0183684919911004
0,0.0357645942583404
0,0.0009975170012218
0,0.0357384383524183
0,0.0191428208133526
0,0.0348944323608136
0,0.0358068235189159
0,0.03556614474377
0,0.0060782071361936
0,0.0351472517894071
0,0.0347899933468399
0,0.0327388267451685
0,0.0355155783542793
0,0.035835848459059
0,0.0223512573663889
0,0.0348395679403846
0,0.0354123450573101
0,0.002796972266428
0,0.0356998014435824
0,0.0061721219832143
0,0.0193415355729382
0,0.0356952741091566
0,0.0357585845708356
0,0.0151804721272254
0,0.0348768358647618
0,0.0348707427945498
0,0.0308317024548102
0,0.0090331781483665
0,0.0349328083796885
0,0.0241411822252684
0,0.0113290473516009
0,0.0105370393414808
0,0.0350465852941159
0,0.0106772341072743
0,0.0355931643899836
0,0.0358354275589253
0,0.0347734825341595
0,0.03553913642924
0,0.0342825433607899
0,0.0024132680373543
0,0.0356635959510192
0,0.0349530946526511
0,0.0355234181937589
0,0.0353760465223116
0,0.0256062102311939
0,0.0319642545667049
0,0.035715650489804
0,0.0351337828888661
0,0.0351059264918207
0,0.0353252619695747
0,0.0358445111320652
0,0.0047281875067357
0,0.034313880793395
0,0.0351985270207864
0,0.0358588890222768
0,0.0353949301459077
0,0.0349268659717125
0,0.0191595157934623
0,0.0355218548558728
0,0.018169147588442
0,0.0357767594819719
0,0.0159821284820638
0,0.0352717954339076
0,0.0345765112928388
0,0.0350527552303163
0,0.4526292413191876
0,0.0251758917469766
0,0.0292429416430366
0,0.0357084830023152
0,0.0352757895173159
0,0.0136505567334652
0,0.0348053370952614
0,0.0347903529479473
0,0.0055943786483859
0,0.0357813594554801
0,0.0357985037374177
0,0.0018910581003892
0,0.0334990860207814
0,0.0350237178830782
0,0.0348647741491821
0,0.0207755971914231
0,0.0348531472885501
0,0.0349585513029538
0,0.0354813202653096
0,0.0349268607983571
0,0.0181073811551514
0,0.0357535054017219
0,0.034977246614724
0,0.0356603782039748
0,0.0354383220765645
0,0.0358066835687816
0,0.0350095123395192
0,0.0352655066326534
0,0.0227262175233464
0,0.0148236049927553
0,0.027150101825174
0,0.0348714193331315
0,0.0356689228359991
0,0.0357184634878325
0,0.0357612923726506
0,0.0352357014205441
0,0.0311170709014059
0,0.013965725520514
0,0.0352438096215405
0,0.0351380016830368
0,0.0347833903141544
0,0.0357430094583787
0,0.034792944031105
0,0.0354325848422663
0,0.0270696070741516
0,0.0350204525694697
0,0.0108404366014273
0,0.035393496455084
0,0.0085824543141586
0,0.0349121753415194
0,0.0356492257675056
0,0.0061319973268875
0,0.0313196476075196
0,0.0287639817026097
0,0.0344009068001088
0,0.0185945559260784
0,0.0316078442643208
0,0.0342225319720175
0,0.0253860398878023
0,0.0347872581178156
0,0.0133461693113663
0,0.0347814158206752
0,0.0347995285761857
0,0.0355557582452338
0,0.0353757141193284
0,0.0358463608340911
0,0.0348365250442661
0,0.0358028180707927
0,0.0352590256577613
0,0.0358517053638243
0,0.0358199984935607
0,0.0261455284124815
0,0.0361554447332806
0,0.0134244367851457
0,0.0341026428290471
0,0.0356152976741903
0,0.0349899619236653
0,0.0354460525038505
0,0.0357658903816597
0,0.0348154600838175
0,0.0349764546665444
0,0.035740570443951
0,0.0358521003803501
0,0.0358047371565195
0,0.0351580843061042
0,0.0353787776744541
0,0.0347925694579269
0,0.0333023017887377
0,0.0358065653488203
0,0.0347869915583206
0,0.0356147207466799
0,0.0356393822068972
0,0.032901705488305
0,0.0357263896544347
0,0.0452953522098137
0,0.001813916690696
0,0.0145276496444212
0,0.0089158853913521
0,0.034854299236155
0,0.0031919998367664
0,0.035069368327685
0,0.035612508166335
0,0.0348899668533828
0,0.0347865644801766
0,0.0355596426711793
0,0.0347814920814095
0,0.0325190634315764
0,0.0358187673421861
0,0.0351469225665773
0,0.0357800371057088
0,0.0316614988217477
0,0.031621695155801
0,0.035513554206364
0,0.0354811797790241
0,0.0266155734692192
0,0.0358639149782991
0,0.0349024558709884
0,0.0356963769521491
0,0.0351175165669084
0,0.0175134951522326
0,0.0251491520853282
0,0.0356075643197379
0,0.0031108815215333
0,0.0348518150407185
0,0.0250575265474553
0,0.0036333354545322
0,0.0348277453076626
0,0.0348147453448136
0,0.0012166933325197
0,0.0350017515873917
0,0.0041964806764135
0,0.0317319466429464
0,0.0357948204463846
0,0.0028659309954727
0,0.0357226589716704
0,0.0347948675248535
0,0.0350869175628476
0,0.035809035822727
0,0.0350260010352181
0,0.0207935167885232
0,0.0348372520062013
0,0.011309481042306
0,0.0348911404678897
0,0.0141713972136677
0,0.0356082961439635
0,0.0431478704364095
0,0.0354103902997816
0,0.0358591039456241
0,0.026504359723118
0,0.0349729090846661
0,0.0358018340155492
0,0.0356852012266893
0,0.0347795400447142
0,0.0358543137579746
0,0.0348793932543458
0,0.0347903529479473
0,0.0358732718979844
0,0.0349743167058228
0,0.01867786558273
0,0.0164071799314288
0,0.0354896663149984
0,0.0299276724574758
0,0.0357829739200686
0,0.0227111020182364
0,0.0356528344410699
0,0.00950460621491
0,0.0356251384767075
0,0.0358201677894389
0,0.0357151092073321
0,0.0355708944637194
0,0.0358427337166216
0,0.0347899933468399
0,0.028611528987609
0,0.0356949672899301
0,0.0354266122202936
0,0.0348336196293072
0,0.008750618671432
0,0.0356719453163776
0,0.034895028825513
0,0.0305529884504187
0,0.0153851579904611
0,0.0220758165300888
0,0.0358666449779779
0,0.035693290689065
0,0.0350274486951713
0,0.0295363914993792
0,0.0349609566001503
0,0.0356133729827838
0,0.0358569361399028
0,0.0299981844211378
0,0.0056089783585482
0,0.0348639540549478
0,0.0188623183207488
0,0.0085609961895708
0,0.0163960574885028
0,0.0348154068970249
0,0.0034609966878617
0,0.0077528247327689
0,0.0355129305628046
0,0.0350406642196372
0,0.0358368191804289
0,0.0348289019752765
0,0.0349534809308543
0,0.0356970866412109
0,0.0358193780304286
0,0.0147979867487997
0,0.0097850550903728
0,0.0356656409378037
0,0.0344733614573942
0,0.0022547544307204
0,0.0356653717185799
0,0.0351101931571638
0,0.0356375684481748
0,0.0355195072502724
0,0.0175550596848184
0,0.002774729371826
0,0.0349883308975013
0,0.034783833335501
0,0.0345372710051937
0,0.03566218133306
0,0.0356077590791398
0,0.0349539425597667
0,0.0125246607849892
0,0.022910354286087
0,0.022113439334148
0,0.0344640304176732
0,0.0351466473670068
0,0.0358259668777598
0,0.0351028826891215
0,0.0358366459162156
0,0.0358132351744368
0,0.021292689898264
0,0.0268145676366141
0,0.0354758033835014
0,0.0094258735297447
0,0.0357940946363249
0,0.0349861288856892
0,0.0378289464588949
0,0.0356351621076063
0,0.0358164891462471
0,0.0028512447809886
0,0.0114455955408643
0,0.0358513664735176
0,0.0349357501099317
0,0.0353965304803988
0,0.0358408445279912
0,0.0351602106696457
0,0.0136385100783357
0,0.0348081727532264
0,0.0350386608334316
0,0.0357869405961141
0,0.0358448423628072
0,0.0358048184699334
0,0.0356409149799823
0,0.0331508223861192
0,0.0357188690472237
0,0.0151029385391521
0,0.0358471692183645
0,0.035762508216267
0,0.0352275496445841
0,0.0352028998162394
0,0.0084336244449696
0,0.0359008032414221
0,0.0105404612550791
0,0.0348660610655087
0,0.0347885440736637
0,0.0358074315978621
0,0.0354756905999627
0,0.0352589951979287
0,0.0347967634603784
0,0.0357344330071395
0,0.0186828751817236
0,0.0347896663513464
0,0.0348292770910281
0,0.0085566823794062
0,0.0116192705689966
0,0.0357013532633645
0,0.0171998789957983
0,0.0352822016595905
0,0.026578873595306
0,0.004335069099785
0,0.034569365439143
0,0.0198438963371468
0,0.0355795729476966
0,0.0029797946078638
0,0.0160030215394728
0,0.0102237391684396
0,0.0352389421613445
0,0.0356330992005627
0,0.0329769201660249
0,0.0348415737615042
0,0.0014254771571547
0,0.0348057992264754
0,0.0351060667508181
0,0.008901197905279
0,0.0351688007853203
0,0.0358123896118373
0,0.0354406452397791
0,0.0016689170857569
0,0.0353404713372428
0,0.0349030791732257
0,0.0354093522858842
0,0.0353474513773926
0,0.0121949969229608
0,0.0351628400313569
0,0.035501754249625
0,0.0314571267220356
0,0.0351932627219907
0,0.0062250764786872
0,0.0358174351815774
0,0.0350125974195598
0,0.035631689756038
0,0.034926041915257
0,0.0174993583754825
0,0.0140027410807691
0,0.0352891476484641
0,0.0262494754792513
0,0.0349729073183172
0,0.0850012796969166
0,0.0212638326229596
0,0.0161316773427853
0,0.0205709121380769
0,0.0085894274956
0,0.0173893738254834
0,0.0347805505472448
0,0.3081044782971743
0,0.0348053973300307
0,0.0357871556958335
0,0.0352791245618715
0,0.0357028181338248
0,0.0357073006504668
0,0.0350036927173597
0,0.0358139593719405
0,0.0103905973046699
0,0.0358308655685885
0,0.0300474832829953
0,0.0116803129428796
0,0.0358575934847276
0,0.0352574925225173
0,0.0356143703673221
0,0.035766248877424
0,0.0356184560348301
0,0.0205169850112882
0,0.0226334172117753
0,0.0358532940702634
0,0.0358488033291464
0,0.016728297955766
0,0.0349180202753839
0,0.5356721343964872
0,0.0094018918718898
0,0.0350511043097875
0,0.0278642182897206
0,0.0218903474265574
0,0.0155833181445133
0,0.0318910102713544
0,0.0341560305601355
0,0.0290832597222213
0,0.0066993467992291
0,0.020041580470109
0,0.0356680622869358
0,0.0356888910501968
0,0.0347969610498874
0,0.0056999294079959
0,0.0008081412457064
0,0.0356125615330561
0,0.0348374822468518
0,0.0356193948854079
0,0.0201278810567674
0,0.0161632054245271
0,0.0357663760059926
0,0.0347812948475032
0,0.0120570102661919
0,0.035578610443649
0,0.0355491809602016
0,0.0029155590265978
0,0.0356396441506519
0,0.0344715846050892
0,0.0351711507562162
0,0.0348713917785533
0,0.0014533057083746
0,0.0356796228862784
0,0.0353318903479039
0,0.0137006378664932
0,0.0346103154767799
0,0.0351192878125287
0,0.0339309926710579
0,0.0353342861263782
0,0.0352738037682681
0,0.0162334981411369
0,0.0115221724925215
0,0.0352016400444496
0,0.0251750457068539
0,0.0149291014397581
0,0.0356388167658811
0,0.0352237413523022
0,0.035421722131825
0,0.0347914608025844
0,0.0003763624213868
0,0.0350605607569184
0,0.0763780244328972
0,0.0079312656010894
0,0.0349012487521579
0,0.0355978309310066
0,0.0352373240442059
0,0.022872973378784
0,0.0357160288295358
0,0.2335432834020561
0,0.0348690596437521
0,0.0355693380372722
0,0.0358562814810301
0,0.0349869393476486
0,0.0347984717448343
0,0.0352535593020783
0,0.0353437921815047
0,0.0355391873469503
0,0.0032712114393483
0,0.0358763325761498
0,0.0351661291118707
0,0.0353463021452006
0,0.0547727431024132
0,0.0353667128090581
0,0.0348900250064243
0,0.035711296710964
0,0.0145889789804743
0,0.0347654926746674
0,0.0090908881146584
0,0.0318047188486968
0,0.0355871587255117
0,0.0356273190798538
0,0.0149489191147564
0,0.0358072288740993
0,0.1603482755978149
0,0.0349169938161015
0,0.0116980368199223
0,0.0353597187082867
0,0.0349817539778964
0,0.0358466389136735
0,0.0357876817865777
0,0.0347481974743134
0,0.0330058583167107
0,0.0345418407228107
0,0.0095660117194184
0,0.0352324289150643
0,0.035033305552211
0,0.0354035824521238
0,0.0007747183428415
0,0.0058237515729208
0,0.0177819089460382
0,0.0350521857902722
0,0.0349123098245142
0,0.0357181366274769
0,0.035514714092127
0,0.0357512055207389
0,0.033918105460983
0,0.0356791302857006
0,0.0173742916456046
0,0.029137975146324
0,0.0340109865295695
0,0.035551268514329
0,0.0357438703240362
0,0.0349356288331493
0,0.0061782471708614
0,0.0124011998950123
0,0.0351766538685277
0,0.0358212045199223
0,0.0357108089238405
0,0.0355994048160078
0,0.0013530335836653
0,0.0356815140113956
0,0.0341313302565736
0,0.0357252469224709
0,0.0324168541792321
0,0.0353319414900363
0,0.1037941628560182
0,0.0353456677054366
0,0.0165043643543089
0,0.0342095638463756
0,0.0358112444613289
0,0.0353257260566546
0,0.0354163765927142
0,0.0351661291118707
0,0.0351238246505744
0,0.0026854207813724
0,0.0347862510446935
0,0.0347804508711414
0,0.8355328689464847
0,0.035095219566543
0,0.0111246072761856
0,0.0348700699424326
0,0.0358398485287846
0,0.0349353700005857
0,0.0351301611757496
0,0.0237507024841171
0,0.0308685548910779
0,0.0357823596193715
0,0.0358651671739147
0,0.0050217986210625
0,0.0317807752164176
0,0.0278400502884751
0,0.0354813607295175
0,0.0036686618176205
0,0.0351909511797972
0,0.0357028944664503
0,0.0354332022424819
0,0.0348537687720943
0,0.0350037095181273
0,0.0413869710604732
0,0.0181798233866
0,0.035329385324631
0,0.2227432428717771
0,0.0350120151611031
0,0.00812507161815
0,0.0248034331617695
0,0.0351629540865176
0,0.0350108464668212
0,0.0358588933654463
0,0.022655051040167
0,0.0347819914772248
0,0.0351115355163061
0,0.0330844367947884
0,0.0355323412952727
0,0.0159953828741908
0,0.0353513337117397
0,0.0356979160889874
0,0.0358695794642824
0,0.0137130673574546
0,0.0348225472280732
0,0.0260934822550097
0,0.0347639912706034
0,0.0347798611695549
0,0.0346249774034892
0,0.0353928109646692
0,0.0355853840813793
0,0.0350414818313543
0,0.0357737865220023
0,0.0356874094631603
0,0.151445543836595
0,0.0358398370426232
0,0.0356038706909058
0,0.0298609879345973
0,0.0347965403351908
0,0.0350080839918499
0,0.0356906939874934
0,0.0348253239601278
0,0.0101111397336662
0,0.0358539909329275
0,0.0358214032536514
0,0.0349178119611145
0,0.0354183733644708
0,0.7949768382121397
0,0.9999999993745428
0,0.0356949685259802
0,0.0357395584972738
0,0.0358525091196835
0,0.0348156540288419
0,0.0354273849784369
0,0.0266119316261098
0,0.0351776740928831
0,0.0230724464712866
0,0.0353600822205933
0,0.0357604721083594
0,0.035025335455006
0,0.031575017969001
0,0.0358144048423481
0,0.0348144242445033
0,0.0356730498412914
0,0.0234556892484857
0,0.0337340120055161
0,0.0356473239087306
0,0.034941852032933
0,0.0349023346437886
0,0.0352848072959296
0,0.0277596378394911
0,0.0355470048470048
0,0.0305813938618826
0,0.0349818061367805
0,0.0181924956071494
0,0.0219713805339543
0,0.0349739864449528
0,0.0083864783070515
0,0.0352676810689455
0,0.0358722646917558
0,0.0124605802595127
0,0.0168211699528066
0,0.0350757258827175
0,0.0160502485317514
0,0.0194608178567979
0,0.0303394459757823
0,0.0355190784406334
0,0.0184743107516243
0,0.0347786987208355
0,0.0122013178145636
0,0.0349593853815174
0,0.0043308033172181
0,0.0348040368693755
0,0.0152176594860008
0,0.0356245400283483
0,0.013286074598216
0,0.0546384712514217
0,0.0355058417141315
0,0.0351488439401064
0,0.0003576616694463
0,0.0348120312140949
0,0.0352870902792995
0,0.0347661291472199
0,0.0327784537846261
0,0.0177447915049036
0,0.028352929285936
0,0.0316763243790555
0,0.0288089412437217
0,0.0353788458564434
0,0.0356524728801148
0,0.0354190738041245
0,0.009284416245861
0,0.0348104207085232
0,0.0334882893128215
0,0.0348170726917454
0,0.0016646987071523
0,0.0348404228928881
0,0.0201612761539057
0,0.0129526101753229
0,0.035829719829388
0,0.0153602339034054
0,0.0355459643063331
0,0.0348006924616771
0,0.0348749316818447
0,0.0357176320030125
0,0.0349888615616261
0,0.0047424584919266
0,0.035839731394969
0,0.0322050531255118
0,0.0256444403671618
0,0.0349210207076431
0,0.034932522987705
0,0.0248977192606067
0,0.0349386956519134
0,0.0169283840317776
0,0.0151278118070482
0,0.0349373531953968
0,0.0351787259812044
0,0.0352107270540596
0,0.035857915794626
0,0.033032572403181
0,0.0352605765056246
0,0.0136284504511932
0,0.0109033889354224
0,0.0350321698705803
0,0.0356476787732739
0,0.0215450542237751
0,0.0358409847866685
0,0.034894386678638
0,0.034952624839358
0,0.0357046958931432
0,0.0235710755466892
0,0.0348630826888699
0,0.0356911511810122
0,0.3843483800470804
0,0.0210741854264682
0,0.0342106439678168
0,0.1160050894711231
0,0.0348019803496008
0,0.0229429328250019
0,0.0077997537845926
0,0.0358676940480677
0,0.0350160076481738
0,0.0354615306455002
0,0.0227085487331691
0,0.035607122179216
0,0.0296314362847143
0,0.0042118496078251
0,0.0123761753923935
0,0.035171348578186
0,0.0356314136262163
0,0.0358451401014415
0,0.0358604585859187
0,0.0248565582816244
0,0.0323272894760948
0,0.0348100319953018
0,0.035721975596733
0,0.0357097548452869
0,0.0355885335709072
0,0.0356224173016536
0,0.0048965296750665
0,0.0348849652842821
0,0.0348677677047082
0,0.0431366857590339
0,0.0358154405134749
0,0.034870659786464
0,0.0335916188161794
0,0.0034135161617836
0,0.035619981080191
0,0.0347797341024752
0,0.0358735814878637
0,0.0349111337332504
0,0.0105711840410151
0,0.0356838469629725
0,0.0358105415673238
0,0.0347849378584428
0,0.029765724953221
0,0.0355822414023419
0,0.0356147207466799
0,0.0336489472682039
0,0.0347826437082392
0,0.0358362246280042
0,0.0349665489493277
0,0.0202829475339246
0,0.0356101620993603
0,0.0356558401922804
0,0.013135878012461
0,0.0349203554874293
0,0.0357525626712964
0,0.0358564112565534
0,0.0351447291678582
0,0.0027861148884045
0,0.0356264939571879
0,0.035298374002861
0,0.0357013938440882
0,0.0269516731415036
0,0.0358679873892066
0,0.0355050078620057
0,0.035731884063185
0,0.016075224439831
0,0.0348599276185556
0,0.0227209397776192
0,0.0181147705129777
0,0.5297926537278954
0,0.0318403757341851
0,0.0357689927430154
0,0.0340874462355158
0,0.0358068664754946
0,0.0008825477332507
0,0.0330557780227073
0,0.0062448535841778
0,0.0348103651396573
0,0.0176035357459261
0,0.0349781804480727
0,0.025066588660523
0,0.0349405089697831
0,0.035650375794464
0,0.0099660800798105
0,0.0358771951552672
0,0.0277550849307184
0,0.0347811101718111
0,0.0301347123446413
0,0.0043260604873488
0,0.1997395891724979
0,0.0356674457927317
0,0.0295371166265546
0,0.0347797522989046
0,0.0347800538186009
0,0.0358569664688537
0,0.0348628049582482
0,0.0302392505860708
0,0.0357744898180368
0,0.0348352292457484
0,0.0043483711937748
0,0.0354104373658537
0,0.0356048556963025
0,0.0350035234751775
0,0.0356532400083245
0,0.0348007224157745
0,0.0350023568425099
0,0.0330691059523
0,0.0195428760823842
0,0.0151977306805033
0,0.0358524258353323
0,0.0156016724018461
0,0.0104017281653226
0,0.0248998842952862
0,0.0077141159477714
0,0.0019034890263504
0,0.0144872370845694
0,0.0348279622318898
0,0.0351715030597003
0,0.0348854490670271
0,0.023407548249518
0,0.0021522356577724
0,0.0348655010237706
0,0.0358401693383144
0,0.0358437260999574
0,0.0085227997812655
0,0.0349504660262272
0,0.0347823324127802
0,0.0358483705183896
0,0.0106049493843643
0,0.0348808634126976
0,0.035594681779016
0,0.0353379303997668
0,0.0355177560727691
0,0.0356518008091963
0,0.0352470130454485
0,0.0339321350172311
0,0.0042198528397651
0,0.0355117603901888
0,0.0348215985495806
0,0.0356228800212501
0,0.0139879277630789
0,0.011687478464455
0,0.0348659980109131
0,0.0338248647886393
0,0.0307414386842991
0,0.0348519662639655
0,0.0023198964843284
0,0.0349166009250013
0,0.0350668638893855
0,0.0349363846935813
0,0.034780776471497
0,0.020874587970694
0,0.0348917621186423
0,0.0356250666033111
0,0.0352503147897972
0,0.0354475647154215
0,0.0348165529961751
0,0.0216425668020367
0,0.0334232908775827
0,0.0185383119071719
0,0.0280939733704596
0,0.0349491725540475
0,0.0358665197534112
0,0.0238467520021029
0,0.0352014815435327
0,0.0097106067908297
0,0.0065163022489012
0,0.0348132550217497
0,0.0314905727380449
0,0.0358351582509743
0,0.0352408358103472
0,0.0132835008937402
0,0.014289818652058
0,0.0429845301776215
0,0.0352255446603855
0,0.0357092003320638
0,0.0354182975351768
0,0.0349066232580326
0,0.0347912528885576
0,0.0261376093194703
0,0.0356512441486821
0,0.0354181292183435
0,0.035181265900058
0,0.0267147898742982
0,0.0348063574482692
0,0.033753516715733
0,0.0348704374630445
0,0.034958320492336
0,0.0349748707290496
0,0.0356595896475961
0,0.0056235000607932
0,0.0355193984564477
0,0.0319154931886954
0,0.0325279600912601
0,0.0356074715374345
0,0.0350293312220659
0,0.0351640712067022
0,0.0116933498576726
0,0.0355993274479819
0,0.0350242967683502
0,0.0350483936784593
0,0.0358579813319717
0,0.0356084664341764
0,0.035845411619473
0,0.0355180096399682
0,0.0074246153112642
0,0.0352383059151756
0,0.0070578457491549
0,0.0266568586617466
0,0.0350397260565952
0,0.0351199474918439
0,0.0656129339219962
0,0.0189940464475303
0,0.0077971858334977
0,0.0358387238141915
0,0.0170849997103408
0,0.0353350738378443
0,0.035829196423828
0,0.0131651602939062
0,0.0358051462635277
0,0.0356270061577974
0,0.0348099989320044
0,0.0355805820780538
0,0.0352738907602341
0,0.035670758945381
0,0.0352613489815023
0,0.0348734357263359
0,0.0358557036108132
0,0.0083790245168199
0,0.0355133613367071
0,0.0003927579579997
0,0.0169788820047264
0,0.0355119428735842
0,0.0352007274802078
0,0.0356377906836085
0,0.0355768476879716
0,0.0355190999264455
0,0.0245865322261367
0,0.0338711729466556
0,0.0248506011169877
0,0.0358153700259117
0,0.0352038992734525
0,0.0349858497866311
0,0.0358736205473715
0,0.0348019719280979
0,0.0330173505656855
0,0.0348429190994291
0,0.0353465274209879
0,0.0341130305599957
0,0.0352281648183098
0,0.0158465268371322
0,0.0009374629940093
0,0.0815071256219591
0,0.0277556804193205
0,0.0153278959036923
0,0.035751635559506
0,0.0357840340192833
0,0.0358158698248747
0,0.0358473364406448
0,0.0348608709498766
0,0.035868488769453
0,0.0357910887502102
0,0.0355425564377188
0,0.0352129471261122
0,0.0113899428431574
0,0.0356131323269288
0,0.0135733809509035
0,0.0348258856553764
0,0.0355286661629835
0,0.0358514488994651
0,0.0348642334356006
0,0.0348002612013971
0,0.0059331992396097
0,0.0347914608025844
0,0.035817522572125
0,0.0132204100546554
0,0.034783327846585
0,0.0358385599390839
0,0.0358945922192672
0,0.0348309841567653
0,0.020025538386487
0,0.0343251250727805
0,0.0353546858009723
0,0.035465659188199
0,0.0352481359988238
0,0.0348050841683369
0,0.0357451416368806
0,0.03585177086175
0,0.034896421743845
0,0.0352547570472097
0,0.0180226801275211
0,0.0357449935715572
0,0.034858497666363
0,0.0185062598222701
0,0.012005333212635
0,0.0352418870178243
0,0.0329833362980088
0,0.0356486401054172
0,0.0084964679739074
0,0.0161730390873485
0,0.0353684937212067
0,0.0403725426568032
0,0.0336902329114688
0,0.0356821023026881
0,0.0357384050705115
0,0.003959284705478
0,0.0349898573216611
0,0.0351183762978501
0,0.035770141315079
0,0.0358194013158039
0,0.0358750907102065
0,0.0151813556437792
0,0.0357114146425078
0,0.0783347379375424
0,0.0358203475939248
0,0.0358153134012957
0,0.0134414448386448
0,0.0353222341864541
0,0.0349282484418642
0,0.0061201052041449
0,0.0358050701970661
0,0.0348064204005788
0,0.0117251667323429
0,0.0279743165198963
0,0.0247840364292654
0,0.0349154338220254
0,0.0203196968714108
0,0.0358576687735351
0,0.0358646821192796
0,0.0332429268487491
0,0.0356200909395798
0,0.0351175165669084
0,0.0358651315230593
0,0.0099028209752965
0,0.035721546909101
0,0.0348964762336152
0,0.0356120878581178
0,0.0358406067278445
0,0.0153346827218817
0,0.0184602720247596
0,0.0349619697176173
0,0.0349408205448086
0,0.0797547640661259
0,0.0113488912417439
0,0.0158602927705708
0,0.0354860809326181
0,0.0014346380551523
0,0.0352399197180241
0,0.0231003955609695
0,0.0356230691971303
0,0.0091999478638934
0,0.0050808255294944
0,0.0233020819876073
0,0.0349524172411982
0,0.0348923060489661
0,0.0122734486191829
0,0.0196609928253796
0,0.0358208866148364
0,0.0356133741422247
0,0.2005699135740964
0,0.0352301373389424
0,0.0330550699430991
0,0.0182900579397769
0,0.0203225609340204
0,0.0127999546993587
0,0.0347794493976594
0,0.0090435540556674
0,0.0093263590351113
0,0.0760372479168904
0,0.0358177113121344
0,0.0358526699560188
0,0.035826856338238
0,0.0356447130543224
0,0.0348020574157673
0,0.0358526905621667
0,0.0357832633935988
0,0.0356112675085626
0,0.0358227109159224
0,0.027892422304101
0,0.0349241015901748
0,0.0272294715628091
0,0.0352256846722263
0,0.0354994304289542
0,0.0032758051201575
0,0.0143057222871721
0,0.0358326241309475
0,0.0356170573852755
0,0.0350118852400913
0,0.001253992488718
0,0.018555309486844
0,0.0356987806586685
0,0.0349597501921894
0,0.0240518250167113
0,0.028788673806355
0,0.0352163129543521
0,0.0242579434656229
0,0.0295327524490338
0,0.0347808021813515
0,0.0692865441691672
0,0.0349819674713543
0,0.0357528242368538
0,0.0348052890719387
0,0.0357702727595419
0,0.0010067851758251
0,0.0307164226270447
0,0.0043311146092054
0,0.00593531339602
0,0.0084337121869611
0,0.0032851771090338
0,0.0358713040771811
0,0.0153700921801149
0,0.0348290162799173
0,0.0348099004929459
0,0.0356087628961185
0,0.0348863974123129
0,0.0358700370258464
0,0.0347979240189308
0,0.0213657033016968
0,0.0348466119540064
0,0.0358408118325906
0,0.0290834346714392
0,0.020937599492183
0,0.0354073196559027
0,0.0010865749470507
0,0.0358042282649841
0,0.035482607039105
0,0.0354786086306423
0,0.0358384693364678
0,0.0356484413091225
0,0.0091358753486973
0,0.0063365172241364
0,0.0349473959885924
0,0.0347715994216464
0,0.0296691065376126
0,0.0348211280866135
0,0.035587358028453
0,0.035170922179573
0,0.0357505565697503
0,0.0354281736586075
0,0.0097500397240393
0,0.0357998603111244
0,0.0016142393591769
0,0.0105461841392862
0,0.0338642122050398
0,0.023164195381488
0,0.0353487103436816
0,0.0175280875115968
0,0.0352711320218734
0,0.0348189041683233
0,0.0356053435304119
0,0.0187790263870219
0,0.0358353414476812
0,0.034788595541576
0,0.0358281439066328
0,0.035767286114563
0,0.0351242188067032
0,0.0358336885839912
0,0.0348163338578995
0,0.0352505494029076
0,0.0336176454794693
0,0.0352466712493513
0,0.0356491760579435
0,0.0358518556929083
0,0.0233462792491226
0,0.0347895211724151
0,0.0153920074575278
0,0.035077196863524
0,0.035128822043709
0,0.034922608358535
0,0.0262354205418765
0,0.0101685036342369
0,0.0351164819183204
0,0.0354486193143898
0,0.0349226527451843
0,0.0168829548965385
0,0.0353267614935982
0,0.0351343355580608
0,0.035072672690281
0,0.0041780658415961
0,0.0350873656633218
0,0.0358732519109099
0,0.0348270924672544
0,0.0354305610033134
0,0.0149075134716189
0,0.0350526017305408
0,0.0357535506830432
0,0.0352760713095192
0,0.0215646993648422
0,0.035849059653347
0,0.0354606731532381
0,0.0358552454786562
0,0.034781801633457
0,0.0349155601584387
0,0.4299644529114759
0,0.0135728648094585
0,0.0348128255787551
0,0.0195547358956454
0,0.0290095182569025
0,0.0808469453965262
0,0.0350210791674919
0,0.0347826807441685
0,0.0146260701870694
0,0.035847271463562
0,0.0350545887958259
0,0.0357958714750588
0,0.0348263132164231
0,0.035195735485199
0,0.0358566272733058
0,0.0030225003807527
0,0.0184127296774552
0,0.0242185895371266
0,0.0354207798572306
0,0.0347803790919722
0,0.021281000868666
0,0.0358743957270686
0,0.0349920316970542
0,0.0348295791787937
0,0.0340099717207307
0,0.0358546490452126
0,0.0349535168720572
0,0.0350221947865797
0,0.0348358583905587
0,0.0349049342992088
0,0.0335783415983586
0,0.0179660113057577
0,0.0356919647434505
0,0.0356111205624158
0,0.0358530151946125
0,0.0223119365341144
0,0.0355701861183525
0,0.004523863372763
0,0.062380366295621
0,0.0357221176262384
0,0.0350956697120259
0,0.020281753024384
0,0.0349811144479067
0,0.0348807368270076
0,0.0357461373081684
0,0.0319225161345415
0,0.0083026137964718
0,0.0131547187925702
0,0.03063563419784
0,0.0152753656375814
0,0.0356352726568034
0,0.0347913252576819
0,0.035859073135491
0,0.0354507521569444
0,0.034799037803918
0,0.0348245156179119
0,0.0330472558684421
0,0.0356948685422698
0,0.0347711395803893
0,0.0355373424435566
0,0.0355757144990457
0,0.0150693896439433
0,0.0348878294331305
0,0.0006239321739782
0,0.034933862637249
0,0.0351189020912814
0,0.0356249074502963
0,0.0142691747873652
0,0.0358676685131051
0,0.0339501782398694
0,0.0358716423366757
0,0.0331204608695198
0,0.0358210915693652
0,0.00806711372999
0,0.0353815648618493
0,0.0012469106640048
0,0.0348332517376909
0,0.0354736251919059
0,0.0018265518218922
0,0.0352139213793057
0,0.0246163629100782
0,0.014862658965697
0,0.0358520090958046
0,0.0178946667181191
0,0.0357987698980364
0,0.0357695873128146
0,0.0353324547494124
0,0.0340880745976395
0,0.0349213104124274
0,0.0358692841609765
0,0.0357388003692964
0,0.0210741854264682
0,0.0237961031521318
0,0.0347988951872834
0,0.0345098295365489
0,0.0285085294422099
0,0.0357222465820777
0,0.2314534464630989
0,0.0351146899313169
0,0.1330970258491315
0,0.0355031918763028
0,0.0357099365725854
0,0.034968878943145
0,0.0348835453431823
0,0.0467297695597851
0,0.0350581473354216
0,0.0324747531885495
0,0.0358497210808428
0,0.0144446455136912
0,0.0349152994385149
0,0.0347844156806007
0,0.0042365909085885
0,0.0348264995414148
0,0.0348536886667138
0,0.1341842581509501
0,0.0319073321790856
0,0.0356442767332933
0,0.3930325573941499
0,0.0036913452507772
0,0.0357595703842388
0,0.0248968866929732
0,0.0350300914340335
0,0.0356158752039124
0,0.0228092892159886
0,0.0348751671029282
0,0.0356001457526722
0,0.0347840795420906
0,0.0351730726526487
0,0.0024909579472054
0,0.0355848072192679
0,0.0347459060888619
0,0.0006777918311003
0,0.0064608392314074
0,0.0347827464086866
0,0.0113515764850494
0,0.0358516958979485
0,0.0358591236773104
0,0.0022612492454801
0,0.0358028270181801
0,0.0185320590198704
0,0.0349159972660662
0,0.0036725952252008
0,0.0351635902591254
0,0.0350513607459818
0,0.0347799158618624
0,0.0357300479240541
0,0.0357488459832529
0,0.0353352139504994
0,0.0348627179479032
0,0.0355724744569542
0,0.0347925534192935
0,0.0358088002029429
0,0.0221984526642485
0,0.0344624497694723
0,0.0358683842296243
0,0.0314699525973748
0,0.0357481618412474
0,0.0187491219923547
0,0.0350817517059496
0,0.0347856997413404
0,0.0353034343740343
0,0.0301044663480743
0,0.0277963048548528
0,0.0351974247581057
0,0.0347811317341602
0,0.0281470050625421
0,0.0353900531950508
0,0.0031448259637034
0,0.0358194160654441
0,0.0347928249916141
0,0.0113793999023634
0,0.0350675349032312
0,0.0349706555735638
0,0.0180603701286404
0,0.035840819462116
0,0.035856073755465
0,0.0348779635100589
0,0.0358182492244508
0,0.0355404132701124
0,0.0347454700130683
0,0.0355994913654257
0,0.0349587354175072
0,0.0199859064631384
0,0.035620561092152
0,0.0162831230697668
0,0.0357988594629508
0,0.0210713254164869
0,0.0350885080328127
0,0.0353100136686771
0,0.0186339227142966
0,0.0353749303120101
0,0.0356592132810955
0,0.0358642509203278
0,0.0226417547201984
0,0.0238792175398756
0,0.0356689049473453
0,0.014287691351026
0,0.0115907862567657
0,0.0355030322118362
0,0.03551643779533
0,0.0348476643844127
0,0.0358316254305246
0,0.0354759424163898
0,0.0259720988062156
0,0.0349642727861185
0,0.0273225577386474
0,0.030846136150625
0,0.0359110954924888
0,0.034922716859791
0,0.0358243356393147
0,0.0349315168071052
0,0.0091566424801697
0,0.033296335673605
0,0.0355909164734745
0,0.006493454777984
0,0.0349417802352254
0,0.0050457241417077
0,0.0356273311669797
0,0.0199687684515517
0,0.0350743595400055
0,0.0422628587911768
0,0.0355176776183598
0,0.0348650528910842
0,0.0358659374977679
0,0.034819775021278
0,0.004319929528307
0,0.0356846813676404
0,0.0910851888951227
0,0.031129900735282
0,0.0338572464554193
0,0.0052742338928853
0,0.0358262035961255
0,0.0348239518090282
0,0.0352995562852621
0,0.034854813566674
0,0.0204517590889953
0,0.0347858335693365
0,0.007250347913295
0,0.0353487273665484
0,0.0315578797228172
0,0.0151586522353736
0,0.0114196997192261
0,0.0009374629940093
0,0.0352379390438918
0,0.0358403568526458
0,0.0021456927108535
0,0.0347818237162108
0,0.0153346827218817
0,0.0057315543650805
0,0.0350610011508667
0,0.0358230325340157
0,0.0348913403802582
0,0.0163389157533498
0,0.0356954933186966
0,0.0348182659134339
0,0.0249775429003161
0,0.0348297475759735
0,0.0045896734325809
0,0.0348910177633348
0,0.035882261703431
0,0.0348101597982499
0,0.0061401847214652
0,0.0276295748047411
0,0.0051529541034148
0,0.035326597782735
0,0.0349937852325774
0,0.0348240661038298
0,0.0358616164584308
0,0.0348094071531568
0,0.0349665783162408
0,0.0347906302845021
0,0.0278463623589672
0,0.0052703782464738
0,0.0158685342632332
0,0.0348362284992472
0,0.0357717811568459
0,0.0356111941076128
0,0.0350999344160161
0,0.0357185995093362
0,0.0353039268351703
0,0.0348138324965189
0,0.0181699439572629
0,0.0352926725600304
0,0.0349515958731206
0,0.0349782113233908
0,0.0358637588560787
0,0.0135938399808696
0,0.0358408225427162
0,0.0348297632839521
0,0.0357390932118026
0,0.0096552057192425
0,0.0211490013793425
0,0.0359038275946669
0,0.0353536714224768
0,0.0138523972601978
0,0.0350154716679798
0,0.0357053821767338
0,0.0629299244874595
0,0.0349796815053075
0,0.0287502495349093
0,0.0358069097279249
0,0.0354722936346704
0,0.0349312458539005
0,0.0358242950369705
0,0.0347827607776638
0,0.035792928238627
0,0.0334744309287469
0,0.0358300212479323
0,0.0349084748893231
0,0.0358590262141829
0,0.0356538710221763
0,0.0285708220171624
0,0.0356556206650706
0,0.0349455870174057
0,0.0356740429272996
0,0.0348095476406868
0,0.0112419172565989
0,0.0121919820020177
0,0.0209299328097251
0,0.0356251507283034
0,0.0357065212306915
0,0.0346937500604985
0,0.035012961451632
0,0.0352699593953433
0,0.0357914457569386
0,0.0349632962017159
0,0.0358710169053841
0,0.0357659402226227
0,0.010539649922563
0,0.0348519584811119
0,0.0353112160002542
0,0.0347959256975576
0,0.0165966820825488
0,0.0347975715366245
0,0.0131270811629626
0,0.0349989391733184
0,0.0518969693839946
0,0.0350371061151379
0,0.011420679753642
0,0.0340810713974661
0,0.0120702986104259
0,0.034847249458037
0,0.0349199742984666
0,0.0358135988443827
0,0.0350585672161969
0,0.0354873944439923
0,0.0348080870254927
0,0.0349080067121923
0,0.0200210226464233
0,0.0125543235264458
0,0.035835735117579
0,0.0188229823841979
0,0.0349293047502328
0,0.0348544999463312
0,0.0051175655777972
0,0.0009507201630822
0,0.1046623168549693
0,0.0063480214326472
0,0.0349550331233542
0,0.0357430648897469
0,0.0231872002083931
0,0.0347862668533068
0,0.074684806596195
0,0.035537997602423
0,0.002648538254217
0,0.0349596671251781
0,0.0352062384345478
0,0.0358770273615377
0,0.035846766068937
0,0.0348563335808822
0,0.0355579849592169
0,0.0352296441933627
0,0.020498116914172
0,0.0354088261162342
0,0.0276101229449611
0,0.0356130937137462
0,0.0350744613460692
0,0.0324705224714805
0,0.0135792896794548
0,0.0278235238345368
0,0.034786470161458
0,0.0343300290794578
0,0.0084662244295206
0,0.0055224600086425
0,0.0356545418122011
0,0.0343656314401329
0,0.035046022557054
0,0.0132170107429097
0,0.0358466156295571
0,0.014410199243378
0,0.0356669117783645
0,0.0348081283222047
0,0.0041927295356174
0,0.0347712405901994
0,0.0032551399076242
0,0.0144679618739227
0,0.0216436034484602
0,0.0227115770287716
0,0.0347866783049565
0,0.0181436907675661
0,0.0357413234400798
0,0.0354905341387385
0,0.0347717217476107
0,0.0328792211605336
0,0.034158671374421
0,0.0352907056370488
0,0.0349015241834004
0,0.0357393688531337
0,0.0357991911436013
0,0.0351554502765656
0,0.0303924158826316
0,0.001877534762763
0,0.0347804706535398
0,0.0349233556440074
0,0.0358871188371059
0,0.0051366998632929
0,0.0014569976694572
0,0.0355859960991019
0,0.009079746216558
0,0.0354370172707473
0,0.0347910958859394
0,0.0135558310104509
0,0.0347972295938355
0,0.0200742692553111
0,0.0349202189935082
0,0.0347805839673237
0,0.0211015287694292
0,0.0323557228162887
0,0.0348891637439959
0,0.0003808205006033
0,0.0025784111548146
0,0.0045501845890013
0,0.0201750982483797
0,0.0097083510443166
0,0.0011197578816382
0,0.0323892415028688
0,0.0089760443171789
0,0.0092641920145462
0,0.0018216832310559
0,0.0018508076092518
0,0.0074058418183808
0,0.0276333926090327
0,0.0340606730425916
0,0.014697381607671
0,0.0358317860826295
0,0.0347891920641657
0,0.0348034373115128
0,0.0060374609229623
0,0.0357630458267686
0,0.0201475704581484
0,0.033189860108264
0,0.034810035736311
0,0.0261002186928903
0,0.0358077049341826
0,0.0349038521881669
0,0.0131392670131065
0,0.0353151738801945
0,0.0053016959786904
0,0.0616272875948563
0,0.0354596664547661
0,0.0358396966674676
0,0.0187261812692769
0,0.0348671253110076
0,0.0351703110052631
0,0.034876291234729
0,0.0072468818139298
0,0.0021602804901173
0,0.011501433026288
0,0.0358304628443813
0,0.0350349956972715
0,0.0356010541198521
0,0.0025954145235958
0,0.0349361574628531
0,0.0348217989702772
0,0.0358459125046814
0,0.0347798849429432
0,0.0352563464436793
0,0.0111615971658451
0,0.007663464971359
0,0.0338111926497295
0,0.014757337468342
0,0.0352192885848855
0,0.0356163424016593
0,0.0349905387079987
0,0.0046737771703381
0,0.0357885660900566
0,0.03518217027596
0,0.0076758461799361
0,0.0354440987356807
0,0.0350084404960963
0,0.024663726972588
0,0.0349640642970293
0,0.020460261001282
0,0.0356094406463656
0,0.0347800137136067
0,0.0357226213099725
0,0.0140966965121285
0,0.0058255607396001
0,0.0357998029234149
0,0.0582397406812301
0,0.0350938754417553
0,0.035385400219153
0,0.0326190638231875
0,0.0358721869786865
0,0.034857311651448
0,0.0358874818465528
0,0.0352863817064695
0,0.0143218365363911
0,0.0349102628444472
0,0.0336779671506786
0,0.034960523764923
0,0.0358485602963904
0,0.0196656452358096
0,0.0344144690225524
0,0.0348836579243605
0,0.0356645902169639
0,0.0181677050512166
0,0.0350762491936199
0,0.0093691432672454
0,0.0347878720502436
0,0.0358319444512601
0,0.0358372241500678
0,0.0162995427258682
0,0.1110050107997476
0,0.0111246109200992
0,0.0350182182321484
0,0.0352545600986046
0,0.0358525096057524
0,0.0348532183264364
0,0.034503777470792
0,0.007013926641657
0,0.0330415545909203
0,0.0349919496550283
0,0.0300373116537191
0,0.0358405982491784
0,0.035842638572209
0,0.0356341625333439
0,0.0349329790493694
0,0.035245436592302
0,0.0349498884838793
0,0.0133395175335618
0,0.0616223683815219
0,0.0353896758759161
0,0.0189922980739694
0,0.0122394023266426
0,0.0349797997166434
0,0.0356420529784837
0,0.0348690133410395
0,0.0354572767602603
0,0.0357805777405573
0,0.0273239452420182
0,0.0176248883911466
0,0.1380784950708938
0,0.0357994298017089
0,0.0058046189790854
0,0.0348480669182072
0,0.0404621589209238
0,0.035678414063785
0,0.0350486447900418
0,0.0329551093579934
0,0.0351966193279036
0,0.0209013041065121
0,0.0352526417786391
0,0.0357942413742283
0,0.0350176162871592
0,0.0354596025101114
0,0.0352033090061241
0,0.0352882385176398
0,0.0358024335863222
0,0.1167205853307376
0,0.003993417133937
0,0.011165531980274
0,0.0350486521486627
0,0.0349967597433013
0,0.008741145374171
0,0.0057095621675632
0,0.0354549163012914
0,0.0165578763662003
0,0.0312574266799514
0,0.0353439306264004
0,0.0352812475480929
0,0.0350392172727706
0,0.0091226536928199
0,0.0351518988288149
0,0.0357820148210732
0,0.020878107160984
0,0.0357044081062006
0,0.0355667656667476
0,0.0348268860004268
0,0.0350392172727706
0,0.0356528751161583
0,0.0357831089327547
0,0.0357206217074931
0,0.0348935660626923
0,0.0349800113550084
0,0.0356276281939445
0,0.0157426299636113
0,0.0134207601855985
0,0.0356387538281506
0,0.0357611133602833
0,0.0358201767217422
0,0.034883532955977
0,0.0266785008407414
0,0.0350332223428343
0,0.0178399331226197
0,0.0076337420100711
0,0.035712172920311
0,0.0306741821394103
0,0.0090080345028051
0,0.0355489075726227
0,0.03563858002242
0,0.0352577763476423
0,0.0358449517325989
0,0.0348680343852184
0,0.0349428175969346
0,0.0349006489896861
0,0.0088334713542069
0,0.0347958629062389
0,0.0225892960856763
0,0.017962110933766
0,0.0350853736803384
0,0.034972855109793
0,0.0325582117350613
0,0.0355464771337283
0,0.0182787728689535
0,0.0561744099059199
0,0.0347978858733786
0,0.0358629059403862
0,0.035529883224987
0,0.0348863637101632
0,0.0032297790970495
0,0.0354431054940227
0,0.0356994061455376
0,0.0288110154938288
0,0.0357286273252259
0,0.0352752400275234
0,0.0311267894131343
0,0.0357259234610161
0,0.0348198212858122
0,0.035823944639862
0,0.0358352810026616
0,0.0560734278933798
0,0.0769321344629796
0,0.0358380857567081
0,0.0018314412790427
0,0.0357818954498403
0,0.0358140695300615
0,0.035844372079654
0,0.031598434750965
0,0.0350182182321484
0,0.0279594271119733
0,0.0351730211462728
0,0.0347816258774822
0,0.0358506787007836
0,0.029489707153804
0,0.0351607772947659
0,0.0349234370148821
0,0.0356377422598665
0,0.0022700268231117
0,0.034855615470315
0,0.0065503207997305
0,0.0349131680194826
0,0.035290574935929
0,0.0028187781412524
0,0.0275394893220504
0,0.0356142010477228
0,0.0049681521516621
0,0.0341015634712513
0,0.0010409572849604
0,0.0358470239121422
0,0.0193529250194514
0,0.0349524462176632
0,0.02960197445908
0,0.0358265250283334
0,0.0248268118290445
0,0.0351817789851343
0,0.0187005259827112
0,0.0103349936359024
0,0.0342379984751193
0,0.0356653717185799
0,0.0357401023950903
0,0.0308115548188
0,0.0018499020232537
0,0.0357417980231558
0,0.0175142664959926
0,0.0358401020946451
0,0.0351087489476418
0,0.0358443262812468
0,0.0358544832939831
0,0.0357959260763916
0,0.0357018006456935
0,0.0096353391032695
0,0.0348297903165637
0,0.0347916477421924
0,0.0358241149874143
0,0.0350585940023263
0,0.0358154990884832
0,0.0358770313955153
0,0.0353237903946043
0,0.0348025524155708
0,0.0283169637666222
0,0.0356958243179403
0,0.0269555059700675
0,0.0192389398278442
0,0.0347869639543964
0,0.0111692259727356
0,0.035729110994356
0,0.035875568571494
0,0.0335209951672018
0,0.034837110613312
0,0.0357731642149051
0,0.0348810976152393
0,0.0357802558392607
0,0.0358577008741696
0,0.0356706934156812
0,0.0358117213064457
0,0.035738927646994
0,0.0123109391361148
0,0.0347685677738002
0,0.004525715914691
0,0.0354269391211054
0,0.0090534406690387
0,0.0356883765948885
0,0.0349519179261735
0,0.035651795148413
0,0.0345478736224179
0,0.0355919835771752
0,0.0356689891020776
0,0.0355836237398761
0,0.0353606623250926
0,0.0354458609537565
0,0.0357431763060407
0,0.0259498696427294
0,0.0086421904931901
0,0.0356549221495019
0,0.0344504362701074
0,0.0353324547494124
0,0.0352957661286703
0,0.0349102891678497
0,0.0348601092173848
0,0.0304089354706467
0,0.0355443491694778
0,0.0166137307433984
0,0.035857219755754
0,0.0032941261313641
0,0.035660388091598
0,0.0238114997480146
0,0.0348015701583033
0,0.0357280880705133
0,0.0349941615993672
0,0.0348673847575696
0,0.0358531306106874
0,0.0353375570527209
0,0.0351492031532991
0,0.01102516901831
0,0.0348516441063614
0,0.0162551882760055
0,0.0358623317613681
0,0.0358537025830199
0,0.00210292773374
0,0.0354409194234584
0,0.0348021907482413
0,0.034870659786464
0,0.0356764898333956
0,0.0358431039701158
0,0.0351932045896745
0,0.0299150759511897
0,0.0348524227332349
0,0.0143309716349957
0,0.0350239821456822
0,0.0356740660303102
0,0.0198699539550158
0,0.0353399071898274
0,0.0348101499407306
0,0.0215780793465099
0,0.0064753969818532
0,0.0348560452951274
0,0.0054584848299938
0,0.0096452608974933
0,0.0056902743728052
0,0.0357780697133998
0,0.0309134587132542
0,0.0350554369483443
0,0.0357907341033324
0,0.0348056550085509
0,0.0356537121304935
0,0.0352646195602966
0,0.0357910136258521
0,0.0357736504979601
0,0.0358631656901667
0,0.0265921683112944
0,0.0356066353489263
0,0.0357400071126586
0,0.0274081412908578
0,0.0273259403422534
0,0.0195232668444714
0,0.0357470975504306
0,0.0347823967011686
0,0.0025135156593009
0,0.0216069483599162
0,0.0087547863716007
0,0.035432543303675
0,0.0539028781880983
0,0.0055534708924034
0,0.0346940827686079
0,0.0054379452413075
0,0.0353457681531179
0,0.0357967350934061
0,0.0122985356545324
0,0.0357202673080919
0,0.0291145828319896
0,0.0350578512371154
0,0.034811677423443
0,0.0349992873184347
0,0.0035268308947811
0,0.0352711320218734
0,0.0355128161692565
0,0.0223688206142452
0,0.0351426672304228
0,0.0356702677477193
0,0.0350625239639221
0,0.0080801976759229
0,0.0358612679182498
0,0.0272084522737446
0,0.0352124798705685
0,0.3929508821921851
0,0.0122157626453131
0,0.0349762578071207
0,0.0350270831595389
0,0.0357341136037889
0,0.0339782062688683
0,0.0065408975889092
0,0.0348187033424151
0,0.0356415696786675
0,0.0357266488318439
0,0.0351463553621779
0,0.0039051621391615
0,0.0357931312755299
0,0.0095557230799068
0,0.0047268469563251
0,0.0355148015362854
0,0.034877968978862
0,0.0354967929791341
0,0.0357467161790858
0,0.028089033255143
0,0.0358251318289415
0,0.0355860116021421
0,0.0352229624744396
0,0.0353439306264004
0,0.0357915393355753
0,0.0338262028019644
0,0.0352517994761435
0,0.0328910118127849
0,0.0356155263656172
0,0.0347808734459949
0,0.0170353383344161
0,0.029516960270345
0,0.0348696118368109
0,0.0045854963222405
0,0.035159775074938
0,0.0358190899705945
0,0.0350024138944771
0,0.0155151014771897
0,0.0347794676011525
0,0.0131709672258971
0,0.0324506608340248
0,0.0025421792225414
0,0.0351380016830368
0,0.0348587793279184
0,0.034856587747333
0,0.034824650131448
0,0.0349072176128455
0,0.0354352202095978
0,0.0175621574410613
0,0.0357250222907308
0,0.0249348272256046
0,0.4344940745547344
0,0.0352916402633017
0,0.0352044256356097
0,0.035513752174243
0,0.3393864721922326
0,0.0351825108790063
0,0.0118209122174091
0,0.0374856088494163
0,0.0358037598009055
0,0.0348951567159737
0,0.0358582822820964
0,0.0286037716581328
0,0.034861950454316
0,0.0357624098673801
0,0.0347804211334644
0,0.03516784847991
0,0.0353820634208935
0,0.0351553479545368
0,0.0357153124457859
0,0.0358204498619698
0,0.0031627730285581
0,0.0355076240014834
0,0.0038405653240888
0,0.0216243439729643
0,0.0023070640049713
0,0.0348353221341588
0,0.0034394722872322
0,0.0171120717675545
0,0.0254358408329955
0,0.0341036226110121
0,0.0348278998392947
0,0.0347838847032063
0,0.0314226557459561
0,0.0141316376323145
0,0.0356143100188424
0,0.0358401527896515
0,0.0029509199843316
0,0.0264602104218921
0,0.0347838769131208
0,0.0325368310468713
0,0.0356097011411332
0,0.0357112813757526
0,0.0354695857900179
0,0.0244583433141942
0,0.0356657480396392
0,0.0316245454156466
0,0.0217790163052345
0,0.0028392621082647
0,0.028382006651818
0,0.0144875852889794
0,0.0355434282690994
0,0.0348174618211601
0,0.035611595566985
0,0.0348214013623109
0,0.035697044495561
0,0.0349528627914216
0,0.0356601419112848
0,0.0326874744410999
0,0.0352839860236464
0,0.0356729594104137
0,0.0353589613454366
0,0.0356230097131614
0,0.0348399808088782
0,0.0348744787974851
0,0.0339614480594397
0,0.0180226801275211
0,0.0354256629390847
0,0.0351983540225129
0,0.0282814769756153
0,0.0348792172082845
0,0.0358066871693113
0,0.0353495261257145
0,0.0185033168701134
0,0.0354388886760124
0,0.035008946320798
0,0.0116381898366982
0,0.001886132283282
0,0.0334024654385954
0,0.0289626432359949
0,0.0319431321777684
0,0.0355980185584547
0,0.0865040175956109
0,0.0139547419491968
0,0.034883540867993
0,0.0354305748557104
0,0.0148144424437497
0,0.0217120820344187
0,0.0017551642827665
0,0.033405326703427
0,0.0193393348615394
0,0.0357178859394643
0,0.0356096195037229
0,0.062289930414285
0,0.0012460355327585
0,0.0357428042063251
0,0.0349482397456567
0,0.0097045277743704
0,0.0065163599160732
0,0.0149012328211699
0,0.0358520873146618
0,0.0078273310613437
0,0.0350590893587385
0,0.0353412098992308
0,0.0353444310390654
0,0.0358038502805997
0,0.0352570044573247
0,0.0143221839509543
0,0.035691097641335
0,0.0211717859609717
0,0.0353513475848394
0,0.0358604566443561
0,0.0355100767965696
0,0.034901965422036
0,0.0087089579732191
0,0.0032579017889116
0,0.0357942511435982
0,0.0356125498586616
0,0.0354079773239135
0,0.0351373297407108
0,0.0350780763788854
0,0.0027174954165214
0,0.034958921286147
0,0.0347687400031105
0,0.0357527338195845
0,0.034803912109238
0,0.0358072263213356
0,0.0352300725092951
0,0.0356627290059181
0,0.0357236402092758
0,0.0110952811754242
0,0.0347968783115861
0,0.0348320671139632
0,0.0353520289926055
0,0.0358591039456241
0,0.0220288858896128
0,0.0088854807529505
0,0.0328402737611708
0,0.0348011234495602
0,0.0349685561686674
0,0.0358002119898377
0,0.0350613378458465
0,0.0102417847121976
0,0.0359397109629119
0,0.0357826350731003
0,0.0229789290585013
0,0.0066312351577327
0,0.0032505232801534
0,0.0098200236535062
0,0.0356444333607558
0,0.0356985002659921
0,0.0354703174459175
0,0.0348171649694772
0,0.0353301015795322
0,0.0284776324117946
0,0.0351213474693009
0,0.0358460839184317
0,0.0347983010162636
0,0.0354584858224887
0,0.0352655066326534
0,0.0346269004170204
0,0.0036763145943368
0,0.002814266908124
0,0.0251665193160796
0,0.0350050225107877
0,0.0084691912881692
0,0.0351048926842317
0,0.0043958408712568
0,0.0348302606242113
0,0.0354001866384475
0,0.0162638567999377
0,0.0350209112643393
0,0.0347834067046035
0,0.0352628396012867
0,0.0348415673465058
0,0.0292969058073081
0,0.0357875260269563
0,0.027137625943189
0,0.0356514567547383
0,0.006826327998502
0,0.0356074577101529
0,0.0353106704960464
0,0.0353263855716189
0,0.0348199081207648
0,0.0339890742062413
0,0.0189458289600841
0,0.0200283572932532
0,0.0354199605969171
0,0.0336216679521658
0,0.0348600406209489
0,0.0318997764847785
0,0.0351448258582274
0,0.0356422537117578
0,0.0347798365824519
0,0.0356621940266771
0,0.0112296319326243
0,0.0046092996766354
0,0.0356932045501329
0,0.0347985277305395
0,0.035448992054809
0,0.0350242562066921
0,0.0272604839939034
0,0.0352359446064838
0,0.0349266337644628
0,0.0102438774632672
0,0.0355117928322315
0,0.0331528611411592
0,0.0194809682266973
0,0.0287847798635776
0,0.0016190542425612
0,0.0351658029531153
0,0.0037125395845422
0,0.0347051748204159
0,0.0358288872071062
0,0.0349546780984751
0,0.0358643999916565
0,0.0341495007546418
0,0.0027529068272905
0,0.0358852415447804
0,0.035801454485131
0,0.0308738268459294
0,0.0358569077650985
0,0.0146438789641432
0,0.0350794649111939
0,0.0291459793363323
0,0.0350678379007052
0,0.020675194103613
0,0.0295161543903887
0,0.0352583071065874
0,0.0350512180535309
0,0.0242716132077997
0,0.0177689465037707
0,0.0162559306633188
0,0.0357244760317062
0,0.0347678604726835
0,0.0355445288306371
0,0.035499069780076
0,0.0347807984968086
0,0.0358276069335223
0,0.0136826163398942
0,0.0348092926164262
0,0.0350664512305035
0,0.0348322511943868
0,0.035839027468691
0,0.0357774801440861
0,0.0059176425329341
0,0.0348309444404843
0,0.010973098836399
0,0.0311906119454079
0,0.0353804172161208
0,0.0347832726089478
0,0.0353513337117397
0,0.0271183111372239
0,0.0059455561457059
0,0.0347979105832684
0,0.0358258276236937
0,0.035750445395063
0,0.0353078394156564
0,0.0348421989771615
0,0.0191404466929011
0,0.0356316453084496
0,0.0348988678828652
0,0.1181496809203537
0,0.0357020309470755
0,0.0347849378584428
0,0.034841516609531
0,0.0358205347201834
0,0.0357847256003021
0,0.030680083541681
0,0.0027599729785979
0,0.0170286136571705
0,0.0241058239522561
0,0.0348318147514205
0,0.0350086781554964
0,0.035007262789198
0,0.0149085743774957
0,0.0330691059523
0,0.0358296904623672
0,0.0353058454539105
0,0.0357467291732728
0,0.0155901642550476
0,0.0350982628870964
0,0.0349305134473365
0,0.0347893687919975
0,0.0357997297790071
0,0.0198112974093345
0,0.0353490655675114
0,0.0175255290959743
0,0.0143592647889356
0,0.0078654841158076
0,0.035714205560323
0,0.0350094797523247
0,0.03478172885811
0,0.0316121520727984
0,0.0356593902807147
0,0.0356931511222244
0,0.0350017268671892
0,0.0347902510823817
0,0.0347559206444265
0,0.03506241751128
0,0.034866423996702
0,0.0348347680998967
0,0.0092721677270815
0,0.0349823319466668
0,0.0346655207015637
0,0.0349440770298371
0,0.0353100287098327
0,0.0080058032537738
0,0.0103547155862516
0,0.0174737621324435
0,0.0353746812898742
0,0.0347935222764219
0,0.0351591356979388
0,0.0162577391553104
0,0.0343238986783011
0,0.3137827848454641
0,0.0356975730776865
0,0.0338316223577905
0,0.0292365731255608
0,0.0351048591180279
0,0.0298972397513465
0,0.035433327054571
0,0.0077948918547913
0,0.0347901503640633
0,0.033448346378791
0,0.0202309859806466
0,0.0349638889599251
0,0.0355346588644346
0,0.0348311841520212
0,0.0345402845238293
0,0.0024436282351177
0,0.0039170329482662
0,0.0257903556317078
0,0.0358490575697914
0,0.0355886516732759
0,0.0354266122202936
0,0.0353754879043116
0,0.0358294743876233
0,0.0071201180590339
0,0.0357526170363396
0,0.0350315674158558
0,0.0356078539207099
0,0.0353614002397496
0,0.0357869780457053
0,0.0348235544500497
0,0.035621156335431
0,0.0357875957549716
0,0.0190108645453648
0,0.0358718421163547
0,0.0348779742389308
0,0.0297672229900661
0,0.0125949218514191
0,0.0297960263849764
0,0.0347871003378189
0,0.0354540869895954
0,0.0350743595400055
0,0.0358354885954835
0,0.0358770337093634
0,0.0170661242725874
0,0.0348616577138387
0,0.0069454578227622
0,0.020520232211156
0,0.0126321571820028
0,0.0228302991678684
0,0.0348321929267031
0,0.0355719143647178
0,0.0147358748284698
0,0.0137770337933937
0,0.0323400347731148
0,0.0135355503628576
0,0.0348475505024183
0,0.0349697096047048
0,0.0011697512281964
0,0.0351937741063117
0,0.0348125700704562
0,0.0353826107734876
0,0.034556197049628
0,0.0348648415522601
0,0.0357900036818514
0,0.0354868854061158
0,0.0357606742695009
0,0.0348820011907485
0,0.0350154716679798
0,0.0357220719956877
0,0.0349449457503941
0,0.0338117493114979
0,0.0036088931447417
0,0.0353922985029968
0,0.0353134286733421
0,0.0347817329362553
0,0.0530961789645016
0,0.0279951455193359
0,0.0358370282086586
0,0.035269551107865
0,0.0222781767431583
0,0.0348298437141172
0,0.0323520273106037
0,0.0347817166458966
0,0.0357668004018959
0,0.0354642469569348
0,0.1098762094746987
0,0.0348125831807957
0,0.0050196310607773
0,0.0350728679706374
0,0.0313275961038768
0,0.035678673300938
0,0.0348172262996184
0,0.0018050186065948
0,0.0314824328998018
0,0.0348027655428729
0,0.0347794676011525
0,0.034835656210952
0,0.0352899209794444
0,0.0349576941784744
0,0.0358361363200754
0,0.034841592060118
0,0.0350110145298936
0,0.035840478648536
0,0.0348257256899096
0,0.0223703669569395
0,0.0347746179384774
0,0.0350398523153625
0,0.0357791170621838
0,0.034823855284183
0,0.0286399635163179
0,0.0351546323826649
0,0.0295787959579505
0,0.0356229102479666
0,0.0356496860574223
0,0.0348965317686787
0,0.0358300577392261
0,0.0348770344255602
0,0.0246321074474452
0,0.0356122561320475
0,0.0358418872211726
0,0.0043877652304184
0,0.0110439888979321
0,0.0356295091012347
0,0.035861460119501
0,0.0031789315768973
0,0.035877390732691
0,0.0016068670352175
0,0.0358009731370149
0,0.0353270872230039
0,0.0355423524278831
0,0.0342343589040451
0,0.0285437054163576
0,0.0356655389066358
0,0.0190695521783515
0,0.0026912973531799
0,0.0347999506518936
0,0.0350984056420144
0,0.0352401804575518
0,0.0155938957140385
0,0.0298906795520896
0,0.0348546628202679
0,0.0150823638697998
0,0.0347855797102639
0,0.0348332072719502
0,0.0348798895129001
0,0.035438221463969
0,0.0349207979772935
0,0.0270263435636188
0,0.0356919301276328
0,0.0008014915684929
0,0.0228903769990703
0,0.0356868370910194
0,0.0348834642885184
0,0.0356124510749281
0,0.035548737745638
0,0.0349877506176983
0,0.0350495928684455
0,0.0349965767307098
0,0.0357720062003063
0,0.0202152430007291
0,0.0098289906919216
0,0.0352056033546231
0,0.0098619224155854
0,0.0320574662213633
0,0.02322229223678
0,0.0313218783921566
0,0.0280453140378102
0,0.0358630176474291
0,0.0263719382697326
0,0.0009594768639863
0,0.0349353790950315
0,0.0133049657207875
0,0.0348178907217622
0,0.004464583453888
0,0.0349703330012594
0,0.0348445227778208
0,0.0358365017220496
0,0.0349186935168151
0,0.0018406069750318
0,0.0356651265912057
0,0.0352634445964562
0,0.0267781503974354
0,0.0357764711866495
0,0.0057270421203949
0,0.0352569222263097
0,0.0352122745715083
0,0.0278137721977327
0,0.0349383470051163
0,0.0358630852074347
0,0.0357783394115974
0,0.0356785460602922
0,0.0354569678627095
0,0.034893471140731
0,0.0350124783524702
0,0.0020907937677649
0,0.0348318163538045
0,0.0350141708528558
0,0.0356114179748612
0,0.0356463222350529
0,0.0351932045896745
0,0.0358059669332825
0,0.0239029632903314
0,0.035646682184481
0,0.0058454029816813
0,0.034803455089366
0,0.0075658726913965
0,0.0347949732187251
0,0.0348765978219741
0,0.0355641658501446
0,0.0348730481129435
0,0.0113554601921545
0,0.0356104248557166
0,0.0357905841503634
0,0.0350968723301095
0,0.035680984822302
0,0.1423651219117366
0,0.0139878486641722
0,0.0350975452009857
0,0.0345585969967582
0,0.0358578294953167
0,0.0356242945878852
0,0.0357687757048378
0,0.0321709991940922
0,0.0348369061580382
0,0.0349294570657721
0,0.0358511185213768
0,0.0358182186189496
0,0.034209912510593
0,0.0003050826443395
0,0.0349386956519134
0,0.0357682450314639
0,0.0286205476538418
0,0.0352527941799102
0,0.0349790455851203
0,0.0356057769765154
0,0.0349071745252729
0,0.0258727013707163
0,0.0144238545000577
0,0.0345796649012722
0,0.0355460101531266
0,0.0280605461280027
0,0.0356804803681858
0,0.0187889913337957
0,0.0341657931726692
0,0.0109706862614983
0,0.0358444255213553
0,0.0098677027240955
0,0.0142039067983693
0,0.0348210401745112
0,0.0125153509602769
0,0.0348015491747241
0,0.035813789631177
0,0.0357300093948281
0,0.0357213851990188
0,0.0356765672878414
0,0.0356074458495106
0,0.0347876429673785
0,0.0358679749979758
0,0.0348977663546342
0,0.0351596212895398
0,0.0358629711372267
0,0.0357316340784499
0,0.0348843650209276
0,0.0051910364211682
0,0.0349048077826907
0,0.03534903388283
0,0.0348347512942307
0,0.0208866728897441
0,0.0348414838460684
0,0.034876291234729
0,0.0358372135567881
0,0.0349006689470157
0,0.034779769176353
0,0.0357985199227402
0,0.03575598755738
0,0.034924301870732
0,0.0356629904201732
0,0.0184056237336247
0,0.0033570522460475
0,0.0348780068866272
0,0.0356750452837345
0,0.0348751671029282
0,0.0351253552434873
0,0.0350722894006979
0,0.0348739683310807
0,0.0348767234724425
0,0.0199486380551214
0,0.0021601310783129
0,0.0357526648682036
0,0.0348545593297608
0,0.0346256434458641
0,0.0352261696722619
0,0.0354859741275028
0,0.0130567115672162
0,0.0023493097649291
0,0.0349857993130597
0,0.0348919932367074
0,0.0050508218653338
0,0.0357105637149464
0,0.0352468232886745
0,0.0356856549640939
0,0.0231141320978544
0,0.0357654874885358
0,0.0350305795848684
0,0.0139129009137411
0,0.0339724007288159
0,0.0357328957400103
0,0.0357148731355952
0,0.0098803090607244
0,0.0358368693893023
0,0.03581695977131
0,0.0114854034092641
0,0.0356711869231351
0,0.0489617246517971
0,0.0351859568566141
0,0.0348324566589062
0,0.0349902616082821
0,0.0199960478584903
0,0.0353608782105915
0,0.0348944078303089
0,0.0350431145841205
0,0.0020344940283835
0,0.0286592299801692
0,0.1680992999348459
0,0.0280799581153446
0,0.0148794598969508
0,0.0572240156034352
0,0.0356215566347189
0,0.0353417989933361
0,0.0961265615468948
0,0.0259808356273764
0,0.0358251759779744
0,0.0352871793918476
0,0.0350064928643371
0,0.035372234775079
0,0.0066500767878393
0,0.0621808000101513
0,0.0348217989702772
0,0.0222354265184436
0,0.0290024377358994
0,0.0358503445169108
0,0.0357994567211992
0,0.0356865416119029
0,0.0284606241474945
0,0.0356328549986749
0,0.0355959002398575
0,0.0213613291190207
0,0.0204243151777402
0,0.0350920438658953
0,0.0354325848422663
0,0.0350945725897401
0,0.0348689608844597
0,0.0194579783597754
0,0.0025776671501016
0,0.0356656409881627
0,0.0348145326176719
0,0.0358478141318028
0,0.034976414103624
0,0.0356587696044004
0,0.0348144846932815
0,0.0357900528971083
0,0.0337840619547545
0,0.0357947800959997
0,0.0098417332572839
0,0.0167315415298589
0,0.0082362513536078
0,0.0343130503475049
0,0.0323459357363359
0,0.0347797381002052
0,0.0349519730845202
0,0.0205349424624227
0,0.0355979739311011
0,0.0356406959418204
0,0.0358583004846993
0,0.0240975097809475
0,0.0352072021827272
0,0.0355912948897819
0,0.0263075721877439
0,0.5108374458965458
0,0.0347831229680812
0,0.0351914786883248
0,0.0356547604162283
0,0.0357701989337648
0,0.034830656475004
0,0.0232211485105352
0,0.0219247232066099
0,0.0198950955424134
0,0.0355023628988605
0,0.0349631994499196
0,0.009583188520734
0,0.0358491466343788
0,0.0036676271102897
0,0.0058102925009646
0,0.0353363500305679
0,0.009970890331426
0,0.035503731523574
0,0.0357036071835966
0,0.0354526113876746
0,0.0140159883788912
0,0.0358276879814314
0,0.0342857921223431
0,0.0141174637489771
0,0.0356690919416089
0,0.0358431355831378
0,0.035757781554878
0,0.0348559226964452
0,0.0348075859417801
0,0.003793547982343
0,0.0266984908799814
0,0.0189733549340563
0,0.0358999914103331
0,0.0353556529368523
0,0.0129954809651785
0,0.0263487880178205
0,0.0022071746061825
0,0.0357838495122659
0,0.0348290282607269
0,0.0048453089246001
0,0.0030124039666819
0,0.0284093307985563
0,0.0350700712678256
0,0.0358346737880056
0,0.0358796587636219
0,0.034880243500882
0,0.0041770109081346
0,0.0348892987088218
0,0.0263574963018412
0,0.030871891459887
0,0.0355689419336595
0,0.0357735344843154
0,0.0350023034563291
0,0.0181836881290942
0,0.0485018618703441
0,0.0348279509314653
0,0.0353427761175231
0,0.0176738673246503
0,0.0281672944035841
0,0.0358577032108836
0,0.0355495707958366
0,0.0069316068252896
0,0.0021627634463559
0,0.0354068294051529
0,0.035660254471946
0,0.0349756031163697
0,0.0358487827682483
0,0.0351633676449377
0,0.0075362969714558
0,0.0350041644204599
0,0.0358810608152338
0,0.0357631416031316
0,0.0353055105995201
0,0.0355768670140012
0,0.0168745986162265
0,0.007548087316691
0,0.003362252005414
0,0.0296855169102966
0,0.0357790535108041
0,0.0354430255518488
0,0.0128430517401652
0,0.0206020843709979
0,0.0165966820825488
0,0.0182973820892712
0,0.0076417674292194
0,0.0345585754516725
0,0.0112215681645244
0,0.0355848491388125
0,0.0060316752677756
0,0.0015796968132444
0,0.0347808791939872
0,0.0349397356336185
0,0.0354541426184109
0,0.0348849834265284
0,0.0173492461353141
0,0.0324550058177107
0,0.034790487424977
0,0.0356599548429909
0,0.0204323977360843
0,0.0132603646577247
0,0.0314267050493373
0,0.0331603492485241
0,0.0358671687962223
0,0.0348442893533827
0,0.0347843625826235
0,0.0349497332222052
0,0.0356729246558787
0,0.0357139273977526
0,0.0355164106650861
0,0.0352971723449041
0,0.0357533533442074
0,0.0348619533081559
0,0.0357517312791567
0,0.0356844457649532
0,0.0353161168087319
0,0.0353397051272811
0,0.0358730198654751
0,0.0301750108987795
0,0.0356488882907156
0,0.0353795018965791
0,0.0350185810115154
0,0.0182646884866198
0,0.0384255329930973
0,0.0069379189154009
0,0.0320393028630529
0,0.035610657755182
0,0.0347833903141544
0,0.0349746543495999
0,0.0146558622448359
0,0.0349870212654851
0,0.0354786134101771
0,0.0023437033049794
0,0.034308643242717
0,0.0170761428040013
0,0.0358604930080824
0,0.0356911511810122
0,0.0347937852640028
0,0.0112709208614169
0,0.0251136959214498
0,0.0253466370819145
0,0.0277662969095333
0,0.0356653717185799
0,0.0356872993178228
0,0.0351304447618619
0,0.0319543321844019
0,0.0355590031783967
0,0.0148042506534677
0,0.0057551649422289
0,0.0348289146194187
0,0.035763653871449
0,0.035604915857869
0,0.0198618324865351
0,0.0423952335898089
0,0.0356098619854509
0,0.0356119120727815
0,0.034826997378875
0,0.0353171705727904
0,0.0348227921903348
0,0.0282364196289266
0,0.0348295812285341
0,0.0031526037242639
0,0.0348354994192371
0,0.0350697116793607
0,0.0030392399855194
0,0.0357276567724806
0,0.1071046937398421
0,0.0216924730244849
0,0.0348106970711548
0,0.0351197258202254
0,0.0351816922787815
0,0.0104179822938567
0,0.0356346783610379
0,0.0348107565611471
0,0.0351924534291673
0,0.0164835623957485
0,0.0347921350465106
0,0.0349000928160284
0,0.0523402438284417
0,0.0358180421221871
0,0.0356175523254437
0,0.0356527914872731
0,0.0164143822938569
0,0.0328333779527076
0,0.0355144345559364
0,0.035854576058751
0,0.0353995259385836
0,0.0351850426846402
0,0.0076152370728798
0,0.0353445989411674
0,0.0348843650209276
0,0.0184117224416945
0,0.0353119124262262
0,0.0140096355745599
0,0.0355750041605767
0,0.0337009453298332
0,0.0354471293420135
0,0.026761414741896
0,0.034867028393568
0,0.0357942413742283
0,0.0051893445601184
0,0.0358282088765441
0,0.0350964544252808
0,0.00751955485939
0,0.0352704748972701
0,0.001185102757075
0,0.0348992899915606
0,0.0173267788365684
0,0.0358608280341312
0,0.0295026956107502
0,0.0356349417555708
0,0.0320826735405907
0,0.0349848880668381
0,0.0354835993000953
0,0.0358401571249047
0,0.0347941740261693
0,0.0265433527246554
0,0.0350583787514381
0,0.017547477634679
0,0.0252156975338943
0,0.0351157761813489
0,0.0358377875901775
0,0.0353678692411521
0,0.0348863646772822
0,0.0358508413518178
0,0.035628718495465
0,0.0347823797461575
0,0.034882042085552
0,0.0358585445464117
0,0.035307126891319
0,0.0218228015620383
0,0.0355833505407142
0,0.0356074942891511
0,0.0354348371835108
0,0.0357590946221408
0,0.0349508593596063
0,0.0357300400116174
0,0.0350030823186609
0,0.0324178302626476
0,0.0348275527545027
0,0.0358118128590806
0,0.0148394310671599
0,0.0348229505809839
0,0.0352278840309982
0,0.0349147103593674
0,0.0186842083024647
0,0.03479425519375
0,0.0353734564717403
0,0.0356973353568589
0,0.0180803887329264
0,0.0107415775691137
0,0.0028232953552215
0,0.0358633813086497
0,0.0352931709440068
0,0.0358748925253566
0,0.0353209454077688
0,0.0357223827541474
0,0.0349503282361665
0,0.0356075333661413
0,0.0358620833659156
0,0.016589592553763
0,0.0347863181252373
0,0.0347825185926302
0,0.035836587967683
0,0.0050967893754581
0,0.0348942208960972
0,0.0415506985303175
0,0.0017703522260533
0,0.0348115067322548
0,0.0064252255507146
0,0.0302550661683515
0,0.0356952872395331
0,0.0357854112781057
0,0.0348365879601065
0,0.0349435478936583
0,0.0104743944473997
0,0.0357147152827901
0,0.0347889188663606
0,0.0356103349651508
0,0.0353597377251124
0,0.0349725387453668
0,0.034793983706805
0,0.0250700113310625
0,0.0013079719435037
0,0.0325672578837265
0,0.0150149385889995
0,0.002856533705754
0,0.0239834639066956
0,0.0040926484305942
0,0.0354887420159809
0,0.0359147318190284
0,0.0341369707261548
0,0.0156444721863016
0,0.0254925153002902
0,0.0223877237037032
0,0.0358166211200593
0,0.0354659253148271
0,0.0358607593479285
0,0.0355516709956836
0,0.0044028650609211
0,0.0352138827897699
0,0.0039663094971665
0,0.0351183945790694
0,0.0160398215127316
0,0.0349157832661875
0,0.035776796223966
0,0.0348255900736507
0,0.0357390031086448
0,0.035833470369696
0,0.0355989450187712
0,0.035752131495235
0,0.034929309545265
0,0.0358701670836116
0,0.0348627444362738
0,0.0139759161280149
0,0.0304116513464629
0,0.0352791959958534
0,0.0351882854042928
0,0.0349986057755008
0,0.0444876201614144
0,0.0354267646179652
0,0.0142034199828155
0,0.0357843861363439
0,0.0358533383766094
0,0.3044976933977031
0,0.0347921622616752
0,0.0357630109554031
0,0.0358135459801552
0,0.0348707374768291
0,0.0351539871827451
0,0.0250532626356155
0,0.035157039607403
0,0.015615744398088
0,0.0349769918951187
0,0.0154777091659564
0,0.0212547118082253
0,0.0357780023631404
0,0.0348658176134951
0,0.0348823877479801
0,0.0357804316593653
0,0.0347885728596441
0,0.0347983627884152
0,0.0023377377172883
0,0.0352325841563721
0,0.0154197103745764
0,0.0356571371637503
0,0.0191897778390513
0,0.0348671253110076
0,0.0358361525237951
0,0.0351385690846762
0,0.0023726757099839
0,0.0356938729716829
0,0.0357805122978994
0,0.035293136760944
0,0.0347864141245835
0,0.0357544294989173
0,0.0349632962017159
0,0.0349570773434244
0,0.0301398369841906
0,0.0358836786540163
0,0.0350734555133203
0,0.0039663094971665
0,0.0358605460307621
0,0.0350358268198037
0,0.035802457532254
0,0.0353033391875349
0,0.0411924561528308
0,0.0324508564693046
0,0.0173081155957154
0,0.0181436907675661
0,0.0022267800290107
0,0.0352549413057806
0,0.0351703110052631
0,0.0352746750719567
0,0.0353584986009837
0,0.03551001071151
0,0.0174734881576463
0,0.0358527162087233
0,0.0311854327877189
0,0.015310266700174
0,0.0358071835609029
0,0.0350222620342574
0,0.0347978723914808
0,0.029698822972462
0,0.0348425526802334
0,0.0350281979565145
0,0.0352399214805649
0,0.0215806121356122
0,0.0351689495520662
0,0.034826580828245
0,0.0358517717978488
0,0.0232422673433639
0,0.0355185518244513
0,0.0450505917576238
0,0.0357008746742296
0,0.0351581130360768
0,0.0350467167876223
0,0.0358116265870422
0,0.0293019760504523
0,0.0305655641429302
0,0.0083275420194079
0,0.0356792881234326
0,0.0230368474155866
0,0.0347915076266239
0,0.0358488477958462
0,0.0537128223797638
0,0.0348245396890376
0,0.0356485330626329
0,0.0349560883599539
0,0.0174002356728488
0,0.0357422091635669
0,0.0353004801186498
0,0.020629153641012
0,0.0349777329430537
0,0.0352927240433877
0,0.0216611977798975
0,0.0350391523707068
0,0.0351226814410475
0,0.0959412212824661
0,0.0095869487712076
0,0.0348841002409794
0,0.0348714193331315
0,0.0355742562852581
0,0.0077372986973563
0,0.0348306668149941
0,0.0351283691814648
0,0.0347860023305794
0,0.0262317500050496
0,0.0349838896329975
0,0.0357846533612844
0,0.0350188950309614
0,0.0355744384161772
0,0.035155322966068
0,0.0348460331383496
0,0.0355485114018826
0,0.0348091161299443
0,0.0356883828713565
0,0.0653477153773715
0,0.0125290901076511
0,0.0356096250413006
0,0.0348255900736507
0,0.0357239191452409
0,0.0349919598077521
0,0.035745110722397
0,0.0244217908653348
0,0.0352950521925976
0,0.0015425550537643
0,0.0236296792274664
0,0.0297088514065448
0,0.0109770001619272
0,0.0160133644521631
0,0.0121235189803334
0,0.0079827792211211
0,0.0220326344914307
0,0.0351059291306531
0,0.0348216950601912
0,0.0212751435246399
0,0.0358526315502033
0,0.0349480409654767
0,0.0277207734880439
0,0.0197317127815901
0,0.0311423203560423
0,0.0352716600603124
0,0.0085180713954624
0,0.2933649277722256
0,0.0351824475810024
0,0.0354481851967939
0,0.0348420412031177
0,0.0053320922137049
0,0.0358235579307576
0,0.0350015862150786
0,0.0351547670907166
0,0.0157686881330267
0,0.0358519050056822
0,0.0298331724803392
0,0.0213083414148801
0,0.0350633741215742
0,0.0349169534012624
0,0.0302271334136805
0,0.0357613360889047
0,0.0356324720937317
0,0.0355081294303961
0,0.0353098119675941
0,0.0357719819643148
0,0.0352769398285931
0,0.0358084353189291
0,0.034789449036194
0,0.0072748734156624
0,0.0357442663062601
0,0.0357065188583525
0,0.0355311187241867
0,0.0357668004018959
0,0.0350283864441706
0,0.0241946377032959
0,0.0355022927594583
0,0.0350668938605742
0,0.0353934793230254
0,0.0354925276693138
0,0.0357139770303838
0,0.0349873565129233
0,0.1588665734934486
0,0.035696234798693
0,0.0351074805105392
0,0.0092108137120665
0,0.012661083046474
0,0.0330888630148333
0,0.03502422101803
0,0.0347848775412717
0,0.019166685821452
0,0.0348400426108456
0,0.0356109364286361
0,0.0357813894715912
0,0.0352722775292137
0,0.0472099839724406
0,0.0349325155468747
0,0.0357938259522917
0,0.0057928665892712
0,0.0349727731066216
0,0.0353708208034758
0,0.007088173503648
0,0.0350578584072803
0,0.0348366945507068
0,0.0348073090063188
0,0.0349978769719781
0,0.528239455619076
0,0.0350564707052027
0,0.0219308217184381
0,0.0355648472179697
0,0.0348981468279723
0,0.0118158886967788
0,0.0358578731726648
0,0.0352854091633851
0,0.0348208250036852
0,0.0315339300530032
0,0.1841757359155068
0,0.0040956576512356
0,0.0352858784805005
0,0.0358682248716468
0,0.0357247550011041
0,0.025116670732822
0,0.0358576207690121
0,0.0353528172664042
0,0.0358458345602339
0,0.0247002148984039
0,0.0347939287284325
0,0.010851276612062
0,0.0356913077114919
0,0.0356592306768667
0,0.0024788019473307
0,0.0056395625038574
0,0.0351257786879205
0,0.008045367671795
0,0.0087428728960034
0,0.0329986711091442
0,0.0031371547288707
0,0.0357284787873947
0,0.0273233672577286
0,0.0348231873686105
0,0.0347872883933922
0,0.0162007967506461
0,0.0181627667691419
0,0.0198317559320777
0,0.0347904930692655
0,0.0146539952157068
0,0.0237620137934404
0,0.2756549717199131
0,0.0351707901469113
0,0.0156416681305052
0,0.043207960437691
0,0.0188206536086416
0,0.0353630452278948
0,0.0349402654702908
0,0.000368406444013
0,0.0349505693453565
0,0.0350244428111836
0,0.0348871324295554
0,0.0184547140904593
0,0.0357868407990551
0,0.0356291296271115
0,0.0348032642268717
0,0.034832274156224
0,0.0349656929932803
0,0.0356335336627356
0,0.0350655085988277
0,0.034891543206006
0,0.0355672934067956
0,0.0116556405090081
0,0.0301309665697346
0,0.0348421973493954
0,0.0358766311003575
0,0.0090559457771001
0,0.0358605032945925
0,0.035529144693826
0,0.0357993292834205
0,0.0358214503091894
0,0.5347938601396737
0,0.0352639123160252
0,0.0349020337889234
0,0.0348077316973165
0,0.0694380335443587
0,0.0347683797893199
0,0.0218490261723937
0,0.0358700259742634
0,0.0223750163569947
0,0.0223909720311059
0,0.0354990453124597
0,0.0176466483641475
0,0.0358445657248958
0,0.0140365143712954
0,0.0196659024435625
0,0.0356569844776541
0,0.0358653735073198
0,0.035724219074287
0,0.027550850063215
0,0.031007050366493
0,0.0354748871370289
0,0.0344246305899377
0,0.0352610545957076
0,0.0357625153755888
0,0.0350271366745054
0,0.0011032037544015
0,0.0347823105949895
0,0.0357956725875043
0,0.0258758111350067
0,0.0349747602918894
0,0.0158256349939527
0,0.0356355100891056
0,0.0349711596247222
0,0.0351456452537073
0,0.0151999689255211
0,0.0152084493922458
0,0.0358173184047142
0,0.0352656554969356
0,0.035002212462092
0,0.0355748019196466
0,0.0349535907780855
0,0.0358187715556599
0,0.0348786533440632
0,0.0349339577087314
0,0.0108925363543369
0,0.0303614259804819
0,0.0357689587061588
0,0.0117052774934218
0,0.0356537792574102
0,0.035656606553136
0,0.0357031572189255
0,0.010412943348528
0,0.0353359062974055
0,0.0071325491798737
0,0.0285386679548734
0,0.0068816785578728
0,0.0354849764662816
0,0.0357635463745473
0,0.0347954697498124
0,0.0357961031957554
0,0.3900192640871671
0,0.0357540425500316
0,0.0168384863141819
0,0.0357241270734476
0,0.0355821022003693
0,0.0350006864501916
0,0.0166104951556592
0,0.0358168280331619
0,0.0349884407595232
0,0.0354241959399845
0,0.0352765686166282
0,0.0047207959498751
0,0.0348797514144601
0,0.0358321198710523
0,0.0089013047316299
0,0.0060932587150536
0,0.0355970224669305
0,0.035290559932283
0,0.0358117652037712
0,0.0349337071346535
0,0.035224713488568
0,0.0353367591418709
0,0.0356818875873972
0,0.0357639017289474
0,0.0152567755224126
0,0.0356067805977471
0,0.0358555698253328
0,0.028525558234516
0,0.0176815307032935
0,0.0358388343517587
0,0.0356277262691951
0,0.0349268826165128
0,0.0331666800792223
0,0.035571983731188
0,0.0222445203657002
0,0.0357588708760717
0,0.0357489206295986
0,0.0224792074010565
0,0.0358220772305328
0,0.0358431307296964
0,0.0138663104887364
0,0.0348826925650653
0,0.0358423082192767
0,0.0350554004513723
0,0.0289292734911368
0,0.0347804508711414
0,0.0349878379878596
0,0.0349570447804927
0,0.0355122786229224
0,0.034824332637704
0,0.0358745876437915
0,0.0357991628264335
0,0.0358181786847151
0,0.0358040350736982
0,0.0358514656355797
0,0.0187069219141498
0,0.0355674636326904
0,0.034976345522769
0,0.0340965852185867
0,0.0358892709595696
0,0.0281815851545335
0,0.0347711120327312
0,0.0219051318497925
0,0.0331497404482039
0,0.0354188752331808
0,0.028611528987609
0,0.0352761791792513
0,0.0358665730344159
0,0.0352370737675006
0,0.0039756066578319
0,0.0090863335244355
0,0.5359365864826947
0,0.097850688679579
0,0.0347928579299828
0,0.0348510147097408
0,0.0347814116402688
0,0.0112034173603322
0,0.0355285299552768
0,0.0350806925864879
0,0.0351985349441167
0,0.0354676252424302
0,0.0357292399017468
0,0.0355180096399682
0,0.035694972569779
0,0.0249590740235146
0,0.0358396765770574
0,0.0359052950543898
0,0.0184743107516243
0,0.0352383809655045
0,0.0327178835081013
0,0.0080024273069697
0,0.0277259834025949
0,0.035383455517114
0,0.0351377162526565
0,0.0354607334617776
0,0.0354513964128634
0,0.0202275993464502
0,0.0356562893242635
0,0.035014580257852
0,0.0347952075818482
0,0.0137732813095737
0,0.0347711533212897
0,0.0348312226906356
0,0.0247666927151365
0,0.0167485848175148
0,0.0357309989361409
0,0.0354541234824372
0,0.0266409560164301
0,0.0023568074081851
0,0.0348578013435609
0,0.5349792492001337
0,0.0356332242108326
0,0.0358240301431012
0,0.0106090952331887
0,0.0351888278839573
0,0.0348580763074223
0,0.0349215770110898
0,0.0354561208505612
0,0.0348012590519072
0,0.0358402332732194
0,0.0018351847698079
0,0.0208360540715901
0,0.0125838583139147
0,0.0284478020419131
0,0.0356271695339731
0,0.0349826760038639
0,0.0357702991607872
0,0.0353528570439594
0,0.0358290580523301
0,0.0349548203400881
0,0.0286798700139289
0,0.1167350396550531
0,0.0118068407313326
0,0.0649658397100543
0,0.0353295298478307
0,0.0351536235886115
0,0.0358464051855327
0,0.0349607952820504
0,0.0352364304956802
0,0.0040195846839472
0,0.0092206337347977
0,0.0260350446886428
0,0.0356589676929301
0,0.0348930240299553
0,0.017243240168309
0,0.0177527234589149
0,0.0352250429131197
0,0.0357286273252259
0,0.0355192834597907
0,0.0261461350228736
0,0.0348403847243537
0,0.0352818938685917
0,0.035790131756059
0,0.0351220226143886
0,0.0337759696606859
0,0.0351007121328124
0,0.0354541418848773
0,0.0355221658523126
0,0.035593974782282
0,0.035779310179219
0,0.0356190993838646
0,0.0351347741065668
0,0.035447518855154
0,0.0348157176712174
0,0.0155529115202039
0,0.0052286321178175
0,0.0347855797102639
0,0.0232136485555327
0,0.0352738932049873
0,0.0226291124188268
0,0.0225808878487904
0,0.0358703290616321
0,0.0358580693593678
0,0.035505867249458
0,0.0019598402018511
0,0.0125132745006221
0,0.0546527842549907
0,0.035029201860873
0,0.0356055374135713
0,0.0358573923223454
0,0.0356811729819934
0,0.034807157216799
0,0.0353735590475559
0,0.0351550797672382
0,0.0348220322389086
0,0.0352112874846855
0,0.0133754366693331
0,0.0356784015042877
0,0.0355323840180111
0,0.0358588633406465
0,0.0358535047170865
0,0.0170745707710264
0,0.0277907463162795
0,0.0141450311575127
0,0.0215340375198986
0,0.0340820016710439
0,0.008776320773069
0,0.035267738093239
0,0.0303843674537954
0,0.0358234774757262
0,0.01045605690111
0,0.0348181919570506
0,0.035791447295336
0,0.015173714587747
0,0.035359066227732
0,0.0350848103274856
0,0.0347821903503725
0,0.0349397356336185
0,0.0358052138969132
0,0.0150406069677757
0,0.0061856998647246
0,0.0349401110970886
0,0.0358671383205282
0,0.0354701392736486
0,0.0274937745383837
0,0.0348042602196443
0,0.0355533744676703
0,0.0063525951824213
0,0.0357743250811798
0,0.0357516568011072
0,0.0357266089141782
0,0.0323484214025029
0,0.0352960035331637
0,0.0350169338902741
0,0.0271216545415591
0,0.0088019101311411
0,0.0098761925560687
0,0.0349378469287357
0,0.0348072959935994
0,0.0349662790525923
0,0.0357414011079426
0,0.0178288480355482
0,0.3964427650506428
0,0.0357773116844118
0,0.0189771276968875
0,0.0298345579075704
0,0.0357951700968132
0,0.0353893328880193
0,0.0358573063604787
0,0.0347968278327253
0,0.001997661132305
0,0.034806593416833
0,0.0353838197877873
0,0.0348600952203764
0,0.0350675018478087
0,0.0301826240993276
0,0.0356074369012801
0,0.0248635716054522
0,0.0340597949320812
0,0.0348816588217727
0,0.0349256960103341
0,0.0257233287372903
0,0.0349319354850989
0,0.0348066959428113
0,0.026326687995758
0,0.0058228378318213
0,0.0058212354754406
0,0.0354237066013331
0,0.0356127894697202
0,0.0356253095950372
0,0.0165507973577728
0,0.0178766110947427
0,0.0355353373794075
0,0.0246730576917254
0,0.1412844655278852
0,0.0041237830217852
0,0.0352862200706617
0,0.0307290383491336
0,0.0118354978014596
0,0.0108925363543369
0,0.035084299575329
0,0.0351469344454127
0,0.0281245001785447
0,0.0355798824896721
0,0.0058240003919572
0,0.0353077054030504
0,0.0356680972527431
0,0.0279331646350901
0,0.0351583045750953
0,0.0347800920870509
0,0.0357375022944907
0,0.0358869387542952
0,0.029767479510484
0,0.0355294746090213
0,0.0347908112010958
0,0.0347830044321013
0,0.0351116905070648
0,0.0014606503481268
0,0.0353962127206682
0,0.0347935229008145
0,0.0347801933367174
0,0.0071858854200376
0,0.0130938042993699
0,0.0358745365307829
0,0.0347776847867821
0,0.0358435415218617
0,0.0358780241121135
0,0.0022195975012077
0,0.0096928373185175
0,0.0315708559158546
0,0.0357290787894635
0,0.0356107111801381
0,0.0351069991638705
0,0.0351779828356907
0,0.021873170130869
0,0.0352446212835446
0,0.0347839889821634
0,0.0352462782888955
0,0.0358021237646016
0,0.03569020793703
0,0.0033329022326793
0,0.0358391789760146
0,0.1281428529051688
0,0.0325588261694433
0,0.0357453525411752
0,0.0357595512314936
0,0.0348012726897568
0,0.0348403161933005
0,0.0075756238758009
0,0.0309153623989594
0,0.0181886172201964
0,0.0348386410327746
0,0.011883938002052
0,0.014739447087601
0,0.0356514567547383
0,0.0347795933349667
0,0.0351034468171994
0,0.0132688337347312
0,0.035238242238963
0,0.0354068840714474
0,0.0348079653985064
0,0.0269593261461339
0,0.0032043339409544
0,0.0093898903008263
0,0.0357533640914418
0,0.0349672793234986
0,0.0354083322821174
0,0.024006904127729
0,0.0334949988536092
0,0.0358450815533546
0,0.0357004617076871
0,0.0349935541651974
0,0.034941806079708
0,0.0195955905516664
0,0.0349174234640254
0,0.0354861862124641
0,0.0080948723087688
0,0.0353577775944031
0,0.0358658503604531
0,0.0108262791665699
0,0.0357329691467665
0,0.0348829435995376
0,0.0348027140324405
0,0.0003994737485342
0,0.0356074458337681
0,0.0352450652870857
0,0.0358681097245433
0,0.0356883647826038
0,0.0070085986503228
0,0.0348015805588131
0,0.035714205560323
0,0.0353097158911447
0,0.0353081581445176
0,0.0358411078944782
0,0.0356620576484087
0,0.0120432788457242
0,0.0348532307065974
0,0.0076428790974405
0,0.0019405696788268
0,0.0347728959143876
0,0.0349353231591483
0,0.0356344031950405
0,0.0172002434587934
0,0.035451981413603
0,0.011313470658235
0,0.0071340973404875
0,0.0351054849241138
0,0.4402344851850095
0,0.0229652474548342
0,0.0353238753709627
0,0.0353873001575203
0,0.0352711320218734
0,0.0358291875641356
0,0.0349401593297763
0,0.0071089273815824
0,0.0006303814644731
0,0.0358573677322015
0,0.0351596660960271
0,0.0354201693884137
0,0.0357239650481714
0,0.0250722899632603
0,0.0381030671151521
0,0.0358136368688424
0,0.0347811180559714
0,0.0011122983507058
0,0.0352930230717694
0,0.0040455164505672
0,0.004422383980905
0,0.03582993906267
0,0.0329659002321739
0,0.0348615684037973
0,0.002160207497312
0,0.018974094624506
0,0.0354453990116502
0,0.0349406765987885
0,0.0259201769677315
0,0.025017248071354
0,0.0348976807875827
0,0.0042132054465127
0,0.0357808805969636
0,0.0291273891891262
0,0.0110169359834699
0,0.0293335274342061
0,0.015498050366582
0,0.0347994687479304
0,0.0347817639401632
0,0.0178918059814352
0,0.0354553280329714
0,0.0107681155943674
0,0.0060626585752959
0,0.0109991221399788
0,0.0352326663504257
0,0.001072679836332
0,0.0348453424990194
0,0.0324022929300273
0,0.0150734512586683
0,0.030986015882647
0,0.0357745663157032
0,0.0356096989205877
0,0.0135497629773498
0,0.0296232394977174
0,0.03546288786959
0,0.0313855390868687
0,0.0353734502570043
0,0.0353145004373014
0,0.054367479781109
0,0.0177042856114346
0,0.0358548313152285
0,0.0190547329160429
0,0.0349378519772516
0,0.024803759615979
0,0.0261128948451698
0,0.0357298382669815
0,0.0349802816601062
0,0.0257639643597368
0,0.0154605429835457
0,0.0347709940250253
0,0.0348403711714142
0,0.0088316877383885
0,0.0347953003529223
0,0.0225251792315773
0,0.0316451355871598
0,0.0358397365596183
0,0.0326664351958976
0,0.0179220271941392
0,0.0356849649356751
0,0.0358605080329494
0,0.011181915913342
0,0.034785281466181
0,0.0348729434303185
0,0.0052925370900409
0,0.0354320379159375
0,0.0350598597704335
0,0.0348118495634924
0,0.0019288950026605
0,0.0069911770860935
0,0.0057964122058339
0,0.034957784191296
0,0.0356001170362274
0,0.0355245769382995
0,0.0348316380230756
0,0.0348781673568421
0,0.0503752704660726
0,0.0205734953783763
0,0.0073499620420447
0,0.0207019815128656
0,0.0356874094631603
0,0.0019625148200895
0,0.0348598606909461
0,0.0111986945101771
0,0.0163778699743434
0,0.0358220366177387
0,0.0347940569078986
0,0.0011981402918958
0,0.034834192259819
0,0.0258123064137045
0,0.0063609512513599
0,0.0185990350645545
0,0.0356227390354263
0,0.1076628921820721
0,0.0358580078060028
0,0.1063445397979077
0,0.0346149067462572
0,0.0353788433885984
0,0.0327158682910384
0,0.0356387148621775
0,0.0295578309955819
0,0.0202468145152889
0,0.0294864675789355
0,0.0352864143225183
0,0.001667509233239
0,0.0348076612739203
0,0.0308340637543927
0,0.0037230882695776
0,0.0337802381459209
0,0.0243738965835943
0,0.0281927234505287
0,0.0355523782342004
0,0.0354339612156831
0,0.0351098153367476
0,0.0285981518264077
0,0.0326992386260745
0,0.0356084513454122
0,0.0347804053832914
0,0.0348720736982868
0,0.2379624443171469
0,0.0012826636575182
0,0.0355685296525033
0,0.0355951679375147
0,0.0341585613332413
0,0.0357693988614896
0,0.0070571201086798
0,0.0525849644146959
0,0.035262905213891
0,0.0348868015419758
0,0.035831947389463
0,0.0083512589092544
0,0.0009638313521976
0,0.0357635463745473
0,0.0358710426945601
0,0.0592494140192565
0,0.0349756017350906
0,0.0358682604796154
0,0.0236428298738965
0,0.0336253837717498
0,0.0320495919794776
0,0.0141793697946424
0,0.0240585978132936
0,0.0352295190851217
0,0.0107705619170716
0,0.0358790804095882
0,0.0338047598280339
0,0.0349765469464907
0,0.0358404500516971
0,0.0358087837607132
0,0.0348796127058107
0,0.0351054440944448
0,0.0356364373033693
0,0.0358675878573029
0,0.0358641258440809
0,0.0348865414179732
0,0.034973571196007
0,0.0351290751235533
0,0.0109294194298124
0,0.0351983698454317
0,0.0352002780643618
0,0.0347867152551106
0,0.035413670059877
0,0.0357177337306272
0,0.0357018276574847
0,0.0355953074929805
0,0.0348113328421006
0,0.0075509570344971
0,0.0241617106120889
0,0.002506393680011
0,0.0070210943575768
0,0.1235531342559598
0,0.0348335594499375
0,0.0348732048672241
0,0.0229341993967843
0,0.0358888278937373
0,0.0357149576267772
0,0.0349348403666044
0,0.0146541185235335
0,0.0191074348817931
0,0.03583161833126
0,0.0351267728144858
0,0.0348892224786169
0,0.035081895738592
0,0.0179030479561436
0,0.0356476015143548
0,0.0206713354663133
0,0.0330642892389366
0,0.0180739947788686
0,0.0347866923397699
0,0.0346577141511274
0,0.0350400835010431
0,0.0358568241429887
0,0.0159039408392084
0,0.0354381305246095
0,0.0353879425319005
0,0.035007262789198
0,0.0348844086890385
0,0.0348221588612101
0,0.011010667101152
0,0.0355940174503334
0,0.0358225493013087
0,0.0348432159120355
0,0.0352738932049873
0,0.0347969113933178
0,0.0358555581777025
0,0.0350283740585629
0,0.0348141529815058
0,0.0349400193084078
0,0.0291817654748038
0,0.034783524255268
0,0.035435741866257
0,0.0358383640937432
0,0.0040649863979032
0,0.0275120304119621
0,0.0356566573795969
0,0.0348521062342628
0,0.0292836215145669
0,0.0854300015180929
0,0.0037569495370841
0,0.0065241956756908
0,0.0348056573184281
0,0.0356092262141211
0,0.0350669576675268
0,0.0348600797260008
0,0.0358392300959302
0,0.0354740468571244
0,0.0347954356076523
0,0.0358442545058972
0,0.0349819948863483
0,0.0117268831555299
0,0.0358982998068488
0,0.0358547853648407
0,0.0356737268554971
0,0.0358220365595194
0,0.0358078438108045
0,0.0309786928814924
0,0.0125928112383092
0,0.0357553823195075
0,0.0357542933371132
0,0.0034853492665411
0,0.0355622265722783
0,0.0358685540140721
0,0.0355904949123463
0,0.0352443097556927
0,0.0352003075451045
0,0.0348978437850065
0,0.034977296226561
0,0.0348025600372863
0,0.5301338978255884
0,0.0354840476775242
0,0.0023493164752536
0,0.0350477416710857
0,0.002122230390272
0,0.0768453053291311
0,0.035214888937383
0,0.0159372081481493
0,0.0348011538465735
0,0.0353686488724395
0,0.0358441849705001
0,0.0348189041683233
0,0.0349839931748652
0,0.0350200022459667
0,0.0084111696227566
0,0.0347870098739917
0,0.0088238807506287
0,0.0208749133687553
0,0.034898668262699
0,0.0351418421763618
0,0.0237646329809773
0,0.0348171211125738
0,0.0852330288023895
0,0.0351068316715445
0,0.0355054832810072
0,0.0041913567697297
0,0.016683452113438
0,0.0264739983556514
0,0.0144949388221508
0,0.0347826320206491
0,0.0347967780474602
0,0.4513357438876965
0,0.0358421561405796
0,0.0145211258575501
0,0.0119901853457707
0,0.034824082201314
0,0.0348505349074638
0,0.0352889244849753
0,0.0352247656876261
0,0.0341015315899926
0,0.0358438920025713
0,0.0358463559271665
0,0.0358576644040271
0,0.0349410714679645
0,0.0023430834046334
0,0.0348273329647134
0,0.0348472405769787
0,0.035069745414286
0,0.0358323617017989
0,0.0350318951538815
0,0.0348976851160765
0,0.0347949825733678
0,0.0357999433272461
0,0.002086439454788
0,0.011013154464451
0,0.0355141748264184
0,0.0174234762502233
0,0.0349966188789369
0,0.0164442795674301
0,0.0348660446073707
0,0.0354109769837715
0,0.014459521356205
0,0.035644130665315
0,0.0354876239902624
0,0.0358684343227293
0,0.014258737646007
0,0.0022740984091946
0,0.0125928112383092
0,0.0358421809013159
0,0.0176944668191257
0,0.0358489908014833
0,0.011957951752509
0,0.0356072906390414
0,0.0351696531059088
0,0.0352556777419894
0,0.0358546717813597
0,0.0351931186682579
0,0.0284391551968766
0,0.0349042794299113
0,0.0061999898039142
0,0.0350742873610036
0,0.0354762563103548
0,0.09280682089
0,0.0351115355163061
0,0.000995071262019
0,0.0356523395676869
0,0.0337024190117847
0,0.0354382308692046
0,0.0351929953980457
0,0.0348935509160125
0,0.015218847853635
0,0.0100117146042137
0,0.0358310983767212
0,0.0325533200459363
0,0.0183846154505981
0,0.0353127855265571
0,0.0347975590408832
0,0.0350655085988277
0,0.0347589127022746
0,0.0018494968805026
0,0.0353559366698523
0,0.0349847071016433
0,0.0296914192454765
0,0.0315750824089035
0,0.0348281294439735
0,0.035593042367735
0,0.0300103822654302
0,0.0354390478014226
0,0.0289125947030137
0,0.0348289146194187
0,0.0358402432632566
0,0.0127669120442678
0,0.0356851139267764
0,0.035867539317112
0,0.0197199588892022
0,0.0358571036685703
0,0.0223042458787305
0,0.0146768053264934
0,0.0358300552540315
0,0.0013757453248815
0,0.0251472843564521
0,0.0351816179047108
0,0.0352671358965515
0,0.0352411577643136
0,0.0350290163649602
0,0.0349676802334327
0,0.0358429670020607
0,0.0335180861903502
0,0.0353915959690505
0,0.035328070834599
0,0.0159234187058981
0,0.1465182584622992
0,0.0347809411812402
0,0.0256893824515087
0,0.0229983657402211
0,0.035204384470952
0,0.0313678084744103
0,0.0348587400561896
0,0.0356719477251469
0,0.0351474942618854
0,0.0348158451468023
0,0.712794327477608
0,0.0074867049109097
0,0.0348433653332131
0,0.0288626139051624
0,0.0347457443851549
0,0.0189911065603853
0,0.0352016221478941
0,0.0358456227204127
0,0.2552431786679565
0,0.0055323473726391
0,0.0347946928397444
0,0.0358637595796701
0,0.0348528803107973
0,0.115390874571171
0,0.0132688337347312
0,0.0351684066583271
0,0.0326698180763273
0,0.0353761144213197
0,0.0358577283382685
0,0.0349071506253735
0,0.0351019956669498
0,0.0352997983245724
0,0.0358102658585351
0,0.0135653438327795
0,0.0325572419361029
0,0.0349378519772516
0,0.0155654787125153
0,0.035408065318814
0,0.0349975941783226
0,0.0356589015404074
0,0.035769784890551
0,0.034963053498749
0,0.0039587772494925
0,0.0209201752367572
0,0.0355896831591255
0,0.035411709038981
0,0.0359112778051774
0,0.0358012125586596
0,0.0079865260281686
0,0.0165672126948693
0,0.0056489193167155
0,0.0317540521280929
0,0.0038202316336896
0,0.0358789327602775
0,0.0184957437916618
0,0.0358226373498945
0,0.03587841769312
0,0.0014390273082186
0,0.0358580608149087
0,0.0190352973736364
0,0.0351072841692534
0,0.0031594879229372
0,0.0358280109066576
0,0.035806547113776
0,0.0338117493114979
0,0.0357039850256441
0,0.0357018577114906
0,0.0352332030185873
0,0.0350603695864042
0,0.0867433662050205
0,0.0017703507349976
0,0.0351193328560195
0,0.0174245909169623
0,0.0235103193433601
0,0.0185659053039373
0,0.0200359854569603
0,0.0348789351831158
0,0.0317447783992681
0,0.0084929684249734
0,0.0347895211724151
0,0.009445750860982
0,0.0350186125728402
0,0.0257617460579999
0,0.0354252791298244
0,0.0350382309658497
0,0.0349803947138124
0,0.0354609847048928
0,0.007577231505202
0,0.0347819191716294
0,0.0279108427866595
0,0.0347827729347712
0,0.0265593554063981
0,0.0089154168809918
0,0.0219021151693004
0,0.0353943493779023
0,0.0242938486382879
0,0.035820988638526
0,0.0352297346130877
0,0.0357277059287437
0,0.0053819798115475
0,0.0357734878280494
0,0.0230600253216075
0,0.0254912838364829
0,0.0349716060906377
0,0.034837839808733
0,0.0349854948641174
0,0.0347999914929586
0,0.0349768413880944
0,0.0261539486692667
0,0.0350668837377088
0,0.0239925050576869
0,0.0138974710677156
0,0.0036711809784198
0,0.0352230274550344
0,0.0203673608522444
0,0.01603972614221
0,0.0356008902359725
0,0.0350707857758804
0,0.0358551834170705
0,0.0539261415465975
0,0.0358157458236177
0,0.0172900942675735
0,0.0088997966041393
0,0.0348400165340881
0,0.0011192046842542
0,0.0358018249094888
0,0.0189632921148709
0,0.0214648504657617
0,0.0162628310781061
0,0.0354767543085775
0,0.035502818259491
0,0.0356791503184231
0,0.019220500272248
0,0.0352379992938685
0,0.0358412060734536
0,0.0101294173409098
0,0.0292259156101594
0,0.0355532924022962
0,0.0348910958704718
0,0.0347866976931141
0,0.035831688376076
0,0.0348322721170089
0,0.035372234775079
0,0.0349049343752859
0,0.0352265458479262
0,0.0095170074053981
0,0.0333650679565451
0,0.0266845546548522
0,0.0088896849386609
0,0.0651295265166262
0,0.0358861281598902
0,0.0214690130037492
0,0.0237651212119095
0,0.0348895226099098
0,0.0253417052766742
0,0.0349113143551734
0,0.0350185760545743
0,0.0272197912801048
0,0.0340876130671452
0,0.0357677415274661
0,0.035857912944516
0,0.0060816520737436
0,0.0297278863532282
0,0.0352794130478779
0,0.0347865302115115
0,0.0357305329929351
0,0.0333736703484231
0,0.0030907772641359
0,0.0347846206792569
0,0.0356063745455434
0,0.0358357867709795
0,0.0270188019729522
0,0.3081949330453782
0,0.0346891517519269
0,0.0348004155567458
0,0.0012940679339916
0,0.0348089209495407
0,0.0327729848497292
0,0.0357808315865055
0,0.0350222275010075
0,0.0164802138718997
0,0.0209849156128324
0,0.0355973692986674
0,0.274687968888213
0,0.0046193405731365
0,0.0261771056461901
0,0.0065194240488448
0,0.0352106024296229
0,0.034837536235185
0,0.0358564379888383
0,0.0172230735020971
0,0.0273815561598025
0,0.034873318807282
0,0.0302517141094338
0,0.0353196833754458
0,0.0357938639579729
0,0.0170124932105359
0,0.0344612461267428
0,0.0356851488983971
0,0.0350914674734129
0,0.019953949637902
0,0.0355695358905689
0,0.0357054101241126
0,0.0348285737258548
0,0.0353447305503387
0,0.0072024162240779
0,0.0355213104275689
0,0.0349381507885454
0,0.0349072176128455
0,0.0103805849015709
0,0.0357218945537191
0,0.0358418312420073
0,0.0351187341854976
0,0.0259635622396052
0,0.0358315154821515
0,0.0128909374959083
0,0.0349629089291892
0,0.0159772562335224
0,0.0255278134103509
0,0.0350176177324297
0,0.0358300262875692
0,0.0115208417892323
0,0.0354761020027089
0,0.025017443025795
0,0.0180729729356254
0,0.0355459549224253
0,0.0355719472116314
0,0.0355768225990437
0,0.0352427559951899
0,0.0356910506942982
0,0.0355718272540832
0,0.0212518460389571
0,0.0349595319900589
0,0.0077050919552059
0,0.0345359384147525
0,0.0348754806304712
0,0.0357530243026448
0,0.0031922885424436
0,0.0114967955992531
0,0.0353693707247326
0,0.0357680755119504
0,0.0043664019169327
0,0.0356758562337944
0,0.0034108783107057
0,0.0357256022576884
0,0.0275932895609434
0,0.0350319267560553
0,0.0311389435825204
0,0.0358281685938449
0,0.0247752150882575
0,0.0348751671029282
0,0.0357818019189833
0,0.0348029339420578
0,0.0208360540715901
0,0.0356483713915507
0,0.0358690911359
0,0.0004891819563683
0,0.0358395297256266
0,0.0025414350557029
0,0.0358577967354172
0,0.0091568523426068
0,0.0358326572189866
0,0.0201963578348491
0,0.0352896888704252
0,0.0007992089733398
0,0.0312228726326127
0,0.030713110841368
0,0.0023822454834426
0,0.0351366711647259
0,0.034894197824658
0,0.0350358268198037
0,0.0079115080646484
0,0.0349282538570923
0,0.0349294570657721
0,0.0327353781648939
0,0.0358508072219719
0,0.0389009627990096
0,0.0088298973209268
0,0.0358705951567792
0,0.0356873742302114
0,0.035015006993769
0,0.0312370893242735
0,0.0314034454431113
0,0.035699312966893
0,0.0150623965891117
0,0.0318004381844324
0,0.0354181292183435
0,0.0358449134609458
0,0.0357664394638063
0,0.0175093954515946
0,0.0345416653360132
0,0.0040616795037705
0,0.0347814691395642
0,0.0389734090135179
0,0.0347987705919866
0,0.0334232908775827
0,0.0348058343130605
0,0.0356358917065414
0,0.0348896751280682
0,0.0348063952367961
0,0.0164447920941694
0,0.0347688859786978
0,0.021666261551244
0,0.0348049873514297
0,0.0356324709553777
0,0.0353136864551175
0,0.0354627161202571
0,0.0018796070639731
0,0.0358625245345808
0,0.0684954367642462
0,0.0100911432754108
0,0.0232399751851875
0,0.0358484900559472
0,0.0320449133475098
0,0.013529918146178
0,0.0077724298487902
0,0.0356779455385533
0,0.0266885205597137
0,0.0356475200108719
0,0.0356828205149383
0,0.034782801203486
0,0.0358534590609925
0,0.013723425850846
0,0.0348461020049586
0,0.035184512170775
0,0.0355537930505256
0,0.0354731390949696
0,0.0209923763471196
0,0.0072827956395564
0,0.0005262852253418
0,0.0352807922316011
0,0.0352906470290974
0,0.0342284887448418
0,0.034788729329825
0,0.0358671251742251
0,0.0360419625289376
0,0.0016007557427295
0,0.0169717456223353
0,0.0350199137700714
0,0.0358499745759579
0,0.0355463041085904
0,0.0347952005631124
0,0.035119524168628
0,0.0351497734371874
0,0.0357490356315346
0,0.0350500300271519
0,0.0343249067773214
0,0.0350836984841713
0,0.0277827787839617
0,0.0358551655800886
0,0.0347868888089208
0,0.0358369028187832
0,0.0357941305286277
0,0.0357583048506675
0,0.0357152062632638
0,0.0272912149748342
0,0.0358457632964898
0,0.0353686965618431
0,0.0019690991813747
0,0.0063219889720737
0,0.0353483496417967
0,0.0356329614188529
0,0.0491965701929902
0,0.0352748361882746
0,0.0183062577288428
0,0.1431530008656975
0,0.0352785515235964
0,0.0354476232392315
0,0.0355734531103021
0,0.0357812204423268
0,0.0349488754660489
0,0.0358550464591025
0,0.0349459841690717
0,0.0242820300955795
0,0.0355675887960229
0,0.0331680208182884
0,0.0354615543877205
0,0.0345572144382185
0,0.035714244912169
0,0.0357041286323121
0,0.0253785683344943
0,0.0343268314346129
0,0.0348245396890376
0,0.0358473585231784
0,0.0348090681240235
0,0.0345184049919094
0,0.0347945603563015
0,0.0086941430398175
0,0.0151029385391521
0,0.0351159915250178
0,0.0358227777251563
0,0.0358362140399378
0,0.0348318163538045
0,0.0358412347927633
0,0.0349706256641813
0,0.0348391683990591
0,0.035852804707923
0,0.0352760157361055
0,0.034907279892648
0,0.0129422808381319
0,0.029730093316486
0,0.0356644978881575
0,0.005862380647592
0,0.0251607448892986
0,0.0322847828443267
0,0.035057541852899
0,0.0354579750754824
0,0.0284716607733608
0,0.0348210253986498
0,0.0298840232018902
0,0.0357512325874812
0,0.0356082863745277
0,0.0356373239835014
0,0.0350820352925145
0,0.0049166980673194
0,0.0348171649694772
0,0.0358046990802444
0,0.0356065364569154
0,0.027589183590923
0,0.0347843444375206
0,0.0357437978886245
0,0.0298028015076934
0,0.0290526202588496
0,0.0349123942087661
0,0.0349261349879016
0,0.0347993222096037
0,0.0342503740742169
0,0.0355300098453441
0,0.0358530508418544
0,0.0351758000097051
0,0.0356148743747613
0,0.0352440232113625
0,0.005653788361593
0,0.0352667711603573
0,0.0358563831593247
0,0.0109818706355833
0,0.0153170820268954
0,0.0354559796376586
0,0.0354803123666183
0,0.034911979706343
0,0.0352473103120894
0,0.0358483056940115
0,0.001155431000141
0,0.0351332198391992
0,0.0326251902645224
0,0.0357071540410608
0,0.0354695810825439
0,0.0348301887169192
0,0.0288718850126557
0,0.0348926284386294
0,0.0140794989212445
0,0.0460031531503302
0,0.0358545556249418
0,0.0353367951493617
0,0.0167146447829178
0,0.0350108464668212
0,0.0350112892878464
0,0.0356827852924266
0,0.0356017413736918
0,0.0348278543090742
0,0.0357080828085572
0,0.0359064341581734
0,0.0750134824940983
0,0.0134642575404663
0,0.0358403311336826
0,0.0358668990729477
0,0.0160166000325597
0,0.0111195014554889
0,0.0247494675593184
0,0.0351653040457618
0,0.0143517262728323
0,0.0355154438190029
0,0.0347987212461938
0,0.0087402594876164
0,0.0108181152490176
0,0.0351739939055939
0,0.0208016317191183
0,0.0358133381979539
0,0.0113142108955743
0,0.0351062289948939
0,0.0081532067804458
0,0.0358567825469167
0,0.0135944761673938
0,0.0352560234595962
0,0.0023783118479479
0,0.0358593920655419
0,0.0172605402547769
0,0.0114278977375552
0,0.0357675096747896
0,0.0136960860642755
0,0.0014871746833358
0,0.0358433626051315
0,0.0350668837377088
0,0.0236392918414401
0,0.0358623970739616
0,0.0348211280866135
0,0.0167660629712309
0,0.0356566467035759
0,0.0348203921969796
0,0.0348340245990547
0,0.0358722177305396
0,0.0358580725427808
0,0.0348254180532262
0,0.0351120959257665
0,0.0061999898039142
0,0.0021848317299465
0,0.0351353104398995
0,0.0351821557038689
0,0.0347999506518936
0,0.0345721725625136
0,0.1378635602164725
0,0.0348210401745112
0,0.0358501505954144
0,0.031975079558864
0,0.0355744953647905
0,0.0348624592897578
0,0.0129990375210449
0,0.0063060544306278
0,0.0065318969146539
0,0.0357987151822295
0,0.020265067241572
0,0.0353068797989908
0,0.034788054396166
0,0.017910320482367
0,0.0094037098766721
0,0.0358074059336334
0,0.0328893136929047
0,0.0083855163932635
0,0.0349194877788167
0,0.0197308633698837
0,0.0025921558885928
0,0.0130788386482015
0,0.0395743420700516
0,0.0215573133716876
0,0.0357106355377296
0,0.0347867065971983
0,0.0357022273059662
0,0.0124429970646285
0,0.0356621284299816
0,0.0348280571145219
0,0.0154152752813807
0,0.0333554044923955
0,0.0180932122946895
0,0.0357445594478597
0,0.0351048926842317
0,0.0098480613059927
0,0.0033371983090064
0,0.035748797875715
0,0.0354305610033134
0,0.0175300258324508
0,0.0347951987447942
0,0.0354419508014154
0,0.0051960640445386
0,0.0335460155366322
0,0.0348288187402475
0,0.0352844339516534
0,0.0348382650678786
0,0.0351570230447769
0,0.0356141913713544
0,0.0347814822845126
0,0.0348590603279901
0,0.0259611229659215
0,0.0358545136240425
0,0.5308328541214665
0,0.034901965422036
0,0.0347917650912437
0,0.034804034818249
0,0.011203913155522
0,0.0349197291741197
0,0.0351033357367319
0,0.0354514989651302
0,0.035515469688485
0,0.0347841418761884
0,0.0348026742236883
0,0.0349590719197619
0,0.0329575242314485
0,0.0125949218514191
0,0.0358103274488303
0,0.38793829130661
0,0.0350109765892238
0,0.0256297653360588
0,0.0347709046882123
0,0.0018135146122143
0,0.0349621676026147
0,0.0358092844006567
0,0.0348113378818086
0,0.0355786222055452
0,0.0356675062380106
0,0.0352453909193128
0,0.010658088575556
0,0.0358261597639037
0,0.0358084773282322
0,0.0271912595559208
0,0.0841539336745877
0,0.035198080941723
0,0.0349744348867732
0,0.0347984523781266
0,0.0032595423221796
0,0.0349063794070236
0,0.0347820619865551
0,0.0347807120274533
0,0.0299883934253823
0,0.0358339471564832
0,0.035006673389026
0,0.0319951502084749
0,0.0348442716843907
0,0.0356053047018771
0,0.034802037477721
0,0.0357219800200303
0,0.0186801828596141
0,0.0123775661749241
0,0.0348154026960318
0,0.0320425210632571
0,0.0347893687919975
0,0.0355381660362374
0,0.0358578329823395
0,0.0325672776391545
0,0.0355770286258202
0,0.0347992901969261
0,0.0351004576381391
0,0.0114817426398628
0,0.0358667245244057
0,0.0356143109765267
0,0.0347908603673435
0,0.028338657511588
0,0.0352095087743537
0,0.0022884120387195
0,0.029507018972678
0,0.035673060026828
0,0.0352355160155759
0,0.0352919155172332
0,0.0349048341140714
0,0.0349402753485719
0,0.035479202772444
0,0.0357873420615052
0,0.0352350108437969
0,0.0350473030468771
0,0.0010810305765529
0,0.0356750721842051
0,0.0351663386444527
0,0.0029461889037163
0,0.0358606962001802
0,0.024475508716017
0,0.0346547383107326
0,0.0221080806086681
0,0.0404877619261296
0,0.0347739137228694
0,0.0357780967966739
0,0.035311521505589
0,0.0356824477204862
0,0.0263505905633031
0,0.0227369703365245
0,0.034818882174649
0,0.0353903353313883
0,0.0150370428283958
0,0.0357155768009761
0,0.0350104985694898
0,0.035232372857214
0,0.0031822196107866
0,0.0358479509944979
0,0.0051161447641231
0,0.0348955010616111
0,0.0347895660694965
0,0.0190683507304685
0,0.0355514021237455
0,0.0357553823195075
0,0.0350141708528558
0,0.0055019574103041
0,0.0349683453923584
0,0.0356276429477557
0,0.0348336233976689
0,0.0352618477855844
0,0.0353201178651528
0,0.023281480623701
0,0.0148228189245167
0,0.0355333490073552
0,0.013812282442589
0,0.0319382552886457
0,0.0354603080434967
0,0.0358255610465828
0,0.0349683217030956
0,0.0351724535645299
0,0.0356799482536001
0,0.0354877130362405
0,0.0251196155139166
0,0.0351094783085875
0,0.0186234266266732
0,0.0351515367680585
0,0.0357994182238569
0,0.0352937943536267
0,0.0312143271919919
0,0.0357322356101295
0,0.0347872765826534
0,0.0353816578145651
0,0.0352031307884778
0,0.0356517862914751
0,0.0330408300089393
0,0.0118714168971629
0,0.0203179224092939
0,0.0356058962600366
0,0.0117214677606004
0,0.0348120821389262
0,0.0218777370419718
0,0.0100221849825896
0,0.0348211782995972
0,0.03582632099295
0,0.0348058949333367
0,0.0085007261338945
0,0.0317598879613159
0,0.002542703544386
0,0.0347971939306924
0,0.0137538072376633
0,0.0353830393856413
0,0.0357492136170605
0,0.0349179729649416
0,0.0350081394523475
0,0.0348272601137108
0,0.0357145035526058
0,0.0349591560119266
0,0.1187179039910343
0,0.0347885728596441
0,0.0329264578506637
0,0.0358567311061738
0,0.0347838143233389
0,0.0315865509587101
0,0.0335667984806344
0,0.0354540488935767
0,0.0207194345807192
0,0.0350271299377066
0,0.0340460509447767
0,0.0357923974912211
0,0.0357249087533876
0,0.0349543265200394
0,0.0356439980077211
0,0.0358058342380729
0,0.0300758504148337
0,0.0348993033493799
0,0.0337134559208436
0,0.0081026240296294
0,0.0118858493648575
0,0.0355311187241867
0,0.0352386152872575
0,0.0357860750952856
0,0.0358463451218686
0,0.0358611091370953
0,0.0347875513563802
0,0.0347923072721504
0,0.0066597256438214
0,0.0357594292128972
0,0.0355214778375277
0,0.0352948150638014
0,0.0348562704580979
0,0.035075219200084
0,0.0356730952132578
0,0.0356140440071849
0,0.035721546640345
0,0.0353449082053334
0,0.0355841020666628
0,0.0356466752003328
0,0.0347832748556458
0,0.0348820324877757
0,0.035841475244426
0,0.0356378687336804
0,0.0326942089494979
0,0.0347930698411246
0,0.0349491609281516
0,0.0348273064432078
0,0.0349812185311656
0,0.0353956979276966
0,0.0122838549703492
0,0.0353142822388006
0,0.0350287649837617
0,0.0348938754814037
0,0.0347772513453054
0,0.035046315027609
0,0.0351956792756199
0,0.0355759707721941
0,0.0161020072743924
0,0.0357126067934876
0,0.0347855797102639
0,0.015584799168585
0,0.0242688572241206
0,0.0357999627423412
0,0.0201199530359172
0,0.0351385690846762
0,0.0325122925420332
0,0.0358164901128728
0,0.0033936014284016
0,0.0033765794068853
0,0.0347842187147106
0,0.0354753477574173
0,0.2631080554036004
0,0.0350874013616584
0,0.0354553177230636
0,0.0348043439365646
0,0.0355753414512486
0,0.0194803853443003
0,0.0357148788264773
0,0.0353016716594832
0,0.0337500247229128
0,0.0435040137008241
0,0.0351245467309326
0,0.0262865807948382
0,0.0245533884539134
0,0.0356569014998483
0,0.0357123663051658
0,0.035032420133091
0,0.0207402436918163
0,0.0348646205117552
0,0.0220041436582288
0,0.0358529586333821
0,0.0348451153096644
0,0.0251051456050784
0,0.0356320272110234
0,0.0353474198922825
0,0.0348061419722403
0,0.7297502257063411
0,0.0054527260798645
0,0.0358566272733058
0,0.0074351863188304
0,0.0440611024037847
0,0.0348861188854476
0,0.0356309495955637
0,0.0351448613570876
0,0.020856107521109
0,0.0193270051266989
0,0.035523495024997
0,0.023852685390088
0,0.0266065328480346
0,0.0194353999471439
0,0.0175585283580966
0,0.0358306322115058
0,0.0080882773603184
0,0.0118319377589001
0,0.0024149993028877
0,0.0352809829540582
0,0.029444096151781
0,0.0354390349972009
0,0.0357075164472642
0,0.0052305312358419
0,0.0357661000719454
0,0.0356065332272907
0,0.0242807715335733
0,0.0350483769120317
0,0.0347847450874108
0,0.0148204637689636
0,0.0173080039850832
0,0.0349283828071192
0,0.0348939108603338
0,0.0358024269779543
0,0.0347984075889431
0,0.0356143652575233
0,0.0349942277835913
0,0.0276801277281881
0,0.0145393806934651
0,0.035458158109347
0,0.034860618269319
0,0.0289121058082823
0,0.016258966495117
0,0.0291903644928649
0,0.0018926319300547
0,0.0262864288142118
0,0.0338719268564801
0,0.0311050199429494
0,0.0345020400344852
0,0.0356180559159897
0,0.0358288763758414
0,0.035209052077862
0,0.0351622691244179
0,0.0350358451449309
0,0.0211719265742256
0,0.0348861898692558
0,0.015310266700174
0,0.0245292403218551
0,0.0358576467257471
0,0.0353957324704513
0,0.0330283090350425
0,0.0194602010357486
0,0.0357771406720673
0,0.0349531247368747
0,0.0351483558511698
0,0.0361764971712608
0,0.0352776580985659
0,0.0356300244888017
0,0.0347819191716294
0,0.0358625312997343
0,0.0151892542919146
0,0.0357615179093892
0,0.0343752839147782
0,0.0357706725761034
0,0.0272296515312436
0,0.0297285620857219
0,0.0348137254434852
0,0.0356094693321163
0,0.0348311465259101
0,0.0076162307963267
0,0.0267650825740807
0,0.035132836027977
0,0.0090473214048251
0,0.0330205833229811
0,0.0059061196918664
0,0.0356362776359278
0,0.0355057888354977
0,0.0238583547068466
0,0.0348389540109778
0,0.0352042974932463
0,0.0221216552219107
0,0.0354040604760579
0,0.0029839833709322
0,0.0040592671504155
0,0.0357368457962159
0,0.0355375902985812
0,0.0352484249230129
0,0.0218616843979477
0,0.0156956824568994
0,0.0044370298031156
0,0.0588047692760746
0,0.0004224112736618
0,0.0353482048097038
0,0.0282585185851047
0,0.0356082099894089
0,0.0232180812623475
0,0.0264520189677034
0,0.03582632099295
0,0.0355413915957393
0,0.0358606026545716
0,0.0298560244321738
0,0.0350907185236066
0,0.0356165861161948
0,0.0186460806155466
0,0.0093119611892807
0,0.0355579898860167
0,0.0269015256332247
0,0.035066480371129
0,0.0348178907217622
0,0.006800081745718
0,0.0522851913295504
0,0.0011827148861429
0,0.012819838739185
0,0.0357953213917772
0,0.0010376204531408
0,0.0348188343831146
0,0.0351126518677957
0,0.0043060168368225
0,0.0308839333856197
0,0.0024108189593112
0,0.0357639912101301
0,0.0350026447919954
0,0.0148042769878548
0,0.0347944838744692
0,0.0355510600504668
0,0.035537997602423
0,0.0340316488314335
0,0.0356359859839392
0,0.020733882881306
0,0.0348184929693855
0,0.0348798275260446
0,0.0141908789413703
0,0.0354596664547661
0,0.0358420687839138
0,0.0261845785883415
0,0.0140306567955395
0,0.0353618528185561
0,0.020604536229778
0,0.033319814592868
0,0.0028867885016049
0,0.0084213127312539
0,0.0206748551035146
0,0.1218980435777657
0,0.0349393323533069
0,0.0257981108854232
0,0.0350914444833463
0,0.0334423370648091
0,0.0348377405601439
0,0.0138872420104151
0,0.1118741173861292
0,0.0350988217819925
0,0.0064757975106624
0,0.0310756426420056
0,0.0357364682472704
0,0.0348840030319845
0,0.0355411090092131
0,0.035690891796817
0,0.035566199449942
0,0.0348647741491821
0,0.0358050736862523
0,0.0352019151276579
0,0.0320958193216407
0,0.0119202947730613
0,0.0290452195856348
0,0.0348999784448636
0,0.0295789112335445
0,0.0300710095223679
0,0.0353260312066983
0,0.0352467861156407
0,0.0356332396922952
0,0.0358743221985632
0,0.0358906694086284
0,0.0354748015155633
0,0.0358111695010536
0,0.0358663236244195
0,0.0581158539249394
0,0.0336581572646956
0,0.0355354447525417
0,0.0347846834635145
0,0.0347823939834716
0,0.0358415159333332
0,0.0347804918683769
0,0.0347971232672438
0,0.0352639123160252
0,0.0353135074773502
0,0.0357863998572319
0,0.0209314459188626
0,0.0355475717231223
0,0.0079348318582142
0,0.0357176501978274
0,0.0347827184495461
0,0.0352181123589431
0,0.0347884546662256
0,0.0351957935678591
0,0.0358380468098115
0,0.0351665325177245
0,0.0204795624059598
0,0.0332109953366647
0,0.0353963910549088
0,0.0022360207638722
0,0.0353589613454366
0,0.0165914726390735
0,0.0315613048499902
0,0.0350553306657836
0,0.0356616202910607
0,0.029321328267137
0,0.0348049278921707
0,0.0174233025947267
0,0.0017288657768943
0,0.8359662165543067
0,0.0357979657883063
0,0.0347961814132865
0,0.0349755426842767
0,0.0356483598530256
0,0.0320507652116913
0,0.0356816523939646
0,0.0345819854406893
0,0.0069850822874595
0,0.0128543704864356
0,0.0356935875030326
0,0.0353096768531636
0,0.0353564316793845
0,0.034865291130679
0,0.0348745497761449
0,0.0357308475577831
0,0.0355755111422026
0,0.0356122506149479
0,0.0089988004020305
0,0.0273946515867366
0,0.0348680991432662
0,0.0147839010580799
0,0.0354419479131731
0,0.0352508516732189
0,0.0352612069631579
0,0.034542942354203
0,0.0349183241231894
0,0.0358816075053853
0,0.0358460744472581
0,0.0164944181429362
0,0.0349791096459416
0,0.0122998026933552
0,0.035449940761563
0,0.0350231446644465
0,0.0350030896676089
0,0.0358337323158804
0,0.0358663763361465
0,0.0312354930215793
0,0.0349692786411377
0,0.0354917493523844
0,0.0347830552966184
0,0.0282529509403417
0,0.0349118942412465
0,0.0247442699421308
0,0.0159487100945756
0,0.0357193741288439
0,0.0358666778281211
0,0.0303372415616691
0,0.0351316253247922
0,0.0358481641309319
0,0.0352509540312799
0,0.0023613252099245
0,0.0023220520408207
0,0.0347980795901062
0,0.0358529039584248
0,0.0351411326424655
0,0.0136317968066177
0,0.0309371543887294
0,0.0350922866550581
0,0.0165410621553011
0,0.0358221117815469
0,0.0352758677099654
0,0.035651000888672
0,0.0352326071136854
0,0.0134599658583309
0,0.035864871719379
0,0.0269292001000295
0,0.035515469688485
0,0.0260681478764182
0,0.0101913502090744
0,0.0077867808850017
0,0.0099909847157855
0,0.0357896705340848
0,0.0355244164986183
0,0.0032520717852711
0,0.0070388209625723
0,0.0358401300651592
0,0.0353135939636498
0,0.0357535401915941
0,0.0203852198141153
0,0.0351422568716555
0,0.004616608454653
0,0.0322053670524439
0,0.0357576538599788
0,0.0351763266405543
0,0.0357201827714082
0,0.026974559498965
0,0.0354695233049368
0,0.013849116672397
0,0.0350364088793357
0,0.0353778111381737
0,0.0351212760311159
0,0.0358805690202279
0,0.0088538987867163
0,0.0355093072680802
0,0.0349998615057742
0,0.0351509575446874
0,0.0350156479704401
0,0.0031459204083701
0,0.0357853349456068
0,0.0349160660500204
0,0.0358587403103657
0,0.034951213319956
0,0.0237178325086536
0,0.0351225115340333
0,0.0354660115610952
0,0.0347801422721449
0,0.035319901177372
0,0.0354249357555198
0,0.034921798278621
0,0.035066480371129
0,0.0349253682071439
0,0.0126574185374592
0,0.0350658042065516
0,0.0305507772325261
0,0.0347816257520832
0,0.0356828838382742
0,0.005935228999954
0,0.0348425526802334
0,0.0151327556582911
0,0.0358132351744368
0,0.0087440252017453
0,0.0104764281188318
0,0.0348183226302532
0,0.0133688912889676
0,0.0348297475759735
0,0.0354342221394654
0,0.0021120869048201
0,0.0265939331658454
0,0.0358777415666123
0,0.0353198610032239
0,0.0353466515984164
0,0.0357346105557502
0,0.0039467550963582
0,0.0350308054822964
0,0.0353135306375543
0,0.0347985144289464
0,0.0347857276178418
0,0.0353197890685973
0,0.0095239488914759
0,0.0347831437588729
0,0.0358334768944389
0,0.0349945186072807
0,0.0366351477344959
0,0.0349197120266949
0,0.0035843370058074
0,0.0321999378051392
0,0.035188965805665
0,0.0068096432419584
0,0.0356685575055058
0,0.0358745868842526
0,0.0354869240016201
0,0.0348009676845421
0,0.0355027390117295
0,0.0231791968207317
0,0.0147508061237966
0,0.0358510274316425
0,0.0018835026981709
0,0.0175711361581599
0,0.0352897388748219
0,0.0358634564141017
0,0.0077138632034055
0,0.0357908746751702
0,0.0049468105599875
0,0.0355511120946895
0,0.0357138047653768
0,0.0349012173301137
0,0.0127176526946468
0,0.0057095621675632
0,0.0356080171882883
0,0.0196301852952503
0,0.0225672319596328
0,0.0094464183924918
0,0.0352392652590609
0,0.0347956500924355
0,0.0026037993227612
0,0.0348404511818233
0,0.0322037735492658
0,0.0355146598133631
0,0.0353385134870998
0,0.0348292796651346
0,0.0353157863558321
0,0.0356245983274041
0,0.0350189240013124
0,0.0352199584970388
0,0.0357797117858087
0,0.0006467442316297
0,0.0155510443133437
0,0.022921688445485
0,0.0356101928551205
0,0.0347646233640775
0,0.0338897380632647
0,0.0357575100616787
0,0.0349777329430537
0,0.0348747651106123
0,0.0358872551397082
0,0.0349291317194213
0,0.034902460965369
0,0.031621695155801
0,0.0358236783396203
0,0.0350073203195993
0,0.0215355677521724
0,0.023245238583481
0,0.0356082183315871
0,0.0186685647258792
0,0.0355157966368247
0,0.0057502062697222
0,0.0358335411038624
0,0.019399739373296
0,0.0347645685413045
0,0.0347868498703769
0,0.0357385828067843
0,0.030300579047421
0,0.0355600656795251
0,0.0350075721746956
0,0.0357272506619886
0,0.0349154338220254
0,0.0356694448036714
0,0.0011413324574585
0,0.0898307775371717
0,0.0138022107998677
0,0.0358289851827999
0,0.0318102197623697
0,0.014559858481441
0,0.0348550882928738
0,0.0346969160370156
0,0.0197615855712175
0,0.0058680829953719
0,0.1266624365472805
0,0.0301034383884538
0,0.0357721916489684
0,0.0823036315688828
0,0.0280955046154626
0,0.0055830326015973
0,0.0202063570179765
0,0.0263170504659461
0,0.0352505494029076
0,0.0339171434577541
0,0.0178288480355482
0,0.0142888531721052
0,0.0354838265912486
0,0.0358543137579746
0,0.035799414720638
0,0.0357248680043741
0,0.0358035671128613
0,0.0334256160669498
0,0.0060707714643
0,0.03493759515584
0,0.02628480055783
0,0.0347946783915141
0,0.0349976962152947
0,0.004641111150546
0,0.0243366690217306
0,0.034822868666719
0,0.0357440652715126
0,0.0355744384161772
0,0.0072764442513891
0,0.0353764870003441
0,0.0338424012649548
0,0.0358529654166437
0,0.0353080002196706
0,0.2412696891051163
0,0.0317858465358746
0,0.0349382826830153
0,0.0358246367431442
0,0.0415099787838484
0,0.035139243163354
0,0.0291008988900274
0,0.6440935505098857
0,0.0352297450905543
0,0.0358463960130288
0,0.035593657664934
0,0.0349267497871245
0,0.0356228825756342
0,0.0200246744145154
0,0.0082945930787504
0,0.0355058547780206
0,0.0358360532446691
0,0.0353119033225256
0,0.0344042690634962
0,0.0350274403529881
0,0.0134638611918999
0,0.0117762941157052
0,0.0061360629933618
0,0.035240814213461
0,0.0267601498402071
0,0.034955847248334
0,0.03578949016924
0,0.0349006744915237
0,0.0347878637323467
0,0.0356428360912775
0,0.0355064188604117
0,0.0035371467035445
0,0.0308018493541769
0,0.0351904854492055
0,0.0351688026720772
0,0.0110509034382034
0,0.0348230052166781
0,0.0352497967262204
0,0.0348229505809839
0,0.0357916092808684
0,0.0351016312443479
0,0.0296516686050497
0,0.0347930819603679
0,0.0351505519692348
0,0.0355511812088533
0,0.0242025458842849
0,0.0353877414425581
0,0.0349079754699711
0,0.0353992115724194
0,0.0347807043494026
0,0.0244652231948201
0,0.0348189527871419
0,0.0094572754721233
0,0.0327650416439514
0,0.0078213934100668
0,0.0328466420639042
0,0.0348496089341085
0,0.0223205429520104
0,0.0353497969313359
0,0.034913698177824
0,0.0352553954327967
0,0.0347968381860259
0,0.0350600826112797
0,0.0008977413896701
0,0.0076708928713078
0,0.0355346588644346
0,0.0347965584356779
0,0.0348322228461706
0,0.0358618738988026
0,0.0353104892706775
0,0.0347867980168331
0,0.035467795248721
0,0.0349581038194026
0,0.0286859373815193
0,0.0112324539284234
0,0.0074530446835483
0,0.0352009165911823
0,0.0351865873716264
0,0.0163614249728967
0,0.0356010866089611
0,0.0273988872387595
0,0.0358582717864037
0,0.0210788636909064
0,0.0116652857262329
0,0.0357217031908228
0,0.0133347437709447
0,0.0021343299466595
0,0.0348738307898145
0,0.0354965010264713
0,0.0356759170831852
0,0.0348276151847318
0,0.0355972412832786
0,0.0313457721398139
0,0.0251396242095251
0,0.0144707545517838
0,0.0357909871198605
0,0.0354343668273335
0,0.0231872002083931
0,0.0346806437935377
0,0.0358672034455345
0,0.0347645070452311
0,0.034879599018675
0,0.0356016013574094
0,0.0352556670574139
0,0.0353926572724172
0,0.0358531118486705
0,0.0348973430074249
0,0.0276243170103376
0,0.0349244859990496
0,0.0054282731130968
0,0.0356922758726159
0,0.0347838658618284
0,0.0357733601986616
0,0.0358333464761587
0,0.0225136449678365
0,0.0356148330977886
0,0.0357485191619467
0,0.0353968507436982
0,0.0349876175343464
0,0.0263735060774153
0,0.0354641279607662
0,0.0360321539767746
0,0.0332636583186968
0,0.0350484668939126
0,0.0351325156251978
0,0.005456420912998
0,0.0134619828253065
0,0.0356254916965064
0,0.0348268668504083
0,0.0348002310362886
0,0.0347693418228448
0,0.0354049281135679
0,0.0350677904641702
0,0.0001434162945764
0,0.0356341990321984
0,0.0120137089567702
0,0.027782375285122
0,0.0273917541379775
0,0.0352760713095192
0,0.0346949819626705
0,0.0356236085880226
0,0.0353119124262262
0,0.0358418089119631
0,0.0358069734701411
0,0.0356191184221405
0,0.0348669607218708
0,0.0357601616824945
0,0.0358527729268463
0,0.0257720130571817
0,0.017803161238249
0,0.0041271386770932
0,0.0349786883897511
0,0.0358219193847935
0,0.0103362410207087
0,0.0353726913825392
0,0.0356397429572697
0,0.031699759095924
0,0.0354126666622537
0,0.0356208141955763
0,0.0295236117687461
0,0.0337113305935185
0,0.0114718806323567
0,0.0348190516852619
0,0.0354973455996491
0,0.0069747172046496
0,0.0291167907707183
0,0.0280816445535055
0,0.0096781061417953
0,0.03557439795776
0,0.0353548329271816
0,0.0348032939398003
0,0.0351078445159256
0,0.0338295580045881
0,0.0358170429104587
0,0.0104399029589711
0,0.0018237022163002
0,0.0348023674696683
0,0.0285003083413801
0,0.0347895978668719
0,0.0188729049634775
0,0.0245203148063566
0,0.0136074153102872
0,0.0212721367947948
0,0.034972289748865
0,0.0202734013666629
0,0.0184296029761745
0,0.0015582085097061
0,0.0356474251129059
0,0.0336307425960037
0,0.033859766220061
0,0.0358577430048086
0,0.0099691650675288
0,0.0356077327218134
0,0.029767479510484
0,0.035887588552278
0,0.0351504010804941
0,0.0353798679834192
0,0.0355701714250821
0,0.0271228692570674
0,0.0357077876183123
0,0.0170978530834708
0,0.0353570230434825
0,0.0357319758746106
0,0.0348939102114437
0,0.0357844146830114
0,0.0357727063641933
0,0.035607383906032
0,0.0358673383584666
0,0.0357206194517373
0,0.0354120022504521
0,0.0358450064575611
0,0.8359500440852989
0,0.0236644820123388
0,0.0137302643130553
0,0.0164559601481498
0,0.0041984376793401
0,0.0354792177172422
0,0.1078514229774055
0,0.020629597225536
0,0.2779251672131642
0,0.0337802381459209
0,0.0350256525974257
0,0.03575196949507
0,0.0306899388297471
0,0.0036273306791132
0,0.0358459142575708
0,0.0348006582025862
0,0.0348253823606487
0,0.0350235404418505
0,0.0348417889129369
0,0.0179977531928919
0,0.0298339489629853
0,0.0357861547678058
0,0.0323771252569724
0,0.0358229051477257
0,0.0238445403824148
0,0.0355526269220182
0,0.0347854075646887
0,0.0126542988695827
0,0.032883114211057
0,0.0348372520062013
0,0.0011579282404905
0,0.0358342378413983
0,0.0350822765636283
0,0.0350227381400451
0,0.0048914033793166
0,0.0349870446347159
0,0.0298608956450656
0,0.1153458768816192
0,0.0332817505739164
0,0.0139799809745487
0,0.0313906680074107
0,0.0147532777334912
0,0.0358102097390118
0,0.019599834622739
0,0.0347802767213625
0,0.0352613909431912
0,0.0357983614438221
0,0.0354936534915543
0,0.0354721979161083
0,0.0349968482870286
0,0.0356653287167674
0,0.035161205662542
0,0.0081114515530151
0,0.0349349231521266
0,0.035724051370279
0,0.0352231012068903
0,0.0348011538465735
0,0.0098899737273534
0,0.0347787571051678
0,0.0352277392560885
0,0.035249604649562
0,0.0022426052209698
0,0.0347863181252373
0,0.028366246295778
0,0.0348298568216955
0,0.0221330369256156
0,0.0357722088859759
0,0.0019187296860167
0,0.0358684621720616
0,0.0350054281216175
0,0.0350304945763094
0,0.0348948272410915
0,0.0357807295591823
0,0.0079930629489593
0,0.0287928100290529
0,0.0149012328211699
0,0.0348373276066369
0,0.0347697433257516
0,0.0353629234423341
0,0.0035327278604254
0,0.0347919963218324
0,0.0183972794242235
0,0.0354820707593309
0,0.0356242749926776
0,0.0348239188952878
0,0.0356953200563885
0,0.0130822492898886
0,0.0348345345437232
0,0.0353935607345144
0,0.0355697919375918
0,0.0355866660997643
0,0.0163103720984937
0,0.0354169352059912
0,0.0355134188755017
0,0.5349792492001337
0,0.0352427280424128
0,0.0354057863468738
0,0.0358490575697914
0,0.0052289170917528
0,0.0351446661312029
0,0.0348452534608155
0,0.0356483216709089
0,0.224394829889143
0,0.0025289795271349
0,0.0187734253878772
0,0.0357649513166389
0,0.0358279605790734
0,0.0351715561549865
0,0.0114602189215808
0,0.0351422211502181
0,0.0352529251632777
0,0.0358637886345689
0,0.0331096928008026
0,0.0358069764404139
0,0.0349045786471443
0,0.0282079280176997
0,0.0275278262562532
0,0.0358932798783712
0,0.0358618095772648
0,0.0357823001366556
0,0.0355461799049662
0,0.0357160002799319
0,0.0357683307415913
0,0.0219055272929348
0,0.0354861033900465
0,0.0358821867734385
0,0.0174812253623972
0,0.0352864487817632
0,0.0314550975489579
0,0.0357869817655322
0,0.0347876177869626
0,0.035623756219836
0,0.0237715568285618
0,0.0354705183354751
0,0.0358809934320998
0,0.0064747139876797
0,0.024775108260451
0,0.0023911700142918
0,0.0355597496657612
0,0.0358673981457073
0,0.0348935692726768
0,0.0358134378522597
0,0.0356512441486821
0,0.0256147090889571
0,0.0158072054646976
0,0.0356848017000213
0,0.0358811593372127
0,0.0349000837899881
0,0.0348385053736536
0,0.0348760761604512
0,0.0357480080869886
0,0.0352449811370479
0,0.0204030315359345
0,0.2669486201490962
0,0.0355132083725937
0,0.0355300098453441
0,0.0354920686818152
0,0.0357246397357259
0,0.0358568432393136
0,0.0356763649944687
0,0.0350735215741729
0,0.0349267497871245
0,0.0302829044880905
0,0.2303959129015319
0,0.0026884492264858
0,0.0348919337016098
0,0.0078936489958465
0,0.0351509126320835
0,0.0314802993042149
0,0.0258184428105174
0,0.0355341074171132
0,0.0339317380021455
0,0.0149455985581275
0,0.0348217064877699
0,0.0347990396507064
0,0.0037937159376565
0,0.010763482315451
0,0.0350234963233335
0,0.0358508616674772
0,0.0201392222563466
0,0.0081626533668152
0,0.3869846894429883
0,0.0348174618211601
0,0.0358378459294636
0,0.0358376820222069
0,0.0172303405691686
0,0.0183363393413372
0,0.0356235335482783
0,0.0356095221781993
0,0.0358352754650012
0,0.0322242698498891
0,0.0302700733572955
0,0.0358198785980512
0,0.035804505529829
0,0.0354233478130612
0,0.3096830244672613
0,0.0348254614805795
0,0.0182073437506672
0,0.0348678972716021
0,0.0230983298909184
0,0.0349739327100418
0,0.0354977829620397
0,0.0358783168817945
0,0.0348391806466652
0,0.0348793458213107
0,0.0185659053039373
0,0.0358272394519939
0,0.0276748442141149
0,0.0352804076097841
0,0.0353739686433453
0,0.0355286226926766
0,0.0356099598082809
0,0.5313661278224382
0,0.0338901705393469
0,0.0348136955686421
0,0.0100544315279297
0,0.0351040559978504
0,0.0353601377610907
0,0.0290667782797726
0,0.0049990730473943
0,0.0348287073957136
0,0.0097531766294968
0,0.0348108164763069
0,0.0348570390576628
0,0.0040885409413998
0,0.0353251472700455
0,0.0350343789808658
0,0.0330419035257213
0,0.0358395772206628
0,0.1124217676918546
0,0.0050524746672681
0,0.0150548037096092
0,0.0350476841454313
0,0.0215813395308245
0,0.0358677364093712
0,0.0350970334859403
0,0.034866906940432
0,0.0348325550424154
0,0.0233921533697736
0,0.0358253340170463
0,0.035784495711274
0,0.0354314732542698
0,0.8069486308161925
0,0.0351942631123416
0,0.00881490330107
0,0.034849471470516
0,0.0422286369371808
0,0.0352962849550476
0,0.1218980435777657
0,0.0349489441416557
0,0.013577334911755
0,0.0351580604050548
0,0.026323372825092
0,0.5396242498651255
0,0.0349970864588263
0,0.0349071506253735
0,0.0350722516419728
0,0.0165918842460907
0,0.0344048158109943
0,0.0357960255226493
0,0.0353759826498922
0,0.008250802711607
0,0.0027232583864459
0,0.0349196110216785
0,0.0157797206172754
0,0.0358806486679815
0,0.035704611170667
0,0.0348223120431945
0,0.0114289015030938
0,0.0358652234235037
0,0.0200004347288718
0,0.0352778892880841
0,0.0340606730425916
0,0.0358660484103642
0,0.0358211394425262
0,0.0353434480906551
0,0.0348488601885758
0,0.0288891636075621
0,0.0213657033016968
0,0.0274040404129206
0,0.0356248501409503
0,0.032837602542656
0,0.0355578006270214
0,0.0349892644887705
0,0.0347238930038279
0,0.0137467871102031
0,0.0204520676685257
0,0.0255815242753965
0,0.0032437064058762
0,0.035631003748355
0,0.0222940665109128
0,0.0212432402966236
0,0.0357982913724142
0,0.0358107216743751
0,0.0349522544465948
0,0.0343871556148874
0,0.0355475717231223
0,0.034816863639302
0,0.0330710810244053
0,0.0347802912135174
0,0.0354017949983951
0,0.0113339188743031
0,0.0352186675633885
0,0.0265226080501606
0,0.0358573958888081
0,0.0194629452181667
0,0.0198312078326116
0,0.0332408139307804
0,0.0215087636927527
0,0.0353805692165316
0,0.0021753724971057
0,0.0333869449465032
0,0.034810548856381
0,0.1076119793606536
0,0.0350891575863419
0,0.0092501254380457
0,0.0355435042508259
0,0.035698132569543
0,0.0700785242625016
0,0.0348006809359853
0,0.0319686477737029
0,0.0357797019349029
0,0.0348437346222288
0,0.035644209283113
0,0.0358574505608691
0,0.0357659432321035
0,0.03555630070331
0,0.0350414818313543
0,0.0358584902471837
0,0.0358705911395082
0,0.0358433416337609
0,0.0358501645770348
0,0.0348415737615042
0,0.0352895931356052
0,0.0357525645603351
0,0.0357833423639628
0,0.0356177871378334
0,0.0159477093711112
0,0.0356412267001866
0,0.0349006489896861
0,0.0012365969205525
0,0.034641766875469
0,0.0353596803798609
0,0.0357665046040257
0,0.0351202743309171
0,0.0356049853636736
0,0.0356314139079055
0,0.0348039738014103
0,0.0355349729768774
0,0.0340194731624105
0,0.0353330252858945
0,0.0281016794890242
0,0.0351718337859133
0,0.0354382308692046
0,0.0358375876128625
0,0.0357679639320094
0,0.0351589004376104
0,0.0111383514238028
0,0.034832031864469
0,0.0356119341088651
0,0.0149544663684302
0,0.0261729282935938
0,0.0278508158741708
0,0.0349729064063574
0,0.0352232488930153
0,0.0356103543202816
0,0.0348038458223014
0,0.0045593925698141
0,0.0353804979208712
0,0.0354053312970686
0,0.0327672957810365
0,0.0125727049902945
0,0.0358395329230849
0,0.0356879265315146
0,0.03211805394578
0,0.0321362475787921
0,0.0347832298897024
0,0.0018774869881315
0,0.0356766178391338
0,0.0348245746985606
0,0.0325651018346359
0,0.0347714672347678
0,0.0237207432292169
0,0.0357549162704039
0,0.0347550027211003
0,0.0350072330034213
0,0.0358726729794519
0,0.0358001642590203
0,0.0350017268671892
0,0.0348253078037338
0,0.0356173048613824
0,0.0354497490681964
0,0.0179526752485555
0,0.0356613958919952
0,0.0347921959892067
0,0.0359387398933818
0,0.0351490225516889
0,0.0222349486565228
0,0.0162654895995853
0,0.0348516417795406
0,0.034934447015558
0,0.033686273667714
0,0.0348531472885501
0,0.034923807279457
0,0.0107977019732336
0,0.0192009583309034
0,0.0025569010575973
0,0.035650983367083
0,0.0358721382731051
0,0.0018013752757492
0,0.0358359858308484
0,0.0347987705919866
0,0.0354312185870969
0,0.0358212924599755
0,0.0353970892524741
0,0.0351509575446874
0,0.0358232717591245
0,0.0003008661126306
0,0.0282076567053601
0,0.0356277247319707
0,0.0352719186169426
0,0.0259474106627139
0,0.012753850145069
0,0.0347898597711843
0,0.0357669877746044
0,0.0349146182965359
0,0.0352031345716973
0,0.0080806495730515
0,0.0311203742950787
0,0.035394322747031
0,0.0358422942463935
0,0.0357663218874161
0,0.0353648183658671
0,0.0352112874846855
0,0.0041401858353342
0,0.0355505765877339
0,0.0103037676244843
0,0.0067293480225192
0,0.0045721723017148
0,0.035868321405338
0,0.0350099613453864
0,0.0356462994485604
0,0.0352288968894028
0,0.0352582330011922
0,0.0347654213933386
0,0.0356891192199205
0,0.0357335968144426
0,0.0348125785120583
0,0.0353341789323664
0,0.0357204599302016
0,0.0349448812460954
0,0.0348254614805795
0,0.0022752615000608
0,0.0349096537956773
0,0.0358730950932348
0,0.0347836712618139
0,0.0358532830308827
0,0.0348222456931411
0,0.0358460349566714
0,0.0116034236219608
0,0.001017311381468
0,0.0358290580523301
0,0.0105188873823723
0,0.0357911442829336
0,0.0358731822374333
0,0.0348219887657026
0,0.0350108997576729
0,0.014712116777313
0,0.0051150345012081
0,0.0354133289889029
0,0.0348333240896617
0,0.0263084716913663
0,0.0358663744256412
0,0.0349839383104631
0,0.0222161003841587
0,0.0347811255001786
0,0.0357807605129994
0,0.0358535279817418
0,0.0356413415859663
0,0.0269382761376759
0,0.0348048195134628
0,0.0347866614830469
0,0.0358386130399534
0,0.0356045955533421
0,0.0349497182798863
0,0.0358407866437373
0,0.0351994916353982
0,0.0350669576675268
0,0.0349862021498642
0,0.0168042133308296
0,0.0357502629968406
0,0.0357881000493622
0,0.0347712835405438
0,0.0260644760197225
0,0.0358580745953994
0,0.0350654188759625
0,0.035450967289814
0,0.0358529870639085
0,0.0350561787736713
0,0.035689597058292
0,0.0336231192124742
0,0.0038754945498677
0,0.0347827081628303
0,0.0356650738375317
0,0.0182299572566859
0,0.0357973894741991
0,0.0008046259787885
0,0.0348060354992383
0,0.034891543206006
0,0.0358579686877115
0,0.0404188084092126
0,0.03584759429534
0,0.0349939340786525
0,0.0347838551127452
0,0.0080127475774197
0,0.0293510651944918
0,0.0354589831048141
0,0.0293622873714634
0,0.0355459211551573
0,0.0354611109290774
0,0.0357377139491365
0,0.0355343448774048
0,0.0350351627298056
0,0.0356725910890563
0,0.0349584352592819
0,0.0358421647795244
0,0.0042502430495886
0,0.0272939105371296
0,0.0357043361795922
0,0.0358082764518818
0,0.0351520576881679
0,0.0055847052445216
0,0.0350267788642426
0,0.0352437785716837
0,0.0348171649694772
0,0.0351015635635679
0,0.0349286668253069
0,0.1676991630764242
0,0.0234991265643496
0,0.028739041753914
0,0.0153566293237409
0,0.0173302207190876
0,0.0356538408328189
0,0.0349303958529322
0,0.0351756161122328
0,0.0145393806934651
0,0.0103886490450289
0,0.0355511947135151
0,0.0349437986586587
0,0.0352622548303081
0,0.0340877903705493
0,0.0309280246983691
0,0.035786075252228
0,0.0215892838580059
0,0.0355482013351305
0,0.0358684118532014
0,0.0349142423980994
0,0.0162645049248578
0,0.034793168398287
0,0.0356647831434382
0,0.0347935882507739
0,0.0207483205604027
0,0.0184336260709098
0,0.0358021608114589
0,0.0351005431935097
0,0.0356069353423765
0,0.0245820233957944
0,0.03478667976799
0,0.0355253642040104
0,0.0152506262086055
0,0.0347819657830884
0,0.0356162977113425
0,0.035658158303714
0,0.0146788075015309
0,0.0356239464987187
0,0.0348790746422543
0,0.0295502706025336
0,0.0139218615864853
0,0.0349281814566359
0,0.0750361073269906
0,0.034833379570492
0,0.0351629540865176
0,0.0007291199246388
0,0.02480269625812
0,0.0357243308023949
0,0.0357244920522876
0,0.0147372700029436
0,0.0162695840609284
0,0.0349345046399074
0,0.0352797852560201
0,0.034908561166194
0,0.0024336665193818
0,0.0148394310671599
0,0.0358537505196037
0,0.0301637263269268
0,0.0357100806269984
0,0.0041878586958362
0,0.0241418454950426
0,0.0356452075615611
0,0.0331196925688009
0,0.0357474772014838
0,0.0353276175770166
0,0.0348146675587756
0,0.0277011175254763
0,0.0138321987062469
0,0.0356170720462422
0,0.0358097316513356
0,0.0356614872428229
0,0.0317743697114176
0,0.0039868638615774
0,0.0358470534060887
0,0.0356258917059994
0,0.0354851998510486
0,0.035667006289609
0,0.0353409658451618
0,0.0348783859720626
0,0.0358624865938808
0,0.0357741257156959
0,0.0348075008300088
0,0.0358683583556438
0,0.0350340986987702
0,0.0292253448077564
0,0.0348341519436037
0,0.0042037573902541
0,0.0351405793192326
0,0.0357776438824299
0,0.0352017804403269
0,0.0347889036172849
0,0.0349933263155016
0,0.0350625239639221
0,0.0357027354517219
0,0.0357526380475225
0,0.0358269375494818
0,0.0151164554029125
0,0.0270478223808833
0,0.0356091202411429
0,0.0358287865530696
0,0.0357783693996712
0,0.0352572219766587
0,0.0347899816199375
0,0.0114200438225275
0,0.0355481362340197
0,0.0349123915578318
0,0.0112303129853408
0,0.0348150059763685
0,0.0003695607382541
0,0.0162190879669619
0,0.0353751167219236
0,0.0147704918702569
0,0.0203336090903622
0,0.0349863083167099
0,0.0160030215394728
0,0.0356676881123312
0,0.0071982398472162
0,0.0348447805455633
0,0.0356489859423874
0,0.0356110468055023
0,0.0351351622499502
0,0.035863467909075
0,0.0308337187172988
0,0.035859344015373
0,0.028323710974283
0,0.0347949863534975
0,0.0336543231297193
0,0.020856107521109
0,0.0073189188653691
0,0.0350141708528558
0,0.0705139904642896
0,0.0349609970622163
0,0.0356185758306392
0,0.0358348231239562
0,0.035174085284884
0,0.0248629875665739
0,0.0354163450580315
0,0.0022380347342675
0,0.0259745341178687
0,0.0024634266329819
0,0.0348567960449644
0,0.0350789172749779
0,0.0349498956223297
0,0.0354825664843091
0,0.0355729445607733
0,0.0352587984542004
0,0.0089980618530114
0,0.0357955852099872
0,0.0160326708668224
0,0.0347836209517252
0,0.0353101694356256
0,0.0347847860065705
0,0.0352112637491656
0,0.031006200809623
0,0.0357056902681549
0,0.0357863144382337
0,0.0351295476227469
0,0.0352887199408628
0,0.0347813576912714
0,0.0353284646182247
0,0.0356918231315572
0,0.0358128660834743
0,0.0348602023260543
0,0.0025693179958206
0,0.0352895969262301
0,0.0354040643832331
0,0.0353969194299753
0,0.0073403769635468
0,0.0085196296843113
0,0.0352530998736542
0,0.0086425644456065
0,0.0148315828940198
0,0.0154091695540572
0,0.0358388075352854
0,0.0086953539199525
0,0.0353733585943029
0,0.0069093310094457
0,0.0356954374872
0,0.0352872861089337
0,0.0320907714802685
0,0.0355294846678967
0,0.0311913268768064
0,0.0348148685900215
0,0.035346085866274
0,0.035161981841107
0,0.0095443575249557
0,0.034891339639195
0,0.03514245120919
0,0.0199850431992408
0,0.0359034075110974
0,0.0358316841978374
0,0.0347855972626096
0,0.0349306782582443
0,0.0077766424336481
0,0.0358510181895652
0,0.0357245454761115
0,0.0353345330537989
0,0.0347810396517802
0,0.0357980236915723
0,0.030413904425599
0,0.0353611892403943
0,0.0348391386529747
0,0.0347992007917708
0,0.0089993432731943
0,0.0348563350826258
0,0.0356872625652651
0,0.0900869484352006
0,0.0315809976654254
0,0.0355188872076608
0,0.0329339009784713
0,0.0350791844442174
0,0.0352822111949156
0,0.034807157216799
0,0.003993417133937
0,0.0353978640676327
0,0.0355564817702189
0,0.0199534004141729
0,0.0347971232672438
0,0.0101081516084672
0,0.0347861118663967
0,0.0118694375546117
0,0.035471195222015
0,0.0277827787839617
0,0.0358568430970916
0,0.0355032366709402
0,0.0358591108796058
0,0.0357263454154687
0,0.0170985409551876
0,0.0175042747816554
0,0.0279796899682445
0,0.0331764166990842
0,0.0349992831281781
0,0.0348453409308866
0,0.0349105033834088
0,0.0349704585577453
0,0.0353018760608139
0,0.0281361331222709
0,0.0348017711819531
0,0.0156716556873674
0,0.0127787021368598
0,0.0280823650164638
0,0.0351979395876421
0,0.0095884927070233
0,0.0290452195856348
0,0.0347944212642224
0,0.0349039723581933
0,0.0348603271272085
0,0.0349448197697291
0,0.0350492777717582
0,0.0358564727855506
0,0.0106519889616294
0,0.0356715826758273
0,0.0054495391840101
0,0.0358485351073373
0,0.0317943351464814
0,0.0264547788567149
0,0.0355743836641067
0,0.0348841294206733
0,0.0351560115571322
0,0.0208822268452537
0,0.0070755262102459
0,0.0356079310878464
0,0.0039466600756113
0,0.0353209562431529
0,0.0358090751980694
0,0.0186438079855957
0,0.0109548782668716
0,0.0351873907835514
0,0.034527362769729
0,0.0350573748832972
0,0.0018184367509943
0,0.035854649707381
0,0.034832835005494
0,0.0354701485166094
0,0.0156301467701293
0,0.0357878854045575
0,0.0348675467777061
0,0.0155663783532629
0,0.0135589461656644
0,0.0347855213625724
0,0.035084299575329
0,0.0358488082935806
0,0.0354595334304231
0,0.0357502376112063
0,0.0019378045567532
0,0.0356141334682891
0,0.034944806902685
0,0.0348734477080399
0,0.0354002732178089
0,0.1093812232060384
0,0.0351054440944448
0,0.017918275510177
0,0.0358577809284234
0,0.0353252751876335
0,0.0041913567697297
0,0.0005391752313189
0,0.0336545094165936
0,0.0356604735473932
0,0.0337226880124746
0,0.019761315216057
0,0.0061567101522755
0,0.0265221873737657
0,0.0074671006993876
0,0.0110045729953402
0,0.0356077559264755
0,0.0349027049205581
0,0.0355267732833602
0,0.0358531118486705
0,0.0249471652378589
0,0.0356525476465208
0,0.0354769046986476
0,0.0347838880971229
0,0.0348863367478666
0,0.0357979159119259
0,0.0357194924545256
0,0.0347802941050531
0,0.0358672853814052
0,0.0347584870318294
0,0.0163585599488676
0,0.035547424637645
0,0.0229145279092587
0,0.0349441557086865
0,0.0175873416051016
0,0.0294178834231378
0,0.0343702618860836
0,0.0023647697883595
0,0.0358197982296966
0,0.0358175164101029
0,0.0085327100415902
0,0.0936796141718885
0,0.0348170623667501
0,0.0112036496540139
0,0.034836311511066
0,0.0354842561745876
0,0.0053802939222601
0,0.0358252868931779
0,0.0358360387286149
0,0.0127112787536676
0,0.0357577404695518
0,0.0019629537889267
0,0.0356944003813382
0,0.0347788795308037
0,0.0195547358956454
0,0.0356771520926397
0,0.0160154089039785
0,0.035638779784158
0,0.0358426703487484
0,0.0820604460305955
0,0.0357381451637156
0,0.1167082922928011
0,0.0356366770222157
0,0.031332304087521
0,0.0347974705076618
0,0.034930571362618
0,0.0356102227718304
0,0.0294918321750287
0,0.0352070541543904
0,0.0357831089327547
0,0.0358444158799855
0,0.0352000783639346
0,0.3555180386850951
0,0.003695619451505
0,0.0357871867493992
0,0.0358320864456729
0,0.0358045323178632
0,0.0341699394419603
0,0.0348991805435551
0,0.0347912528885576
0,0.0353406504728312
0,0.0229756478906031
0,0.0335860595500689
0,0.0056258227174834
0,0.0353576761373142
0,0.0112707040692075
0,0.0264447811874497
0,0.0352383602537935
0,0.0349292202608783
0,0.0196582515616395
0,0.0022339636215644
0,0.0359183289620117
0,0.0357981772543374
0,0.0356459701277668
0,0.0355125290506512
0,0.0324857541637502
0,0.0348057281186285
0,0.0358456174522995
0,0.0353804172161208
0,0.0355300098453441
0,0.0347111770242277
0,0.0026104296795179
0,0.0351982097542719
0,0.0358359928066123
0,0.0349454682364241
0,0.0357754855410387
0,0.0357750211188549
0,0.0132061982146274
0,0.0356567009561364
0,0.0347789264412201
0,0.023695021310773
0,0.0347885082110661
0,0.0086957097311759
0,0.0354012700393614
0,0.0347879775442607
0,0.0358355511004367
0,0.0603193793725975
0,0.0261049229500499
0,0.0354133289889029
0,0.0358748108263049
0,0.0349151310101192
0,0.0082762489458478
0,0.0353688069971823
0,0.0349837990714694
0,0.0355294594079872
0,0.035835967746524
0,0.0214367999617517
0,0.0354618540710369
0,0.0197228268126502
0,0.0348985793524839
0,0.0356317045536383
0,0.011678718933161
0,0.0102095135712102
0,0.0348176195247591
0,0.0353660690814424
0,0.035867020404079
0,0.0350327415397882
0,0.0349630671996076
0,0.0357627246199402
0,0.0355879379557491
0,0.0172959572894735
0,0.0348528121212116
0,0.0348565639727599
0,0.0358390611666628
0,0.0357813489608134
0,0.035160548237212
0,0.0358355378206932
0,0.0347931172429606
0,0.0354542801472823
0,0.0346693451040888
0,0.0358666844488683
0,0.0071583320387007
0,0.0354549811897915
0,0.0353986262869073
0,0.0434383013190497
0,0.0349300398981618
0,0.0010582867481324
0,0.0350585661386962
0,0.0358119609391491
0,0.0257696878886616
0,0.0358377313297887
0,0.0338445175408918
0,0.0348284075496911
0,0.0108280822165768
0,0.0351684146046774
0,0.0308711599497376
0,0.0337226880124746
0,0.0282765815072687
0,0.0345308294800493
0,0.0358577138680645
0,0.0213813727781034
0,0.0299458994098226
0,0.0357898555955839
0,0.0350378942448328
0,0.0268893021711074
0,0.0351564626688968
0,0.0347989074692883
0,0.0347835750280536
0,0.008647499563576
0,0.0307324013611536
0,0.0357943358658863
0,0.0358556629274454
0,0.0109482282655832
0,0.0355655798106546
0,0.0358290112621832
0,0.0051672357069585
0,0.0358257323747561
0,0.0179719962235606
0,0.0354630353147764
0,0.0351225961087629
0,0.0358255738196253
0,0.0358613182568978
0,0.0624931200766408
0,0.0358282816757122
0,0.0195902617723124
0,0.026770473674305
0,0.0358631312736946
0,0.0356889526352842
0,0.03499162326724
0,0.0358536393199761
0,0.0352613189353744
0,0.0358522431106481
0,0.0354780778060426
0,0.0971264737303528
0,0.0352265458479262
0,0.024874765047693
0,0.0358515452159123
0,0.0260579706377684
0,0.0226052538200394
0,0.0347978724088855
0,0.0347805734907212
0,0.0348011538465735
0,0.0083368548092397
0,0.0211100894391826
0,0.034861382707485
0,0.0256830090142883
0,0.0358707604509649
0,0.0354078443949097
0,0.0349696432145122
0,0.0055135668982442
0,0.0358312926900883
0,0.0352843778904951
0,0.0355920019827218
0,0.005773024038561
0,0.0354295022764459
0,0.0357622006360673
0,0.0348427879606198
0,0.0284432846837224
0,0.0356246828542115
0,0.0159495961045184
0,0.0351202145756058
0,0.0349066003506831
0,0.0358658970080933
0,0.0349817258169962
0,0.1177269097714533
0,0.0022732124266806
0,0.0358573304235902
0,0.0350376987820892
0,0.0102443072843279
0,0.0349659107847339
0,0.0351717816967639
0,0.035873633709542
0,0.0101139309207346
0,0.0357303581739126
0,0.0358105331656877
0,0.0033736871073496
0,0.0028700055301733
0,0.0353344391647098
0,0.002026333524306
0,0.0358702294023799
0,0.032520440551854
0,0.392192940776766
0,0.035052102856145
0,0.0034823031083962
0,0.0180689059334674
0,0.0358109066132719
0,0.0195845732799653
0,0.0355295765605298
0,0.0358538753579208
0,0.0349945391894379
0,0.0324821450488162
0,0.035789200125801
0,0.0357799988022296
0,0.0445472111018732
0,0.0348567526093665
0,0.0348166933055887
0,0.0357177133235744
0,0.0357969841822942
0,0.0231720623902124
0,0.0358262501455416
0,0.03550562762861
0,0.0200030596192771
0,0.0335324305503428
0,0.0346478728194479
0,0.0298775074313818
0,0.0149919717913904
0,0.0192548142394925
0,0.0351401177678383
0,0.0358538040307072
0,0.0354003873820924
0,0.0353108930580747
0,0.0354111761494497
0,0.1357156214857323
0,0.035072036001766
0,0.0358584865464561
0,0.0347757351588495
0,0.0350718434139884
0,0.0312655105250157
0,0.035712689306526
0,0.034987264189491
0,0.0358634142711304
0,0.0358059402685299
0,0.0101675274494883
0,0.0012435170384396
0,0.0110990962059552
0,0.0347889252171949
0,0.0347710904462225
0,0.0349599557373748
0,0.0304722629024727
0,0.035836712130165
0,0.035030630395829
0,0.0055436355185243
0,0.0357567716956574
0,0.0358034620991492
0,0.0104876569696238
0,0.0347923878367387
0,0.0348609356415326
0,0.0062658413936013
0,0.0318252231329137
0,0.0356875503837267
0,0.0358684949409433
0,0.7972135402374234
0,0.0444835195754891
0,0.022994009718605
0,0.0348481080781192
0,0.0356333221560726
0,0.0354361655379389
0,0.0358423275329342
0,0.0348991805435551
0,0.009692420723115
0,0.0353655919279833
0,0.0286388014377876
0,0.0343562298210875
0,0.0496966296741287
0,0.0075580896952672
0,0.0236841785406566
0,0.0351960381455388
0,0.0169093242911527
0,0.0288496145835784
0,0.03574265799313
0,0.0349131676886416
0,0.0249433305075856
0,0.0349381052961552
0,0.0084740733848867
0,0.0312133765614308
0,0.0167308377126901
0,0.0056869659296951
0,0.0271313150451734
0,0.0350987114903776
0,0.0356212553651487
0,0.032332522731825
0,0.0356087820520642
0,0.0085199459644906
0,0.0181207952878065
0,0.0347890102070268
0,0.0330025134932501
0,0.0413004325241711
0,0.0252182503928953
0,0.0357989732219037
0,0.0356746884200327
0,0.0355705927454439
0,0.5321131279970013
0,0.0358600038235048
0,0.0355248142556573
0,0.0351605080192872
0,0.026620290916823
0,0.0491352904008943
0,0.0350665678663364
0,0.0302613448319979
0,0.0352016303043459
0,0.0351572732789757
0,0.035516591692941
0,0.0184283934662792
0,0.0352085662607229
0,0.0354297807155903
0,0.0354688397675103
0,0.0352109664954182
0,0.0348082353670791
0,0.033192108258627
0,0.0031793244461126
0,0.0132423991476395
0,0.0347847263379469
0,0.0348227951181813
0,0.0244633173406234
0,0.0100272433318203
0,0.0350863265413525
0,0.017234920411488
0,0.0356648644387175
0,0.0353804337541292
0,0.0351324620771638
0,0.0248193691226499
0,0.035182427766571
0,0.028694060340449
0,0.008394225495691
0,0.0348971229045016
0,0.0358478436697884
0,0.029901433107592
0,0.0356112467104214
0,0.0647561776829346
0,0.0349841676028082
0,0.0353648139859533
0,0.0229213423288258
0,0.035403238791806
0,0.0247329792218871
0,0.0221397981411794
0,0.0358619158140419
0,0.0178162229026813
0,0.0194435826485464
0,0.0347826000702204
0,0.0158107502737816
0,0.0131523883325131
0,0.0324505941268057
0,0.0357252193965822
0,0.0351420143067594
0,0.0350564040338123
0,0.0356121927367
0,0.0351418421763618
0,0.0328320710777514
0,0.0348175278379019
0,0.0352241135974817
0,0.0357612980218879
0,0.0064349236107254
0,0.0348985188894063
0,0.0356596463480799
0,0.0350355617142669
0,0.0357461070709651
0,0.0358546213360067
0,0.0358067922985035
0,0.0348229031294559
0,0.0336664676496244
0,0.0126826213837427
0,0.0348354368401524
0,0.0357056188907516
0,0.0041655579854562
0,0.0348279795870698
0,0.0348487762051093
0,0.0354384593442925
0,0.034864526484461
0,0.0347613604408988
0,0.0357980414308062
0,0.0324958057627547
0,0.0347807549549107
0,0.0199052065891887
0,0.0034960260953536
0,0.0356157099618065
0,0.034793858217486
0,0.0348056629645196
0,0.0358570359620711
0,0.0203343434977228
0,0.0358576378069763
0,0.0290650249270484
0,0.0327688137599204
0,0.0099346271300806
0,0.0241276702199103
0,0.0314850863920602
0,0.0349974521036405
0,0.0311961877884807
0,0.0354026088105042
0,0.0358580339992389
0,0.0348462213593332
0,0.0358550707443546
0,0.0355304826111022
0,0.018356523264369
0,0.0008756627383453
0,0.0288870709240128
0,0.0348679683699086
0,0.0042012266494097
0,0.0356870417520512
0,0.0352725506138609
0,0.0308835030401115
0,0.0279031317181878
0,0.0347760929324966
0,0.0357840640203689
0,0.0349497182798863
0,0.0347890674950337
0,0.0356625004177822
0,0.0353320976702401
0,0.0356557789089079
0,0.0046656244736583
0,0.0510601635979051
0,0.2035775899993493
0,0.0348234999992926
0,0.0352673742884915
0,0.0355583328467682
0,0.0351215339659551
0,0.027244862948397
0,0.0347827789632449
0,0.0348152369170249
0,0.0354020890186466
0,0.0347938819383079
0,0.034788581409088
0,0.0358699076403961
0,0.0358284736730429
0,0.0310997548173678
0,0.0354975649122303
0,0.0052289170917528
0,0.0158962145717616
0,0.0348716821543035
0,0.0336251185440228
0,0.0348979827598985
0,0.0356597022464499
0,0.0348845213021289
0,0.0350033525059224
0,0.0357449225770624
0,0.0358564165331591
0,0.0358312721701307
0,0.0350197555320108
0,0.0353466271026056
0,0.0348134014038641
0,0.0350339107389137
0,0.0352514741718679
0,0.0351910923022222
0,0.0337087338301042
0,0.0347898597711843
0,0.0092736388464707
0,0.024723096895039
0,0.0348947173357991
0,0.031419156310398
0,0.0352730218396631
0,0.0356629463539204
0,0.0105988245021641
0,0.0281147899436099
0,0.0348476956724342
0,0.0243105264923927
0,0.1962521562991462
0,0.0356176852828874
0,0.0358329409234516
0,0.0207139398928163
0,0.0349178553513204
0,0.0347806916296947
0,0.0348184210608467
0,0.0459740202397319
0,0.035855992566404
0,0.035506818392513
0,0.0352674401076954
0,0.0312363924369057
0,0.0353619384565476
0,0.0357555675646329
0,0.0353699235695811
0,0.035032550965475
0,0.0351524188745568
0,0.0158140731219715
0,0.0348551567892962
0,0.0181308557657795
0,0.0348444582053946
0,0.0353920181960373
0,0.0351146934520857
0,0.0350243691922271
0,0.0218041601256489
0,0.0028063412045886
0,0.0358589470431246
0,0.0358292301798632
0,0.0347872029654848
0,0.0348866182733574
0,0.0357539057290427
0,0.0351115198438251
0,0.035791447295336
0,0.0353696052689479
0,0.0059876974889297
0,0.0357623104113138
0,0.1045533885295776
0,0.0356717791840774
0,0.0357803481457866
0,0.0124052169869879
0,0.0356640655362973
0,0.0395504254095695
0,0.0354499504111157
0,0.0289707721058526
0,0.0064824153893638
0,0.0356043325248458
0,0.0260806047122746
0,0.0347816468864647
0,0.0350634523080432
0,0.0195547358956454
0,0.0353248958850062
0,0.0279621012890111
0,0.019613876518759
0,0.0091343594345668
0,0.0213065574464249
0,0.0356051913643636
0,0.0347956048345633
0,0.0333010832949367
0,0.0182785708416076
0,0.0357443185016396
0,0.0353325855544516
0,0.0295632169159919
0,0.0350781651203053
0,0.010755924747804
0,0.0350755988121895
0,0.0358647979463473
0,0.017198721741743
0,0.0348415748625526
0,0.0347923995161893
0,0.0343271792367604
0,0.035661751288108
0,0.022075326527412
0,0.0358643445506583
0,0.035695288666557
0,0.0351106493807124
0,0.0350051612399094
0,0.0089627227034979
0,0.0358381445071688
0,0.035739234211243
0,0.0329171980538172
0,0.0348168799550421
0,0.0341391867903749
0,0.5301784680836416
0,0.0358184672893234
0,0.0349587354175072
0,0.0358555344285249
0,0.0212934772502489
0,0.0116983216990823
0,0.0351901179763542
0,0.0215224642466872
0,0.0031112368675519
0,0.0037809474949201
0,0.0351796419024373
0,0.0347831000186267
0,0.0351380016830368
0,0.0348001184256764
0,0.0010645980091901
0,0.0030476400292856
0,0.008372476937043
0,0.0250869891016495
0,0.0355530286297174
0,0.0347539430482764
0,0.0356854914822683
0,0.0059527167640364
0,0.0174823803973591
0,0.0356261327009859
0,0.0145789517702214
0,0.0101675274494883
0,0.4774275366833563
0,0.0336802949425762
0,0.0356242391222508
0,0.002540999482388
0,0.0358710133717545
0,0.0358559732674429
0,0.0162245323732935
0,0.0183508497697345
0,0.0353874248992713
0,0.0348925531379101
0,0.0352526692282844
0,0.0355642501501749
0,0.0351184690467669
0,0.0312234895895639
0,0.1305156944851431
0,0.0050196310607773
0,0.0348303861403509
0,0.0358579581109831
0,0.0234677131638809
0,0.0088142441017206
0,0.035692273410124
0,0.0358660987868689
0,0.0354643339509128
0,0.0290588847758585
0,0.0068105994072431
0,0.0176869426666951
0,0.034810035736311
0,0.0254541805183144
0,0.0347831585168496
0,0.0348482360554861
0,0.0137769614388589
0,0.0039077171829909
0,0.0358250226856078
0,0.0020042667347242
0,0.035794838413711
0,0.0078837329350911
0,0.0248565582816244
0,0.0117967834138477
0,0.0138538286284891
0,0.0144957061295549
0,0.0356811044978735
0,0.0347813945690561
0,0.03568622424025
0,0.0404494105827954
0,0.0098824476225354
0,0.0134327436070578
0,0.0340903945002627
0,0.0354763596262845
0,0.0353254141496237
0,0.0349325580692167
0,0.0357875380490419
0,0.0301359046542394
0,0.0351198369617832
0,0.0348518150407185
0,0.0356544057808678
0,0.0358673741567194
0,0.0349914647355707
0,0.002631907233617
0,0.0146212714298832
0,0.034850343384056
0,0.0349914643717699
0,0.0351416163553348
0,0.0358310250469522
0,0.0134319127665853
0,0.0104482080621374
0,0.0184819553927743
0,0.0356551861101841
0,0.0357688348999868
0,0.0349351665227036
0,0.0122185161622695
0,0.0352070648509863
0,0.001639707050226
0,0.0954080457476804
0,0.010695778990844
0,0.0095868388309645
0,0.0256248171015798
0,0.0356352937975454
0,0.0358462107587487
0,0.0113551669385552
0,0.0354775345646493
0,0.0358310405797436
0,0.034964565909534
0,0.0130617010046807
0,0.0349422112068288
0,0.0387652565304198
0,0.0353033361994478
0,0.0354380610192901
0,0.0114486035851038
0,0.044091374665481
0,0.0356600408910514
0,0.0195054040021951
0,0.0351529971122655
0,0.0356045955533421
0,0.0295060293761498
0,0.0352498407514657
0,0.0241669902307481
0,0.0356678493315623
0,0.031856967970313
0,0.0358337847499117
0,0.0349694167819965
0,0.0358485318539135
0,0.0219211605578313
0,0.0198882415292711
0,0.0347753961147716
0,0.0356098770548592
0,0.0240364633977358
0,0.0349179729649416
0,0.012142456604317
0,0.0358269698308978
0,0.0347047013083057
0,0.0348253081097005
0,0.0348537578643234
0,0.0355084587802127
0,0.0036940079537541
0,0.0351501609906393
0,0.0352683941118939
0,0.0348738108684144
0,0.0176697924417841
0,0.0358012349704606
0,0.0347819138095666
0,0.0310849057540529
0,0.0803441432384643
0,0.0139824574612807
0,0.0354132711292196
0,0.0355347652801914
0,0.0350094797523247
0,0.0357624829494629
0,0.0054559142965629
0,0.0814305076379717
0,0.035818764496931
0,0.03518147352683
0,0.0357706400324764
0,0.0357735344843154
0,0.002613500095982
0,0.0207334149044644
0,0.020052687208543
0,0.0350363426519671
0,0.0356144147935774
0,0.035008559063844
0,0.0222352706149759
0,0.0013170957095384
0,0.0357247645643767
0,0.0356589130920665
0,0.0090360897261718
0,0.0137278945656484
0,0.0052683602044989
0,0.0349970864588263
0,0.000777723172199
0,0.0349625826595686
0,0.0059846407542295
0,0.0352241011830264
0,0.0358273819945933
0,0.0092499992281139
0,0.0358601048614393
0,0.0315803782411587
0,0.035587945347831
0,0.0087613228899693
0,0.0111788795336738
0,0.0237893508771462
0,0.0326253908422621
0,0.035800691853108
0,0.0202774982770177
0,0.0358255468577544
0,0.0207346798511603
0,0.0349612011387856
0,0.0348535137538408
0,0.0356433974623106
0,0.0351493704825824
0,0.0348379677813691
0,0.035802385940673
0,0.0008139721202244
0,0.0358263838785673
0,0.035660768308626
0,0.0356429977729781
0,0.0356067015065373
0,0.0355244164986183
0,0.0357342559103653
0,0.0357696013785701
0,0.0055640392927557
0,0.0348414397820225
0,0.0010066844582126
0,0.0358438744939484
0,0.0358400980048285
0,0.014653558213446
0,0.0218475843074201
0,0.0085306630364054
0,0.0310420520420129
0,0.0348807669238987
0,0.0354312491459631
0,0.0357583959002286
0,0.0176266088917228
0,0.0348755409342027
0,0.0349698574325729
0,0.0182073437506672
0,0.0353007883648159
0,0.0348367463272754
0,0.0348450675846359
0,0.0348325550424154
0,0.0357101621672133
0,0.0168210211879833
0,0.0357905161980679
0,0.0349651219448399
0,0.0354020215254279
0,0.0132783821759672
0,0.0351931110739513
0,0.0353714117252598
0,0.022497040544352
0,0.033871536790689
0,0.0264234574936947
0,0.0358678481843847
0,0.0347909119589862
0,0.0357767945005729
0,0.0213184290545397
0,0.0356317604174526
0,0.0355370053123528
0,0.034799867653986
0,0.0358396661141912
0,0.0356634654609131
0,0.0607908647720974
0,0.0355776189780817
0,0.0348843650209276
0,0.0354840476775242
0,0.0132061982146274
0,0.0355653888023348
0,0.0355885335709072
0,0.0355370053123528
0,0.0353805692165316
0,0.0353367951493617
0,0.035253446155899
0,0.0187728935800171
0,0.0354181340664751
0,0.0358723098268509
0,0.0259459289065326
0,0.0349851811513876
0,0.0039902612201689
0,0.0350281001158042
0,0.0071960045245038
0,0.0299385071095374
0,0.0104086927128086
0,0.0349241288410234
0,0.0348736856387681
0,0.0353970948509783
0,0.2741770711887584
0,0.0209712661870964
0,0.0358684678316617
0,0.0306405419811217
0,0.0358118685228193
0,0.0020054624295706
0,0.0349927015075158
0,0.0269025597394192
0,0.0350050225107877
0,0.1232423255637866
0,0.034924301870732
0,0.0356714635319056
0,0.0343203077236016
0,0.0348086560090384
0,0.0308994303858325
0,0.0350397260565952
0,0.0356968243432894
0,0.032006830530184
0,0.0198123273728152
0,0.020896372004146
0,0.0153507115582834
0,0.0357929542759106
0,0.0350640528579832
0,0.0082433520809976
0,0.035609583122173
0,0.035858024631209
0,0.0350408035366927
0,0.0233176996149825
0,0.0347829972155137
0,0.0358761403346292
0,0.0353376647745829
0,0.0086056169228569
0,0.0474793080261813
0,0.0350913126588767
0,0.0044704295437842
0,0.010579147817791
0,0.0203067533515988
0,0.0353632350998499
0,0.0246765118621744
0,0.0125888297490257
0,0.0349004970242895
0,0.0349647885764684
0,0.0187928564917392
0,0.0358059706392777
0,0.0348075548969263
0,0.0053163915816245
0,0.0349168160426762
0,0.0351501275731499
0,0.0232219467549831
0,0.0357966849577363
0,0.0352269256258324
0,0.0353427127552761
0,0.034775524560939
0,0.0357695888372876
0,0.0350323037540417
0,0.0349673599849783
0,0.0358037082868465
0,0.0358162356753183
0,0.0282647803252062
0,0.0356668228627115
0,0.0446593709561487
0,0.0349348308178922
0,0.03574371765039
0,0.0357684940214478
0,0.035502818259491
0,0.0589553125837643
0,0.0348982002034442
0,0.0348752347647771
0,0.0212254368784629
0,0.0258971140811155
0,0.0348332084258098
0,0.0348197790165626
0,0.0349960001291511
0,0.0358347452347628
0,0.0134349174961478
0,0.0298545774382936
0,0.017697808841857
0,0.0347966015303424
0,0.035724931730844
0,0.0357186821994989
0,0.0010196091447819
0,0.0358602784869804
0,0.0349143803761603
0,0.0241969366253232
0,0.0382809024838412
0,0.03586092686401
0,0.0356975503006939
0,0.0206204262216429
0,0.0357299767761368
0,0.0348400508174104
0,0.0357380402285827
0,0.0356595156282842
0,0.0356046367624484
0,0.0356970540967487
0,0.0321516636497385
0,0.0348147111588442
0,0.035637625357118
0,0.0163892641244708
0,0.0357976111298219
0,0.0671347692756102
0,0.0262239306461347
0,0.0332386140944766
0,0.0281943385010773
0,0.0286115714176738
0,0.0102285085069071
0,0.0355942481739955
0,0.1978115773773085
0,0.0347814565637255
0,0.0350337145944492
0,0.0355740905148564
0,0.03487884353945
0,0.0295216372900891
0,0.0352952238672246
0,0.003395867749878
0,0.0037552637599816
0,0.0348532183264364
0,0.0348896000610626
0,0.0353475917523013
0,0.0289851820528346
0,0.0356553650238292
0,0.0348428273258712
0,0.0357432917257423
0,0.0348288187402475
0,0.0349110388004924
0,0.0355213104275689
0,0.0090476111145547
0,0.0350060244043907
0,0.034807157216799
0,0.0348781434846806
0,0.035683164452764
0,0.035257771048828
0,0.0357841835260898
0,0.0116203098063827
0,0.0349240808530769
0,0.0357875121011925
0,0.0350123227200569
0,0.0109191027314606
0,0.0080455106936324
0,0.0358123076209184
0,0.0329605745927557
0,0.0032234542312053
0,0.0358391191370731
0,0.0087969906187766
0,0.0347818515302738
0,0.0099713019679312
0,0.0356330866041116
0,0.0304774749930753
0,0.0486821364613747
0,0.0254795634078791
0,0.0348142056113817
0,0.0348144846932815
0,0.0058939945364005
0,0.032548453142162
0,0.035649273624817
0,0.0354268507228413
0,0.0049137096535453
0,0.0355060385526329
0,0.0251398707584564
0,0.0352696048913949
0,0.0347667700768045
0,0.0350549782129152
0,0.034966060923395
0,0.0356143162233076
0,0.1487055827404788
0,0.0357207907633756
0,0.0356999314267342
0,0.0095491867189231
0,0.0356606396800346
0,0.0358579295750998
0,0.01921704141924
0,0.0348427259468695
0,0.0349229632581429
0,0.0331040369788093
0,0.0357812629879638
0,0.0045804566502741
0,0.004324488991028
0,0.0356072914774666
0,0.0357795470968494
0,0.0351983698454317
0,0.0347804335297857
0,0.0167203989464441
0,0.0356692398130464
0,0.0332493245332342
0,0.0355244404345501
0,0.0350178010720027
0,0.0114804587921814
0,0.0354237933443013
0,0.1856568314361261
0,0.0358522735920699
0,0.0232876955385662
0,0.0201652417718747
0,0.0358164932001394
0,0.0190120029652503
0,0.0113054047715368
0,0.0031532546990737
0,0.034832031864469
0,0.035835929195748
0,0.0175585283580966
0,0.0358319735470975
0,0.0349115716060986
0,0.0203020167731297
0,0.0358305783595942
0,0.0347814920814095
0,0.0049456827820444
0,0.0051734647320628
0,0.0347858693520457
0,0.0139812414842987
0,0.0351944485053211
0,0.0213873001275386
0,0.0356689228359991
0,0.0076838512799461
0,0.0348462213593332
0,0.0239381796090317
0,0.0351571577401591
0,0.0318587600717375
0,0.0358373387160087
0,0.0810581525102503
0,0.0044475857121395
0,0.0299722759884588
0,0.0352143975122617
0,0.035311654590685
0,0.0046972458483839
0,0.0349402753485719
0,0.0190337245643121
0,0.0350061974637012
0,0.0347905541910452
0,0.0350115632084681
0,0.0327094674104549
0,0.035588466513709
0,0.0357674283915944
0,0.0098351990947496
0,0.0357811866646764
0,0.0218943209485175
0,0.035017146537252
0,0.0199424428333294
0,0.0206348255055534
0,0.0348384296812357
0,0.0299115527636634
0,0.0066383045238151
0,0.0351947474838764
0,0.0357852779196432
0,0.035315333117929
0,0.0127964684835157
0,0.0348587697140544
0,0.0276519102073749
0,0.0357774965516713
0,0.0020406864403707
0,0.0127943342628573
0,0.0247508880773343
0,0.0362347905358009
0,0.0189074550162889
0,0.034787137285849
0,0.0352854091633851
0,0.0347946433701069
0,0.035260026559771
0,0.0190442935623252
0,0.0210295765866923
0,0.0238399976623369
0,0.0127117687458002
0,0.0357917978445528
0,0.0350122054893801
0,0.0748430726508291
0,0.0349508581831494
0,0.03582847166422
0,0.0245621027601389
0,0.0348572870692987
0,0.0353061919028873
0,0.0358487794720014
0,0.0057093628969219
0,0.0351850752581006
0,0.0352943392801344
0,0.0238710602982134
0,0.0348035388326308
0,0.0298200227752636
0,0.0036474619870957
0,0.0355086653259552
0,0.0352835818325847
0,0.0734486724250346
0,0.035240174876977
0,0.0150747262754826
0,0.035828574712393
0,0.0350342803503534
0,0.0154818549011095
0,0.0007979766151001
0,0.0356272490231188
0,0.0178841419468189
0,0.0353156794275087
0,0.0238796927839725
0,0.0295961850015232
0,0.0236841520519952
0,0.0356752281532845
0,0.0358550237113269
0,0.0420548433603958
0,0.0355003650118191
0,0.0353833934008399
0,0.1060055113916006
0,0.0358482064423218
0,0.0112587936805821
0,0.0146921255354903
0,0.0351287123310849
0,0.0351016312443479
0,0.0139451225338311
0,0.034926041915257
0,0.0347957927560822
0,0.0348334629181781
0,0.0036235074362507
0,0.035118981294195
0,0.035255334733674
0,0.0353813665745965
0,0.0102142492958291
0,0.0055109136855744
0,0.017615524105773
0,0.0060565315661475
0,0.0321644961142133
0,0.034843870471528
0,0.0348861898692558
0,0.0350999344160161
0,0.0358315544004578
0,0.1573389666689248
0,0.0348798910149504
0,0.0351512667228706
0,0.0356695291937289
0,0.0354601411508657
0,0.0357390031086448
0,0.0348557849736169
0,0.0348121964351056
0,0.0329081368238576
0,0.0232288210426465
0,0.0351361215716101
0,0.0356772601381305
0,0.035128822043709
0,0.035739914465919
0,0.0350521857902722
0,0.0357628488935607
0,0.0057502062697222
0,0.0455947206734708
0,0.0345767186767616
0,0.0195686228307992
0,0.0331817625619794
0,0.0353548683624337
0,0.0354128158281456
0,0.0352212695391211
0,0.0350648630528469
0,0.0135465098757658
0,0.1693723056981213
0,0.0347935882507739
0,0.0356219097554504
0,0.0353083920326217
0,0.0349987360230439
0,0.0347814517701091
0,0.0080157320175776
0,0.0355876070844981
0,0.005550874630427
0,0.0024475128382396
0,0.0248952329140845
0,0.0021136519094332
0,0.0369209688331585
0,0.0348693644685544
0,0.0358595750901843
0,0.0098104157125507
0,0.0144744873893485
0,0.03479449808172
0,0.0352852550342518
0,0.013263921155344
0,0.0357759795655832
0,0.0250712366877961
0,0.0038167326959497
0,0.0214731265780849
0,0.0350208332203027
0,0.3456520933975102
0,0.0064564899014161
0,0.0358806535779922
0,0.0358340063262462
0,0.0349325155468747
0,0.0347806908233177
0,0.0347818515302738
0,0.0358562714402598
0,0.0353853484389796
0,0.0969669555855254
0,0.0195597723324782
0,0.0349662790525923
0,0.0358647755774035
0,0.0336307425960037
0,0.0348849975617243
0,0.0341452976205923
0,0.0155214252452809
0,0.0249918468998889
0,0.0011437944049539
0,0.0055479600416842
0,0.0089781396619353
0,0.0356589178269937
0,0.0356231589603717
0,0.0109179613349834
0,0.0358146858008822
0,0.0348172359158107
0,0.0067424583426989
0,0.0347879808044846
0,0.0356026541035603
0,0.0357516988526362
0,0.0114105937505402
0,0.0350391844340655
0,0.0350119863599424
0,0.0034123685681422
0,0.0356432235121654
0,0.0357619758965619
0,0.0352838481945865
0,0.0349618539930954
0,0.0358546592441833
0,0.0358550108994119
0,0.0356124911027575
0,0.0224997354566431
0,0.0248001865521771
0,0.0350578053280981
0,0.035579837991785
0,0.0347798365824519
0,0.0320302635071225
0,0.0349462473064519
0,0.0314232380839848
0,0.034986063057133
0,0.0349569127014579
0,0.0354106907795401
0,0.0308197269000558
0,0.1324858283377299
0,0.00223916620229
0,0.0349870212654851
0,0.0304088494350923
0,0.0357548686805759
0,0.0358139956497862
0,0.0350147898059116
0,0.0265173825424799
0,0.0354799098126476
0,0.0233857711952778
0,0.0176317198839623
0,0.035637372796306
0,0.5304805745946236
0,0.0357357771219254
0,0.035358109539865
0,0.035391011198171
0,0.0142633582830427
0,0.0350438938561616
0,0.0356271116458738
0,0.0354527024781437
0,0.0351482174408064
0,0.0028171305124836
0,0.0123336955010494
0,0.0357606686840278
0,0.0356571103512597
0,0.035311521505589
0,0.0357713753905857
0,0.0132191005120357
0,0.0049777187341867
0,0.0358539437317669
0,0.0322698788403392
0,0.0358005969288842
0,0.0044448959962924
0,0.0039768876498032
0,0.0335771476926284
0,0.0354813607295175
0,0.0358099862455886
0,0.0350381946517606
0,0.0358383492619095
0,0.0284382265352077
0,0.0347555115145511
0,0.0331783993879458
0,0.0309414207433073
0,0.0043332017916961
0,0.0265501331917658
0,0.0016239736258188
0,0.0356938137318166
0,0.0352351821777075
0,0.0348399203059075
0,0.0356176677511318
0,0.0705820074565593
0,0.0353462227625411
0,0.0125018177256739
0,0.0249569444882655
0,0.021408215270966
0,0.0356000629517981
0,0.0353290731927142
0,0.03503390019957
0,0.0350107566211414
0,0.0031392110793596
0,0.0165849479890444
0,0.0349146368154254
0,0.0014607066039163
0,0.0354476326975174
0,0.0309966766013095
0,0.0348672409819298
0,0.0356717723352362
0,0.0213366517219664
0,0.0353861887601803
0,0.2529549577165135
0,0.0349118942412465
0,0.0153791533840097
0,0.0357401023950903
0,0.0350153762919146
0,0.0358137288121728
0,0.0351034592768186
0,0.0353174583574461
0,0.0349106950248775
0,0.0039928626375773
0,0.0056160453165569
0,0.0024502350082081
0,0.0256644619381176
0,0.0355898864649592
0,0.0237934811337064
0,0.0358463690084915
0,0.0355590031783967
0,0.0347805839673237
0,0.0352258113286849
0,0.0349602081710211
0,0.0348512973554092
0,0.035801660686468
0,0.0335902207415076
0,0.0353307842020018
0,0.0350210791674919
0,0.035082591438915
0,0.0335902207415076
0,0.0350887472841226
0,0.0347953003529223
0,0.0349066238271707
0,0.0049240697161446
0,0.0356817517535939
0,0.0358235458934502
0,0.0348679624746977
0,0.0224920006494895
0,0.011273897417515
0,0.0348124655495122
0,0.0047180757307598
0,0.0348875791654647
0,0.0358464230926223
0,0.0353501075955961
0,0.0348387566498815
0,0.0357324063233434
0,0.0351624648875198
0,0.0358420568533549
0,0.0354069515291594
0,0.0403726734411163
0,0.0348514915835651
0,0.0011969858610846
0,0.0348835537054668
0,0.0353443662354596
0,0.0349235840330387
0,0.0356081344694455
0,0.0350087935418119
0,0.0358748862218678
0,0.0104167382034182
0,0.0347793279445339
0,0.035496931033664
0,0.0350119863599424
0,0.0355792656182742
0,0.0351153982208418
0,0.0357947342886277
0,0.035684072745401
0,0.0358201754138397
0,0.0349086923125575
0,0.0352695603140713
0,0.0048940912388979
0,0.0356265308230253
0,0.0357473667306158
0,0.031013104726649
0,0.0352761415081474
0,0.0021003213288165
0,0.041581618229254
0,0.0358193223891563
0,0.1089115533234123
0,0.0352388847417664
0,0.0242552390127304
0,0.0348052424971684
0,0.0354159219803712
0,0.0348378763982165
0,0.0126349794336266
0,0.0348587793279184
0,0.035218164876864
0,0.0295125422745939
0,0.0337288054753763
0,0.0222594265242281
0,0.0220351551446835
0,0.034840735336869
0,0.0174181056712344
0,0.0357072402850189
0,0.0182956869624571
0,0.0015270458413703
0,0.0353368825956319
0,0.0349294570657721
0,0.0277324471468746
0,0.0356138944503262
0,0.015611308785711
0,0.0054439314527396
0,0.034813129577524
0,0.0356989329238837
0,0.0356127582608954
0,0.0348017446022933
0,0.0336220680123538
0,0.034780921173803
0,0.0358389226905633
0,0.0348237691533945
0,0.0350939317868866
0,0.0351622691244179
0,0.0352558283242309
0,0.035614184978752
0,0.0348656718834236
0,0.0358223171968091
0,0.0351163128484864
0,0.0347956847176938
0,0.0444779271721538
0,0.2315147848259299
0,0.0349609970622163
0,0.0354814171070965
0,0.0052734287639932
0,0.0353892690422052
0,0.0106795445467572
0,0.0358550140319464
0,0.034833423504336
0,0.0298449491530628
0,0.0350619393942699
0,0.0350309237866897
0,0.0356999775046924
0,0.0349961886326247
0,0.034934744916693
0,0.0350136755103475
0,0.0357041286323121
0,0.0358144881609264
0,0.0352336470097148
0,0.035282429476589
0,0.0182181565217581
0,0.0352420488987465
0,0.0358014256073456
0,0.0357922893065874
0,0.0348575614464044
0,0.033413603398029
0,0.0349914647355707
0,0.0057545469259087
0,0.0355686538811209
0,0.0350717748851789
0,0.0175103438707611
0,0.0348226058326731
0,0.0355974922500811
0,0.0286003183490996
0,0.0357114506745089
0,0.0130708628461945
0,0.0357786619651231
0,0.0353623895782285
0,0.0129609618413068
0,0.0348421879714996
0,0.0138966492822996
0,0.0354494652224694
0,0.0232015281904237
0,0.0357469271875722
0,0.0351157761813489
0,0.0343800464009335
0,0.0203436340909295
0,0.0350451663099917
0,0.0356632544943437
0,0.0356157010980818
0,0.0349500691540613
0,0.0357690491761514
0,0.0349993829208392
0,0.0187424787593262
0,0.0238642895328756
0,0.0348219887657026
0,0.0251694352088149
0,0.0350410017805337
0,0.0358443535717724
0,0.0348858144382837
0,0.0330431642156725
0,0.0288397035168884
0,0.0355880420809873
0,0.0349959464734495
0,0.0040760582958196
0,0.0358547895891208
0,0.0354610929262277
0,0.0353690998684878
0,0.0358445224434629
0,0.0352358232193206
0,0.0349094443849903
0,0.017761753269502
0,0.0358227604856142
0,0.0349049342992088
0,0.017518981202159
0,0.0091986821736607
0,0.035803898915722
0,0.0349444516284904
0,0.0358157199850329
0,0.0358452270291926
0,0.0347962438255221
0,0.0057736446761188
0,0.0348472405769787
0,0.0356142852388626
0,0.0348226920984798
0,0.0245079777419008
0,0.0349980876350106
0,0.0349164249201361
0,0.0355360174815285
0,0.0162109264349858
0,0.0237356094906386
0,0.0358679220829441
0,0.0259907927590358
0,0.0348659214392771
0,0.0349942661471986
0,0.3482466079271343
0,0.0350710074980338
0,0.0179297062415339
0,0.0358106223764494
0,0.0350836403121596
0,0.0350394634269468
0,0.0348973733916477
0,0.0277796238483032
0,0.0353936374582784
0,0.035784869432647
0,0.0034669304457763
0,0.0347955290328836
0,0.0119950007397821
0,0.0351159798357912
0,0.0358583389028337
0,0.0202251918414371
0,0.0357746543037599
0,0.0348128809708897
0,0.0188724268298666
0,0.0076331918354977
0,0.0323376175589093
0,0.0358792872179824
0,0.0356195449471352
0,0.0348560460579404
0,0.0349218545833019
0,0.0263355337015226
0,0.0352482353942407
0,0.0080187572305552
0,0.0349567620006479
0,0.3246030246258386
0,0.0311757229663738
0,0.0350920438658953
0,0.0313923764712681
0,0.0353445960849609
0,0.0188732213338873
0,0.0340837719808159
0,0.0261550209462641
0,0.0355205994463925
0,0.0356687874611632
0,0.03544638374994
0,0.0285394242445287
0,0.0274599330608271
0,0.034927609727488
0,0.0358445638294478
0,0.0358567649706857
0,0.0348953285434707
0,0.141635480054887
0,0.0038335508058802
0,0.0352295567341438
0,0.0349833104561063
0,0.0357128455108278
0,0.0309260761786911
0,0.0133921783735505
0,0.0353355411065866
0,0.0348139346765145
0,0.0327933987451545
0,0.0349364114086426
0,0.023208265203781
0,0.0357703205101503
0,0.0271628659947363
0,0.0352146564943907
0,0.0351512667228706
0,0.0356561099996843
0,0.0010713999801376
0,0.0160755223478075
0,0.0357990042535753
0,0.0017129306710942
0,0.034829577972797
0,0.0351257786879205
0,0.0086675782260322
0,0.0116493555497758
0,0.0239570376341639
0,0.0356270979333205
0,0.03243513847816
0,0.0352328641625143
0,0.0835831034115742
0,0.0349625593447991
0,0.0358400753328398
0,0.007943729955475
0,0.0354342941440313
0,0.0357974872585499
0,0.0355287836104326
0,0.0353252619695747
0,0.0357030521892234
0,0.0351949695186204
0,0.0351646684098052
0,0.0312107953806209
0,0.0347801710238925
0,0.0355485532604744
0,0.0312634165444793
0,0.0358399332172133
0,0.0116386856090739
0,0.0358040731368062
0,0.0348270615213274
0,0.0351685890632838
0,0.0133140418857994
0,0.0462480309256366
0,0.0357004101657116
0,0.0101848947132831
0,0.0348192986958717
0,0.0358658269594352
0,0.0351636390765532
0,0.0348869535398049
0,0.0358242438931599
0,0.0122095760602698
0,0.0356157384096239
0,0.0358999804411836
0,0.0306746887579574
0,0.0348162226425961
0,0.015394997449406
0,0.035413670059877
0,0.0357217488619247
0,0.0347839240926361
0,0.0348622424810956
0,0.0172811327547684
0,0.0350936863719042
0,0.0349188114941901
0,0.0348251298781549
0,0.0355272612888574
0,0.6215419629664983
0,0.4941983931025144
0,0.0348325569566039
0,0.7121489594981066
0,0.0353777696572313
0,0.0357491948619014
0,0.0357495586185444
0,0.0354194344982969
0,0.0353039495614296
0,0.0358197156607154
0,0.0349334215235294
0,0.0538342126959299
0,0.0219743759169742
0,0.0214251447166968
0,0.0357843347511579
0,0.0202757544798829
0,0.0351647492728628
0,0.0348091354135674
0,0.035671907212696
0,0.2308363782113583
0,0.0350276044547253
0,0.0351551204725848
0,0.0357171871175359
0,0.016683452113438
0,0.0357715536083014
0,0.0357376405399813
0,0.0353704819019153
0,0.0162504925935929
0,0.0113656707678966
0,0.0358594041323485
0,0.008325647745772
0,0.0353366138733213
0,0.0638199843352359
0,0.0350271631897571
0,0.0352906470290974
0,0.0357282149408698
0,0.0358091411056898
0,0.0250181909940135
0,0.0019613976738244
0,0.0355562914177234
0,0.0352400287044105
0,0.0349054872743973
0,0.0357328656347868
0,0.0358634419993696
0,0.0347830772537229
0,0.0357634678882806
0,0.0357487085007207
0,0.0354189980566697
0,0.0356300018738314
0,0.0356286922103934
0,0.0353144950108449
0,0.0352370737675006
0,0.0357596108588612
0,0.0353277707281288
0,0.0352044214050942
0,0.0338534181937032
0,0.0328644112134541
0,0.0358642228771563
0,0.0104495461971811
0,0.0126898188814905
0,0.0351552222744831
0,0.0357085753661468
0,0.0355952849504186
0,0.022664321233534
0,0.0357351127836871
0,0.0014296351972537
0,0.0316847908329099
0,0.0348779482169318
0,0.035429518117201
0,0.035851003079527
0,0.0139761652746263
0,0.0358564943759795
0,0.030883648521748
0,0.0356151613338256
0,0.0297311475171056
0,0.0114229323721995
0,0.0350193942428161
0,0.0095823651119667
0,0.0274683298902408
0,0.0352611385337624
0,0.0349619697176173
0,0.0356225064298445
0,0.0350077055723436
0,0.0357133683845641
0,0.0042911019694647
0,0.0155395254937432
0,0.0353593410769919
0,0.0172059912288994
0,0.0200665328219282
0,0.0357601081204325
0,0.0358189355274141
0,0.055953324548468
0,0.0348427031536114
0,0.0349264918968054
0,0.035691689959028
0,0.0342036031126838
0,0.0357018424461612
0,0.0348799897162604
0,0.0353008981585144
0,0.0353467924552412
0,0.0306096722899121
0,0.0202691387810292
0,0.034188118234952
0,0.0194324276508172
0,0.0355410953875434
0,0.0358634806347949
0,0.0352054667267484
0,0.0832089536322724
0,0.0351318808408685
0,0.0189259620099128
0,0.0260288622905374
0,0.0243121283152709
0,0.03499162326724
0,0.008136454257866
0,0.0356074715443816
0,0.0348095671078014
0,0.0035148002058815
0,0.0349453131818711
0,0.0288574204759879
0,0.0350073203195993
0,0.0358530992387691
0,0.0349573558243686
0,0.0348855364716692
0,0.0356487264973998
0,0.0347879897890078
0,0.0351711151338804
0,0.017084897503929
0,0.0354303372140585
0,0.0356099896936988
0,0.0270869460869247
0,0.0349090800609634
0,0.0349797955187147
0,0.5634267858233809
0,0.0358493090415044
0,0.0358665807172343
0,0.0354523039337852
0,0.0347868498703769
0,0.0358917447060304
0,0.0358611401944545
0,0.0347872174212267
0,0.0353388869316315
0,0.0168616785811491
0,0.0356508360107228
0,0.0358473151596536
0,0.0348783063802878
0,0.0357520359663181
0,0.027430690123399
0,0.0231970916279496
0,0.034896343454779
0,0.0356986726298389
0,0.0211774537148419
0,0.0347970430679952
0,0.0354223318175902
0,0.0354912381644798
0,0.0350463734922375
0,0.0358498877668774
0,0.0348331913897294
0,0.0354835607123961
0,0.0191751304336717
0,0.0198642099448374
0,0.0350787185435528
0,0.0350108464668212
0,0.0350281979565145
0,0.0358258477524005
0,0.0178614342923334
0,0.0137957664212962
0,0.0044188317777403
0,0.0047698184813787
0,0.0270090365376617
0,0.0021884859411903
0,0.0212279146067122
0,0.0350735215741729
0,0.0147613156066889
0,0.0356452688863064
0,0.0334158579791886
0,0.0354886734614436
0,0.0353023545472025
0,0.0353830542324908
0,0.0357397028410188
0,0.0347973591150559
0,0.0349508581831494
0,0.0350912443604457
0,0.0349050778023991
0,0.0350007694573729
0,0.0358198931664925
0,0.0270611268115507
0,0.035651053844551
0,0.0348651207890291
0,0.0356041839707452
0,0.0349618157682899
0,0.0356770557395404
0,0.1435230490871676
0,0.0319421033469472
0,0.035462731862186
0,0.0295722550828036
0,0.0353610505995234
0,0.0358578698261353
0,0.009460056110318
0,0.0199572111966876
0,0.0352298105524062
0,0.0342884816445851
0,0.0351586290036451
0,0.0004658020869684
0,0.0355382242853185
0,0.0357660519473895
0,0.0726115383912981
0,0.0349036151362809
0,0.0347843625826235
0,0.0301536578236074
0,0.0349277828352418
0,0.0356267994469748
0,0.0272797576995781
0,0.0357020309470755
0,0.035857777466697
0,0.0032669286849048
0,0.03585366202307
0,0.0294758706040831
0,0.0358017348999853
0,0.0134333825452515
0,0.0352046840683083
0,0.0358659366800011
0,0.0353265753721533
0,0.0358804115354546
0,0.0314592112988728
0,0.0348083997312674
0,0.0348941019806211
0,0.035569965809649
0,0.0161806714465313
0,0.0347530694542298
0,0.0347812389590568
0,0.0349446782516207
0,0.0192540046110714
0,0.0310746881043374
0,0.0347886863208255
0,0.0357705783726936
0,0.0349538647128988
0,0.0281599924491239
0,0.0350818966763003
0,0.0350416247173172
0,0.0310759165563254
0,0.0350208445164793
0,0.0348289399060758
0,0.0343352482470963
0,0.0348230052166781
0,0.0112462100334433
0,0.0011226337560802
0,0.035444871491719
0,0.0358634260188466
0,0.0356488356692517
0,0.0348559680163412
0,0.0351178126782017
0,0.0349786526028416
0,0.0152046382497196
0,0.0353760233019242
0,0.0232628939544561
0,0.0356124628006397
0,0.0357938303328223
0,0.0112991953195398
0,0.0348387449893182
0,0.0348875791654647
0,0.0352264482433249
0,0.0355435042508259
0,0.00173370614083
0,0.035830433002545
0,0.0356923847257304
0,0.0355967092323395
0,0.0252547863518065
0,0.0358515912223532
0,0.0190260183548441
0,0.034824650131448
0,0.0348668014492051
0,0.0203563652414139
0,0.0019316313917183
0,0.0348668648639838
0,0.0089552159973476
0,0.0077951711710433
0,0.0357608852082695
0,0.0354277256571963
0,0.0103083146547127
0,0.0356252779738689
0,0.0347821270386712
0,0.0358471148520601
0,0.035508129245545
0,0.0356837249581553
0,0.0358556065370236
0,0.0082296859762792
0,0.0148574312520275
0,0.0230967116151117
0,0.0353201610687059
0,0.0358081922732176
0,0.0324628706399892
0,0.0346650782053674
0,0.035722202070717
0,0.0058518257845405
0,0.0168312083728371
0,0.0251140448574607
0,0.0358152948398029
0,0.0357892082645617
0,0.0347888574484409
0,0.0348835848977561
0,0.0155738268331577
0,0.01989029047303
0,0.035719330149342
0,0.0357364630994402
0,0.0357738466602971
0,0.0272822059926364
0,0.0355326143478344
0,0.0356413499311514
0,0.0349254840260726
0,0.0115103951769332
0,0.035309896308514
0,0.0202878144157441
0,0.0063468427527349
0,0.009928087132781
0,0.0355154173375156
0,0.0348559695276261
0,0.0358607758403178
0,0.0320204048407212
0,0.0358007523956501
0,0.0050701709968966
0,0.0022438519389748
0,0.0108553085702865
0,0.0348833581151933
0,0.0163116163837088
0,0.035120846900603
0,0.03553913642924
0,0.0551751116245148
0,0.016066730047931
0,0.0100774361625629
0,0.0003236151709797
0,0.0178528291396915
0,0.0358219772886113
0,0.0358186698021603
0,0.0287851013553271
0,0.0348004278809314
0,0.0357193872949701
0,0.0249365819980473
0,0.0332296186826038
0,0.0348624307799233
0,0.0347857075434539
0,0.0349017181326293
0,0.0352370737675006
0,0.0349102628444472
0,0.0348025150273142
0,0.0349049342992088
0,0.0034630023304523
0,0.0350142814105779
0,0.0358297606432446
0,0.0016762697685825
0,0.0174998117089499
0,0.0334999677026219
0,0.0354650703884051
0,0.0347828078631428
0,0.035769312285195
0,0.0356089036571618
0,0.0357185995093362
0,0.0349040681106338
0,0.0184494081261746
0,0.0356489973502961
0,0.0347799089980706
0,0.0276260001795008
0,0.0358267160657825
0,0.0358656941145252
0,0.0183372537838652
0,0.0353588404501424
0,0.0348477230621813
0,0.0445134584889582
0,0.035412151599225
0,0.0358548789572479
0,0.0351828630196747
0,0.0358539998481324
0,0.035535336158476
0,0.0353300781979564
0,0.0353561485762074
0,0.0326857073220428
0,0.5308328541214665
0,0.0357343202911489
0,0.0348464158279694
0,0.0121139488222792
0,0.133210458741849
0,0.0349406696433077
0,0.0355435042508259
0,0.0355789840662344
0,0.0358206208353527
0,0.0356161531786257
0,0.0131709672258971
0,0.0166439595298004
0,0.0293866196320981
0,0.0356355438189673
0,0.0354554074641162
0,0.0069352147258961
0,0.0349300542583541
0,0.0316965602880132
0,0.0356680972527431
0,0.0348705789419819
0,0.0356715999670315
0,0.0349269746059579
0,0.0349009613740357
0,0.0356846813676404
0,0.0358526312048213
0,0.035596847324582
0,0.0347817571812125
0,0.0349008455371258
0,0.0348206925649053
0,0.0355980865205726
0,0.0352298105524062
0,0.0301364392771713
0,0.0356131058329226
0,0.0347858698428914
0,0.0356700468547883
0,0.0319522742332707
0,0.0332906486063258
0,0.0356454768619355
0,0.0354999765133108
0,0.0327441964103338
0,0.0351355868830755
0,0.0355565889452129
0,0.0358020068228109
0,0.034841592060118
0,0.0347988275654196
0,0.0014683067997663
0,0.0194415518371354
0,0.0200491913495004
0,0.0350526012202316
0,0.0170830443521986
0,0.0357827842939138
0,0.0348310315224837
0,0.0351542718388001
0,0.0348070647790372
0,0.0348143686044976
0,0.0347967280131741
0,0.0255760487000744
0,0.0070085986503228
0,0.028673854228602
0,0.0142486992719689
0,0.0354351323390126
0,0.0357478966977015
0,0.0291272229326513
0,0.0355996532106895
0,0.0205828893143506
0,0.0117602030417384
0,0.0355141263037387
0,0.0358104583922797
0,0.0357107235473863
0,0.0118551800944562
0,0.0021619078046731
0,0.0358048858667267
0,0.0347773696934472
0,0.0127270843465842
0,0.005297048494887
0,0.0145665803452425
0,0.0078768966729671
0,0.035745754832138
0,0.0288463027210631
0,0.0355131019545256
0,0.0087482575327076
0,0.0829841268138188
0,0.0311528057420455
0,0.0199540748697632
0,0.0296136452560075
0,0.0352133977762774
0,0.0356382845370024
0,0.034947242869096
0,0.0322053670524439
0,0.0163094165228698
0,0.0356454412238013
0,0.035176162762727
0,0.0355531819501805
0,0.0084101764595138
0,0.0357231632073808
0,0.0358542547778544
0,0.0348199742498982
0,0.0350727508144571
0,0.0348027655428729
0,0.0347817640177381
0,0.0357291632179552
0,0.0118367352123997
0,0.0351588035674146
0,0.0143536392804164
0,0.0348083599961593
0,0.0358634231984009
0,0.0351168931418851
0,0.027555924832092
0,0.0024585194848516
0,0.0347940745041075
0,0.0812771800602747
0,0.0355545332136298
0,0.0318769359595136
0,0.0354114676760622
0,0.0348302117946877
0,0.0353594500018675
0,0.0029697303764023
0,0.0126048399522647
0,0.0356540917011056
0,0.0355881399700401
0,0.0348113685264702
0,0.0354786558471195
0,0.0117362633009109
0,0.0358451155925449
0,0.0355407738311994
0,0.035119053492932
0,0.0104713641494052
0,0.0347856296475001
0,0.0356949361486524
0,0.0353366138733213
0,0.0357853911948685
0,0.0163510212476374
0,0.0358688548734736
0,0.3933603116643168
0,0.0347716463035485
0,0.0349520584439641
0,0.0311326287031436
0,0.0347791201128061
0,0.0349129203789222
0,0.0076107168347253
0,0.0290337693130506
0,0.0236853050467641
0,0.0196448534864893
0,0.0132656071783702
0,0.0351352646603947
0,0.0127112787536676
0,0.0358459615811749
0,0.0352162705995874
0,0.0351646684098052
0,0.0353180211163353
0,0.0631859419843102
0,0.0347785830594285
0,0.0349438676310788
0,0.0348207085687834
0,0.0356283715651855
0,0.0348879489623512
0,0.0352971655069602
0,0.034859139865025
0,0.0358167319253834
0,0.0356976438258117
0,0.0025916579649927
0,0.0045581255553539
0,0.0269399436332234
0,0.0355559128023764
0,0.0250338562528917
0,0.0160307285601378
0,0.0349760863469659
0,0.0358564370602683
0,0.03529267309734
0,0.0273332651163143
0,0.034813223181004
0,0.0356971175997876
0,0.080467782966442
0,0.0347701032507329
0,0.0353135854910958
0,0.0357919810674416
0,0.0352464631097172
0,0.0348293381329653
0,0.034868953815545
0,0.0010240004514121
0,0.0727974949669982
0,0.0349894348827131
0,0.0351149644796319
0,0.0193034938248387
0,0.0357195443673364
0,0.034955580727873
0,0.0358805719896896
0,0.0337481256648279
0,0.0033643152394772
0,0.0013825390024674
0,0.0347998776844502
0,0.2018378691202695
0,0.0353830492671961
0,0.0358461077305403
0,0.035064098074961
0,0.0112415869353898
0,0.0349461140067273
0,0.0348745498669834
0,0.0355885941241221
0,0.0356813369276526
0,0.0327491740636916
0,0.0323612213065696
0,0.0348917159940205
0,0.0347426865643838
0,0.0353055111483299
0,0.0280260141235035
0,0.0355068338919582
0,0.0348379631697605
0,0.035497409368876
0,0.0358375085817945
0,0.0356064450304508
0,0.0252160112633201
0,0.0358684579306922
0,0.035328015906198
0,0.0244071051549073
0,0.0093692018529167
0,0.0353937679225749
0,0.0029728006243691
0,0.0353117170985677
0,0.0358043668737685
0,0.5317367942298399
0,0.0357772900621573
0,0.0348289146194187
0,0.0348962810677604
0,0.0340361099414596
0,0.0352598010235217
0,0.0482650453884359
0,0.0292092949852968
0,0.0061637259791438
0,0.2768120501850133
0,0.0324358778466313
0,0.0358100033795978
0,0.0357803735037038
0,0.0358011198518365
0,0.0038836103884413
0,0.0356323784423338
0,0.0171276745745963
0,0.0351536057700439
0,0.034853658373836
0,0.0348288187402475
0,0.0003803954981642
0,0.2471020635175967
0,0.0350333484873754
0,0.0352377926819294
0,0.0354864035709566
0,0.0349894600992762
0,0.0085818721447586
0,0.0197231981751813
0,0.0356584218679547
0,0.0349469667466604
0,0.0351291188213502
0,0.0318756808766091
0,0.0357454764386149
0,0.0261959298643636
0,0.0220124041369973
0,0.0357720210766162
0,0.0358685124012597
0,0.021135702549346
0,0.0348691920257491
0,0.0351574875537767
0,0.0354707599336349
0,0.0350048411538672
0,0.0350141708528558
0,0.0350422216799308
0,0.0348034210951052
0,0.0347925823868576
0,0.0357038319833064
0,0.0214393895443426
0,0.0355270616977173
0,0.0331838491045265
0,0.0357077197392877
0,0.03568639808993
0,0.0352954741629182
0,0.0357268796107952
0,0.0353553852425114
0,0.0358384413783971
0,0.0349339013695267
0,0.0358513642504837
0,0.034781456513312
0,0.0348733965536632
0,0.0282373487290045
0,0.0351509673404512
0,0.0355143054084841
0,0.0347795297155743
0,0.0349326036732772
0,0.0348115081594949
0,0.0139118097782
0,0.0194242433229794
0,0.0358751390942365
0,0.0358036494898353
0,0.0350069104153363
0,0.0355160947699205
0,0.035685416170273
0,0.0292094329434329
0,0.1042806196558782
0,0.0169338305982058
0,0.0349481953380941
0,0.0356293829478637
0,0.0348130012915006
0,0.6472657167001918
0,0.0347796384690116
0,0.0322030198081307
0,0.0351563505376145
0,0.0352431975152287
0,0.0105116720106016
0,0.0356672739211463
0,0.0356378739473415
0,0.0350610195234279
0,0.0352077711235755
0,0.0349377276351609
0,0.0349444516284904
0,0.034795403642418
0,0.0348304340745764
0,0.0121940573798443
0,0.0354623391021061
0,0.0356829184595332
0,0.0348761123634771
0,0.0338701606740218
0,0.0356190103195864
0,0.0349884051217864
0,0.0289427898856546
0,0.035730962221255
0,0.0123175943450213
0,0.0353293980966856
0,0.0195063444314219
0,0.0355244164986183
0,0.0352536247978588
0,0.0161970897918106
0,0.0186219803033982
0,0.0282130212477894
0,0.0358113042371349
0,0.0352063470207986
0,0.0059724836468231
0,0.0350623757621248
0,0.0353891973432517
0,0.0358670794502693
0,0.0358560756150149
0,0.0352016876668605
0,0.0044416509349083
0,0.0244712368596964
0,0.0313997789876629
0,0.0353890330893203
0,0.0347569900381267
0,0.0268218782054043
0,0.0351205803756749
0,0.0358573012810694
0,0.0358108655072524
0,0.0348582568688496
0,0.0110518529385956
0,0.0354587501365168
0,0.0357957585368342
0,0.0356770557395404
0,0.0351784508068792
0,0.0352247429198496
0,0.0347950590891052
0,0.0347248630593632
0,0.2027012289536454
0,0.0352684760157745
0,0.0347828120396788
0,0.0357404711317562
0,0.0356520414486195
0,0.0358068964784009
0,0.0352639123160252
0,0.0032843382472233
0,0.0007738062374047
0,0.0348312117855623
0,0.0355643275187606
0,0.0353321925959921
0,0.0348402259341805
0,0.0196388789156723
0,0.0356077417484834
0,0.0358167877924636
0,0.2603664990265548
0,0.0356464071627646
0,0.019533053290815
0,0.0100197019939086
0,0.0955672945479105
0,0.0020308319488395
0,0.0358578702149332
0,0.0635245518017992
0,0.0193730007595939
0,0.0110365638204153
0,0.0156088987311358
0,0.0242090320796303
0,0.0256582990729228
0,0.0348721233677793
0,0.009628351830432
0,0.0353174370160485
0,0.0355802433004319
0,0.0356177257921017
0,0.0327482959249265
0,0.0353704819019153
0,0.0348012590519072
0,0.0278507236681295
0,0.0349717851966738
0,0.0358187228314035
0,0.03493056144054
0,0.0351872123053404
0,0.0358460794568435
0,0.0354088861192241
0,0.0354143772451089
0,0.0218380283910356
0,0.0352481014845268
0,0.0356379407521331
0,0.0332366162823505
0,0.0256051866477859
0,0.0347817530414656
0,0.0357964115261017
0,0.0101174997941981
0,0.0352000508731779
0,0.0348793190807109
0,0.0358438198472332
0,0.3798231776653847
0,0.0356806255104755
0,0.0358531374621504
0,0.0347808021813515
0,0.0357059074636228
0,0.0347809565055803
0,0.0354377192015448
0,0.013070016405659
0,0.0356676035407383
0,0.0548781328142136
0,0.0256882320109678
0,0.034976414103624
0,0.0352081307478324
0,0.0349702055480136
0,0.020629597225536
0,0.0217334175497457
0,0.0136879339603147
0,0.0355133536911872
0,0.0356611496302297
0,0.0357623424761568
0,0.0350230559974682
0,0.0314232380839848
0,0.0356295091012347
0,0.0356906381403105
0,0.0232552427855707
0,0.0354038135365357
0,0.0357603690490453
0,0.0137283514360625
0,0.035383345005761
0,0.035743790239273
0,0.0341860699775165
0,0.0026041119103984
0,0.0356495395269646
0,0.0346536661729935
0,0.0351974616981354
0,0.0357396015408651
0,0.0355852653969172
0,0.0358407334214232
0,0.0356160495069816
0,0.0348377405601439
0,0.0353340827804604
0,0.0352905745930263
0,0.0358089827773313
0,0.0357100180252526
0,0.0356075661157392
0,0.0110967592065081
0,0.0347799089980706
0,0.0352492213634306
0,0.0350023034563291
0,0.0350520318509313
0,0.0309855678732072
0,0.0168523793398395
0,0.0358076747187375
0,0.0349878589030515
0,0.035857914895366
0,0.035161981841107
0,0.0348369797086242
0,0.0107820515194264
0,0.020486538818261
0,0.0129639905499587
0,0.0149919717913904
0,0.0129941953319735
0,0.0299760142337901
0,0.0236866266373272
0,0.0348971520150198
0,0.0349358934777491
0,0.0351170361684047
0,0.034979346779008
0,0.0309403647699539
0,0.0349154338220254
0,0.0351211812564073
0,0.0347819368142346
0,0.0348391722606527
0,0.0356502107969804
0,0.0359004785344482
0,0.0358533407333201
0,0.0351476982865295
0,0.0353642740663076
0,0.0018175939935298
0,0.035642521241227
0,0.035836587967683
0,0.0357660404296054
0,0.0256130483759678
0,0.0357355015315131
0,0.0352189010625923
0,0.0508760225246241
0,0.0355916773568656
0,0.0348611135840183
0,0.0348382661793734
0,0.0357101697554091
0,0.0348616480364706
0,0.0222940665109128
0,0.463046363235874
0,0.0152726502928799
0,0.0358556284294735
0,0.0193909910129992
0,0.0160617095694927
0,0.0155278869145759
0,0.0351526658448847
0,0.0356831921866728
0,0.0127738511606219
0,0.0076728024304195
0,0.0347946370932957
0,0.0358430709124959
0,0.0354938342467189
0,0.0348875082697849
0,0.0347648020950034
0,0.0352166066204832
0,0.0262494365647884
0,0.0121029382704308
0,0.0078585853322179
0,0.0356658988066151
0,0.0357024172548507
0,0.0351860157127243
0,0.0230912879887472
0,0.0341617831090126
0,0.005727069675353
0,0.0349426919802722
0,0.0500158290432183
0,0.0351087685531131
0,0.0009759225365294
0,0.0417791399768548
0,0.0353515894523649
0,0.0358527842841085
0,0.0358636164843233
0,0.0358387363887216
0,0.0156052211996492
0,0.0349532494503826
0,0.0306344955023172
0,0.0147891216910921
0,0.0337573596541254
0,0.0264349115750158
0,0.0355975932436871
0,0.0355192536271364
0,0.0352463491711761
0,0.034787137285849
0,0.0356624976760265
0,0.0358621339709995
0,0.0353791429666958
0,0.0204274148376205
0,0.0357377298198883
0,0.0055961903153279
0,0.0357840154606203
0,0.0349650816860845
0,0.0348717316779553
0,0.0348167334169689
0,0.0356135222835925
0,0.0350797073795132
0,0.0349410822382129
0,0.0206431635801303
0,0.0146095603349918
0,0.0356146862562784
0,0.0351385690846762
0,0.0351283691814648
0,0.0165256387084023
0,0.0052332697536999
0,0.0347508488133514
0,0.035456856474262
0,0.0278308961639591
0,0.0349015241834004
0,0.0352309034660888
0,0.0099729651771625
0,0.0327672957810365
0,0.0356361153347321
0,0.0127132613534461
0,0.0264756671563276
0,0.0358505708203994
0,0.0354711710795047
0,0.0017843902318845
0,0.026324101767861
0,0.035794669932333
0,0.0349730276635904
0,0.034767240692798
0,0.0358256994234307
0,0.004151676007224
0,0.0358450042432335
0,0.0348040781052613
0,0.0358327127247164
0,0.0151327277887302
0,0.0350944934648938
0,0.0356573164108046
0,0.0233842076864653
0,0.0035128943502325
0,0.0357624586767437
0,0.0078070639193875
0,0.0348006924616771
0,0.0356617213582978
0,0.0348107565611471
0,0.0358208928726149
0,0.0348217935144428
0,0.0354838040309251
0,0.0004105540203538
0,0.0611086025668617
0,0.0348023037285774
0,0.0349495811407946
0,0.0092723135068783
0,0.0356692964252666
0,0.0348008192380772
0,0.0328176499093096
0,0.0351039302959327
0,0.0347820198641888
0,0.0352804076097841
0,0.0478403761602734
0,0.0103488369185317
0,0.0349198722395108
0,0.0044396526979067
0,0.005089860668799
0,0.0051356039507244
0,0.0355161256607097
0,0.0356573260838161
0,0.0287171564633996
0,0.034788573457406
0,0.017918275510177
0,0.0350955497834635
0,0.0068598383341399
0,0.02480269625812
0,0.0348061492150547
0,0.0358238654290593
0,0.0073586776426419
0,0.0356437921325781
0,0.0079061669201977
0,0.0320718115174856
0,0.0358477551897081
0,0.0357161712014439
0,0.0348326136021076
0,0.0357910767269556
0,0.0348576342305684
0,0.0120347376808042
0,0.0069348725002296
0,0.0353111395893478
0,0.0021005329228885
0,0.035155117746471
0,0.0355507848865438
0,0.0007217415860023
0,0.0038428403533162
0,0.0279691031822413
0,0.0358311304007481
0,0.0235343006497758
0,0.035109445612283
0,0.0348968992067317
0,0.0353501075955961
0,0.0358079376129688
0,0.0353546761150066
0,0.0355520310038049
0,0.0357953295818698
0,0.0384923581330168
0,0.0350004646122249
0,0.0348140207099982
0,0.0349158146371097
0,0.035607106565869
0,0.0358140474400105
0,0.0371017577817923
0,0.0350514100901031
0,0.0356567748875841
0,0.0356185592557647
0,0.0348339189446205
0,0.0356105103704422
0,0.0358619614797765
0,0.0352710206743062
0,0.0186487673301958
0,0.0143119227576985
0,0.002568009270071
0,0.0348296806624045
0,0.0356753903138371
0,0.0119621504603618
0,0.0357605323292353
0,0.03483268774301
0,0.019533053290815
0,0.0151459126872707
0,0.0242774825884266
0,0.0325384845411434
0,0.0303546289836242
0,0.0356103021248011
0,0.035159775074938
0,0.0358183907782973
0,0.0024481271594942
0,0.0357421083246951
0,0.0014468794756945
0,0.0350477070418555
0,0.0358451922566946
0,0.0294336053260739
0,0.0354744980345937
0,0.0142866593952402
0,0.0350458012423697
0,0.0005609687092617
0,0.0348300931141334
0,0.02318740002884
0,0.0349616256610164
0,0.0347997873415598
0,0.0353987065855372
0,0.034992280966848
0,0.0355428104681414
0,0.0041557313025138
0,0.0358329653951345
0,0.0357867314476838
0,0.0347553226380537
0,0.0657490514073057
0,0.0015274209587625
0,0.1600897715749772
0,0.0357561913347269
0,0.0351166003693034
0,0.0061680989112155
0,0.0347948794524217
0,0.0354871436210332
0,0.0042276557195126
0,0.00300243425901
0,0.0354727951315035
0,0.0358161992127972
0,0.0216998710150223
0,0.035187170330715
0,0.0253908086049599
0,0.0349015241834004
0,0.0356504903323051
0,0.0009543142740941
0,0.034099286093116
0,0.0353420841046409
0,0.0353423809819606
0,0.0348314722205291
0,0.0014956077284582
0,0.0357588075671544
0,0.0158146558110587
0,0.0097440376043609
0,0.0209662965434972
0,0.0357954658299305
0,0.0880647258706702
0,0.024081455374351
0,0.0348404717728892
0,0.0352084243228922
0,0.0197889238912661
0,0.035328015906198
0,0.0119206237083241
0,0.011119949478316
0,0.0366316905715442
0,0.0357631805427604
0,0.0392444707475048
0,0.0355399818077502
0,0.035809061579275
0,0.0357721916489684
0,0.0316472758756521
0,0.0348128624578486
0,0.004437426522148
0,0.0299389779099048
0,0.0355801970285351
0,0.0348872352616454
0,0.0024030334238306
0,0.0348988151937138
0,0.0272026522470591
0,0.0355488173125934
0,0.0149017856038767
0,0.0348575614464044
0,0.0357422123804737
0,0.0349742395978286
0,0.0355627615125178
0,0.0349234126580197
0,0.0356811044978735
0,0.0213282004593247
0,0.0356280078435663
0,0.0165925066609984
0,0.0341415160363607
0,0.0352061431720343
0,0.0349066232580326
0,0.0170484981553884
0,0.0109544858858877
0,0.0349905387079987
0,0.0357220292941039
0,0.0350486521486627
0,0.0350433841886982
0,0.0061111474430676
0,0.0347851187180865
0,0.0349798685880354
0,0.0088331707248217
0,0.051521483316202
0,0.0355524446572139
0,0.0332414044385342
0,0.0356881686300945
0,0.0355670399155571
0,0.0265446761055384
0,0.0213230919313486
0,0.0217730599940915
0,0.0354951882674083
0,0.0357670838440074
0,0.0218182012216924
0,0.0330492659659957
0,0.0354498268598322
0,0.0354086593871196
0,0.030769641516502
0,0.0353893187673874
0,0.0357116687117951
0,0.0347868775855685
0,0.0353610169057037
0,0.0348408749536077
0,0.0269763224295103
0,0.003748685842876
0,0.0351876408798746
0,0.0349270019769456
0,0.0326513211572833
0,0.0149219946523612
0,0.0348001351446186
0,0.0259939273862929
0,0.0003113124664542
0,0.0349080067121923
0,0.0357918760429286
0,0.0024394295427102
0,0.0348322721170089
0,0.034791295410733
0,0.0358647781004276
0,0.0354020890186466
0,0.0355084587802127
0,0.0355641254535663
0,0.0353041310009386
0,0.0348645642005562
0,0.0348998946736453
0,0.0352410995136128
0,0.0356910675285073
0,0.0355971485893353
0,0.0355523188279391
0,0.0356581548080227
0,0.0351397835710916
0,0.0159730696689178
0,0.0268056630684129
0,0.0354283407247371
0,0.0348008322642714
0,0.0358143274494392
0,0.0348912438128678
0,0.0115015101438337
0,0.0356562156080134
0,0.0128619616117421
0,0.0351570494429406
0,0.0352182733410431
0,0.0350354571205566
0,0.0018747654405823
0,0.0021178556219207
0,0.0159366855506634
0,0.0152624047981829
0,0.0352570320213632
0,0.0149500652036239
0,0.0176498202021097
0,0.0356721226033252
0,0.0336391633426983
0,0.0347639086746412
0,0.0350913741526366
0,0.0355480051722349
0,0.0281932547012419
0,0.0356065906746207
0,0.0216162388786076
0,0.0358790317844396
0,0.0198583241750074
0,0.025287203184666
0,0.0347895680966978
0,0.0348375060823469
0,0.0348378345393614
0,0.0356247395872614
0,0.0356306742327097
0,0.0318699527726243
0,0.0626756334240181
0,0.0358156829621787
0,0.0142829975480127
0,0.0349312652564858
0,0.0353051960610656
0,0.035056395577954
0,0.034884197780235
0,0.0144302188589854
0,0.0352101838670133
0,0.0117405325736337
0,0.0354160358624595
0,0.0021575282496111
0,0.0293034142838029
0,0.0095566698886
0,0.0239040825362094
0,0.0644232770627148
0,0.035187600415667
0,0.0356364701581721
0,0.034868878065102
0,0.0356281341222954
0,0.0207720383775491
0,0.0348133264728717
0,0.0356860673046141
0,0.0348766036257446
0,0.0051246916100477
0,0.0354065353872601
0,0.0350296519532572
0,0.0355514922808145
0,0.0354655397195421
0,0.0358427337101832
0,0.0351381894533631
0,0.0347845605510817
0,0.0348356749417346
0,0.0120330310739803
0,0.0347798611695549
0,0.0099861544351083
0,0.0352937581980605
0,0.0357200648240119
0,0.0352609757582522
0,0.0320003430074453
0,0.0353734180335254
0,0.0336530723463124
0,0.0357835660843956
0,0.0356491653045188
0,0.0348086638520129
0,0.3910554879182133
0,0.0356572241808867
0,0.0357228706285865
0,0.0185909201345342
0,0.0358345092323433
0,0.043490872510628
0,0.035606892934914
0,0.0356686631739815
0,0.0355233605968007
0,0.0347811161047672
0,0.0358312757640051
0,0.0349266112118089
0,0.0212009664066329
0,0.0357979009208593
0,0.0083021949668313
0,0.0348794405056043
0,0.0357175092764954
0,0.0348161212463025
0,0.0351299330282751
0,0.0356245983274041
0,0.0356028123231262
0,0.0324838828932111
0,0.0344119807271795
0,0.0352345230437203
0,0.0258763805894216
0,0.0351176585900777
0,0.0356823277544792
0,0.0350989200586838
0,0.0357122849645767
0,0.0178745555090242
0,0.0350561787736713
0,0.035629721857068
0,0.0351192574670504
0,0.0180226801275211
0,0.0236400810909043
0,0.030686841271791
0,0.0031459204083701
0,0.003577372400436
0,0.0152686102413586
0,0.0358079743170296
0,0.0352930818371613
0,0.0101347480966636
0,0.035621691269074
0,0.0297625496079754
0,0.0351492075499373
0,0.0357826582045934
0,0.0350081503677609
0,0.0189132052993558
0,0.029378765034759
0,0.0358366010354876
0,0.035326192592021
0,0.0348837286218626
0,0.0354548259503402
0,0.034782801203486
0,0.0354730773863928
0,0.035856878052959
0,0.0350431769256792
0,0.029132080067217
0,0.034958269701786
0,0.4506918130332247
0,0.1477081672127315
0,0.0357548761881199
0,0.0247677414064059
0,0.0066568519322342
0,0.0356567605202079
0,0.0358220272528482
0,0.0145333163998148
0,0.0132652100984412
0,0.0348008972565467
0,0.0355139870930043
0,0.0358605849975179
0,0.0348226920984798
0,0.034788745679555
0,0.0061580848105678
0,0.0168135486449187
0,0.0349010290250266
0,0.0011599748092593
0,0.0354131119623007
0,0.0356170573852755
0,0.035664696123586
0,0.034929117711679
0,0.0356919330433732
0,0.0347875282452999
0,0.0358053451484868
0,0.0358076747187375
0,0.0356712725257421
0,0.0351685021145033
0,0.0141532715602972
0,0.003174831623125
0,0.0349441557086865
0,0.0358514257553247
0,0.0276191780944031
0,0.0287581590128129
0,0.0358263500795492
0,0.0352780033955982
0,0.0264939292957755
0,0.0349713226375031
0,0.0215342693860489
0,0.0355423524278831
0,0.0348020656380377
0,0.0350183127612032
0,0.0154769777797835
0,0.5345518005856907
0,0.035220489295796
0,0.0902603117153426
0,0.0250765436821489
0,0.0894633058870484
0,0.0336566752874939
0,0.0340036826104127
0,0.0132603646577247
0,0.0354543215449195
0,0.0353364581196277
0,0.03486708230791
0,0.0356095250610337
0,0.001308735303959
0,0.0356388563174855
0,0.0349692786411377
0,0.0358465963827391
0,0.029103243375088
0,0.0109210570069387
0,0.0358217144653827
0,0.0355196373255295
0,0.0356346248922816
0,0.0176935852067922
0,0.0347887442449898
0,0.0358414394016559
0,0.0350895150228059
0,0.0357838142198525
0,0.0303745189538584
0,0.6440935505098857
0,0.0350024660734835
0,0.0357818007862953
0,0.0319118649133327
0,0.0326637307561371
0,0.0014316678467822
0,0.0356838645074898
0,0.0351501423882045
0,0.0358197862250044
0,0.0122446752661987
0,0.03497777432675
0,0.0984732184621783
0,0.0356135070574842
0,0.0358191891962163
0,0.0351778780710096
0,0.0242872146686325
0,0.0352229624744396
0,0.0348788544986581
0,0.0353671048005761
0,0.0349548819479503
0,0.0347884231555054
0,0.0353436492056076
0,0.0348120551149786
0,0.0351636390765532
0,0.0353537034090828
0,0.0358745497231201
0,0.0348348667442909
0,0.0348009233033916
0,0.002082251726441
0,0.0082056755205793
0,0.0144685081841373
0,0.0351537119389328
0,0.0356347740846609
0,0.0350119302731995
0,0.0357442583932524
0,0.0356813675588055
0,0.0171736775000554
0,0.0033141691344116
0,0.0349763686514868
0,0.1716820094090041
0,0.0358594575484445
0,0.035006236557515
0,0.0348048195134628
0,0.0356538559896173
0,0.0045063122021949
0,0.011238088074358
0,0.0354974970472837
0,0.0354702466763114
0,0.035447518855154
0,0.0358614848462784
0,0.0357200055886931
0,0.0356147261471746
0,0.0356591154215932
0,0.0276801277281881
0,0.0038133503371521
0,0.0356554426905783
0,0.0352484016365348
0,0.0029774102170412
1,0.9863793789525028
1,0.9863793777133284
1,0.9964428586929542
1,0.9863793860639656
1,0.9964428586929542
1,0.994245243821459
1,0.999998456402622
1,0.9863793632788028
1,0.9999999999216052
1,0.9999286067203632
1,0.9942581525460448
1,0.9943256104105208
1,0.9999999999216052
1,0.8330706547866165
1,0.8383984475405074
1,0.8604313649765443
1,0.837638309848331
1,0.0358030111754564
1,0.0358030111754564
1,0.0358275404558272
1,0.0358275404558272
1,0.0358275404558272
1,0.0358030111754564
1,0.0358275404558272
1,0.8822011256652545
1,0.0358063808021044
1,0.035671911340759
1,0.8383984475405074
1,0.8383984475405074
1,0.0358156601648399
