sample_index,label,anomaly_score
9418,0,0.6143433228859669
9167,0,0.643329307347158
10265,0,0.5746030818835528
10960,0,0.04976807497059175
2794,0,0.7283629409517359
4432,0,0.7042108216477683
3052,0,0.714719755463556
4019,0,0.6927495296261023
2923,0,0.7211616651681095
4769,0,0.7084170663247471
5218,0,0.7153739095286336
2025,0,0.6205034165925373
10408,0,0.7122507114305171
11153,0,0.04976807497059175
7552,0,0.691989895832746
677,0,0.6785597581402594
1360,0,0.04976807497059175
9235,0,0.6297420724514607
4934,0,0.7223580610687941
3523,0,0.7146900732146744
9027,0,0.7242974036901527
7125,0,0.7137089736336063
420,0,0.578733906585639
9026,0,0.628378339592362
4891,0,0.6065782047767461
6929,0,0.5418947050383554
11000,0,0.7485232899868685
4576,0,0.6045477311074026
309,0,0.04976807497059175
4535,0,0.7195903453396275
2990,0,0.04976807497059175
5119,0,0.04976807497059175
7004,0,0.7186423049112488
7304,0,0.04976807497059175
4269,0,0.7463459923539706
9197,0,0.04976807497059175
10756,0,0.04976807497059175
4051,0,0.7311434888224404
2019,0,0.8805907830245341
1151,0,0.7448211292936611
2736,0,0.7329817283825326
4631,0,0.7487604274378956
8549,0,0.715197996675172
999,0,0.8446746197088458
5255,0,0.04976807497059175
9190,0,0.04976807497059175
580,0,0.5904269421452519
9495,0,0.7317496540049306
436,0,0.04976807497059175
2507,0,0.6146545162465401
6769,0,0.04976807497059175
755,0,0.7714890283023423
10825,0,0.04976807497059175
1657,0,0.04976807497059175
6285,0,0.04976807497059175
1878,0,0.04976807497059175
7227,0,0.5538105652640115
10679,0,0.7693838541424602
2295,0,0.7075064274052215
7029,0,0.6170654449252958
19,0,0.04976807497059175
3519,0,0.6760951292277296
1769,0,0.7603343430956722
1187,0,0.04976807497059175
3641,0,0.7017653743912212
4096,0,0.6776463248309935
8637,0,0.657865193567252
10754,0,0.04976807497059175
773,0,0.7199046464617854
3143,0,0.7272754178480759
7065,0,0.7118085146684455
8534,0,0.04976807497059175
9551,0,0.6433943804950087
1920,0,0.04976807497059175
3490,0,0.708415132308127
5368,0,0.6533405952746147
3469,0,0.6197119737438768
8721,0,0.7016178160723614
3921,0,0.7419056268908797
6746,0,0.04976807497059175
8356,0,0.6936589417244436
900,0,0.755049231714573
3366,0,0.621071750855551
9502,0,0.6854208713118644
3868,0,0.04976807497059175
9971,0,0.04976807497059175
7590,0,0.7129521933956561
6924,0,0.04976807497059175
2956,0,0.6352112315465787
1023,0,0.04976807497059175
9842,0,0.7157529163987788
1349,0,0.04976807497059175
3062,0,0.04976807497059175
9948,0,0.5492332421898439
5792,0,0.04976807497059175
949,0,0.6977120633938061
10034,0,0.04976807497059175
11139,0,0.5317017244124864
7524,0,0.04976807497059175
5981,0,0.04976807497059175
6935,0,0.04976807497059175
2332,0,0.04976807497059175
1780,0,0.7356578837665056
5400,0,0.6579487751929257
8384,0,0.5553330283755522
6243,0,0.04976807497059175
7903,0,0.8314658488313926
4246,0,0.6979115237907646
7045,0,0.5989117966084048
4910,0,0.04976807497059175
7789,0,0.7211743373069587
8741,0,0.04976807497059175
65,0,0.7156673363630094
4926,0,0.6292823445329903
6890,0,0.04976807497059175
8719,0,0.5711732260137102
687,0,0.7434144546508101
10473,0,0.7143831289393183
4890,0,0.7352362287771872
1364,0,0.5310754890485797
2482,0,0.04976807497059175
8044,0,0.04976807497059175
846,0,0.04976807497059175
4490,0,0.04976807497059175
6579,0,0.719793608741329
1562,0,0.04976807497059175
4773,0,0.7029662370251198
9122,0,0.04976807497059175
3054,0,0.721593361478472
3792,0,0.04976807497059175
10089,0,0.04976807497059175
1678,0,0.04976807497059175
7437,0,0.7082137549636108
4485,0,0.6852594815875247
4385,0,0.7017758248988569
7206,0,0.7070124594420639
10777,0,0.04976807497059175
9369,0,0.7536784098112385
10428,0,0.664677736258416
8972,0,0.7382306637348968
7554,0,0.7746934272866147
7846,0,0.7195025814830888
9941,0,0.04976807497059175
8481,0,0.7506444194979305
809,0,0.7239008393802598
8777,0,0.04976807497059175
8174,0,0.7177781184777613
2912,0,0.04976807497059175
167,0,0.7219616936196109
8410,0,0.04976807497059175
10141,0,0.7136558431491727
6593,0,0.04976807497059175
4984,0,0.7618757560290158
8392,0,0.5706473709190273
9323,0,0.04976807497059175
9697,0,0.6884675296272242
1940,0,0.6066975142619347
8681,0,0.6057026990267491
9017,0,0.6501221010308412
3196,0,0.6815461034972358
10116,0,0.7066184428977244
3417,0,0.04976807497059175
2825,0,0.7157651176408721
4344,0,0.7019527184386152
10524,0,0.04976807497059175
3171,0,0.6871471408245332
2907,0,0.7231739508387025
586,0,0.7041868735639154
1627,0,0.6883566354674504
10986,0,0.641266072766733
703,0,0.706887781614333
1687,0,0.04976807497059175
6874,0,0.7093887312173458
8359,0,0.729399885303514
8962,0,0.6197165641898242
1753,0,0.04976807497059175
5559,0,0.7089664666835251
9937,0,0.04976807497059175
7672,0,0.6061250892135803
1490,0,0.8402426581401807
61,0,0.04976807497059175
5669,0,0.6302158240414794
2373,0,0.8137919362772859
5467,0,0.7252499744605599
9232,0,0.04976807497059175
9591,0,0.7557449702958056
8877,0,0.6563806934951553
4595,0,0.6133638322512414
11145,0,0.04976807497059175
2897,0,0.04976807497059175
10500,0,0.04976807497059175
6574,0,0.6307382685364494
8380,0,0.7107496905137279
3679,0,0.04976807497059175
5211,0,0.04976807497059175
7610,0,0.7042263123312726
3359,0,0.6503396628372908
7068,0,0.04976807497059175
322,0,0.6885076332673425
6114,0,0.742281656284484
7403,0,0.5983062322460385
9687,0,0.04976807497059175
8757,0,0.04976807497059175
10690,0,0.653398857845651
10302,0,0.6696584394048668
3618,0,0.6427984220171585
3697,0,0.49480739399640983
9476,0,0.04976807497059175
13,0,0.842439962329891
4972,0,0.9136292374213014
5088,0,0.04976807497059175
3896,0,0.04976807497059175
6186,0,0.7263298965179283
6991,0,0.9454293222308052
868,0,0.6605764240930388
3299,0,0.7013445027745883
4588,0,0.721213003653376
4480,0,0.04976807497059175
7935,0,0.04976807497059175
5124,0,0.7051013119665976
5273,0,0.6935179443663889
4949,0,0.6919492316372076
5986,0,0.04976807497059175
3166,0,0.04976807497059175
964,0,0.7071837916094698
2326,0,0.5094192112408676
9494,0,0.7275556707987505
321,0,0.7067362125064295
3723,0,0.04976807497059175
10645,0,0.5916904800627807
3411,0,0.04976807497059175
11149,0,0.04976807497059175
5135,0,0.6433875374292143
3830,0,0.04976807497059175
9566,0,0.677466196677236
4736,0,0.7005968880872742
2245,0,0.04976807497059175
1824,0,0.720787427203074
2954,0,0.7732887869060623
1589,0,0.6514926314973799
4008,0,0.7372631709805242
10170,0,0.7173608324997844
3403,0,0.7068699287882187
6344,0,0.7512834567000317
5130,0,0.7004385877747218
5798,0,0.690130208148276
4220,0,0.8587118990048789
10151,0,0.04976807497059175
4317,0,0.7281951033784047
8632,0,0.5971185292374834
6986,0,0.76696807730694
7777,0,0.04976807497059175
8007,0,0.6708242005620798
8748,0,0.6884704600038796
7878,0,0.04976807497059175
3727,0,0.6797019106142131
2652,0,0.7083400850325695
2742,0,0.7316364527804478
9165,0,0.5734018803504544
10988,0,0.5602849266677603
8753,0,0.6618058755931462
6039,0,0.7121562827660017
10283,0,0.6847278295364534
760,0,0.7026988316431412
7161,0,0.7276757830007631
2262,0,0.7147024276341138
10000,0,0.6672294936838888
4279,0,0.6627128569423849
8893,0,0.04976807497059175
7936,0,0.7176171213631951
4262,0,0.04976807497059175
3731,0,0.78924787600845
4586,0,0.5816261313449276
9950,0,0.6929609708226304
9710,0,0.6399824606467688
7710,0,0.7202053541141605
2803,0,0.6710678287687009
3215,0,0.04976807497059175
9851,0,0.04976807497059175
1763,0,0.7171288464695786
7235,0,0.04976807497059175
6411,0,0.04976807497059175
8140,0,0.7118354514507288
2028,0,0.8129802575507254
496,0,0.732662162931728
3027,0,0.6996291977974373
10714,0,0.04976807497059175
3864,0,0.7214024408971799
9919,0,0.7025494140541039
7047,0,0.7637630426747589
2406,0,0.04976807497059175
3550,0,0.6394011962874248
637,0,0.04976807497059175
10842,0,0.04976807497059175
1245,0,0.5171563029373331
9473,0,0.7079581064703707
7662,0,0.04976807497059175
4666,0,0.7283816062950726
1465,0,0.04976807497059175
7302,0,0.04976807497059175
5156,0,0.04976807497059175
466,0,0.7079869936774844
3211,0,0.7213148239618287
1431,0,0.6229741017594497
6893,0,0.6541186264596355
9639,0,0.5484989627379281
10617,0,0.04976807497059175
9038,0,0.04976807497059175
10292,0,0.7107993493635758
748,0,0.04976807497059175
7572,0,0.7156132589047828
6545,0,0.7107434877888575
10329,0,0.691118141818818
4270,0,0.04976807497059175
4018,0,0.04976807497059175
2786,0,0.7302746248824832
4938,0,0.6604378331949686
4399,0,0.7161781960982092
4780,0,0.5587681154053269
10555,0,0.7096878610599445
1772,0,0.04976807497059175
6591,0,0.7283955658139281
7583,0,0.6846551726757097
7421,0,0.6468888541650364
2358,0,0.7710162511617262
8128,0,0.6333146989357807
2824,0,0.637578848824779
4809,0,0.8355603722412962
7703,0,0.04976807497059175
8280,0,0.6603322004133211
3024,0,0.766543524242333
2039,0,0.6171218516750178
9314,0,0.04976807497059175
2299,0,0.6444318887164818
9583,0,0.6683528715849738
10878,0,0.04976807497059175
5012,0,0.7160136698130855
10391,0,0.6407769585313631
11040,0,0.5401540422081914
10219,0,0.6770899811766484
9643,0,0.6975034564175906
6772,0,0.6479492501603495
3004,0,0.6955947511252651
1416,0,0.7212939837148825
6056,0,0.6895537764625346
6567,0,0.5728277599193872
5698,0,0.60106098960585
1057,0,0.7218998918053087
3715,0,0.04976807497059175
10575,0,0.04976807497059175
3467,0,0.6044382002754645
9665,0,0.04976807497059175
8690,0,0.5627523347406745
3547,0,0.04976807497059175
5637,0,0.727627173450856
6954,0,0.6670320611563897
10876,0,0.04976807497059175
6678,0,0.7246400760190367
5844,0,0.04976807497059175
9453,0,0.729298999169719
7869,0,0.04976807497059175
843,0,0.678985449566232
8677,0,0.7092438586436307
4277,0,0.7311493691935366
3446,0,0.702623698566906
148,0,0.04976807497059175
8996,0,0.8471267067754005
9317,0,0.04976807497059175
10516,0,0.04976807497059175
9959,0,0.04976807497059175
5801,0,0.6968788619267633
1038,0,0.6833248351489406
7174,0,0.7027792948162347
4786,0,0.04976807497059175
1997,0,0.04976807497059175
196,0,0.7164972528589977
4642,0,0.6948733031329828
952,0,0.6906941839627024
6040,0,0.04976807497059175
2463,0,0.7367175544246926
2602,0,0.7255496908289695
2649,0,0.04976807497059175
5686,0,0.6893528441542783
6030,0,0.6992757639402497
4479,0,0.7177429659687933
7848,0,0.6446998503429893
6471,0,0.5648699960134632
1537,0,0.04976807497059175
7613,0,0.5978327509317233
3711,0,0.786692825018162
11104,0,0.04976807497059175
10147,0,0.04976807497059175
2322,0,0.7041988855629554
9463,0,0.6872259777335626
7744,0,0.7064094091853871
6604,0,0.7162851442225131
9775,0,0.7283260775544688
6614,0,0.6555769657502646
3238,0,0.6735347387480856
4779,0,0.04976807497059175
764,0,0.6301792590856959
182,0,0.7586638302637442
2370,0,0.6659638184231784
9173,0,0.6398637069837608
8062,0,0.6844403646119992
7425,0,0.7396642139252938
2168,0,0.5654779837122057
11039,0,0.6418423900574769
2928,0,0.6653552666404933
168,0,0.7162945527334331
2896,0,0.04976807497059175
5598,0,0.7309591659817244
7385,0,0.04976807497059175
8087,0,0.6930760636956241
7796,0,0.9886665895251002
772,0,0.736702693273013
5141,0,0.04976807497059175
976,0,0.7070631121442266
630,0,0.7035438146020262
2729,0,0.8590939468968383
9203,0,0.7282514189375483
2420,0,0.7267019061920557
926,0,0.5630624285546241
10098,0,0.04976807497059175
7739,0,0.714569549524203
1959,0,0.6565462425732452
1708,0,0.04976807497059175
7727,0,0.04976807497059175
7570,0,0.04976807497059175
137,0,0.8104366125197594
4784,0,0.04976807497059175
2496,0,0.04976807497059175
2681,0,0.04976807497059175
5662,0,0.5930675437518622
5070,0,0.7847284858817066
10942,0,0.9312032004061164
10919,0,0.7031501342252291
9778,0,0.7073558232543385
8784,0,0.04976807497059175
5624,0,0.6372885387831869
581,0,0.79386761496152
3587,0,0.7390893939213415
1849,0,0.7333217333004479
7017,0,0.04976807497059175
6727,0,0.6123205385955491
5648,0,0.04976807497059175
2005,0,0.6653542674720492
845,0,0.04976807497059175
8512,0,0.9302486003889593
5525,0,0.7234915732732403
1425,0,0.736174803546059
10747,0,0.04976807497059175
10568,0,0.04976807497059175
46,0,0.5356641535128814
6376,0,0.8028130850797228
8613,0,0.04976807497059175
8870,0,0.7310129684508259
1508,0,0.6977407700688499
5756,0,0.7542078476418516
8191,0,0.6729895693087847
6230,0,0.6771419939950043
1770,0,0.04976807497059175
9489,0,0.04976807497059175
5212,0,0.7296156495915669
6182,0,0.6300358560627792
2377,0,0.5618141746371088
10499,0,0.7753506597626311
6801,0,0.7767865736608955
1894,0,0.7332019697376166
5,0,0.6738305771442046
161,0,0.04976807497059175
7749,0,0.7009745929954343
8993,0,0.6799383210532899
84,0,0.749955821626097
4411,0,0.6978486648196395
6048,0,0.04976807497059175
4911,0,0.992380109249914
5041,0,0.7721238614154814
3630,0,0.04976807497059175
7337,0,0.6478855248030834
3455,0,0.7102917503410354
6137,0,0.7594961539655096
3324,0,0.04976807497059175
3687,0,0.60474380721561
599,0,0.04976807497059175
9301,0,0.7120199249482091
1327,0,0.04976807497059175
5962,0,0.7062693118975297
4861,0,0.04976807497059175
6196,0,0.7407900536166757
8581,0,0.7479159251749555
5881,0,0.658394999178233
6254,0,0.04976807497059175
3527,0,0.7043028344425469
8575,0,0.7034829632908182
11114,0,0.04976807497059175
5490,0,0.709884204333155
890,0,0.04976807497059175
3059,0,0.5737414934257051
6373,0,0.7014593483490693
869,0,0.7501674842158563
7625,0,0.6684925924539626
10207,0,0.7257910789527982
2934,0,0.7132741195881509
8795,0,0.7047395032961308
6763,0,0.04976807497059175
6945,0,0.7117562546808892
2256,0,0.6979202025696313
2126,0,0.6095760280056531
1046,0,0.04976807497059175
9223,0,0.04976807497059175
10335,0,0.6375229100142824
10874,0,0.7456072440694381
4298,0,0.7401306382619376
10536,0,0.7300979650192706
10593,0,0.04976807497059175
7422,0,0.6494997214573706
7380,0,0.7005550836086175
8507,0,0.6437855216196608
10691,0,0.5663921833029861
5530,0,0.04976807497059175
4997,0,0.04976807497059175
9264,0,0.6442066005746696
2764,0,0.04976807497059175
4495,0,0.04976807497059175
636,0,0.04976807497059175
1889,0,0.6666405074586658
9604,0,0.7429507466817498
3461,0,0.7127630278572827
2903,0,0.6139893086734887
7157,0,0.711870771068256
87,0,0.04976807497059175
8273,0,0.7245327816464913
11010,0,0.7214495513129057
5852,0,0.04976807497059175
6421,0,0.8941020242232679
5971,0,0.7557962650171072
443,0,0.6999685542867337
4083,0,0.04976807497059175
6550,0,0.04976807497059175
1026,0,0.6941277126736548
4266,0,0.6360145016475492
2642,0,0.7334988688543402
7686,0,0.04976807497059175
10797,0,0.854889095773448
1507,0,0.8388896517599127
2697,0,0.6595792982658377
6493,0,0.6430066335520858
1781,0,0.5936227925849824
4139,0,0.7078443159534393
10780,0,0.04976807497059175
3591,0,0.04976807497059175
7242,0,0.6642479507148333
5809,0,0.7583080922112317
8545,0,0.04976807497059175
6299,0,0.04976807497059175
9094,0,0.5474006791956115
8855,0,0.7872640240038465
10546,0,0.7243175417337255
8917,0,0.04976807497059175
3717,0,0.7265761184039439
3531,0,0.8383115615282118
9134,0,0.7081278765031311
138,0,0.6908426439459775
3627,0,0.04976807497059175
6066,0,0.7833407563450066
1387,0,0.6515392817141855
8488,0,0.7665296243239409
625,0,0.9236696386791442
4802,0,0.6973510746958399
3186,0,0.6386024080939068
9683,0,0.5384717984632355
1686,0,0.7751323836037105
7533,0,0.04976807497059175
7021,0,0.7893166071203455
3045,0,0.04976807497059175
10971,0,0.04976807497059175
9064,0,0.6909410731889297
3690,0,0.04976807497059175
7415,0,0.7524597352887213
7714,0,0.04976807497059175
10632,0,0.7011367517360237
10860,0,0.7887890252531194
5348,0,0.04976807497059175
1344,0,0.771267793282249
9981,0,0.6454759961746609
2730,0,0.6937386725465365
1226,0,0.7486086608133244
10606,0,0.680041354043351
7579,0,0.6769717160854442
10154,0,0.731180584854318
3380,0,0.704654459380998
1642,0,0.04976807497059175
3875,0,0.6963064333529457
5961,0,0.6590188412529683
7488,0,0.7271530742756318
2027,0,0.6411895067100193
10852,0,0.7436929439226184
9908,0,0.6783134832150344
2108,0,0.7227837810373547
9903,0,0.7242610494256209
5663,0,0.7056042967235976
4552,0,0.04976807497059175
2908,0,0.7171561443427469
5763,0,0.04976807497059175
252,0,0.705586460790657
6380,0,0.7196486225078588
4961,0,0.7186002215015709
7974,0,0.5258619912083596
2606,0,0.7282667124588132
6776,0,0.790935827297184
8891,0,0.04976807497059175
7921,0,0.7307194538932694
11050,0,0.605244385843763
8454,0,0.04976807497059175
11090,0,0.04976807497059175
6341,0,0.04976807497059175
2837,0,0.7222901545465834
2533,0,0.04976807497059175
9505,0,0.04976807497059175
2483,0,0.5478164346183021
3869,0,0.7093499050011426
6490,0,0.04976807497059175
5990,0,0.6768338441546305
4250,0,0.04976807497059175
8520,0,0.04976807497059175
4003,0,0.6070295858061476
11023,0,0.7179624510234082
4333,0,0.6676782979090263
10190,0,0.8613332412414477
9013,0,0.6994779066893438
6915,0,0.04976807497059175
6099,0,0.6784416006472013
5814,0,0.6354502246071045
9691,0,0.7151675991764462
2055,0,0.04976807497059175
5620,0,0.7104373658519544
5082,0,0.7457743940501471
10815,0,0.7236636586730004
9018,0,0.7095831672790782
5057,0,0.5476062963331583
8587,0,0.04976807497059175
10622,0,0.04976807497059175
8948,0,0.7009277298918225
1860,0,0.5944766341730964
7673,0,0.04976807497059175
11081,0,0.7437518384591174
3786,0,0.04976807497059175
7223,0,0.04976807497059175
1409,0,0.7472658269286949
10119,0,0.04976807497059175
2951,0,0.04976807497059175
3251,0,0.7038588618365587
6178,0,0.7180589990481181
1630,0,0.7520532163867908
7087,0,0.7413119617542155
8711,0,0.665064892851694
2544,0,0.6830200826306396
3179,0,0.6732578705441107
852,0,0.7143415208253194
7205,0,0.7111077533074776
4819,0,0.7183990006372019
3443,0,0.04976807497059175
373,0,0.6952226825138409
6675,0,0.67552829670962
8209,0,0.7254664218411697
7955,0,0.7267043896849016
8785,0,0.04976807497059175
4234,0,0.04976807497059175
1825,0,0.7273048327502615
654,0,0.6130338475486249
8802,0,0.8033692498706028
2159,0,0.04976807497059175
7314,0,0.7119900728474232
4592,0,0.04976807497059175
10782,0,0.7100785612943068
8806,0,0.6969708604460776
1467,0,0.786560287690152
5734,0,0.7357518532418496
8063,0,0.6500362420915797
4628,0,0.5767851718796474
304,0,0.7366601356840063
7179,0,0.7125498228787631
6001,0,0.04976807497059175
6366,0,0.5488861052687198
6134,0,0.7345663995852245
6869,0,0.04976807497059175
9521,0,0.04976807497059175
2423,0,0.7490112939898317
6989,0,0.04976807497059175
8263,0,0.6806488099619594
6959,0,0.7284157432048424
8304,0,0.658792331536533
9238,0,0.7854407613409734
1472,0,0.5487940266594977
6873,0,0.6304029202587685
1548,0,0.04976807497059175
8046,0,0.04976807497059175
3770,0,0.04976807497059175
10177,0,0.701666748345211
1463,0,0.04976807497059175
1761,0,0.04976807497059175
2293,0,0.6814266899837897
3218,0,0.7188972120535626
8487,0,0.04976807497059175
10226,0,0.723130032436774
1087,0,0.7340102304215428
8662,0,0.7214842412540867
10420,0,0.8635817700851339
4699,0,0.04976807497059175
5668,0,0.7372430877916922
8000,0,0.6352584135330199
3376,0,0.8760920535831579
7536,0,0.7619401107130135
8791,0,0.7722999233910167
8492,0,0.7202773505704713
6798,0,0.04976807497059175
2104,0,0.7211847717929735
6983,0,0.6963376621653702
7439,0,0.7216275111553166
9797,0,0.04976807497059175
9040,0,0.7148265906221254
54,0,0.6564702534199588
7931,0,0.04976807497059175
225,0,0.6696468555515335
3558,0,0.6855126901740457
5800,0,0.8056754281669322
6169,0,0.04976807497059175
3756,0,0.04976807497059175
6785,0,0.04976807497059175
8213,0,0.678672535781612
675,0,0.6575123731488637
5666,0,0.7057107023237454
4850,0,0.6992306960682878
4218,0,0.7204852609874334
7627,0,0.7012664768198719
2118,0,0.04976807497059175
6557,0,0.6227717555829729
8574,0,0.04976807497059175
6191,0,0.72096092449147
5699,0,0.04976807497059175
3050,0,0.5827993999791867
6208,0,0.7063583680043548
1173,0,0.6689982756405579
947,0,0.7560194954317354
802,0,0.6293172305401302
1223,0,0.6437652438594879
11034,0,0.7223856277111029
4951,0,0.7055200103323503
8685,0,0.04976807497059175
4636,0,0.04976807497059175
1361,0,0.6423670791965408
1376,0,0.7247320400276837
525,0,0.7486823264330071
8619,0,0.7264026511990107
7056,0,0.04976807497059175
6517,0,0.04976807497059175
5312,0,0.7468381983347353
6956,0,0.7542594420492517
7460,0,0.6502036258110593
9297,0,0.04976807497059175
7757,0,0.707595091758931
9336,0,0.04976807497059175
10519,0,0.04976807497059175
5396,0,0.04976807497059175
44,0,0.04976807497059175
4427,0,0.7300885279487838
9863,0,0.7162506450056373
9936,0,0.04976807497059175
8808,0,0.04976807497059175
1611,0,0.6710999092225275
9048,0,0.04976807497059175
2336,0,0.7311528231695905
8776,0,0.695948843446558
5456,0,0.6972963719295093
475,0,0.8620750827924827
7573,0,0.7151741075531952
6131,0,0.7070410060736718
5468,0,0.04976807497059175
5841,0,0.04976807497059175
2796,0,0.8310973416309224
10396,0,0.7760330133085216
9759,0,0.6856132018794554
6847,0,0.04976807497059175
8724,0,0.04976807497059175
9367,0,0.716090682600933
7737,0,0.6864717762013287
1588,0,0.6651115314314908
569,0,0.04976807497059175
1665,0,0.7112604793393168
5068,0,0.6917833096035797
8895,0,0.6585303531277125
8883,0,0.6905293623934945
3089,0,0.7330668815012911
2498,0,0.719477823244499
9597,0,0.7204836742169294
6571,0,0.6381358765741119
782,0,0.6151642922286829
1750,0,0.04976807497059175
313,0,0.6452011930674929
3368,0,0.644204097919257
3073,0,0.7229279542993573
9633,0,0.703579368850221
4436,0,0.6808385871899832
2919,0,0.8165988979216325
8446,0,0.04976807497059175
402,0,0.6765787566547197
9372,0,0.6395631724663404
1855,0,0.04976807497059175
2898,0,0.9393969192633366
1799,0,0.04976807497059175
9624,0,0.6964396280072043
5655,0,0.6675287308469483
8874,0,0.04976807497059175
1786,0,0.6924988115032653
2989,0,0.04976807497059175
10280,0,0.5857004963601847
8823,0,0.652906695016419
5356,0,0.6899130206393034
6668,0,0.707707354462853
4167,0,0.7050689394683144
10800,0,0.04976807497059175
8055,0,0.7293823353025032
2966,0,0.6827127508958839
7291,0,0.6985063949239777
6867,0,0.6712249593118294
9688,0,0.7127754142873352
9897,0,0.7280800596183559
500,0,0.7784317348108823
7741,0,0.04976807497059175
201,0,0.7004893694628757
10004,0,0.9943221366911487
1405,0,0.6744592885420091
960,0,0.6686264322381765
10507,0,0.6570631921644343
11117,0,0.04976807497059175
438,0,0.04976807497059175
2827,0,0.5608388154555856
9824,0,0.04976807497059175
6969,0,0.6794695267619714
8505,0,0.6871651049457272
5942,0,0.04976807497059175
2648,0,0.5777304904122236
4438,0,0.7214225324579244
2817,0,0.6362632421038686
10072,0,0.716120298706563
4708,0,0.672188702469588
2622,0,0.6065059823740799
3098,0,0.04976807497059175
4814,0,0.6838482956848276
758,0,0.7075125301802985
2394,0,0.04976807497059175
6244,0,0.7710259629500105
7800,0,0.7182207535045874
7487,0,0.04976807497059175
4140,0,0.04976807497059175
8186,0,0.7319005132532638
11070,0,0.6196089633366717
4672,0,0.7094393022217292
9161,0,0.6796033336138269
8080,0,0.6808411741655735
789,0,0.04976807497059175
10354,0,0.6816747129696653
1296,0,0.7881078800384619
5463,0,0.6962752933790131
1060,0,0.513261790508114
7556,0,0.6927453086303684
3584,0,0.04976807497059175
4884,0,0.04976807497059175
7236,0,0.7209161529677738
2882,0,0.724191332495702
513,0,0.04976807497059175
3977,0,0.734837390357708
690,0,0.7457061578146913
7597,0,0.6364549858972754
9117,0,0.6484310638548263
9776,0,0.04976807497059175
10233,0,0.04976807497059175
883,0,0.7245671066339148
6858,0,0.48032216763900687
6090,0,0.7380597054065751
2612,0,0.7591261202207953
8105,0,0.7180809454768523
7044,0,0.69718570572398
9485,0,0.6772768697472795
4885,0,0.5980363618723986
6207,0,0.04976807497059175
9718,0,0.7305563740391979
2845,0,0.7281140306257666
2250,0,0.7562416524873875
3908,0,0.7401141127439685
10740,0,0.6035071378657796
8178,0,0.7549734609736344
6844,0,0.6983486905119176
4611,0,0.678459560801878
8239,0,0.04976807497059175
7097,0,0.5267432011921839
7357,0,0.7222330201105785
7830,0,0.6909867289197276
9840,0,0.711159887389373
9642,0,0.7020630664042768
6910,0,0.6984588266606848
5025,0,0.04976807497059175
8897,0,0.04976807497059175
1418,0,0.04976807497059175
2789,0,0.7227569329302314
4600,0,0.04976807497059175
909,0,0.04976807497059175
3705,0,0.7231387182201923
6262,0,0.7217528561592397
9798,0,0.04976807497059175
9289,0,0.04976807497059175
6836,0,0.7325830113606363
5021,0,0.04976807497059175
7865,0,0.7282305770051113
10829,0,0.04976807497059175
6108,0,0.6584826572511376
6189,0,0.6129773657741057
4302,0,0.7153047130158942
7522,0,0.6345507529104386
2127,0,0.7398781375690628
3021,0,0.8101194690343154
1085,0,0.6731438439541604
3510,0,0.7056586603094842
5604,0,0.6948300609631691
1617,0,0.7046449708129014
7695,0,0.6948647396951372
3860,0,0.6949820216505009
4990,0,0.7797598512958217
9341,0,0.04976807497059175
237,0,0.7114931021692597
5202,0,0.04976807497059175
656,0,0.4945274862044525
1476,0,0.04976807497059175
3208,0,0.04976807497059175
3484,0,0.04976807497059175
10537,0,0.716830471927388
4536,0,0.04976807497059175
8462,0,0.8138635454519527
1122,0,0.04976807497059175
1492,0,0.7176299036814547
9010,0,0.7520052083668349
6795,0,0.6869324027383494
7492,0,0.715758610604932
3046,0,0.7112351667527714
5417,0,0.6888443142562131
937,0,0.04976807497059175
6672,0,0.5928599650660535
2173,0,0.7064139815547585
9553,0,0.6952247614246903
4338,0,0.6977755793166611
2975,0,0.7314623971843365
6054,0,0.642679426273797
1688,0,0.6990977305580607
11096,0,0.6439034517826362
6976,0,0.6456587063951494
5526,0,0.7277966806180949
3134,0,0.04976807497059175
6455,0,0.7243491207879654
4693,0,0.6799146914935476
7948,0,0.7071712274329904
4261,0,0.6918197032380475
8658,0,0.7074594283211515
9028,0,0.7144378699148275
4876,0,0.04976807497059175
10530,0,0.6880447154530638
6026,0,0.5532666310873151
244,0,0.04976807497059175
3548,0,0.04976807497059175
4319,0,0.6006087467138688
977,0,0.04976807497059175
820,0,0.5816991033780361
3037,0,0.7174617501566828
10478,0,0.698409028895431
8078,0,0.04976807497059175
10944,0,0.7002009317705893
220,0,0.7422841961394575
6217,0,0.7747546747699888
7329,0,0.5620463319278182
6679,0,0.04976807497059175
5155,0,0.04976807497059175
7724,0,0.5107253860841631
7923,0,0.7311447787038549
9602,0,0.7005715239857889
3854,0,0.8687062192496756
1813,0,0.7523864587794923
10319,0,0.7165794775656645
6817,0,0.04976807497059175
447,0,0.04976807497059175
11131,0,0.6580192039399247
6098,0,0.7100833043766049
623,0,0.6661528637782995
4112,0,0.7279723457344082
8459,0,0.7565223139667129
4422,0,0.6764083270973221
2682,0,0.6807899433102492
3396,0,0.04976807497059175
3721,0,0.7208468951761189
6264,0,0.7796796522920436
5317,0,0.7657993805187907
2102,0,0.7175365148700371
3452,0,0.8528921455755879
5244,0,0.72699697723232
5939,0,0.6530158382297664
3772,0,0.04976807497059175
4772,0,0.7577852138405374
7941,0,0.7320437478943553
8088,0,0.7162239609481431
1371,0,0.6853677527920552
6733,0,0.7257227188372657
592,0,0.04976807497059175
7454,0,0.04976807497059175
6261,0,0.6735000600506483
7914,0,0.04976807497059175
9806,0,0.7223005538382
3509,0,0.6593662033681613
10879,0,0.6032221806929144
3220,0,0.6084037603138096
892,0,0.6237625111637596
8880,0,0.7074045864774453
4742,0,0.04976807497059175
408,0,0.04976807497059175
7203,0,0.7626964473692979
9396,0,0.6775290017046571
6255,0,0.04976807497059175
434,0,0.7486572250099245
4202,0,0.6417344654229556
8744,0,0.7094629223912309
2541,0,0.7813498282764707
1804,0,0.5862475790400282
4133,0,0.5529101754724568
3265,0,0.7024753703841297
7715,0,0.7281497347185236
3991,0,0.04976807497059175
7381,0,0.6494492730105387
1163,0,0.04976807497059175
7433,0,0.7704523142462608
7531,0,0.7346397207375045
1832,0,0.7089995292206981
6349,0,0.7089281598384808
2855,0,0.04976807497059175
5418,0,0.7497923312581775
7664,0,0.7141599679482288
2543,0,0.6744438352164394
8892,0,0.7156459395954031
6023,0,0.6222518556331814
10253,0,0.7512831132663431
8142,0,0.6193533468756955
3307,0,0.04976807497059175
8567,0,0.04976807497059175
9388,0,0.04976807497059175
390,0,0.620026503813495
2925,0,0.6837748081015887
5983,0,0.7133408112389825
9150,0,0.04976807497059175
8068,0,0.7333580710661238
9145,0,0.668571492129606
5764,0,0.6928477588590315
3797,0,0.8655301433312738
10802,0,0.04976807497059175
5351,0,0.6588705131585737
7509,0,0.614156863823758
7222,0,0.04976807497059175
433,0,0.04976807497059175
8967,0,0.7081148740960918
1328,0,0.717211367218543
207,0,0.6866520238568411
445,0,0.04976807497059175
5600,0,0.650651859065857
3130,0,0.620690261699068
2339,0,0.04976807497059175
4879,0,0.04976807497059175
8903,0,0.04976807497059175
6495,0,0.6150501265889451
10677,0,0.04976807497059175
4935,0,0.7403142791859441
9921,0,0.8118459922083698
140,0,0.813698602919465
9834,0,0.04976807497059175
8124,0,0.718797564702105
9805,0,0.7152914987828864
10248,0,0.7903227516393919
6463,0,0.7274173915200057
889,0,0.7132827292208682
6274,0,0.04976807497059175
3397,0,0.04976807497059175
6456,0,0.04976807497059175
9752,0,0.601993093721428
7412,0,0.681780743369137
6963,0,0.04976807497059175
4267,0,0.7144426301134039
247,0,0.6168777350624022
4920,0,0.6959345174257893
3084,0,0.7458778937538275
4380,0,0.6965233769502727
6592,0,0.6411336778749165
6166,0,0.6267284809373985
10588,0,0.04976807497059175
688,0,0.04976807497059175
9424,0,0.7109086318903135
9280,0,0.7577674372846493
8369,0,0.04976807497059175
10423,0,0.7074247548134125
9503,0,0.04976807497059175
11009,0,0.6968952830244008
8451,0,0.6821691196371179
6295,0,0.04976807497059175
5176,0,0.7129803634273633
5213,0,0.6998341683206972
4231,0,0.6401010624740704
720,0,0.04976807497059175
5083,0,0.7251031067906724
6912,0,0.6956059396310891
7778,0,0.7267483838009154
1973,0,0.04976807497059175
5121,0,0.04976807497059175
9242,0,0.7195600540306587
6146,0,0.04976807497059175
7780,0,0.7218613071294676
8738,0,0.7358915071981718
9070,0,0.04976807497059175
10468,0,0.6655235346768278
10413,0,0.7854266083680879
461,0,0.6457583799089773
2092,0,0.7056464748828286
3774,0,0.714450462002385
4000,0,0.04976807497059175
1977,0,0.7038727484569749
4077,0,0.7374940281797775
3919,0,0.5830782422008458
8638,0,0.04976807497059175
6966,0,0.6793437294391007
1177,0,0.6835480687384484
8085,0,0.04976807497059175
8364,0,0.707217783666447
5532,0,0.5598275332209048
4343,0,0.04976807497059175
10534,0,0.7007679306997053
8008,0,0.7101614478639379
698,0,0.04976807497059175
1169,0,0.04976807497059175
5788,0,0.6971299223370916
10792,0,0.7153061734636063
1608,0,0.04976807497059175
10557,0,0.748420908517101
3258,0,0.6642209567886709
8732,0,0.04976807497059175
9559,0,0.7177743888271256
5890,0,0.7375748633215169
8617,0,0.5721561615847908
9244,0,0.8216639208100309
7083,0,0.04976807497059175
9426,0,0.7097305827565197
7261,0,0.7235221760527074
9701,0,0.7312684846487026
8919,0,0.04976807497059175
8905,0,0.04976807497059175
7860,0,0.04976807497059175
10197,0,0.04976807497059175
5157,0,0.7192222191939512
8118,0,0.04976807497059175
9885,0,0.04976807497059175
8210,0,0.8262813868368649
6256,0,0.719140002540253
9386,0,0.7481247744549705
111,0,0.04976807497059175
643,0,0.731747840035777
2155,0,0.04976807497059175
307,0,0.04976807497059175
3009,0,0.5816285460139822
9344,0,0.5410698331123253
2957,0,0.7143520782637989
2755,0,0.04976807497059175
8965,0,0.5436094071294427
2519,0,0.5399077693967895
9964,0,0.7204030590801795
5387,0,0.6916570319394699
7784,0,0.5823492934525575
2901,0,0.7174077394958559
8468,0,0.04976807497059175
11052,0,0.04976807497059175
3781,0,0.7147467413726883
1142,0,0.5806707015824254
4065,0,0.7239053291949906
6958,0,0.04976807497059175
2984,0,0.04976807497059175
6782,0,0.6009783481602108
1287,0,0.7172922876807668
3323,0,0.04976807497059175
8816,0,0.7503474276487867
5687,0,0.04976807497059175
5170,0,0.718388710300562
5665,0,0.04976807497059175
9213,0,0.7010234300185599
6595,0,0.7377739549801324
3311,0,0.7270728164460494
2831,0,0.04976807497059175
4367,0,0.7214767011253898
1640,0,0.7269028884159665
11061,0,0.6845419721458513
8524,0,0.65272492662842
1689,0,0.04976807497059175
8734,0,0.5276791187569297
5738,0,0.753192038422968
1663,0,0.7347410317426427
8994,0,0.7149807084547397
10179,0,0.04976807497059175
100,0,0.04976807497059175
9467,0,0.6922373868839621
9913,0,0.7552865550071054
7468,0,0.6977278589811039
2053,0,0.7438760223109137
518,0,0.6803441554954406
8185,0,0.7120908419978639
1729,0,0.04976807497059175
1567,0,0.7128469020495596
2269,0,0.04976807497059175
3392,0,0.7310613678350607
1396,0,0.04976807497059175
363,0,0.04976807497059175
9327,0,0.04976807497059175
1025,0,0.542563818147951
202,0,0.04976807497059175
1517,0,0.7370274706123594
4851,0,0.5219338025024464
7702,0,0.04976807497059175
2651,0,0.7241480692914152
7336,0,0.6009759434585951
5761,0,0.5315008212563441
8460,0,0.7374569575230389
5610,0,0.7028040730502284
3080,0,0.6945641355408569
2204,0,0.6415393003265409
4747,0,0.7437517717710977
7851,0,0.5961457849356202
509,0,0.7120425681087099
9204,0,0.6147611152629782
10600,0,0.731025032933291
9272,0,0.9452374060268933
6336,0,0.04976807497059175
7072,0,0.7252054407546684
10382,0,0.7060470151845994
5228,0,0.04976807497059175
2485,0,0.04976807497059175
5061,0,0.7599710976489955
11024,0,0.04976807497059175
7277,0,0.6828401751228574
8082,0,0.6938929646503242
11069,0,0.04976807497059175
2047,0,0.6523581427150738
766,0,0.6519648266271353
6914,0,0.6879006437898567
3090,0,0.6710514741512533
1523,0,0.04976807497059175
8177,0,0.04976807497059175
1267,0,0.7178464301198796
9382,0,0.7061400443143452
10216,0,0.04976807497059175
8596,0,0.8110608554769709
9827,0,0.7420309673233562
5833,0,0.6553044837549784
9832,0,0.7540412096007446
1551,0,0.7191025940799642
1153,0,0.5471169603175724
10864,0,0.04976807497059175
11063,0,0.04976807497059175
10214,0,0.7177287679166396
4491,0,0.04976807497059175
7213,0,0.04976807497059175
1710,0,0.04976807497059175
10336,0,0.04976807497059175
5775,0,0.7214249373503239
114,0,0.04976807497059175
2376,0,0.04976807497059175
6429,0,0.04976807497059175
7346,0,0.6213449531530968
9943,0,0.706161061779929
8110,0,0.04976807497059175
8868,0,0.04976807497059175
9692,0,0.7197750497030329
4763,0,0.7698542503351351
324,0,0.04976807497059175
8743,0,0.7001984084604477
2842,0,0.7118623423256025
7555,0,0.7178603811961628
3230,0,0.04976807497059175
1218,0,0.04976807497059175
8004,0,0.04976807497059175
2247,0,0.7308189558370165
7933,0,0.6942936808977073
7470,0,0.6626143425730032
3729,0,0.7542065048358534
1621,0,0.6909394943743477
2061,0,0.5264843611110115
3422,0,0.7204114639363817
1348,0,0.7116213577756397
5995,0,0.7469966663938507
2318,0,0.04976807497059175
7938,0,0.7127628288512597
1587,0,0.04976807497059175
1471,0,0.04976807497059175
2074,0,0.04976807497059175
8763,0,0.04976807497059175
5647,0,0.7519704144152566
8233,0,0.04976807497059175
1064,0,0.04976807497059175
3899,0,0.6862908866836316
584,0,0.6524847495084996
5856,0,0.04976807497059175
35,0,0.6611019921546963
10124,0,0.04976807497059175
7075,0,0.7155256925217258
4426,0,0.7212504020281488
7117,0,0.6991539138537296
4057,0,0.7978344872989824
4897,0,0.7687716176954525
4675,0,0.7149145749929995
9828,0,0.6663138930868369
8501,0,0.7109266578468162
8988,0,0.04976807497059175
7270,0,0.04976807497059175
7562,0,0.6695917433829103
4899,0,0.04976807497059175
4874,0,0.04976807497059175
8193,0,0.04976807497059175
1001,0,0.6924437973293694
10635,0,0.6973061301109652
6321,0,0.6864584708395709
1458,0,0.7177893678089836
5955,0,0.7120227550396698
4168,0,0.04976807497059175
705,0,0.7191202434597191
6278,0,0.7283005458818502
1930,0,0.7651278144422505
8430,0,0.7001515193787018
2771,0,0.04976807497059175
3808,0,0.6800873319260321
4252,0,0.7129003286693818
6140,0,0.04976807497059175
7419,0,0.04976807497059175
9076,0,0.7352207277676328
10927,0,0.7792003783425497
9942,0,0.6421968790809788
4720,0,0.04976807497059175
4931,0,0.5815059522133655
98,0,0.8290713732616157
4253,0,0.04976807497059175
3622,0,0.6852095185698622
5302,0,0.6613758804265855
3882,0,0.04976807497059175
7898,0,0.7280938897506034
8052,0,0.7192785689964305
3091,0,0.67325572794174
8626,0,0.04976807497059175
8739,0,0.8339463997056008
7178,0,0.6788664090560492
7430,0,0.7265209425986809
5982,0,0.04976807497059175
3444,0,0.8259266664619483
9518,0,0.6807870860517975
8472,0,0.7000116218850876
7467,0,0.7138818880595228
486,0,0.604889668053298
6930,0,0.04976807497059175
1591,0,0.6874171007948917
10801,0,0.7546223079205431
7181,0,0.720465048358824
5383,0,0.7119535346802993
8577,0,0.7177482808642236
10074,0,0.04976807497059175
1067,0,0.709363113566324
6025,0,0.8138188648237973
5166,0,0.6601080026535141
1235,0,0.7272603906256397
6513,0,0.727522762561593
1283,0,0.7956465150419231
9783,0,0.04976807497059175
10439,0,0.04976807497059175
7388,0,0.7180981385942953
941,0,0.5625664168999428
8597,0,0.04976807497059175
6514,0,0.6392056593671699
560,0,0.04976807497059175
7360,0,0.7129726349095127
10009,0,0.7207794538753601
2981,0,0.04976807497059175
10518,0,0.7099234829565764
2921,0,0.6987137689248603
6183,0,0.7262697851807812
5821,0,0.7220532442960427
10075,0,0.04976807497059175
642,0,0.604090111390912
2123,0,0.707875987833431
1334,0,0.7667760120464036
9920,0,0.6910805340765062
2379,0,0.04976807497059175
2762,0,0.04976807497059175
1861,0,0.6919008847272703
2579,0,0.04976807497059175
2665,0,0.04976807497059175
10948,0,0.04976807497059175
9084,0,0.04976807497059175
8293,0,0.61099387159281
2747,0,0.6269780180545402
7165,0,0.7276282960654117
4659,0,0.739508877122393
5134,0,0.6758912118207803
8805,0,0.6988347254888218
7721,0,0.7705382052923563
10107,0,0.7237918031737155
9886,0,0.04976807497059175
9101,0,0.6447784107652701
9198,0,0.04976807497059175
2086,0,0.04976807497059175
5191,0,0.6144184758959766
2162,0,0.7025811468173644
5523,0,0.5748329677156547
767,0,0.7423819182952507
6747,0,0.7123325863961196
4860,0,0.04976807497059175
8199,0,0.04976807497059175
5425,0,0.7188559801498071
3079,0,0.6660032624218286
8196,0,0.5791437439810876
11136,0,0.04976807497059175
11085,0,0.7068584050013672
2259,0,0.04976807497059175
1718,0,0.04976807497059175
2114,0,0.04976807497059175
8848,0,0.6992865369350587
6757,0,0.9835452909610526
635,0,0.04976807497059175
1323,0,0.9549102817296438
3255,0,0.7133298666042387
9136,0,0.5822665373937441
5078,0,0.7350005345141976
8370,0,0.7283216874620958
10446,0,0.7239656193928901
8558,0,0.6215839001151114
1580,0,0.04976807497059175
1080,0,0.6610158598522127
3694,0,0.04976807497059175
10768,0,0.04976807497059175
198,0,0.7029853077925815
5837,0,0.7048292891687764
8150,0,0.8218085597582003
970,0,0.6862360561898606
6200,0,0.714285683419084
253,0,0.7267102002221818
9582,0,0.04976807497059175
3708,0,0.7026984485535295
1317,0,0.04976807497059175
511,0,0.04976807497059175
8216,0,0.7069534623990695
7037,0,0.7106016882776764
2188,0,0.8528710525032756
8537,0,0.7298950432005716
243,0,0.8081200806194837
9421,0,0.04976807497059175
3960,0,0.7263434337713077
7269,0,0.5839924468638863
153,0,0.681295540375869
10544,0,0.7024559284687851
864,0,0.7213164371165848
10561,0,0.7278960508982172
3914,0,0.6118505286955374
8602,0,0.7006192001268775
1402,0,0.6705990279567968
676,0,0.04976807497059175
5279,0,0.742064545187252
8203,0,0.7247864475617645
582,0,0.7169605548382559
9407,0,0.04976807497059175
5999,0,0.6802472788236499
4154,0,0.04976807497059175
1295,0,0.04976807497059175
1942,0,0.6560694314938984
8781,0,0.7143480731301456
2627,0,0.8163335628570788
5111,0,0.6586476775674547
7863,0,0.7098337443685486
2459,0,0.6332288220607747
989,0,0.04976807497059175
9498,0,0.7523352813028119
9632,0,0.04976807497059175
7704,0,0.7098188692427206
1808,0,0.6832566109972729
2773,0,0.7266136432543234
224,0,0.6804497052328001
4762,0,0.7659905703553304
8204,0,0.04976807497059175
8478,0,0.7235392238176613
6297,0,0.7996301965074866
10867,0,0.04976807497059175
7687,0,0.04976807497059175
6926,0,0.04976807497059175
104,0,0.7171341730255507
10626,0,0.04976807497059175
5378,0,0.8141067588819635
10038,0,0.04976807497059175
4126,0,0.8643668881298078
5199,0,0.7193624306907132
4398,0,0.6954018710622916
10620,0,0.04976807497059175
8160,0,0.7314975879675976
3605,0,0.04976807497059175
4439,0,0.04976807497059175
10683,0,0.7331532704237403
8696,0,0.5543898303592341
7098,0,0.7437652260182637
1951,0,0.7281121658879316
5185,0,0.73518149790186
6920,0,0.7630971414571502
2474,0,0.7184157890279229
11012,0,0.7139844700270636
6937,0,0.04976807497059175
923,0,0.7053873041811164
7892,0,0.713062275359997
11013,0,0.04976807497059175
5991,0,0.7196879584654586
8036,0,0.6236417485935826
9988,0,0.6955953540064261
6387,0,0.6522078730421589
11072,0,0.7340130946737516
7532,0,0.04976807497059175
8417,0,0.7171873387194019
7908,0,0.7148940608813064
3749,0,0.715005781708747
7426,0,0.7294480168729757
3821,0,0.675911377543791
730,0,0.5832874853081605
4663,0,0.6799977966689321
7516,0,0.7020666543053495
7007,0,0.7771632507418502
7473,0,0.04976807497059175
3742,0,0.8437458589394488
854,0,0.04976807497059175
9265,0,0.7477329613171173
5149,0,0.04976807497059175
2983,0,0.04976807497059175
2793,0,0.04976807497059175
4007,0,0.04976807497059175
7307,0,0.8040213069840996
2645,0,0.692227672990123
8188,0,0.7191007804207141
10237,0,0.04976807497059175
277,0,0.04976807497059175
10769,0,0.5389688887511028
9347,0,0.6731084482946598
9177,0,0.8094245545906701
1898,0,0.04976807497059175
7175,0,0.7738791181057462
1604,0,0.709408693452685
872,0,0.7184847211933659
7444,0,0.7289764345185787
7733,0,0.5892063395540517
9474,0,0.641562829031681
2752,0,0.04976807497059175
9809,0,0.04976807497059175
859,0,0.7102070296804004
4517,0,0.7579253049235809
3421,0,0.8414218817875418
8750,0,0.6357858477750052
4506,0,0.04976807497059175
10726,0,0.04976807497059175
5896,0,0.7322544231707856
8949,0,0.6690804420400821
5034,0,0.04976807497059175
8357,0,0.04976807497059175
7106,0,0.04976807497059175
9594,0,0.5279761650556182
7500,0,0.7345815104505456
3389,0,0.6201463694305106
2166,0,0.04976807497059175
7785,0,0.5397834576598504
4864,0,0.7200389535079237
10926,0,0.7583466043056231
2829,0,0.04976807497059175
632,0,0.6666137953098131
7605,0,0.04976807497059175
2296,0,0.7166487548137478
4310,0,0.8252317604413485
4403,0,0.7194954663846552
738,0,0.6815514882274929
5535,0,0.69967262457247
2402,0,0.7052786143453696
7210,0,0.6364273813185033
5784,0,0.04976807497059175
3003,0,0.6967872004173903
10970,0,0.6851313610716888
2381,0,0.04976807497059175
5259,0,0.8780179292630464
5850,0,0.04976807497059175
8319,0,0.7005482099590747
6428,0,0.6769278689443291
6436,0,0.7093950377829561
10208,0,0.6324153477694102
2091,0,0.04976807497059175
9371,0,0.04976807497059175
3642,0,0.04976807497059175
2130,0,0.7210022634578052
1335,0,0.6397991627800875
10460,0,0.6816432507309961
2582,0,0.7113475131665481
10950,0,0.04976807497059175
3516,0,0.7232310322885059
6144,0,0.7034534563495889
6071,0,0.666887764147725
5828,0,0.7160203789241472
638,0,0.7509063569140992
8066,0,0.04976807497059175
933,0,0.7186490702494815
5554,0,0.7021142986363235
2264,0,0.7242932768824019
9217,0,0.04976807497059175
4597,0,0.723620972478295
1342,0,0.6661868034408691
10125,0,0.7755183284847483
4615,0,0.04976807497059175
4132,0,0.7071772750992533
3131,0,0.7126538984469848
9270,0,0.6764363620056579
3462,0,0.7242693820507903
9400,0,0.7438546117931717
1574,0,0.04976807497059175
9514,0,0.5895715816759413
6526,0,0.643757384120535
4258,0,0.7006731513091412
710,0,0.6784627851421726
739,0,0.04976807497059175
657,0,0.6121166104096483
8395,0,0.04976807497059175
2416,0,0.7185200012880968
2710,0,0.7910326425921985
4921,0,0.04976807497059175
1782,0,0.7248212576205518
6608,0,0.04976807497059175
10812,0,0.5187990580682903
7913,0,0.04976807497059175
6441,0,0.6692583100428123
7057,0,0.7038867763068526
7559,0,0.7415694824880135
5716,0,0.7987836223543378
2183,0,0.741725988640703
10194,0,0.7077868506243425
3892,0,0.04976807497059175
8031,0,0.7883525743607984
9855,0,0.04976807497059175
5880,0,0.04976807497059175
3200,0,0.04976807497059175
11025,0,0.5810767262967469
10739,0,0.7790723496045027
6175,0,0.04976807497059175
2557,0,0.722036464178544
2148,0,0.7027022691942955
8908,0,0.04976807497059175
5492,0,0.5083884685233727
2063,0,0.677802524515241
9468,0,0.6968241005888429
5325,0,0.6910005892671488
3963,0,0.04976807497059175
5309,0,0.6642785856969232
2404,0,0.04976807497059175
8022,0,0.7763128094377697
7722,0,0.7489279204643279
1733,0,0.6657482131032307
6235,0,0.7008413916516727
9522,0,0.6230507090093403
5673,0,0.7210424121691721
9031,0,0.6165153027655124
8326,0,0.7239648738566189
75,0,0.6040833591320294
4341,0,0.7082624678201883
751,0,0.04976807497059175
11148,0,0.7033928763369784
2601,0,0.04976807497059175
5836,0,0.6016640168304409
1186,0,0.7349258188877642
3592,0,0.6714265737981207
3445,0,0.6991171902914174
3408,0,0.04976807497059175
7252,0,0.5830801926400446
4402,0,0.6861101387765882
1791,0,0.04976807497059175
2930,0,0.04976807497059175
683,0,0.7477695637031753
5954,0,0.7010173392545763
3887,0,0.5347062077568273
10159,0,0.5017901449525947
3736,0,0.7147709778039835
4571,0,0.6266417675294316
3750,0,0.04976807497059175
9993,0,0.7437622633860818
8878,0,0.04976807497059175
912,0,0.6208097711882534
4601,0,0.672006983739729
4484,0,0.6869044217588766
6751,0,0.72652279598482
9530,0,0.5324813106420566
358,0,0.04976807497059175
7978,0,0.6606838788024952
3658,0,0.6269295371416757
4400,0,0.5747728841520559
10254,0,0.7624182415581793
5310,0,0.8321295704004499
4050,0,0.5627464777119766
1028,0,0.6987806217705088
2518,0,0.04976807497059175
5787,0,0.04976807497059175
1875,0,0.7530111180825912
6047,0,0.04976807497059175
6365,0,0.6819318484053885
11107,0,0.04976807497059175
2535,0,0.04976807497059175
144,0,0.04976807497059175
9294,0,0.8038399859043082
1074,0,0.7844529713403511
10411,0,0.04976807497059175
10746,0,0.885526280988097
8148,0,0.7723669320176988
5404,0,0.7940690658364343
9477,0,0.04976807497059175
6283,0,0.7162976067114066
902,0,0.04976807497059175
5042,0,0.6845957196583953
4225,0,0.04976807497059175
10015,0,0.6968283505689288
9049,0,0.7071724629417698
9877,0,0.7542594221655404
8071,0,0.7206055386106376
10370,0,0.6963368743885475
6626,0,0.04976807497059175
2632,0,0.7004438502477981
1422,0,0.7028527438025837
9600,0,0.7031563860474466
5834,0,0.7745020982314493
10115,0,0.7230913235511383
10903,0,0.6511832531149643
7557,0,0.7207136058340142
7616,0,0.5755946196536107
10786,0,0.04976807497059175
4085,0,0.7105298067151533
9483,0,0.04976807497059175
9255,0,0.7465458278022971
5672,0,0.6743424748162324
3895,0,0.04976807497059175
10785,0,0.04976807497059175
9816,0,0.04976807497059175
209,0,0.731389124089305
6866,0,0.5852261847357539
6419,0,0.7964193846524641
265,0,0.04976807497059175
1571,0,0.04976807497059175
2815,0,0.8091677819433802
9716,0,0.7078756477439532
5643,0,0.04976807497059175
4689,0,0.04976807497059175
9570,0,0.7810552752894081
4621,0,0.7287912160026077
1190,0,0.7498461287010909
10368,0,0.5426697264000625
7201,0,0.6440068655406966
5019,0,0.7382003982881343
9696,0,0.5150383698484
11094,0,0.04976807497059175
5885,0,0.04976807497059175
2563,0,0.7252820918033492
6237,0,0.04976807497059175
1069,0,0.04976807497059175
9219,0,0.7830045189017995
5728,0,0.724815996487198
9972,0,0.7284562480777547
916,0,0.04976807497059175
1301,0,0.7912863569309707
9090,0,0.728989156381066
4987,0,0.8316156568075116
10978,0,0.6892655932142918
4976,0,0.6196867310349976
664,0,0.694354862551891
2569,0,0.04976807497059175
8912,0,0.6462751694456383
1628,0,0.9875356794957586
226,0,0.7174211678829666
1132,0,0.6260715626733383
8163,0,0.5806750687967737
9231,0,0.6363461533838912
3217,0,0.7417360812145002
1445,0,0.04976807497059175
3803,0,0.6226562040757058
1880,0,0.7462838350802403
10674,0,0.9357202761071294
8420,0,0.7289035952384763
4058,0,0.6529966094329709
3250,0,0.7383761655074791
1578,0,0.6625477591540022
9303,0,0.6649430707154856
1539,0,0.7367364016636624
4397,0,0.04976807497059175
6546,0,0.6893287249719587
9896,0,0.04976807497059175
4035,0,0.9839449688142478
2812,0,0.7315362635978658
10101,0,0.04976807497059175
8040,0,0.7164203841188093
3799,0,0.9951724851407221
4590,0,0.04976807497059175
32,0,0.6207738521319411
10943,0,0.7486605193184167
5892,0,0.04976807497059175
1048,0,0.5292633288272685
2480,0,0.6684238179181403
1310,0,0.661253519538993
5815,0,0.6377993257283908
10759,0,0.5435952895366933
2920,0,0.639831696627158
6496,0,0.7759395885869265
10168,0,0.726159112817415
10401,0,0.04976807497059175
9157,0,0.6546944277287325
6367,0,0.04976807497059175
9337,0,0.7675390166508972
10712,0,0.04976807497059175
5915,0,0.720359139696674
2477,0,0.04976807497059175
4727,0,0.754325985219843
1362,0,0.04976807497059175
4321,0,0.04976807497059175
3269,0,0.7424648952108426
7214,0,0.7184226889506743
1170,0,0.727833227339963
3486,0,0.04976807497059175
8116,0,0.615071127219379
3473,0,0.7180276926966486
4581,0,0.7117548580721716
6720,0,0.6835580378314904
5064,0,0.6437428405773409
5903,0,0.7796159741042749
10180,0,0.608235857182012
4760,0,0.7763691275096911
3614,0,0.7286989799207627
9871,0,0.7182632238522652
10455,0,0.7674997323368817
804,0,0.7318392907448984
5268,0,0.7413073083840676
4205,0,0.6065974899265618
21,0,0.7436816135272661
1395,0,0.04976807497059175
7033,0,0.6118651956042266
2671,0,0.6962162950761457
145,0,0.04976807497059175
10435,0,0.04976807497059175
357,0,0.7117576873511645
7893,0,0.04976807497059175
9669,0,0.6514962269822392
4558,0,0.04976807497059175
10763,0,0.6312861350807887
3552,0,0.04976807497059175
4364,0,0.6151810021230715
7211,0,0.6754172232724287
8775,0,0.04976807497059175
2593,0,0.5557472524450807
8306,0,0.04976807497059175
7482,0,0.04976807497059175
362,0,0.763393242480228
2044,0,0.7013908541733682
8456,0,0.7331909561202236
6159,0,0.7525826970938565
11028,0,0.04976807497059175
3404,0,0.7099595951221631
2075,0,0.7044659914451957
5912,0,0.7964139284409514
3495,0,0.04976807497059175
8318,0,0.04976807497059175
1384,0,0.7277481068376903
231,0,0.5896678650313482
9482,0,0.7215530179762704
10261,0,0.6993524813548544
7726,0,0.6860135695759412
1477,0,0.5994404794079109
3586,0,0.7953596783479261
4087,0,0.662363264744768
1127,0,0.04976807497059175
6372,0,0.6373868330836417
3810,0,0.5828036167205778
9812,0,0.04976807497059175
2330,0,0.6012978293409379
4818,0,0.7236031745014874
1499,0,0.9144615932523104
3706,0,0.04976807497059175
10157,0,0.6879690407504343
9014,0,0.04976807497059175
3681,0,0.6526751990845975
6359,0,0.04976807497059175
2175,0,0.724216124141872
332,0,0.04976807497059175
2763,0,0.7383130350887324
5249,0,0.6926401536632864
3278,0,0.04976807497059175
4185,0,0.6224789422698679
5252,0,0.6081827618555838
1736,0,0.7391025331655813
283,0,0.04976807497059175
10271,0,0.605358830726629
7108,0,0.7025379887799805
7371,0,0.7130107337077484
10605,0,0.04976807497059175
4198,0,0.5281746688925859
938,0,0.7346036786931354
6445,0,0.04976807497059175
10920,0,0.7186905394583339
3474,0,0.04976807497059175
4529,0,0.6842659986959733
9285,0,0.714103500361559
6291,0,0.7918355287191009
10001,0,0.04976807497059175
10678,0,0.04976807497059175
430,0,0.6648180109220635
829,0,0.6366869112710003
3198,0,0.04976807497059175
4247,0,0.7035861493626048
1217,0,0.04976807497059175
8461,0,0.7192547546960651
9415,0,0.6146330896499106
2523,0,0.7557892819866217
3539,0,0.6431769971289429
547,0,0.6921203423922623
7900,0,0.5023970899583252
10404,0,0.8111275116035939
1572,0,0.6352085985959367
5920,0,0.04976807497059175
6652,0,0.04976807497059175
2359,0,0.7520254516547047
8156,0,0.8215755466202804
8560,0,0.6681964627399287
6049,0,0.721561479794815
10522,0,0.6061268119262763
1766,0,0.6998228476605685
7622,0,0.7274370697536933
9275,0,0.618165641395949
3581,0,0.04976807497059175
3923,0,0.7243564136085529
5857,0,0.7022829253533657
0,0,0.7884475848412331
9592,0,0.04976807497059175
1510,0,0.7305411221093566
2355,0,0.6814738193348738
3890,0,0.7080271160216167
2608,0,0.7235900147181286
3606,0,0.732875676813088
3767,0,0.04976807497059175
6110,0,0.04976807497059175
6825,0,0.7908423850534214
1732,0,0.668832513329362
7535,0,0.5102520073665834
2323,0,0.702933681288442
5046,0,0.5254146473708201
7991,0,0.7342546365020733
10629,0,0.6516916806758183
9989,0,0.7222428687973748
1036,0,0.8249880258807555
1530,0,0.7052372067745719
10440,0,0.6934951272108577
6319,0,0.7059855787113455
1149,0,0.7082041248218451
4413,0,0.04976807497059175
3103,0,0.6731241930517425
5357,0,0.7196916988454402
2298,0,0.04976807497059175
9439,0,0.04976807497059175
5616,0,0.5093789762922644
2106,0,0.7978328746087564
8373,0,0.7432397755094121
6176,0,0.7248600338249601
6729,0,0.8048639344796719
9524,0,0.7282134986548853
935,0,0.04976807497059175
4687,0,0.7104217963626916
6268,0,0.04976807497059175
8885,0,0.7300048049252558
651,0,0.04976807497059175
2066,0,0.04976807497059175
10713,0,0.04976807497059175
5370,0,0.7002357991652084
812,0,0.6865507857023327
7100,0,0.7114983945531561
9373,0,0.04976807497059175
3431,0,0.04976807497059175
8422,0,0.7748295892171545
1682,0,0.7296760184125866
1246,0,0.6716513969495342
10487,0,0.6022872963313887
8295,0,0.04976807497059175
903,0,0.5966608565074859
10167,0,0.04976807497059175
2597,0,0.04976807497059175
10242,0,0.6391835028170745
4111,0,0.6843291957546762
406,0,0.5491705782183636
7137,0,0.7097649267671937
4835,0,0.7833064568285024
7474,0,0.6924180620631015
7527,0,0.6935773394466491
1013,0,0.6521623168355651
8425,0,0.7140314293546803
678,0,0.7979127499890467
2724,0,0.04976807497059175
3748,0,0.694652575055328
10597,0,0.6483545937336347
8772,0,0.8655457436082747
10003,0,0.7180885687772323
3325,0,0.7243791766998405
1444,0,0.7011525588304968
2838,0,0.6986760662235124
4071,0,0.7199711411693583
6974,0,0.04976807497059175
4539,0,0.6755257021123333
8562,0,0.7190558194193121
4618,0,0.6815838114841227
8502,0,0.04976807497059175
10256,0,0.687819550866999
6786,0,0.6443395435980515
8334,0,0.7595022646313925
4146,0,0.7440507379751216
4155,0,0.04976807497059175
1885,0,0.7124841668069192
3069,0,0.7348248167753633
7410,0,0.5526977998916973
6322,0,0.6701607435244914
6205,0,0.04976807497059175
1054,0,0.7417951290620238
10188,0,0.04976807497059175
860,0,0.7271575846024015
578,0,0.716527216814373
8015,0,0.04976807497059175
2732,0,0.7009124542486872
3087,0,0.04976807497059175
2138,0,0.6350532949156482
3413,0,0.04976807497059175
8111,0,0.04976807497059175
360,0,0.7009054241399435
8589,0,0.6400920892183452
8749,0,0.6342927504748253
5766,0,0.7230215241171902
4707,0,0.7096980944503527
8151,0,0.6230097309671812
6339,0,0.7032423775624932
8953,0,0.6802407758107976
9096,0,0.5033686189291721
423,0,0.6044422097244728
8249,0,0.699014785217847
10488,0,0.6511449431123656
5051,0,0.7613924384916991
8843,0,0.5627888595913555
4080,0,0.7763116728716366
4518,0,0.04976807497059175
6469,0,0.6174485280226722
734,0,0.7156260703789052
11089,0,0.706268300048613
4026,0,0.5566034333111157
7542,0,0.6154411374140336
1994,0,0.7457048756804827
1126,0,0.04976807497059175
4029,0,0.7117562881900725
7768,0,0.04976807497059175
2087,0,0.04976807497059175
609,0,0.663396118843815
4572,0,0.712806178407461
10938,0,0.7229787415679834
10668,0,0.04976807497059175
9278,0,0.7401589547859299
7428,0,0.04976807497059175
7172,0,0.6834071352599825
6168,0,0.04976807497059175
10858,0,0.04976807497059175
5780,0,0.7232080186662598
4622,0,0.7238281866521388
9081,0,0.6477668612760084
8483,0,0.7446799441899074
559,0,0.7070850622289858
8208,0,0.6936143693874895
74,0,0.04976807497059175
5935,0,0.04976807497059175
3777,0,0.04976807497059175
6330,0,0.5791702992157625
3973,0,0.04976807497059175
6889,0,0.6479256836533008
9664,0,0.04976807497059175
8480,0,0.6625150954058132
5460,0,0.04976807497059175
8119,0,0.6983222743802855
1829,0,0.04976807497059175
5875,0,0.6833124539155779
2639,0,0.7184825281126354
10843,0,0.705919541749607
9019,0,0.04976807497059175
2171,0,0.7275973114626675
3181,0,0.7471699631531971
6624,0,0.04976807497059175
9637,0,0.7198780411159882
7335,0,0.7492101391551905
8345,0,0.7893787953115567
2737,0,0.7266244273318722
11033,0,0.7459438533628204
2356,0,0.7335667214433487
6327,0,0.04976807497059175
865,0,0.5267451190821558
8467,0,0.04976807497059175
9686,0,0.04976807497059175
787,0,0.704037289403594
10592,0,0.648493649389572
2756,0,0.5769924300253026
9186,0,0.6936666604988194
6928,0,0.614795290013789
2077,0,0.6874717760158967
7220,0,0.7154527233427871
3466,0,0.04976807497059175
3321,0,0.7131760690469153
9694,0,0.6496526039391806
8276,0,0.04976807497059175
7884,0,0.7099019759650753
1903,0,0.7260384454955274
5341,0,0.7476741621704709
1501,0,0.7723748819132282
9750,0,0.7200666315280394
5726,0,0.5014291051534103
9860,0,0.04976807497059175
2460,0,0.7162758379355324
3116,0,0.6287958371124325
2343,0,0.6454699267959795
8643,0,0.7859952260481545
763,0,0.7456866120301762
3245,0,0.04976807497059175
7368,0,0.04976807497059175
3083,0,0.625085841528182
2099,0,0.6392161701498873
10262,0,0.04976807497059175
8550,0,0.04976807497059175
9726,0,0.7174884319404229
7245,0,0.7519922848364456
2432,0,0.6591049833386783
996,0,0.04976807497059175
10360,0,0.6506113102361492
10681,0,0.5822976909519864
2112,0,0.6511858006456936
5178,0,0.04976807497059175
9881,0,0.6181965942304071
11147,0,0.715793341497143
5824,0,0.6241019248721208
9905,0,0.04976807497059175
6347,0,0.7186529043170445
5924,0,0.7540801112287198
232,0,0.6880996445136979
8683,0,0.04976807497059175
648,0,0.6964729050053599
7965,0,0.04976807497059175
9433,0,0.6031032117558589
7607,0,0.625250660432194
10854,0,0.6498753079802461
3361,0,0.6826772830060435
2041,0,0.04976807497059175
8320,0,0.5845310659406933
6202,0,0.7736053893818734
3709,0,0.7317962661654719
7489,0,0.7353370997280416
2900,0,0.04976807497059175
7932,0,0.7583766210958531
4209,0,0.6534216542286013
8056,0,0.6074830484127481
4845,0,0.04976807497059175
6396,0,0.6653972170660716
5729,0,0.7616589206469682
4359,0,0.04976807497059175
1464,0,0.7188688332903135
10030,0,0.6769213379130182
8793,0,0.04976807497059175
6738,0,0.7203508702792653
3814,0,0.8207677361088114
11058,0,0.7282321074138207
6113,0,0.04976807497059175
5952,0,0.04976807497059175
3615,0,0.8028370011986833
6645,0,0.666367767272985
1482,0,0.780884651929104
8375,0,0.6219391013534206
45,0,0.729270932976503
2791,0,0.7348982916033894
2403,0,0.6971795795095908
11101,0,0.04976807497059175
1901,0,0.04976807497059175
10317,0,0.04976807497059175
7546,0,0.6338234488884852
1809,0,0.5283826651405755
4771,0,0.7486683528041906
1506,0,0.724776671559619
4428,0,0.7524197054594012
10426,0,0.04976807497059175
819,0,0.7314835357346545
4412,0,0.692638835017227
535,0,0.6007421165227259
5114,0,0.741303716597247
1731,0,0.04976807497059175
2286,0,0.7170991754653827
2945,0,0.9248787324556224
3611,0,0.04976807497059175
97,0,0.7020373909494623
7924,0,0.7104861781555709
8331,0,0.821772329451467
8541,0,0.7749572894386542
5307,0,0.5755779658083917
741,0,0.6948149210179477
2304,0,0.7073756932464204
9119,0,0.04976807497059175
4593,0,0.6739895124406532
5722,0,0.7870158065633146
2475,0,0.5627939277542279
211,0,0.7567191857605787
2910,0,0.715318296461264
2670,0,0.04976807497059175
1848,0,0.04976807497059175
1672,0,0.7697486797949208
1623,0,0.04976807497059175
1609,0,0.8707905200910505
3237,0,0.7107100788760903
1887,0,0.7390368878762764
9263,0,0.7049340259796538
1742,0,0.04976807497059175
5737,0,0.8161012417404537
4443,0,0.7715171568408147
10023,0,0.04976807497059175
8378,0,0.6172578344735984
8865,0,0.6945385312438281
4838,0,0.7126118249084776
2347,0,0.5545287582800716
7401,0,0.7065106490922751
6625,0,0.5995827456393917
5998,0,0.6916888265503387
2819,0,0.853105464557516
6073,0,0.8110843675357163
3852,0,0.6138591291456382
1516,0,0.04976807497059175
9777,0,0.04976807497059175
7095,0,0.6925280498889071
1368,0,0.609876689277945
10110,0,0.7720571181912927
10155,0,0.7285344186650281
6547,0,0.6224760903148102
10871,0,0.04976807497059175
6855,0,0.7157692216130644
8983,0,0.04976807497059175
7864,0,0.7096174183096684
10532,0,0.04976807497059175
1831,0,0.04976807497059175
157,0,0.6258662342900849
1754,0,0.04976807497059175
4728,0,0.7040620149461008
7592,0,0.04976807497059175
6306,0,0.04976807497059175
1426,0,0.7177791597285916
4681,0,0.7896077068452749
3482,0,0.7317506912122786
3158,0,0.6746615097688002
5825,0,0.04976807497059175
665,0,0.04976807497059175
587,0,0.7167834941478087
3891,0,0.6232711839048226
1304,0,0.6704325582994592
5930,0,0.6011669283498114
1159,0,0.62703561775561
10165,0,0.6804519039333675
285,0,0.7275835128309623
10778,0,0.6387856769665652
2400,0,0.6647218142823238
7523,0,0.6806087741698899
8779,0,0.04976807497059175
3872,0,0.6222403856077522
5235,0,0.8614474771492162
729,0,0.04976807497059175
4966,0,0.7106221951333096
6998,0,0.04976807497059175
6451,0,0.6643993350754198
823,0,0.6299596384399756
4254,0,0.6680492819880907
5718,0,0.7288684069367855
5633,0,0.04976807497059175
5806,0,0.7493601766208519
5450,0,0.7681870236792241
6925,0,0.04976807497059175
493,0,0.04976807497059175
9631,0,0.04976807497059175
1212,0,0.5340438108264879
5717,0,0.04976807497059175
8039,0,0.9818211363286554
7015,0,0.7357344051383347
8547,0,0.04976807497059175
10616,0,0.7060316636746294
7128,0,0.8917153278555296
6123,0,0.04976807497059175
9581,0,0.5460068500001943
3515,0,0.7263310949579643
9939,0,0.7042710894324826
8136,0,0.711225735082194
2142,0,0.6320361643586297
4655,0,0.04976807497059175
10073,0,0.6290434682319642
7725,0,0.6622439544780885
4390,0,0.7049590376085654
7076,0,0.8042653278378303
2030,0,0.6946900473963038
5771,0,0.5492498704523432
1865,0,0.7339685931170475
6897,0,0.7201658175580976
5201,0,0.04976807497059175
10223,0,0.7058943054139327
840,0,0.9254123621937361
290,0,0.04976807497059175
7319,0,0.7704435089122758
326,0,0.7402550132701355
2909,0,0.04976807497059175
6566,0,0.6657881090946844
11109,0,0.7967337486465426
3722,0,0.6688088814988106
2238,0,0.6475281331310836
9764,0,0.04976807497059175
5730,0,0.04976807497059175
10832,0,0.04976807497059175
3593,0,0.7072134056928944
7684,0,0.7917116180551493
4887,0,0.6974359374162326
8571,0,0.5793203713733047
5887,0,0.7134429215675067
1845,0,0.7145678638205637
1449,0,0.7931111212783797
10016,0,0.7053446790363688
5140,0,0.7324415502339409
9630,0,0.7068464428052884
1358,0,0.04976807497059175
109,0,0.04976807497059175
3358,0,0.04976807497059175
6558,0,0.7806806143641795
10701,0,0.5825822151456376
11103,0,0.6142703093682651
9109,0,0.7447338611712258
10121,0,0.04976807497059175
10269,0,0.04976807497059175
1256,0,0.04976807497059175
6601,0,0.04976807497059175
9440,0,0.7032210760757327
9039,0,0.04976807497059175
7084,0,0.6944844618665048
7525,0,0.04976807497059175
5779,0,0.04976807497059175
4183,0,0.7232479408539015
3583,0,0.6794834255362954
4182,0,0.04976807497059175
4684,0,0.04976807497059175
6641,0,0.04976807497059175
6239,0,0.7391007713685851
5959,0,0.7248834076000011
3041,0,0.7235423926863378
4435,0,0.6495569442191694
2195,0,0.6995411947608978
3481,0,0.04976807497059175
7145,0,0.04976807497059175
1534,0,0.04976807497059175
10497,0,0.6921735685606036
11073,0,0.7661404945670633
7025,0,0.6687821067721801
3248,0,0.6802850919563136
7649,0,0.6797214700122153
9499,0,0.7710150640823189
5150,0,0.6995565909183843
11083,0,0.7529494871641971
8544,0,0.7366230877665364
1243,0,0.7122247833121931
6542,0,0.707106932874482
9690,0,0.6304699588529237
5649,0,0.7351522787244432
7781,0,0.04976807497059175
5099,0,0.7260413787033274
3493,0,0.04976807497059175
8959,0,0.6987824685960836
7349,0,0.733185632762141
1518,0,0.7586667908640918
9169,0,0.7127205291122347
4661,0,0.6894275721019425
7513,0,0.6142158372941268
8397,0,0.7187405492246528
2572,0,0.04976807497059175
836,0,0.04976807497059175
2170,0,0.7108444396870901
9767,0,0.598966114096929
6250,0,0.5881929653650277
1459,0,0.718520654551856
6596,0,0.04976807497059175
4446,0,0.6374836139954208
3033,0,0.5054037253258592
5504,0,0.6998607946463129
5384,0,0.6876934955329761
1870,0,0.04976807497059175
8166,0,0.7155587596758406
9786,0,0.6575747736655195
7361,0,0.04976807497059175
6538,0,0.6316358373809519
922,0,0.7123183216542057
9403,0,0.7054821859144573
11027,0,0.7419784827861442
10705,0,0.7541427437274594
3001,0,0.04976807497059175
2792,0,0.7288522669022962
1341,0,0.7404732038691647
1237,0,0.70261267800429
6337,0,0.04976807497059175
10574,0,0.7809913037393923
4410,0,0.04976807497059175
4286,0,0.04976807497059175
6955,0,0.763493069163329
8244,0,0.04976807497059175
10309,0,0.04976807497059175
3969,0,0.04976807497059175
5619,0,0.7199560707994176
5216,0,0.5436060223362605
4052,0,0.04976807497059175
7185,0,0.04976807497059175
10650,0,0.719718276310694
6325,0,0.6957843427989937
3159,0,0.5492092587352734
9720,0,0.7217225043945624
5315,0,0.6342498036711467
60,0,0.6836940533974343
1740,0,0.7219693378042071
3865,0,0.6889684140629453
646,0,0.04976807497059175
2948,0,0.7179464085894093
1475,0,0.7242698462308065
7776,0,0.7151690510429412
1468,0,0.7804195151311023
3441,0,0.7163534788056513
10308,0,0.7177854966064359
8393,0,0.7162550585724992
1134,0,0.6738329838077366
3203,0,0.5380228695290726
11008,0,0.7295222166536359
5165,0,0.7254282122238447
8064,0,0.7822567810525244
3699,0,0.04976807497059175
2421,0,0.04976807497059175
6638,0,0.04976807497059175
4509,0,0.5351964717535038
7204,0,0.6885574197952538
1030,0,0.04976807497059175
5440,0,0.7474308400023617
5725,0,0.04976807497059175
9717,0,0.6426588901985136
9588,0,0.04976807497059175
932,0,0.6972369004624357
5159,0,0.7166480025458556
10495,0,0.7024807393993933
9205,0,0.7073203794366185
6584,0,0.5961495977145997
4841,0,0.7460422601503199
887,0,0.04976807497059175
10937,0,0.04976807497059175
5937,0,0.04976807497059175
7862,0,0.6360047433658593
2440,0,0.7140575467897143
9944,0,0.7207700316690416
8698,0,0.6620649655312775
3804,0,0.6546068767401007
7680,0,0.04976807497059175
1216,0,0.7480078317174428
10773,0,0.7378709685989039
8489,0,0.6087759964692112
3675,0,0.04976807497059175
4219,0,0.04976807497059175
6750,0,0.04976807497059175
7020,0,0.5464048549014391
3161,0,0.04976807497059175
8720,0,0.6596311483022413
9539,0,0.6104517090227706
5499,0,0.7297810788343964
4564,0,0.5736650145552149
7438,0,0.5873439255139746
3440,0,0.6978651586411073
7658,0,0.6916704234492128
199,0,0.6780521166854689
7922,0,0.7097752267054948
5502,0,0.6183270223632162
10385,0,0.7123942076756629
7699,0,0.7597199769438501
9448,0,0.9864148216498807
930,0,0.04976807497059175
7318,0,0.7732349378903889
6313,0,0.7093422077894279
10748,0,0.04976807497059175
5858,0,0.6486427374458378
3979,0,0.5999501071225237
9442,0,0.04976807497059175
3978,0,0.6366441193949804
3018,0,0.7166560583929122
10956,0,0.7538490311223766
3819,0,0.7021145079246405
8431,0,0.7413179131457324
3707,0,0.04976807497059175
6828,0,0.640523124739288
1645,0,0.7309390539112838
5768,0,0.04976807497059175
3483,0,0.6023668238810568
1822,0,0.04976807497059175
8687,0,0.7352961724706275
5275,0,0.6513706379879477
2695,0,0.646236712823437
7502,0,0.7139487144992548
667,0,0.04976807497059175
3992,0,0.5984827260306705
3903,0,0.04976807497059175
685,0,0.04976807497059175
9166,0,0.7006912071526232
7142,0,0.5064084954960504
2621,0,0.6843335517511229
210,0,0.6908234427813403
4566,0,0.04976807497059175
6901,0,0.5685694158110983
2749,0,0.04976807497059175
5613,0,0.7314337501444113
10682,0,0.04976807497059175
6970,0,0.761303286255832
8159,0,0.04976807497059175
10911,0,0.5972164733053412
188,0,0.7161372398281907
979,0,0.700039357133431
7338,0,0.7138832335155646
387,0,0.7009705976130884
3085,0,0.7374111279616964
3999,0,0.04976807497059175
3838,0,0.6815540989100062
4407,0,0.6907853465589601
7972,0,0.04976807497059175
7538,0,0.5978875509511563
6743,0,0.6727678143086172
9239,0,0.04976807497059175
8811,0,0.667204186742693
6209,0,0.7462494656190516
11031,0,0.04976807497059175
4648,0,0.04976807497059175
2139,0,0.7046517206754553
216,0,0.04976807497059175
1180,0,0.7436162343508872
4264,0,0.5147888823329172
2390,0,0.6521092302185866
3578,0,0.872953746182453
2916,0,0.49468705505130117
6061,0,0.04976807497059175
1952,0,0.6540789122088217
939,0,0.6906798307215629
4173,0,0.7556296012845461
204,0,0.04976807497059175
1167,0,0.04976807497059175
4662,0,0.7179838569151109
10627,0,0.6781551781262213
2417,0,0.04976807497059175
9844,0,0.7199206788305973
10,0,0.6986802821981981
6084,0,0.04976807497059175
2450,0,0.6984014249420993
7278,0,0.7161679300259032
8486,0,0.698821308312944
4208,0,0.04976807497059175
6355,0,0.04976807497059175
921,0,0.7061685409755629
7786,0,0.8105196101838524
3228,0,0.7340069212639168
5438,0,0.5821932970746418
279,0,0.7230224514183459
8947,0,0.7098679794615856
6792,0,0.6928629536738347
1241,0,0.04976807497059175
5759,0,0.04976807497059175
3285,0,0.678570933936524
6409,0,0.7524030150814659
2205,0,0.6691221653004517
5337,0,0.7105961913501629
6740,0,0.7090402909307586
4299,0,0.04976807497059175
5977,0,0.7166833111396237
1758,0,0.04976807497059175
1339,0,0.04976807497059175
3788,0,0.7286022177626875
5175,0,0.04976807497059175
9006,0,0.8164678292782821
8170,0,0.733869886373516
3961,0,0.04976807497059175
783,0,0.04976807497059175
973,0,0.04976807497059175
1035,0,0.6915793579182979
6079,0,0.7171140331390268
10603,0,0.04976807497059175
3986,0,0.8725669880046781
9887,0,0.7062588593024062
1014,0,0.04976807497059175
2242,0,0.04976807497059175
8218,0,0.6430839133035146
5308,0,0.04976807497059175
8240,0,0.04976807497059175
5007,0,0.7086949173608834
4578,0,0.04976807497059175
52,0,0.8169011685165579
1072,0,0.6538931323371713
5891,0,0.04976807497059175
5898,0,0.6327354827151521
376,0,0.7242820495815746
3816,0,0.7029430174999033
9086,0,0.04976807497059175
10628,0,0.6548775185314473
11066,0,0.7180344182194862
6554,0,0.04976807497059175
1933,0,0.7186824655021349
844,0,0.6989450693060527
9721,0,0.04976807497059175
158,0,0.04976807497059175
382,0,0.6542137339598639
6548,0,0.7147034093873571
9151,0,0.04976807497059175
8669,0,0.8188406186437235
5934,0,0.6812346229097606
1806,0,0.7068202441664736
1413,0,0.7150660976192184
2644,0,0.7722627487710056
7039,0,0.04976807497059175
2502,0,0.7459483711189203
7996,0,0.7159966856582394
7115,0,0.723007861727405
4249,0,0.7303128589411005
9560,0,0.04976807497059175
7427,0,0.04976807497059175
7339,0,0.6764811519008431
8693,0,0.04976807497059175
10131,0,0.04976807497059175
9106,0,0.7301488617419292
5871,0,0.6609656048357788
5922,0,0.04976807497059175
10137,0,0.6291543963787921
7019,0,0.04976807497059175
9033,0,0.6369704196531614
10278,0,0.7526391326347298
6788,0,0.7108850632040918
5241,0,0.04976807497059175
1152,0,0.7113597205275711
2311,0,0.7103103568757416
491,0,0.7136107347635937
891,0,0.8128373285382385
5520,0,0.7184851791720935
4148,0,0.04976807497059175
10268,0,0.829020228334835
3905,0,0.04976807497059175
8192,0,0.71715844983222
5242,0,0.7239419575820261
6152,0,0.04976807497059175
9854,0,0.6182125639323075
6083,0,0.04976807497059175
2128,0,0.04976807497059175
4039,0,0.7059871490921804
10471,0,0.7069949147317522
2081,0,0.6793653908119469
2313,0,0.9117643356070967
3429,0,0.7472828876807253
7234,0,0.04976807497059175
2559,0,0.7095570390519117
1673,0,0.7804743692469482
4408,0,0.7106663987423568
1408,0,0.04976807497059175
8496,0,0.7155993645999575
1867,0,0.6992910988840394
4122,0,0.785816809393031
7853,0,0.6229870048148722
5512,0,0.713219884048519
4271,0,0.7089494699418977
7003,0,0.7209898278563066
1447,0,0.8024248719379891
6112,0,0.04976807497059175
2054,0,0.04976807497059175
7453,0,0.6774447300255824
516,0,0.7381245381673687
1373,0,0.7051967752867052
2252,0,0.6678182362973593
10696,0,0.04976807497059175
7560,0,0.04976807497059175
4745,0,0.7369124587051117
4825,0,0.8114425576163035
5615,0,0.7083692884272194
9452,0,0.7272633448496963
3216,0,0.716000339143227
5674,0,0.6772912557519695
3879,0,0.04976807497059175
9412,0,0.04976807497059175
10275,0,0.7721636957970236
8814,0,0.04976807497059175
7742,0,0.04976807497059175
1292,0,0.7266421130700709
4770,0,0.7103170658051642
1439,0,0.7029412702574022
6281,0,0.7039908423102315
3012,0,0.7392851436757879
5320,0,0.04976807497059175
10673,0,0.6254192270472311
1728,0,0.6997692001862651
5238,0,0.7703060674698906
9779,0,0.5301421833736896
9458,0,0.8345678695065013
6543,0,0.6238811972257684
2657,0,0.7017915085964305
4594,0,0.7406607374994885
9668,0,0.7679491637507572
9155,0,0.6820301491787489
11102,0,0.04976807497059175
2718,0,0.8582278541106482
10774,0,0.6763311162405241
4548,0,0.8031669861295643
8406,0,0.7231420549775884
10298,0,0.04976807497059175
3775,0,0.04976807497059175
1397,0,0.04976807497059175
9352,0,0.04976807497059175
1338,0,0.04976807497059175
4223,0,0.7112668956465581
6381,0,0.7128776386646192
6975,0,0.8990991886598407
16,0,0.04976807497059175
7782,0,0.6009788200221738
8858,0,0.7498220581306606
6484,0,0.6887462614243371
9196,0,0.6972756862489414
6050,0,0.04976807497059175
10580,0,0.04976807497059175
3846,0,0.7288227801316954
391,0,0.7243039700754919
7315,0,0.04976807497059175
8038,0,0.7198952188973324
6316,0,0.04976807497059175
7042,0,0.665673985173328
9063,0,0.7407709003259356
1802,0,0.7058048884126307
6770,0,0.7763116250101888
319,0,0.04976807497059175
2026,0,0.04976807497059175
6522,0,0.04976807497059175
10430,0,0.7054471991721295
6934,0,0.04976807497059175
5799,0,0.04976807497059175
6418,0,0.7016653824949551
8789,0,0.7223030138797352
6133,0,0.7150538215679462
7779,0,0.6861258590259978
7891,0,0.6182597103022496
5868,0,0.04976807497059175
2935,0,0.630121313295954
10729,0,0.700637705637849
9214,0,0.04976807497059175
67,0,0.7178022822543283
6642,0,0.7110212987743106
898,0,0.7628257757083144
8728,0,0.04976807497059175
10506,0,0.6292689203046775
6361,0,0.7054567243220216
10169,0,0.7266440694397536
9149,0,0.04976807497059175
8498,0,0.7291973899882438
4108,0,0.04976807497059175
6936,0,0.4793504254613404
11135,0,0.7004432325119629
3937,0,0.7029368085583668
8585,0,0.6987057240262174
9817,0,0.5406322236945293
6057,0,0.04976807497059175
8264,0,0.746522452131359
2714,0,0.7273929301322039
5264,0,0.6779104289127613
3623,0,0.7489679038098427
9486,0,0.04976807497059175
5752,0,0.7228420993511974
9626,0,0.04976807497059175
7077,0,0.714105789193399
4603,0,0.699353893228836
5865,0,0.72455961840226
8275,0,0.04976807497059175
8700,0,0.7513246563099588
4510,0,0.9088834018936863
1366,0,0.04976807497059175
1972,0,0.04976807497059175
2873,0,0.7511610908215575
1716,0,0.7225828420969396
3297,0,0.6924850018341339
1500,0,0.7656977185335001
2,0,0.7807459305862554
9288,0,0.7157057807873667
8301,0,0.04976807497059175
4637,0,0.7258846993700585
372,0,0.04976807497059175
4042,0,0.65652694311591
3266,0,0.732880191023848
3262,0,0.719186490499399
10660,0,0.7280974445268503
1966,0,0.7213517904174183
4776,0,0.7296681310490842
1872,0,0.6890076249552263
10897,0,0.04976807497059175
4834,0,0.04976807497059175
2414,0,0.751485700363124
5043,0,0.7129801259560568
2438,0,0.7227840040533321
5127,0,0.5656145117234308
9470,0,0.04976807497059175
355,0,0.04976807497059175
612,0,0.616280380572482
3574,0,0.04976807497059175
2525,0,0.736262966603788
7580,0,0.04976807497059175
8291,0,0.7252151892796704
3233,0,0.04976807497059175
1363,0,0.04976807497059175
2187,0,0.6936959460106853
7008,0,0.04976807497059175
9878,0,0.6459889469203802
567,0,0.7053928160509086
8656,0,0.04976807497059175
6716,0,0.7785767059230767
590,0,0.04976807497059175
2807,0,0.6442578846579622
5444,0,0.7124123123893945
5110,0,0.04976807497059175
4159,0,0.7803689590296045
6810,0,0.04976807497059175
9342,0,0.7289373011501858
5187,0,0.7000856773480475
6342,0,0.6515341057925883
1249,0,0.7111707362213565
942,0,0.04976807497059175
692,0,0.7095684380523002
5621,0,0.04976807497059175
9443,0,0.7180721002534574
219,0,0.5711752478723164
1981,0,0.9054401436044268
5630,0,0.7719500579375311
101,0,0.04976807497059175
7229,0,0.7493375872294324
7322,0,0.7106685458073339
6143,0,0.7035065917082819
8964,0,0.04976807497059175
11007,0,0.7215588956203208
1696,0,0.7175573025587544
5237,0,0.8746293233403756
10171,0,0.7027299094720063
7894,0,0.04976807497059175
7028,0,0.7853529335072945
3953,0,0.04976807497059175
6636,0,0.7174312659028259
7615,0,0.7195104612000986
5524,0,0.04976807497059175
2571,0,0.5921632974590605
5551,0,0.5585446565112565
971,0,0.04976807497059175
2605,0,0.7271288657381234
9114,0,0.7072537939485193
6303,0,0.5764774839485934
7499,0,0.04976807497059175
7753,0,0.606622457411438
8091,0,0.04976807497059175
6136,0,0.6397799991454037
7231,0,0.7309166204339054
5084,0,0.04976807497059175
6384,0,0.04976807497059175
4207,0,0.6403271288205378
9472,0,0.7096453756584886
1303,0,0.6359572212037837
1651,0,0.7247621393341485
5365,0,0.04976807497059175
4950,0,0.710486029440974
5474,0,0.6829263775344019
798,0,0.04976807497059175
4955,0,0.04976807497059175
1203,0,0.04976807497059175
9174,0,0.7046976155180161
2788,0,0.5831501599429906
3878,0,0.6759408189114187
10181,0,0.04976807497059175
9113,0,0.708258279497726
1320,0,0.6739833928782641
8622,0,0.7437414818961472
3064,0,0.7796721370751818
4752,0,0.7343900298616322
5253,0,0.7127909467374355
9142,0,0.7078290221895414
7889,0,0.6976026636634484
6148,0,0.6507358309758806
9506,0,0.04976807497059175
9770,0,0.6580453098563652
8616,0,0.7007300804492946
8180,0,0.7226125518861466
7101,0,0.7235686910526334
6394,0,0.6546514153071546
10709,0,0.7188058030452568
9732,0,0.6684213148924291
8809,0,0.04976807497059175
292,0,0.7256293385046045
570,0,0.04976807497059175
6019,0,0.04976807497059175
8902,0,0.7387433204793611
9736,0,0.6924721456699349
2016,0,0.7101107512914003
1943,0,0.7169064401026927
330,0,0.7074303885357662
10618,0,0.723873987429646
8673,0,0.04976807497059175
5795,0,0.04976807497059175
9901,0,0.04976807497059175
4995,0,0.5541697736952279
9894,0,0.7226430265953249
4915,0,0.6619580380051742
10861,0,0.6427232827104454
3055,0,0.7088657217867332
11053,0,0.04976807497059175
10791,0,0.6550987812186974
3962,0,0.04976807497059175
6485,0,0.7215622699848558
8083,0,0.6892495012693384
2889,0,0.6996918282441768
9376,0,0.04976807497059175
1457,0,0.6373221358195237
10477,0,0.7148934067977597
1819,0,0.04976807497059175
695,0,0.04976807497059175
7151,0,0.718671215286865
4511,0,0.04976807497059175
10719,0,0.721004629831124
707,0,0.04976807497059175
4616,0,0.04976807497059175
11047,0,0.4923841839441338
3917,0,0.04976807497059175
3363,0,0.646903950606557
6588,0,0.8426277965441559
215,0,0.5386540775253544
7874,0,0.7148358211345147
4785,0,0.5556707109076857
7854,0,0.734261696379593
8703,0,0.04976807497059175
736,0,0.04976807497059175
5696,0,0.6211317104520404
3137,0,0.7250020619756876
9753,0,0.04976807497059175
2691,0,0.7349840060929642
9853,0,0.8000062522137297
7334,0,0.7303599266114671
5407,0,0.7715589847457119
6111,0,0.7047658003101386
5537,0,0.76287178340083
6516,0,0.6197989495197558
10949,0,0.04976807497059175
260,0,0.7454351578200183
8346,0,0.6315171645502218
8307,0,0.7133550315374372
164,0,0.04976807497059175
10421,0,0.6174090200955289
9484,0,0.7311953407640654
8899,0,0.5592239960790452
10379,0,0.04976807497059175
11140,0,0.04976807497059175
2828,0,0.8911757061943487
9815,0,0.04976807497059175
2350,0,0.8291414271720192
3643,0,0.7432083361046953
467,0,0.7163933925218059
9304,0,0.8189735340627772
7265,0,0.04976807497059175
1333,0,0.04976807497059175
9066,0,0.04976807497059175
7212,0,0.04976807497059175
2515,0,0.7431682595882003
786,0,0.712568531255939
10198,0,0.7284292956502596
1355,0,0.04976807497059175
9087,0,0.7258243675881811
6184,0,0.6381637370110385
462,0,0.6309654818044151
5426,0,0.7099010423333053
7659,0,0.694795006583594
1198,0,0.7179600377631866
10093,0,0.6914317553329037
3506,0,0.6116894912538876
3402,0,0.7074166761058162
832,0,0.6230961410804572
3414,0,0.7128046114981241
9755,0,0.6892275832774517
6298,0,0.04976807497059175
10380,0,0.6112125586477902
7953,0,0.7146903820275604
7243,0,0.729259351153835
3635,0,0.662537865855218
7700,0,0.6548407418808528
2405,0,0.04976807497059175
5039,0,0.8252496543795877
7939,0,0.04976807497059175
6819,0,0.04976807497059175
4912,0,0.6815597784012319
6165,0,0.04976807497059175
1354,0,0.805185319747264
3229,0,0.7142274404756725
733,0,0.04976807497059175
2452,0,0.04976807497059175
4304,0,0.7001318369269701
7054,0,0.7154591134423749
8226,0,0.6933846407193195
6780,0,0.04976807497059175
9814,0,0.7566106666852098
1450,0,0.7123404012714718
3688,0,0.7705704900973309
701,0,0.6500845770720491
7246,0,0.04976807497059175
6072,0,0.7171015727354819
7652,0,0.6311372713952789
1448,0,0.7274411988865918
10666,0,0.04976807497059175
9848,0,0.6323671053900356
1549,0,0.04976807497059175
9762,0,0.7203525439903826
510,0,0.7495842126983944
9228,0,0.7131189948279771
6215,0,0.7027450572987579
3958,0,0.5875838574254
7769,0,0.7688094606632345
4989,0,0.7502055618751853
7636,0,0.04976807497059175
2878,0,0.6775577163359929
8742,0,0.7443737174915447
4187,0,0.723783935329524
5599,0,0.7223608641778566
3142,0,0.04976807497059175
6967,0,0.7150006760045078
8525,0,0.7165248574323978
7169,0,0.6152150235686821
3204,0,0.8911743856023595
4843,0,0.6599960079482868
3063,0,0.7039765237879371
9667,0,0.9486349041223849
9672,0,0.7269851426822982
5358,0,0.8150797978634373
4203,0,0.5756011780262943
9102,0,0.6915818800617332
6643,0,0.04976807497059175
155,0,0.04976807497059175
4873,0,0.6962421606419655
7279,0,0.04976807497059175
4812,0,0.04976807497059175
6555,0,0.6441262901731692
8009,0,0.7622086278084287
10270,0,0.7313644027483381
5555,0,0.693414714814892
1595,0,0.651657946100278
6777,0,0.7148813135508718
6070,0,0.7785860012212549
10794,0,0.6330312372978205
6263,0,0.7580238691290552
9822,0,0.6003756996058516
7956,0,0.7294144491836284
2160,0,0.7094180660120949
5634,0,0.04976807497059175
185,0,0.7053195662352584
7168,0,0.6504851988997687
2779,0,0.734968048537351
77,0,0.04976807497059175
1313,0,0.7190828144486523
7549,0,0.04976807497059175
9392,0,0.7195047480324388
3239,0,0.6924120973699137
2436,0,0.7130432674729428
8207,0,0.6862832243772685
7105,0,0.6402107054262914
8415,0,0.9633461137091787
5684,0,0.659450863931731
3861,0,0.7245167053902501
10569,0,0.7159398193211767
1350,0,0.8191407554034706
2462,0,0.6878752318271675
4353,0,0.5915423895749066
48,0,0.04976807497059175
3013,0,0.6056047533283178
1168,0,0.04976807497059175
5013,0,0.04976807497059175
9628,0,0.04976807497059175
4713,0,0.9331896786799969
424,0,0.7809569044145537
4946,0,0.7862358727289027
9792,0,0.04976807497059175
9531,0,0.7078865918951397
2360,0,0.7286598995730769
5250,0,0.8050610569778233
7992,0,0.6552521059260608
3647,0,0.7132437089992048
6587,0,0.7069380945781143
1989,0,0.7789126519267735
1846,0,0.04976807497059175
3746,0,0.72078617036693
10833,0,0.04976807497059175
8627,0,0.7180380593387067
4537,0,0.04976807497059175
3582,0,0.04976807497059175
9580,0,0.699409711478304
8701,0,0.04976807497059175
3843,0,0.5407488329313841
6765,0,0.7180871037555977
6157,0,0.729279861277178
4386,0,0.6786413657625432
799,0,0.6612634563838683
6563,0,0.6293150606862317
6865,0,0.7329256198765747
6348,0,0.6448193924753
3629,0,0.7051007474264654
348,0,0.5917811043961461
9655,0,0.7681586400015604
375,0,0.04976807497059175
640,0,0.04976807497059175
217,0,0.04976807497059175
2517,0,0.694055763185033
8841,0,0.04976807497059175
9995,0,0.717050064724107
1513,0,0.6974721439895262
6156,0,0.04976807497059175
175,0,0.7160199504529307
8243,0,0.04976807497059175
1385,0,0.04976807497059175
444,0,0.04976807497059175
7708,0,0.7172263654775987
3653,0,0.04976807497059175
2662,0,0.7068616805070795
7519,0,0.7120744058575033
7290,0,0.735904990843805
6127,0,0.7232570385334236
1166,0,0.7735592705748595
7258,0,0.04976807497059175
10464,0,0.847075587814006
8253,0,0.7130592705569428
10718,0,0.7140403836900969
7417,0,0.725634863635255
6851,0,0.04976807497059175
1917,0,0.7683699991650176
6044,0,0.7283234637589273
9054,0,0.8114939399633025
1390,0,0.04976807497059175
1278,0,0.9166654666036428
9938,0,0.04976807497059175
9247,0,0.5615647187942091
341,0,0.7764104568929047
3720,0,0.04976807497059175
1559,0,0.7152106760938967
2449,0,0.04976807497059175
1485,0,0.04976807497059175
6498,0,0.7221029717812747
7928,0,0.7436722631598356
4236,0,0.7066299403599149
8876,0,0.6814353659919674
7958,0,0.04976807497059175
6125,0,0.7120829151230793
7280,0,0.7296222957314883
7111,0,0.9275917720641931
6007,0,0.712740821540513
7539,0,0.6830169271829188
5116,0,0.04976807497059175
4697,0,0.7404670215373512
3837,0,0.04976807497059175
5301,0,0.5719472973755821
8565,0,0.8123013888846037
7667,0,0.694410560817342
134,0,0.7714223757262579
1029,0,0.04976807497059175
8765,0,0.04976807497059175
8641,0,0.6980515862092375
10676,0,0.8380759048468468
2941,0,0.6844728923879342
10894,0,0.718929124766654
6164,0,0.6573024386319596
6005,0,0.7180470221491962
2576,0,0.7476805838814915
5783,0,0.7193614554663809
6129,0,0.04976807497059175
5203,0,0.7560112627254176
8611,0,0.04976807497059175
9147,0,0.7474195516573203
6753,0,0.7531629964372499
3704,0,0.04976807497059175
6868,0,0.7058080803352744
3412,0,0.04976807497059175
8731,0,0.6824474111534484
11110,0,0.7147059752230852
4680,0,0.04976807497059175
2437,0,0.04976807497059175
1838,0,0.7490796906744597
3546,0,0.6821572982242847
1202,0,0.7111780254759018
1546,0,0.705626779844953
8297,0,0.6181500142468062
5895,0,0.6107533222045745
10720,0,0.7884745685179405
1136,0,0.04976807497059175
10375,0,0.7643844950116216
5334,0,0.6730545252014588
6891,0,0.7062237783420904
4431,0,0.73183049220448
10582,0,0.8878252921084772
448,0,0.04976807497059175
9425,0,0.04976807497059175
1146,0,0.04976807497059175
830,0,0.6835143582434315
9949,0,0.04976807497059175
620,0,0.04976807497059175
6258,0,0.04976807497059175
1759,0,0.04976807497059175
528,0,0.04976807497059175
7092,0,0.6592141792264196
4692,0,0.6601723388340481
8041,0,0.6909919386440065
2552,0,0.7157878945090795
857,0,0.7353723242062374
4308,0,0.04976807497059175
3270,0,0.7120065418271522
2260,0,0.5612185445874395
7730,0,0.04976807497059175
3101,0,0.724029449902711
668,0,0.5937518757979167
8666,0,0.7150663748940996
2603,0,0.6877905779207782
805,0,0.7193924115761662
112,0,0.04976807497059175
4598,0,0.7081650513088449
1494,0,0.6552722094395355
7032,0,0.6622365900787917
9302,0,0.706665613338142
7387,0,0.04976807497059175
7309,0,0.04976807497059175
7740,0,0.04976807497059175
4804,0,0.04976807497059175
3952,0,0.04976807497059175
9992,0,0.6441867644265616
10623,0,0.666429888933124
9850,0,0.7091561455185144
9449,0,0.750474839449591
6944,0,0.04976807497059175
3793,0,0.7101063798309372
10303,0,0.663990307857802
9977,0,0.6599260943457037
4917,0,0.7027768198599719
2633,0,0.04976807497059175
8834,0,0.7448193457090492
575,0,0.04976807497059175
2623,0,0.7073506803230276
4354,0,0.04976807497059175
6570,0,0.610383440022133
8595,0,0.6827715051579699
1955,0,0.7554544645249239
2884,0,0.04976807497059175
10540,0,0.04976807497059175
8089,0,0.5804376548191741
6942,0,0.04976807497059175
10749,0,0.6640937408094887
3648,0,0.04976807497059175
7688,0,0.6997683952339886
8315,0,0.7319338778979512
3813,0,0.5149242229015372
2375,0,0.7469950735144797
5700,0,0.04976807497059175
8019,0,0.04976807497059175
1854,0,0.5600301420614782
7400,0,0.6850697942714681
273,0,0.7092201497172244
3881,0,0.04976807497059175
5596,0,0.7874825959114888
6660,0,0.7152974171152908
3785,0,0.04976807497059175
10734,0,0.04976807497059175
2427,0,0.7902769334360426
7397,0,0.7196691625983199
10853,0,0.5389754891456179
605,0,0.04976807497059175
5221,0,0.04976807497059175
11046,0,0.7822829094211732
2272,0,0.49103070348318334
7293,0,0.7100018530467944
5094,0,0.04976807497059175
3025,0,0.5565784661388443
743,0,0.7366091913066598
801,0,0.04976807497059175
9737,0,0.6580810123259522
10491,0,0.7308626592838463
10103,0,0.04976807497059175
1432,0,0.04976807497059175
5518,0,0.7209196779305063
4373,0,0.7335036676504103
3948,0,0.6385658678609206
4902,0,0.705593017910466
335,0,0.6695244060365317
1497,0,0.684139194874782
385,0,0.04976807497059175
1264,0,0.5565146332581619
7416,0,0.6888422664325056
5072,0,0.04976807497059175
879,0,0.04976807497059175
9475,0,0.7932761467656823
4943,0,0.04976807497059175
4324,0,0.04976807497059175
8609,0,0.04976807497059175
5736,0,0.04976807497059175
10953,0,0.04976807497059175
9563,0,0.6644416518530213
8112,0,0.04976807497059175
2992,0,0.739462687179288
7173,0,0.04976807497059175
5030,0,0.7287972699986204
7493,0,0.6523219356001639
8849,0,0.04976807497059175
744,0,0.7254283036829352
6731,0,0.6653076359294041
2869,0,0.6201817177510565
6848,0,0.04976807497059175
2703,0,0.04976807497059175
2312,0,0.7152244287105665
4322,0,0.04976807497059175
7801,0,0.04976807497059175
10595,0,0.04976807497059175
10652,0,0.6614169567954791
2868,0,0.7199304391291325
8568,0,0.04976807497059175
8194,0,0.6877618580399564
7689,0,0.6983931641980754
10462,0,0.04976807497059175
8831,0,0.7514252286260903
9083,0,0.7667314731855785
3023,0,0.04976807497059175
603,0,0.7466693057279524
815,0,0.7298620094969825
2415,0,0.716026133349392
4933,0,0.7072108009607551
2554,0,0.04976807497059175
3560,0,0.7233223029053486
9299,0,0.7054910983086942
951,0,0.7599453033098047
8706,0,0.7151705919198423
3943,0,0.7628764608833192
7706,0,0.6882785283108858
4587,0,0.04976807497059175
56,0,0.7020979407666831
5077,0,0.04976807497059175
6190,0,0.04976807497059175
8018,0,0.04976807497059175
4194,0,0.7005549787518116
3086,0,0.04976807497059175
8227,0,0.7093793176914576
5276,0,0.6056911623343508
3153,0,0.8413739400162383
3566,0,0.9271808304036467
7838,0,0.04976807497059175
9556,0,0.04976807497059175
2556,0,0.5980392050864224
4893,0,0.7267969497034514
7508,0,0.6496582273124792
7262,0,0.04976807497059175
6370,0,0.04976807497059175
3951,0,0.7125157852409105
9001,0,0.7128930088934561
9046,0,0.6501849406356403
2426,0,0.04976807497059175
88,0,0.6247924156586687
10698,0,0.6475929375871152
1877,0,0.7065439059554953
10642,0,0.7147710328538825
9447,0,0.739951341623719
7224,0,0.6899179630471872
6948,0,0.04976807497059175
8403,0,0.7578446560644428
8867,0,0.7281538180317503
7434,0,0.7635252880678448
2705,0,0.04976807497059175
460,0,0.7203530077999707
7129,0,0.6114623562417841
8850,0,0.6989277560079897
6416,0,0.04976807497059175
1879,0,0.7217956949858523
122,0,0.04976807497059175
34,0,0.04976807497059175
10896,0,0.7348483926531965
6036,0,0.7756383551075445
7980,0,0.6793754776192698
4805,0,0.7598048631053226
1853,0,0.7086028892385552
717,0,0.04976807497059175
10640,0,0.04976807497059175
9124,0,0.04976807497059175
31,0,0.6777853634284307
9375,0,0.8694672095146194
10886,0,0.04976807497059175
117,0,0.7100292239970439
5802,0,0.04976807497059175
6010,0,0.04976807497059175
6430,0,0.04976807497059175
3807,0,0.04976807497059175
10195,0,0.6191982963741015
11019,0,0.755697630983986
6938,0,0.04976807497059175
7671,0,0.04976807497059175
1911,0,0.7199648412790105
2493,0,0.6108385285032243
4374,0,0.7229947067752004
3370,0,0.04976807497059175
1583,0,0.5773429701660436
10583,0,0.04976807497059175
4210,0,0.7755741977539283
639,0,0.6611883287127344
3457,0,0.7472407913394143
790,0,0.7260699533156639
1826,0,0.6922242407922006
7228,0,0.04976807497059175
7448,0,0.04976807497059175
7082,0,0.04976807497059175
3464,0,0.6062701565085955
8020,0,0.6461025122467494
176,0,0.8161197063223673
1075,0,0.04976807497059175
7126,0,0.04976807497059175
10361,0,0.716073262342911
6433,0,0.7134649047324407
5974,0,0.04976807497059175
5797,0,0.7038318573879282
9391,0,0.5094069767965866
7306,0,0.6522347899126819
3540,0,0.5767198575923236
6561,0,0.04976807497059175
11106,0,0.7127995417315564
7348,0,0.6951014240277734
4867,0,0.04976807497059175
1956,0,0.7242482637614989
1367,0,0.7022993972762114
5230,0,0.7020974508259726
10585,0,0.7554383414928151
9394,0,0.716796967641804
4670,0,0.5671220039877498
6195,0,0.7011571399683708
2976,0,0.5112104764934858
8155,0,0.7161352451660152
2637,0,0.04976807497059175
5496,0,0.04976807497059175
11071,0,0.7281741214089285
3279,0,0.7323264729976637
797,0,0.04976807497059175
3006,0,0.7441764064648579
10070,0,0.6609118520303157
4079,0,0.04976807497059175
7014,0,0.7373045337214045
5101,0,0.7856486709798067
7327,0,0.7846522749043033
9962,0,0.7207524144636167
7250,0,0.04976807497059175
2610,0,0.04976807497059175
10662,0,0.650401186600376
5154,0,0.7004524857556034
2698,0,0.9017093117768396
5347,0,0.5256428720122505
8493,0,0.7342261470645525
11042,0,0.7104766479676923
8298,0,0.9691025466600225
9999,0,0.706291656322443
286,0,0.706758324926069
6846,0,0.7295087578861713
6878,0,0.7169895556296466
965,0,0.04976807497059175
11118,0,0.04976807497059175
7624,0,0.8017986781743696
272,0,0.04976807497059175
3841,0,0.7559318875634325
10412,0,0.7346590846702941
10096,0,0.7110561235920523
3800,0,0.04976807497059175
6852,0,0.7192891442242778
6405,0,0.6975809532970279
3598,0,0.04976807497059175
5472,0,0.04976807497059175
5173,0,0.6743883507055699
3597,0,0.6716123091934192
9125,0,0.7693102647346539
437,0,0.7350904876240167
1862,0,0.04976807497059175
10369,0,0.7114268360442287
505,0,0.8363004888451433
7534,0,0.7807518853794584
2553,0,0.04976807497059175
8682,0,0.6111605178108731
1921,0,0.8450291414575922
9353,0,0.04976807497059175
10775,0,0.740306710361913
10699,0,0.7073056608351916
9659,0,0.7534769310205955
345,0,0.7499562959219302
5790,0,0.6342107389019184
9091,0,0.04976807497059175
9368,0,0.04976807497059175
6501,0,0.8038039404373875
6742,0,0.04976807497059175
2032,0,0.6253507182242196
6141,0,0.8001835417666832
10621,0,0.8070833916540021
10193,0,0.6945128437477991
11151,0,0.04976807497059175
4632,0,0.7461136183196896
417,0,0.6984065067633753
874,0,0.718069248816947
1229,0,0.04976807497059175
3256,0,0.6653306709973794
1410,0,0.6523778582220917
2854,0,0.7246100082544771
7081,0,0.7104367576964692
3571,0,0.04976807497059175
5601,0,0.6208650703575314
6472,0,0.7050596647677451
3284,0,0.04976807497059175
1404,0,0.7675084764332687
9699,0,0.6894169184357359
2341,0,0.7169147149122572
10654,0,0.6754760595528675
9644,0,0.574098649946736
1188,0,0.8703184150662561
5872,0,0.6624728767441648
9290,0,0.04976807497059175
9603,0,0.7233525598827262
749,0,0.04976807497059175
5145,0,0.6420706403990987
6616,0,0.7261689331970509
10286,0,0.7559581562710606
10220,0,0.04976807497059175
9568,0,0.04976807497059175
1196,0,0.7278504882352239
1440,0,0.7156187317746098
5409,0,0.04976807497059175
5353,0,0.04976807497059175
3214,0,0.04976807497059175
8539,0,0.04976807497059175
1382,0,0.04976807497059175
8147,0,0.6993821842710085
8523,0,0.6718125147837616
1251,0,0.04976807497059175
4608,0,0.6142102766551177
7906,0,0.6095967494137318
9704,0,0.7199522187291943
2057,0,0.6962575206568536
1420,0,0.7040216079546101
2757,0,0.7094498675103412
2620,0,0.04976807497059175
1133,0,0.6968278411350288
5377,0,0.5592956480635333
4849,0,0.04976807497059175
606,0,0.7267761589020929
7046,0,0.6985236526271464
2024,0,0.6061130946056665
5956,0,0.04976807497059175
5136,0,0.5094671666207116
8443,0,0.7051144018310688
1599,0,0.7072222441573428
20,0,0.6631195831323842
173,0,0.04976807497059175
4634,0,0.7863088558563275
4383,0,0.6404086298222901
3636,0,0.5340140231335645
7331,0,0.7044714964097858
3845,0,0.6736665767047818
771,0,0.04976807497059175
7792,0,0.04976807497059175
2004,0,0.04976807497059175
6821,0,0.5957093763574265
9434,0,0.7328786958513016
9847,0,0.7313331228504094
3224,0,0.6296623813014489
7196,0,0.7232939468247506
3005,0,0.7055005725118835
931,0,0.04976807497059175
1907,0,0.6384551905487872
6882,0,0.04976807497059175
735,0,0.4873762171043287
2274,0,0.04976807497059175
2124,0,0.7375413436600307
4061,0,0.04976807497059175
2461,0,0.04976807497059175
5680,0,0.8653149422934827
1722,0,0.04976807497059175
6617,0,0.5447867509938203
6754,0,0.6990308026524885
6815,0,0.7171079073352142
1652,0,0.7063042674612662
5862,0,0.7050838576312494
3047,0,0.7174183995471735
6412,0,0.6709833562950596
3885,0,0.7264327974952612
770,0,0.6118622334716708
6233,0,0.04976807497059175
8333,0,0.04976807497059175
1141,0,0.7430806310311977
4389,0,0.04976807497059175
9547,0,0.04976807497059175
7947,0,0.7235187775472979
7432,0,0.6433269471191275
2870,0,0.7638590679105435
10209,0,0.04976807497059175
9282,0,0.04976807497059175
99,0,0.04976807497059175
754,0,0.6999474133238734
7925,0,0.7429595873883797
1461,0,0.707635044442634
8309,0,0.678325121295075
5487,0,0.621006386418618
6060,0,0.7168426272018164
6282,0,0.04976807497059175
9298,0,0.7209465378490271
8521,0,0.04976807497059175
1896,0,0.04976807497059175
8473,0,0.6186017832673946
11125,0,0.7035149114978594
1717,0,0.7294239917976156
3924,0,0.7103387130460349
2177,0,0.04976807497059175
5732,0,0.7187321339729233
9416,0,0.04976807497059175
6032,0,0.04976807497059175
2513,0,0.715136674698559
4919,0,0.04976807497059175
3513,0,0.7245428365561655
1839,0,0.7059011516662085
2501,0,0.04976807497059175
7743,0,0.7260720601196389
1996,0,0.04976807497059175
1015,0,0.04976807497059175
8915,0,0.04976807497059175
990,0,0.7205509142220996
9479,0,0.04976807497059175
1412,0,0.04976807497059175
8485,0,0.04976807497059175
7773,0,0.6767462361549653
6600,0,0.7922715489464858
5550,0,0.04976807497059175
4541,0,0.7277874305469071
344,0,0.7165202881989516
18,0,0.7432673290634287
6328,0,0.5491021544827095
2265,0,0.5098700075233192
5402,0,0.7180894096218918
3267,0,0.6936159235181345
1049,0,0.5536897490330129
10406,0,0.04976807497059175
2076,0,0.04976807497059175
9061,0,0.7314044351121393
740,0,0.7168483230418884
4505,0,0.7234384830981295
2604,0,0.7182995392960406
5506,0,0.04976807497059175
4444,0,0.7564376539358757
1807,0,0.6894720230886354
10120,0,0.7049500100030082
295,0,0.7206076319839337
2110,0,0.8444355914034626
10779,0,0.6008791732477159
8853,0,0.6869842932225427
566,0,0.7309421996528324
3273,0,0.620977430566261
7690,0,0.7250094947683126
1656,0,0.7694739717877347
4478,0,0.04976807497059175
1034,0,0.6244557846947555
2548,0,0.04976807497059175
10007,0,0.711041605529837
1143,0,0.04976807497059175
9281,0,0.04976807497059175
3650,0,0.7113681250656266
5458,0,0.6492970789648382
5690,0,0.04976807497059175
9676,0,0.6964890101292465
2059,0,0.6672265236853587
1157,0,0.04976807497059175
7289,0,0.7152326904225862
10743,0,0.7173147459487293
9215,0,0.6710048037853643
1936,0,0.7244607308007115
7435,0,0.04976807497059175
2089,0,0.6162150015376057
10227,0,0.7290929207974338
3897,0,0.695089320690877
3165,0,0.04976807497059175
10604,0,0.6727440700746515
1291,0,0.04976807497059175
4255,0,0.6812383608757668
1543,0,0.797379232873009
11068,0,0.6690695460429135
6823,0,0.6783135795852799
1693,0,0.04976807497059175
9940,0,0.7310441897674367
9387,0,0.5734342796680462
3995,0,0.7595928465605299
10514,0,0.04976807497059175
8762,0,0.7270570610540742
4639,0,0.7382991024403672
981,0,0.7777007962001248
7872,0,0.04976807497059175
5414,0,0.7284155822483209
1331,0,0.04976807497059175
9866,0,0.04976807497059175
10349,0,0.7629341937751258
9192,0,0.5922774464437939
208,0,0.7260881591043156
9328,0,0.04976807497059175
6515,0,0.04976807497059175
2922,0,0.6477865404194344
669,0,0.6122461561887466
1756,0,0.04976807497059175
940,0,0.04976807497059175
5481,0,0.7010624279687409
6248,0,0.7158941498786257
655,0,0.7328753978671197
10578,0,0.6033289922755145
4038,0,0.04976807497059175
5494,0,0.7165994155465375
10725,0,0.69861393579976
7005,0,0.6907167504149435
4326,0,0.04976807497059175
1466,0,0.7121730365577226
4124,0,0.6888042875464382
3576,0,0.04976807497059175
1155,0,0.7738380055575017
4774,0,0.7075525477098471
594,0,0.7557727058754128
5713,0,0.6442055701591526
1232,0,0.04976807497059175
2528,0,0.04976807497059175
431,0,0.04976807497059175
6300,0,0.7821293390280275
6014,0,0.6016949230312117
2683,0,0.6007164926841112
6721,0,0.7103224823159767
8077,0,0.04976807497059175
8608,0,0.04976807497059175
1004,0,0.6585957246071774
9246,0,0.5935607995960384
2913,0,0.6396518641478011
1276,0,0.6587014080206895
4542,0,0.7157846340618612
7192,0,0.6079781046281857
9926,0,0.04976807497059175
9501,0,0.04976807497059175
3779,0,0.04976807497059175
9661,0,0.6671488219054206
2303,0,0.69010915551788
2249,0,0.04976807497059175
10422,0,0.7160986559799193
2520,0,0.7380429718484645
1197,0,0.7083401695877142
4627,0,0.5856097998408377
7308,0,0.7197111019311008
8709,0,0.7214863239529156
8269,0,0.04976807497059175
2069,0,0.6755890742351138
3855,0,0.5769812187702464
3826,0,0.04976807497059175
4054,0,0.7410660940300033
3996,0,0.04976807497059175
7867,0,0.04976807497059175
10175,0,0.04976807497059175
6391,0,0.676551235275052
4092,0,0.7205804043084906
351,0,0.6856763923108417
7395,0,0.6114042191548645
3308,0,0.04976807497059175
3784,0,0.7602728175061789
1748,0,0.6293568219814821
9646,0,0.5305347507441045
4554,0,0.7305625083763476
7362,0,0.7560793817133544
10449,0,0.7122687386834233
9108,0,0.7256020405393763
1498,0,0.7186945348688246
8428,0,0.04976807497059175
1261,0,0.7650739792038063
8879,0,0.7501820470482483
8379,0,0.6186395902194972
5772,0,0.04976807497059175
2680,0,0.6093612749045431
7167,0,0.6917192734180271
146,0,0.7243464616922884
7096,0,0.7198535514462342
10830,0,0.7787337421707781
89,0,0.7087593796116397
7382,0,0.04976807497059175
6607,0,0.04976807497059175
3714,0,0.04976807497059175
1767,0,0.7042557535914509
3950,0,0.5997526720476116
1018,0,0.04976807497059175
5485,0,0.04976807497059175
6502,0,0.04976807497059175
4570,0,0.04976807497059175
10891,0,0.6918509534880743
2380,0,0.714038809076868
8688,0,0.7177619365932189
4164,0,0.7011107233917652
2096,0,0.04976807497059175
6871,0,0.04976807497059175
7681,0,0.6627499241370323
41,0,0.6982785717293537
6988,0,0.7159562707613071
4128,0,0.6465383587490106
2942,0,0.8734752693193478
8017,0,0.6249702194195711
8274,0,0.839837153102463
7238,0,0.04976807497059175
537,0,0.8161953940357662
8629,0,0.6971857742773451
4099,0,0.7298597419389338
7494,0,0.7242224411438123
2372,0,0.04976807497059175
7134,0,0.8086110875339366
5664,0,0.04976807497059175
10795,0,0.7096704257402581
6069,0,0.04976807497059175
10071,0,0.04976807497059175
9698,0,0.6543302093169883
10959,0,0.7195660729649644
7189,0,0.712411315499429
1380,0,0.7300457914132533
421,0,0.699075453403004
7404,0,0.04976807497059175
5886,0,0.7172671307092758
11020,0,0.817360247664535
8494,0,0.04976807497059175
1124,0,0.04976807497059175
6179,0,0.04976807497059175
4206,0,0.6142939791271125
7665,0,0.6689299578630206
3121,0,0.7248789002699382
9309,0,0.04976807497059175
6824,0,0.6340491872636826
6269,0,0.6663013957012416
5335,0,0.7055833146253946
10737,0,0.7198037913554033
3405,0,0.7377427396303898
6158,0,0.7228381086945965
10634,0,0.7376018774776685
1586,0,0.7990852368062455
7979,0,0.6538605815563162
8355,0,0.04976807497059175
6622,0,0.7280084274948029
3631,0,0.7167469567755786
8418,0,0.5642962314210637
7971,0,0.7419531434691008
1329,0,0.04976807497059175
2481,0,0.9285359141691935
6931,0,0.7159544345817588
2530,0,0.04976807497059175
2778,0,0.04976807497059175
7459,0,0.6511353925327537
3168,0,0.6264621922655323
9058,0,0.6347960811705617
4406,0,0.5397897998866089
1544,0,0.7274221613534504
1154,0,0.7005932238170817
6531,0,0.677471248476396
3434,0,0.6827007620089004
5501,0,0.6777166358845402
5547,0,0.6522043730686334
9731,0,0.7167626488477239
10090,0,0.6822368704406814
6854,0,0.630902817297582
5098,0,0.04976807497059175
3301,0,0.7145702191164357
1010,0,0.7291681182099132
1723,0,0.7846966002191889
1289,0,0.04976807497059175
1307,0,0.6983550154256083
4811,0,0.589286435753611
9160,0,0.6997388905121917
9774,0,0.5478528828133749
441,0,0.7163265101183341
11152,0,0.04976807497059175
5683,0,0.7299224147636604
4064,0,0.04976807497059175
4011,0,0.7389001741233916
311,0,0.04976807497059175
7069,0,0.5506778991561768
1274,0,0.04976807497059175
1980,0,0.04976807497059175
11156,0,0.6820180167673326
3561,0,0.7168102888632049
5988,0,0.6959563063145073
9334,0,0.04976807497059175
5811,0,0.7292553096947737
8513,0,0.6781041555666086
9802,0,0.5195619309595719
10771,0,0.6500869960771916
6511,0,0.7652336286160889
4883,0,0.04976807497059175
2490,0,0.7282672795476637
242,0,0.6567202290925112
1446,0,0.04976807497059175
641,0,0.838723742898679
5970,0,0.6113530986764132
1079,0,0.6897427902330456
10517,0,0.04976807497059175
7344,0,0.7698247325491907
5085,0,0.7904032587165183
4265,0,0.6647794993885073
5561,0,0.7527008130714066
2784,0,0.04976807497059175
1270,0,0.6942953345807366
7697,0,0.04976807497059175
6911,0,0.7178959142539546
419,0,0.6714784499564737
7155,0,0.6471555974017201
1991,0,0.6987130740869185
658,0,0.7369268844632457
10312,0,0.7944040671738359
2374,0,0.7023577545988055
10637,0,0.04976807497059175
1269,0,0.7378858788352205
234,0,0.6753219142302769
992,0,0.7214304351578249
9957,0,0.6689475044395591
7496,0,0.6775133417546108
6572,0,0.7393956463331087
10020,0,0.04976807497059175
615,0,0.6531779088304026
2433,0,0.04976807497059175
5605,0,0.7197596011959494
10902,0,0.6011649580150877
694,0,0.6471784880828274
159,0,0.6030986813365441
10731,0,0.5704229937632279
4105,0,0.7157901435400408
6076,0,0.7082336003461474
5791,0,0.04976807497059175
8536,0,0.7232325032906135
1706,0,0.7803732506512764
3042,0,0.6962147644012602
5223,0,0.658071342382879
7480,0,0.04976807497059175
94,0,0.04976807497059175
8679,0,0.6847573678492509
4123,0,0.04976807497059175
6259,0,0.04976807497059175
6676,0,0.04976807497059175
6831,0,0.7093918319471745
4418,0,0.7422685602815277
6161,0,0.5804393732426649
9680,0,0.04976807497059175
8668,0,0.7587519723993891
8727,0,0.04976807497059175
8327,0,0.8631710447575894
7711,0,0.6865885821427449
10353,0,0.7021128430020233
5397,0,0.04976807497059175
490,0,0.04976807497059175
10356,0,0.7558648417731433
6850,0,0.7756166553943357
10083,0,0.7144628355834947
5533,0,0.7069666374923349
3400,0,0.6800714291159342
684,0,0.6706058104612768
9310,0,0.6735198321856556
6100,0,0.6968387206187328
6458,0,0.04976807497059175
10553,0,0.6918943613692663
9268,0,0.04976807497059175
10929,0,0.5672053137186424
3068,0,0.7082624977931999
3078,0,0.6935852924272452
8600,0,0.7352112718777121
6896,0,0.04976807497059175
10359,0,0.04976807497059175
2723,0,0.7909192389915974
6778,0,0.04976807497059175
4574,0,0.04976807497059175
6964,0,0.6801505787513943
8607,0,0.04976807497059175
5968,0,0.04976807497059175
10625,0,0.04976807497059175
11138,0,0.703602959948242
3626,0,0.6623250011522221
2184,0,0.04976807497059175
3465,0,0.6874621516506428
8325,0,0.6205602982380534
6092,0,0.5181940303855207
1200,0,0.6449579010029218
8316,0,0.7640871452208942
7399,0,0.6522636902531815
3371,0,0.70987919461826
713,0,0.7073189553431336
10566,0,0.04976807497059175
4702,0,0.04976807497059175
6996,0,0.7328122423355887
5989,0,0.7209272404380728
822,0,0.04976807497059175
6544,0,0.8902950544518268
10389,0,0.7184064579695097
1271,0,0.7508480584551437
1063,0,0.7733861687932528
3395,0,0.592224250231768
2808,0,0.6740353396257454
5024,0,0.6532012337778063
1762,0,0.6990301883093767
200,0,0.7214507735061269
1268,0,0.7149485674225056
9898,0,0.6914488312457225
5509,0,0.7243580426218922
2719,0,0.6782646320301605
22,0,0.8260391807454578
3369,0,0.6469501351273668
8162,0,0.708625379872094
9451,0,0.04976807497059175
5137,0,0.5535016887829749
2147,0,0.7159466150805054
1254,0,0.7129923976862285
5940,0,0.5427281727738554
3271,0,0.04976807497059175
3190,0,0.7288661051032399
11017,0,0.04976807497059175
9251,0,0.7009057059453897
1692,0,0.7270999604866032
9725,0,0.04976807497059175
6532,0,0.8424643373429048
2549,0,0.7171677652606441
4316,0,0.04976807497059175
9107,0,0.04976807497059175
8466,0,0.5643065843368505
10813,0,0.7963659440086489
5921,0,0.04976807497059175
8175,0,0.04976807497059175
2037,0,0.04976807497059175
8644,0,0.6427808059617319
10442,0,0.5727686296881788
293,0,0.04976807497059175
2711,0,0.6834282281750902
4161,0,0.6296475176583077
3933,0,0.04976807497059175
2071,0,0.736035087507661
7116,0,0.5927359599706971
1282,0,0.7938809039946985
9542,0,0.7965920916099071
5247,0,0.7510552053030398
7352,0,0.567777389119676
10405,0,0.690845225723736
4945,0,0.5393607568280201
8341,0,0.7453321447608254
454,0,0.04976807497059175
8579,0,0.7203344702095196
3491,0,0.7457455041200848
10873,0,0.5245073879811453
8313,0,0.7334791113305416
5376,0,0.7253032533917374
11129,0,0.6660211205838076
6413,0,0.612584628821493
6075,0,0.04976807497059175
10095,0,0.8340377679303644
5805,0,0.7020260839958575
5333,0,0.04976807497059175
2599,0,0.7630286602502048
7668,0,0.7096403144615583
5163,0,0.04976807497059175
2598,0,0.6034446666152837
3115,0,0.04976807497059175
10579,0,0.7893562435614556
9227,0,0.7211598284547576
9380,0,0.9857203163549744
6649,0,0.6540418942325184
9914,0,0.04976807497059175
3752,0,0.729426990769362
4295,0,0.04976807497059175
6829,0,0.7061089442461048
7024,0,0.7087046460242643
5778,0,0.6525153165462372
3436,0,0.6375080730681344
4877,0,0.7138165663749677
600,0,0.6903155179114142
9934,0,0.7199727766239334
7244,0,0.7593662900840956
3170,0,0.7158337790264765
512,0,0.6938013927893728
4710,0,0.6970684509920986
5785,0,0.7287848479932281
9785,0,0.7073117741305401
9016,0,0.04976807497059175
7406,0,0.04976807497059175
1676,0,0.04976807497059175
9754,0,0.7047778730185079
8837,0,0.6728128536646204
3725,0,0.695993917708229
4619,0,0.6453200245557418
6354,0,0.5839655320280801
11128,0,0.6602279178235416
6440,0,0.04976807497059175
1637,0,0.04976807497059175
4243,0,0.04976807497059175
1556,0,0.04976807497059175
5125,0,0.04976807497059175
9464,0,0.7026134961436905
2294,0,0.7196884364366671
6480,0,0.7438343356927598
7159,0,0.7125381176139243
4901,0,0.6366347854527826
3174,0,0.6736083646368562
1788,0,0.7426012112490467
1995,0,0.04976807497059175
3407,0,0.6377563975596998
8475,0,0.7038376277802855
6537,0,0.6983382873199611
9316,0,0.04976807497059175
5225,0,0.5307556238212531
1314,0,0.04976807497059175
5338,0,0.6208820253576297
5108,0,0.6868155949161414
235,0,0.04976807497059175
7888,0,0.8911780791784875
6486,0,0.7520807043470544
9397,0,0.7140801990543476
9511,0,0.7072350149069087
1519,0,0.7073177882382328
3419,0,0.6281071740362666
5229,0,0.5689228776333545
5617,0,0.7432117042386045
7080,0,0.04976807497059175
6623,0,0.04976807497059175
3011,0,0.04976807497059175
7619,0,0.7267304081773783
3617,0,0.7142083081891989
8861,0,0.04976807497059175
5476,0,0.04976807497059175
163,0,0.8095524138883736
980,0,0.6590192749718393
10936,0,0.6700816227787635
7154,0,0.04976807497059175
8372,0,0.577050792664391
1690,0,0.6927190277162735
3379,0,0.04976807497059175
7461,0,0.6329648652925158
2425,0,0.04976807497059175
1902,0,0.6006256649904437
2208,0,0.04976807497059175
3970,0,0.7089215490165026
828,0,0.7073023340902433
5549,0,0.7228684606002836
3912,0,0.7122135007130413
2936,0,0.6689491705860869
6293,0,0.7029307051462212
10021,0,0.4952448030716661
2661,0,0.6795662284643903
3261,0,0.04976807497059175
6220,0,0.04976807497059175
1504,0,0.04976807497059175
6630,0,0.5908908797367679
8804,0,0.7365067946975615
2176,0,0.714125417736464
5435,0,0.765711315231973
3801,0,0.6181721786078191
721,0,0.5996419712407476
10244,0,0.7295258514885378
573,0,0.04976807497059175
9625,0,0.6693126678817497
8684,0,0.514560069235687
5020,0,0.714114372656662
76,0,0.7362666658414747
4181,0,0.6478484724750766
8228,0,0.7058157222604227
1324,0,0.04976807497059175
8900,0,0.9998216415815318
10263,0,0.7080497794286531
2688,0,0.7107697212944062
3744,0,0.04976807497059175
7642,0,0.5807548738148111
5167,0,0.7184091917653354
6454,0,0.04976807497059175
7350,0,0.6519457241099642
7648,0,0.8124110063221879
5390,0,0.7409990726811174
3922,0,0.5450869504340148
9616,0,0.6823817267007724
3197,0,0.6889848658874098
3867,0,0.5447461661633887
1451,0,0.04976807497059175
1987,0,0.7106429397508498
3423,0,0.7854905157684722
3074,0,0.04976807497059175
102,0,0.04976807497059175
4840,0,0.7668780833304714
3982,0,0.7004947881700905
4607,0,0.04976807497059175
10711,0,0.04976807497059175
9008,0,0.6515695877069886
9837,0,0.6897930873212565
5714,0,0.7280210806804707
6142,0,0.7511510641598241
10372,0,0.04976807497059175
1424,0,0.6053283965708194
6916,0,0.7276538029932169
1128,0,0.7332364784510118
4313,0,0.6495909651437972
4030,0,0.7616985810000491
9191,0,0.04976807497059175
1131,0,0.04976807497059175
6483,0,0.7190970415273296
7183,0,0.04976807497059175
5392,0,0.04976807497059175
4514,0,0.6399836861037322
3621,0,0.04976807497059175
8365,0,0.04976807497059175
3563,0,0.7155132606336788
7358,0,0.8290170642114606
8,0,0.6923744778914371
9195,0,0.6003111745778484
5151,0,0.04976807497059175
2692,0,0.7129719198551278
634,0,0.7128746529709991
8745,0,0.7026068316220593
6803,0,0.7466311547827035
9,0,0.04976807497059175
4197,0,0.6954585755736178
5482,0,0.7094650478814035
7321,0,0.5933190440979329
5107,0,0.539551050545149
9035,0,0.04976807497059175
3458,0,0.7197460850382035
1383,0,0.04976807497059175
1164,0,0.04976807497059175
944,0,0.7382786578091315
563,0,0.04976807497059175
10238,0,0.7253734476972985
3119,0,0.04976807497059175
4808,0,0.7000387688680331
4669,0,0.7122115061721285
6308,0,0.7392439978723981
5447,0,0.04976807497059175
3632,0,0.7291111601037589
8760,0,0.6939311046365466
5095,0,0.7119469136667786
9715,0,0.7404038788420009
8821,0,0.7187622265254098
11004,0,0.752832727619942
1428,0,0.04976807497059175
9526,0,0.04976807497059175
2283,0,0.7225040677983604
4382,0,0.5867621627644505
1272,0,0.5514605739361199
553,0,0.7192471811320889
504,0,0.04976807497059175
4882,0,0.7084250284161561
10450,0,0.7142557195943496
10178,0,0.72332939269827
4847,0,0.04976807497059175
2883,0,0.6959898448516328
907,0,0.04976807497059175
10196,0,0.7185152693192498
453,0,0.8051640614969331
3610,0,0.5281153024011842
4106,0,0.6370582955635131
7911,0,0.7199409981270902
4416,0,0.04976807497059175
7141,0,0.7412598083937904
2591,0,0.04976807497059175
7861,0,0.7382319785308844
1709,0,0.6651661071765451
3257,0,0.04976807497059175
5653,0,0.7019730960418218
3554,0,0.7148965217650285
6150,0,0.6735449916200192
1298,0,0.7210076754584475
2861,0,0.7255206125746813
1260,0,0.6343263773340178
5538,0,0.6528245903478268
55,0,0.7238486324606919
5092,0,0.04976807497059175
11005,0,0.6274285986931653
4577,0,0.04976807497059175
10454,0,0.04976807497059175
8997,0,0.6782445023551599
2428,0,0.7320214226205182
8084,0,0.6845700649422646
8538,0,0.640171669293346
7271,0,0.705180774031007
5087,0,0.8218341757322367
2320,0,0.04976807497059175
9194,0,0.04976807497059175
10367,0,0.6565457224937695
4651,0,0.04976807497059175
2999,0,0.5602284830755968
7653,0,0.6109108717451661
1970,0,0.7139962648491033
4002,0,0.6486183736978354
2050,0,0.7251349694718923
9427,0,0.6258651542906951
2911,0,0.639674937835646
6629,0,0.04976807497059175
2378,0,0.04976807497059175
881,0,0.04976807497059175
2915,0,0.7114326301917221
3662,0,0.7500208398838047
2696,0,0.04976807497059175
6118,0,0.7401888020770863
7264,0,0.7703255054483964
10994,0,0.6747887501842863
6787,0,0.7318216549905449
954,0,0.7169004219650519
6033,0,0.61674100369511
9609,0,0.04976807497059175
7760,0,0.04976807497059175
4792,0,0.04976807497059175
6775,0,0.7240959943884371
4093,0,0.04976807497059175
5558,0,0.7221624742635692
4705,0,0.04976807497059175
3019,0,0.7263114683891271
8061,0,0.04976807497059175
10922,0,0.04976807497059175
93,0,0.7372367518909715
1976,0,0.5679421346774267
2325,0,0.7258206447014066
9955,0,0.04976807497059175
8292,0,0.6288810471822732
3254,0,0.5478354937922032
10855,0,0.618393103457454
1947,0,0.7152174202189183
7617,0,0.6952043253487957
7926,0,0.7002349301551214
9573,0,0.04976807497059175
9893,0,0.04976807497059175
4189,0,0.5775806472494834
1027,0,0.5959364150331039
8482,0,0.04976807497059175
7929,0,0.04976807497059175
7180,0,0.6329595300863622
9182,0,0.7989820236654348
2327,0,0.7196748718458961
10564,0,0.6956750096602076
7999,0,0.6599696438738281
1192,0,0.6620237266739435
762,0,0.6809876196105707
9098,0,0.04976807497059175
2551,0,0.7305955809807814
4740,0,0.04976807497059175
2431,0,0.7021903211754383
9258,0,0.6955278881429761
8725,0,0.04976807497059175
7772,0,0.5819976615605009
601,0,0.7190872226765246
10657,0,0.8120847820397222
7887,0,0.6945487545247349
7582,0,0.04976807497059175
4755,0,0.5126357661350022
10323,0,0.04976807497059175
3160,0,0.5863159237230358
10619,0,0.6790113954530768
3459,0,0.6754057276674887
6494,0,0.04976807497059175
3980,0,0.04976807497059175
7593,0,0.771026905365731
1564,0,0.6118134216512314
5500,0,0.04976807497059175
2955,0,0.8243521051305556
3183,0,0.715742568779465
4800,0,0.8134766198566282
6122,0,0.6235276895495432
2704,0,0.6965402304145153
6894,0,0.04976807497059175
9395,0,0.717502313503657
6138,0,0.04976807497059175
7750,0,0.6937864876137599
154,0,0.6002748701374999
4409,0,0.8156172952664984
1886,0,0.5118789299662756
25,0,0.04976807497059175
1909,0,0.721341526510645
1649,0,0.747783326216335
1581,0,0.7198973816772997
4832,0,0.04976807497059175
8421,0,0.7195229142093102
10693,0,0.04976807497059175
152,0,0.7057121819664848
6903,0,0.04976807497059175
9677,0,0.04976807497059175
9535,0,0.04976807497059175
6473,0,0.72255460445558
5416,0,0.6184513552815502
9493,0,0.04976807497059175
982,0,0.7589008392686234
6177,0,0.6984997050455384
4193,0,0.6943576544904595
7378,0,0.6884409212834
10357,0,0.04976807497059175
9480,0,0.04976807497059175
8072,0,0.7043038934349726
813,0,0.6938104535028157
10483,0,0.04976807497059175
4932,0,0.792275716839527
8961,0,0.7114367754972754
8235,0,0.04976807497059175
2746,0,0.7198575632702231
3520,0,0.5942212093376383
629,0,0.7938951339647591
8713,0,0.04976807497059175
1575,0,0.7126012301004013
2145,0,0.04976807497059175
624,0,0.7435906123097654
10241,0,0.7234459379190555
407,0,0.5337724795302117
10206,0,0.6585695405207755
73,0,0.7796914738860534
6791,0,0.04976807497059175
514,0,0.04976807497059175
6647,0,0.7084937253084557
1934,0,0.6690767202325437
4766,0,0.6269578860315232
4034,0,0.7322090901245059
5269,0,0.5528841816318857
7683,0,0.6224895517657578
3585,0,0.04976807497059175
189,0,0.7437744281357922
7734,0,0.04976807497059175
5336,0,0.7317352896823314
8339,0,0.04976807497059175
6908,0,0.04976807497059175
7283,0,0.61952266144515
8258,0,0.7137481935162246
7909,0,0.04976807497059175
4352,0,0.710159796064765
9379,0,0.04976807497059175
378,0,0.7106432446298944
8471,0,0.6773447327058923
1003,0,0.7146241941141581
1176,0,0.04976807497059175
9283,0,0.04976807497059175
3319,0,0.04976807497059175
7109,0,0.04976807497059175
5028,0,0.6858920480407215
6734,0,0.04976807497059175
7209,0,0.6532958129266535
3145,0,0.7201359994682505
8255,0,0.657820782964188
8510,0,0.7279733876948151
5291,0,0.04976807497059175
3487,0,0.7708344452816348
10032,0,0.6450108127992599
7458,0,0.04976807497059175
589,0,0.7247466494014977
7301,0,0.04976807497059175
3981,0,0.6762680220162888
2594,0,0.04976807497059175
8825,0,0.708924059049211
106,0,0.04976807497059175
10378,0,0.7142616005463645
4888,0,0.04976807497059175
6762,0,0.7020477510516989
5324,0,0.6524327424264599
11014,0,0.04976807497059175
2487,0,0.04976807497059175
2950,0,0.6007623520714023
3149,0,0.7987978894641783
1866,0,0.6819387998736902
1884,0,0.04976807497059175
9836,0,0.7198655482708222
10476,0,0.7120248972984385
564,0,0.6846360078874503
7144,0,0.04976807497059175
9092,0,0.7194356237076504
875,0,0.6115127283449516
1614,0,0.5088139554427652
961,0,0.04976807497059175
4369,0,0.04976807497059175
5867,0,0.6693486088705273
2292,0,0.04976807497059175
2965,0,0.7265757516406763
9548,0,0.5782608245408576
2194,0,0.04976807497059175
9402,0,0.7446392885310446
6990,0,0.5503941256151628
10012,0,0.7303527583319817
5448,0,0.7173953485423346
9211,0,0.04976807497059175
162,0,0.7562363128368541
9172,0,0.6914730511944862
6385,0,0.7075115981091943
4329,0,0.04976807497059175
4563,0,0.7067665304108118
10584,0,0.7723919333469996
4930,0,0.04976807497059175
1088,0,0.04976807497059175
1210,0,0.04976807497059175
10419,0,0.04976807497059175
10065,0,0.04976807497059175
10790,0,0.7902242487295073
5266,0,0.04976807497059175
8452,0,0.04976807497059175
6442,0,0.04976807497059175
9175,0,0.5115970733973042
2340,0,0.7263315716811976
5332,0,0.7271543777648939
8411,0,0.7250644431982177
6225,0,0.04976807497059175
4649,0,0.04976807497059175
10456,0,0.71215633631103
10076,0,0.04976807497059175
8117,0,0.6905800685613422
7292,0,0.7011501460459596
5158,0,0.7077192699284939
7272,0,0.7305676085254675
9056,0,0.8256635210038218
7259,0,0.7279006178148343
867,0,0.04976807497059175
1965,0,0.6628569010070513
10232,0,0.6957274235647791
2354,0,0.6458413681544293
3556,0,0.7320678068588161
3309,0,0.6971781171511204
7775,0,0.7947259308365591
10647,0,0.5554255795515576
1250,0,0.716284940883825
3129,0,0.04976807497059175
6232,0,0.04976807497059175
1558,0,0.7387791815974049
6358,0,0.7024442979019521
2540,0,0.6133110994374498
8532,0,0.04976807497059175
9193,0,0.6601760596602416
3851,0,0.6161916024451481
10781,0,0.04976807497059175
8438,0,0.5661647557856533
4596,0,0.7661798981017627
540,0,0.7265693583936658
3534,0,0.6973985184324211
4750,0,0.6046519195294591
5100,0,0.6943371931965566
1636,0,0.6936328565077076
1388,0,0.04976807497059175
9880,0,0.04976807497059175
10365,0,0.04976807497059175
9575,0,0.7047238919627603
856,0,0.7197667961433564
3249,0,0.04976807497059175
11119,0,0.7294764316596037
904,0,0.6993317661098097
3488,0,0.04976807497059175
4214,0,0.5818458911866909
8474,0,0.6193277325650414
4360,0,0.5714379224167472
9578,0,0.04976807497059175
8225,0,0.7830969849499324
7512,0,0.7230984204111726
4863,0,0.5745755061482609
7904,0,0.5666878115593289
4905,0,0.73929214015033
6399,0,0.7745298926742862
7296,0,0.5792284856298108
8648,0,0.04976807497059175
3475,0,0.04976807497059175
7647,0,0.04976807497059175
10869,0,0.7264771441349009
4519,0,0.04976807497059175
10826,0,0.04976807497059175
2962,0,0.6864394181171145
2308,0,0.6042416763962432
7463,0,0.04976807497059175
4844,0,0.7091929052695507
221,0,0.7382049520099343
4795,0,0.04976807497059175
10539,0,0.705297362341065
5923,0,0.6471127955841339
11113,0,0.7387990968045018
8801,0,0.04976807497059175
1293,0,0.7631560369081071
9408,0,0.6768161036271857
3526,0,0.6508818296864795
10882,0,0.5453223548456215
8382,0,0.6845537626964704
268,0,0.7383346485185774
9673,0,0.6399253461596738
2663,0,0.988341400075569
780,0,0.04976807497059175
7429,0,0.7671384002022752
6568,0,0.04976807497059175
2875,0,0.6223234778280144
5715,0,0.04976807497059175
327,0,0.04976807497059175
2805,0,0.678472151676817
340,0,0.6383802184702411
9565,0,0.04976807497059175
9791,0,0.6583289325768137
5646,0,0.6536324142064418
7366,0,0.04976807497059175
10599,0,0.7004244567378066
7875,0,0.04976807497059175
4954,0,0.7924953373154638
5330,0,0.6889776634071372
10563,0,0.7548128066319971
6606,0,0.6423129105608532
23,0,0.04976807497059175
9005,0,0.6959197582486026
4120,0,0.04976807497059175
4137,0,0.7127805774789076
7679,0,0.04976807497059175
480,0,0.04976807497059175
299,0,0.7667321154871155
3673,0,0.5393351476310729
5899,0,0.04976807497059175
5008,0,0.04976807497059175
9487,0,0.6990994389511174
10509,0,0.04976807497059175
893,0,0.69387779814125
3227,0,0.6768765656137211
8490,0,0.04976807497059175
6431,0,0.7476810730056689
1281,0,0.04976807497059175
5050,0,0.6721310484370776
1566,0,0.7319454767151604
613,0,0.04976807497059175
3565,0,0.7165938778371166
9129,0,0.04976807497059175
8516,0,0.754102916286937
5126,0,0.5751099479164987
456,0,0.7209016416994195
6529,0,0.6696899603430068
10915,0,0.04976807497059175
7013,0,0.04976807497059175
10590,0,0.04976807497059175
10974,0,0.7226724456495387
6540,0,0.7279736969198605
6834,0,0.04976807497059175
10377,0,0.6562649223563524
10470,0,0.04976807497059175
9137,0,0.04976807497059175
837,0,0.6147482120851392
5408,0,0.7170339589801642
3388,0,0.7307871038725923
886,0,0.6882886351672195
1165,0,0.04976807497059175
127,0,0.8043431099053826
302,0,0.6930063519887166
9782,0,0.04976807497059175
9469,0,0.723261450214638
9152,0,0.7214324588763458
8168,0,0.04976807497059175
4144,0,0.6928715106564177
5622,0,0.7183327400823399
8198,0,0.04976807497059175
4839,0,0.8023574315276067
7288,0,0.7469481599265827
803,0,0.04976807497059175
2537,0,0.6936813010176861
1150,0,0.5994324403409224
5445,0,0.6896584849865757
9520,0,0.04976807497059175
552,0,0.7236463677362985
6612,0,0.04976807497059175
5231,0,0.6761003558876145
5972,0,0.670188137307225
3866,0,0.04976807497059175
5446,0,0.7189919873352087
5305,0,0.7040937248258066
6551,0,0.04976807497059175
8517,0,0.7303391875487586
2814,0,0.7088195411868162
6462,0,0.7210670965518302
8695,0,0.04976807497059175
11121,0,0.7326060089048914
276,0,0.7558684630035243
3167,0,0.6527386811418546
5251,0,0.04976807497059175
5398,0,0.7061195453952198
8593,0,0.7517532228978825
3795,0,0.7166263295596463
6732,0,0.04976807497059175
4025,0,0.7412130033182938
10591,0,0.04976807497059175
6253,0,0.04976807497059175
8479,0,0.7286729466376096
6670,0,0.7217472289471498
10320,0,0.5964592808541412
352,0,0.8515946652403412
6583,0,0.04976807497059175
8746,0,0.6634338483718214
4743,0,0.7670077307329526
2129,0,0.748483568897679
777,0,0.6478892935067581
5257,0,0.5737199028695169
5742,0,0.6268019032781177
9757,0,0.9194015087204014
6711,0,0.5880575332783737
1721,0,0.6289445962539327
1121,0,0.7085464812725786
10078,0,0.7148232094822369
9641,0,0.61936296869596
1974,0,0.5781631740107154
10892,0,0.04976807497059175
2491,0,0.6350267561730477
6260,0,0.7019581019459925
3661,0,0.7246690945181377
11079,0,0.04976807497059175
831,0,0.04976807497059175
4384,0,0.6695907174553979
2733,0,0.6314679042775437
6832,0,0.04976807497059175
901,0,0.7345585507537061
9059,0,0.04976807497059175
4754,0,0.7427830186033428
2413,0,0.04976807497059175
3659,0,0.5381118535072871
9154,0,0.04976807497059175
8337,0,0.7638977247447107
747,0,0.8040043384364763
10868,0,0.04976807497059175
8146,0,0.9963777895219685
10964,0,0.7122274612018519
1859,0,0.7838247833296722
8708,0,0.6593295155613986
1191,0,0.6472295571244727
9830,0,0.04976807497059175
10912,0,0.715210532277385
384,0,0.7109586295317724
4549,0,0.834145596766426
8437,0,0.7063963543280996
7944,0,0.7422013901616965
8212,0,0.04976807497059175
5303,0,0.7170409114266708
4522,0,0.6313353223967297
5793,0,0.7222677486348328
896,0,0.04976807497059175
4904,0,0.553478670889367
8966,0,0.7401335815636177
10113,0,0.04976807497059175
2987,0,0.04976807497059175
5360,0,0.5108288822296203
314,0,0.575820993326902
6213,0,0.7332904585819242
9171,0,0.04976807497059175
7333,0,0.5480763061852884
9954,0,0.6373571836514297
7074,0,0.696099608821077
9741,0,0.6015576767725931
7765,0,0.7323275560110586
3599,0,0.04976807497059175
3844,0,0.6790050579006477
7153,0,0.6164593788947011
1139,0,0.7231416403484867
7650,0,0.8209781503927281
4268,0,0.04976807497059175
502,0,0.7541815119550332
5256,0,0.6010053790418666
4115,0,0.04976807497059175
7571,0,0.04976807497059175
2267,0,0.5236685067754032
4738,0,0.6516444984569817
7611,0,0.04976807497059175
1043,0,0.04976807497059175
5181,0,0.04976807497059175
3118,0,0.04976807497059175
10160,0,0.5381363108959597
7477,0,0.5731452892426132
5931,0,0.04976807497059175
2186,0,0.6938952812268461
9648,0,0.7262949848223568
8211,0,0.04976807497059175
1919,0,0.5893596592873118
4647,0,0.7185305205750462
459,0,0.7525926507367221
8862,0,0.7225455812791864
1953,0,0.04976807497059175
6395,0,0.04976807497059175
6796,0,0.7157066469307873
6520,0,0.7335936409251429
8172,0,0.7250702866992136
3453,0,0.7202891822355885
5345,0,0.6915657112085785
3207,0,0.7153868419400087
10492,0,0.04976807497059175
10819,0,0.04976807497059175
1730,0,0.04976807497059175
10567,0,0.7428615222006328
8766,0,0.04976807497059175
271,0,0.6894496485065588
4355,0,0.7023909488181611
3008,0,0.04976807497059175
10559,0,0.04976807497059175
3496,0,0.04976807497059175
3530,0,0.04976807497059175
9557,0,0.7252528808869325
3139,0,0.7048652411772649
5139,0,0.7214690857925941
795,0,0.6749440608393232
494,0,0.6917422413751569
679,0,0.04976807497059175
10609,0,0.7214196984775219
10639,0,0.7132132942182636
5542,0,0.731740161908621
10129,0,0.04976807497059175
9116,0,0.8101807661205441
6853,0,0.7109792716955176
1798,0,0.6612936010247977
451,0,0.04976807497059175
9023,0,0.04976807497059175
6962,0,0.5983763799313255
4973,0,0.7194017420183276
6905,0,0.04976807497059175
2319,0,0.04976807497059175
9359,0,0.7686314673396573
5644,0,0.6201200169112534
7485,0,0.04976807497059175
2056,0,0.04976807497059175
7997,0,0.04976807497059175
9589,0,0.04976807497059175
8033,0,0.8100834042678144
5096,0,0.803104876377972
8271,0,0.7051124372946677
6147,0,0.6062846744220458
197,0,0.6820610129814929
2284,0,0.6515232767318362
3316,0,0.5738992732697705
8987,0,0.7233096486406481
4314,0,0.7183509238688488
331,0,0.594438088796905
5076,0,0.7110926126726066
483,0,0.9803798023447309
4941,0,0.04976807497059175
6046,0,0.7162056616964912
5240,0,0.7659010534113677
1346,0,0.04976807497059175
7446,0,0.04976807497059175
10366,0,0.7279927387253594
8664,0,0.7056270265098904
2810,0,0.04976807497059175
4163,0,0.7278288186853645
975,0,0.04976807497059175
4067,0,0.04976807497059175
9960,0,0.6494596014957738
11056,0,0.6719669805824662
2455,0,0.04976807497059175
8497,0,0.7422611842122099
2443,0,0.7233827950771065
2285,0,0.04976807497059175
5346,0,0.719060492895492
5449,0,0.04976807497059175
1625,0,0.6756872784814361
6206,0,0.7375646285164547
4712,0,0.6430839698412737
626,0,0.809836593088328
7989,0,0.6781654140615146
5002,0,0.5042121756239398
6360,0,0.04976807497059175
8628,0,0.6683404822597454
1421,0,0.04976807497059175
10127,0,0.7317167665980412
5075,0,0.7104530935976872
8266,0,0.04976807497059175
8362,0,0.04976807497059175
9685,0,0.6832695981372401
5919,0,0.7278919136485659
6564,0,0.7256261173317218
4604,0,0.6998389172785587
10239,0,0.04976807497059175
10513,0,0.04976807497059175
4027,0,0.6995495663296202
1213,0,0.7034119828583346
5411,0,0.7277072303119306
716,0,0.04976807497059175
2335,0,0.04976807497059175
9795,0,0.7120844461783398
6808,0,0.04976807497059175
2674,0,0.7070288932176532
7447,0,0.6451567035434221
5667,0,0.5782962110561851
542,0,0.7282397690229371
9509,0,0.6794094018713405
3016,0,0.7304532155877189
401,0,0.7204414620922465
5548,0,0.7529308423678522
5036,0,0.6621656559398261
4015,0,0.661821307371069
8992,0,0.7194964731273092
3303,0,0.7455483140169111
1377,0,0.5823970486562949
7859,0,0.7244685457983977
4232,0,0.6578147864715368
2991,0,0.04976807497059175
3320,0,0.717468547304645
1531,0,0.04976807497059175
9075,0,0.7804640352712305
5826,0,0.6691574709053993
10484,0,0.7116682804171569
2721,0,0.6321662953786125
1065,0,0.04976807497059175
10990,0,0.7131973756576456
1407,0,0.7296171432616108
6577,0,0.7301313123248728
1533,0,0.6190607948084522
11127,0,0.6338050645611549
3017,0,0.726120615566096
1195,0,0.5628428706490565
9032,0,0.04976807497059175
1982,0,0.7956173517905492
5495,0,0.5229950880380616
2512,0,0.7616637084445309
7981,0,0.6774417327663934
5827,0,0.6480663963364849
9507,0,0.04976807497059175
9512,0,0.7011807251923858
9331,0,0.7727787116491696
254,0,0.6970152987321756
4614,0,0.04976807497059175
310,0,0.7200167236314889
9308,0,0.7258857088608138
8390,0,0.6365554376304464
5486,0,0.7010871078894098
697,0,0.04976807497059175
3701,0,0.04976807497059175
1175,0,0.678647287093782
833,0,0.6078930184874098
8758,0,0.6095938336643858
9552,0,0.6672387666633939
7731,0,0.7723997143445248
928,0,0.7292076875314826
4831,0,0.04976807497059175
3428,0,0.7088181095812774
962,0,0.04976807497059175
4721,0,0.04976807497059175
8813,0,0.7742683500064597
1205,0,0.7007547298646132
9279,0,0.7946619022134195
9991,0,0.5268176729015306
4903,0,0.7198277617568308
1713,0,0.6900875420158885
7732,0,0.6202859440681312
5369,0,0.04976807497059175
4909,0,0.8720767351000801
4010,0,0.7268578135065502
10706,0,0.6990744206262628
129,0,0.04976807497059175
4734,0,0.7323645072183022
8108,0,0.9792498334030996
4284,0,0.7117265201994332
9504,0,0.04976807497059175
10508,0,0.7295700390964378
8661,0,0.715820037261643
4732,0,0.7019849068501577
4005,0,0.04976807497059175
10203,0,0.04976807497059175
5901,0,0.04976807497059175
2305,0,0.7586326332137882
4733,0,0.7527612294348192
3276,0,0.04976807497059175
10290,0,0.7153243352379888
2555,0,0.7297139731016749
259,0,0.7864100780945452
2101,0,0.6863245521845447
1746,0,0.5889565595513879
3672,0,0.6243866629650937
8445,0,0.7598552691403226
9222,0,0.6851688471966383
3505,0,0.04976807497059175
1931,0,0.724661932008243
1454,0,0.04976807497059175
394,0,0.7105872869610416
6673,0,0.7341702013133861
3853,0,0.7318406140112178
4709,0,0.8315321373093314
2153,0,0.04976807497059175
10818,0,0.6339870815905577
6947,0,0.8153454420620007
5193,0,0.6488184940640088
2769,0,0.7152355561727112
5403,0,0.04976807497059175
6818,0,0.6875372494727543
3734,0,0.7381682372290633
958,0,0.04976807497059175
9078,0,0.04976807497059175
10738,0,0.5986224001072268
2207,0,0.7275477712507483
8603,0,0.6206949021047171
6488,0,0.7253640229131618
11077,0,0.04976807497059175
10875,0,0.6185981266643096
2015,0,0.598317735445282
6491,0,0.7149349478714567
9546,0,0.6487001173088709
9986,0,0.04976807497059175
10895,0,0.04976807497059175
5719,0,0.6966345386736275
972,0,0.7256504483977405
6082,0,0.6867215088533973
2202,0,0.6991259050962263
8546,0,0.04976807497059175
1944,0,0.5651283848029152
6898,0,0.7320443259180182
10649,0,0.04976807497059175
3758,0,0.6379858258382982
2133,0,0.730760546584104
10601,0,0.6517374189290754
8646,0,0.04976807497059175
3184,0,0.6786098711172681
2409,0,0.04976807497059175
3291,0,0.7135388429801622
788,0,0.6340467580945892
4116,0,0.04976807497059175
1337,0,0.5953429874423415
4960,0,0.8519124074307677
9515,0,0.654462017916866
731,0,0.7113402055464493
1227,0,0.7107097993269268
8401,0,0.7108497172034259
602,0,0.7016503678261251
9681,0,0.5557006083586772
10273,0,0.6654084870907753
6533,0,0.7465163317102417
10549,0,0.7117753286224315
2939,0,0.04976807497059175
5067,0,0.04976807497059175
1584,0,0.7910280524899287
1182,0,0.7122591236149524
128,0,0.9735433191241174
5355,0,0.7087772426729297
11143,0,0.04976807497059175
8197,0,0.6159157740490283
39,0,0.04976807497059175
3133,0,0.726993818683622
2328,0,0.04976807497059175
3038,0,0.04976807497059175
10581,0,0.04976807497059175
1381,0,0.7277183999095421
9441,0,0.04976807497059175
8526,0,0.6416248828843941
4226,0,0.59811963425366
4538,0,0.6970455564273844
6481,0,0.7003283956929346
4196,0,0.7139732003807601
139,0,0.716724329925545
7759,0,0.7463539920069205
2085,0,0.04976807497059175
3569,0,0.722086907077788
5123,0,0.7166603130425276
9997,0,0.7571854989378209
6992,0,0.670788968748612
10285,0,0.7201500743356029
9864,0,0.582206922874348
9799,0,0.7957631344487209
4977,0,0.8201849789801957
842,0,0.796023770626604
4290,0,0.7290250489311184
4217,0,0.7520422184074277
8222,0,0.6374231000216704
2687,0,0.5966156191874201
7276,0,0.04976807497059175
9884,0,0.6124709516972645
2745,0,0.7012734842842829
5326,0,0.7066026822891374
4169,0,0.7744937938325597
7618,0,0.662770939404892
3470,0,0.6822495162257947
10977,0,0.04976807497059175
4325,0,0.7198874610114181
8109,0,0.04976807497059175
5271,0,0.7265061289211752
3831,0,0.04976807497059175
9170,0,0.04976807497059175
8998,0,0.9293357372801145
825,0,0.04976807497059175
3306,0,0.7209319140227617
4081,0,0.04976807497059175
6357,0,0.7404481683779065
4440,0,0.7151919283908453
985,0,0.7797747839077533
4239,0,0.04976807497059175
699,0,0.7811024179675412
10086,0,0.04976807497059175
33,0,0.5921553182795417
2524,0,0.7084162592323731
1068,0,0.7193717637350786
10736,0,0.5609778269984544
1019,0,0.04976807497059175
5707,0,0.7255107205937229
10398,0,0.04976807497059175
2985,0,0.04976807497059175
1990,0,0.7080315035220602
3817,0,0.04976807497059175
8037,0,0.7227978601918434
1452,0,0.6892242318611603
8752,0,0.6372265002433943
5222,0,0.5526591895123464
9252,0,0.8115683720091424
8285,0,0.6960350744969688
499,0,0.04976807497059175
4968,0,0.7233552852707645
9915,0,0.6422178990209932
7310,0,0.7207592378675599
8048,0,0.552476578980356
316,0,0.8129734465421559
6362,0,0.04976807497059175
5894,0,0.04976807497059175
1632,0,0.6979838297888123
5642,0,0.7036437914689858
1008,0,0.04976807497059175
8200,0,0.04976807497059175
7411,0,0.04976807497059175
3942,0,0.6770322710433949
2801,0,0.04976807497059175
5563,0,0.6920475496626471
8649,0,0.6749852622743381
10608,0,0.7300428496297259
6773,0,0.04976807497059175
7064,0,0.6079455412545163
10838,0,0.7019948168385007
3628,0,0.04976807497059175
3619,0,0.7210753661167678
1764,0,0.5693016235567657
2659,0,0.04976807497059175
6043,0,0.49583445255145364
6304,0,0.7052516132553519
995,0,0.609418420734266
9269,0,0.7035510845913607
6335,0,0.7205806682633851
8667,0,0.6915327795916343
8827,0,0.6489975629749928
7048,0,0.4731963016610327
8358,0,0.6208893846702426
312,0,0.04976807497059175
3032,0,0.7466824710099981
10947,0,0.04976807497059175
8884,0,0.6681217325632807
328,0,0.7200246045309122
10918,0,0.7204844878795217
718,0,0.630615011655265
2504,0,0.7313759003490929
4561,0,0.04976807497059175
1998,0,0.7225656235379061
8347,0,0.04976807497059175
2048,0,0.6824825924748404
8223,0,0.708854611923425
6758,0,0.6141564668983502
2573,0,0.6151251344113062
7589,0,0.7231914233512005
5479,0,0.04976807497059175
2472,0,0.5814340083807548
3385,0,0.04976807497059175
4141,0,0.04976807497059175
4500,0,0.04976807497059175
9240,0,0.9188684027816885
5466,0,0.7499194845843525
920,0,0.7284850579304275
3738,0,0.7076898825584613
1233,0,0.04976807497059175
9245,0,0.7211258370430329
9967,0,0.04976807497059175
8340,0,0.7193199118641384
7299,0,0.7047854307088277
8290,0,0.6923405308418825
9210,0,0.6194167352201915
5611,0,0.7486334619715258
905,0,0.614004816961758
3365,0,0.04976807497059175
2847,0,0.04976807497059175
5739,0,0.8508412323978499
1158,0,0.7372594449761822
834,0,0.04976807497059175
6119,0,0.7197872229415238
2243,0,0.5642007365286406
8751,0,0.04976807497059175
2986,0,0.698855535793493
9401,0,0.04976807497059175
6476,0,0.6793871727002239
9030,0,0.771092184995133
10661,0,0.6981639362757762
5866,0,0.7202323319354048
10772,0,0.6825313910530604
2973,0,0.7029058451817962
4331,0,0.712841690907199
10910,0,0.04976807497059175
10730,0,0.8862091549379767
10153,0,0.04976807497059175
7709,0,0.6247102198614289
1242,0,0.6947064528177895
7114,0,0.693964823072932
9660,0,0.6830905464391674
10346,0,0.04976807497059175
6096,0,0.04976807497059175
9093,0,0.7129702525023305
2832,0,0.6943635748761051
3847,0,0.660859804192855
5234,0,0.04976807497059175
9181,0,0.04976807497059175
6115,0,0.04976807497059175
6088,0,0.6941685830188887
759,0,0.04976807497059175
5566,0,0.04976807497059175
7353,0,0.7273899983092531
6464,0,0.04976807497059175
5691,0,0.8491259695116039
6953,0,0.7136240637307405
8680,0,0.590232187922679
3909,0,0.7579752517425967
9756,0,0.7756797851549685
370,0,0.04976807497059175
6063,0,0.04976807497059175
10438,0,0.04976807497059175
3976,0,0.5518218112559192
3031,0,0.7206967470862407
8165,0,0.691201552463088
2800,0,0.7421920677584583
5900,0,0.6668621524621066
821,0,0.6939927293960612
3968,0,0.7226860833269627
6443,0,0.7178834309618817
4579,0,0.6470965767165673
9650,0,0.6961263055567751
4862,0,0.7666983212465307
5993,0,0.6498514410724463
4856,0,0.7388160267535197
3432,0,0.8063868128321764
1460,0,0.7044845552816289
8248,0,0.716982852551099
5049,0,0.04976807497059175
7696,0,0.6730029981835783
574,0,0.04976807497059175
955,0,0.04976807497059175
8985,0,0.7103853613230613
8736,0,0.04976807497059175
3410,0,0.6675282845793504
6406,0,0.6786735352641308
554,0,0.6831036668176927
3360,0,0.6979074397899033
7396,0,0.6699987386661557
10010,0,0.6832531254374044
1719,0,0.7058799575792688
10282,0,0.04976807497059175
984,0,0.7166398251215985
2542,0,0.04976807497059175
10821,0,0.04976807497059175
4765,0,0.04976807497059175
6478,0,0.6521949587815178
7118,0,0.04976807497059175
10152,0,0.04976807497059175
1570,0,0.6939279522478434
1427,0,0.5246833910029062
1738,0,0.7126664447109483
9748,0,0.71146206321481
7305,0,0.8006685714462028
2035,0,0.725214769035014
2846,0,0.7290237000850056
7389,0,0.7119460985452599
5740,0,0.04976807497059175
7609,0,0.04976807497059175
399,0,0.04976807497059175
5071,0,0.7056845116025845
6,0,0.6824782099293972
6560,0,0.682275687847539
666,0,0.7189234142974227
8839,0,0.7223410856289478
6121,0,0.7888721903075188
2278,0,0.8068034455644963
1554,0,0.6795817924389781
7251,0,0.7179318545492345
8621,0,0.6951571720416366
4725,0,0.5874762306042803
1147,0,0.7257518217029612
4103,0,0.6945690807960974
10111,0,0.04976807497059175
248,0,0.04976807497059175
1247,0,0.04976807497059175
7537,0,0.04976807497059175
132,0,0.04976807497059175
507,0,0.6293099475770061
241,0,0.04976807497059175
2508,0,0.04976807497059175
7521,0,0.7221150039135934
6602,0,0.6958990206909247
8436,0,0.04976807497059175
3888,0,0.04976807497059175
5000,0,0.7036647789484763
4788,0,0.7062664751006166
6849,0,0.7553463646934675
6840,0,0.04976807497059175
10935,0,0.7216273871162457
5711,0,0.6827225549007404
8383,0,0.7637845409162433
863,0,0.04976807497059175
10796,0,0.7211354428037011
3666,0,0.7020457273908585
2967,0,0.7964819151990782
4508,0,0.04976807497059175
2468,0,0.7102516663841721
5272,0,0.04976807497059175
5014,0,0.7210422365968994
4547,0,0.04976807497059175
10857,0,0.7092449710313427
7384,0,0.04976807497059175
6324,0,0.6999452753005213
2136,0,0.04976807497059175
3859,0,0.5554135294039292
7391,0,0.7305742027921674
6448,0,0.04976807497059175
5864,0,0.04976807497059175
4641,0,0.6258642036798657
2795,0,0.7596178272591663
2156,0,0.6948899506116035
1612,0,0.7063837181130648
650,0,0.6205861706090937
10437,0,0.7218538905023494
11130,0,0.5825027849821768
5143,0,0.6620635703392778
2279,0,0.7394927484563717
2647,0,0.6762924434184681
2478,0,0.6873605031745653
3433,0,0.04976807497059175
8014,0,0.04976807497059175
4345,0,0.04976807497059175
526,0,0.7235066258444989
6835,0,0.5568887642917886
10717,0,0.04976807497059175
1515,0,0.7091351846283406
10118,0,0.6650272049050385
4701,0,0.04976807497059175
5363,0,0.505785805621731
7059,0,0.6589471560889864
1560,0,0.9112602118260515
7595,0,0.649075959864922
7669,0,0.6891061282412626
233,0,0.6495015522448017
3040,0,0.7799800731717432
5842,0,0.04976807497059175
2782,0,0.644487307591824
6104,0,0.04976807497059175
3971,0,0.6518384470404895
4441,0,0.7090329109285965
1662,0,0.678525269343771
9927,0,0.04976807497059175
6369,0,0.7225976520011437
6085,0,0.7650018765691047
6562,0,0.7008818467412853
1137,0,0.04976807497059175
3818,0,0.04976807497059175
2830,0,0.7367783677602763
8857,0,0.04976807497059175
706,0,0.7145732934540873
6489,0,0.6883539673610718
10364,0,0.7276486458526342
7233,0,0.04976807497059175
7455,0,0.583169742834038
10490,0,0.04976807497059175
7716,0,0.04976807497059175
2441,0,0.6168955911826809
9104,0,0.7681236553555186
110,0,0.7248024019520765
113,0,0.04976807497059175
6275,0,0.6173154591778653
2806,0,0.7057274203658035
1179,0,0.6982950410945334
6841,0,0.7287044863367746
1222,0,0.6901736047045645
5328,0,0.7043962200146667
5035,0,0.6894355096436696
9682,0,0.6968489025580271
4022,0,0.6081650426536517
3930,0,0.715163344516652
3839,0,0.7079092455406462
2199,0,0.7016423504313812
5874,0,0.7290255233881189
8963,0,0.7102333281119164
2843,0,0.8256213387127098
10266,0,0.04976807497059175
3827,0,0.7057435656107858
1230,0,0.9968984362811297
51,0,0.6101523614224718
1185,0,0.04976807497059175
492,0,0.04976807497059175
7364,0,0.7099615232362507
5782,0,0.04976807497059175
5006,0,0.04976807497059175
10702,0,0.7224432212181752
2850,0,0.7050226664370055
7123,0,0.04976807497059175
8650,0,0.7158219737462926
6667,0,0.04976807497059175
546,0,0.04976807497059175
10932,0,0.689233751200474
6132,0,0.04976807497059175
57,0,0.6731902475460609
5694,0,0.04976807497059175
1204,0,0.7370567392334214
7902,0,0.04976807497059175
5614,0,0.6413196127445656
10547,0,0.6772786280022275
2787,0,0.7201172908465024
9446,0,0.7098568414725511
9608,0,0.04976807497059175
1184,0,0.04976807497059175
10904,0,0.646442662395997
4320,0,0.7119665150090081
1372,0,0.04976807497059175
8122,0,0.7231509583408434
4391,0,0.04976807497059175
1643,0,0.596496380217227
1963,0,0.7219389200388926
2851,0,0.7467182015713153
700,0,0.7023199223739354
3,0,0.760318604003585
1332,0,0.04976807497059175
2590,0,0.6891324312837009
9567,0,0.6800694358996775
4900,0,0.6614387224486864
6714,0,0.7001830656021022
5290,0,0.7219090246981283
3117,0,0.04976807497059175
5925,0,0.6510250486345783
2150,0,0.7113444255030685
8099,0,0.6396001626788892
1925,0,0.5104356078142821
9889,0,0.04976807497059175
8530,0,0.04976807497059175
10108,0,0.7176286783624753
3430,0,0.04976807497059175
757,0,0.7299552834723754
3686,0,0.8395897840544001
8103,0,0.6447797835342338
11045,0,0.7251888591763114
1045,0,0.04976807497059175
7000,0,0.7052687474253225
10905,0,0.7259701127423982
2996,0,0.6810702045718828
9868,0,0.7354467487050484
1624,0,0.7314129202781698
1648,0,0.7156385797483221
1369,0,0.5919240061374456
10087,0,0.04976807497059175
6913,0,0.6789688150999482
8614,0,0.7681702357280116
9985,0,0.04976807497059175
9099,0,0.8089750444547171
2781,0,0.7206664322261273
1914,0,0.04976807497059175
2716,0,0.6852131840799384
9180,0,0.7028737198708307
6003,0,0.701212070075424
4768,0,0.04976807497059175
2926,0,0.7216722951797302
1123,0,0.5156786956015194
10384,0,0.6853916808355135
5089,0,0.04976807497059175
4289,0,0.7723079325963114
5511,0,0.7167970227642734
6465,0,0.7956003992568202
4350,0,0.7229898599448834
1895,0,0.7433187672830495
10481,0,0.04976807497059175
487,0,0.8343501493904255
2451,0,0.04976807497059175
6881,0,0.04976807497059175
6651,0,0.8287469422960875
7402,0,0.7942386057465767
4515,0,0.6620554282114743
10400,0,0.04976807497059175
10658,0,0.04976807497059175
6051,0,0.04976807497059175
607,0,0.04976807497059175
1093,1,0.8651473645247652
1094,1,0.7775448391684001
1095,1,0.8001902695833013
1096,1,0.9894828059444865
1097,1,0.9999999998520593
1098,1,0.9812926825089954
1099,1,0.6896248249807467
1100,1,0.7287607981281315
1101,1,0.7089688118301205
1102,1,0.8151958960672447
1103,1,0.7639288454117067
1104,1,0.7249788347618691
1105,1,0.6786889778395025
1106,1,0.9015451275151404
1107,1,0.7860766977873196
1108,1,0.7930945936477278
1109,1,0.8222240923917351
1110,1,0.7949148160445034
1111,1,0.8323754232861627
1112,1,0.8168037609198515
1113,1,0.7889031073292447
1114,1,0.8182796961778058
1115,1,0.7837725248510802
1116,1,0.7793657969354305
1117,1,0.7664791016565635
1118,1,0.8222115312152136
2212,1,0.6886696843066541
2213,1,0.8184686539606304
2214,1,0.7296173007676292
2215,1,0.6780749963036156
2216,1,0.6183059801428507
2217,1,0.7812594012719376
2218,1,0.6916080395606695
2219,1,0.9995851296000957
2220,1,0.8609379584584542
2221,1,0.9927144795417114
2222,1,0.8478977880363238
2223,1,0.707679882002686
2224,1,0.04976807497059175
2225,1,0.9259560846389588
2226,1,0.8415455767176587
2227,1,0.7874553042332904
2228,1,0.5677584921400928
2229,1,0.8168964337284622
2230,1,0.7150862315295883
2231,1,0.8100511428257521
2232,1,0.7459805169776262
2233,1,0.8206355491276224
2234,1,0.861029356742175
2235,1,0.706561905447856
2236,1,0.7769223952488328
2237,1,0.739804939595536
3331,1,0.7173694874543153
3332,1,0.8534137276295902
3333,1,0.9847830875883175
3334,1,0.69330961591801
3335,1,0.9999999999766194
3336,1,0.8100083256432614
3337,1,0.9905978168366518
3338,1,0.705471147870993
3339,1,0.786960977247944
3340,1,0.6988741115588087
3341,1,0.8565079538225533
3342,1,0.8134392015674294
3343,1,0.6773545266686458
3344,1,0.7531836273972685
3345,1,0.8548485721221988
3346,1,0.8183417223072574
3347,1,0.8278452508758044
3348,1,0.7637537081884457
3349,1,0.7378644491613503
3350,1,0.6740045447896964
3351,1,0.8630875016945018
3352,1,0.9057500894081607
3353,1,0.701646902634741
3354,1,0.04976807497059175
3355,1,0.631666353204191
3356,1,0.8713438945138758
4449,1,0.6763377892409992
4450,1,0.8609525973811413
4451,1,0.7457451725523002
4452,1,0.84767041257716
4453,1,0.7576743388424808
4454,1,0.7329613990959929
4455,1,0.8551920871962579
4456,1,0.8484239074130964
4457,1,0.7409927027440295
4458,1,0.7845468569806656
4459,1,0.6552995670581343
4460,1,0.7084792400188226
4461,1,0.7676001582878302
4462,1,0.7713056969810836
4463,1,0.6727602267409417
4464,1,0.8678025129553233
4465,1,0.7418320789784509
4466,1,0.7486380756724469
4467,1,0.8234094187005732
4468,1,0.77384630168366
4469,1,0.9896074358285881
4470,1,0.9627974323354468
4471,1,0.804388316624755
4472,1,0.7190534925766608
4473,1,0.7680985124580603
4474,1,0.8533593316983312
5567,1,0.7524026302648172
5568,1,0.7519039058699182
5569,1,0.7219884726357779
5570,1,0.9925756907711203
5571,1,0.7085355675180939
5572,1,0.8069236365411036
5573,1,0.8446341584941579
5574,1,0.9075559955522905
5575,1,0.7070470497688528
5576,1,0.828734236395546
5577,1,0.9900081433522436
5578,1,0.6437802417862992
5579,1,0.7724480328804887
5580,1,0.7509880561494474
5581,1,0.7424765602633248
5582,1,0.8620386305320747
5583,1,0.7331689484091312
5584,1,0.7759872613021771
5585,1,0.7397906818746426
5586,1,0.8563010785966414
5587,1,0.9315209163775948
5588,1,0.7343320229096915
5589,1,0.7925978403447737
5590,1,0.7303286802658236
5591,1,0.7622760542084481
5592,1,0.7592837744337483
6685,1,0.7506640500697922
6686,1,0.885368899375985
6687,1,0.852967158366412
6688,1,0.7581019255137043
6689,1,0.8670163790085265
6690,1,0.7243889257275263
6691,1,0.833430052549806
6692,1,0.7385297929656653
6693,1,0.7467388882543292
6694,1,0.6997071986710832
6695,1,0.752355735623722
6696,1,0.7034974819899303
6697,1,0.8304047769407079
6698,1,0.7571205663189358
6699,1,0.893297030815803
6700,1,0.7688466186881755
6701,1,0.8161425336771204
6702,1,0.7567386866492832
6703,1,0.8476912903539756
6704,1,0.8307348366900822
6705,1,0.7425248563242922
6706,1,0.843757553757392
6707,1,0.8655321432399307
6708,1,0.6729335290878058
6709,1,0.7463960194605131
6710,1,0.8606848379857938
7803,1,0.7016395883107591
7804,1,0.7708495866498288
7805,1,0.747717174083307
7806,1,0.7179100181226646
7807,1,0.8462732454581181
7808,1,0.8432565785702296
7809,1,0.7754120080507342
7810,1,0.8169538565530517
7811,1,0.701927462190148
7812,1,0.7715571680462646
7813,1,0.8583967162668271
7814,1,0.8118212661249752
7815,1,0.8703600395880002
7816,1,0.8436889243090515
7817,1,0.04976807497059175
7818,1,0.8239158334252739
7819,1,0.8328240625170484
7820,1,0.9994401068224222
7821,1,0.8167085267684773
7822,1,0.9903235670676155
7823,1,0.7617629706646026
7824,1,0.9758457106325537
7825,1,0.76110374014907
7826,1,0.5666903351791404
7827,1,0.7976246636763399
7828,1,0.04976807497059175
8921,1,0.9847258224103561
8922,1,0.7835003921521427
8923,1,0.7402064380974427
8924,1,0.6705007903405131
8925,1,0.859519864708072
8926,1,0.7764942769665593
8927,1,0.840392621155451
8928,1,0.7358944584680095
8929,1,0.8576113575754306
8930,1,0.8537087948557587
8931,1,0.7456577668566301
8932,1,0.8104221808390295
8933,1,0.7250902800438652
8934,1,0.04976807497059175
8935,1,0.8951382175907953
8936,1,0.7767204742196252
8937,1,0.8582805297945413
8938,1,0.7091488954835676
8939,1,0.7814927198058819
8940,1,0.7132529764279465
8941,1,0.9858250954698511
8942,1,0.9857882980638785
8943,1,0.7585513411858575
8944,1,0.9866249993197107
8945,1,0.7390261609987332
8946,1,0.8693536187103392
10039,1,0.7266060812975024
10040,1,0.8022365654624245
10041,1,0.6990357891002784
10042,1,0.7564989455358232
10043,1,0.8043002594872447
10044,1,0.7565008346818325
10045,1,0.7426579145123051
10046,1,0.9867776159495386
10047,1,0.8095067528047997
10048,1,0.7069085331737172
10049,1,0.6619366758859804
10050,1,0.8713323640816409
10051,1,0.7848404190982042
10052,1,0.8148613676226072
10053,1,0.8136565255556538
10054,1,0.7070264431059246
10055,1,0.8439591267843579
10056,1,0.6718223589173361
10057,1,0.6923476954252601
10058,1,0.7413120279216191
10059,1,0.8080905345434367
10060,1,0.7895224655248528
10061,1,0.04976807497059175
10062,1,0.7522184382113025
10063,1,0.7526320370099775
10064,1,0.8267171750780539
11157,1,0.6656029577601192
11158,1,0.7399254421301452
11159,1,0.8969874571491199
11160,1,0.7939508092883643
11161,1,0.04976807497059175
11162,1,0.7602126839816759
11163,1,0.7734810553677705
11164,1,0.7549101982466964
11165,1,0.856926373334619
11166,1,0.910561954081318
11167,1,0.7955924924586212
11168,1,0.832986203075673
11169,1,0.6647325632393565
11170,1,0.750387727914493
11171,1,0.8960117473803249
11172,1,0.8487854305891649
11173,1,0.779565741610048
11174,1,0.9692832972037636
11175,1,0.699648583793185
11176,1,0.9004774319839534
11177,1,0.8008562600210885
11178,1,0.8195821362237212
11179,1,0.7625022032895892
11180,1,0.8474873397221524
11181,1,0.6331683883497178
11182,1,0.8619410229913327
