label,anomaly_score
0,0.7477126639857139
0,0.6535539542968737
0,0.7442797503377232
0,0.0498855314603459
0,0.754218220505265
0,0.8512798735700771
0,0.7472620680025542
0,0.8212660955590761
0,0.7537354558226396
0,0.753480644001096
0,0.7435053799874919
0,0.8173354050053534
0,0.7659489206136703
0,0.0498855314603459
0,0.0498855314603459
0,0.8990239737033076
0,0.6856414140732653
0,0.8718094896543045
0,0.0498855314603459
0,0.739010240384783
0,0.7591600634617907
0,0.759813451018869
0,0.0498855314603459
0,0.6731430359480385
0,0.7641556711359047
0,0.0498855314603459
0,0.7560514388046831
0,0.6576022521744308
0,0.7712109544114032
0,0.0498855314603459
0,0.0498855314603459
0,0.7595213012637939
0,0.763802151405889
0,0.0498855314603459
0,0.6946078715711944
0,0.7781850945985833
0,0.763444933982591
0,0.0498855314603459
0,0.7538195931687357
0,0.6674305133430554
0,0.0498855314603459
0,0.752397169785202
0,0.6016650140114306
0,0.635428017788485
0,0.6371719864209521
0,0.7270224884171901
0,0.755236378072324
0,0.770503349738245
0,0.0498855314603459
0,0.7821360617804402
0,0.0498855314603459
0,0.7166584457269979
0,0.6373943479839361
0,0.8074089240873373
0,0.8072202450897259
0,0.7634874001179156
0,0.0498855314603459
0,0.912656049312668
0,0.7585421996821983
0,0.0498855314603459
0,0.7595542480901613
0,0.6536466813617163
0,0.7578996758904518
0,0.7419651209779435
0,0.6701147903028256
0,0.7681224252864983
0,0.7479998190326391
0,0.7356570447617922
0,0.825229172870862
0,0.7335347233487316
0,0.7549579067706175
0,0.0498855314603459
0,0.0498855314603459
0,0.7537705067188141
0,0.0498855314603459
0,0.0498855314603459
0,0.7446390737723527
0,0.7472622044397782
0,0.0498855314603459
0,0.7601849037486177
0,0.0498855314603459
0,0.7545557470793662
0,0.758521693624084
0,0.0498855314603459
0,0.7683054446071588
0,0.0498855314603459
0,0.7473304266975397
0,0.0498855314603459
0,0.7342532820969235
0,0.7601112729103372
0,0.0498855314603459
0,0.7148529468721542
0,0.760462160595833
0,0.7542231413924204
0,0.7535479210939438
0,0.7721312194681124
0,0.0498855314603459
0,0.7651242085654522
0,0.7584125344542381
0,0.6423925200693388
0,0.0498855314603459
0,0.8013018144378141
0,0.8227656692750143
0,0.7699783337416491
0,0.7587755635421812
0,0.6750980595452858
0,0.0498855314603459
0,0.7688498039132358
0,0.7515354290742173
0,0.6951106586555992
0,0.0498855314603459
0,0.7062313426593996
0,0.7759189867793518
0,0.7448199070136574
0,0.0498855314603459
0,0.0498855314603459
0,0.8040254691386907
0,0.7600226585224829
0,0.7388302117563176
0,0.7618142838533201
0,0.8065843063515962
0,0.0498855314603459
0,0.6739623503289918
0,0.7759904174573122
0,0.0498855314603459
0,0.7624732089663416
0,0.7656690938384632
0,0.8550446243656223
0,0.6757016803564361
0,0.0498855314603459
0,0.6836802396047205
0,0.7543395550709929
0,0.8049228501996499
0,0.0498855314603459
0,0.6583274271993794
0,0.7596742111762644
0,0.749356845356233
0,0.0498855314603459
0,0.7957411197959222
0,0.0498855314603459
0,0.7397809689110614
0,0.0498855314603459
0,0.7509780814936131
0,0.7428782402353256
0,0.7773969979913616
0,0.7699728522507313
0,0.7480335903578774
0,0.0498855314603459
0,0.7198605194789504
0,0.7861025184619709
0,0.6623637784836887
0,0.0498855314603459
0,0.680829963968985
0,0.7013566303141016
0,0.7661376826002806
0,0.0498855314603459
0,0.0498855314603459
0,0.7099900401729753
0,0.8303956512018494
0,0.7494475019465638
0,0.7635623467924753
0,0.7310264596931757
0,0.0498855314603459
0,0.8365711067127057
0,0.7713622952932281
0,0.7183857978338988
0,0.0498855314603459
0,0.6228720826111103
0,0.7520044272681704
0,0.7591986327286696
0,0.6243551163005779
0,0.0498855314603459
0,0.7912515038512262
0,0.6872883677086732
0,0.742898896728762
0,0.8584862385345761
0,0.0498855314603459
0,0.0498855314603459
0,0.7646036916150285
0,0.6704063114083337
0,0.7215930342631937
0,0.0498855314603459
0,0.8169054085287417
0,0.8910660908961816
0,0.7272516629672009
0,0.0498855314603459
0,0.7688004944877974
0,0.7638726258764498
0,0.7660854145593068
0,0.0498855314603459
0,0.7334783709755157
0,0.6414761728027991
0,0.7592823895790599
0,0.6994730867876159
0,0.7339124803833239
0,0.7360806257909718
0,0.8085175586528454
0,0.7681074876588263
0,0.0498855314603459
0,0.7538181236334954
0,0.74356352623674
0,0.7541069101778818
0,0.0498855314603459
0,0.6386847869939486
0,0.0498855314603459
0,0.0498855314603459
0,0.7694699288916638
0,0.7190665909799617
0,0.7591981359463763
0,0.7433782812785257
0,0.7878027222181194
0,0.7698471506566954
0,0.7054214034182081
0,0.7581526552117916
0,0.7743305820520152
0,0.687902529106156
0,0.6028935554318088
0,0.576185997761061
0,0.7440489859846743
0,0.673089228607701
0,0.8047203210701747
0,0.0498855314603459
0,0.0498855314603459
0,0.0498855314603459
0,0.7165046402219688
0,0.763818514167569
0,0.0498855314603459
0,0.7856891383129413
0,0.7149890455957836
0,0.796655106955976
0,0.7299248016706736
0,0.0498855314603459
0,0.7601162029174519
0,0.0498855314603459
0,0.0498855314603459
0,0.7760664144143715
0,0.7154633813282578
0,0.7590027318856872
0,0.7820197738450534
0,0.7832505852950257
0,0.0498855314603459
0,0.8262323709428134
0,0.7650897265015434
0,0.7618149142516296
0,0.6496545356038731
0,0.0498855314603459
0,0.7834594570994595
0,0.7783056473051015
0,0.0498855314603459
0,0.7399064472682362
0,0.0498855314603459
0,0.7634543605722486
0,0.767368857486197
0,0.7373364179568083
0,0.0498855314603459
0,0.0498855314603459
0,0.6745609277151154
0,0.7190277668571626
0,0.0498855314603459
0,0.7543011420580115
0,0.0498855314603459
0,0.7511815851860905
0,0.7264035432179856
0,0.0498855314603459
0,0.7019569662479868
0,0.7431976995163937
0,0.5989218282964639
0,0.717152499376432
0,0.7042375210144729
0,0.7563184665346592
0,0.0498855314603459
0,0.7499547606420066
0,0.0498855314603459
0,0.7727700737534093
0,0.0498855314603459
0,0.7639129439896343
0,0.0498855314603459
0,0.7476750555554335
0,0.7769382734357402
0,0.6314412192527153
0,0.6837590388747915
0,0.0498855314603459
0,0.7359152785424872
0,0.7017720638162518
0,0.5795590197237875
0,0.0498855314603459
0,0.7597950485866107
0,0.0498855314603459
0,0.8408924569215724
0,0.7573260842128239
0,0.7613233396102808
0,0.7722214389056355
0,0.7403535712419126
0,0.0498855314603459
0,0.7427779133830789
0,0.6304270530630549
0,0.0498855314603459
0,0.6316499370797632
0,0.7414309353874833
0,0.7368660797720442
0,0.8178688097790315
0,0.0498855314603459
0,0.6960444820440825
0,0.7248669636356414
0,0.0498855314603459
0,0.7639911541075318
0,0.758863179265596
0,0.7539268346579576
0,0.752403673316615
0,0.7562297758546509
0,0.911287649428814
0,0.6816338993804801
0,0.0498855314603459
0,0.7678297156809437
0,0.0498855314603459
0,0.7567511275526814
0,0.6393997491187614
0,0.0498855314603459
0,0.0498855314603459
0,0.7607358637665259
0,0.7135426140403546
0,0.7551881659873749
0,0.0498855314603459
0,0.7583236604810543
0,0.7430651268417257
0,0.6343302804096796
0,0.7227194495170952
0,0.6823399184940706
0,0.7635185068556466
0,0.7587463832967589
0,0.0498855314603459
0,0.7198231112700341
0,0.9293817667997526
0,0.7651437113506647
0,0.0498855314603459
0,0.7234689261044738
0,0.7209649444197825
0,0.0498855314603459
0,0.6774478853318155
0,0.7651197808554118
0,0.7592556095852055
0,0.0498855314603459
0,0.7945324839117451
0,0.7626923820695041
0,0.8022692163030629
0,0.7607620508603858
0,0.0498855314603459
0,0.0498855314603459
0,0.7378163253696066
0,0.6923058746964748
0,0.643578788662593
0,0.0498855314603459
0,0.0498855314603459
0,0.7329173053723543
0,0.0498855314603459
0,0.7036080305910765
0,0.0498855314603459
0,0.7103328211200001
0,0.7596609261939942
0,0.6653113650796157
0,0.7185051340758289
0,0.800915291020397
0,0.7599872314055229
0,0.6498419149225538
0,0.7689558203876019
0,0.7883277221688384
0,0.6848568999402358
0,0.8854650769237756
0,0.738660171327173
0,0.7591191011970646
0,0.6244590080502338
0,0.7614160243401958
0,0.0498855314603459
0,0.0498855314603459
0,0.7422554956435842
0,0.8366856396419089
0,0.7486212496177664
0,0.7933966803955684
0,0.7524155917078122
0,0.0498855314603459
0,0.7786866059303825
0,0.7598866658830247
0,0.7599584411327963
0,0.0498855314603459
0,0.0498855314603459
0,0.7547752801759743
0,0.7048646498762222
0,0.7380256527020221
0,0.0498855314603459
0,0.0498855314603459
0,0.7533148048176422
0,0.7545656504515307
0,0.7751488927479783
0,0.6897666814279707
0,0.0498855314603459
0,0.7596817942586473
0,0.7484586681027527
0,0.7408032305417298
0,0.7550066122595368
0,0.7571353477770378
0,0.0498855314603459
0,0.0498855314603459
0,0.7498736038696229
0,0.7535372644228671
0,0.7040744150206626
0,0.7598463174151753
0,0.0498855314603459
0,0.7317310230456349
0,0.0498855314603459
0,0.0498855314603459
0,0.7509974925476814
0,0.753504247581382
0,0.8108063645474134
0,0.7344118762670493
0,0.7021816027821053
0,0.8232058116744045
0,0.5778660603010843
0,0.7371820898881091
0,0.0498855314603459
0,0.6264376867648864
0,0.0498855314603459
0,0.7462144702238394
0,0.0498855314603459
0,0.6205451240706499
0,0.705907007630617
0,0.0498855314603459
0,0.7399879976565703
0,0.7902426934224581
0,0.0498855314603459
0,0.0498855314603459
0,0.6747185099934859
0,0.0498855314603459
0,0.7552818096643826
0,0.7216410899749148
0,0.692173665473259
0,0.7299379518976555
0,0.7636456149019251
0,0.6687323881889248
0,0.7621070539174312
0,0.7669406042156137
0,0.7479681216703215
0,0.0498855314603459
0,0.5599626282104244
0,0.7797293720949531
0,0.7541067652001909
0,0.6519478674951826
0,0.7686144424357569
0,0.7586849069873247
0,0.763591287316076
0,0.6911942813463977
0,0.76188638788252
0,0.7668991929608346
0,0.6614571692926865
0,0.6859402362103454
0,0.6698370662625582
0,0.8043381138353588
0,0.7807083446035653
0,0.7608593490306392
0,0.7729859716586103
0,0.0498855314603459
0,0.0498855314603459
0,0.7239512389627343
0,0.0498855314603459
0,0.7343288723129404
0,0.0498855314603459
0,0.0498855314603459
0,0.0498855314603459
0,0.7356277049225093
0,0.7620678456194749
0,0.0498855314603459
0,0.0498855314603459
0,0.7244786308420293
0,0.5959650323691216
0,0.7505854399725387
0,0.6354342430263821
0,0.0498855314603459
0,0.7560664217525728
0,0.7003490951307614
0,0.7115157100190059
0,0.7500827129183498
0,0.859488178819735
0,0.0498855314603459
0,0.0498855314603459
0,0.8775003687887611
0,0.7024276567122806
0,0.7559534183706852
0,0.0498855314603459
0,0.7631958424952932
0,0.7601265631975769
0,0.6761233449177831
0,0.828475112985551
0,0.813134451903456
0,0.7935832665584986
0,0.676837662280873
0,0.654739035732951
0,0.5614137451705045
0,0.8030734669044212
0,0.0498855314603459
0,0.5988562595655642
0,0.0498855314603459
0,0.7677619115744396
0,0.0498855314603459
0,0.0498855314603459
0,0.0498855314603459
0,0.7486809657385695
0,0.7449302243520488
0,0.0498855314603459
0,0.7495518115230627
0,0.7620299746594281
0,0.747650644309302
0,0.7106987780835125
0,0.8109403904710152
0,0.7564600371633929
0,0.7291055954013674
0,0.7647653002909408
0,0.8659227376476751
0,0.680289649067205
0,0.7633489326098385
0,0.7859880379264338
0,0.7403762338252557
0,0.0498855314603459
0,0.0498855314603459
0,0.7444943545094825
0,0.7462069450950934
0,0.0498855314603459
0,0.7412895334803373
0,0.757514878923309
0,0.0498855314603459
0,0.6095496862994891
0,0.7605065095160293
0,0.7569064748041839
0,0.0498855314603459
0,0.7108046555732864
0,0.7684839323103
0,0.0498855314603459
0,0.7227670853940065
0,0.7512270402994426
0,0.759372925558864
0,0.7320246247571659
0,0.7806349691700655
0,0.0498855314603459
0,0.7722992252712858
0,0.7303144024649965
0,0.7498122041983368
0,0.7456006719163097
0,0.759823315578121
0,0.0498855314603459
0,0.548377180443433
0,0.6661824013399499
0,0.0498855314603459
0,0.0498855314603459
0,0.7041494099971743
0,0.0498855314603459
0,0.7925445973813888
0,0.7129168533345752
0,0.733347773172124
0,0.8361977658204076
0,0.7309233354136527
0,0.715622393299032
0,0.7730684369699486
0,0.7741656210306591
0,0.0498855314603459
0,0.7433186698658699
0,0.8221458910776435
0,0.7241471288496988
0,0.7575720510458106
0,0.7498332627745411
0,0.7764753930818842
0,0.786459357194832
0,0.8070348562680233
0,0.7448011725665099
0,0.7386815478932245
0,0.7563728912731625
0,0.0498855314603459
0,0.7636610606625137
0,0.8343096496702472
0,0.644768604069347
0,0.712427506993207
0,0.8017981812963421
0,0.7226577594924691
0,0.0498855314603459
0,0.7810641506755887
0,0.8178220904278817
0,0.8356465261349393
0,0.7583860355939616
0,0.0498855314603459
0,0.7853242524665592
0,0.691758204022415
0,0.6851669846356757
0,0.7510834493765277
0,0.0498855314603459
0,0.7463618129352062
0,0.6946821875270479
0,0.0498855314603459
0,0.8204828165658152
0,0.7003386630462778
0,0.0498855314603459
0,0.7256157731908429
0,0.0498855314603459
0,0.7600230306510009
0,0.7567982137284238
0,0.7966776425627589
0,0.7613210754580307
0,0.7615655582632327
0,0.6298178074282705
0,0.8292579493947282
0,0.8065952837249524
0,0.8008915434013257
0,0.0498855314603459
0,0.0498855314603459
0,0.0498855314603459
0,0.7671164140296869
0,0.8118127522343396
0,0.0498855314603459
0,0.0498855314603459
0,0.66721252282971
0,0.7356639035620542
0,0.7161872041017016
0,0.0498855314603459
0,0.7522667031524871
0,0.0498855314603459
0,0.7098278419918549
0,0.0498855314603459
0,0.0498855314603459
0,0.8202869269996631
0,0.7101838156469134
0,0.756662594995772
0,0.7620342665437956
0,0.0498855314603459
0,0.7445079379541338
0,0.749037865779349
0,0.7500848023006114
0,0.7430773268273655
0,0.0498855314603459
0,0.7599753238381401
0,0.0498855314603459
0,0.7977511608355148
0,0.0498855314603459
0,0.0498855314603459
0,0.0498855314603459
0,0.7294539884049466
0,0.0498855314603459
0,0.0498855314603459
0,0.76553646075039
0,0.6490820675692293
0,0.8422668945163769
0,0.8114212169604377
0,0.6122915573245667
0,0.0498855314603459
0,0.0498855314603459
0,0.0498855314603459
0,0.7417006490574269
0,0.7785015031552438
0,0.7129929085885895
0,0.0498855314603459
0,0.0498855314603459
0,0.7422524770923082
0,0.0498855314603459
0,0.0498855314603459
0,0.7163918397064848
0,0.0498855314603459
0,0.7248036660572057
0,0.7580993835480478
0,0.6909362649542379
0,0.7505122844287646
0,0.0498855314603459
0,0.7776035911647352
0,0.0498855314603459
0,0.0498855314603459
0,0.0498855314603459
0,0.7142625967725905
0,0.7535924710575163
0,0.0498855314603459
0,0.796615921662094
0,0.7409203137386503
0,0.7596596886912887
0,0.7339239624262989
0,0.0498855314603459
0,0.7382341830425866
0,0.7710336475442662
0,0.0498855314603459
0,0.0498855314603459
0,0.7386813015318859
0,0.6838814412362421
0,0.7738870444071293
0,0.7820510912624101
0,0.761988201923439
0,0.7553494169327676
0,0.0498855314603459
0,0.7326981001314767
0,0.0498855314603459
0,0.738025341176398
0,0.8132281225157444
0,0.7640014406753176
0,0.7681664768287095
0,0.8213796339457134
0,0.7798433211088973
0,0.7223505440165815
0,0.0498855314603459
0,0.716286066758695
0,0.0498855314603459
0,0.0498855314603459
0,0.0498855314603459
0,0.0498855314603459
0,0.7343234654946855
0,0.7634193878870605
0,0.9196369066464848
0,0.6991360977958301
0,0.0498855314603459
0,0.755974295176946
0,0.7467580515461161
0,0.6137484861815787
0,0.6861629180708545
0,0.810420545087799
0,0.0498855314603459
0,0.682970485924222
0,0.7521758927832793
0,0.7636116881136384
0,0.0498855314603459
0,0.0498855314603459
0,0.0498855314603459
0,0.0498855314603459
0,0.757709813284743
0,0.8133470924058182
0,0.7604180707528978
0,0.7541566532492131
0,0.0498855314603459
0,0.7770155092253116
0,0.7443975427763594
0,0.0498855314603459
0,0.7563287322925935
0,0.7518000253968865
0,0.0498855314603459
0,0.0498855314603459
0,0.7034927238760299
0,0.0498855314603459
0,0.5738292945311887
0,0.7184238573920645
0,0.7584415419045173
0,0.7631253588515124
0,0.0498855314603459
0,0.0498855314603459
0,0.7456112266236774
0,0.7507368553989348
0,0.7477926148775315
0,0.0498855314603459
0,0.0498855314603459
0,0.7539710030238281
0,0.0498855314603459
0,0.701236861960694
0,0.7312502608924124
0,0.8062788810637656
0,0.0498855314603459
0,0.8092730776836091
0,0.7601502857250111
0,0.7732020247469183
0,0.5968674193442197
0,0.0498855314603459
0,0.0498855314603459
0,0.0498855314603459
0,0.7858783901662463
0,0.764897868577128
0,0.6624078704649412
0,0.7458139293180008
0,0.0498855314603459
0,0.7572450248193211
0,0.7495487841646493
0,0.7232733647299618
0,0.0498855314603459
0,0.0498855314603459
0,0.7938450432434498
0,0.0498855314603459
0,0.7453464110573127
0,0.6417966983814043
0,0.7369750150554214
0,0.7446683009695186
0,0.0498855314603459
0,0.8145851547321473
0,0.669895006859016
0,0.7941502570566443
0,0.7527736403415966
0,0.7529832684142446
0,0.0498855314603459
0,0.0498855314603459
0,0.0498855314603459
0,0.655717466281703
0,0.0498855314603459
0,0.8307520880831777
0,0.0498855314603459
0,0.9651779347827484
0,0.0498855314603459
0,0.7628203633419233
0,0.0498855314603459
0,0.0498855314603459
0,0.7645531122876452
0,0.6669420806527373
0,0.0498855314603459
0,0.685232272027686
0,0.0498855314603459
0,0.7571129382041164
0,0.0498855314603459
0,0.0498855314603459
0,0.7763193843410578
0,0.6650652382241737
0,0.0498855314603459
0,0.0498855314603459
0,0.0498855314603459
0,0.0498855314603459
0,0.7558009020216829
0,0.7701822286035512
0,0.0498855314603459
0,0.0498855314603459
0,0.859688549572994
0,0.6843987964421548
0,0.0498855314603459
0,0.6756598282865676
0,0.824657952533638
0,0.0498855314603459
0,0.0498855314603459
0,0.7208663278093342
0,0.7375218340215577
0,0.7548423395078157
0,0.7249608359035071
0,0.7523711710890629
0,0.7540333364135551
0,0.6747221761662324
0,0.7613941056725373
0,0.7500697268572347
0,0.6771001688689046
0,0.7827285633387027
0,0.62074306931774
0,0.7039930962328318
0,0.7587736385685425
0,0.8730478638150635
0,0.6421791321975786
0,0.5813860984477146
0,0.7616774129387052
0,0.0498855314603459
0,0.7016341140604535
0,0.0498855314603459
0,0.8029624603373121
0,0.0498855314603459
0,0.7961146165841194
0,0.0498855314603459
0,0.7146527132693328
0,0.0498855314603459
0,0.7135244820365828
0,0.759064751288969
0,0.7774816179652976
0,0.0498855314603459
0,0.5786097840278794
0,0.0498855314603459
0,0.805203243374546
0,0.7586301379985155
0,0.6660797646431189
0,0.0498855314603459
0,0.0498855314603459
0,0.0498855314603459
0,0.7174263101761278
0,0.0498855314603459
0,0.7592163331522196
0,0.7644515994108577
0,0.7562734162511777
0,0.7738982775297704
0,0.576143247249545
0,0.7869382886599883
0,0.0498855314603459
0,0.0498855314603459
0,0.0498855314603459
0,0.5879044476369939
0,0.7349563014522821
0,0.0498855314603459
0,0.0498855314603459
0,0.0498855314603459
0,0.0498855314603459
0,0.7537950552465502
0,0.7609632706040343
0,0.7529183010548692
0,0.0498855314603459
0,0.7957428016209601
0,0.6099067959180814
0,0.0498855314603459
0,0.7531096200788754
0,0.6874473737073773
0,0.0498855314603459
0,0.0498855314603459
0,0.817237825224798
0,0.7187594283722294
0,0.0498855314603459
0,0.0498855314603459
0,0.7877640135975827
0,0.7360127155646096
0,0.7237170882202175
0,0.6798246616152654
0,0.7800373098695216
0,0.7660659191799699
0,0.7519867921487918
0,0.6598732302748144
0,0.5839673647754977
0,0.6765035024323958
0,0.7427451056146873
0,0.7461963974536181
0,0.0498855314603459
0,0.7593591290353593
0,0.7330870758252066
0,0.7481041204358607
0,0.7722909159986132
0,0.0498855314603459
0,0.821650813906274
0,0.0498855314603459
0,0.5933909984430185
0,0.7484962525140822
0,0.7417677062264688
0,0.802238855315937
0,0.7419382019941397
0,0.6393834748342077
0,0.6851530714127557
0,0.0498855314603459
0,0.6765624597497141
0,0.7205051034706954
0,0.0498855314603459
0,0.6148433734138797
0,0.7616203641957958
0,0.0498855314603459
0,0.607151530702474
0,0.0498855314603459
0,0.0498855314603459
0,0.6193997394711409
0,0.6824422947487506
0,0.7106113560034489
0,0.7877138294456464
0,0.0498855314603459
0,0.0498855314603459
0,0.0498855314603459
0,0.7467028764508985
0,0.7550929160550647
0,0.7619059748184482
0,0.7494463406188417
0,0.0498855314603459
0,0.0498855314603459
0,0.7064625365219634
0,0.785862983172508
0,0.7285148459354708
0,0.7860985376278713
0,0.7513200099461862
0,0.8036580752437351
0,0.0498855314603459
0,0.7526783174069679
0,0.0498855314603459
0,0.0498855314603459
0,0.0498855314603459
0,0.6745397645455949
0,0.0498855314603459
0,0.6557270011598642
0,0.0498855314603459
0,0.7287670214322532
0,0.659558253335635
0,0.0498855314603459
0,0.7213575135032602
0,0.0498855314603459
0,0.7238373483451538
0,0.7377662201216665
0,0.0498855314603459
0,0.7655017699124469
0,0.0498855314603459
0,0.0498855314603459
0,0.6870574851777406
0,0.7710092746357815
0,0.0498855314603459
0,0.7851762079656124
0,0.6675316825820797
0,0.6605983914747132
0,0.0498855314603459
0,0.8571112888075504
0,0.7485342240221622
0,0.0498855314603459
0,0.714967035702355
0,0.0498855314603459
0,0.6794298364009639
0,0.760699104228431
0,0.0498855314603459
0,0.7015090487033283
0,0.7572167195740003
0,0.7391522983469768
0,0.7594415428446168
0,0.730703908696599
0,0.911652738020158
0,0.7588020673221593
0,0.7555036268096325
0,0.0498855314603459
0,0.0498855314603459
0,0.7570658359773574
0,0.7600864584984657
0,0.0498855314603459
0,0.7529461167120408
0,0.0498855314603459
0,0.6394917425041338
0,0.619315407017644
0,0.7249309686671078
0,0.7742416686254044
0,0.7280893911396421
0,0.0498855314603459
0,0.7599036708053679
0,0.7363216345217357
0,0.7771694774016815
0,0.0498855314603459
0,0.7363628023934277
0,0.7470210170170163
0,0.7541371735544686
0,0.0498855314603459
0,0.0498855314603459
0,0.8010875477421835
0,0.7207426983671736
0,0.8085265859242154
0,0.0498855314603459
0,0.0498855314603459
0,0.7522595502949827
0,0.7734368009432591
0,0.6582051303314276
0,0.7589091504815549
0,0.0498855314603459
0,0.8624625232566612
0,0.856139943256544
0,0.7546123586046889
0,0.0498855314603459
0,0.7793489373920794
0,0.7270467637284507
0,0.0498855314603459
0,0.7244818293072915
0,0.6517316506977376
0,0.0498855314603459
0,0.7964217569241843
0,0.7675780621937948
0,0.829324242872462
0,0.7139593034928476
0,0.7722051892316439
0,0.0498855314603459
0,0.7400439073819247
0,0.0498855314603459
0,0.0498855314603459
0,0.7521596251465583
0,0.7450840258180712
0,0.7526559748769187
0,0.7961365892043887
0,0.715964498683682
0,0.0498855314603459
0,0.7175167595184399
0,0.7201174471662645
0,0.8532164417299117
0,0.7591761766011148
0,0.7636361535406633
0,0.9340209792256966
0,0.7336714754103666
0,0.7636073281737151
0,0.7843158688957346
0,0.7544253917179387
0,0.7301293866180967
0,0.7970932242538774
0,0.594890173807152
0,0.7861299337308366
0,0.7786928145885089
0,0.0498855314603459
0,0.0498855314603459
0,0.7183627875944283
0,0.0498855314603459
0,0.7557460688451523
0,0.8798996141314368
0,0.7575820629279169
0,0.7941333908766915
0,0.7484589772778016
0,0.0498855314603459
0,0.7126264805209881
0,0.7566840168548499
0,0.720067956560197
0,0.7411697800659447
0,0.8245043476146431
0,0.0498855314603459
0,0.0498855314603459
0,0.8519133358826825
0,0.7899996723718294
0,0.7771957830690371
0,0.770428133502887
0,0.7752378325943649
0,0.7913889693120972
0,0.0498855314603459
0,0.7880440250635526
0,0.0498855314603459
0,0.8004984512968014
0,0.0498855314603459
0,0.0498855314603459
0,0.0498855314603459
0,0.764493546713418
0,0.8027220446769048
0,0.7519580724064057
0,0.0498855314603459
0,0.7371633781586104
0,0.0498855314603459
0,0.7368099126429841
0,0.0498855314603459
0,0.6486824870637439
0,0.7111280966202681
0,0.8118248584962211
0,0.6938751687702958
0,0.757785275678286
0,0.7264882405131763
0,0.7639754595150654
0,0.5861167538208274
0,0.0498855314603459
0,0.7611658537856975
0,0.7562644344263878
0,0.7472383662117444
0,0.0498855314603459
0,0.7683738445979591
0,0.0498855314603459
0,0.6197677350434814
0,0.7337197674799493
0,0.7599370129430023
0,0.7374056339649244
0,0.735609829232051
0,0.7498579978908981
0,0.7835859058005229
0,0.7519351522639055
0,0.7520310507148543
0,0.0498855314603459
0,0.7094505287229896
0,0.7772702310695386
0,0.6948120932133424
0,0.7818337690187694
0,0.7060247001029332
0,0.0498855314603459
0,0.6258397336653163
0,0.7399822500720392
0,0.0498855314603459
0,0.7553490711827218
0,0.7509903328555156
0,0.7354080861723125
0,0.9749186614810892
0,0.0498855314603459
0,0.7576272374646978
0,0.8079751566611024
0,0.7515286847889615
0,0.0498855314603459
0,0.8674018982368156
0,0.7252789884834365
0,0.0498855314603459
0,0.6217328811186499
0,0.8287786419964791
0,0.7606150385350222
0,0.7012463889067628
0,0.7193668301653904
0,0.7677690900212533
0,0.7585614594579269
0,0.8364226212679673
0,0.0498855314603459
0,0.0498855314603459
0,0.0498855314603459
0,0.6670606206051072
0,0.0498855314603459
0,0.7920555103021187
0,0.7436329647004709
0,0.7493199845665652
0,0.7115426538269977
0,0.7004452120279879
0,0.0498855314603459
0,0.0498855314603459
0,0.758041295228707
0,0.7562788017053713
0,0.7652106779124074
0,0.5696299442804027
0,0.6506905461352162
0,0.7333962810950589
0,0.7170925159074706
0,0.0498855314603459
0,0.7667530981570733
0,0.7896832698231686
0,0.0498855314603459
0,0.909391544761188
0,0.0498855314603459
0,0.8090657290495056
0,0.754463929819773
0,0.7036480275426035
0,0.8007473658732458
0,0.6260861825537867
0,0.7984330938920338
0,0.8188748786256167
0,0.7128346353244362
0,0.6558742331284653
0,0.0498855314603459
0,0.7769388957543352
0,0.7556275860931152
0,0.7585369107354949
0,0.7493078646775091
0,0.7598169264786451
0,0.0498855314603459
0,0.71615263466196
0,0.0498855314603459
0,0.7423990732522122
0,0.7490169872083575
0,0.7579041385798928
0,0.7789376600399623
0,0.845050567422113
0,0.7507546703521047
0,0.7404169181269784
0,0.7366102662975403
0,0.570203145958485
0,0.0498855314603459
0,0.7621158905519472
0,0.0498855314603459
0,0.8112010400991603
0,0.9983311345541208
0,0.7478573406779359
0,0.6962171728084693
0,0.0498855314603459
0,0.7533370421747031
0,0.7661660453287841
0,0.7548907371455349
0,0.7591823483611552
0,0.8194119980023112
0,0.7554042378070878
0,0.7256736407190628
0,0.7121997444012617
0,0.7495158315293834
0,0.0498855314603459
0,0.8195864719202895
0,0.7082178148208665
0,0.7540516129996072
0,0.7763693428466936
0,0.6642985106799747
0,0.7508032427121912
0,0.0498855314603459
0,0.7254329311006124
0,0.6931446775988193
0,0.7524686086255038
0,0.7009360676276589
0,0.7350302416004895
0,0.0498855314603459
0,0.7548719715863015
0,0.0498855314603459
0,0.0498855314603459
0,0.756710638333356
0,0.751428352006628
0,0.8172512926697277
0,0.7984218745592753
0,0.7746710715174415
0,0.0498855314603459
0,0.7980729427069028
0,0.0498855314603459
0,0.0498855314603459
0,0.7398317760553095
0,0.7588305715191835
0,0.0498855314603459
0,0.7559151048981384
0,0.7701115381779773
0,0.0498855314603459
0,0.7356355125203421
0,0.7538448834417326
0,0.0498855314603459
0,0.0498855314603459
0,0.7484836718395375
0,0.7606957134404868
0,0.7605766884450382
0,0.8222912698249626
0,0.7649120844512889
0,0.7626053151062554
0,0.725488183414165
0,0.7534443132711593
0,0.7364363621017739
0,0.7605308777915333
0,0.6742136079241903
0,0.7150629299450701
0,0.7619429277614218
0,0.7628557023188117
0,0.760019468373055
0,0.7027704513353914
0,0.7613772371769243
0,0.6877804173467313
0,0.7514783449755489
0,0.0498855314603459
0,0.6116596962320542
0,0.7173211084376576
0,0.0498855314603459
0,0.7524316045357956
0,0.7151320428410313
0,0.7592739838038141
0,0.7076904328699685
0,0.5998462821307364
0,0.0498855314603459
0,0.9282369012573272
0,0.6804561111318224
0,0.7387969328917404
0,0.0498855314603459
0,0.7680344985176814
0,0.7806782912819278
0,0.7596053203962134
0,0.0498855314603459
0,0.0498855314603459
0,0.0498855314603459
0,0.7687688738819005
0,0.7082257301525112
0,0.5814263139504636
0,0.0498855314603459
0,0.7585554762360176
0,0.0498855314603459
0,0.73462336321622
0,0.7975873457573046
0,0.7094436353795792
0,0.8616352078729765
0,0.772699708142111
0,0.7428980996282012
0,0.0498855314603459
0,0.6479745031007563
0,0.7736491635753806
0,0.7003111102252513
0,0.7423483058976273
0,0.7136230575374328
0,0.0498855314603459
0,0.0498855314603459
0,0.6905242707942187
0,0.0498855314603459
0,0.7219641252189875
0,0.8000570938300275
0,0.0498855314603459
0,0.0498855314603459
0,0.7409040994430915
0,0.7537215118571465
0,0.0498855314603459
0,0.7108801799987803
0,0.0498855314603459
0,0.7523186536194525
0,0.0498855314603459
0,0.0498855314603459
0,0.7629765354154587
0,0.807964001885329
0,0.6217722898357795
0,0.7845754531280679
0,0.7622291599178556
0,0.0498855314603459
0,0.7153792519444022
0,0.7207098461074866
0,0.779276540871501
0,0.7359634387731575
0,0.0498855314603459
0,0.0498855314603459
0,0.7327149014668127
0,0.7534693325965136
0,0.7586241307482473
0,0.0498855314603459
0,0.0498855314603459
0,0.5832163141197435
0,0.0498855314603459
0,0.0498855314603459
0,0.0498855314603459
0,0.0498855314603459
0,0.8021669100472567
0,0.0498855314603459
0,0.0498855314603459
0,0.0498855314603459
0,0.8005683323357111
0,0.7486726826697634
0,0.7664900594929702
0,0.7841046200392174
0,0.7434097506701046
0,0.80319390043802
0,0.0498855314603459
0,0.6843664785120834
0,0.6625215708513904
0,0.0498855314603459
0,0.0498855314603459
0,0.0498855314603459
0,0.7939999578504724
0,0.6503964164725983
0,0.7600028088135407
0,0.0498855314603459
0,0.5953153981723797
0,0.7020234127585671
0,0.6010296584608621
0,0.7507594348926644
0,0.7637220541280008
0,0.7330156233905595
0,0.6481209301390931
0,0.7633496901409369
0,0.7817867083737987
0,0.7814739975067694
0,0.7980078788681724
0,0.0498855314603459
0,0.0498855314603459
0,0.7533735601740359
0,0.7600747458599972
0,0.0498855314603459
0,0.0498855314603459
0,0.7303460995972613
0,0.75816840593433
0,0.0498855314603459
0,0.7916024444036829
0,0.0498855314603459
0,0.0498855314603459
0,0.9242434504668444
0,0.7548844673161927
0,0.7628330009896139
0,0.0498855314603459
0,0.6393398058868641
0,0.0498855314603459
0,0.0498855314603459
0,0.7604360160057038
0,0.0498855314603459
0,0.7681197520356798
0,0.0498855314603459
0,0.7612990663423589
0,0.9998524672799202
0,0.0498855314603459
0,0.7235653395018895
0,0.0498855314603459
0,0.0498855314603459
0,0.0498855314603459
0,0.8461418922620828
0,0.7612840171840699
0,0.6986412165411144
0,0.7536904010238876
0,0.7629225022757172
0,0.7602015387866301
0,0.747934501684074
0,0.0498855314603459
0,0.781159900731261
0,0.0498855314603459
0,0.7379167031458542
0,0.7626197959574837
0,0.7262916401869239
0,0.7423405792452369
0,0.0498855314603459
0,0.7538467292597558
0,0.9882948738464928
0,0.8338721519390686
0,0.745203849792167
0,0.6665789326185715
0,0.7018058184598887
0,0.7586813643628942
0,0.0498855314603459
0,0.7486413508744917
0,0.7727350603226958
0,0.7599285314727179
0,0.8486967191820093
0,0.7545741539964879
0,0.0498855314603459
0,0.7761030719217128
0,0.7627281986128632
0,0.777159526863562
0,0.7632734861618826
0,0.7420545487894972
0,0.0498855314603459
0,0.0498855314603459
0,0.0498855314603459
0,0.734880603344956
0,0.7485624351897315
0,0.7166196769934995
0,0.0498855314603459
0,0.7397007317435543
0,0.7841987702986969
0,0.0498855314603459
0,0.7527750436694289
0,0.5646134722100816
0,0.7026624722706419
0,0.7581570665783429
0,0.0498855314603459
0,0.7731395720444919
0,0.7748070825854965
0,0.7742376191640314
0,0.845243941635797
0,0.8279732874292811
0,0.7433303489553643
0,0.0498855314603459
0,0.8157473817234832
0,0.0498855314603459
0,0.8048511472283657
0,0.8091017251312103
0,0.7621239940215142
0,0.0498855314603459
0,0.7791958805037091
0,0.0498855314603459
0,0.0498855314603459
0,0.5960381027708305
0,0.0498855314603459
0,0.7915908620741942
0,0.0498855314603459
0,0.8590845351629259
0,0.7508975171920979
0,0.7649714930781024
0,0.7637359668542404
0,0.60724185143093
0,0.0498855314603459
0,0.7950077959465824
0,0.0498855314603459
0,0.0498855314603459
0,0.0498855314603459
0,0.7625242609389645
0,0.8577323561412409
0,0.0498855314603459
0,0.6965769583649561
0,0.6873721785144694
0,0.0498855314603459
0,0.0498855314603459
0,0.6535956810499173
0,0.6856064658544935
0,0.0498855314603459
0,0.0498855314603459
0,0.7527708135645776
0,0.7738378701174544
0,0.7436217334435615
0,0.0498855314603459
0,0.0498855314603459
0,0.0498855314603459
0,0.0498855314603459
0,0.682311990023369
0,0.7771842062518082
0,0.6682296114934321
0,0.0498855314603459
0,0.6419365297866794
0,0.630362360615792
0,0.0498855314603459
0,0.7030141672427308
0,0.7612618953349819
0,0.7798994022250494
0,0.696373083692326
0,0.7527863850404264
0,0.7746368728502212
0,0.6528216482134537
0,0.7397816002285479
0,0.0498855314603459
0,0.0498855314603459
0,0.6884056705328461
0,0.0498855314603459
0,0.7596406551784426
0,0.0498855314603459
0,0.7428354448060923
0,0.6717046017572308
0,0.8188404833890481
0,0.8295313935413228
0,0.759858195305319
0,0.7601380104576388
0,0.0498855314603459
0,0.0498855314603459
0,0.7327858546893913
0,0.6616431233455882
0,0.6131782980255248
0,0.7593994847001049
0,0.7560174033778664
0,0.7326926925867707
0,0.7058199280952601
0,0.8033744809583527
0,0.7505160428067428
0,0.0498855314603459
0,0.0498855314603459
0,0.7582467376660956
0,0.7847367021960834
0,0.8034072807904266
0,0.0498855314603459
0,0.7424411929637662
0,0.7110932166686024
0,0.7575781302084871
0,0.7363051808769517
0,0.0498855314603459
0,0.0498855314603459
0,0.7596742038893
0,0.7695198255736484
0,0.7622818949272534
0,0.6635418375689796
0,0.774188617444509
0,0.7389304876534583
0,0.7424024672057198
0,0.6387197250760253
0,0.7098293052828618
0,0.0498855314603459
0,0.7641317769305906
0,0.7599843157496544
0,0.7591591250908022
0,0.0498855314603459
0,0.769656978943601
0,0.7482291379809973
0,0.755964446956103
0,0.7671278956568642
0,0.8141824724586558
0,0.7521669296149001
0,0.7549211917203367
0,0.6568660534806062
0,0.7798948025662249
0,0.0498855314603459
0,0.7503354039151341
0,0.727752151326394
0,0.0498855314603459
0,0.7641066225206037
0,0.0498855314603459
0,0.7494961512833875
0,0.7885904932545206
0,0.0498855314603459
0,0.0498855314603459
0,0.7514232718633167
0,0.7466278895364614
0,0.7743580494809525
0,0.7371819028636749
0,0.6271786624181945
0,0.7767962867483688
0,0.0498855314603459
0,0.85127077947223
0,0.0498855314603459
0,0.0498855314603459
0,0.7466094603475145
0,0.6825759661676859
0,0.628976575173968
0,0.0498855314603459
0,0.0498855314603459
0,0.0498855314603459
0,0.7739589220098348
0,0.8900989852502849
0,0.9132690387439836
0,0.7695183781341806
0,0.7087082099964471
0,0.0498855314603459
0,0.7761429463507413
0,0.6567938788771124
0,0.0498855314603459
0,0.7616022967897929
0,0.7563295525151005
0,0.0498855314603459
0,0.610375602023979
0,0.7092561788803873
0,0.7749349952138737
0,0.0498855314603459
0,0.8078929726273837
0,0.7186159259995902
0,0.7195045680121581
0,0.8381642327628915
0,0.754037915285527
0,0.7522846957172783
0,0.7548114358274848
0,0.6875651154546145
0,0.7486261597185335
0,0.7571120863307428
0,0.730366206632483
0,0.7894311202150187
0,0.8317301194645099
0,0.7544063927453254
0,0.694062513479389
0,0.7777795808076877
0,0.8554234913023325
0,0.7537878860782804
0,0.7322479432572414
0,0.0498855314603459
0,0.0498855314603459
0,0.8425683980851507
0,0.0498855314603459
0,0.0498855314603459
0,0.7523742565574113
0,0.0498855314603459
0,0.7530711007815227
0,0.0498855314603459
0,0.8512539433706424
0,0.7205908558919496
0,0.7593956623804957
0,0.0498855314603459
0,0.6713061400928717
0,0.8067639579840865
0,0.681147778719855
0,0.7814311218349587
0,0.631607520596431
0,0.7877621868769626
0,0.7601903773470655
0,0.7449363073951323
0,0.7013747834306532
0,0.729609085742586
0,0.813816330302813
0,0.0498855314603459
0,0.0498855314603459
0,0.7963719229689934
0,0.639355083844037
0,0.7105377640212243
0,0.8990324342365333
0,0.0498855314603459
0,0.7128111846372953
0,0.7473608039584456
0,0.7618664147614335
0,0.7594361091734244
0,0.0498855314603459
0,0.8614033478274961
0,0.0498855314603459
0,0.7574198763440813
0,0.7298636527231158
0,0.0498855314603459
0,0.8213218240037758
0,0.8433507955140332
0,0.7721707809063452
0,0.7675325852107762
0,0.7708791752954159
0,0.7971576375019064
0,0.0498855314603459
0,0.0498855314603459
0,0.72862037492015
0,0.7097561320438688
0,0.7411814408969818
0,0.0498855314603459
0,0.7552899568614521
0,0.7662593249961404
0,0.7559461644194468
0,0.874255071517663
0,0.6841457674026243
0,0.6873674210919064
0,0.7586115144682891
0,0.6734393839160547
0,0.6940927756331874
0,0.0498855314603459
0,0.6127503323824088
0,0.7292738943143224
0,0.7795398794670835
0,0.7657130991722265
0,0.7539727022272474
0,0.7527820196821841
0,0.7165026140343879
0,0.7273239738765767
0,0.0498855314603459
0,0.0498855314603459
0,0.7560399802896709
0,0.855938293192776
0,0.7686629278193546
0,0.7453609319578344
0,0.7576849425485773
0,0.8403789944696194
0,0.7086674813653266
0,0.64923637297555
0,0.7888789554334595
0,0.8002922195578466
0,0.7978273970120591
0,0.0498855314603459
0,0.6294648591117395
0,0.0498855314603459
0,0.0498855314603459
0,0.7984759815298186
0,0.8063429202353074
0,0.8053106717547117
0,0.8373884482871414
0,0.0498855314603459
0,0.7500906123262299
0,0.7498029894670855
0,0.7298140424689705
0,0.7570278227206613
0,0.0498855314603459
0,0.0498855314603459
0,0.0498855314603459
0,0.0498855314603459
0,0.746792047011637
0,0.0498855314603459
0,0.7118634128716397
0,0.7677564697357843
0,0.7263195838864765
0,0.7585109044208492
0,0.8287082219691362
0,0.7967716345858114
0,0.7552552947915881
0,0.0498855314603459
0,0.7427647845530831
0,0.0498855314603459
0,0.7568100854312944
0,0.7649155087440425
0,0.7512704089151757
0,0.7475116592222584
0,0.0498855314603459
0,0.7706030863043556
0,0.7884068307974245
0,0.0498855314603459
0,0.7529799721134245
0,0.0498855314603459
0,0.7619035293251298
0,0.0498855314603459
0,0.7642457781050586
0,0.0498855314603459
0,0.7363056736633933
0,0.5942695114354648
0,0.7235674830969431
0,0.7656073918753084
0,0.0498855314603459
0,0.0498855314603459
0,0.7598607143146968
0,0.798593807699301
0,0.0498855314603459
0,0.0498855314603459
0,0.7181628421462458
0,0.0498855314603459
0,0.8137613121930852
0,0.7602098381968926
0,0.0498855314603459
0,0.7570190775120594
0,0.7637983622931157
0,0.7417784935672537
0,0.732396569901002
0,0.8090379195621837
0,0.756583596492121
0,0.0498855314603459
0,0.8179519697812132
0,0.7390902546717106
0,0.7100379551885323
0,0.6812368051569224
0,0.7478394628220433
0,0.0498855314603459
0,0.6474174300444172
0,0.0498855314603459
0,0.0498855314603459
0,0.7601285286126312
0,0.6689100545135743
0,0.7532641021301859
0,0.0498855314603459
0,0.6940568988044634
0,0.6974445208143761
0,0.0498855314603459
0,0.7488870088111398
0,0.7527997403643208
0,0.0498855314603459
0,0.7903263885512195
0,0.7475722103982793
0,0.7193882070758306
0,0.7601589239429366
0,0.7695992200916639
0,0.0498855314603459
0,0.6968941362966513
0,0.6546325117659021
0,0.8463397698021753
0,0.0498855314603459
0,0.7091268942243628
0,0.7429920022539575
0,0.747839137946577
0,0.0498855314603459
0,0.6256709943781866
0,0.0498855314603459
0,0.0498855314603459
0,0.7620438947595077
0,0.7519446560537403
0,0.0498855314603459
0,0.8317378015951737
0,0.6552539606354968
0,0.6880877293990613
0,0.0498855314603459
0,0.0498855314603459
0,0.7599256225548279
0,0.6868811033153477
0,0.7425422514722774
0,0.7899385144610805
0,0.0498855314603459
0,0.7386365335401516
0,0.0498855314603459
0,0.0498855314603459
0,0.6649999138662688
0,0.7493281511184883
0,0.8096339591025145
0,0.7418494783890353
0,0.8044628861957364
0,0.7625821472646687
0,0.0498855314603459
0,0.7612678302294222
0,0.7596514125543781
0,0.7494392526623614
0,0.0498855314603459
0,0.0498855314603459
0,0.8411370028388719
0,0.7175171121471549
0,0.0498855314603459
0,0.6980629365413092
0,0.7577854351818539
0,0.0498855314603459
0,0.7628061858360888
0,0.0498855314603459
0,0.8438723725999131
0,0.6982648589074694
0,0.0498855314603459
0,0.0498855314603459
0,0.6180763281976296
0,0.6854444853521651
0,0.5993922343164657
0,0.7320110495302601
0,0.7502801931841931
0,0.7627700234558793
0,0.8082108296921262
0,0.7270917365379452
0,0.7627019790086439
0,0.5711408465559258
0,0.0498855314603459
0,0.7285374432975171
0,0.7475855581719772
0,0.0498855314603459
0,0.741629151559209
0,0.0498855314603459
0,0.7688784537688202
0,0.7509941196130674
0,0.0498855314603459
0,0.7080200919407633
0,0.7573864524377895
0,0.7521668660294815
0,0.7534943856852663
0,0.7471224785153285
0,0.0498855314603459
0,0.7467636321328709
0,0.7426730556592485
0,0.0498855314603459
0,0.0498855314603459
0,0.0498855314603459
0,0.0498855314603459
0,0.8146543384235322
0,0.8051570691269611
0,0.7447545521897909
0,0.7532901327549946
0,0.8259425643425171
0,0.0498855314603459
0,0.7602293838710282
0,0.8719898147340078
0,0.8355953647741005
0,0.7416771714172351
0,0.7407493113640173
0,0.0498855314603459
0,0.7389728050984499
0,0.7443260042412737
0,0.6808042036040497
0,0.0498855314603459
0,0.7634647613162997
0,0.8277681135860965
0,0.7620927096954891
0,0.0498855314603459
0,0.0498855314603459
0,0.7898515789720213
0,0.7759928025659247
0,0.0498855314603459
0,0.9186440421480476
0,0.7632619365767744
0,0.0498855314603459
0,0.7634601884879617
0,0.0498855314603459
0,0.8675726516810763
0,0.7929441356813549
0,0.7531004110877537
0,0.0498855314603459
0,0.0498855314603459
0,0.8284077355309882
0,0.0498855314603459
0,0.6883780152158568
0,0.6816079551842336
0,0.7511558804521591
0,0.7639809511752916
0,0.7354373387654514
0,0.0498855314603459
0,0.7531762008486048
0,0.6547559927444314
0,0.7229561621705335
0,0.6919160633635238
0,0.0498855314603459
0,0.760273821848181
0,0.7712146447727531
0,0.7447668296550738
0,0.7450019906988101
0,0.7189573120711416
0,0.7678398626980165
0,0.7622299415046496
0,0.7739167217062591
0,0.0498855314603459
0,0.7564221685497222
0,0.8507496541306323
0,0.0498855314603459
0,0.7541235369458729
0,0.6031758526248778
0,0.8055738612015086
0,0.7489264298251324
0,0.0498855314603459
0,0.7083222018247608
0,0.7416771638131888
0,0.653950983511881
0,0.7636944162103723
0,0.0498855314603459
0,0.7535863670422034
0,0.7636364162158658
0,0.8455220458480323
0,0.690193036050478
0,0.0498855314603459
0,0.7436941660423738
0,0.0498855314603459
0,0.0498855314603459
0,0.7099623806014743
0,0.0498855314603459
0,0.6462448255401646
0,0.7676932455515846
0,0.0498855314603459
0,0.6097406298161048
0,0.7192990342356715
0,0.0498855314603459
0,0.8369215567824628
0,0.0498855314603459
0,0.7449791232106695
0,0.6724078501000675
0,0.7666642514962991
0,0.663514002920199
0,0.0498855314603459
0,0.7436297559096455
0,0.7186746654959788
0,0.7662856387066951
0,0.0498855314603459
0,0.0498855314603459
0,0.7514068068447837
0,0.0498855314603459
0,0.0498855314603459
0,0.0498855314603459
0,0.7641720767281713
0,0.7511690570795099
0,0.0498855314603459
0,0.0498855314603459
0,0.7331367071693128
0,0.7783856535567366
0,0.0498855314603459
0,0.7831064693688433
0,0.0498855314603459
0,0.7502977196930711
0,0.6929724982892204
0,0.0498855314603459
0,0.749290634342355
0,0.0498855314603459
0,0.8192063590368861
0,0.0498855314603459
0,0.8247812273011973
0,0.0498855314603459
0,0.0498855314603459
0,0.6818227745282979
0,0.7599414173803211
0,0.7358210083704209
0,0.7253659251070722
0,0.7704389521830947
0,0.0498855314603459
0,0.7509034850678403
0,0.0498855314603459
0,0.7393552009818652
0,0.6246555527096185
0,0.0498855314603459
0,0.7702765632802179
0,0.7779259161493512
0,0.7699809592415777
0,0.719840244938021
0,0.7413782531245972
0,0.751961623677282
0,0.7505707134577532
0,0.7460729090348658
0,0.748197124853154
0,0.7471307680876664
0,0.7677690857154292
0,0.0498855314603459
0,0.0498855314603459
0,0.627584573681015
0,0.7195902759629608
0,0.9092622478649044
0,0.0498855314603459
0,0.7937565760476225
0,0.7654949631396323
0,0.0498855314603459
0,0.0498855314603459
0,0.6670882832556987
0,0.6726029008806043
0,0.761970139103843
0,0.7107111956249541
0,0.7777620834116785
0,0.0498855314603459
0,0.7687467097385549
0,0.5709767986391733
0,0.653329102419184
0,0.8132198068179695
0,0.0498855314603459
0,0.0498855314603459
0,0.8046960445288657
0,0.8301744127649486
0,0.7608602208945549
0,0.7376276122788464
0,0.5985876853462597
0,0.7564690355274006
0,0.0498855314603459
0,0.7490032546082037
0,0.8015253954459178
0,0.0498855314603459
0,0.7400985621136484
0,0.0498855314603459
0,0.7296720159898009
0,0.7632335950901126
0,0.0498855314603459
0,0.7635931571859734
0,0.8134383211625995
0,0.7704927122121185
0,0.7598137607969502
0,0.9209514593689284
0,0.7615255736283814
0,0.7631747678236421
0,0.77220682775703
0,0.0498855314603459
0,0.0498855314603459
0,0.7565166718995849
0,0.7432777897147262
0,0.8270785415881441
0,0.8105703203370053
0,0.0498855314603459
0,0.7634085080234176
0,0.7558248479513328
0,0.7413908483960153
0,0.6875678150310427
0,0.7543536880612758
0,0.0498855314603459
0,0.7050087729176969
0,0.0498855314603459
0,0.0498855314603459
0,0.7424206722090678
0,0.0498855314603459
0,0.6778530417084235
0,0.7588367816288297
0,0.7918881735462748
0,0.7107981781537066
0,0.8646554459568985
0,0.7545927733200448
0,0.7456996305577103
0,0.0498855314603459
0,0.7558083298536238
0,0.8238380050996091
0,0.0498855314603459
0,0.6379525519723852
0,0.8264536775413001
0,0.0498855314603459
0,0.0498855314603459
0,0.682342135915745
0,0.743042517549196
0,0.7056870489886103
0,0.8120713488914939
0,0.755730849296731
0,0.6848562656893968
0,0.7629889269381716
0,0.7447231942775515
0,0.757823029464345
0,0.6648403748931685
0,0.0498855314603459
0,0.7485089540271308
0,0.7592511390972684
0,0.6144898840362686
0,0.0498855314603459
0,0.7527737930296806
0,0.5931705314984341
0,0.0498855314603459
0,0.76686085842798
0,0.5510154662338776
0,0.8041699256703635
0,0.0498855314603459
0,0.7602680281682165
0,0.6479887822424865
0,0.0498855314603459
0,0.7543034028346295
0,0.8144067314397797
0,0.8102955599797554
0,0.7595694067278254
0,0.0498855314603459
0,0.7621106045898078
0,0.7530096091556064
0,0.7169397178852894
0,0.7714016823063841
0,0.7442833021205059
0,0.7218446467651121
0,0.7537178763979255
0,0.7939128442982413
0,0.0498855314603459
0,0.6590305869624803
0,0.7306405450793206
0,0.7847024252139818
0,0.7570006863372378
0,0.7613886777564942
0,0.7549873411163224
0,0.59416843396313
0,0.0498855314603459
0,0.7618529452410814
0,0.7264867871581349
0,0.0498855314603459
0,0.8074766187263462
0,0.0498855314603459
0,0.0498855314603459
0,0.0498855314603459
0,0.7646016519800811
0,0.730068494312418
0,0.6309578555404587
0,0.0498855314603459
0,0.8392874160641327
0,0.7855048008452351
0,0.0498855314603459
0,0.7840272028373801
0,0.7476767964789723
0,0.0498855314603459
0,0.6404902301751203
0,0.7290994946394143
0,0.7445901457137268
0,0.7589527840697322
0,0.0498855314603459
0,0.0498855314603459
0,0.7899590728365329
0,0.7697400114358037
0,0.7562971447440837
0,0.664412111910317
0,0.0498855314603459
0,0.7848554736657141
0,0.7514881856912428
0,0.7530185995426181
0,0.6541622390001601
0,0.0498855314603459
0,0.0498855314603459
0,0.0498855314603459
0,0.0498855314603459
0,0.8763978464404126
0,0.8379239105098188
0,0.0498855314603459
0,0.6724910726149848
0,0.0498855314603459
0,0.0498855314603459
0,0.0498855314603459
0,0.6627598545083083
0,0.8006292757465073
0,0.0498855314603459
0,0.0498855314603459
0,0.7073533151327338
0,0.7421770936386843
0,0.0498855314603459
0,0.6433336162474935
0,0.7844168727182275
0,0.7797130721386892
0,0.0498855314603459
0,0.7315266738882776
0,0.0498855314603459
0,0.7491007622244112
0,0.0498855314603459
0,0.0498855314603459
0,0.7530133852682246
0,0.7600142194318154
0,0.7548733319980393
0,0.0498855314603459
0,0.7566487935844959
0,0.0498855314603459
0,0.765285215879895
0,0.0498855314603459
0,0.8565855825196483
0,0.0498855314603459
0,0.0498855314603459
0,0.0498855314603459
0,0.7594303550176784
0,0.7139647448308098
0,0.0498855314603459
0,0.816715211880709
0,0.8019484237431886
0,0.0498855314603459
0,0.0498855314603459
0,0.8014808577572835
0,0.0498855314603459
0,0.0498855314603459
0,0.7182478742447008
0,0.74913778143944
0,0.0498855314603459
0,0.8580864190702644
0,0.7668294085348627
0,0.5539500390030034
0,0.6805352098843829
0,0.0498855314603459
0,0.7455992661708278
0,0.7725287787229407
0,0.7590910460729168
0,0.8889537381625489
0,0.7504884844344746
0,0.0498855314603459
0,0.7109785818797411
0,0.0498855314603459
0,0.7399714710576321
0,0.0498855314603459
0,0.0498855314603459
0,0.0498855314603459
0,0.7577430903906432
0,0.7576947060214805
0,0.6595428763060992
0,0.7643622234127645
0,0.8074043984707873
0,0.0498855314603459
0,0.0498855314603459
0,0.8960908568414159
0,0.7645799468243125
0,0.7317065099423573
0,0.7081984285180939
0,0.7293047785453096
0,0.7172638986077278
0,0.7495884750884753
0,0.7562495138440914
0,0.0498855314603459
0,0.7093864736354777
0,0.760645787747989
0,0.7638391252066554
0,0.7598458121501174
0,0.7469276826578043
0,0.6374768898892036
0,0.0498855314603459
0,0.0498855314603459
0,0.0498855314603459
0,0.0498855314603459
0,0.7535931161108588
0,0.8099062495653766
0,0.8373621541635597
0,0.7081767429278134
0,0.0498855314603459
0,0.0498855314603459
0,0.7632665600059877
0,0.0498855314603459
0,0.7421787452956816
0,0.710589995817689
0,0.0498855314603459
0,0.6515017882251751
0,0.772318161348319
0,0.0498855314603459
0,0.7627154556228568
0,0.815172746035531
0,0.7384470124590011
0,0.7279823725763951
0,0.7827926871810567
0,0.7960460768945846
0,0.6638946744997423
0,0.7470314722372944
0,0.0498855314603459
0,0.7499843438919741
0,0.7136258228686408
0,0.7440192200848591
0,0.7539188877273079
0,0.8141523899487378
0,0.6449781309584997
0,0.0498855314603459
0,0.8344196534124759
0,0.0498855314603459
0,0.883559331974478
0,0.7242400289070533
0,0.8157785590636135
0,0.0498855314603459
0,0.6806184262679787
0,0.6981974707935581
0,0.7304751888269518
0,0.7676664715705891
0,0.7440325774199987
0,0.7522512501894385
0,0.7619737125569847
0,0.8724166588421199
0,0.741081259342006
0,0.0498855314603459
0,0.7166834135248784
0,0.6910979652029424
0,0.7310667659242703
0,0.765186036483709
0,0.0498855314603459
0,0.0498855314603459
0,0.7637681350951959
0,0.7782161094473031
0,0.0498855314603459
0,0.0498855314603459
0,0.0498855314603459
0,0.7714553814601876
0,0.6623068170255209
0,0.958387728254142
0,0.6627903768315401
0,0.7496983461428471
0,0.7605191130315512
0,0.8471849464101887
0,0.0498855314603459
0,0.8384417687524733
0,0.763024232321857
0,0.7246858617296801
0,0.7519720246446822
0,0.0498855314603459
0,0.7585360054718445
0,0.7207874220703205
0,0.765777945792571
0,0.6818408834536396
0,0.7036108710766363
0,0.6994287999384994
0,0.0498855314603459
0,0.6666936620871142
0,0.0498855314603459
0,0.8941055421669998
0,0.6928271223673577
0,0.6665725107701299
0,0.0498855314603459
0,0.6420176361270815
0,0.7442838586798992
0,0.7603466051689024
0,0.7467827546201903
0,0.7443596978346092
0,0.7236711374518983
0,0.712054842645442
0,0.7698441865377426
0,0.0498855314603459
0,0.751669091688627
0,0.0498855314603459
0,0.0498855314603459
0,0.0498855314603459
0,0.0498855314603459
0,0.7864110210397179
0,0.7401073215619576
0,0.6170233982048972
0,0.0498855314603459
0,0.0498855314603459
0,0.6738764691011311
0,0.0498855314603459
0,0.6585556565015772
0,0.0498855314603459
0,0.0498855314603459
0,0.7619295598123711
0,0.7482759624187202
0,0.7655780334794641
0,0.0498855314603459
0,0.7512248355561739
0,0.7825596653301573
0,0.0498855314603459
0,0.7539271446490838
0,0.6746881358577327
0,0.7655965993358214
0,0.5655700052269423
0,0.0498855314603459
0,0.0498855314603459
0,0.0498855314603459
0,0.7733215018574077
0,0.7113502666254639
0,0.7601169840605952
0,0.0498855314603459
0,0.0498855314603459
0,0.769720401510527
0,0.7533438145493236
0,0.0498855314603459
0,0.7831799412699291
0,0.6561341435811077
0,0.7784338626440258
0,0.7822071237430843
0,0.8026593950762824
0,0.0498855314603459
0,0.7817772357850653
0,0.0498855314603459
0,0.0498855314603459
0,0.0498855314603459
0,0.0498855314603459
0,0.7275523672761315
0,0.763576765605501
0,0.0498855314603459
0,0.7619597539142402
0,0.7812030818517622
0,0.0498855314603459
0,0.7630529673009544
0,0.7435023357102912
0,0.7644953709221227
0,0.7583042785653681
0,0.8379525980717352
0,0.8202792326447934
0,0.0498855314603459
0,0.7568808574059038
0,0.762657449720751
0,0.0498855314603459
0,0.0498855314603459
0,0.6912278210582911
0,0.6839455081074336
0,0.6882621780912224
0,0.7372379438671701
0,0.7672889280437503
0,0.755607045488036
0,0.6359374986222739
0,0.7172595082661816
0,0.0498855314603459
0,0.0498855314603459
0,0.0498855314603459
0,0.7657378809308433
0,0.0498855314603459
0,0.0498855314603459
0,0.7582587394820705
0,0.7751721619022542
0,0.7557853579643597
0,0.7942593279533688
0,0.0498855314603459
0,0.6083419148526894
0,0.6969965572727012
0,0.0498855314603459
0,0.7630042653347812
0,0.7822300074851803
0,0.8294689027941857
0,0.7619128302788644
0,0.0498855314603459
0,0.0498855314603459
0,0.0498855314603459
0,0.0498855314603459
0,0.752693330678942
0,0.6623083858299235
0,0.7677461164877669
0,0.7944250096463281
0,0.0498855314603459
0,0.7535739438774016
0,0.6403908869155505
0,0.7626948684816452
0,0.7628234977544163
0,0.7548975589579032
0,0.758033605295568
0,0.0498855314603459
0,0.0498855314603459
0,0.0498855314603459
0,0.8030399279206669
0,0.7546194518837177
0,0.0498855314603459
0,0.7246514334278855
0,0.6947988034376738
0,0.7488911241186248
0,0.7804718932442469
0,0.0498855314603459
0,0.8794744907799397
0,0.0498855314603459
0,0.8380203205854756
0,0.760390176094417
0,0.77614864936957
0,0.7529659468089478
0,0.7561945400382729
0,0.7508905255118653
0,0.0498855314603459
0,0.9401269974382314
0,0.7721326337369132
0,0.7388308701238531
0,0.7574650476319094
0,0.6939309121975512
0,0.7904906811304777
0,0.0498855314603459
0,0.0498855314603459
0,0.6975128454828451
0,0.0498855314603459
0,0.0498855314603459
0,0.0498855314603459
0,0.0498855314603459
0,0.0498855314603459
0,0.652197833697356
0,0.7476505688701003
0,0.0498855314603459
0,0.0498855314603459
0,0.749865155187745
0,0.0498855314603459
0,0.7725807848755765
0,0.0498855314603459
0,0.7329209574607574
0,0.0498855314603459
0,0.691757681959976
0,0.6923612706610267
0,0.0498855314603459
0,0.0498855314603459
0,0.7434266182616924
0,0.7650619677654399
0,0.7773087027914151
0,0.6962770880612492
0,0.6220468898266934
0,0.0498855314603459
0,0.0498855314603459
0,0.7517034190089757
0,0.6816898012941882
0,0.7490487069357333
0,0.0498855314603459
0,0.9242448795793582
0,0.5534894973314921
0,0.0498855314603459
0,0.7903228320918311
0,0.7588246585749641
0,0.0498855314603459
0,0.7662495700446702
0,0.783832642995005
0,0.8711367251384778
0,0.0498855314603459
0,0.0498855314603459
0,0.7554262368180127
0,0.0498855314603459
0,0.6725476359974514
0,0.756911223425564
0,0.7500089002162843
0,0.708557144164759
0,0.7590763267648729
0,0.8259950756657437
0,0.7115040720854358
0,0.7383911289662224
0,0.7673496662177449
0,0.7630223722493347
0,0.7647604514641343
0,0.7478341229638753
0,0.6621397583212751
0,0.9157803176880228
0,0.7156307945457335
0,0.6919824592515006
0,0.7351467648440206
0,0.0498855314603459
0,0.7608015573642708
0,0.7872617716243592
0,0.7161471126769449
0,0.0498855314603459
0,0.0498855314603459
0,0.0498855314603459
0,0.7515772797535901
0,0.7543349093453766
0,0.7364554435456141
0,0.7576403297919058
0,0.0498855314603459
0,0.0498855314603459
0,0.7366217574037718
0,0.7635027495984682
0,0.7627449684932971
0,0.7626388801057902
0,0.7083513719161221
0,0.8011735363991473
0,0.7212416442224541
0,0.7621310718418374
0,0.7468423332109685
0,0.6836123131159715
0,0.7200207259877737
0,0.7557698047130781
0,0.0498855314603459
0,0.7728884371836474
0,0.974986847821781
0,0.0498855314603459
0,0.6959051041750746
0,0.761792989588008
0,0.7636675790476566
0,0.0498855314603459
0,0.0498855314603459
0,0.7649474527317209
0,0.0498855314603459
0,0.7550121726798669
0,0.0498855314603459
0,0.8498333034001472
0,0.7536378250362237
0,0.0498855314603459
0,0.0498855314603459
0,0.0498855314603459
0,0.0498855314603459
0,0.7735790770723158
0,0.6612657230367222
0,0.0498855314603459
0,0.6555437120338327
0,0.0498855314603459
0,0.7595273049118867
0,0.6818385827021217
0,0.6527183775214639
0,0.0498855314603459
0,0.7346286049443443
0,0.0498855314603459
0,0.0498855314603459
0,0.7592297622507296
0,0.717721660248921
0,0.763237205217922
0,0.7549315578324383
0,0.6792699551828171
0,0.7878258652942983
0,0.7897204450555396
0,0.6706824715812312
0,0.811513828749431
0,0.7609792125371986
0,0.9358678510562668
0,0.6693292303090502
0,0.7957270754627999
0,0.752461002074735
0,0.7753733727002557
0,0.826358584894826
0,0.7591137161075245
0,0.0498855314603459
0,0.7790855821346374
0,0.8292913173982273
0,0.7588685795989719
0,0.0498855314603459
0,0.6941566107614854
0,0.6529741551532547
0,0.7734232956720839
0,0.0498855314603459
0,0.8332863592866689
0,0.0498855314603459
0,0.0498855314603459
0,0.0498855314603459
0,0.0498855314603459
0,0.0498855314603459
0,0.743242942792266
0,0.0498855314603459
0,0.0498855314603459
0,0.5741575763945888
0,0.7552398602738587
0,0.6361694257617451
0,0.6967064427622052
0,0.6750541320137928
0,0.7053283776782382
0,0.7375991278464246
0,0.0498855314603459
0,0.7566195460752579
0,0.0498855314603459
0,0.6757195476079678
0,0.7542909912522414
0,0.0498855314603459
0,0.6846463566612466
0,0.7185823541887096
0,0.0498855314603459
0,0.0498855314603459
0,0.7710114189858603
0,0.0498855314603459
0,0.6568561885613569
0,0.0498855314603459
0,0.786385141315442
0,0.7504331328135101
0,0.7152183714249889
0,0.0498855314603459
0,0.7587354617308605
0,0.7503609188967125
0,0.0498855314603459
0,0.8364217977064964
0,0.8290052975659616
0,0.7632240238338548
0,0.7814623111278189
0,0.0498855314603459
0,0.7559255467597901
0,0.6980020433286817
0,0.0498855314603459
0,0.756642276017034
0,0.0498855314603459
0,0.7513475426835452
0,0.7717080036071544
0,0.0498855314603459
0,0.0498855314603459
0,0.7572849326634076
0,0.7842591452514722
0,0.0498855314603459
0,0.6535599866314944
0,0.7754219414200971
0,0.7519231901024453
0,0.7456455148956754
0,0.0498855314603459
0,0.0498855314603459
0,0.0498855314603459
0,0.7540046427563816
0,0.7671409984953372
0,0.7457796564327768
0,0.8016316848193211
0,0.7524317650837695
0,0.7788401851365105
0,0.6760962380193267
0,0.6828909873956988
0,0.0498855314603459
0,0.6702358826908246
0,0.7523416262952329
0,0.6916723463680082
0,0.0498855314603459
0,0.7594651045636006
0,0.0498855314603459
0,0.7346292056482849
0,0.8793274715670746
0,0.0498855314603459
0,0.0498855314603459
0,0.6319119542107466
0,0.6398215752780503
0,0.6476723692737194
0,0.7455942897744573
0,0.7572833270532591
0,0.0498855314603459
0,0.6311963999987776
0,0.7485351876920331
0,0.0498855314603459
0,0.0498855314603459
0,0.0498855314603459
0,0.7630932187963421
0,0.7589495803461481
0,0.7744968032100921
0,0.0498855314603459
0,0.6970916638936672
0,0.8489128015775552
0,0.7266057918421449
0,0.694174429955616
0,0.0498855314603459
0,0.7012561359354136
0,0.7232532226513952
0,0.8597315057385511
0,0.0498855314603459
0,0.7574662834812946
0,0.0498855314603459
0,0.7556437154655954
0,0.7590081483675959
0,0.0498855314603459
0,0.7546050661389488
0,0.7630963175809771
0,0.7650589099016506
0,0.7479657348887888
0,0.7577718273294723
0,0.7612144458920223
0,0.7979342695896223
0,0.6335717130435096
0,0.758364075634562
0,0.7509155751179445
0,0.6933593648932345
0,0.0498855314603459
0,0.0498855314603459
0,0.0498855314603459
0,0.801997883655291
0,0.7413037611368445
0,0.0498855314603459
0,0.0498855314603459
0,0.6359334909108685
0,0.7682980785216788
0,0.7414459420385603
0,0.77178029988444
0,0.8614659745511284
0,0.8721816896441427
0,0.7185532940855146
0,0.0498855314603459
0,0.0498855314603459
0,0.0498855314603459
0,0.0498855314603459
0,0.7374520929715501
0,0.7657294708883445
0,0.7572110910207476
0,0.7221304265409549
0,0.7585714992326379
0,0.6669705194340758
0,0.0498855314603459
0,0.0498855314603459
0,0.7648001582675273
0,0.0498855314603459
0,0.0498855314603459
0,0.6336627914672552
0,0.7599026315037082
0,0.0498855314603459
0,0.0498855314603459
0,0.0498855314603459
0,0.6840826604431754
0,0.6753342852416273
0,0.7472290829624275
0,0.0498855314603459
0,0.7579570677617937
0,0.7533647506235169
0,0.7792600695699291
0,0.7556259963658501
0,0.0498855314603459
0,0.8011426213557639
0,0.7674769994218487
0,0.7014212343317078
0,0.0498855314603459
0,0.7361240952098091
0,0.0498855314603459
0,0.7751631783428372
0,0.0498855314603459
0,0.6624305013093342
0,0.6884782464055615
0,0.6847490427433534
0,0.7456868703419706
0,0.0498855314603459
0,0.0498855314603459
0,0.6628878405964962
0,0.7483781952561893
0,0.7033757712830615
0,0.7574774338494379
0,0.7486180658640749
0,0.6591094704793937
0,0.7635253349395222
0,0.6904547639764255
0,0.7491789048426554
0,0.7580165360492955
0,0.8112381411910295
0,0.7201745928799889
0,0.7632558073751016
0,0.7611933902053443
0,0.0498855314603459
0,0.0498855314603459
0,0.0498855314603459
0,0.0498855314603459
0,0.7503857238413106
0,0.90487949434382
0,0.7468634369468308
0,0.75008930194067
0,0.0498855314603459
0,0.8225434367462608
0,0.7676029336278243
0,0.7044031999394045
0,0.8145180316357806
0,0.0498855314603459
0,0.7663857477002526
0,0.8031723085693198
0,0.6671242336662695
0,0.0498855314603459
0,0.7636355035786163
0,0.0498855314603459
0,0.6742424132270196
0,0.0498855314603459
0,0.764869976162158
0,0.7307177350335771
0,0.7707038195984947
0,0.7451328431654968
0,0.0498855314603459
0,0.7635643009748524
0,0.8362472695482995
0,0.0498855314603459
0,0.6950284231696171
0,0.7556473426415161
0,0.0498855314603459
0,0.0498855314603459
0,0.733353284122804
0,0.6987909282048163
0,0.7905099985035285
0,0.750771700667164
0,0.8997794585633645
0,0.6416848389922696
0,0.7629373706866958
0,0.7409261911898849
0,0.7435724094587336
0,0.7456758364229034
0,0.78064407284633
0,0.6760452465843332
0,0.7925020439536303
0,0.7146379781026565
0,0.712422738000455
0,0.7457902138706471
0,0.0498855314603459
0,0.6180100209967503
0,0.8193202773653707
0,0.7590759269036399
0,0.7796980238678994
0,0.7558140975263911
0,0.0498855314603459
0,0.7265857631556785
0,0.7020245775986437
0,0.6818799937167964
0,0.7639123125273701
0,0.751070502928203
0,0.7473566776835728
0,0.8191165713728483
0,0.7551985383132663
0,0.7442756257728106
0,0.7952126452257902
0,0.7994048552630608
0,0.7281890315149532
0,0.7490637091327453
0,0.7425769720971689
0,0.7549656764522553
0,0.7539813075222745
0,0.0498855314603459
0,0.0498855314603459
0,0.8674467066869965
0,0.8380150201014274
0,0.724911979888554
0,0.0498855314603459
0,0.7754418733447479
0,0.7584453150782622
0,0.0498855314603459
0,0.0498855314603459
0,0.8449401115395431
0,0.7443782483772496
0,0.7915271666371513
0,0.7227660407843591
0,0.0498855314603459
0,0.7278451640117914
0,0.0498855314603459
0,0.7390470776570907
0,0.0498855314603459
0,0.0498855314603459
0,0.713170107493332
0,0.7719145849035859
0,0.7092962220831524
0,0.0498855314603459
0,0.7623918537163931
0,0.8949824447103066
0,0.7754062417006888
0,0.8351735744662809
0,0.0498855314603459
0,0.8307557170195096
0,0.0498855314603459
0,0.7496443171008395
0,0.732467358975685
0,0.0498855314603459
0,0.8149462644862718
0,0.7277921503018677
0,0.0498855314603459
0,0.0498855314603459
0,0.0498855314603459
0,0.7606514825061153
0,0.7516299349887761
0,0.7434851264402331
0,0.7609841221065534
0,0.9766574269512188
0,0.7854138108418536
0,0.7628977654525894
0,0.7573311377217651
0,0.0498855314603459
0,0.7625419512813852
0,0.7458331329640617
0,0.7577759361398604
0,0.6924641696156638
0,0.8200401586333269
0,0.0498855314603459
0,0.0498855314603459
0,0.6954679214384551
0,0.0498855314603459
0,0.0498855314603459
0,0.7442980787752029
0,0.0498855314603459
0,0.7540508070471587
0,0.7314104378416638
0,0.6389834636099946
0,0.7555109752852082
0,0.7713064123288108
0,0.0498855314603459
0,0.7182596304802124
0,0.7896288858064757
0,0.7765159675728827
0,0.744783173506252
0,0.0498855314603459
0,0.7627141472856136
0,0.0498855314603459
0,0.7663298426922529
0,0.0498855314603459
0,0.0498855314603459
0,0.7619098568031659
0,0.6666913565070917
0,0.633583142541765
0,0.6533554120388043
0,0.7447717717174323
0,0.0498855314603459
0,0.7231391872152728
0,0.0498855314603459
0,0.0498855314603459
0,0.0498855314603459
0,0.0498855314603459
0,0.7666963354471932
0,0.7007267380327811
0,0.6412032712234652
0,0.0498855314603459
0,0.6214347571078828
0,0.7167233695380999
0,0.0498855314603459
0,0.6731129242614575
0,0.7165600048913219
0,0.0498855314603459
0,0.0498855314603459
0,0.8791303943081152
0,0.0498855314603459
0,0.8173319202727732
0,0.7614391674481497
0,0.0498855314603459
0,0.6809726669889696
0,0.7525843519201159
0,0.7481420147947045
0,0.7155496199465213
0,0.7509410476950608
0,0.7435922030727169
0,0.7559811686271031
0,0.7410378433658745
0,0.8084598155946922
0,0.0498855314603459
0,0.0498855314603459
0,0.0498855314603459
0,0.7822695837576586
0,0.8231109927579606
0,0.6246360122902641
0,0.8312024217219295
0,0.7802429184105973
0,0.0498855314603459
0,0.0498855314603459
0,0.7695605765807348
0,0.7972174809966553
0,0.0498855314603459
0,0.7754141217536691
0,0.0498855314603459
0,0.7809609666258808
0,0.6928782672283834
0,0.8853096218376459
0,0.7902768704541634
0,0.7953507927675808
0,0.7240231422076997
0,0.0498855314603459
0,0.7875293283451801
0,0.7781576374874231
0,0.5925219241933313
0,0.756819260014007
0,0.8295080723575756
0,0.7549662814262637
0,0.7378404987444784
0,0.0498855314603459
0,0.0498855314603459
0,0.0498855314603459
0,0.0498855314603459
0,0.7676885460338742
0,0.7653033336472396
0,0.0498855314603459
0,0.0498855314603459
0,0.726489182309124
0,0.7613042095274387
0,0.7530295164402581
0,0.7288979092500444
0,0.0498855314603459
0,0.0498855314603459
0,0.0498855314603459
0,0.0498855314603459
0,0.0498855314603459
0,0.7622744802817867
0,0.0498855314603459
0,0.0498855314603459
0,0.7202872492347535
0,0.6632508436562958
0,0.0498855314603459
0,0.7580070200276195
0,0.8003630037888668
0,0.7395687869083176
0,0.0498855314603459
0,0.7633757312982639
0,0.7157687410832421
0,0.7462666550544665
0,0.754955511010379
0,0.0498855314603459
0,0.0498855314603459
0,0.7505887099300126
0,0.0498855314603459
0,0.739138742213054
0,0.742880750197204
0,0.0498855314603459
0,0.7612610918803019
0,0.0498855314603459
0,0.0498855314603459
0,0.7677538616638959
0,0.9105677033156856
0,0.7636221057376217
0,0.0498855314603459
0,0.0498855314603459
0,0.7639337832240114
0,0.7419212800510325
0,0.7678616765122204
0,0.8188266893296675
0,0.7630671710835574
0,0.7617194909995058
0,0.8530046247391033
0,0.7509782787138524
0,0.6825496920540687
0,0.7554275570987838
0,0.0498855314603459
0,0.7591000757101574
0,0.6522668764859846
0,0.6929986091735054
0,0.7492831675552566
0,0.729161805084774
0,0.0498855314603459
0,0.0498855314603459
0,0.0498855314603459
0,0.0498855314603459
0,0.7427370372439468
0,0.7538782548647364
0,0.6531993363871161
0,0.8109871073394458
0,0.0498855314603459
0,0.7525838070262713
0,0.0498855314603459
0,0.588560546033844
0,0.7613386565204795
0,0.7584157591576595
0,0.7911731917698573
0,0.7065708998287581
0,0.6915287413738507
0,0.6587266784090802
0,0.7294220830785291
0,0.783547359253799
0,0.0498855314603459
0,0.0498855314603459
0,0.0498855314603459
0,0.7702153865788074
0,0.7473769006447329
0,0.0498855314603459
0,0.7018079390600235
0,0.0498855314603459
0,0.0498855314603459
0,0.7970247945825069
0,0.7587020178995931
0,0.0498855314603459
0,0.5661884962594054
0,0.7506896427199803
0,0.7839549155409635
0,0.7580120972420845
0,0.7650173212601107
0,0.7654562506237875
0,0.7785131355021145
0,0.0498855314603459
0,0.8306966576320249
0,0.7047056928242664
0,0.7652477747356164
0,0.7683073850236654
0,0.0498855314603459
0,0.0498855314603459
0,0.7523377940966398
0,0.0498855314603459
0,0.5869464705287991
0,0.0498855314603459
0,0.7891351955720988
0,0.6820186045724246
0,0.6642262980657793
0,0.7638576132771446
0,0.0498855314603459
0,0.0498855314603459
0,0.0498855314603459
0,0.0498855314603459
0,0.8106537583120175
0,0.772737435085396
0,0.0498855314603459
0,0.7603331001017882
0,0.749738999326818
0,0.7675935605173779
0,0.0498855314603459
0,0.8227043326333034
0,0.7606060890237841
0,0.0498855314603459
0,0.7607972863523725
0,0.7500066925093746
0,0.0498855314603459
0,0.8156843133132758
0,0.7497265093571827
0,0.7799650983597776
0,0.7307357045867435
0,0.7282340135094236
0,0.7845435922929409
0,0.7846349672066493
0,0.7590173032770283
0,0.7090328330161063
0,0.7817360957246052
0,0.0498855314603459
0,0.5902130655106415
0,0.0498855314603459
0,0.0498855314603459
0,0.0498855314603459
0,0.0498855314603459
0,0.7675846596436253
0,0.7544432902463546
0,0.9242434504668444
0,0.8047947521586951
0,0.0498855314603459
0,0.810766784200865
0,0.823567999373041
0,0.7355235577764546
0,0.0498855314603459
0,0.7628510721421443
0,0.0498855314603459
0,0.7688764817723575
0,0.7643464871917499
0,0.8381565298650745
0,0.860531515417846
0,0.7256454037619116
0,0.7536124954996364
0,0.6511969614355289
0,0.7599058460440037
0,0.7597554974674321
0,0.0498855314603459
0,0.0498855314603459
0,0.7594274074595991
0,0.725993450498338
0,0.6477206981192793
0,0.7559885859980632
0,0.0498855314603459
0,0.7457461980539172
0,0.0498855314603459
0,0.0498855314603459
0,0.7408914330825115
0,0.0498855314603459
0,0.832124553745868
0,0.7672530448904249
0,0.7519067573385142
0,0.0498855314603459
0,0.0498855314603459
0,0.0498855314603459
0,0.7681080661202764
0,0.0498855314603459
0,0.7607393162882955
0,0.6915050202479208
0,0.0498855314603459
0,0.0498855314603459
0,0.7551700191877656
0,0.0498855314603459
0,0.6086870630996676
0,0.6420592657783044
0,0.6760178942603022
0,0.7684995224402015
0,0.5783061263890523
0,0.0498855314603459
0,0.8115501551848343
0,0.7653737643742355
0,0.788755356090579
0,0.9035421845859404
0,0.0498855314603459
0,0.7553001126218517
0,0.7308193031733176
0,0.0498855314603459
0,0.7773854565132386
0,0.8274939651166965
0,0.0498855314603459
0,0.7551253288810089
0,0.8912190118047724
0,0.7631151624147505
0,0.7456769805618034
0,0.0498855314603459
0,0.6539332946148158
0,0.0498855314603459
0,0.7195746859683712
0,0.6631785852758726
0,0.0498855314603459
0,0.7255579283280471
0,0.7891653639290835
0,0.0498855314603459
0,0.7606145142612006
0,0.6898979741507274
0,0.760373165672994
0,0.6113488758927955
0,0.0498855314603459
0,0.0498855314603459
0,0.6894450306822222
0,0.0498855314603459
0,0.8216616885745824
0,0.6425592106632491
0,0.7162384255052352
0,0.7462356643953716
0,0.0498855314603459
0,0.0498855314603459
0,0.0498855314603459
0,0.8316349759135219
0,0.7406688846263314
0,0.0498855314603459
0,0.0498855314603459
0,0.0498855314603459
0,0.7746642046203531
0,0.7881750793422959
0,0.6499956212454876
0,0.0498855314603459
0,0.7568573791929071
0,0.7399049061969941
0,0.6674453298569897
0,0.7591022490848798
0,0.754128539130634
0,0.751866709734133
0,0.0498855314603459
0,0.0498855314603459
0,0.6672288455222393
0,0.0498855314603459
0,0.0498855314603459
0,0.6454031538613262
0,0.7509830805022081
0,0.0498855314603459
0,0.7694630457155437
0,0.0498855314603459
0,0.769690569970314
0,0.7798580499056162
0,0.7598612832998779
0,0.7263798080954905
0,0.7436206710917241
0,0.8090505377942361
0,0.0498855314603459
0,0.7721784192150519
0,0.7566364598741404
0,0.6863575649385277
0,0.7631565505185358
0,0.7330714182329575
0,0.0498855314603459
0,0.0498855314603459
0,0.9242448795793582
0,0.6633546983215762
0,0.7487606263786123
0,0.758406773399167
0,0.7600407561952554
0,0.7712946028768859
0,0.7602785522374357
0,0.7584068201322094
0,0.7485620762116492
0,0.7815765835889428
0,0.7514016359448051
0,0.7320083779235842
0,0.749747809271025
0,0.7755369264298461
0,0.7499401048945312
0,0.7634465289358567
0,0.7693624388763355
0,0.7553367358296553
0,0.0498855314603459
0,0.7480839338386687
0,0.6469158360197151
0,0.0498855314603459
0,0.0498855314603459
0,0.0498855314603459
0,0.0498855314603459
0,0.8073009648580067
0,0.7661803143121353
0,0.7758296772476301
0,0.6849135069391803
0,0.634041451002585
0,0.725864312133272
0,0.7528699074493144
0,0.0498855314603459
0,0.7341691708591082
0,0.792087112379129
0,0.0498855314603459
0,0.8428186539394326
0,0.7901118136527846
0,0.0498855314603459
0,0.7503720176463585
0,0.0498855314603459
0,0.0498855314603459
0,0.6969502647556693
0,0.0498855314603459
0,0.0498855314603459
0,0.0498855314603459
0,0.7566908421296269
0,0.7701387959736714
0,0.0498855314603459
0,0.7712779027690218
0,0.6057408062527073
0,0.7794382555846331
0,0.7092534051301562
0,0.0498855314603459
0,0.8240285532696502
0,0.787557568689957
0,0.8219510334972562
0,0.756335813889744
0,0.0498855314603459
0,0.7762462063377866
0,0.7541778923884119
0,0.7524987837569379
0,0.6621789099631575
0,0.0498855314603459
0,0.0498855314603459
0,0.6604922835100531
0,0.0498855314603459
0,0.7046510100345389
0,0.7520973370847908
0,0.0498855314603459
0,0.0498855314603459
0,0.7636105064310773
0,0.5979543833613851
0,0.0498855314603459
0,0.9805872451233548
0,0.7638691818628128
0,0.7393060242238522
0,0.7588442781131036
0,0.7582396643244155
0,0.7602088627660325
0,0.7490920226595613
0,0.7592981342352855
0,0.0498855314603459
0,0.742771697534298
0,0.7436292438855359
0,0.7100853361760325
0,0.7688873104338666
0,0.0498855314603459
0,0.7597762003670084
0,0.6393693808032354
0,0.7293308805979172
0,0.7873142044529079
0,0.7547567949607614
0,0.0498855314603459
0,0.0498855314603459
0,0.6851169423613754
0,0.0498855314603459
0,0.5847405781528102
0,0.7607057912395265
0,0.0498855314603459
0,0.6926965471144472
0,0.8536227018326129
0,0.7602566414975812
0,0.0498855314603459
0,0.6712918171536741
0,0.7518890816345064
0,0.0498855314603459
0,0.8206942059059927
0,0.7223107010963331
0,0.6589921128923221
0,0.7552447653578405
0,0.7668358231464889
0,0.7611037401667257
0,0.6192381267144563
0,0.7578142468902832
0,0.7160475704560622
0,0.7621654562328184
0,0.7603244991657272
0,0.7639174558008072
0,0.8556262861735892
0,0.7636733715100746
0,0.0498855314603459
0,0.7582332760469832
0,0.7055488924256142
0,0.7446201381060467
0,0.0498855314603459
0,0.0498855314603459
0,0.0498855314603459
0,0.0498855314603459
0,0.0498855314603459
0,0.7196259310422678
0,0.7661070471978514
0,0.7036780511335695
0,0.0498855314603459
0,0.0498855314603459
0,0.7111174753724852
0,0.7461200674822219
0,0.0498855314603459
0,0.7344029788168256
0,0.0498855314603459
0,0.744579688013452
0,0.6383486518429174
0,0.0498855314603459
0,0.5956874960136487
0,0.0498855314603459
0,0.0498855314603459
0,0.6487162471216409
0,0.7239124708398299
0,0.0498855314603459
0,0.0498855314603459
0,0.7405987617251047
0,0.6458819224409152
0,0.0498855314603459
0,0.5819433126669862
0,0.61641667277683
0,0.7205356323153561
0,0.6573492696769148
0,0.0498855314603459
0,0.7235645518701118
0,0.7590050398905879
0,0.0498855314603459
0,0.7688971504501357
0,0.7464525851120811
0,0.0498855314603459
0,0.7938283724766809
0,0.0498855314603459
0,0.7760850433002117
0,0.0498855314603459
0,0.6927966170688458
0,0.7512762321249468
0,0.7532049621652785
0,0.7387251956092366
0,0.0498855314603459
0,0.763106633094548
0,0.748206659658362
0,0.7187000446960208
0,0.0498855314603459
0,0.0498855314603459
0,0.754931685536679
0,0.7443444643778363
0,0.0498855314603459
0,0.0498855314603459
0,0.0498855314603459
0,0.8418847761311766
0,0.0498855314603459
0,0.7674485940083892
0,0.0498855314603459
0,0.7999655958732158
0,0.0498855314603459
0,0.7423154422916431
0,0.6750626347104853
0,0.7556464593098545
0,0.7276744490892426
0,0.7517182833325788
0,0.7138031177531077
0,0.0498855314603459
0,0.7859355501463414
0,0.7373017931234018
0,0.0498855314603459
0,0.7976559082537612
0,0.756891772859708
0,0.7044054353259662
0,0.7036700998874368
0,0.0498855314603459
0,0.0498855314603459
0,0.7582262439061955
0,0.6488728982609068
0,0.7514013257410052
0,0.577658488555997
0,0.0498855314603459
0,0.6744170547115399
0,0.7445695827303601
0,0.7199208081843809
0,0.703064904158435
0,0.0498855314603459
0,0.7596249727068292
0,0.7292053138270657
0,0.569263220757503
0,0.0498855314603459
0,0.7685295331875791
0,0.715578981980992
0,0.6564855595451439
0,0.7538476781501832
0,0.8415077808115999
0,0.6512879589271044
0,0.7383015465399514
0,0.7575397314376366
0,0.7312993404580648
0,0.738584435083598
0,0.0498855314603459
0,0.0498855314603459
0,0.7500324856513152
0,0.0498855314603459
0,0.0498855314603459
0,0.7175591211218649
0,0.7605532617847284
0,0.0498855314603459
0,0.7717655838005614
0,0.8011205426828114
0,0.6805257160732707
0,0.6802523975570249
0,0.8046418877522036
0,0.0498855314603459
0,0.7872972655933912
0,0.0498855314603459
0,0.7381397048670474
0,0.7311403345011676
0,0.0498855314603459
0,0.728271558262168
0,0.809286233546867
0,0.0498855314603459
0,0.0498855314603459
0,0.7402470985033507
0,0.749323443024891
0,0.7746430803120807
0,0.0498855314603459
0,0.6804237900340095
0,0.0498855314603459
0,0.0498855314603459
0,0.6607784172719968
0,0.7478913469680517
0,0.8147693483744878
0,0.7582220897494295
0,0.0498855314603459
0,0.7655538296394823
0,0.0498855314603459
0,0.7908072574299788
0,0.7868254285830546
0,0.758426964794633
0,0.0498855314603459
0,0.7562998020694568
0,0.6114613619981037
0,0.6890035130200917
0,0.6455211822015642
0,0.7165587081850606
0,0.7804272361866262
0,0.7449825956333797
0,0.0498855314603459
0,0.7602949701972003
0,0.591090685243227
0,0.7692476440658488
0,0.0498855314603459
0,0.7410594564449583
0,0.0498855314603459
0,0.7576345301639424
0,0.0498855314603459
0,0.7546243510277871
0,0.8896492899814894
0,0.0498855314603459
0,0.7588622625457411
0,0.0498855314603459
0,0.7504641933925082
0,0.7908735375446981
0,0.7503434308227368
0,0.7517391252007014
0,0.7803834458798637
0,0.7452443850214958
0,0.0498855314603459
0,0.6913758262519978
0,0.7135613258514588
0,0.0498855314603459
0,0.7543671479851572
0,0.6569026862943824
0,0.6766867793305229
0,0.6724603092571375
0,0.0498855314603459
0,0.6584509651316278
0,0.7467253700517846
0,0.7528380318670074
0,0.7574344695890822
0,0.5762559745222762
0,0.0498855314603459
0,0.763300877715602
0,0.6148472314536689
0,0.6077328843860174
0,0.7384371428359926
0,0.6942858632571803
0,0.0498855314603459
0,0.0498855314603459
0,0.7555210336072737
0,0.7092078048170032
0,0.763340769972208
0,0.7630805953821962
0,0.8572303290895615
0,0.8393458542358418
0,0.6559669174641461
0,0.7359422761278602
0,0.0498855314603459
0,0.7256347202038452
0,0.758123285914243
0,0.7628058894712232
0,0.882621128289833
0,0.0498855314603459
0,0.6318595334713765
0,0.7382494754149602
0,0.7540474305051058
0,0.7365285382569596
0,0.742182149984988
0,0.6806241160953372
0,0.0498855314603459
0,0.7550764225313626
0,0.0498855314603459
0,0.6990026808179527
0,0.714453302020894
0,0.7862538190168943
0,0.7586988678147933
0,0.8177184144544375
0,0.7573860319591651
0,0.7643983985379523
0,0.0498855314603459
0,0.759777967859277
0,0.0498855314603459
0,0.0498855314603459
0,0.0498855314603459
0,0.8012140333525923
0,0.6926102566690484
0,0.6695925949077908
0,0.7170823560517575
0,0.0498855314603459
0,0.7744075792791024
0,0.7487083559965341
0,0.0498855314603459
0,0.7290937633717205
0,0.7364351089548143
0,0.6725805938048995
0,0.0498855314603459
0,0.7578286936022084
0,0.8757675724603291
0,0.0498855314603459
0,0.0498855314603459
0,0.0498855314603459
0,0.0498855314603459
0,0.7896421373995958
0,0.0498855314603459
0,0.7487199911228585
0,0.0498855314603459
0,0.0498855314603459
0,0.0498855314603459
0,0.6642668295182378
0,0.7502373208080275
0,0.0498855314603459
0,0.7835648842603699
0,0.0498855314603459
0,0.6915388274430156
0,0.7640260266551913
0,0.567069471410356
0,0.9128099099057644
0,0.7620932930501423
0,0.8348317103171397
0,0.7654356332761209
0,0.7637382944757102
0,0.7627916104640393
0,0.0498855314603459
0,0.0498855314603459
0,0.0498855314603459
0,0.6990715456651092
0,0.0498855314603459
0,0.7973621750021908
0,0.0498855314603459
0,0.0498855314603459
0,0.7796013005030165
0,0.0498855314603459
0,0.6134974535276033
0,0.0498855314603459
0,0.0498855314603459
0,0.7552505879187912
0,0.7469536345914176
0,0.7435679953868417
0,0.7581575331212133
0,0.6616831169517502
0,0.7558880183597448
0,0.0498855314603459
0,0.8706114795854566
0,0.7541478152099605
0,0.7642090043647122
0,0.7659854291135207
0,0.0498855314603459
0,0.0498855314603459
0,0.7580269711862938
0,0.7530990436755892
0,0.0498855314603459
0,0.7650206118314483
0,0.7626763326008751
0,0.7587076727314507
0,0.7596707426161204
0,0.0498855314603459
0,0.7605032942691003
0,0.0498855314603459
0,0.0498855314603459
0,0.0498855314603459
0,0.7547484442105816
0,0.7584964319862828
0,0.7446258582413182
0,0.7616737134144672
0,0.7424998277345114
0,0.7337399575720773
0,0.7646122879267514
0,0.0498855314603459
0,0.0498855314603459
0,0.7387524637524566
0,0.7653370114296003
0,0.7112852675768468
0,0.7004608317207629
0,0.7675425323588215
0,0.785714546254965
0,0.0498855314603459
0,0.0498855314603459
0,0.7432241199050934
0,0.7837680767017885
0,0.7942089642701226
0,0.6879436687049182
0,0.5888084597513205
0,0.6060270506021157
0,0.6621452177077203
0,0.7578396143011084
0,0.7460932139980359
0,0.7733969033394987
0,0.7021391049392985
0,0.7156654654592338
0,0.7363808539842913
0,0.7550796976202186
0,0.7614115945301866
0,0.7484862313213337
0,0.7479312551832052
0,0.5872198882462981
0,0.7393654782404887
0,0.0498855314603459
0,0.0498855314603459
0,0.0498855314603459
0,0.0498855314603459
0,0.0498855314603459
0,0.7993513448284506
0,0.0498855314603459
0,0.6483595225218358
0,0.0498855314603459
0,0.7229474273121074
0,0.6067940804615963
0,0.7480725057699126
0,0.729142819420808
0,0.779233133228408
0,0.71201982335925
0,0.0498855314603459
0,0.813150336271741
0,0.6841974850221326
0,0.6751448737232724
0,0.0498855314603459
0,0.0498855314603459
0,0.9695796777429468
0,0.8240322764863903
0,0.9117422431822096
0,0.7618045338635545
0,0.8720162729517779
0,0.9056223310061728
0,0.765659410325434
0,0.0498855314603459
0,0.0498855314603459
0,0.7083446878714114
0,0.7830701165010617
0,0.7579123245503581
0,0.0498855314603459
0,0.0498855314603459
0,0.0498855314603459
0,0.786019696180149
0,0.6765822569990815
0,0.8324840378769228
0,0.7106680515743051
0,0.7246101215594064
0,0.6609822709285976
0,0.0498855314603459
0,0.7968301229230808
0,0.0498855314603459
0,0.6687202282442345
0,0.7603600921182534
0,0.7687715524642951
0,0.8394068504093953
0,0.6137431859943013
0,0.7550158702935997
0,0.6000360644326723
0,0.7255386428897955
0,0.7840055497782207
0,0.7221792968324705
0,0.0498855314603459
0,0.6888653970399724
0,0.7534133050740276
0,0.6700014087513435
0,0.0498855314603459
0,0.0498855314603459
0,0.0498855314603459
0,0.757065579033388
0,0.7941158763470996
0,0.7489217309089113
0,0.7512343936471398
0,0.0498855314603459
0,0.0498855314603459
0,0.7736695331946953
0,0.7240899984251364
0,0.0498855314603459
0,0.7610106639917265
0,0.7495610912632195
0,0.5851846316597462
0,0.0498855314603459
0,0.7964057430609754
0,0.7617841305300285
0,0.0498855314603459
0,0.7744969627359379
0,0.7352377381201132
0,0.0498855314603459
0,0.6002942726086821
0,0.8704373818699163
0,0.717007230483071
0,0.7365192992635708
0,0.0498855314603459
0,0.0498855314603459
0,0.7193804251896834
0,0.0498855314603459
0,0.7266962770199464
0,0.823640684390301
0,0.0498855314603459
0,0.7604378200840453
0,0.6729492409128051
0,0.6079274107833712
0,0.0498855314603459
0,0.6766099653678654
0,0.7654460316065103
0,0.0498855314603459
0,0.7605081259644394
0,0.0498855314603459
0,0.7793523449729465
0,0.7525183006224119
0,0.6871775382342947
0,0.7645472862989335
0,0.7619465610050347
0,0.7458967174523523
0,0.0498855314603459
0,0.7605442750572069
0,0.8582555147556074
0,0.7606420610731534
0,0.8264915576751527
0,0.761435778288773
0,0.6369287353382234
0,0.7401329791283845
0,0.7255003416911606
0,0.7046459118338745
0,0.7928144225556673
0,0.0498855314603459
0,0.7677933126482519
0,0.7491980601527287
0,0.0498855314603459
0,0.0498855314603459
0,0.7663141064605168
0,0.7450190478950692
0,0.0498855314603459
0,0.7487375400411226
0,0.7580681560669928
0,0.7607208291855153
0,0.0498855314603459
0,0.7051589750742647
0,0.7646658021077488
0,0.7386274215761895
0,0.7638184743474392
0,0.6831508210661263
0,0.0498855314603459
0,0.0498855314603459
0,0.7557953024261579
0,0.0498855314603459
0,0.0498855314603459
0,0.0498855314603459
0,0.7298260270629344
0,0.7603348026788678
0,0.6318146919407684
0,0.7631977533992402
0,0.7118140707134166
0,0.7952410254210043
0,0.7152654702759097
0,0.7441252367508026
0,0.7352071734079075
0,0.7462360504132286
0,0.0498855314603459
0,0.8856822212458741
0,0.7730033063665975
0,0.7809542339578511
0,0.0498855314603459
0,0.7626316793695808
0,0.0498855314603459
0,0.7588426313620422
0,0.0498855314603459
0,0.0498855314603459
0,0.753483297010054
0,0.7479328769584751
0,0.0498855314603459
0,0.7602959402684207
0,0.7485962705040208
0,0.0498855314603459
0,0.6015332512624305
0,0.0498855314603459
0,0.7556479321789612
0,0.708293585806673
0,0.6813519935632842
0,0.7212636466429326
0,0.7718404566254023
0,0.783966500018732
0,0.765884856216336
0,0.7541939430990449
0,0.7630299249828524
0,0.7716828424209197
0,0.0498855314603459
0,0.7603020655464128
0,0.7033892679755384
0,0.0498855314603459
0,0.0498855314603459
0,0.6410701014580142
0,0.7584306940107138
0,0.0498855314603459
0,0.7616645387243617
0,0.7123780407545348
0,0.7380040638728479
0,0.6850622035373383
0,0.0498855314603459
0,0.7904277738048274
0,0.6940114223406919
0,0.7880217030424955
0,0.8169005274401198
0,0.7012676197118326
0,0.0498855314603459
0,0.7294722926227474
0,0.0498855314603459
0,0.7735041853271145
0,0.0498855314603459
0,0.6766670454653394
0,0.7646818291354823
0,0.7466670882810574
0,0.0498855314603459
0,0.0498855314603459
0,0.0498855314603459
0,0.0498855314603459
0,0.6863899365782973
0,0.0498855314603459
0,0.7422137938248983
0,0.745197193131567
0,0.7523168373287823
0,0.7776079769907518
0,0.7604728605454536
0,0.7534882161086862
0,0.6443940867680397
0,0.6846187439053771
0,0.756473701034124
0,0.7510948312823107
0,0.9999999999766314
0,0.7800947409833869
0,0.8050424718082747
0,0.7980155795619536
0,0.7609523130529238
0,0.7464479899850713
0,0.8568791472158476
0,0.0498855314603459
0,0.714123791920852
0,0.8362845010184363
0,0.7314835119496477
0,0.7440265057662879
0,0.7634780847477874
0,0.7653930923362152
0,0.7589651481446904
0,0.7746192281959455
0,0.759755645479427
0,0.6998607131752957
0,0.7515016104797576
0,0.7660327246563524
0,0.7395856216857479
0,0.821446105928901
0,0.7663661151183608
0,0.7742781703397129
0,0.7608311435081367
0,0.7609300268270756
0,0.7714656490710762
0,0.0498855314603459
0,0.7573716870205529
0,0.6579140516031126
0,0.6555151240048165
0,0.7602890131251542
0,0.0498855314603459
0,0.78252962551396
0,0.7647906148533641
0,0.5746604011919194
0,0.0498855314603459
0,0.6712311582115003
0,0.0498855314603459
0,0.0498855314603459
0,0.7653487044667336
0,0.7216451756912988
0,0.7396175206224086
0,0.7827699906716533
0,0.7640824189651746
0,0.0498855314603459
0,0.0498855314603459
0,0.7182798595218253
0,0.0498855314603459
0,0.753400358521704
0,0.7646397870743542
0,0.7391012598366278
0,0.7630827991735082
0,0.7674381275721612
0,0.8533769776567117
0,0.7482963920298348
0,0.0498855314603459
0,0.7978216491497566
0,0.7217974171590233
0,0.688030930244063
0,0.0498855314603459
0,0.7849553066562046
0,0.7904043221195423
0,0.0498855314603459
0,0.0498855314603459
0,0.0498855314603459
0,0.7594502032423525
0,0.7510167224068717
0,0.0498855314603459
0,0.7622018176773596
0,0.7735157016182803
0,0.761444483111662
0,0.7573608248365747
0,0.7517548898485858
0,0.7910601386420202
0,0.7811417360673575
0,0.7907331281326422
0,0.788601459699042
0,0.659575154177875
0,0.7595445698587732
0,0.0498855314603459
0,0.758590191443854
0,0.6419260725720121
0,0.7584381570949543
0,0.759085403797143
0,0.7798092028337099
0,0.0498855314603459
0,0.0498855314603459
0,0.7577800048937365
0,0.7285787575128739
0,0.0498855314603459
0,0.7522148216214557
0,0.0498855314603459
0,0.7538156529857325
0,0.0498855314603459
0,0.7670282413279051
0,0.674562905924449
0,0.7864013037474377
0,0.0498855314603459
0,0.7078605895045473
0,0.6490927562243269
0,0.7285619919778188
0,0.8022379946820751
0,0.7230539654260085
0,0.7552795078958434
0,0.0498855314603459
0,0.7780071114420627
0,0.6892171688566877
0,0.6167983074891511
0,0.7125500765810445
0,0.743514097216021
0,0.7671742135783978
0,0.7219740772054224
0,0.7856141582710622
0,0.7512573862349735
0,0.8185761849965855
0,0.6123381875863431
0,0.6796091406303755
0,0.7553874548512819
0,0.7297575983133823
0,0.7627908482206102
0,0.7974272408737842
0,0.6943769791463539
0,0.809866453491972
0,0.6192078363440678
0,0.7538423951366207
0,0.7593258426016473
0,0.7958635488020751
0,0.7344411403911807
0,0.0498855314603459
0,0.7706024584464051
0,0.7521425188456032
0,0.8121673585784472
0,0.7827940757800894
0,0.7625431153905079
0,0.8485250554582178
0,0.7438324812620376
0,0.7453483816620852
0,0.7562851638504813
0,0.7656754099925575
0,0.7362249146247573
0,0.0498855314603459
0,0.6886293307900524
0,0.0498855314603459
0,0.7175364352038011
0,0.7710476134298864
0,0.7563935769801057
0,0.0498855314603459
0,0.0498855314603459
0,0.7879165397818746
0,0.8923929541965785
0,0.7209826366060893
0,0.0498855314603459
0,0.0498855314603459
0,0.7012492130420044
0,0.9242448795793582
0,0.0498855314603459
0,0.7638834057825901
0,0.6506393117443524
0,0.7511904766125573
0,0.7608495171924522
0,0.7447909174038535
0,0.7573784973757285
0,0.751078399929084
0,0.7791413621880419
0,0.0498855314603459
0,0.0498855314603459
0,0.7656162662254281
0,0.8480541847539577
0,0.7497701825895459
0,0.8115415666090724
0,0.0498855314603459
0,0.6784329430036609
0,0.6244742607799791
0,0.7546913802365147
0,0.0498855314603459
0,0.0498855314603459
0,0.0498855314603459
0,0.7576408796313101
0,0.7589191480196547
0,0.7550432460438649
0,0.7488921502151559
0,0.6388681850646346
0,0.7658728028201381
0,0.7967995872456017
0,0.8237644424580358
0,0.0498855314603459
0,0.7648337464247911
0,0.6027794234127761
0,0.7945167881228947
0,0.7183555479786298
0,0.728077200940014
0,0.0498855314603459
0,0.7574684280157239
0,0.0498855314603459
0,0.0498855314603459
0,0.7569731745175307
0,0.8532588133772931
0,0.7665456361509365
0,0.0498855314603459
0,0.0498855314603459
0,0.8323369300461665
0,0.7329719940054926
0,0.0498855314603459
0,0.0498855314603459
0,0.8156236157819231
0,0.7221724234892856
0,0.6830193911181492
0,0.6405715258145741
0,0.0498855314603459
0,0.0498855314603459
0,0.6723105052667928
0,0.7435631644008306
0,0.0498855314603459
0,0.7541805240518724
0,0.0498855314603459
0,0.7777074248957372
0,0.0498855314603459
0,0.7636636244160178
0,0.7762241773283928
0,0.7656433598120181
0,0.7473683809785302
0,0.7756704110871089
0,0.7900951002031452
0,0.760213819172046
0,0.0498855314603459
0,0.0498855314603459
0,0.5737513514583067
0,0.6938773027157038
0,0.7302321137199396
0,0.7661134358092563
0,0.6707858870346329
0,0.7483285545971741
0,0.7566669429505735
0,0.7504511387519901
0,0.746317285775622
0,0.6544710229298577
0,0.7183016085118951
0,0.8021068342055376
0,0.0498855314603459
0,0.7831238375480435
0,0.0498855314603459
0,0.7579516053552607
0,0.8245025126375958
0,0.7675509995957033
0,0.8264451848804141
0,0.0498855314603459
0,0.0498855314603459
0,0.6283273293400008
0,0.6902761093697853
0,0.7916067015995318
0,0.0498855314603459
0,0.0498855314603459
0,0.7529264893559271
0,0.7023905764538901
0,0.7727975718703042
0,0.0498855314603459
0,0.0498855314603459
0,0.6376977776102407
0,0.6773245076811295
0,0.8302311296405424
0,0.0498855314603459
0,0.6917322770331168
0,0.0498855314603459
0,0.0498855314603459
0,0.8323154328430865
0,0.7599067569000294
0,0.0498855314603459
0,0.7994434603125495
0,0.0498855314603459
0,0.7816743149185196
0,0.6656659985472336
0,0.7580887444067038
0,0.0498855314603459
0,0.7459250673265096
0,0.6366034599690173
0,0.7633270947236275
0,0.8056972931255009
0,0.7521359033312454
0,0.7547587787648595
0,0.7529968010111299
0,0.7116495585402531
0,0.7592543759223875
0,0.0498855314603459
0,0.0498855314603459
0,0.0498855314603459
0,0.0498855314603459
0,0.6663746015370388
0,0.752729051905788
0,0.9462558510633317
0,0.7228002678068671
0,0.0498855314603459
0,0.0498855314603459
0,0.7913158944962722
0,0.0498855314603459
0,0.7446674298649132
0,0.7291288234718291
0,0.0498855314603459
0,0.7429811623071718
0,0.0498855314603459
0,0.71047605926783
0,0.0498855314603459
0,0.7569884673593636
0,0.6416321676667387
0,0.7544152666964293
0,0.7547810577889046
0,0.664782345802255
0,0.6655632239848774
0,0.0498855314603459
0,0.744850636893159
0,0.5483277879350467
0,0.6832007223815717
0,0.7184078980758809
0,0.7360055176549769
0,0.0498855314603459
0,0.0498855314603459
0,0.0498855314603459
0,0.6978122569487338
0,0.0498855314603459
0,0.7187240201616397
0,0.7502851395583848
0,0.6912227670051405
0,0.5891879360054336
0,0.7571906620227911
0,0.0498855314603459
0,0.6756949063029193
0,0.723300469511204
0,0.0498855314603459
0,0.0498855314603459
0,0.7577426360754891
0,0.746914072642968
0,0.0498855314603459
0,0.7171965179488893
0,0.7379367026059229
0,0.8093874929356274
0,0.7656515709081148
0,0.6677716713805357
0,0.0498855314603459
0,0.5770359854475889
0,0.7615364033599913
0,0.0498855314603459
0,0.7537326337959104
0,0.0498855314603459
0,0.7730909363823403
0,0.7114949371305842
0,0.754806339230889
0,0.0498855314603459
0,0.0498855314603459
0,0.7656716445507015
0,0.7278518240020687
0,0.713369145857574
0,0.7250647321394931
0,0.8556791894939475
0,0.7540450437171713
0,0.0498855314603459
0,0.914885984352077
0,0.6493425802875298
0,0.7961525389329902
0,0.7491778662137207
0,0.0498855314603459
0,0.0498855314603459
0,0.0498855314603459
0,0.0498855314603459
0,0.760222575101549
0,0.7434137603948954
0,0.7715280522043367
0,0.8156952165254662
0,0.5915822585897351
0,0.0498855314603459
0,0.7182363791637486
0,0.696178420229813
0,0.7236571687526783
0,0.0498855314603459
0,0.6731530605875358
0,0.0498855314603459
0,0.6582654469073252
0,0.0498855314603459
0,0.0498855314603459
0,0.6774607916437652
0,0.6715714594154021
0,0.0498855314603459
0,0.7834418387094522
0,0.0498855314603459
0,0.7500751271000871
0,0.6910544898720079
0,0.7594615344807633
0,0.7283938083112315
0,0.6265998714845744
0,0.7599650575897309
0,0.7523255151368805
0,0.7369839390715485
0,0.7686990272422393
0,0.0498855314603459
0,0.7484788550638741
0,0.7510461971991104
0,0.7815316202308655
0,0.0498855314603459
0,0.0498855314603459
0,0.0498855314603459
0,0.7608664591610986
0,0.6916897174799818
0,0.6462025860262083
0,0.0498855314603459
0,0.7211554367671136
0,0.6762693288767433
0,0.6727655264277186
0,0.7606323108462055
0,0.5761907443946948
0,0.6192151724374956
0,0.0498855314603459
0,0.0498855314603459
0,0.7808445056594274
0,0.8043252411047918
0,0.7589164382547985
0,0.7464039152181459
0,0.0498855314603459
0,0.8723214298283244
0,0.8281362182383869
0,0.7390959564202912
0,0.7835598541996174
0,0.0498855314603459
0,0.7525626501298304
0,0.0498855314603459
0,0.6723966565515731
0,0.6162579415665356
0,0.8055572252123958
0,0.7792373059545259
0,0.6382427214124078
0,0.681431875311162
0,0.7644007106592133
0,0.7631710156813422
0,0.7505287605429273
0,0.7077840295654821
0,0.7284515104011058
0,0.7853116967738019
0,0.8099171611896567
0,0.0498855314603459
0,0.0498855314603459
0,0.7909397098680977
0,0.7589188698329805
0,0.0498855314603459
0,0.0498855314603459
0,0.6581162364877796
0,0.7391000323938793
0,0.9229646297652878
0,0.0498855314603459
0,0.7001209483071262
0,0.0498855314603459
0,0.0498855314603459
0,0.0498855314603459
0,0.8115594601196008
0,0.747831055861704
0,0.7469004733279483
0,0.7718152978100292
0,0.785591248391778
0,0.7491546823082296
0,0.7603444490972256
0,0.7712655224087077
0,0.7467570354299692
0,0.0498855314603459
0,0.0498855314603459
0,0.7897148688189072
0,0.8163191420110264
0,0.5909605214466694
0,0.0498855314603459
0,0.7476714618225293
0,0.7654796085241389
0,0.7396598991280847
0,0.7464652134430494
0,0.0498855314603459
0,0.7336942971589544
0,0.6748379338706729
0,0.7523858760466127
0,0.7454247409309284
0,0.7379491611910534
0,0.8338303735163856
0,0.0498855314603459
0,0.0498855314603459
0,0.7548199666761514
0,0.0498855314603459
0,0.0498855314603459
0,0.6651032968366178
0,0.0498855314603459
0,0.7949337593811956
0,0.6130197695715599
0,0.7222456135969383
0,0.563823698877429
0,0.0498855314603459
0,0.7333308682717079
0,0.7496698874569151
0,0.711997047890113
0,0.7307321488074241
0,0.7553808262808235
0,0.0498855314603459
0,0.795004079384991
0,0.0498855314603459
0,0.0498855314603459
0,0.0498855314603459
0,0.0498855314603459
0,0.7597237924901485
0,0.7664969885317898
0,0.6706635156430445
0,0.7609235435660945
0,0.8184227159650828
0,0.0498855314603459
0,0.0498855314603459
0,0.7557800437092881
0,0.7586094675979007
0,0.7923730985314366
0,0.0498855314603459
0,0.7613738801305314
0,0.5782450012838927
0,0.669366746945981
0,0.0498855314603459
0,0.7874544833507732
0,0.7368354537004297
0,0.7042536332258292
0,0.7676996936107418
0,0.7114812029047421
0,0.7107141709309578
0,0.6513531748507845
0,0.0498855314603459
0,0.0498855314603459
0,0.6365889984956744
0,0.8346793552672672
0,0.7643115937597778
0,0.0498855314603459
0,0.7392373639637346
0,0.0498855314603459
0,0.6922459054845931
0,0.8373462059226815
0,0.6813003319111399
0,0.0498855314603459
0,0.7493385632524202
0,0.0498855314603459
0,0.0498855314603459
0,0.6624033255388339
0,0.7923408083550727
0,0.7649365944662196
0,0.0498855314603459
0,0.7596497919146251
0,0.7054495285372815
0,0.7787644650932193
0,0.7690965887582494
0,0.0498855314603459
0,0.9210870152844236
0,0.7669362258956967
0,0.0498855314603459
0,0.7697035110691514
0,0.8243891618801574
0,0.6796649749470047
0,0.7584550044084015
0,0.763798003007084
0,0.7611489825780647
0,0.7639650185248572
0,0.637471587118485
0,0.7153341558769624
0,0.0498855314603459
0,0.6926586875064475
0,0.0498855314603459
0,0.8075361210368023
0,0.7299131526182177
0,0.7507656214578959
0,0.0498855314603459
0,0.0498855314603459
0,0.0498855314603459
0,0.7441496665809211
0,0.0498855314603459
0,0.6833415547032053
0,0.7883382723662204
0,0.0498855314603459
0,0.0498855314603459
0,0.0498855314603459
0,0.7450781847236256
0,0.7562691135942107
0,0.0498855314603459
0,0.0498855314603459
0,0.72923742932112
0,0.7684342856110282
0,0.7307787433075652
0,0.7503829789620785
0,0.7503163321526798
0,0.7814338161044305
0,0.0498855314603459
0,0.683111546582243
0,0.5897898810869311
0,0.0498855314603459
0,0.0498855314603459
0,0.7760689039429501
0,0.7489464816094259
0,0.7611660649334907
0,0.6735475250280609
0,0.0498855314603459
0,0.0498855314603459
0,0.7281986234761444
0,0.7569565011217153
0,0.0498855314603459
0,0.7749195388169708
0,0.0498855314603459
0,0.7479211083385751
0,0.0498855314603459
0,0.743697795533422
0,0.0498855314603459
0,0.6809039779607681
0,0.0498855314603459
0,0.0498855314603459
0,0.0498855314603459
0,0.7213925686457296
0,0.7647658086826824
0,0.0498855314603459
0,0.6458592677003384
0,0.7372934273853237
0,0.0498855314603459
0,0.0498855314603459
0,0.7920713969964013
0,0.7360479776747126
0,0.7589627768029152
0,0.7857214387925197
0,0.6103113560088858
0,0.7402588595944444
0,0.7939727613264371
0,0.0498855314603459
0,0.767344192042468
0,0.0498855314603459
0,0.7987174680666906
0,0.6536450530404314
0,0.7258765148432302
0,0.0498855314603459
0,0.0498855314603459
0,0.7188746002429358
0,0.0498855314603459
0,0.0498855314603459
0,0.7664151999790585
0,0.988325905258843
0,0.8115056456734748
0,0.6689063413629175
0,0.0498855314603459
0,0.7018090723863337
0,0.817737293608502
0,0.7318102235985215
0,0.5757076458941274
0,0.0498855314603459
0,0.0498855314603459
0,0.7556712283890197
0,0.7634536951678866
0,0.0498855314603459
0,0.8961045506839169
0,0.7674749358884143
0,0.0498855314603459
0,0.5756772295428328
0,0.7404536106376266
0,0.0498855314603459
0,0.7477022852613587
0,0.0498855314603459
0,0.7540372607524357
0,0.0498855314603459
0,0.7036550767356241
0,0.7887689232517866
0,0.7549596136052514
0,0.0498855314603459
0,0.0498855314603459
0,0.5581815962145418
0,0.7750166270612724
0,0.0498855314603459
0,0.6361433760981565
0,0.0498855314603459
0,0.741728799332821
0,0.0498855314603459
0,0.0498855314603459
0,0.0498855314603459
0,0.744065733094596
0,0.6195747510052358
0,0.7772175696398658
0,0.8158027598699894
0,0.0498855314603459
0,0.7577282360262799
0,0.6838652750556812
0,0.628437661640287
0,0.0498855314603459
0,0.7723897774721237
0,0.7634793867140734
0,0.0498855314603459
0,0.7604536366978715
0,0.0498855314603459
0,0.8131788512618988
0,0.0498855314603459
0,0.7623711532552095
0,0.7674224818469907
0,0.7551919290611347
0,0.0498855314603459
0,0.0498855314603459
0,0.0498855314603459
0,0.7568886467393839
0,0.0498855314603459
0,0.7610681828159154
0,0.7490220166393649
0,0.7423935236045082
0,0.755806593383188
0,0.0498855314603459
0,0.0498855314603459
0,0.688029134804627
0,0.0498855314603459
0,0.6943472141606088
0,0.0498855314603459
0,0.7701607943705885
0,0.0498855314603459
0,0.7715965898994245
0,0.8080713860221328
0,0.7610753690553861
0,0.6471297877234141
0,0.7560351202184031
0,0.5928120342223546
0,0.0498855314603459
0,0.779805155858036
0,0.0498855314603459
0,0.7772007619772637
0,0.0498855314603459
0,0.0498855314603459
0,0.0498855314603459
0,0.7564256934901007
0,0.0498855314603459
0,0.7616001229076372
0,0.0498855314603459
0,0.7638338293102948
0,0.7881875872017816
0,0.8135257170223282
0,0.7427713475448872
0,0.7078112893517969
0,0.7475421053566634
0,0.0498855314603459
0,0.7555461589886968
0,0.6675203166216777
0,0.790289996520083
0,0.7988367642976909
0,0.81208573744139
0,0.6784431967218199
0,0.0498855314603459
0,0.7587500955530296
0,0.7026278984808391
0,0.0498855314603459
0,0.8480407331677394
0,0.0498855314603459
0,0.0498855314603459
0,0.0498855314603459
0,0.7575963007318044
0,0.0498855314603459
0,0.0498855314603459
0,0.717855471004498
0,0.7901241883574274
0,0.7680674890020744
0,0.7455952729607034
0,0.7626826835624454
0,0.7441341838149804
0,0.0498855314603459
0,0.721409045628374
0,0.0498855314603459
0,0.0498855314603459
0,0.8378476231151774
0,0.0498855314603459
0,0.8923706062188265
0,0.0498855314603459
0,0.67314413479842
0,0.7643138137206134
0,0.0498855314603459
0,0.787873109687998
0,0.679464631642672
0,0.0498855314603459
0,0.8128231612800844
0,0.0498855314603459
0,0.7866261315611507
0,0.7873542311241721
0,0.0498855314603459
0,0.7779641619243894
0,0.0498855314603459
0,0.7589149662603708
0,0.763260093197197
0,0.0498855314603459
0,0.7544184286694503
0,0.0498855314603459
0,0.7306298718956699
0,0.7493400071393205
0,0.7195525500121687
0,0.6300604973370554
0,0.6822127110716281
0,0.7477713069336418
0,0.0498855314603459
0,0.0498855314603459
0,0.7596448641617938
0,0.7571926990479405
0,0.7238867026203771
0,0.0498855314603459
0,0.7211182789051644
0,0.6498873377687678
0,0.0498855314603459
0,0.0498855314603459
0,0.0498855314603459
0,0.7201260040247469
0,0.6099633276114894
0,0.7524349505326821
0,0.6971793510009835
0,0.0498855314603459
0,0.7740284679185399
0,0.7929054493442625
0,0.0498855314603459
0,0.0498855314603459
0,0.0498855314603459
0,0.7481501433349972
0,0.7612303198659571
0,0.0498855314603459
0,0.608677363040189
0,0.7596576479523734
0,0.6329052853926704
0,0.7440199893982774
0,0.7506295001406043
0,0.7567621976909008
0,0.0498855314603459
0,0.7892707939305788
0,0.0498855314603459
0,0.7610317411574979
0,0.7772712645706651
0,0.0498855314603459
0,0.5947109013270541
0,0.0498855314603459
0,0.7398804894954375
0,0.0498855314603459
0,0.6326907757643285
0,0.7520790168505979
0,0.7590802331069261
0,0.0498855314603459
0,0.0498855314603459
0,0.6796907955728902
0,0.7418050265963001
0,0.777131735333693
0,0.7867284609229281
0,0.0498855314603459
0,0.7517342339820319
0,0.0498855314603459
0,0.6644879044632244
0,0.7697718449540033
0,0.732488450674138
0,0.0498855314603459
0,0.8298578974150012
0,0.8299878301165081
0,0.0498855314603459
0,0.727926632533155
0,0.6858353619379913
0,0.8146935569218442
0,0.7981378198092299
0,0.0498855314603459
0,0.0498855314603459
0,0.8365135017565458
0,0.6968111664164856
0,0.6280717222059974
0,0.6727330777728484
0,0.7341110734881281
0,0.7038550517720976
0,0.751058659949153
0,0.0498855314603459
0,0.7791568540992274
0,0.757366789567804
0,0.7707979044779985
0,0.6988781827048641
0,0.8517111512981149
0,0.7027462920766165
0,0.7631962300340986
0,0.8092548297467199
0,0.7489130484381431
0,0.8118297519952401
0,0.6745160304359205
0,0.6838118846209525
0,0.8230470599673493
0,0.7633772933974083
0,0.6169380670955982
0,0.0498855314603459
0,0.8435487607500227
0,0.7519928036547515
0,0.0498855314603459
0,0.8123168303943262
0,0.0498855314603459
0,0.7297221911047332
0,0.7981077991379283
0,0.7944004595946289
0,0.7363702794529076
0,0.0498855314603459
0,0.6910884449451387
0,0.7394526964672655
0,0.0498855314603459
0,0.624586027831012
0,0.0498855314603459
0,0.7580519400677256
0,0.7027250136671845
0,0.0498855314603459
0,0.0498855314603459
0,0.0498855314603459
0,0.7097852530611557
0,0.6775703463849685
0,0.7824100100880513
0,0.7560070523518756
0,0.7078088109803751
0,0.7598045612580328
0,0.7541554326376563
0,0.0498855314603459
0,0.880693257396431
0,0.7428858614501659
0,0.0498855314603459
0,0.0498855314603459
0,0.0498855314603459
0,0.7625794912378702
0,0.8166080938311544
0,0.7363848400742016
0,0.0498855314603459
0,0.0498855314603459
0,0.760259321807465
0,0.7512657798076322
0,0.0498855314603459
0,0.0498855314603459
0,0.0498855314603459
0,0.7610582958611668
0,0.6869124786951968
0,0.865754037749642
0,0.7531340459223753
0,0.7678444862107757
0,0.0498855314603459
0,0.0498855314603459
0,0.0498855314603459
0,0.0498855314603459
0,0.8011978546602013
0,0.7455859358803334
0,0.0498855314603459
0,0.0498855314603459
0,0.8135978117349114
0,0.7488906259420605
0,0.7987569212034266
0,0.0498855314603459
0,0.6849027215334701
0,0.0498855314603459
0,0.0498855314603459
0,0.7489398264877143
0,0.0498855314603459
0,0.7572630196972201
0,0.741963373117297
0,0.7765400943864023
0,0.8178849599048585
0,0.7634445595983855
0,0.0498855314603459
0,0.7475034541207224
0,0.8290621583314819
0,0.6480255518500703
0,0.0498855314603459
0,0.6274509095196401
0,0.0498855314603459
0,0.6604857775839992
0,0.634192024441216
0,0.7507805021081454
0,0.7389010630472476
0,0.7531847756949638
0,0.7814679969002304
0,0.0498855314603459
0,0.7536108760505388
0,0.0498855314603459
0,0.0498855314603459
0,0.7836997566490581
0,0.0498855314603459
0,0.7617077721826474
0,0.0498855314603459
0,0.8363451306261181
0,0.7624632256224859
0,0.8160234529041142
0,0.0498855314603459
0,0.7627540124326664
0,0.7579950331903793
0,0.0498855314603459
0,0.0498855314603459
0,0.7866742302405525
0,0.0498855314603459
0,0.0498855314603459
0,0.7675953911017125
0,0.9767414242517226
0,0.7553198210702858
0,0.7616127909742835
0,0.7665580984045776
0,0.7049398143097373
0,0.0498855314603459
0,0.0498855314603459
0,0.7336851271840966
0,0.7495191929100324
0,0.7275119251916758
0,0.7900948975173963
0,0.0498855314603459
0,0.8006806927920318
0,0.7599913633364893
0,0.7493922491096442
0,0.6567918986195314
0,0.5915683314522036
0,0.0498855314603459
0,0.7352952262706447
0,0.7397270881660684
0,0.7854316250218305
0,0.7627014518252919
0,0.0498855314603459
0,0.7625289797256398
0,0.0498855314603459
0,0.0498855314603459
0,0.7208568313871999
0,0.7671748958956071
0,0.7475843800383702
0,0.0498855314603459
0,0.7502271578283928
0,0.0498855314603459
0,0.7459171737255531
0,0.947972874918114
0,0.6054595932228191
0,0.7587937496569225
0,0.7978744980924065
0,0.0498855314603459
0,0.0498855314603459
0,0.7578980944934715
0,0.732862295801259
0,0.0498855314603459
0,0.0498855314603459
0,0.0498855314603459
0,0.7239898339157754
0,0.0498855314603459
0,0.8158329604292706
0,0.7552204025452259
0,0.7725602111038745
0,0.7663933678862924
0,0.0498855314603459
0,0.0498855314603459
0,0.9977175578852814
0,0.7950403455198136
0,0.7722776854119708
0,0.7495871448716462
0,0.0498855314603459
0,0.0498855314603459
0,0.7346450479625769
0,0.0498855314603459
0,0.752386094020311
0,0.6423521604424154
0,0.7463878560191369
0,0.0498855314603459
0,0.6649211103063519
0,0.7578762619908808
0,0.7565728787709592
0,0.7479836978560062
0,0.7596509538157344
0,0.6937241579360468
0,0.0498855314603459
0,0.7912928028023124
0,0.7602271157943696
0,0.7535342442800489
0,0.0498855314603459
0,0.6804435817863332
0,0.0498855314603459
0,0.7512498525553575
0,0.7322532251118773
0,0.7639154014309999
0,0.6436401218561046
0,0.0498855314603459
0,0.0498855314603459
0,0.7543036969804947
0,0.7594236594627582
0,0.759047476914443
0,0.8560861245481217
0,0.7608517729033684
0,0.0498855314603459
0,0.7307374558076907
0,0.0498855314603459
0,0.7514628498357118
0,0.7632241358399932
0,0.0498855314603459
0,0.0498855314603459
0,0.0498855314603459
0,0.7527550986135316
0,0.0498855314603459
0,0.7712378994498145
0,0.0498855314603459
0,0.6720038245906848
0,0.7761287668753941
0,0.7496868815569568
0,0.6928775182361351
0,0.0498855314603459
0,0.7476772268606718
0,0.7463167320452061
0,0.6679349209362143
0,0.0498855314603459
0,0.6086264767703333
0,0.8261509460024832
0,0.7361817611481418
0,0.7646527421403972
0,0.7962664758774035
0,0.0498855314603459
0,0.0498855314603459
0,0.6638670766401733
0,0.7216294888295647
0,0.5939303007406149
0,0.0498855314603459
0,0.7515207589325468
0,0.7111580670746229
0,0.0498855314603459
0,0.0498855314603459
0,0.6357690293166374
0,0.8213527136055137
0,0.7013092525922483
0,0.6537353787894594
0,0.0498855314603459
0,0.79826363749822
0,0.7672101461417071
0,0.7214756071025629
0,0.752346046386209
0,0.7655524966371309
0,0.0498855314603459
0,0.6888816334144329
0,0.7677610106743852
0,0.7956665530722122
0,0.0498855314603459
0,0.5855657041788037
0,0.7578719677402419
0,0.6520169472774716
0,0.7501381581550444
0,0.0498855314603459
0,0.7497344160034538
0,0.7442955982649837
0,0.7759324645282434
0,0.0498855314603459
0,0.0498855314603459
0,0.0498855314603459
0,0.796472201274001
0,0.584867488066665
0,0.0498855314603459
0,0.6948965644685806
0,0.8698080171214869
0,0.73772687564955
0,0.7254045806275841
0,0.0498855314603459
0,0.0498855314603459
0,0.0498855314603459
0,0.0498855314603459
0,0.7600164843437287
0,0.7470685497035428
0,0.7612857806272669
0,0.7686073111681889
0,0.8202427082554876
0,0.7510917985243086
0,0.7619506619123138
0,0.7358260245269088
0,0.0498855314603459
0,0.709200163543418
0,0.7240218982478414
0,0.8122073574091019
0,0.837413149527099
0,0.7710361707420978
0,0.0498855314603459
0,0.7414830809210309
0,0.7260885189392782
0,0.756931153002103
0,0.0498855314603459
0,0.0498855314603459
0,0.6223683558244716
0,0.7109870268735217
0,0.0498855314603459
0,0.8079206422579293
0,0.6876855094009513
0,0.0498855314603459
0,0.0498855314603459
0,0.6879984232853212
0,0.840224673537045
0,0.6214722758230078
0,0.7926687536086116
0,0.7696110720124325
0,0.0498855314603459
0,0.7758476602703896
0,0.7521207162841632
0,0.7714792091118023
0,0.0498855314603459
0,0.930975630135049
0,0.0498855314603459
0,0.7470366292058218
0,0.0498855314603459
0,0.736186603009811
0,0.0498855314603459
0,0.0498855314603459
0,0.6679800054778623
0,0.0498855314603459
0,0.0498855314603459
0,0.7298791723824353
0,0.7493922999586823
0,0.6999934462696082
0,0.0498855314603459
0,0.7436687463222228
0,0.806245405795392
0,0.7584377858642495
0,0.7606370899265118
0,0.684501207482848
0,0.6722154714911495
0,0.7515240647959471
0,0.7577209692941155
0,0.0498855314603459
0,0.0498855314603459
0,0.0498855314603459
0,0.760724771186624
0,0.8078954144678909
0,0.0498855314603459
0,0.7727089744899506
0,0.7502306945211162
0,0.7006261473324532
0,0.7761493211600853
0,0.8323214965048215
0,0.0498855314603459
0,0.822552451348424
0,0.0498855314603459
0,0.6297148081897019
0,0.8075753383783525
0,0.766988663695406
0,0.6790323464130557
0,0.0498855314603459
0,0.7174637794586314
0,0.8094343722582356
0,0.6913030171544123
0,0.7213901522578074
0,0.7870132280279851
0,0.8008151622975282
0,0.7537470005432607
0,0.7603726096645764
0,0.7796523613325778
0,0.8023840603261071
0,0.7186161333798304
0,0.8674178866196706
0,0.741113900033235
0,0.6061667662302989
0,0.7340855592684091
0,0.6855903640005118
0,0.6814013133551737
0,0.625215882402977
0,0.0498855314603459
0,0.7614461568767404
0,0.0498855314603459
0,0.5726073289593712
0,0.0498855314603459
0,0.7477420011156781
0,0.5759877997400186
0,0.7412437483420466
0,0.0498855314603459
0,0.7798880970528353
0,0.7563632077627669
0,0.7547399973289466
0,0.0498855314603459
0,0.0498855314603459
0,0.7590719411042817
0,0.7213218276385355
0,0.774114491264301
0,0.7582629194736883
0,0.0498855314603459
0,0.7904471206467449
0,0.0498855314603459
0,0.648580922658722
0,0.0498855314603459
0,0.0498855314603459
0,0.7780924482519812
0,0.7669154092630601
0,0.0498855314603459
0,0.0498855314603459
0,0.8262142954568072
0,0.0498855314603459
0,0.0498855314603459
0,0.0498855314603459
0,0.8481695246202924
0,0.8152858867650268
0,0.8062191867152727
0,0.0498855314603459
0,0.8094723568000952
0,0.7736102467143733
0,0.0498855314603459
0,0.7644394304150398
0,0.0498855314603459
0,0.0498855314603459
0,0.685239402152639
0,0.0498855314603459
0,0.0498855314603459
0,0.6886473760838278
0,0.7505269626092124
0,0.0498855314603459
0,0.0498855314603459
0,0.0498855314603459
0,0.743086403478974
0,0.0498855314603459
0,0.0498855314603459
0,0.7569125662231225
0,0.7623290133090509
0,0.0498855314603459
0,0.734497927610376
0,0.6877190418719735
0,0.7495389313063873
0,0.0498855314603459
0,0.7584161885954259
0,0.7745470893192777
0,0.0498855314603459
0,0.7573185594905961
0,0.6781712989329962
0,0.0498855314603459
0,0.0498855314603459
0,0.7581218568990524
0,0.7214304265834276
0,0.7463207665025936
0,0.8081742118258226
0,0.7930481225193207
0,0.7528401616375985
0,0.0498855314603459
0,0.8536188916372424
0,0.7040805132357624
0,0.7613552003303837
0,0.7544768710936038
0,0.7319953551096392
0,0.0498855314603459
0,0.801895493320683
0,0.780781203800064
0,0.7045137093515246
0,0.0498855314603459
0,0.7784584684276589
0,0.0498855314603459
0,0.7982019581832409
0,0.0498855314603459
0,0.7654868294238707
0,0.7870878579324797
0,0.8649999998518519
0,0.7297233226149066
0,0.6558283678335274
0,0.7616300167988744
0,0.0498855314603459
0,0.7643190422924447
0,0.0498855314603459
0,0.7636125390275794
0,0.7335084920553625
0,0.7932319042121074
0,0.7318579142434641
0,0.7671993270909917
0,0.799098129964254
0,0.0498855314603459
0,0.737961810423847
0,0.0498855314603459
0,0.0498855314603459
0,0.785284841002495
0,0.7704264657963945
0,0.7713127518635047
0,0.7871195192370446
0,0.8144542842041708
0,0.7862352763978734
0,0.7524238575142361
0,0.0498855314603459
0,0.0498855314603459
0,0.7166090190751985
0,0.693127332155368
0,0.6363190662490366
0,0.7573958187218521
0,0.775167948442065
0,0.7291146871971094
0,0.0498855314603459
0,0.0498855314603459
0,0.7695135691691589
0,0.677108362566916
0,0.7084862975798057
0,0.7505694055598922
0,0.7665616425777965
0,0.7644827093117713
0,0.7654089282948254
0,0.6604287040098319
0,0.7602413814978908
0,0.0498855314603459
0,0.0498855314603459
0,0.6828748796303193
0,0.8104285115858344
0,0.0498855314603459
0,0.7597548952292063
0,0.7072680178158792
0,0.7607213885992691
0,0.0498855314603459
0,0.0498855314603459
0,0.0498855314603459
0,0.8459275615831465
0,0.7598847719248943
0,0.8002412969407452
0,0.0498855314603459
0,0.6318886007103499
0,0.0498855314603459
0,0.7630695909594065
0,0.9201481420261785
0,0.7752445669236412
0,0.78226752325143
0,0.0498855314603459
0,0.7261682502212172
0,0.7086131691875708
0,0.7639604532699917
0,0.7827931164802394
0,0.7300991325916324
0,0.7469047279252472
0,0.7459425476715417
0,0.8670910641919694
0,0.0498855314603459
0,0.0498855314603459
0,0.7441999010147896
0,0.0498855314603459
0,0.755932535592714
0,0.0498855314603459
0,0.757100394409094
0,0.0498855314603459
0,0.75193333910131
0,0.0498855314603459
0,0.761227778593187
0,0.7240090912896544
0,0.7654749086064325
0,0.0498855314603459
0,0.750374046465068
0,0.0498855314603459
0,0.7443750977967677
0,0.7625554826009919
0,0.768801640133288
0,0.0498855314603459
0,0.6151623705477669
0,0.0498855314603459
0,0.7103253891704037
0,0.8020978658152346
0,0.7506942480353193
0,0.0498855314603459
0,0.7518301202758335
0,0.8359166492004473
0,0.8126430916142231
1,0.9134783489356686
1,0.8124194313425648
1,0.8385519255219511
1,0.9868572476002638
1,0.9999999998548678
1,0.9702045074395222
1,0.7370943306524785
1,0.7655736807837876
1,0.7619042827497496
1,0.8478963138369616
1,0.8118295153141029
1,0.751217140764133
1,0.7538373211934754
1,0.9199859787537568
1,0.8297122370378718
1,0.8270033562787674
1,0.8552434228660453
1,0.8320490098210463
1,0.8647963453719378
1,0.8506652293664247
1,0.8272125258647328
1,0.854584853117904
1,0.8203661354276738
1,0.8239854623332636
1,0.8113107489697325
1,0.8534273675344585
1,0.7379813544300436
1,0.8539891648257996
1,0.7741352291652225
1,0.7297266402226398
1,0.6693305304928436
1,0.8230564909457764
1,0.7374813820090994
1,0.996694773271508
1,0.8834282271657493
1,0.9883956891942762
1,0.8524796880058105
1,0.7561748090041474
1,0.0498855314603459
1,0.9235587242657134
1,0.8737089846399136
1,0.8436733558438477
1,0.6311823367816469
1,0.8482908783368988
1,0.7674026246388804
1,0.8399846682694014
1,0.7844930253791209
1,0.851495130760909
1,0.8867028337801544
1,0.7503536311270543
1,0.8156715434550861
1,0.7812709654630128
1,0.7548394668481425
1,0.8753070551148683
1,0.9750433947787696
1,0.7352514977200134
1,0.9972938798857772
1,0.8360080673271529
1,0.9883316186839866
1,0.7500341066763827
1,0.8021317061801053
1,0.7516262247800417
1,0.8814880663786103
1,0.8453588099966904
1,0.7362366024777905
1,0.7843815969515656
1,0.8800150743745552
1,0.8342407632195629
1,0.8606270288811582
1,0.8064816224644534
1,0.7743867019443301
1,0.7350982470318421
1,0.8888297370962759
1,0.9020295812277466
1,0.7416892448894298
1,0.0498855314603459
1,0.6915772424934257
1,0.8704269569957349
1,0.7302199774812416
1,0.8896345623047811
1,0.8005036872638234
1,0.8735375086833272
1,0.7912506048179924
1,0.780644388649856
1,0.8791800906428402
1,0.8760476044917198
1,0.7938386289887803
1,0.8241709027809131
1,0.7058438475864351
1,0.7601009723626525
1,0.8122121785305779
1,0.8073295443743266
1,0.7371107625620088
1,0.886443777513775
1,0.78067892230594
1,0.7829790801344179
1,0.8556233689794335
1,0.8027305671210665
1,0.987157255408254
1,0.9519970512939624
1,0.8356776683947071
1,0.7628418703815286
1,0.7980674153997632
1,0.8806457559311941
1,0.7947698286388484
1,0.7759855774833505
1,0.7569669867111697
1,0.9884345711160764
1,0.7632168636676856
1,0.8442567641636213
1,0.8714722747540948
1,0.9260514765199832
1,0.7511009957644085
1,0.8569173106022386
1,0.988108086298308
1,0.7038655502453022
1,0.8166082926106972
1,0.8057059109772652
1,0.7739588199006222
1,0.8883454572239221
1,0.7818283998497502
1,0.8205418878769937
1,0.7823748293799472
1,0.8831386562689006
1,0.9441319075806632
1,0.7859351296639172
1,0.8299793773222685
1,0.7621544837940151
1,0.8110716276854015
1,0.8020378468812946
1,0.7887003142364925
1,0.8735092476789504
1,0.8762323633209058
1,0.8039722285294193
1,0.8880797156789014
1,0.7752053852365365
1,0.8341811644647903
1,0.7780163366321119
1,0.784177839133289
1,0.7518564805510007
1,0.7816176284127827
1,0.7728229161401707
1,0.8382990125114975
1,0.788464406358585
1,0.9130950831215866
1,0.7989711757002945
1,0.8508800413703042
1,0.8029745476274717
1,0.8503264185023742
1,0.8576345121864658
1,0.7763447312153136
1,0.8721086118489666
1,0.8710443655076164
1,0.7297701997586248
1,0.7923964764041603
1,0.8570499032588695
1,0.7499782462747289
1,0.8212839319364931
1,0.787813693391062
1,0.7640866609500797
1,0.8743730960028827
1,0.8507007618118632
1,0.8224677059785325
1,0.8480743111473732
1,0.7559722499143207
1,0.8101420996617185
1,0.8645905722631111
1,0.8436777948905742
1,0.8902887436056901
1,0.8729489261446797
1,0.0498855314603459
1,0.8382388008263312
1,0.8658255772866131
1,0.9975874595098948
1,0.8523707315681279
1,0.9883041409942654
1,0.8018236601672649
1,0.9722667574266518
1,0.801763036999913
1,0.6302327042719319
1,0.8376679946274844
1,0.0498855314603459
1,0.9738988657650474
1,0.8262766678778507
1,0.7863567771687727
1,0.7333342620808916
1,0.8829076480932769
1,0.8324443232932706
1,0.8702293133847251
1,0.7666205996502947
1,0.8495101936722204
1,0.8601503657024492
1,0.783752422543209
1,0.8455485644483811
1,0.7771567318796714
1,0.0498855314603459
1,0.9096303990446484
1,0.7923541523945503
1,0.8807583190138014
1,0.7647036303096374
1,0.8174042675162546
1,0.7552918972786334
1,0.9769340677735002
1,0.9773312796242776
1,0.8134795462832188
1,0.9792529277075308
1,0.7843697014473365
1,0.867652741678227
1,0.7773754344595669
1,0.8431222958912549
1,0.7515828460001663
1,0.8002664823760299
1,0.8407052469017583
1,0.8058992928054364
1,0.7900023647472827
1,0.9796919737131238
1,0.8455317599912667
1,0.7547290977001534
1,0.7041504574924555
1,0.8936453676319885
1,0.8260899102031178
1,0.8468343220666616
1,0.8440431205224805
1,0.7590728573364154
1,0.8729107223578457
1,0.7316375751448657
1,0.7460653266626026
1,0.7904592122259501
1,0.8406726755151808
1,0.8275242876903466
1,0.0498855314603459
1,0.7926766722256979
1,0.7971704172786759
1,0.8576461436576963
1,0.7306587548110683
1,0.7870245206139045
1,0.8928859700638901
1,0.8302850972274374
1,0.0498855314603459
1,0.8040669144486446
1,0.8161843058616678
1,0.799597239298838
1,0.880349912363524
1,0.9115471492134984
1,0.8366048944738089
1,0.8620073520463136
1,0.7130587311787847
1,0.7938948398685545
1,0.9133066687039656
1,0.8761905589588843
1,0.7921047310774653
1,0.9534773639747592
1,0.7539741180808619
1,0.9032822482526868
1,0.8287082794435857
1,0.8568319435432835
1,0.792849144427293
1,0.8762174850345048
1,0.686011761886493
1,0.887212225547629
