orig_idx,label,anomaly_score
87,0,6.905056715011597
4,0,30.649864196777344
90,0,34.458269119262695
122,0,14.126177787780762
17,0,29.326841354370117
112,0,49.59360694885254
34,0,20.126100540161133
72,0,19.069687843322754
39,0,35.607770919799805
120,0,5.828896403312683
88,0,9.956665277481079
154,0,19.26726770401001
32,0,57.82896423339844
89,0,10.081403732299805
20,0,72.35952186584473
8,0,10.217810153961182
73,0,31.112085342407227
71,0,105.77081680297852
103,0,19.842371463775635
27,0,14.735182285308838
149,0,13.25840950012207
61,0,14.113905429840088
24,0,18.282520294189453
118,0,18.008294105529785
127,0,39.91143035888672
115,0,14.398335456848145
51,0,24.131183624267578
1,0,100.99481964111328
64,0,92.63116836547852
76,0,27.765357971191406
67,0,42.49290180206299
49,0,9.83530855178833
94,0,15.563966274261475
68,0,17.445830583572388
29,0,17.16645097732544
55,0,38.846242904663086
113,0,35.585466384887695
125,0,48.25457954406738
53,0,39.46299934387207
143,0,19.36373519897461
163,0,27.6648850440979
45,0,36.600454330444336
44,0,61.96297073364258
105,0,13.872894287109375
152,0,7.984894752502441
66,0,12.241265773773193
14,0,39.57922554016113
86,0,15.43374252319336
158,0,29.171399116516113
36,0,79.13456344604492
60,0,72.64255714416504
98,0,38.081414222717285
50,0,11.16904091835022
62,0,12.423577308654785
16,0,124.22998809814453
79,0,42.79867744445801
155,0,9.282994508743286
160,0,19.75123643875122
128,0,35.30771827697754
35,0,45.971397399902344
117,0,14.042890548706055
83,0,13.33718204498291
82,0,20.31608247756958
9,0,27.394317626953125
166,0,28.904754638671875
75,0,17.25117015838623
126,0,54.692888259887695
142,0,80.82990646362305
134,0,22.246506214141846
84,0,17.019760608673096
133,0,14.5233895778656
63,0,39.245704650878906
33,0,10.512701511383057
37,0,39.347153663635254
104,0,20.03553342819214
5,1,98.50617599487305
23,1,72.64245986938477
30,1,32.56373691558838
65,1,60.117170333862305
70,1,355.3172378540039
85,1,33.107791900634766
93,1,43.89744758605957
96,1,122.80310440063477
106,1,114.50365447998047
107,1,29.59112787246704
110,1,172.46918106079102
116,1,33.79911518096924
138,1,115.92778015136719
141,1,295.03404235839844
146,1,124.46466064453125
150,1,134.68339920043945
