label,anomaly_score
0,0.0470259264255762
0,0.0324914434768969
0,0.0162285825802369
0,0.0472813049049008
0,0.0479398004515952
0,0.0479901154546136
0,0.0311480428529168
0,0.0470249277701972
0,0.0204526617435179
0,0.0173329540719222
0,0.020135549908918
0,0.0199544780713689
0,0.0209136633239196
0,0.0479132627533621
0,0.0480537623936555
0,0.0274787801348507
0,0.0447639731386369
0,0.0480161949201275
0,0.0200654758104786
0,0.047156082738445
0,0.0204014581116569
0,0.0214960644912231
0,0.0482583905342255
0,0.0215881645532463
0,0.0466951190802158
0,0.0354731393725618
0,0.0479953460552213
0,0.0483072164389684
0,0.0480019530633471
0,0.047500328111397
0,0.0468473333219309
0,0.0480982547026718
0,0.0457280300216118
0,0.0179545585648806
0,0.0482837942650959
0,0.0465061087183114
0,0.0218821405938272
0,0.0136133975922143
0,0.0197670008947435
0,0.0241597284455102
0,0.0218828573915817
0,0.0475559475732301
0,0.020748565745037
0,0.037098306452586
0,0.0470321012451615
0,0.0306492415772783
0,0.0186966380513837
0,0.0485983984772305
0,0.0273983217652179
0,0.0240720591242736
0,0.0478404591914468
0,0.0484472490790448
0,0.0477890575301328
0,0.0199318053589325
0,0.0475314282929553
0,0.0212618938736078
0,0.0190939427880764
0,0.0422531828144671
0,0.045422978081795
0,0.0478531197158226
0,0.0163275126907213
0,0.0210177584699583
0,0.048287421039824
0,0.0477006973807723
0,0.048543756315249
0,0.0393450271615639
0,0.0457696672625165
0,0.0458036320672854
0,0.0351747054376664
0,0.0454782701860922
0,0.0480642079175159
0,0.0482225180734665
0,0.0470286386685533
0,0.0508435817320796
0,0.0472390303446467
0,0.0204236373020551
0,0.0349495311531149
0,0.0473397549346861
0,0.0401858194669482
0,0.0218689260617769
0,0.0485457960165012
0,0.0467909922954014
0,0.0176749804364037
0,0.0469922287330844
0,0.0193875702600128
0,0.0480242197471297
0,0.0471691501367291
0,0.0480886352216195
0,0.0175313474506243
0,0.0475323124987903
0,0.0476983613075487
0,0.0282821164328158
0,0.0451164652449533
0,0.0484249247438401
0,0.0210415020089106
0,0.1639813391909548
0,0.0203491943694372
0,0.0388229760993076
0,0.0474456854847246
0,0.0344939003101665
0,0.0474674492859913
0,0.0479206692861644
0,0.0482515181694041
0,0.0484109629937058
0,0.0197883768404427
0,0.0480906502490521
0,0.048027916322273
0,0.0193320526190208
0,0.0485166198694016
0,0.0428008070961242
0,0.015088771729536
0,0.0213447413945661
0,0.0470173667229375
0,0.047898891173803
0,0.0467623379927577
0,0.0475505682479523
0,0.0448794174121894
0,0.0157208899001763
0,0.0204875391950591
0,0.0460145065453397
0,0.0480871271900974
0,0.0259514441696184
0,0.0482812849503414
0,0.0473459720655077
0,0.0476038993277884
0,0.0473056762065092
0,0.0618609825677846
0,0.0221396377887901
0,0.0481262500862959
0,0.0472501534351519
0,0.0453040944860473
0,0.0142463233645613
0,0.0667486747037294
0,0.0277136417546691
0,0.0470001731457218
0,0.0452236850385879
0,0.0479226150867304
0,0.0394235473407128
0,0.0478307120684128
0,0.0457712836105143
0,0.0484880991287764
0,0.0478331498100244
0,0.0460164562751204
0,0.0483956651315278
0,0.0475523429782727
0,0.0214915271092667
0,0.0259942443200242
0,0.044844462112481
0,0.0476431015399914
0,0.0472745251483666
0,0.048150717479957
0,0.0467757865450429
0,0.0475092459923489
0,0.0470183803156636
0,0.0214374229161702
0,0.0485352362082924
0,0.0479009590412326
0,0.0202800940330123
0,0.0461220043602768
0,0.0261757810334392
0,0.0187980291020714
0,0.021086537628837
0,0.0484823753314232
0,0.0189272339901772
0,0.0483536073177826
0,0.0482010246361736
0,0.0311007654283764
0,0.0474136197867661
0,0.027552707514829
0,0.0418983713805349
0,0.0218745335124967
0,0.0230593307795442
0,0.0376789636502254
0,0.0481331081444783
0,0.0241372712913573
0,0.0213744404774009
0,0.0485886481666809
0,0.0222130880809719
0,0.0455768294000657
0,0.046434865209129
0,0.0480972149456138
0,0.0433933629757413
0,0.0477279041020955
0,0.0480951575454963
0,0.0244778937362468
0,0.0165119899404898
0,0.045724662530651
0,0.0111025916277591
0,0.0476061687747922
0,0.0480690090804363
0,0.0470018126631043
0,0.0465489181489029
0,0.0485913148487401
0,0.0473069613487195
0,0.0203564674243261
0,0.0162956974279469
0,0.0475107196847622
0,0.0141672440106257
0,0.0376908057789874
0,0.0481660300731389
0,0.0454926246255002
0,0.0456441680476537
0,0.0217413787923134
0,0.020191640434768
0,0.0212599805873337
0,0.0219305034677626
0,0.045639650449151
0,0.0484784115893405
0,0.0142022235309922
0,0.0471743701487386
0,0.0467687501381578
0,0.0467789663423477
0,0.0471679046319351
0,0.0601914681109617
0,0.0219617728549999
0,0.0479901666547013
0,0.0409577887138801
0,0.0451141078299982
0,0.047173736381742
0,0.048172836925428
0,0.0451727875064316
0,0.0475527363601755
0,0.048471251154387
0,0.0314557175820659
0,0.0478093682429463
0,0.1746510584802366
0,0.0471302686512978
0,0.0208472211530438
0,0.0480700915464652
0,0.0218037276936147
0,0.0195288691510989
0,0.0467787089156701
0,0.0220930853826774
0,0.046748036592362
0,0.0346400874974392
0,0.0136509470483472
0,0.0467386241503459
0,0.0474391310669416
0,0.0484833131032834
0,0.0459501637378807
0,0.0462529700298266
0,0.0476066290955805
0,0.0161053456084517
0,0.0477313004673913
0,0.0473013913247293
0,0.0144457997105654
0,0.0455242338731517
0,0.0611817573863949
0,0.0216893159256897
0,0.0389493512219846
0,0.0266988285435875
0,0.0461803404789103
0,0.027758460622032
0,0.0466919270041495
0,0.0481057667025985
0,0.0452631622842217
0,0.0524738684269219
0,0.0471792719478943
0,0.0217056251850782
0,0.0457345910188174
0,0.04779115433073
0,0.0219822648237329
0,0.0464833785523979
0,0.0600242030537889
0,0.0199237574019636
0,0.0482249584836173
0,0.0210670444073714
0,0.0469574828564423
0,0.0459868100451304
0,0.021860883378629
0,0.0991454389378071
0,0.0198783289303708
0,0.0351665717792569
0,0.0195913168955455
0,0.0476894944397405
0,0.0464813826442411
0,0.0452277220902648
0,0.0482777407310206
0,0.0278034100979327
0,0.0159784926264978
0,0.0347439867392064
0,0.0212529297494247
0,0.0468581764100206
0,0.0481295220985417
0,0.066880549886308
0,0.0469450173457326
0,0.0175151791273506
0,0.0479614007034065
0,0.0450996282910257
0,0.0462427527781282
0,0.0476179475764972
0,0.0471814895889591
0,0.0485184472928881
0,0.0472227772449717
0,0.0483170475670439
0,0.0476139748815515
0,0.021711168285426
0,0.0326011800629338
0,0.0451476894576937
0,0.0138029114340631
0,0.018445840966471
0,0.0160922272243842
0,0.0470995777157943
0,0.0332735635768344
0,0.0484734036105592
0,0.0454711609816991
0,0.0478331916476397
0,0.0475761191554349
0,0.0174544989137495
0,0.0473262722028368
0,0.0480291248388879
0,0.0199570923098503
0,0.0458104310031636
0,0.048259725281475
0,0.0124501395870144
0,0.0484938935424715
0,0.04795424938484
0,0.0215984844258877
0,0.0535003158640697
0,0.0476805449352445
0,0.0198481289225656
0,0.0484534673296954
0,0.0478335021729017
0,0.0462574153792558
0,0.0474247136409081
0,0.0452628211971522
0,0.0477652812745236
0,0.048318570503026
0,0.0220173284305312
0,0.0219792126861506
0,0.0452436714256306
0,0.0483021391949657
0,0.0535634817764292
0,0.0636924037866224
0,0.0220064724588364
0,0.0478756708955284
0,0.0485520513613819
0,0.0286956819161651
0,0.0483302805761199
0,0.0484116612465732
0,0.0389263879311367
0,0.0458931440292068
0,0.0196689747790874
0,0.0474192369960097
0,0.0216965437375156
0,0.0204723756131406
0,0.0479903449221842
0,0.0338407969327023
0,0.0453657853924296
0,0.044704654043472
0,0.0477789291664693
0,0.0210879741112886
0,0.0478223315692423
0,0.0198185072031753
0,0.0482921127232976
0,0.0467778071045272
0,0.0202033761051858
0,0.0481151402159953
0,0.0461377823034199
0,0.019899828490254
0,0.0454810630266446
0,0.0481929229828789
0,0.0484040527550523
0,0.045224014497401
0,0.0458862205345576
0,0.0400896215716402
0,0.0463504179998365
0,0.026236796430596
0,0.04624588126252
0,0.0481606251782505
0,0.0477155870643963
0,0.0439523137962349
0,0.0192441881046462
0,0.0678640159714421
0,0.0343020268762102
0,0.0220976134418913
0,0.0455672575381112
0,0.0369699942290512
0,0.047498131337794
0,0.0483327647283009
0,0.0482141239904843
0,0.0481604453802948
0,0.0216814730155876
0,0.0155514228812731
0,0.0485674403406243
0,0.0448770311813621
0,0.021203850468081
0,0.0482246740922527
0,0.0452749453978477
0,0.0348398005316786
0,0.0476810406680184
0,0.0479955184017898
0,0.046497724985571
0,0.0483490166788605
0,0.0480419077628018
0,0.0219937446184467
0,0.0569499167112904
0,0.0467097104554481
0,0.048010430717996
0,0.0484343002264816
0,0.0210739825042515
0,0.0477888382277104
0,0.0368252146383678
0,0.0778029080920598
0,0.0628508690647421
0,0.040150543673508
0,0.021237283011308
0,0.0124412581203957
0,0.0219048741762802
0,0.0186055897779328
0,0.0470355176106081
0,0.0345480962769054
0,0.0476001429640308
0,0.0457812895916893
0,0.0482536819232122
0,0.0452351932101217
0,0.0131763306971685
0,0.035855168780773
0,0.0157340853931814
0,0.0396997396938552
0,0.0169706159268556
0,0.0477248106893607
0,0.0167458839400997
0,0.0140141861813982
0,0.0200843187766702
0,0.0476082785439202
0,0.0469695405750781
0,0.0479013857393117
0,0.0464621776248671
0,0.0220622460101903
0,0.0472540698077137
0,0.0469317036664499
0,0.0252414598370964
0,0.0127718577608134
0,0.0394178576293655
0,0.046981911997219
0,0.0471325032811768
0,0.0170325516250812
0,0.0140334018647991
0,0.016448698365799
0,0.0484040185973223
0,0.0473724478772953
0,0.0476142796407513
0,0.0481292749729543
0,0.0471219325251995
0,0.0477955311785405
0,0.0229501749525678
0,0.0476106683553516
0,0.0484164406627314
0,0.0483994508236544
0,0.0478812091250538
0,0.0452038666906665
0,0.0332417386292872
0,0.0198620645071259
0,0.0349550781129571
0,0.0486339167283195
0,0.0454480620183334
0,0.0478147866996724
0,0.0452518389423916
0,0.0479059029798537
0,0.0473719827640491
0,0.0344041505652442
0,0.021455249780439
0,0.016768847272833
0,0.044817914874491
0,0.0164910754549993
0,0.0483872759184818
0,0.0215264060984022
0,0.0355426287501843
0,0.0478310519519608
0,0.0454382090806009
0,0.03462835810496
0,0.0482258985713938
0,0.0147128683702239
0,0.0206119858995843
0,0.0461983087381398
0,0.0179642253349255
0,0.0483000081087039
0,0.0627528167419155
0,0.0225871589926998
0,0.0169263165038038
0,0.0451123785184038
0,0.0387769108226562
0,0.0233096054679839
0,0.0306824349715426
0,0.0249085346150509
0,0.045887030486986
0,0.0477944606314785
0,0.0481631394450338
0,0.0459321894220976
0,0.0478406147644999
0,0.0478707468328588
0,0.0201977986440072
0,0.0480767492450358
0,0.0468122131736393
0,0.0447867566352001
0,0.0451167616744721
0,0.0448331279880291
0,0.0219709119828249
0,0.0177664754528838
0,0.0460161424702007
0,0.0654754653324249
0,0.0465135902792459
0,0.0453879107317566
0,0.0164641833696322
0,0.04800812093308
0,0.0475503389027755
0,0.0479140327854117
0,0.0174579543887901
0,0.0482035195008997
0,0.0172547817222988
0,0.0482588524477653
0,0.0453953171330703
0,0.0216528987511788
0,0.0484255393916068
0,0.0394427934374635
0,0.046056893710076
0,0.1647059024702069
0,0.0479887252795545
0,0.0995037852506551
0,0.0481262539686385
0,0.0217488409865823
0,0.0467016911477571
0,0.0456798805762237
0,0.0208657022979378
0,0.0179822359047176
0,0.0215702454826419
0,0.0135558261181897
0,0.0455782194645395
0,0.0209479680334865
0,0.0158699262355718
0,0.0484027904640392
0,0.037739893720533
0,0.0255347336055754
0,0.0225539107165618
0,0.0456619338736932
0,0.0215655293994488
0,0.047726549277697
0,0.0468002000506158
0,0.0464752888167745
0,0.0150152028944653
0,0.0088656577799993
0,0.0173028327636991
0,0.0219111327965095
0,0.0470745513728702
0,0.0321409175295585
0,0.0456528406274
0,0.0452709557477795
0,0.038772579724313
0,0.0457161370493551
0,0.0452297908115712
0,0.0475025736320134
0,0.0478998961333329
0,0.0470940180798326
0,0.0345912828282492
0,0.0449858736416531
0,0.01430564951667
0,0.0482053368458168
0,0.0484760970786567
0,0.0196239418276763
0,0.0203171381956587
0,0.0473291850992657
0,0.0475157841616657
0,0.0467674316188489
0,0.0477831151760659
0,0.0483902347530977
0,0.0275437025686981
0,0.0483565930523561
0,0.0327957328403816
0,0.0458711208437338
0,0.0480906144252643
0,0.0480101497339613
0,0.0324730403308249
0,0.0449984861732616
0,0.2198988655044534
0,0.0215774129938192
0,0.0379799490943959
0,0.047171571416963
0,0.0482182648481421
0,0.0218584537539293
0,0.0465752449048639
0,0.04697317383929
0,0.0480679318702441
0,0.0131896508467188
0,0.0477896927005164
0,0.0447420687663058
0,0.0159408090960112
0,0.0155329529567231
0,0.0346625566370232
0,0.0479998606306044
0,0.0452786565727457
0,0.0387043945633217
0,0.018602369488234
0,0.0211017683264026
0,0.020432105542266
0,0.0220790437794901
0,0.0218760210956286
0,0.0222406539516419
0,0.0159867593006871
0,0.04782699913669
0,0.0270384261262713
0,0.0372592231924955
0,0.0191172956070396
0,0.0434147270940837
0,0.0346534208960472
0,0.047793091746499
0,0.0214502445712591
0,0.0481159850385065
0,0.0169433980769501
0,0.0174719879145931
0,0.0461011388391777
0,0.0206220183820234
0,0.0461568031050162
0,0.0203127554095462
0,0.0484929176485252
0,0.040152814714483
0,0.0531282671658517
0,0.0468190241218869
0,0.0465834152671404
0,0.0458486237384944
0,0.0472004679196154
0,0.0484474609165442
0,0.0219132244178446
0,0.0475698198791602
0,0.0465141339772196
0,0.0204338795045368
0,0.0222307301828366
0,0.0393861146554993
0,0.189110919009209
0,0.0478664296902454
0,0.0365551176938228
0,0.0434701171864244
0,0.0156443346169247
0,0.0480687470377053
0,0.0241359584790215
0,0.0186790230824149
0,0.0474616751570486
0,0.0214815762627303
0,0.0469321232508491
0,0.0461973501957658
0,0.0470196356635781
0,0.0456778390572142
0,0.0460215485393974
0,0.0479121828437295
0,0.0484505842689689
0,0.0460560112721656
0,0.0432218931930815
0,0.0463430658916007
0,0.0204756304528459
0,0.0455098121790952
0,0.0481149712119434
0,0.032475204624219
0,0.0478005705313066
0,0.0469247031488482
0,0.0455637759389864
0,0.0481487596793232
0,0.0483227317637169
0,0.0275447818427142
0,0.0466730023850112
0,0.0207957381097964
0,0.0460422024006672
0,0.0590097250569019
0,0.0484215958934127
0,0.0476271337978001
0,0.0474797290043511
0,0.0239939488325181
0,0.0163924312696914
0,0.0222706134128384
0,0.0480413322576654
0,0.0477160083711712
0,0.0477925964462038
0,0.0456443479864787
0,0.0479213894084045
0,0.0214456797860019
0,0.0221556790857451
0,0.0477918686318435
0,0.0218868630774661
0,0.048171889798386
0,0.0472088708474571
0,0.045399010252737
0,0.0206115758201212
0,0.02105058876764
0,0.019896573443678
0,0.0458076718644678
0,0.046570859278465
0,0.0401756568608423
0,0.0451689532268578
0,0.0190463681335632
0,0.0482689450413889
0,0.0475183151533383
0,0.0478704536760477
0,0.0470247450811432
0,0.0102538783635466
0,0.0159616626061318
0,0.0457121373118354
0,0.0478402633733252
0,0.0457611700727418
0,0.0412552975263369
0,0.0182374080286456
0,0.0156706460868672
0,0.0483810618582842
0,0.0455930276528671
0,0.0453658056608186
0,0.0464973475221332
0,0.0457977480268347
0,0.0477344761195679
0,0.0189371085864756
0,0.0123407422481396
0,0.0477940693544369
0,0.0465280258185398
0,0.0276125074413563
0,0.0207793103119141
0,0.0241395312983616
0,0.0437341734638819
0,0.0481836141031148
0,0.0457046658773731
0,0.0477301120539274
0,0.0480392841985566
0,0.0215540464484253
0,0.0326001667251602
0,0.0609399870874142
0,0.0479552112040914
0,0.0198757519745664
0,0.0477082476007205
0,0.0482811100522876
0,0.0165723740849727
0,0.0483819380461387
0,0.0483878964460078
0,0.0461651368011301
0,0.048197624430172
0,0.0483949101181113
0,0.0280212770769774
0,0.0359127171961679
0,0.0180276957745281
0,0.048364988063354
0,0.0476622616832531
0,0.0481560598335786
0,0.048400320401795
0,0.0448493923377559
0,0.0380014902607558
0,0.0475261330123629
0,0.0478645558031569
0,0.0457113942776731
0,0.0199121600055988
0,0.0212703986501095
0,0.0287912612939391
0,0.0346939111658177
0,0.0476814866494863
0,0.0483497282764767
0,0.0146886804210114
0,0.045276766162064
0,0.0480250277096029
0,0.0359348357775567
0,0.0473993987007518
0,0.0205516078296563
0,0.048675592856256
0,0.0483434003982416
0,0.0207369090352051
0,0.0473550773247326
0,0.0469069228131791
0,0.046667375512967
0,0.027485803836981
0,0.0482371419193649
0,0.0121100099008572
0,0.0457879240159127
0,0.0216546581502938
0,0.0471689069360354
0,0.0480881867985249
0,0.0201961041746474
0,0.0482239191134651
0,0.0480729749240272
0,0.0580781153769104
0,0.0282742171151529
0,0.0461189974956866
0,0.0169435286388089
0,0.0471342074203108
0,0.0158117476646073
0,0.0467093029727147
0,0.0467913883184899
0,0.0213472235053966
0,0.0481685068749703
0,0.0468711172079384
0,0.0463627527784303
0,0.0480281714913666
0,0.0218998323273178
0,0.0183875315274942
0,0.0480317449662272
0,0.0453608148885858
0,0.0478668774816295
0,0.0455617181415528
0,0.0443143319859585
0,0.0210231508523914
0,0.0264506180832469
0,0.0477701187395123
0,0.0480716096065042
0,0.0478270724286677
0,0.0218579924732916
0,0.0465969672798146
0,0.0478678733828652
0,0.0473116290209352
0,0.0468107824263207
0,0.0291911683688108
0,0.0367523929159258
0,0.0483946283168248
0,0.037433453968408
0,0.0213183135832054
0,0.0451727236587026
0,0.0484202932963061
0,0.0220264122586229
0,0.0481509953479177
0,0.0229102059501469
0,0.0475035030988073
0,0.0466345159014128
0,0.0483123888360288
0,0.0478897604027499
0,0.0476942501544763
0,0.032468166748425
0,0.0434047524607746
0,0.0192033292075685
0,0.048161864795651
0,0.0483960470797135
0,0.0455511237299486
0,0.0376657398110315
0,0.0479102066321184
0,0.0220444915451356
0,0.0474927354054033
0,0.0218641733163812
0,0.0192923167731319
0,0.021016967615215
0,0.0121047828883531
0,0.0122198164591217
0,0.0456935222014121
0,0.03252127557654
0,0.0210236426125357
0,0.0483552846484726
0,0.0483372340825501
0,0.0472196941063724
0,0.0253156439990102
0,0.0194068487008709
0,0.0218759197908069
0,0.0122614281432294
0,0.0452426652637524
0,0.0165026505704761
0,0.0484275223604604
0,0.0484110943267619
0,0.0192633511093844
0,0.0473635014389761
0,0.0214953478127175
0,0.0485006358593501
0,0.0348522652853725
0,0.0452961716838562
0,0.0160289448188336
0,0.0479808447576965
0,0.0476614339936156
0,0.0394409529560482
0,0.0469985351304636
0,0.0120862271837249
0,0.0325229757896542
0,0.0187733829077605
0,0.0485425843601776
0,0.0481505020338817
0,0.0390034629990468
0,0.0461168189660002
0,0.0453169304096557
0,0.0477623646692369
0,0.0217077819902661
0,0.0455790527122355
0,0.0473974641070936
0,0.0479639395134808
0,0.0219141755479794
0,0.0205579580913324
0,0.0170893067394163
0,0.0483936699052211
0,0.05172632175827
0,0.0470727703943706
0,0.0454126544824686
0,0.0480191940948233
0,0.0219356317057635
0,0.0436750422095826
0,0.0480848888699076
0,0.0205465841469463
0,0.0218452530809146
0,0.0471333900580968
0,0.0304399320052522
0,0.0458342879275779
0,0.0272736777626208
0,0.0474953858764609
0,0.0217931860644177
0,0.0477411264622539
0,0.044761261855931
0,0.0475953689281538
0,0.0461204984939627
0,0.0475564795726462
0,0.0144296326004949
0,0.0210330281778636
0,0.0483917413097289
0,0.0463276933399787
0,0.0485526088593983
0,0.035768608251709
0,0.0456315186480876
0,0.048055640965618
0,0.0472099327400357
0,0.0483923698373363
0,0.0161289205302694
0,0.0333649851841961
0,0.0477499326706424
0,0.046986916518684
0,0.0350538660339154
0,0.02744151248852
0,0.0473384454869234
0,0.0473527556437314
0,0.0463816772280812
0,0.0475549531002073
0,0.0275464213056458
0,0.048394883480233
0,0.0484161518858348
0,0.0481335489587666
0,0.021579186432295
0,0.0457334990013887
0,0.0460632145363903
0,0.0151338564777176
0,0.0200900626409906
0,0.0215201408534396
0,0.048391026975803
0,0.027859937466422
0,0.0476994699687432
0,0.0460372738828962
0,0.0178701581106021
0,0.0457646291261588
0,0.0511006861304953
0,0.1917080960157854
0,0.0452089509091956
0,0.0473137652332687
0,0.0489132337806055
0,0.0217699767163943
0,0.0196896262458692
0,0.0460609868380255
0,0.0408811142112612
0,0.020062962365496
0,0.0388201796940005
0,0.0477499082001874
0,0.0267643677003562
0,0.0191265854931894
0,0.022000855326401
0,0.1822939770797097
0,0.0478030301467843
0,0.0477765170694347
0,0.0467379938472066
0,0.024083465530364
0,0.0266830714132955
0,0.048222333288915
0,0.0480747693339488
0,0.0148866474635195
0,0.0214972209339843
0,0.0376748610436317
0,0.046584984400613
0,0.0366901940950628
0,0.048368141017268
0,0.0163688848013634
0,0.0479066150199795
0,0.0479582853389915
0,0.0482213596400221
0,0.0209501376485291
0,0.0349314769095141
0,0.048490617968123
0,0.0471323845430585
0,0.0476679579428812
0,0.0209554765104728
0,0.0457149222747753
0,0.0480404080726769
0,0.0459631628570964
0,0.0485270945474293
0,0.048379002438033
0,0.0178978887507177
0,0.0471716668008288
0,0.0452404472434493
0,0.0159766045695685
0,0.0473472365784932
0,0.0453215789383115
0,0.0357824070999093
0,0.0170914129009509
0,0.0469582274767503
0,0.0461386730344602
0,0.0477739825615593
0,0.0195842031672374
0,0.0478733166287523
0,0.0420689627602067
0,0.0457222820273471
0,0.0219859343060073
0,0.0479018270341645
0,0.0192309025659687
0,0.0482884967349847
0,0.0475198535409206
0,0.0480348901512342
0,0.0211333504522696
0,0.0483637862033536
0,0.0464954104376747
0,0.0482349542818878
0,0.0467753995108325
0,0.0481510865453628
0,0.0220228624263202
0,0.0482684426126504
0,0.0324717810382067
0,0.0477300407276692
0,0.037258348546929
0,0.0292339985428329
0,0.0156658077346294
0,0.046217092259406
0,0.0457680985282736
0,0.0149530986872048
0,0.0476475007320983
0,0.0459538736775994
0,0.022028651077905
0,0.0271820101135221
0,0.0479973349518641
0,0.0221102883417246
0,0.0461602148787579
0,0.0210841984115507
0,0.0355358359585992
0,0.0485379876237206
0,0.0215585339716757
0,0.0452198539231593
0,0.0212136065457616
0,0.0469954913452374
0,0.0466211046296779
0,0.0199998913703942
0,0.0454792456024598
0,0.0482594993296032
0,0.047246254996256
0,0.0478182754639923
0,0.0480931753720544
0,0.0202173703519916
0,0.0194610751636216
0,0.0469933990574106
0,0.0205535511004559
0,0.048089618692323
0,0.0468745410499636
0,0.0220927467704912
0,0.0483966878751861
0,0.0463405645171286
0,0.041385005880506
0,0.0130149136937055
0,0.0450920106091581
0,0.0159087174373431
0,0.019124963052529
0,0.0476064802339057
0,0.0214935880907274
0,0.0469377916520005
0,0.0189587345270135
0,0.1643942922400365
0,0.0436908034460273
0,0.0222187451012089
0,0.0213987246062359
0,0.047827556155267
0,0.0476057644807071
0,0.0454497257789547
0,0.0120365276163985
0,0.0478419579285168
0,0.0457707460534852
0,0.0170677052715946
0,0.0475595268124626
0,0.0478828851949674
0,0.0482556969959096
0,0.0623483808828109
0,0.0179631628319314
0,0.0161105281944872
0,0.0482641739304021
0,0.0481984998217021
0,0.0344866388389308
0,0.0301990118442563
0,0.0455232898910262
0,0.0477271566559927
0,0.0479391594506791
0,0.0271960265367753
0,0.04614405365839
0,0.047838664359208
0,0.0217996098481661
0,0.0196420147509964
0,0.0215974817909897
0,0.0205915109432726
0,0.048053116135337
0,0.0474168997516526
0,0.04792402437327
0,0.0477229096363009
0,0.0216510061766494
0,0.0469071094519037
0,0.0325171593658332
0,0.047348285791176
0,0.047583064608707
0,0.0455822582449205
0,0.0189827048261271
0,0.0368855064955592
0,0.0478055070362284
0,0.0456991165505124
0,0.0478323120504085
0,0.0466726861232991
0,0.0168825286913793
0,0.0186925740129688
0,0.0426262727829673
0,0.0439597597284943
0,0.0119725185402575
0,0.0218455853837003
0,0.039583039299268
0,0.0423747641011725
0,0.0483394097088341
0,0.0453069512284302
0,0.0478184373259163
0,0.0146472158733154
0,0.0201233400686975
0,0.0628632438124824
0,0.0453717631464496
0,0.0479962665329213
0,0.0475370840054291
0,0.047723286827669
0,0.0467364179976623
0,0.0157339532103121
0,0.0483717093340967
0,0.0464255604487221
0,0.0463403687503122
0,0.0467456038983036
0,0.0473696906184706
0,0.0472503637468279
0,0.0213455949301415
0,0.0462142335293559
0,0.0626460857957947
0,0.0458031540001975
0,0.0469342231977281
0,0.0484405697914736
0,0.0475174512370234
0,0.0143509680604433
0,0.0484120377211695
0,0.0202509780479438
0,0.0454092953542897
0,0.048098680038817
0,0.04848471536994
0,0.047170900538382
0,0.0477951574959771
0,0.0480338445549832
0,0.0475201951885115
0,0.0461448060441675
0,0.0464507832123359
0,0.0199203351313542
0,0.0140411238204748
0,0.0347024196549189
0,0.0211734588389748
0,0.0220325036266575
0,0.0473385238684492
0,0.0169273911592785
0,0.0175669465157288
0,0.0478657891490318
0,0.0470653335305803
0,0.0474566790311765
0,0.0482679395876475
0,0.0484221492920015
0,0.0467360383691618
0,0.0481611832785465
0,0.0398808369332852
0,0.0471231308183317
0,0.0465971862757028
0,0.0367134552172462
0,0.020955686830273
0,0.0453570136328409
0,0.0201371467445012
0,0.0450754185000547
0,0.0481923790170483
0,0.0465765810209319
0,0.0480866422230535
0,0.0185772152911822
0,0.016200110754309
0,0.0252313012181981
0,0.0203768748022996
0,0.0454385332121382
0,0.0471478696268913
0,0.0347254626689431
0,0.0465288887574064
0,0.0488109676452162
0,0.0454300790698405
0,0.0457925753082749
0,0.0220705589440263
0,0.0209806153972858
0,0.0463758036643231
0,0.0413275832650745
0,0.0291954140721048
0,0.0475809840928297
0,0.0275191970969913
0,0.0370139035431764
0,0.0208405011767296
0,0.0357759740045043
0,0.0210383406515104
0,0.0482586333318108
0,0.0345396132510029
0,0.0162219103979344
0,0.0450490755669197
0,0.0188942967463948
0,0.0480223871627411
0,0.0328577723689661
0,0.0451620000324161
0,0.0480688608839178
0,0.0466790424474226
0,0.0475799865760622
0,0.021652184902908
0,0.0460456117520533
0,0.0448638582831157
0,0.021571922164436
0,0.0366897928641355
0,0.0212416310705746
0,0.0472190067223553
0,0.0480417408534894
0,0.0164830395579167
0,0.0482304179241644
0,0.0463027327562799
0,0.0184675923632991
0,0.048437218911882
0,0.0197453929357861
0,0.048224484126127
0,0.046602616059647
0,0.0485096161812422
0,0.0208153531546836
0,0.0206107885104256
0,0.0477732554338662
0,0.0169191349895627
0,0.0475522014676109
0,0.0584926090041445
0,0.0482267888521555
0,0.0471909080858187
0,0.0476696707769772
0,0.0485382877788914
0,0.0481970048850498
0,0.0201686390801367
0,0.0483353859866772
0,0.0202667490430307
0,0.0481166638336089
0,0.0468098427492322
0,0.0455412091488328
0,0.0455401804261867
0,0.0485196013977137
0,0.0483135878295227
0,0.0474347208683125
0,0.0481544347015538
0,0.0217448495739449
0,0.0482401466563573
0,0.0484342234577069
0,0.0296639335271098
0,0.0477344421378636
0,0.0452139972474636
0,0.0462048736837885
0,0.025047236499799
0,0.0478317529498056
0,0.0344326508151536
0,0.0217137422897495
0,0.0277415079202823
0,0.0157113703933
0,0.0252363575310717
0,0.0313472943801267
0,0.0159509422153371
0,0.0480373845291993
0,0.0198382482145789
0,0.0476104427855852
0,0.0461391982924892
0,0.0483613307302042
0,0.0470090424117983
0,0.0465815577448303
0,0.0402161847670467
0,0.0218956320949296
0,0.0482389180771702
0,0.0464673736938307
0,0.0480101268917629
0,0.0472719902426839
0,0.0155415148935949
0,0.047866569160083
0,0.0102561970719485
0,0.0458290706326912
0,0.0462972293191571
0,0.0486378700482644
0,0.0479458911560886
0,0.0481626741603212
0,0.0340123922538471
0,0.0453596050910673
0,0.069753338267375
0,0.0484234602524554
0,0.048116043524042
0,0.0277349476098454
0,0.0162003921922698
0,0.015783398494277
0,0.0472567541267646
0,0.0485339625037141
0,0.0414353527477552
0,0.047027525964431
0,0.0344792788192812
0,0.0212053825968579
0,0.0475469210682056
0,0.0192023824078507
0,0.0205639187589521
0,0.026393562900095
0,0.0466069422735343
0,0.045501465665867
0,0.0111691335834295
0,0.0462192519155744
0,0.0472550358384436
0,0.0484787576054877
0,0.0482249606164753
0,0.0478126194804962
0,0.0214194222306817
0,0.0480716339719042
0,0.0383731302766556
0,0.0119163007621745
0,0.0470003355671005
0,0.0483574763857031
0,0.0769032408220549
0,0.0159737824396817
0,0.0470869140750859
0,0.2044381979679327
0,0.0452281699198488
0,0.0476219644491347
0,0.0448481414397096
0,0.0458354304930611
0,0.0163538590940156
0,0.032485575286689
0,0.0654161982524684
0,0.0478340921036999
0,0.0481627629622913
0,0.0152426353998715
0,0.0195725323012113
0,0.0469780103086463
0,0.0467168262298918
0,0.0103270008288384
0,0.0480216160923275
0,0.042838610986791
0,0.0219477385202928
0,0.0480305268264757
0,0.019411795365745
0,0.0480462998912245
0,0.0204226595613302
0,0.0477768271146124
0,0.0527040964385176
0,0.0483193231517215
0,0.0196926372641231
0,0.0482182220141993
0,0.0482357741271108
0,0.0480744714318381
0,0.0163881612188496
0,0.0451029310075606
0,0.046369931440723
0,0.0472904930790747
0,0.020542294735024
0,0.0241505154110103
0,0.0471479043542276
0,0.0131136127856631
0,0.048135400784076
0,0.021020556566808
0,0.0457129209333465
0,0.0467983879130097
0,0.0217719555006829
0,0.0475839116980018
0,0.0186354566157499
0,0.0448114757044245
0,0.0143813000500233
0,0.0479221971689348
0,0.0456921662761798
0,0.0462364584258428
0,0.0484140836604989
0,0.0545709086500728
0,0.0478230493178616
0,0.0217773887046511
0,0.0466996837778855
0,0.0210936852932595
0,0.0477493399376724
0,0.0474135866922418
0,0.0455483712579485
0,0.0481158693840861
0,0.045697948024395
0,0.0175389137843712
0,0.0503664272310899
0,0.0457803163353672
0,0.0454050169136621
0,0.0216009895830019
0,0.0172855542885116
0,0.0482816283656521
0,0.0482925219920219
0,0.047993175777018
0,0.048277887689405
0,0.0485211824502181
0,0.04511249383683
0,0.04696457728561
0,0.0478024866506047
0,0.0124613444128243
0,0.0474106474891174
0,0.0462322061707241
0,0.0452512026187422
0,0.0479856119364805
0,0.0376825047100799
0,0.0342021356282165
0,0.0479078410905372
0,0.0471195278693221
0,0.0142455369350277
0,0.0455477355023963
0,0.0476603744973955
0,0.0235109468559245
0,0.0475935527608129
0,0.0461934165073185
0,0.0483744014229705
0,0.0196879140905851
0,0.0221333717592921
0,0.048130263514984
0,0.0482381544554734
0,0.0387428719436794
0,0.0189042228086748
0,0.0475815594546074
0,0.045018736725157
0,0.0464224707439523
0,0.0272416444392792
0,0.0201278704020017
0,0.0219763836593503
0,0.0218638657546639
0,0.035765999447693
0,0.0219498233572566
0,0.0464948318041168
0,0.0482604088750092
0,0.0480120351520652
0,0.0187310180853602
0,0.0471368007832923
0,0.0343013990637269
0,0.0162690686003159
0,0.0119940792948693
0,0.0480081563559877
0,0.0402214057264003
0,0.0213579203559226
0,0.0482929749800998
0,0.0453738760649744
0,0.0452753634770956
0,0.0214559346519647
0,0.0482403626363251
0,0.0481510088176578
0,0.0163308541637034
0,0.0469961281983381
0,0.0481549288935611
0,0.0376801247930796
0,0.0460639185331234
0,0.0480587470379046
0,0.021840753402407
0,0.0458736664955689
0,0.0123003367345539
0,0.0206331149805589
0,0.014825203718805
0,0.0473636680060782
0,0.0451805871895987
0,0.0389551112336662
0,0.0453742460484557
0,0.0483105718332842
0,0.0220846757194265
0,0.0480325637670604
0,0.0476902466611502
0,0.0478681672923704
0,0.0246010822033333
0,0.0271964251723751
0,0.0478983830332923
0,0.0479954632307433
0,0.1775735964658592
0,0.0456775162860935
0,0.0174203854033781
0,0.0457557178198087
0,0.045647014935288
0,0.0205910365503996
0,0.0128844250468035
0,0.0483907179174367
0,0.0472350205506092
0,0.0171562805555523
0,0.0906394291965122
0,0.0720275969117979
0,0.0465842008214854
0,0.045865286628724
0,0.045484435660857
0,0.0420922387696525
0,0.0165815948517472
0,0.0483035386910817
0,0.0192088231134754
0,0.0218917578640911
0,0.0479568601377463
0,0.0480421347257354
0,0.0465878308850914
0,0.0483820446001045
0,0.0454052611597723
0,0.0469886969082986
0,0.0161922386814852
0,0.0453879994006887
0,0.0454082368036313
0,0.0199911677511556
0,0.0233128848120632
0,0.0483191261433886
0,0.0560242663821985
0,0.0199596937723875
0,0.0457645666329053
0,0.045793216706391
0,0.024763678657958
0,0.0474145211903936
0,0.0481912662366276
0,0.018371354958621
0,0.0330163906889312
0,0.0477132203149836
0,0.0479743555782715
0,0.0366779947453418
0,0.0187034617747664
0,0.0481641477283927
0,0.0483700890895599
0,0.048085135444647
0,0.0148329797293703
0,0.0274278996275384
0,0.0464373496146111
0,0.0480000086952638
0,0.0448782407922803
0,0.0208179564349302
0,0.0549811187961747
0,0.0479585644395626
0,0.0481355486220123
0,0.0484806110216325
0,0.0471815374949525
0,0.0477073171889522
0,0.021209236829838
0,0.0483553388563686
0,0.0357789334007692
0,0.0457019457341947
0,0.0457278008783525
0,0.0475147129821309
0,0.0209736166998711
0,0.0480079847535679
0,0.0440680491885317
0,0.0457799591951418
0,0.0469944569255738
0,0.0466378473765461
0,0.0143425684600633
0,0.0482819947306587
0,0.0478761254976751
0,0.0481705324578115
0,0.0208776070474607
0,0.0483102030000099
0,0.0480545864875178
0,0.0466965089821121
0,0.0480278471083194
0,0.047437770344776
0,0.0477513012300749
0,0.0296158279656672
0,0.0479745475037232
0,0.0203397498912394
0,0.0170313763620915
0,0.0160955654464153
0,0.0125214550335709
0,0.0480971010905903
0,0.0471232642450946
0,0.0282989171020445
0,0.046170402770088
0,0.0182394000243474
0,0.039220757887125
0,0.021919266600046
0,0.0215257533253542
0,0.0462778253319529
0,0.0389030877465359
0,0.0473483330782582
0,0.0468003694376049
0,0.044887842264409
0,0.043780607760371
0,0.0355351301375826
0,0.0474477003333984
0,0.0477055052513081
0,0.0478227304048244
0,0.0197877651103899
0,0.0120200828344294
0,0.0472801659991168
0,0.0207635918216637
0,0.0161607405200334
0,0.0387558100490061
0,0.0202551245621905
0,0.0464340897213663
0,0.0478964825684219
0,0.0163528353214256
0,0.0484495369893484
0,0.0477699880348395
0,0.0252304992992342
0,0.0240551326170208
0,0.0480739144600183
0,0.0206340584193645
0,0.022041917030569
0,0.0155382534776686
0,0.04790527141732
0,0.0485584238092468
0,0.0475732232785461
0,0.020857802220369
0,0.0459295152901502
0,0.047194838324232
0,0.0477349123335781
0,0.047843264542315
0,0.0433326017287712
0,0.0213837560253056
0,0.0482935959432901
0,0.0463403196172003
0,0.0479460883995823
0,0.0473984287094705
0,0.0213770511015083
0,0.0479097770471632
0,0.0478648649213311
0,0.0481005007013993
0,0.0293565678826762
0,0.0474191022086223
0,0.0389524263503881
0,0.0459395561515673
0,0.0163103609781705
0,0.0210801029369482
0,0.0496082880325038
0,0.0213431018807788
0,0.0203618850712369
0,0.0474840828698839
0,0.0395518913868424
0,0.0472628534553096
0,0.047178064661666
0,0.0988818233019573
0,0.0238805340923094
0,0.0448485864394046
0,0.048483184402916
0,0.047539806166627
0,0.044944332276702
0,0.0477891330323711
0,0.0472144631198117
0,0.0213370699179143
0,0.0486595839762431
0,0.0480418527980959
0,0.0458706986006226
0,0.0478032607835608
0,0.0473634592786572
0,0.048562709512497
0,0.0475639952865335
0,0.047980234244885
0,0.0470201936196126
0,0.0188603747505065
0,0.0187360725064069
0,0.0136079527211413
0,0.0288242783049108
0,0.0469736581882514
0,0.0204554014524546
0,0.0169630120531188
0,0.0475066853819181
0,0.0473091208505883
0,0.0270256211392615
0,0.0466237550452222
0,0.0452608314560434
0,0.0164977578490045
0,0.0159488167929996
0,0.0454669303477319
0,0.0101406012909452
0,0.046019462157124
0,0.0480923690809151
0,0.0182761758691805
0,0.0466544683175925
0,0.0483163365348365
0,0.0484004629631705
0,0.0481643856542857
0,0.04772517795012
0,0.0170656286659595
0,0.0472265695226171
0,0.0475207158145506
0,0.0482260978340517
0,0.0483047552965108
0,0.0172494592060884
0,0.035700759065474
0,0.0160045702704374
0,0.0184255513587071
0,0.0462466280757316
0,0.0657036535225609
0,0.0659553338306523
0,0.0145691769218554
0,0.0355283493460171
0,0.0461633427870859
0,0.0475158989006177
0,0.0159401322055689
0,0.0483254346922871
0,0.0205735147397512
0,0.0482057212377303
0,0.048229511769853
0,0.021606229673523
0,0.0479416672802724
0,0.048354220973663
0,0.0217272476074553
0,0.0175153706363326
0,0.0184536906763389
0,0.0379904205014114
0,0.0523980173611483
0,0.0473310060686544
0,0.0179796105275373
0,0.0454809005946954
0,0.0478686089641542
0,0.0464374452384211
0,0.0314980747132007
0,0.0479254335027042
0,0.0470677087125879
0,0.0469526343441279
0,0.145732165404846
0,0.0368268609562571
0,0.045338043179897
0,0.0204229479612752
0,0.0188965027322792
0,0.0645690667365669
0,0.0199050740793991
0,0.047308722048191
0,0.0476080939699668
0,0.0471649680830171
0,0.0520839589621773
0,0.0428237748513988
0,0.0481602223168581
0,0.0198773645260081
0,0.0088923549239831
0,0.0471286060401056
0,0.0461866346715576
0,0.0482250576990648
0,0.0480191811740899
0,0.0483077442793253
0,0.0479111989616854
0,0.0213434294290641
0,0.0409323125681548
0,0.0480157299740561
0,0.0475201543669231
0,0.0193024423620882
0,0.0301135547213685
0,0.0479121623480787
0,0.0477962665921287
0,0.0197760346160729
0,0.0483764252163709
0,0.0173393913630215
0,0.0475455245357316
0,0.0481175685359691
0,0.0480168222399095
0,0.0476796431763766
0,0.0477331984798231
0,0.0483932171506089
0,0.0462768996269308
0,0.035800740111673
0,0.0478129896048914
0,0.0190189958836826
0,0.0465398116766574
0,0.0076081644972975
0,0.0199807556921175
0,0.0212811259322259
0,0.0476523521928579
0,0.0215884685290122
0,0.0206293900602445
0,0.0448459715463627
0,0.0450627040963109
0,0.0483328594367855
0,0.0478259154019361
0,0.0440376197150489
0,0.046806086270893
0,0.0248940017829066
0,0.0165955401338383
0,0.0220894132609756
0,0.0602726515340933
0,0.0184689235464338
0,0.0472164575215121
0,0.0209027091047025
0,0.0479492004597797
0,0.048519933638131
0,0.0424096203022903
0,0.0185048350461135
0,0.0166807651542537
0,0.0471029496816576
0,0.0193878953050118
0,0.0481635799258967
0,0.0189499069325388
0,0.0452318501103783
0,0.0250639626765295
0,0.0459560985500082
0,0.0478248367557069
0,0.0159363287284178
0,0.0453266929527673
0,0.027627712167893
0,0.0185770884886827
0,0.0481264061773767
0,0.0470044456074653
0,0.048504930166329
0,0.0482831986207495
0,0.0483949229738544
0,0.0240248651053367
0,0.0212122462756709
0,0.0480118517175572
0,0.0468499097544754
0,0.0475351355002969
0,0.0480953182355284
0,0.0304969863935716
0,0.0372393186718001
0,0.033772439315225
0,0.0161075182920814
0,0.0454029230102945
0,0.0192940680451051
0,0.0480184467979666
0,0.047817860961927
0,0.0458300690850849
0,0.0257555900218101
0,0.0155341072757768
0,0.0451931080587103
0,0.0448385673816214
0,0.0457268748108665
0,0.0481160290947221
0,0.0470044474259161
0,0.0483892106027568
0,0.0413791694151178
0,0.0216272118251123
0,0.0473038294653041
0,0.045644105978825
0,0.0389822100089483
0,0.0185911247533102
0,0.0461193775957988
0,0.0477357244866715
0,0.0482221519568714
0,0.0475172622540331
0,0.0267207711893008
0,0.0420945390519605
0,0.0478997760766418
0,0.0219127472920575
0,0.045212862262835
0,0.0210962062214303
0,0.0142533183078809
0,0.0367644602072031
0,0.0479759765127109
0,0.0467967253132896
0,0.0185108043148605
0,0.0474205479356718
0,0.0478739795935325
0,0.0481893554853337
0,0.0188038446259384
0,0.02529977115869
0,0.0150898857379763
0,0.0259285451164676
0,0.0791063695004992
0,0.0427697362497953
0,0.0474673265796457
0,0.0477874933477025
0,0.0161601604096269
0,0.0482409414252164
0,0.0476438496074461
0,0.091141884101447
0,0.0481346518032915
0,0.03442313311474
0,0.0461199891119038
0,0.0479104281100874
0,0.0469934353992958
0,0.021538240457032
0,0.0233311669505534
0,0.0480914670075999
0,0.0293048483262061
0,0.047581699893738
0,0.020334528100455
0,0.0475616386907548
0,0.0422164013654704
0,0.0184263527469824
0,0.0207758698565157
0,0.0209345282163241
0,0.02183337149124
0,0.0355401064352464
0,0.048389307516362
0,0.0477503461548918
0,0.0210426260854731
0,0.0455600936053649
0,0.0355534453927377
0,0.0656839628430834
0,0.0143530981400767
0,0.0247453733011422
0,0.0479075111907472
0,0.0371065977067856
0,0.031080056060147
0,0.0450487560943271
0,0.0484802089732724
0,0.0533336794266131
0,0.0476994039403122
0,0.0469100010156964
0,0.0463764405354665
0,0.0201016765228917
0,0.0190765159297419
0,0.0198684120235164
0,0.0455641902992162
0,0.0484699825348617
0,0.0187248297324176
0,0.0175480524361308
0,0.0464316168682063
0,0.0333132157335009
0,0.0219245338447237
0,0.047130819502076
0,0.0185952923550887
0,0.0343044337589883
0,0.0480882680140204
0,0.0481950152621681
0,0.048415122109471
0,0.0134564907841854
0,0.0177772495587603
0,0.0332110406188864
0,0.0393354754398833
0,0.0165283992658895
0,0.0193535086949085
0,0.0469906665588532
0,0.032813641042484
0,0.0250214934456703
0,0.0187804993714823
0,0.0460535796057567
0,0.0643476816326442
0,0.0108502763946876
0,0.0168052498901883
0,0.0454884799607039
0,0.0462418378254967
0,0.0478248255686858
0,0.0474697698917517
0,0.0166894492906284
0,0.0482537310175425
0,0.0482535396590715
0,0.0201174636096051
0,0.0145604927300667
0,0.0190219004651736
0,0.0479270358801539
0,0.0146486316127426
0,0.0393771162668718
0,0.0481626457802383
0,0.0205072956641768
0,0.0176596925586425
0,0.0460128245605608
0,0.0481358228579779
0,0.0211601160443544
0,0.0169002823719329
0,0.0483843219779241
0,0.0449972578006704
0,0.045264776164665
0,0.0241864730519331
0,0.0463702112908802
0,0.0379945224374192
0,0.0476146539783958
0,0.0158001598098878
0,0.0478013903452123
0,0.0197289240744502
0,0.0484014965595615
0,0.048421124366947
0,0.047594836447538
0,0.048197672612336
0,0.0190143251884026
0,0.0457234007026075
0,0.0464293797495172
0,0.0480970034156064
0,0.021353591796478
0,0.0455862387094773
0,0.0478793925038732
0,0.0477831690346344
0,0.0483525730052967
0,0.0483292635487975
0,0.0203443682100689
0,0.0480256459024361
0,0.0474907392597719
0,0.0349664926655012
0,0.0483853963914947
0,0.0288181599028077
0,0.0472219316094562
0,0.0241477843944654
0,0.0127140252008365
0,0.0473960193069968
0,0.0371535481661356
0,0.0173380893279335
0,0.0137454979062503
0,0.0387538803086836
0,0.0190246757514058
0,0.0365766639218794
0,0.0402260613059435
0,0.0479261001144043
0,0.0452422051218423
0,0.0478517969382137
0,0.0201017039265566
0,0.047263856271728
0,0.0193885090821127
0,0.0193178283908314
0,0.0484789472221827
0,0.0475842581944992
0,0.0481674394458609
0,0.015731532734538
0,0.0472595314074067
0,0.0311540032224018
0,0.0515712162232602
0,0.0181615924976904
0,0.0299819943983027
0,0.0475072500883275
0,0.0202545604330516
0,0.0349521838088583
0,0.0470135655906753
0,0.045114072195031
0,0.0165685263448987
0,0.0187710955103775
0,0.0215293247247441
0,0.0480432468723524
0,0.0195252473174336
0,0.0480270872016252
0,0.0241039509121802
0,0.0165881277154322
0,0.0161716821063581
0,0.0475071811403778
0,0.0236545882606262
0,0.0209418253081342
0,0.030288893458645
0,0.0388080955811866
0,0.0478267921559708
0,0.01316836297505
0,0.0219194639551151
0,0.0479068747558066
0,0.0475121110106331
0,0.0470252646497168
0,0.047513504302582
0,0.0450554693494902
0,0.048232851223421
0,0.016504859527859
0,0.0456854947484669
0,0.0352158849024477
0,0.0195491808865179
0,0.0474629601986505
0,0.0287971451989742
0,0.0452379761340719
0,0.047833278610371
0,0.0476432776894057
0,0.0479854331954536
0,0.0209241930866012
0,0.0452385715137983
0,0.0155923020610662
0,0.0482329538603421
0,0.0479080031645672
0,0.0459860314965496
0,0.0614214494110456
0,0.0185612136325195
0,0.0482793548139813
0,0.0477246998940514
0,0.0453664731006523
0,0.0386945848116066
0,0.0244292117525687
0,0.0475426054845583
0,0.0476924139697926
0,0.0482129664567493
0,0.0484277897405999
0,0.0473345337327601
0,0.0475263711446935
0,0.0209472229170019
0,0.0550441014559711
0,0.0476471172012296
0,0.0479488874772947
0,0.0478411107739257
0,0.0482661164554744
0,0.0464139336756727
0,0.0479154470756724
0,0.0249030092407862
0,0.0458290283664775
0,0.0479980566160739
0,0.0452038951566469
0,0.0349179990746235
0,0.021876290932793
0,0.0461998231470953
0,0.0484624825219566
0,0.0219114223734764
0,0.0204062260549947
0,0.0477644874488894
0,0.0482442173391563
0,0.0459231267819491
0,0.0209862450299123
0,0.0218534968864728
0,0.0448753384486084
0,0.0358861347859172
0,0.0467814689148692
0,0.0198674193974667
0,0.0485190440501759
0,0.0480409500401927
0,0.0483272268981974
0,0.0389751107781631
0,0.0454168970322427
0,0.0482016290091847
0,0.1747015618340641
0,0.0460148235114204
0,0.0216076354833459
0,0.0482406583746894
0,0.0482904767123036
0,0.0479286820110516
0,0.0171592820365516
0,0.0442758318100215
0,0.0190988828208894
0,0.0198394281425651
0,0.047597159140093
0,0.0478266315056151
0,0.0205039787749061
0,0.0478980772924008
0,0.0455984409320456
0,0.0460575179279984
0,0.0198282823020195
0,0.0479341209198432
0,0.0175781002232963
0,0.0469048736085322
0,0.0158562735341322
0,0.031700441328462
0,0.0226116932503203
0,0.0461917841615134
0,0.0200856574498787
0,0.0464687844691318
0,0.046994294601413
0,0.04541318492599
0,0.0476155860550273
0,0.0148865365774657
0,0.0451091694361451
0,0.0480868141756203
0,0.0481272081282245
0,0.0210270754025494
0,0.021091109381476
0,0.0482486566165252
0,0.0199789021294318
0,0.0479894834785185
0,0.0476922595504145
0,0.0463552557044817
0,0.071080977077567
0,0.0476356088133453
0,0.047075303504957
0,0.0219799770295892
0,0.045218463028816
0,0.0154457551497766
0,0.0484227034559054
0,0.0215341485680688
0,0.0382143802134633
0,0.0465135563830254
0,0.0252300026137528
0,0.0258471073907914
0,0.0376822111611603
0,0.0454241507202462
0,0.0219731136156344
0,0.0464797995310482
0,0.0464537958140513
0,0.0209535352107462
0,0.047587981560083
0,0.0478710855883452
0,0.0479855007537089
0,0.048371769208055
0,0.0450822598584618
0,0.0208854361303093
0,0.0120192184755847
0,0.048036075721716
0,0.0453666607396811
0,0.0481301761863581
0,0.0159536342325609
0,0.0460943220624089
0,0.0407207316721242
0,0.0481083034431732
0,0.0186223496529472
0,0.0472583141365067
0,0.0482357819713447
0,0.0456327970431478
0,0.0480309134935387
0,0.0204367181206723
0,0.0156922224497374
0,0.0471298712528893
0,0.0472479323019941
0,0.0482995614690595
0,0.0466318388328892
0,0.0483819583032574
0,0.017711302840381
0,0.0203278120172673
0,0.0481190030489985
0,0.0480773031846874
0,0.0477498830149121
0,0.0208789615527047
0,0.0158760831947715
0,0.0295051537705734
0,0.0455956736171516
0,0.0462670348874183
0,0.0475053703491714
0,0.048231915855344
0,0.0195631341628592
0,0.0460800144980801
0,0.0477488042925878
0,0.0198439177693789
0,0.0477568620292566
0,0.0480983636766392
0,0.0432987380644803
0,0.0533773388787338
0,0.0219744267542045
0,0.0475827948665943
0,0.1076391993901179
0,0.0108813449458723
0,0.0124964859173445
0,0.0465196045231758
0,0.0456446985538055
0,0.0174801628740475
0,0.0325019367481645
0,0.0481549826438995
0,0.0485496861725064
0,0.015154604875965
0,0.0476102284055721
0,0.0480361302324151
0,0.044859619537142
0,0.0473754251104877
0,0.0509479947551922
0,0.0483834860715617
0,0.047847004272708
0,0.0453511780151332
0,0.0481078534826822
0,0.021284907869328
0,0.0479337444897233
0,0.0472623737721678
0,0.0152427794811093
0,0.0178286068023922
0,0.0450778935296235
0,0.0484296444872843
0,0.024393005302757
0,0.0207958877504865
0,0.0477521373261801
0,0.022023006210634
0,0.0453375277253257
0,0.0480897124996074
0,0.0475998876237644
0,0.0455248834207598
0,0.0480303766792337
0,0.0483498575748212
0,0.0163359618185752
0,0.0651303906055529
0,0.0482642352876949
0,0.0481982978668683
0,0.0480189537334964
0,0.0475134550927066
0,0.0325232549071067
0,0.0201117002804316
0,0.0359671231400412
0,0.0449933094894093
0,0.0203813957876419
0,0.0193831506187471
0,0.0480406483484136
0,0.046860574165708
0,0.0477418445140963
0,0.0332883886812438
0,0.0121956325540821
0,0.0458697044252657
0,0.0475998928120977
0,0.0472750834137302
0,0.0387198690004117
0,0.0452442614755424
0,0.034601063397283
0,0.0454671730504058
0,0.0481946975484172
0,0.0208934507839469
0,0.0158731314510972
0,0.0480831365574588
0,0.0263978493663086
0,0.0218738244318881
0,0.048327345091484
0,0.0474656736559029
0,0.0184984076641482
0,0.0461878292517822
0,0.1747092409916033
0,0.0481906627114943
0,0.0470957094518118
0,0.0152847103369315
0,0.0484774377958525
0,0.0454205432764783
0,0.0253297918154454
0,0.0295536689613243
0,0.0190792762958089
0,0.018893904415414
0,0.0314917454769177
0,0.044803251568296
0,0.0551609383263833
0,0.0476028911825943
0,0.0456484999294584
0,0.0428721006649991
0,0.0482930154586516
0,0.0324759137225319
0,0.0219189000012561
0,0.0236048136295872
0,0.0448721381871015
0,0.0206622172344733
0,0.0453360035135058
0,0.0477778650442551
0,0.0469900764783102
0,0.020017379037512
0,0.0481528237070121
0,0.0173664590477349
0,0.0477761556749582
0,0.0126821288720683
0,0.0481987990287802
0,0.0358265100359319
0,0.0479871074096462
0,0.021691974958777
0,0.0476353240631617
0,0.0484284507670071
0,0.0121855032355938
0,0.0454134080169634
0,0.047706130664411
0,0.0211902388454604
0,0.0466715505546158
0,0.0210825355332269
0,0.0453177934429942
0,0.0220075200462168
0,0.0346039584694716
0,0.038949587923238
0,0.0228394141977572
0,0.0457593140049874
0,0.0252108187817631
0,0.0483759475924949
0,0.0216459284852518
0,0.0481027816559373
0,0.0458664852017198
0,0.048197355554808
0,0.0457419363840019
0,0.0245954755101975
0,0.0166142334318148
0,0.0479553520145627
0,0.0433611589131986
0,0.0456438892049711
0,0.0476368924772956
0,0.0485000707151301
0,0.0394329158537955
0,0.0241682210572404
0,0.0458016469713392
0,0.047708461559411
0,0.0482420824437174
0,0.0480608410392836
0,0.0461396947846526
0,0.0456963193200631
0,0.0473682101281804
0,0.1075703970240102
0,0.0379958311036098
0,0.0396291538801358
0,0.0451969531275951
0,0.0456982846868273
0,0.0220081331396535
0,0.0482307708122387
0,0.0467860992529039
0,0.0238893029467893
0,0.0211497999062254
0,0.0440039565739715
0,0.0192499734190605
0,0.0478259440925048
0,0.0478458482133056
0,0.0451975345622592
0,0.0190756158005974
0,0.0287058490607972
0,0.0327798842380978
0,0.0473495299982065
0,0.0478357618888232
0,0.0474998170852936
0,0.0202774562714165
0,0.0457762992536179
0,0.0158865603953
0,0.0209686683083767
0,0.0469806079398685
0,0.0473152303418543
0,0.0281022037655355
0,0.1648207553693612
0,0.0480545712131633
0,0.0138174067028374
0,0.0482034259578809
0,0.0262562907051056
0,0.0206488481877214
0,0.0483380565473961
0,0.0184321102662817
0,0.0483820090415906
0,0.0484353955836374
0,0.0189480807574834
0,0.0213492400824237
0,0.04824572849593
0,0.0354871228464066
0,0.0463570248759235
0,0.0454341675671277
0,0.0484058272229747
0,0.0482814782897462
0,0.0264923407436247
0,0.035539268734018
0,0.0475210608196471
0,0.0483871198055967
0,0.0207427041088386
0,0.0136961032569285
0,0.0479988263270476
0,0.0217790881506884
0,0.0409878717291216
0,0.0473591901342439
0,0.045420952070078
0,0.0462663316204591
0,0.047220726965346
0,0.01959878117925
0,0.0474753365728879
0,0.0254025639625303
0,0.0483647698999942
0,0.0482890521414515
0,0.040687498469839
0,0.0475396392247865
0,0.0368828679695008
0,0.0189185633140274
0,0.0218755099738388
0,0.0265181738138141
0,0.0463671890784008
0,0.0477923369190208
0,0.0479960345957382
0,0.016035123639539
0,0.0481266342432751
0,0.0484921920139327
0,0.0220161360315928
0,0.0468637049813587
0,0.0221132196196697
0,0.0462651093902943
0,0.0324973313503775
0,0.0459689039002239
0,0.0420841581041398
0,0.0553275507202021
0,0.0424209519833519
0,0.0477332190341255
0,0.0207005739246772
0,0.0398216490906775
0,0.0181238167149323
0,0.0483538366110083
0,0.0728848050648049
0,0.0457421690093654
0,0.0457938178646187
0,0.0479049413290709
0,0.0462599718909869
0,0.0478108756650141
0,0.047068859270556
0,0.021380367688539
0,0.0458441505014975
0,0.0220023363974267
0,0.017445578667865
0,0.0187885241998449
0,0.0452275317484767
0,0.0461137896515005
0,0.0476033242520434
0,0.0240229637898978
0,0.0483289591657325
0,0.0206169726397403
0,0.0294979498619122
0,0.0460348578802703
0,0.0457038212915896
0,0.0475509063073078
0,0.0195093229701678
0,0.0479205114916135
0,0.0332892729165725
0,0.0219596495370017
0,0.0479570090335309
0,0.0454754513095084
0,0.0484056944393777
0,0.0485447293179897
0,0.0197926426106343
0,0.0482935016092622
0,0.0479414221089931
0,0.0215343497475031
0,0.0457737957729456
0,0.0461902942800284
0,0.0480882450553278
0,0.0208797492311764
0,0.0471604866300494
0,0.0218972869698542
0,0.0366126361137773
0,0.0276648861712519
0,0.0481663458066895
0,0.0423745705199581
0,0.0484224355290142
0,0.0220083987353032
0,0.0465010203543396
0,0.0462616253393791
0,0.0215522666021674
0,0.0661484236474612
0,0.0212291979606496
0,0.059712290222694
0,0.0456836085075117
0,0.0468642167975139
0,0.0149567990830917
0,0.0245415294245527
0,0.0208830387687643
0,0.0475461973651273
0,0.1325611721294115
0,0.0277362831904909
0,0.0354500306742282
0,0.048510791847177
0,0.0249435831915189
0,0.0198248316844912
0,0.0160022110443724
0,0.0470570873861889
0,0.0451388244743882
0,0.0457106082002877
0,0.0451154012817302
0,0.0455513265166091
0,0.0457973479772035
0,0.0463700537434302
0,0.0478990054921546
0,0.0479508715514798
0,0.0188496035855985
0,0.0484212370361432
0,0.0481209640309853
0,0.0455794369644629
0,0.0529398139558134
0,0.0478452111853722
0,0.0479989166552915
0,0.0179348116100676
0,0.0147927316779554
0,0.048126508221438
0,0.0432782795312351
0,0.0347137431447886
0,0.0141598326701108
0,0.0122926035729008
0,0.0453518007409379
0,0.0302665367952673
0,0.0461723361085976
0,0.048412574832898
0,0.0479831189515728
0,0.0208688131152714
0,0.0475549770109018
0,0.0208143575142686
0,0.0200844905310786
0,0.0485446045691823
0,0.0464384679781168
0,0.0472052242861989
0,0.0482511733155834
0,0.0152293460065717
0,0.0471399116330732
0,0.0478116882936691
0,0.0479191648540132
0,0.0298080241877561
0,0.0480965284760972
0,0.0460668878200897
0,0.0465845324749934
0,0.0257765547344288
0,0.0213454597986958
0,0.0222728098947891
0,0.0481975890637002
0,0.0473300322210138
0,0.0478315610396348
0,0.0148047357826038
0,0.0483347457249617
0,0.0211273793288333
0,0.0185513864365775
0,0.0477351059381908
0,0.0250493224085644
0,0.0481103423552538
0,0.025024389942342
0,0.0475917515331438
0,0.046764949127339
0,0.0473342578981946
0,0.0467950007887779
0,0.0477019584481852
0,0.048164434610459
0,0.0311521161440935
0,0.0155117987504022
0,0.0460960801621916
0,0.0473335451696916
0,0.0204680283981717
0,0.0418659938553735
0,0.0222339008812805
0,0.0119761377997672
0,0.0481371470385511
0,0.0484215854239088
0,0.021547977419313
0,0.0481460374677935
0,0.0184184411732565
0,0.0460222537548176
0,0.0220684239139456
0,0.0211176094599471
0,0.0478202714733844
0,0.0357860500300154
0,0.045862815377085
0,0.0156908093456851
0,0.0213522701457015
0,0.0481537133243145
0,0.0217365918822524
0,0.0239414640668167
0,0.0454253773536876
0,0.0468580427372369
0,0.0463829129174244
0,0.0172265643883268
0,0.0193669641416274
0,0.0476061218507556
0,0.0215524212911442
0,0.0481726368407628
0,0.0474534247278358
0,0.0473926446758764
0,0.021112962227518
0,0.0437803726554499
0,0.0150221176221992
0,0.048438844156748
0,0.0480085744046893
0,0.0481481277797891
0,0.0220656002225681
0,0.0477678824897305
0,0.0215823677745928
0,0.0475665625716972
0,0.0472715742139014
0,0.041181252312288
0,0.0156275288926405
0,0.0207483392204493
0,0.1821495208290572
0,0.0358339726357321
0,0.0463716951313654
0,0.0345840023216643
0,0.0478585781363428
0,0.0476931395676832
0,0.0480488001239162
0,0.0482202947921781
0,0.0482159878931822
0,0.0482400098063275
0,0.0483192605396182
0,0.0372503096279357
0,0.0227749999034518
0,0.0480055581515678
0,0.0147110526203258
0,0.0455599331603342
0,0.0631146319425475
0,0.0144283538951501
0,0.0212383930004101
0,0.0204584186595747
0,0.0461322113766084
0,0.0475531419016876
0,0.0202311022092948
0,0.0479900437705514
0,0.0123635044927186
0,0.0350498664970836
0,0.0476660717459397
0,0.0157514318422002
0,0.0481919128699069
0,0.0372777563321393
0,0.0207333948197496
0,0.048190650087312
0,0.0086899199849688
0,0.0469752785040135
0,0.0454225846861037
0,0.0480658032327872
0,0.0452636381817699
0,0.0249628157383083
0,0.0478283870581329
0,0.0477484267686715
0,0.0179540685333416
0,0.0471354487227099
0,0.047607483448209
0,0.0382610096805886
0,0.0204207129583557
0,0.0456159412881612
0,0.0196772651669933
0,0.0455754810862135
0,0.0477334544209379
0,0.0483414594041834
0,0.0184557407128651
0,0.0473173055678068
0,0.0481269042644708
0,0.047556276078242
0,0.0415087840284012
0,0.019022443463856
0,0.0467345829487672
0,0.0457508328796314
0,0.0190750999475595
0,0.0462183555800066
0,0.0482543822644862
0,0.0219523851285072
0,0.0477312298020162
0,0.0363969930639601
0,0.0214530645119987
0,0.0476963545030398
0,0.0483929877424831
0,0.0480505415585671
0,0.0481205287508451
0,0.0221908165917853
0,0.0344570699883142
0,0.0199041966092246
0,0.0480187027163628
0,0.0456207270976583
0,0.0484191572024029
0,0.0473598082946017
0,0.048416912109645
0,0.046809030855221
0,0.0149797054762156
0,0.0483558328313021
0,0.0479297798960093
0,0.0472776573028746
0,0.0174505040674145
0,0.0451812884250888
0,0.0219313012405471
0,0.0484681818386176
0,0.0485327289747802
0,0.0480794766432707
0,0.0153271504535354
0,0.0479893704489894
0,0.0121924377472666
0,0.0479558768278751
0,0.0399255100481412
0,0.0311012285271085
0,0.0150251006103145
0,0.0482791516771748
0,0.0483562958092814
0,0.0475795884478063
0,0.048192061489105
0,0.0464090028065052
0,0.083198423204207
0,0.0453743445324255
0,0.048183571792691
0,0.0210026951023347
0,0.019337801072369
0,0.0192719240935423
0,0.0720018851305904
0,0.0473724020524039
0,0.0450337400879308
0,0.0457955153980348
0,0.0161310027823304
0,0.0185174416264815
0,0.0484243135673448
0,0.0481617735559491
0,0.020829548705549
0,0.0218405908821327
0,0.0465431071515645
0,0.0148579897093233
0,0.0423652992457383
0,0.0481920624491807
0,0.0476191952227507
0,0.0366977171426873
0,0.046890228847187
0,0.0476908017007707
0,0.0453718390023507
0,0.0473320803435475
0,0.0486270634453455
0,0.0475049004447583
0,0.0480009068158176
0,0.0272299786854298
0,0.0475195480136977
0,0.0452387580252466
0,0.0183863001877705
0,0.0668520819758131
0,0.007540577138041
0,0.0232899513209242
0,0.0456503807089515
0,0.024943466798245
0,0.0156301231331779
0,0.0479081789929492
0,0.0476016779226559
0,0.0366416325103043
0,0.0297206539295147
0,0.0215931807172283
0,0.0475053949934414
0,0.0217754853883225
0,0.0450494682581467
0,0.047875293347754
0,0.0476993586668452
0,0.0179354131812098
0,0.0340562616228587
0,0.0476658183343137
0,0.0460091291418133
0,0.0480971715068229
0,0.0201895944139952
0,0.0469063571976426
0,0.0480974883549968
0,0.0471191433827738
0,0.0218581596474875
0,0.037252139131943
0,0.0159242258754293
0,0.0482416818392433
0,0.0208693690705109
0,0.0121161944447019
0,0.0144271628312314
0,0.0183761027331393
0,0.0482375553582962
0,0.0164026589669214
0,0.0385868951741311
0,0.0111706119071527
0,0.0161509212210756
0,0.021026705595335
0,0.0278420387810528
0,0.0469407859501063
0,0.3048522030231591
0,0.0472720527976989
0,0.0467648683903955
0,0.0483087745189014
0,0.0455392520617423
0,0.0454791971090239
0,0.0473294304485557
0,0.0217768322791074
0,0.0466350438465409
0,0.0459235076367946
0,0.020780937826614
0,0.0472626340408165
0,0.0211176434731245
0,0.0204090561314307
0,0.0476056172711029
0,0.0162120983444329
0,0.0480576139150129
0,0.0479784466706079
0,0.0473154463662885
0,0.0478100806858851
0,0.1076599539411653
0,0.0222821230847564
0,0.0480975779084091
0,0.0359503036319781
0,0.0483586796296091
0,0.0258958805240798
0,0.0217317065938205
0,0.0164665533291168
0,0.0461906619163977
0,0.0452937745762146
0,0.0484912180878907
0,0.045150355426059
0,0.0163416133161217
0,0.0476848538504082
0,0.0208901549144688
0,0.0450909570511301
0,0.1777196105768677
0,0.0212074659603145
0,0.0477210595331622
0,0.035093038781596
0,0.0190113330960026
0,0.0389551622146396
0,0.0206134357495701
0,0.0471832521846589
0,0.0459581465481567
0,0.0480379605002872
0,0.0473432331410258
0,0.0287993763746552
0,0.0462944796586121
0,0.0468105963465158
0,0.0474212117684992
0,0.0475612335474351
0,0.0485869707465709
0,0.0480101698735239
0,0.020972507126825
0,0.0230687079951898
0,0.0476607500968133
0,0.0195036928401732
0,0.0389785943168348
0,0.0271968220930568
0,0.0476750010355467
0,0.0394550702060404
0,0.0134983158729166
0,0.0473085242654067
0,0.0305868753923342
0,0.0210938357598728
0,0.0472592133849689
0,0.0471445754473131
0,0.0159217124918098
0,0.0483867204739125
0,0.0349836140729454
0,0.0503145459492365
0,0.0479001527451219
0,0.0478735009269316
0,0.0147590307875665
0,0.0193556692872056
0,0.0480443402730905
0,0.0474629560192313
0,0.048326595971849
0,0.0479743961394831
0,0.0450996645407231
0,0.013240046847262
0,0.0209740141423515
0,0.0187930269007243
0,0.0479919359518939
0,0.046398208691506
0,0.0272032202844392
0,0.0481374755138174
0,0.0377288944350406
0,0.0481874139938152
0,0.0240822918472759
0,0.0480718386243069
0,0.0266867118622014
0,0.0258842545013412
0,0.0547531459450259
0,0.0188270197192096
0,0.0461180997003509
0,0.0249061357161705
0,0.0480793544655681
0,0.0558375730932391
0,0.0313128624313537
0,0.0153470139492277
0,0.0456484835126626
0,0.0479516941728315
0,0.0463918931896701
0,0.0220177174174289
0,0.0249632463712675
0,0.0483692973160989
0,0.0473746296802192
0,0.1648580584999234
0,0.0477271077332439
0,0.0474451242085136
0,0.0173713520687103
0,0.0195996768205692
0,0.0198304085039859
0,0.0454780809780191
0,0.0204241043428835
0,0.0439443455084907
0,0.0219860544955725
0,0.0273001766027962
0,0.0478152960805345
0,0.0483724709523473
0,0.0482445375839798
0,0.0472560637899287
0,0.0479326953515388
0,0.047106737155544
0,0.048036779485026
0,0.0218177525208251
0,0.0146881118957743
0,0.0476926069973668
0,0.0219243114047334
0,0.0510520731588248
0,0.0324688001294525
0,0.0457143521487972
0,0.0464633126407044
0,0.0468743896981695
0,0.019125178958421
0,0.0480190801113689
0,0.0204592088537513
0,0.0470121926921839
0,0.0346583424751277
0,0.0237320427287241
0,0.0471501513837738
0,0.045435517255339
0,0.0483792253178294
0,0.0236498397470884
0,0.0484289068297644
0,0.0481889165367918
0,0.0172643155234895
0,0.023975463057894
0,0.0189311626775838
0,0.0473395042982008
0,0.0458256803149956
0,0.0164360231482477
0,0.0481429312524515
0,0.0134644766599764
0,0.0480288901018308
0,0.0218593236601182
0,0.0241463262704349
0,0.0475947090162759
0,0.0473318723136584
0,0.0214390924548284
0,0.0482079341080086
0,0.0149512886195574
0,0.0718742586452597
0,0.0210976622785557
0,0.0394398363154662
0,0.0189779785929121
0,0.0480301514593737
0,0.0311660568521027
0,0.055291653889529
0,0.0204435047827096
0,0.0161454549692412
0,0.0152146999260066
0,0.020459530583761
0,0.0458398392143613
0,0.0215633259113691
0,0.0479951478587857
0,0.0277015678816488
0,0.0482384263477029
0,0.0311573887547797
0,0.0477794623622502
0,0.0482838060029548
0,0.0206574299680178
0,0.0470292760045852
0,0.0355040378363204
0,0.04577880258274
0,0.0592304161173582
0,0.0169214289339625
0,0.0476102443805073
0,0.0533467869640647
0,0.017268931966469
0,0.0170676138383342
0,0.0220873409948409
0,0.0220562022636619
0,0.020854006539004
0,0.0467175347508011
0,0.0447407715282034
0,0.0476621874579832
0,0.047338490466679
0,0.0206690869708129
0,0.0186865292352228
0,0.0647596721027433
0,0.0829556121601332
0,0.0480130973268798
0,0.0478184627970554
0,0.0201368654665256
0,0.0350629637199032
0,0.0480001132438692
0,0.0456529527573109
0,0.0467314838741981
0,0.0481767772726623
0,0.0199155203100545
0,0.0480789172354313
0,0.0481855900469068
0,0.0482806036151737
0,0.0409883349255218
0,0.0454706102166721
0,0.0244785590128691
0,0.0471657013875017
0,0.0475009690985408
0,0.0479020751719127
0,0.0483310459607183
0,0.045418711950648
0,0.0184989356355628
0,0.0192319311894331
0,0.0478928102134765
0,0.0239295580200239
0,0.0394726231865117
0,0.0219547707047903
0,0.0472206344036465
0,0.0482544356380045
0,0.014206832696912
0,0.048500931873686
0,0.020620212456253
0,0.0455625386348684
0,0.014807469912853
0,0.0439437607500809
0,0.0483966195557527
0,0.020708475284664
0,0.0211733423757838
0,0.0478528092584099
0,0.0474675674555097
0,0.0219626776177902
0,0.0460220201345259
0,0.0206623564938515
0,0.0462664522968908
0,0.0388025236128613
0,0.0479334576985275
0,0.0481316506342527
0,0.0452524732393653
0,0.0191370620761349
0,0.0479261299333092
0,0.0347583125599191
0,0.0484197753855539
0,0.018992441445161
0,0.0200310864514787
0,0.0480362093509827
0,0.0453187120945356
0,0.0481665085387689
0,0.0389672786453145
0,0.0484331432736486
0,0.0255024616937506
0,0.0210102937132091
0,0.0186821895440891
0,0.0479146257957604
0,0.0204656033548928
0,0.0310911238132808
0,0.0645884168890292
0,0.0204347168078627
0,0.0482123180528416
0,0.0510714078680164
0,0.0472296264573236
0,0.0475575721482177
0,0.0450350186193991
0,0.0481665951698764
0,0.0469845654135643
0,0.0455759783258745
0,0.0397829392436117
0,0.0480525901919284
0,0.048227816584379
0,0.0484569002379941
0,0.0213755137279974
0,0.0219809373964159
0,0.0477810869633879
0,0.0460851718264203
0,0.0483528648348695
0,0.0481963409305589
0,0.0481000220223062
0,0.0476152659633313
0,0.046435552949736
0,0.0454809976794425
0,0.0479059554467305
0,0.0214822081888257
0,0.0483330779321531
0,0.0479506112865067
0,0.0553048033773734
0,0.0483773126778138
0,0.0484096917866926
0,0.0221783927132071
0,0.0136142264255885
0,0.0478286958899622
0,0.0163572241222845
0,0.0479367356553757
0,0.0453329855739251
0,0.0455722022983775
0,0.0460279144628657
0,0.0252438611847499
0,0.0483181845128384
0,0.0466405119086107
0,0.0484251489327152
0,0.0389144576059545
0,0.0482848052464533
0,0.0480693583618797
0,0.0178595018748416
0,0.0217295482560786
0,0.0454565835083862
0,0.0452375902165275
0,0.0467408401408472
0,0.0475269164832513
0,0.0225156112704088
0,0.0135787211283353
0,0.0473134544084153
0,0.048553787480112
0,0.010727183703208
0,0.0455670482998681
0,0.0416937243943544
0,0.0203067934773733
0,0.02444414114202
0,0.0154206102906982
0,0.040058614879971
0,0.0448456450267875
0,0.0206130754306752
0,0.0332918205033716
0,0.0450793205251872
0,0.046926167091671
0,0.0389395115895143
0,0.0516369929013262
0,0.016515719433678
0,0.0484433522532274
0,0.0478733343207365
0,0.0250039720040139
0,0.0479156796261983
0,0.0214468800554715
0,0.0466014602906211
0,0.048075208963719
0,0.018590937796122
0,0.0477720035116436
0,0.0218056781275635
0,0.0478033887003445
0,0.0482461992616787
0,0.047352611210968
0,0.0459649624307121
0,0.0367153324497462
0,0.0247807148467064
0,0.0186182762249014
0,0.046039333783196
0,0.0197566648187222
0,0.0141344053336072
0,0.0149118435230848
0,0.0485119352673016
0,0.0210566573372552
0,0.0481623410322686
0,0.0174468352415375
0,0.0457402860832337
0,0.0463888031220021
0,0.0279005677072633
0,0.0216075959252442
0,0.0247186113648673
0,0.0454210037359625
0,0.0186873621666731
0,0.0142737919997159
0,0.0449539180921014
0,0.0374593953168017
0,0.0474809814990854
0,0.018913134498499
0,0.0474695415989198
0,0.0668449268160596
0,0.0470216420491047
0,0.0196794126154224
0,0.0473777687845351
0,0.0481627321106662
0,0.0109005605009107
0,0.0456456069773024
0,0.0458753406918946
0,0.0484154401017911
0,0.0470262893402508
0,0.0473431466508492
0,0.0219789173507123
0,0.0478396929929259
0,0.0176392619835936
0,0.0272743480769139
0,0.0161658029125557
0,0.0471872401470431
0,0.0470223346390953
0,0.0220832932795056
0,0.0476530936344261
0,0.0447068240337571
0,0.0484829402300627
0,0.0464880694550775
0,0.0370231367445669
0,0.0481936505469119
0,0.0200575903142484
0,0.0479946491565108
0,0.0192486380109947
0,0.0471678156474035
0,0.0219678605893905
0,0.0475274690265876
0,0.0274003739834914
0,0.0478227351360358
0,0.0280471272868893
0,0.0454664985436265
0,0.0459724861769973
0,0.0122268363643999
0,0.0367741965487277
0,0.0174281110385559
0,0.0453521150328286
0,0.0470506699984287
0,0.0459060746833755
0,0.0298841473831155
0,0.0482778390642663
0,0.0716130483240857
0,0.047991404455088
0,0.0125711168143383
0,0.0207946268686295
0,0.046804521925265
0,0.0143103235399464
0,0.0452313473251174
0,0.0184123238595341
0,0.0466375117299149
0,0.0162243175516811
0,0.0484667969924243
0,0.0476737298686502
0,0.047236015983447
0,0.0452104050020834
0,0.0461615879809903
0,0.0456655947190997
0,0.0474682636768161
0,0.0482597788829916
0,0.0348648044430615
0,0.047558234125017
0,0.023527230150804
0,0.0454324889089272
0,0.0477951425620244
0,0.025850395832632
0,0.0472592468726521
0,0.0189494443950239
0,0.0469739071739274
0,0.0452321579209248
0,0.0206444883872391
0,0.0186549599718215
0,0.0220913350277981
0,0.0149167199239814
0,0.0369139985964301
0,0.0478760738998671
0,0.047364310052268
0,0.0142446886444015
0,0.0479547165597108
0,0.0473505632588642
0,0.0484020243721018
0,0.0211571469867847
0,0.0174100092330075
0,0.0466084603880289
0,0.0729502690343173
0,0.0203585111119833
0,0.0592023509227898
0,0.0218621348959292
0,0.0477320808985275
0,0.0367216498497997
0,0.047578575693574
0,0.0217171313772024
0,0.0166117793050026
0,0.0162757936019184
0,0.0175278215450026
0,0.0298620141398864
0,0.0165071769284685
0,0.0477009792128872
0,0.0483345294058508
0,0.0480838698900427
0,0.0311711905982464
0,0.0208946824354311
0,0.0482560630255833
0,0.0472576946527235
0,0.0241200924547167
0,0.0145226454682239
0,0.048067055618291
0,0.0480894338171442
0,0.0275139551310566
0,0.0476768770474142
0,0.0219782146011943
0,0.0473141939462566
0,0.0213500981661332
0,0.045487573061308
0,0.0483477238684794
0,0.0428354154024356
0,0.045678436198884
0,0.0472215597488546
0,0.0461962294071796
0,0.0466163932393651
0,0.0475399040429249
0,0.0413656294272634
0,0.0475585486310898
0,0.0459387262217448
0,0.0068043103226897
0,0.0479881439463301
0,0.0196629629274122
0,0.0471020113006421
0,0.0314498584090677
0,0.0220830717640473
0,0.0469966384583381
0,0.048384512325618
0,0.0221606486163213
0,0.0261260048122089
0,0.0471498989497841
0,0.018349005291868
0,0.0480692922951406
0,0.0453386297098999
0,0.0472663764468131
0,0.0480269166984343
0,0.0477503997729395
0,0.0484959691837477
0,0.0482074414968676
0,0.0187831996728232
0,0.0478163819764259
0,0.0457204958874337
0,0.048458498198102
0,0.0201695529642568
0,0.040915719821402
0,0.0450844027576423
0,0.0213172255005289
0,0.0482929932778423
0,0.0547629744992829
0,0.0480356034577637
0,0.0481729075323928
0,0.0406850983472649
0,0.0349399371451044
0,0.0470274012558704
0,0.0214601950371104
0,0.0475136761475117
0,0.0764814817272103
0,0.0542701985461158
0,0.0180756580905833
0,0.0428435270745945
0,0.0120854020307818
0,0.0475827814459176
0,0.0483221824242619
0,0.0484261267468937
0,0.0204376523806078
0,0.0481621874644563
0,0.0377310522799729
0,0.0401724520225238
0,0.0480973971851789
0,0.0480935394109964
0,0.0475544899524513
0,0.0465400913378534
0,0.021778024951281
0,0.0207817764086545
0,0.0471085401144919
0,0.0473014476238352
0,0.0355351287720814
0,0.0479965577800438
0,0.0469506590970613
0,0.0292067934752277
0,0.0209951569155843
0,0.0197826254553581
0,0.0452427513916548
0,0.0141264930286296
0,0.0475207975604728
0,0.0479124194268876
0,0.0519746018909943
0,0.0483966685259065
0,0.0480974894063665
0,0.0456521896251633
0,0.0476440752964483
0,0.0165734738817233
0,0.0478952688437466
0,0.0469740339286037
0,0.0482979592783597
0,0.035438931723802
0,0.0271980616726488
0,0.048364769909697
0,0.0319447872808232
0,0.0211370620223237
0,0.0317184336596648
0,0.0461517284587194
0,0.0460520114839634
0,0.0454385092355218
0,0.0480322872456198
0,0.0471416699592561
0,0.0459879791227342
0,0.0474506248181176
0,0.047379007073277
0,0.0659749307353365
0,0.0224909734086585
0,0.0480465623226234
0,0.0479217915242036
0,0.0483484401967656
0,0.0346548629854558
0,0.04822540323732
0,0.0470104526445189
0,0.048070942178797
0,0.0215497498501253
0,0.0483003350794952
0,0.0476082250538072
0,0.0479387368374786
0,0.0478987040260446
0,0.0218603099846686
0,0.0475219496309151
0,0.0473767788663764
0,0.0481586342538252
0,0.0471915576210277
0,0.032689843318593
0,0.0217132898048484
0,0.0161291850279299
0,0.0339601287173833
0,0.045416514702985
0,0.0222347934227242
0,0.0484202460248754
0,0.0214775993666356
0,0.0473811261308895
0,0.0480770472869522
0,0.0170992326557489
0,0.0468242597248122
0,0.0646024091757414
0,0.020329685383482
0,0.0476627375090179
0,0.0469391456687933
0,0.0341314632096922
0,0.0464794150167608
0,0.0463406646143043
0,0.0359412177083657
0,0.0471792559172121
0,0.0469480481916385
0,0.0170861551323234
0,0.0209731024891895
0,0.065999518955449
0,0.0466112157751982
0,0.0288069236357536
0,0.0358344052515017
0,0.0475185906515913
0,0.0205451542823322
0,0.0149215630613924
0,0.0457160496170656
0,0.0476795442128686
0,0.0192423479028966
0,0.0203134509944852
0,0.0206357042766771
0,0.0478194801259656
0,0.0456915484111935
0,0.0211804305341584
0,0.0465015568666579
0,0.0470562975633984
0,0.0454199646888203
0,0.0193825058366352
0,0.0474098080022987
0,0.0198163384883656
0,0.0218847490875003
0,0.0200530603857709
0,0.048046494957983
0,0.0388997301617342
0,0.0188805313770581
0,0.0232737163237392
0,0.0208621825422552
0,0.0269049857541865
0,0.0225857472834615
0,0.0178067977252998
0,0.0451219842519454
0,0.0454220759466773
0,0.0213107604645018
0,0.0483458893965395
0,0.0482529706674804
0,0.0482858108410601
0,0.0192680591416605
0,0.0272045788497323
0,0.0479226662149844
0,0.0470559294237561
0,0.0478478582382067
0,0.0479208591286925
0,0.046144367200661
0,0.0479121611797009
0,0.0184464488480228
0,0.045415515770161
0,0.0734119516702908
0,0.0278002011577519
0,0.0478428258568188
0,0.0200908995761124
0,0.0474608210218116
0,0.047813587088824
0,0.0226929607452758
0,0.0476616066892061
0,0.0448686882795455
0,0.0478189200967645
0,0.0352580527947236
0,0.0202711373678393
0,0.0194714534846244
0,0.0371880490630847
0,0.0472591122873867
0,0.0401464475687021
0,0.1325677063400622
0,0.0530268970386968
0,0.0454223955748132
0,0.0456849271705953
0,0.0481502179971782
0,0.0218032958776251
0,0.0260385864220298
0,0.0437613685262355
0,0.0475599902932549
0,0.0461816791894287
0,0.0218414703341323
0,0.0476268104001251
0,0.0212759215153624
0,0.0460814973210279
0,0.0482549488510607
0,0.1648746575906969
0,0.0385725385324725
0,0.04608843932014
0,0.0478629665834873
0,0.0218408079909105
0,0.0461653395832841
0,0.0223322187431851
0,0.0123763930464783
0,0.0480614286892418
0,0.0478830538233441
0,0.0479121578600309
0,0.0477903023221186
0,0.0474406526814519
0,0.0167380670748449
0,0.0470445385648943
0,0.0474452431603128
0,0.0482205916458508
0,0.0192938708858835
0,0.0206099335516252
0,0.048293886008036
0,0.0188234515126992
0,0.0452234752954681
0,0.0484284326487928
0,0.0481270351367039
0,0.0204625338742741
0,0.0466820451857881
0,0.0458912989007601
0,0.0465555922561702
0,0.0364844471665516
0,0.0482081468105688
0,0.0590566405112456
0,0.019290480711682
0,0.0365496314081394
0,0.0174279650582184
0,0.0472663967747693
0,0.0470625590721734
0,0.0123949408967839
0,0.0233137987371712
0,0.0215900499599834
0,0.0186727049666352
0,0.0200655342044079
0,0.020648038127543
0,0.055063741359484
0,0.0214761075736597
0,0.0250083586015751
0,0.0484853354607981
0,0.0475301857175514
0,0.0210563735879667
0,0.0475189993395667
0,0.0471846103597309
0,0.0464245576437783
0,0.0176549434871647
0,0.046770453361903
0,0.032805049081501
0,0.0477224944210533
0,0.0143688362187243
0,0.0463614703207826
0,0.035778776713675
0,0.0484612653089655
0,0.0308317600015943
0,0.0481048341716019
0,0.0266805202372738
0,0.0203719546898137
0,0.0218431586937596
0,0.0201745130846493
0,0.0483782347132962
0,0.0397171499696575
0,0.0346164471467676
0,0.0475564828551633
0,0.0467954360586613
0,0.0199481765258073
0,0.0553020844420194
0,0.0390058524394076
0,0.0481022442045315
0,0.0452499739036591
0,0.0219083408999557
0,0.0470475925352077
0,0.0480444490584133
0,0.046507228861252
0,0.0143645935414514
0,0.0219537761141111
0,0.0479103951999764
0,0.0486655595850889
0,0.0460571597486625
0,0.0143959454963226
0,0.0437846201296436
0,0.0350331238535449
0,0.0460537392118314
0,0.047002430637275
0,0.0354868405229978
0,0.0196189748475048
0,0.0478340555224943
0,0.0461411160865642
0,0.0482988837050527
0,0.0545449454255037
0,0.0221107734784649
0,0.0217245814834648
0,0.0210260558797234
0,0.0454332999863501
0,0.0479554632180747
0,0.0475774882629189
0,0.0458479823135688
0,0.0481510058030045
0,0.0473643139877804
0,0.0478212796715446
0,0.0430359789764899
0,0.0479163721921672
0,0.0473542513436393
0,0.0151052748416104
0,0.0464713576463613
0,0.0481884258476115
0,0.0178504698095489
0,0.0456863525191547
0,0.0481786243397207
0,0.0457234902821454
0,0.0271881214973137
0,0.0469263478374719
0,0.0157621064365663
0,0.0452086852545534
0,0.0480198340554277
0,0.0526775354193999
0,0.0448172343394
0,0.0175685320279395
0,0.0476057118673832
0,0.0482694263555325
0,0.0461872155449387
0,0.0371615971794425
0,0.047272908410348
0,0.0483838630143786
0,0.0219477816246476
0,0.0169370131575166
0,0.0178365151580038
0,0.0125761441926699
0,0.0484047161359098
0,0.0718451107079206
0,0.0474588113639415
0,0.0478712195532548
0,0.0463846960797776
0,0.0220744209476283
0,0.0163711516949794
0,0.0478077355505694
0,0.0485833765613963
0,0.0470539189694295
0,0.0160993756697773
0,0.0476194259983756
0,0.0457966514120428
0,0.0161335512674808
0,0.048151092726048
0,0.0213740615191382
0,0.0185147787179317
0,0.0465248139270509
0,0.0480831556386164
0,0.0480203150117513
0,0.0477991744690025
0,0.0484315775833886
0,0.0199920466367547
0,0.047350598997507
0,0.0466959064355508
0,0.0463578040507236
0,0.0173862646590546
0,0.048239927385557
0,0.0205980897463161
0,0.0480744253535633
0,0.0197716486379805
0,0.0218970460116585
0,0.0190634631404185
0,0.0215255925845578
0,0.0472710474341344
0,0.0480348550375767
0,0.0478811312798407
0,0.021879703321236
0,0.0161596572936424
0,0.0549289185711087
0,0.0484264962500071
0,0.0453029425797167
0,0.0482593689293877
0,0.0475586938990072
0,0.0472617987305976
0,0.0474393690700324
0,0.054711198194849
0,0.0215767118084125
0,0.0219129002569161
0,0.0478245511249401
0,0.0247575652038221
0,0.0469773446792851
0,0.047907958454986
0,0.0482183536890955
0,0.0159280369379832
0,0.048017716728271
0,0.0477410237875971
0,0.0201428488562381
0,0.0465885396080074
0,0.030212072394886
0,0.0195810229036581
0,0.0462329348325811
0,0.0196677824519238
0,0.045490034874922
0,0.0462378746900751
0,0.0371511598462561
0,0.0211199878367816
0,0.0462253910771433
0,0.0251315064199028
0,0.0459905023080088
0,0.0480252128404672
0,0.0201745735049621
0,0.0218864723098086
0,0.0206154533752098
0,0.0481721944270722
0,0.0453201445327035
0,0.0472756854946603
0,0.0208660642264011
0,0.0484144180148155
0,0.1746817853967796
0,0.0396360863377462
0,0.0482649980944204
0,0.0551990628059631
0,0.0185406750061909
0,0.0453811067087309
0,0.0482320017683364
0,0.0459106139640902
0,0.0221430864872901
0,0.0479605242143396
0,0.0468050310835794
0,0.0219373944952779
0,0.0457012646208318
0,0.0479580722548981
0,0.035862069278013
0,0.0389462291214689
0,0.0235919478850461
0,0.0455217202145324
0,0.0482819300442804
0,0.0465997971388085
0,0.0211065163877149
0,0.0222685751298684
0,0.0460417805039923
0,0.0454221007387819
0,0.0171572110904059
0,0.0540443601945906
0,0.0461456169383698
0,0.0478658994859118
0,0.0459383843805976
0,0.0276242210812079
0,0.0127761426109438
0,0.0422288613366193
0,0.0460672621668856
0,0.0473129316562766
0,0.0476148089794224
0,0.0421166544773306
0,0.0477167955825519
0,0.0177583603539077
0,0.047352961709515
0,0.0423819932481631
0,0.0346473385740295
0,0.0323053947319213
0,0.0165151930783239
0,0.0144444411037309
0,0.0153760725386039
0,0.0478966439994191
0,0.0479132775177193
0,0.0451154229070251
0,0.0448894808306026
0,0.0467521997032335
0,0.0276843127845848
0,0.0219959806616788
0,0.0154261235958635
0,0.0468203361115899
0,0.0164947342858204
0,0.0476789225252574
0,0.0476773125195515
0,0.0447690878349856
0,0.0467537111970449
0,0.0223536030566441
0,0.015433365866386
0,0.0534053031493003
0,0.0466606202699628
0,0.046156293473767
0,0.0456953972911656
0,0.0124250389432375
0,0.0778103141556975
0,0.0455622318517976
0,0.046023582565915
0,0.0185471806069323
0,0.0120128204685505
0,0.0485509909418753
0,0.0515111336209996
0,0.0225283750489129
0,0.0484462131254397
0,0.0204072266526191
0,0.0172676184677202
0,0.0215709483610251
0,0.019245629234182
0,0.047032310867676
0,0.0470410577083534
0,0.046107255214897
0,0.048144846031148
0,0.0476726681854323
0,0.0478445386904148
0,0.0250483691752429
0,0.0482338551601608
0,0.0192651180208418
0,0.0479083091874705
0,0.0254274531229998
0,0.0136917563259716
0,0.048408764364762
0,0.0208742595197482
0,0.0159439719932807
0,0.0477007819602573
0,0.0483120388954026
0,0.0481806701759119
0,0.0469769220209349
0,0.0356965781929459
0,0.0202943173269433
0,0.0308790507740124
0,0.0468482111082345
0,0.0469882517754934
0,0.047153529892704
0,0.0454420862309499
0,0.0484140577620158
0,0.1916148445512285
0,0.0455900376695667
0,0.0789490455169488
0,0.0484420914328205
0,0.046182421954613
0,0.0475608333824169
0,0.0485896271951631
0,0.0376939930042349
0,0.0451821042328715
0,0.0190913943741812
0,0.0280087989749257
0,0.0153533795552657
0,0.0475580546345802
0,0.0145756983046167
0,0.0472349161100666
0,0.0439821747563934
0,0.0126320252310217
0,0.0475471310338919
0,0.045217013386538
0,0.0457232919266406
0,0.0204095207944952
0,0.0220097267018252
0,0.0478172438111729
0,0.047923771770246
0,0.0457829106782112
0,0.0476165759891133
0,0.0478164569852467
0,0.0476986528648824
0,0.0248471079286776
0,0.0218769064408507
0,0.0481078253384912
0,0.0480778181318368
0,0.0315583386725038
0,0.0479929991087058
0,0.0243891525006015
0,0.0457154011019734
0,0.0470286617993197
0,0.0456583441802027
0,0.0357878842055822
0,0.0219082782672584
0,0.0457020229985348
0,0.0172589383608316
0,0.0471431157419096
0,0.0472718523324648
0,0.0103979093906357
0,0.0477871448352685
0,0.0184608510347824
0,0.0467653182300509
0,0.046991845690771
0,0.0484274088109151
0,0.0210141354772896
0,0.0212474229591962
0,0.0256611949437706
0,0.0469919573560443
0,0.0454214974107013
0,0.0483547769804749
0,0.0190381724223053
0,0.0232975849709608
0,0.0213753171300957
0,0.018433639898795
0,0.0476882007610539
0,0.0209125390399719
0,0.0455704938822929
0,0.0471090578827093
0,0.0253566208898046
0,0.0482199343834362
0,0.0481848763738234
0,0.0366581974188579
0,0.0481609489659994
0,0.0482361470112487
0,0.0482162227324367
0,0.0475148308233592
0,0.0483090243235017
0,0.0476924332726073
0,0.0453531426591749
0,0.0458013335000931
0,0.04842126516419
0,0.0219263806862735
0,0.0460084675506125
0,0.0636695846484266
0,0.0481361251236271
0,0.0214020448433427
0,0.0481255215008884
0,0.0461344083530691
0,0.0481088371143912
0,0.0177692356958287
0,0.0204163255272214
0,0.0479972826095707
0,0.0470105523215258
0,0.0478148491259986
0,0.0475881523113369
0,0.0480608929889457
0,0.0317197447688454
0,0.0483641861575948
0,0.0476075165212878
0,0.0484526636634813
0,0.0473135781497416
0,0.0241899494231942
0,0.0484313037012696
0,0.0119284407048286
0,0.0156030485899847
0,0.0161902153488611
0,0.021898617852548
0,0.0483564037931384
0,0.0184748578324548
0,0.0471461657904133
0,0.0189910086136171
0,0.0480085337338383
0,0.015052684086796
0,0.0481582797172513
0,0.024899935011724
0,0.0481024441731479
0,0.0486313681439497
0,0.0479268483939916
0,0.0125584242254564
0,0.0210329796471841
0,0.048306567739283
0,0.0216624486843817
0,0.0480843951234257
0,0.0144550813409839
0,0.0476705994870953
0,0.0475411645660112
0,0.0474581418607151
0,0.0298408053769443
0,0.0206831652055788
0,0.0484030760547234
0,0.0478089571072635
0,0.0216043305575456
0,0.0484558319981031
0,0.0484666576056439
0,0.020645476410267
0,0.0480881526353218
0,0.0479704287912141
0,0.012973380333711
0,0.0462523153453643
0,0.0478812367984001
0,0.0210092329134446
0,0.0453278505829789
0,0.1820993566808511
0,0.0206445404802871
0,0.0483680034958999
0,0.0478379258595885
0,0.0221007951487111
0,0.0475094851686524
0,0.0452544445200323
0,0.0148305432003956
0,0.0466899670485283
0,0.0466343741826966
0,0.0485385195597545
0,0.0480891027472223
0,0.0219232417363344
0,0.0232026649365742
0,0.0482478735575661
0,0.0456560479882809
0,0.0475181179622219
0,0.0469322602684504
0,0.0483792017335988
0,0.0467765805616003
0,0.0215719813726679
0,0.0359739258814947
0,0.0479661061205036
0,0.0484036525612058
0,0.0478175784925675
0,0.0468404342794303
0,0.0218378784720184
0,0.0288527817182925
0,0.0458831072370211
0,0.0476849103293715
0,0.0257602028605456
0,0.0210562175238341
0,0.0222158248895499
0,0.0477457962437583
0,0.027646892918917
0,0.0120785874234734
0,0.0476961672249214
0,0.0476624631234642
0,0.0484377856815132
0,0.0539921534484864
0,0.0389886647278222
0,0.0203468457714411
0,0.0483731059717751
0,0.0130362517752505
0,0.0205044124483763
0,0.0480718229403908
0,0.0202786790789695
0,0.0128107240645077
0,0.0466869484468118
0,0.043386824212565
0,0.0481668348755843
0,0.0467747872981467
0,0.0302277368330931
0,0.020952068258532
0,0.03130481312477
0,0.0212731455989328
0,0.0480883257056497
0,0.0144278035151134
0,0.014668822568842
0,0.0206524117087973
0,0.0372824101108659
0,0.0476582375564809
0,0.0215506392864622
0,0.0467719622321057
0,0.0473906127475567
0,0.0455742036210502
0,0.0475876091463732
0,0.0467749636478385
0,0.0456839356908537
0,0.0480895919228401
0,0.0478026170660978
0,0.0159185571139517
0,0.0483247399991526
0,0.0164692482720876
0,0.0259203868116908
0,0.030220730821574
0,0.0456992616056347
0,0.0456173876484538
0,0.0466128649820183
0,0.0502402436557865
0,0.0315027255369681
0,0.0214571752285989
0,0.0478436960361273
0,0.0486335596498188
0,0.0468104867334576
0,0.0477955535392747
0,0.0484297924227197
0,0.0476669118444346
0,0.0168387731770623
0,0.0192359589478103
0,0.044708514732736
0,0.047795570914372
0,0.0466377439992095
0,0.0217001683145724
0,0.0483485170375482
0,0.021368632524513
0,0.0481631878390872
0,0.0188676739107464
0,0.0457217945404384
0,0.0370625129887422
0,0.0208644115821857
0,0.0475245398641891
0,0.0477502339603391
0,0.0478988851585022
0,0.0473423687997066
0,0.0460709846142558
0,0.0471377911496337
0,0.0480813482449004
0,0.045271249267767
0,0.0451752762518473
0,0.0455524524283187
0,0.048346145908813
0,0.0466453930502646
0,0.0178024575349822
0,0.0480223556807258
0,0.0201765689009327
0,0.0452120551018997
0,0.0197823309375348
0,0.0173121198396212
0,0.0470772415390742
0,0.0480291354774001
0,0.0448345097562207
0,0.0475388401799511
0,0.0463341266423044
0,0.01599110285103
0,0.0485892770235451
0,0.0476773394889631
0,0.0473391500001694
0,0.0186063855093914
0,0.0457044694779381
0,0.0473489527297535
0,0.0205041942260295
0,0.0482624959688041
0,0.0325179881873719
0,0.0483716921627684
0,0.0188987019272287
0,0.0178581501669402
0,0.0457820977712467
0,0.0161840761558639
0,0.0484390135008896
0,0.0317344538318889
0,0.020799692515987
0,0.0452245138895128
0,0.048182763774083
0,0.0260380303962694
0,0.0343827203652192
0,0.0485905891790405
0,0.0478613651205914
0,0.0141106710287758
0,0.0287055757403208
0,0.0483782183362477
0,0.0480443516777446
0,0.0196484521214262
0,0.0175318195066092
0,0.0463718760655201
0,0.0465499788284579
0,0.0349522437164519
0,0.0462431049280542
0,0.0476523712812333
0,0.0484818737927074
0,0.0469775568407914
0,0.0481983304678971
0,0.0483968093009293
0,0.0476498236162394
0,0.0478471699208062
0,0.0206545957830275
0,0.0482901385635
0,0.0476287592148714
0,0.0208582683785519
0,0.0433791269001107
0,0.0469692938856265
0,0.0504074708352951
0,0.0388195718872704
0,0.0183900422519333
0,0.0467851263080699
0,0.0215497213739347
0,0.0197297783427546
0,0.0241454974030771
0,0.0210768254708901
0,0.0215116002598577
0,0.0457119022787287
0,0.0482042594400463
0,0.0482894651132013
0,0.0325236561965055
0,0.0466077774258798
0,0.0195270438525945
0,0.0467358191009009
0,0.0184916506707889
0,0.0482385403476197
0,0.0216060972374955
0,0.0218922594429782
0,0.01577278353862
0,0.0461774094237533
0,0.0241438395078236
0,0.0476242308366761
0,0.0482724530643198
0,0.0158979661594083
0,0.0477239818665906
0,0.0475966624232853
0,0.0474399794470887
0,0.045046561568633
0,0.0381273464685679
0,0.0482362210204641
0,0.0196861981297509
0,0.0943012694356991
0,0.0313188504363459
0,0.0451191436051374
0,0.0482492960449685
0,0.0476086190803195
0,0.0469606506513882
0,0.0479016414111527
0,0.0213011822953228
0,0.0209653156165698
0,0.0475159829803712
0,0.0187120009580135
0,0.0472291961321474
0,0.025433600986181
0,0.0211367910822224
0,0.0380054030928896
0,0.0459810846994527
0,0.0214387663105968
0,0.0481498374247758
0,0.0480169999606112
0,0.0478322846674219
0,0.0461824376049974
0,0.0478072809242265
0,0.0450072643960313
0,0.0205995146447761
0,0.0459597558870448
0,0.0473333946518848
0,0.0476919166798797
0,0.0258771660778489
0,0.0479580366384012
0,0.0477805808069403
0,0.0203149564975731
0,0.0178532662225223
0,0.0479016727127711
0,0.044987098221098
0,0.0472669466805038
0,0.0304022716908123
0,0.0480403307417424
0,0.0475886252038763
0,0.0477500445032402
0,0.0475528568624517
0,0.0662274899999055
0,0.0590862518606605
0,0.0171702593565281
0,0.0201258212243401
0,0.0477499247519646
0,0.0474021318109831
0,0.0156740845080111
0,0.047633774735868
0,0.0193122087993198
0,0.0466679713046984
0,0.0482797266154779
0,0.0459552515032155
0,0.0100777033814395
0,0.0455289453465781
0,0.0466323734187502
0,0.0482212650881155
0,0.0484539794240432
0,0.0453774443126908
0,0.0479186044282053
0,0.019013915763948
0,0.0205382362490387
0,0.0480330805146253
0,0.0193772129018484
0,0.0186224039601949
0,0.019016974141864
0,0.0134437983867626
0,0.0461197791533145
0,0.0477508865064645
0,0.0451887779399701
0,0.0263492003160971
0,0.0376976149334539
0,0.0273903107337387
0,0.0465393702606022
0,0.0195769334266938
0,0.0168055436743939
0,0.0481034192344557
0,0.0456171297052429
0,0.0447678006513244
0,0.0216690676091898
0,0.0485327922604118
0,0.0473144990565687
0,0.0211194700492884
0,0.0213033633885777
0,0.0175853537034786
0,0.0483844594766765
0,0.0217574378428639
0,0.0483504183902166
0,0.0151258628842242
0,0.0480123044855182
0,0.0224445461245758
0,0.0227961947006953
0,0.0198588238544893
0,0.0475735044575992
0,0.0467506068666349
0,0.0358582195755896
0,0.0480499508395088
0,0.0145321456837869
0,0.0483911905735949
0,0.0476786603525689
0,0.0195472162503246
0,0.0458286275939144
0,0.0482043277057241
0,0.017544451808861
0,0.0483696205998009
0,0.048233870376391
0,0.0472184164425818
0,0.0192087671583157
0,0.0482030817592265
0,0.0476987900763435
0,0.0475078175150341
0,0.0482739016089336
0,0.0191052949188469
0,0.0211726968309747
0,0.016420961588966
0,0.0470591417299798
0,0.0474796931487572
0,0.0154302059288361
0,0.0483620021773541
0,0.0213753207287648
0,0.0225218604762427
0,0.0519649537453405
0,0.0219161945771969
0,0.0481665670548649
0,0.0407648862766201
0,0.0251183732831515
0,0.0481865279006654
0,0.0465481281341984
0,0.0484877705965858
0,0.0216056094584894
0,0.0457667375221703
0,0.0241674482397778
0,0.0467956375906559
0,0.0121757731697824
0,0.048408865777026
0,0.0452271041450161
0,0.0481877900680999
0,0.0470671881948026
0,0.048252427497854
0,0.0448409969984432
0,0.0453156334373239
0,0.0160523441679413
0,0.0484208069185332
0,0.0205526359190669
0,0.025407692865104
0,0.0471576851967449
0,0.0172570479678719
0,0.0470036867257251
0,0.0466703595619369
0,0.0484219044707589
0,0.0473635879930754
0,0.0173019180495958
0,0.0473957243946402
0,0.0209741452341945
0,0.0297776400194963
0,0.0818644570947123
0,0.0203336505428966
0,0.0473506964194591
0,0.0480975861370849
0,0.0465755825517758
0,0.0218681743629163
0,0.0475273561408041
0,0.0455241410460006
0,0.0477984171575366
0,0.0473632674753946
0,0.0483069817159928
0,0.0484797682168369
0,0.0477200275345826
0,0.0476721263783219
0,0.048025670224627
0,0.0197574547272378
0,0.0475287631229485
0,0.0471615678019112
0,0.0480877244870737
0,0.0847097207358324
0,0.047594092326501
0,0.0158208292190473
0,0.293363551320468
0,0.0473387533383541
0,0.0484219442014698
0,0.0201937368141825
0,0.0276725508282246
0,0.0718560987111817
0,0.0472043839596817
0,0.0372635461329239
0,0.047758938313427
0,0.0482191506220481
0,0.0461807911819811
0,0.0473132400490898
0,0.0217949318060962
0,0.0205535488776352
0,0.0212239493223688
0,0.0452886405479371
0,0.0195363703211338
0,0.0463347907662736
0,0.0479387008139954
0,0.0453713739409916
0,0.0467871277649195
0,0.0218873235101683
0,0.0454879776988184
0,0.0475060121461747
0,0.0200083416242049
0,0.048156433327038
0,0.0451898121783202
0,0.0457070805623554
0,0.0201270624968873
0,0.0477225897266818
0,0.0483806565370429
0,0.0481821179173014
0,0.0476788489946584
0,0.0484376799285974
0,0.0185388954500084
0,0.0160784994017703
0,0.0210586993691632
0,0.0553535014907485
0,0.0478148532761774
0,0.0211428014137461
0,0.0519225003892774
0,0.0326325227306131
0,0.0786228534219099
0,0.0480759552789466
0,0.0456651787720524
0,0.0464836488055918
0,0.048000372663229
0,0.0484942046583272
0,0.0210014200737646
0,0.020553335311435
0,0.0201937294184548
0,0.0203962919664331
0,0.0465451985613864
0,0.0454321074343731
0,0.0468650368413638
0,0.0472064183533264
0,0.0156937299081529
0,0.0135361234315746
0,0.0271988840294964
0,0.0223758971965994
0,0.0156655294721877
0,0.0359572820528736
0,0.0167787832634966
0,0.027671179786222
0,0.0182133495894238
0,0.0461582728354521
0,0.0456243123206518
0,0.0178698996968627
0,0.0447669108237929
0,0.0157979960819673
0,0.0216092192251607
0,0.0454863440433648
0,0.0399046242373371
0,0.0201501535899496
0,0.0469658850519225
0,0.0472598968112791
0,0.0484021457385644
0,0.048538634188326
0,0.0480822861400997
0,0.0476222195474885
0,0.0479094143073562
0,0.0259232517524826
0,0.0213907062023213
0,0.0481746386605327
0,0.0218067374760201
0,0.0476621963665851
0,0.048335389101156
0,0.0480829946016714
0,0.0172971558386
0,0.023872822644361
0,0.0211017585739514
0,0.0482028186675249
0,0.0219614031034492
0,0.0475442625797814
0,0.0475247712491102
0,0.0484940832604576
0,0.0186676472509649
0,0.0467549821902213
0,0.0470471473807638
0,0.0198144171678758
0,0.048315782482094
0,0.0480273375657184
0,0.020933139241249
0,0.0468899037923644
0,0.0212903214436877
0,0.0461281044358424
0,0.0399048254582698
0,0.0408983385817454
0,0.0478260104122002
0,0.0480646127355237
0,0.0460518562378896
0,0.0476001463829755
0,0.0461327556778664
0,0.0477771304476902
0,0.046448799647704
0,0.0481516497504736
0,0.0324502038227503
0,0.0160273771624877
0,0.0212695802922461
0,0.0482406753974748
0,0.0484165097447329
0,0.0219200480227066
0,0.0272094210425328
0,0.0480884436777356
0,0.0479196642432226
0,0.0350913281686161
0,0.0483276847467437
0,0.0476592699843416
0,0.0188698710109073
0,0.0220204629169185
0,0.0480425380275323
0,0.0271542024702054
0,0.0172143919698381
0,0.0459248624166307
0,0.0215454952706047
0,0.0406848586810487
0,0.0325036820631276
0,0.0481953765188469
0,0.0474861786812084
0,0.0148166208853821
0,0.0475259758581406
0,0.0207283199086275
0,0.0214826025260527
0,0.0124178277753696
0,0.0468404266322875
0,0.0108202510630112
0,0.0476547104330177
0,0.0468159515903336
0,0.0786078226534767
0,0.0357207355534851
0,0.0456491713515782
0,0.0479124343262302
0,0.0205368788125921
0,0.0458498011920025
0,0.014199128479717
0,0.0346420209969341
0,0.0475073197148646
0,0.0471146492423524
0,0.0470099658490496
0,0.0205353469162771
0,0.0453788678765471
0,0.034394501170775
0,0.0461011727401406
0,0.0481321450890892
0,0.0351622582820828
0,0.0482854495206561
0,0.0217837828246197
0,0.0355188409653476
0,0.0479183908053882
0,0.0470381517659677
0,0.0484751949642449
0,0.0178309581071141
0,0.048191404836227
0,0.0132046547388133
0,0.0480300167613265
0,0.0452374372551139
0,0.0479227471290365
0,0.0480359191062464
0,0.048188868150774
0,0.0482258634983169
0,0.0480281880986964
0,0.0831009384095508
0,0.0457475113813161
0,0.0476899836860462
0,0.0473725699346883
0,0.0190292352820453
0,0.0483816224796934
0,0.0479090544018923
0,0.0325178830522533
0,0.0324749715041153
0,0.0482198839092472
0,0.0481949951889894
0,0.0186216227355985
0,0.0359537425731386
0,0.0389179255294743
0,0.0240461834475306
0,0.0476437376904811
0,0.0483536678605111
0,0.0478181296091667
0,0.0409397528893596
0,0.0211670342489629
0,0.0384370046727931
0,0.0456932675415473
0,0.0274733050999188
0,0.0201601989078818
0,0.0467948192910445
0,0.0297214960392893
0,0.0470242617781192
0,0.048425854706985
0,0.0454252067686413
0,0.0475060747418379
0,0.0349243959289056
0,0.0454628853119489
0,0.0209106774497544
0,0.0463721409970099
0,0.0479088050882222
0,0.04654559454707
0,0.0164334978508799
0,0.0324878637518577
0,0.0480020866536777
0,0.061440823498751
0,0.0476995644164145
0,0.0186349219582785
0,0.0176952990874889
0,0.0471062761733345
0,0.015819859826862
0,0.0469701058947047
0,0.0135557973357959
0,0.0451368802346781
0,0.0452850652336859
0,0.0479022693727176
0,0.0197158510165032
0,0.0150804261739853
0,0.0208419192798308
0,0.0468108170709663
0,0.0469409521049904
0,0.0475162473694093
0,0.0151472249631018
0,0.0447739927395075
0,0.0178517291029596
0,0.0469056063069892
0,0.0480004869247911
0,0.0131416619356865
0,0.0477104630446602
0,0.0485628458667481
0,0.0480615883045693
0,0.0474585430817197
0,0.036408830584813
0,0.047210426835308
0,0.0484465151366562
0,0.0205817346549021
0,0.0466126059409159
0,0.047656927085363
0,0.0368219717656978
0,0.0200983986301735
0,0.0475559690221619
0,0.048513223315637
0,0.0398924743166687
0,0.0205756255117473
0,0.0483512537783901
0,0.0462414185965245
0,0.0482981506750734
0,0.0481270330881206
0,0.0475711981604109
0,0.0454118843259019
0,0.018144714507126
0,0.0475702683771753
0,0.0158059185539548
0,0.0158330406140805
0,0.027607934658396
0,0.0217273438206762
0,0.0480083786179917
0,0.0456888439701489
0,0.0455521596219731
0,0.0355134843032145
0,0.0475559747285392
0,0.029763235009174
0,0.0164104446770748
0,0.0476551806191834
0,0.048154033049058
0,0.0477530378648973
0,0.0471874242317518
0,0.0483209712599762
0,0.0326537685210437
0,0.0478345783191411
0,0.0156552224017435
0,0.0460410437786171
0,0.0476686608778922
0,0.0483797722346372
0,0.015773368200416
0,0.0345993452675466
0,0.0473103012605176
0,0.0463187728322405
0,0.0471969647327088
0,0.0477256403660805
0,0.0213061514861595
0,0.0110256268014035
0,0.0475290405352784
0,0.0477853789067333
0,0.0464943066520378
0,0.0480610071628748
0,0.0482982348978736
0,0.0481510572176296
0,0.0481554793349605
0,0.039898964455702
0,0.0147045801266867
0,0.0463939650155768
0,0.0209908248368051
0,0.0473223144431987
0,0.0351996446758631
0,0.0272509478688061
0,0.0484019132217883
0,0.0217963535549531
0,0.0478327179869454
0,0.0467796312770819
0,0.0475372766456943
0,0.0470226086675399
0,0.0476072102230083
0,0.0458372281595025
0,0.0218589826599328
0,0.0359469547305511
0,0.0247098356805
0,0.0476565491744253
0,0.0451628457134139
0,0.034162621437706
0,0.0313279656890198
0,0.0480023404607407
0,0.0460811829564046
0,0.04839182139637
0,0.0483956140603222
0,0.015598108562655
0,0.0546592025163114
0,0.04765675173235
0,0.0158964141864198
0,0.0103212842528552
0,0.0325057050371278
0,0.0291928621513217
0,0.0218737131586325
0,0.0479555389573102
0,0.0480284301231958
0,0.0219577491781388
0,0.0478647708502594
0,0.0169826103550455
0,0.0475521129725015
0,0.0479905769914449
0,0.0144303093801471
0,0.0211024517471976
0,0.0457201547335848
0,0.0389553260940678
0,0.0217898194220623
0,0.0483514218156643
0,0.0484803217031031
0,0.0480950703182813
0,0.0272914627882996
0,0.047493951972742
0,0.0330635346348498
0,0.0467966041924027
0,0.0465463936526771
0,0.0121534110216357
0,0.0481104036388644
0,0.0387466600042951
0,0.0482865412441271
0,0.0476132347289677
0,0.0218084384573463
0,0.0248958744533258
0,0.0145559680714479
0,0.0203386143867552
0,0.0164518297490443
0,0.0197835549814241
0,0.0301864781765752
0,0.0456857632155269
0,0.0456604264666718
0,0.0458491178318418
0,0.0482024488858657
0,0.0475364814376509
0,0.0123636518441746
0,0.0480876922913916
0,0.0266686374461771
0,0.0471922056357961
0,0.0476100811775579
0,0.0479017722554713
0,0.0472598038387418
0,0.0140839443433489
0,0.0460504484206221
0,0.020575266395939
0,0.0192826353886017
0,0.048254358403829
0,0.0283873191287758
0,0.0476079743322548
0,0.0479646170689754
0,0.0308858831919816
0,0.0457810252139289
0,0.0467650393262238
0,0.0475556000857316
0,0.0461619241466551
0,0.0470682334467569
0,0.0483142116291153
0,0.0474232952167727
0,0.0475334760938156
0,0.0457433735810371
0,0.0453131618836507
0,0.0482620201289324
0,0.0475478140415391
0,0.0483555178472425
0,0.0480368852841615
0,0.0470873186824573
0,0.0462195104550031
0,0.0482565843890906
0,0.0475016445765469
0,0.0475543539293254
0,0.0399042591236409
0,0.04748477953473
0,0.0210788273373906
0,0.0366703911960917
0,0.0476833365401866
0,0.0477175784808964
0,0.0184241430297979
0,0.0480958864964726
0,0.0172454073758421
0,0.0212825607613034
0,0.0238722636792761
0,0.0251117662625171
0,0.0154877614960639
0,0.0188438845728449
0,0.0480886487318293
0,0.0367671189631711
0,0.019492593962289
0,0.0456488135220088
0,0.0469893954931538
0,0.0467348634212335
0,0.0198982803798809
0,0.0426835353198513
0,0.0469803607907157
0,0.0481271052975384
0,0.0485973291188514
0,0.0402300315898911
0,0.0476571470306694
0,0.0481577354089596
0,0.0483294501334316
0,0.0454300171068823
0,0.0475135367005231
0,0.0389983138032978
0,0.0475484779242041
0,0.0304359015570019
0,0.0481770783802767
0,0.0165808766160951
0,0.0480849863991378
0,0.0384154238211009
0,0.0213127128630914
0,0.0485424944935308
0,0.016708714120855
0,0.048252420064377
0,0.0482992463974927
0,0.0454118409454065
0,0.0471931554111705
0,0.0456423206486833
0,0.0187680377545881
0,0.0455448723932804
0,0.0275006630683988
0,0.0471593286818784
0,0.0484538472070056
0,0.0482581747492531
0,0.0149714134301189
0,0.0455542597633436
0,0.0454311039250349
0,0.0152163913207326
0,0.0482865709926743
0,0.0423809428660739
0,0.046689574492628
0,0.0480117176600901
0,0.0094880227817265
0,0.0473686077262163
0,0.0481738947574079
0,0.0482642829891062
0,0.0470790916291247
0,0.0354889265531221
0,0.0130187109801921
0,0.0476630991002082
0,0.0480717560972855
0,0.0216199240675812
0,0.047947584892154
0,0.027458625353392
0,0.0208097076540379
0,0.0461882209590654
0,0.0210012368428169
0,0.0475652166697893
0,0.0161690421642636
0,0.0209139131092106
0,0.0346069414312645
0,0.0482642329022015
0,0.0136970029807239
0,0.0476508018052043
0,0.0481985283782904
0,0.0348412446787542
0,0.0258322003391376
0,0.0457590140954796
0,0.0210667812287254
0,0.0153314054330505
0,0.0259946490286838
0,0.0481827189000603
0,0.0186683562512521
0,0.0477903753762899
0,0.0156031173243415
0,0.0478832564055016
0,0.0438874654885065
0,0.0628383683036893
0,0.0186338008950387
0,0.0484213682569654
0,0.0135243678731503
0,0.0482340126357113
0,0.0481979574767581
0,0.0473577274280906
0,0.0347215932642677
0,0.0467456991924843
0,0.0453218108281673
0,0.0482651659108002
0,0.0477288409953173
0,0.0473536712469755
0,0.0221603825485622
0,0.0476531939943636
0,0.0475871517539659
0,0.0472714386402132
0,0.0699496766961106
0,0.0480703560373977
0,0.0190440824343602
0,0.0482285114411035
0,0.0452016872813279
0,0.0414844765259877
0,0.0402045195100423
0,0.0449572600199226
0,0.0200999395406449
0,0.0218009026300501
0,0.0478767249792795
0,0.0287045917149838
0,0.047505180641208
0,0.0202404504648344
0,0.0453279385010892
0,0.0484179659001427
0,0.0481578340016564
0,0.0476075968109857
0,0.0478368152929818
0,0.0484842656267421
0,0.0449353658235697
0,0.0210339242066393
0,0.0125465019687512
0,0.0474370205904206
0,0.0200226401763864
0,0.0928271026447644
0,0.0461949819562936
0,0.047920379953501
0,0.0355210026283354
0,0.0455666902019855
0,0.0479787114597438
0,0.0479120880015106
0,0.0448481198660459
0,0.0252517400100067
0,0.0482058349074948
0,0.0184087809758717
0,0.0475536710177176
0,0.0463976714796294
0,0.0211118728657184
0,0.0134058769006844
0,0.0207725771718401
0,0.0354250775243814
0,0.0484885225851161
0,0.0156998327383231
0,0.0282711882589214
0,0.0480690692213055
0,0.0454546390792751
0,0.0218384716477398
0,0.0340190668175985
0,0.0471736562579688
0,0.0468966851750849
0,0.0478139879530748
0,0.0483933468786564
0,0.0208709645609644
0,0.0478741941270373
0,0.0467812346756966
0,0.0241767924339369
0,0.0480141400344766
0,0.1746616156659597
0,0.0483148914576843
0,0.0162380317576
0,0.0203655106951491
0,0.034930277869261
0,0.0468326301822354
0,0.0352203255102969
0,0.019981058209454
0,0.0348355666117421
0,0.0471478788615434
0,0.047801846435023
0,0.0210066424948171
0,0.0676315670766305
0,0.0389999516224275
0,0.0561444968859783
0,0.0490986324752874
0,0.0452873315601291
0,0.0479497973688175
0,0.0483987143699664
0,0.0472915765420488
0,0.0480073225801273
0,0.0483192199618018
0,0.0487445056230733
0,0.0468626338056464
0,0.0470045556332008
0,0.0220505528825373
0,0.0474708045290344
0,0.0484289664366088
0,0.0475528770304208
0,0.019262507632103
0,0.0326498631891599
0,0.0275067674144961
0,0.0346202687563341
0,0.0461076808756699
0,0.048116162238689
0,0.047869358085593
0,0.048071069561029
0,0.0473783926182813
0,0.0457705367767141
0,0.0165524856765572
0,0.0482540108239388
0,0.0221179616808233
0,0.0484104998992264
0,0.045751222999872
0,0.0480632588682151
0,0.0473519141612993
0,0.0475445936682301
0,0.047996883001106
0,0.051732471800539
0,0.0220172832993942
0,0.0238682629096232
0,0.047955929923682
0,0.0477442440794143
0,0.0480983057876262
0,0.0272879411990449
0,0.0218217369531786
0,0.0182793221587456
0,0.0376782083066333
0,0.0186322675815369
0,0.0143338086464937
0,0.0474547665569315
0,0.0453823373852565
0,0.0422868193335471
0,0.0271940780265605
0,0.0146368745146904
0,0.0467724098149745
0,0.024534415930768
0,0.0210455300528257
0,0.0176126690307571
0,0.0427069658520582
0,0.035341390815927
0,0.0452885549294065
0,0.0668072972399178
0,0.0160802305153181
0,0.0457380253987569
0,0.0483696159771694
0,0.0485677474741725
0,0.0456384939081868
0,0.0426624595618334
0,0.0480481523401841
0,0.0476540148999209
0,0.0186232487457404
0,0.0447528741197336
0,0.0481759959297205
0,0.0468545341144976
0,0.0158383600441769
0,0.019435390744375
0,0.0483268345429295
0,0.0482628027454501
0,0.0482841336002552
0,0.0466578286018181
0,0.0250420120766698
0,0.0483290664245152
0,0.0479964597985952
0,0.0150581939593929
0,0.0194874289074533
0,0.0472487926631494
0,0.0484217854820301
0,0.0473564915569688
0,0.0474352800181317
0,0.0206516553032719
0,0.047731114164635
0,0.0466061642657791
0,0.048319696411375
0,0.0278060472552186
0,0.0452326802457758
0,0.0480528954617954
0,0.0449725302124569
0,0.1647090485356754
0,0.0435161732021028
0,0.0388426104972972
0,0.0485002745875232
0,0.0287473520727147
0,0.0182611685691226
0,0.0454186453777406
0,0.0481061629199916
0,0.0475062348203662
0,0.0186239258962892
0,0.0480346457345569
0,0.046690284884474
0,0.0189461356791853
0,0.0163419220026082
0,0.0482222622863545
0,0.0258413424404786
0,0.0147445862243129
0,0.0221998605544787
0,0.0484125964096643
0,0.0455004286078568
0,0.0470717696459998
0,0.0251898626356191
0,0.035135856707498
0,0.019690055379911
0,0.0471815055448107
0,0.0190891461291088
0,0.047585650478867
0,0.0453954253283252
0,0.0479428780832127
0,0.046137612245562
0,0.0463739688798711
0,0.0456302273736022
0,0.0477000695848749
0,0.0482438473833066
0,0.0476566498065439
0,0.0480283958769539
0,0.0183737404770091
0,0.0161277421377827
0,0.0187056950015956
0,0.0479552387009645
0,0.0287897881365536
0,0.0292931198060463
0,0.0480599611399305
0,0.0401914265950427
0,0.0479985918964544
0,0.0143503979550672
0,0.0484433938136052
0,0.0451044458810037
0,0.0192660991008467
0,0.0448746320396823
0,0.0481510341820983
0,0.0480632765694443
0,0.0220441976041993
0,0.0475453397945744
0,0.021220261277065
0,0.0480443258179176
0,0.0218512147561532
0,0.0349231801595698
0,0.0453689075054099
0,0.0479885579484573
0,0.0482570862935323
0,0.047262580508227
0,0.0475981517625959
0,0.0135223610457067
0,0.0450872491908286
0,0.0219110023528624
0,0.0477971951466243
0,0.0475539582717848
0,0.0427373493745588
0,0.0448791933795044
0,0.0481035194042959
0,0.0166972861601625
0,0.0484266310511123
0,0.0469020940766294
0,0.0247038963946247
0,0.0166591650467193
0,0.0482949718232243
0,0.04735943851159
0,0.0629464903618663
0,0.0468003465218492
0,0.0206936855523244
0,0.0479071122273456
0,0.0468012012884992
0,0.0456384819775066
0,0.0471632666766693
0,0.019479707280923
0,0.022177305241599
0,0.0470356751326109
0,0.045833724785073
0,0.0162351257641321
0,0.0480324087489763
0,0.021935058692364
0,0.0175238366546476
0,0.0085744741373833
0,0.0455406062604501
0,0.0477491001683688
0,0.0459369585002002
0,0.0477369420959524
0,0.045414230960745
0,0.0200579439739709
0,0.165100865007884
0,0.0473709387381821
0,0.0469820554802853
0,0.0442375955069501
0,0.0148683290162309
0,0.0481778626762021
0,0.0482234657478923
0,0.0458632683055784
0,0.0202171034755977
0,0.0197730637218929
0,0.0197778577619966
0,0.0482828140007767
0,0.0164451161966377
0,0.020639635861286
0,0.047643237111911
0,0.0297156902134573
0,0.0479057018231773
0,0.0221083435662306
0,0.0211650327135516
0,0.0117312693462101
0,0.0477467812467283
0,0.0311468538094199
0,0.0483334509110736
0,0.047804143435132
0,0.0155392867195824
0,0.0454822879999806
0,0.0141986020642416
0,0.0473985816060322
0,0.0475730410430927
0,0.0476306954151481
0,0.0194201407241397
0,0.0482416685709154
0,0.0220852763774495
0,0.0453400898832041
0,0.0478660565990586
0,0.0214537351125087
0,0.0477463348457957
0,0.0220210052961871
0,0.0612744616233957
0,0.0458489165660029
0,0.0187220226953997
0,0.0475299811075337
0,0.0216669222417839
0,0.0483056723249675
0,0.0482858130829622
0,0.021942495281221
0,0.0198977472811894
0,0.0377088363204068
0,0.0474263014741752
0,0.0254187206567193
0,0.0468614395176108
0,0.0451745555831498
0,0.0210261969000543
0,0.0188082494122443
0,0.0209334623275878
0,0.048021195353327
0,0.027832239321601
0,0.0206100773895874
0,0.0181707080759099
0,0.0318840742087578
0,0.0209959145371336
0,0.0364593389891558
0,0.055379304763815
0,0.0451786384540585
0,0.0481469066995952
0,0.0090407478171099
0,0.0451313727789246
0,0.0453401090290337
0,0.0585089540846942
0,0.0267445180952088
0,0.0482827141686725
0,0.0484774192563196
0,0.0218090319243524
0,0.0480359254749753
0,0.0454078816957764
0,0.0155448956359443
0,0.0409452808976188
0,0.0216842912368052
0,0.0475986679392976
0,0.0206054478161723
0,0.0162796620608136
0,0.0150580702554747
0,0.0467373691481275
0,0.020142623384043
0,0.0452267487616352
0,0.0477159293891226
0,0.0177073402170407
0,0.0482207349301711
0,0.0209279289605072
0,0.0454367543239756
0,0.0482824340321396
0,0.0406304337309626
0,0.04583668076342
0,0.0479030272965012
0,0.0478422438739065
0,0.0422099848358557
0,0.0219149540340964
0,0.0179569627027405
0,0.0409071160770607
0,0.0220730177575526
0,0.0484785234705279
0,0.139679709629417
0,0.0546541610955865
0,0.0482481400293912
0,0.0455876114536747
0,0.0483384571075302
0,0.0470678994532218
0,0.0479878973377945
0,0.0401629061059777
0,0.0479414846362552
0,0.0207238948735226
0,0.0472143399713508
0,0.0527634586394958
0,0.0440827653508149
0,0.0465831725002594
0,0.0210215572601666
0,0.0475529783925482
0,0.0461003059554156
0,0.0282635757650112
0,0.0475498614306011
0,0.0480944394596555
0,0.0480896084553375
0,0.047505415496682
0,0.0366723242915183
0,0.0638084203097803
0,0.0454449302498835
0,0.0198842662471189
0,0.0199631028425143
0,0.015047018596738
0,0.0229841777142261
0,0.0191718633201721
0,0.1823256665882305
0,0.0189501715501595
0,0.033265648039433
0,0.0476734063794062
0,0.0207827948204725
0,0.0474779234876891
0,0.0346161494382212
0,0.0208696238421211
0,0.047784252277675
0,0.0483063000025794
0,0.0478166123036365
0,0.0481036007030645
0,0.0175402336009274
0,0.0468108609853109
0,0.0213331620460602
0,0.0480533609792278
0,0.0407006782390517
0,0.04781285512455
0,0.0390976263699888
0,0.0172642350393782
0,0.0251980830271281
0,0.0485216016916319
0,0.047521652399528
0,0.0478050869345008
0,0.0453289669576541
0,0.0133525833191537
0,0.0485428258895631
0,0.0457144410999508
0,0.0434586836992356
0,0.0467907308672842
0,0.0457639801721185
0,0.0201304816149357
0,0.0214230647921634
0,0.0466030680613451
0,0.02330960579207
0,0.0472588920805126
0,0.0119872516733333
0,0.0199382320750228
0,0.0481058234035536
0,0.0482194533636272
0,0.0473283630120559
0,0.0208614692728083
0,0.0459763551506068
0,0.015758744675357
0,0.0211619356066242
0,0.0474206579433471
0,0.0212771378115113
0,0.0189602565738668
0,0.0483710878842941
0,0.045466568920416
0,0.04772657362322
0,0.021074053394691
0,0.0160332554298034
0,0.0319187723210146
0,0.164751454904303
0,0.0206488900242267
0,0.047588080890745
0,0.0476686100329397
0,0.0417705789031939
0,0.047720176334746
0,0.0147209527593187
0,0.0484729824632201
0,0.0482973096322811
0,0.0467565987302281
0,0.016066100493308
0,0.0475239821615322
0,0.019865549482542
0,0.0218488998358694
0,0.0356298688249289
0,0.0451249663183413
0,0.0220415411221313
0,0.0246434653317479
0,0.0343270785779185
0,0.0418049910614087
0,0.0472038018972379
0,0.0474279281740727
0,0.047036118652775
0,0.0452326801515218
0,0.0482418986925298
0,0.1649019202969016
0,0.0277582576344205
0,0.0465466084939021
0,0.0211737497522445
0,0.1646428423367786
0,0.0469077491637837
0,0.0218047578782015
0,0.0401945529115414
0,0.0457191236068371
0,0.022221555565105
0,0.0466547834176646
0,0.0480001004091756
0,0.0471436894787695
0,0.0481964553395719
0,0.0358535844091406
0,0.0460176020112396
0,0.0306160170620046
0,0.0220746123028146
0,0.0469424005504538
0,0.0453078479642039
0,0.0476468417764795
0,0.0222177655090573
0,0.0464318371431809
0,0.046610349918198
0,0.0428284863122007
0,0.0184746867139641
0,0.0484091178097265
0,0.0212031167389247
0,0.0448350320781142
0,0.0480686260485468
0,0.0124867289125501
0,0.0456560847058558
0,0.0458264165543989
0,0.0454152114427064
0,0.0188751695473423
0,0.0483333991677416
0,0.023676412216198
0,0.021053401298503
0,0.0470393542147276
0,0.047399417498124
0,0.0160387875440255
0,0.0458059155801806
0,0.0213402916199136
0,0.0240523800227365
0,0.0476524657427808
0,0.0241399575384629
0,0.0469805899367669
0,0.0464388491814621
0,0.0209869599393714
0,0.0186605179529659
0,0.0463823888309469
0,0.0181068961597236
0,0.0520156775148447
0,0.0468365622200166
0,0.0198161354108237
0,0.0462432965487748
0,0.0480453851805319
0,0.0518119810234936
0,0.0202648737710274
0,0.0449887290507634
0,0.0470229377065242
0,0.0411038905321351
0,0.022201836805018
0,0.0463841274906888
0,0.0466526043371513
0,0.0466390902126168
0,0.046705183560274
0,0.0449779671954691
0,0.0203501422882568
0,0.0465985066276638
0,0.0481029286638202
0,0.0460766769879306
0,0.048045966405471
0,0.0478250463094198
0,0.0455464193307353
0,0.0473228846599374
0,0.0203246685983665
0,0.0238609315137971
0,0.0469751688633905
0,0.0453013390114903
0,0.023874123008546
0,0.0458632377094317
0,0.0476081742716673
0,0.0205504403974801
0,0.0235924823220396
0,0.0482203257062923
0,0.0457633029568837
0,0.0468526385044316
0,0.0482774570152278
0,0.0475950820573783
0,0.0482231262666353
0,0.0457705408145964
0,0.0483112377362502
0,0.0163214902351433
0,0.0479104896169738
0,0.047552853146609
0,0.0466011793178752
0,0.0469267458339687
0,0.0479203116036736
0,0.0483960139443541
0,0.0256191737534258
0,0.0221372987214548
0,0.0480537319551218
0,0.047623404569359
0,0.0471933352069671
0,0.0461767557401633
0,0.0415803263428417
0,0.020834350728829
0,0.0481754644908964
0,0.0281600549422645
0,0.0477766541428193
0,0.0483517434810446
0,0.0476621357378728
0,0.0199862824491352
0,0.028716185633308
0,0.045411097643332
0,0.0202871994312459
0,0.0459958913752462
0,0.0209101209456617
0,0.0476365547659152
0,0.0479382178534869
0,0.0355734490817579
0,0.0240824169285555
0,0.0484054701468275
0,0.0204202223426438
0,0.0177975700804115
0,0.0180356715139093
0,0.0481156998816132
0,0.0209010058253337
0,0.0473147402295288
0,0.055600628793665
0,0.0480879686266214
0,0.0481786009995604
0,0.0483295640040703
0,0.02176410949952
0,0.061012116328116
0,0.0204885523034149
0,0.04809230953033
0,0.0481008086882265
0,0.0221476338071977
0,0.0481747763721102
0,0.0457545969163599
0,0.0476181002253797
0,0.045241773749067
0,0.0483644111855033
0,0.0210644519273226
0,0.0192795403097477
0,0.046041944144635
0,0.0480742345091029
0,0.0172524305517101
0,0.0354623673007447
0,0.0475527724353684
0,0.0284355432885291
0,0.0482879726489406
0,0.0458493546670998
0,0.0476031860012095
0,0.0222455724479655
0,0.0161515752304236
0,0.0469919109639198
0,0.0472215467349295
0,0.0210457630156673
0,0.0395866230318874
0,0.0482880769309276
0,0.0209182242587061
0,0.0476223200549609
0,0.0449964946299783
0,0.0219048776345097
0,0.0476858892859657
0,0.0452004006856837
0,0.0489935580533141
0,0.0471459517800743
0,0.0200024374636336
0,0.0482378022064521
0,0.0473537426190525
0,0.0469988796571019
0,0.0346177874224541
0,0.0476596391077402
0,0.0473954004617467
0,0.0483154147871285
0,0.0184560503826907
0,0.0475148262860941
0,0.0481062567187227
0,0.0247670133009223
0,0.0469822973976692
0,0.0278778352303305
0,0.0219249079500455
0,0.0480397080917483
0,0.0218652193346059
0,0.0482302581646067
0,0.0220356904238293
0,0.0456913544509206
0,0.048042750941591
0,0.0481871067376323
0,0.0205716836465707
0,0.0477559729615468
0,0.0219781694855824
0,0.0464105249507705
0,0.0158887237178655
0,0.0255997274741222
0,0.0481570477647778
0,0.0478169793974908
0,0.0220277175219587
0,0.0477385647413362
0,0.0171576921395095
0,0.0457835172425197
0,0.0467385890846183
0,0.0481130575974153
0,0.0453819521357478
0,0.0292374579203393
0,0.0279980723624066
0,0.0214763178193075
0,0.0199090850643503
0,0.0160790258212543
0,0.0460189956523228
0,0.0477751301622959
0,0.0461978102254847
0,0.0354724257382623
0,0.0457798159693059
0,0.0114413435478688
0,0.0475552865219789
0,0.0480896562774784
0,0.048221954444517
0,0.047377148002991
0,0.0242720273919205
0,0.0483894421724562
0,0.0271610177997685
0,0.0476052102426891
0,0.037691833138524
0,0.0184631772205462
0,0.0476784020615954
0,0.0483882842170046
0,0.0482066493286581
0,0.0481513209091314
0,0.0476569109042949
0,0.0473811457550585
0,0.0452521932563923
0,0.0209967124545674
0,0.0161250244896003
0,0.0215502892922402
0,0.0160148940970943
0,0.0458435491239072
0,0.0459317714229817
0,0.0470108777139639
0,0.0475634610971417
0,0.0168063436215741
0,0.0483395920551004
0,0.0212687136019614
0,0.0477947493420183
0,0.0200696259291467
0,0.0482035618077976
0,0.0212166629875021
0,0.0217329775372608
0,0.0455569496694661
0,0.0278524214544962
0,0.0482922882535458
0,0.0478081286029136
0,0.0463259320422712
0,0.0210455358370909
0,0.0476925567905436
0,0.0174583886194546
0,0.047511223380925
0,0.048237532581466
0,0.0477365056148462
0,0.0132529151368969
0,0.0460235826846075
0,0.0471395470543137
0,0.0157501733104006
0,0.0460645268387074
0,0.0203195247726456
0,0.0479224574087337
0,0.0205496176754494
0,0.0331803067248219
0,0.0475105411125508
0,0.045270803943043
0,0.0161737999010911
0,0.0478428168747362
0,0.0428210444909897
0,0.0588860036411181
0,0.0197362325609847
0,0.0160066961533255
0,0.0481663728362663
0,0.047863989539458
0,0.0140856555330671
0,0.0210352126405895
0,0.0208365770717375
0,0.0476007029813863
0,0.0469987760001454
0,0.0480414087384098
0,0.0201452209764252
0,0.0354829190986968
0,0.0480918256172865
0,0.0459405338519688
0,0.0483776689547365
0,0.0472026793295105
0,0.0483035498588831
0,0.0475571548660667
0,0.0475616333328177
0,0.0453864795129224
0,0.0220446455277591
0,0.0171184647902942
0,0.0166001266375831
0,0.0453446683658684
0,0.0455137949065702
0,0.046944639686317
0,0.0481608632398449
0,0.0172750799328678
0,0.0473658061269864
0,0.04470218464051
0,0.0486958505573027
0,0.0480590403437184
0,0.0476111950134163
0,0.0464961133524228
0,0.0484216208073801
0,0.0482858835499817
0,0.045984107962245
0,0.0624281217127412
0,0.0475628824939456
0,0.048195988346316
0,0.046858264658059
0,0.0477319327274199
0,0.0217500881884274
0,0.021875548258943
0,0.0188485051668016
0,0.0475144219878665
0,0.0480728807280233
0,0.0481174546104697
0,0.0483859972389794
0,0.0434618738472416
0,0.0479121676916947
0,0.0189550857378955
0,0.0461380772049408
0,0.0467642638539126
0,0.0117923786785154
0,0.0467157332409585
0,0.022055325281272
0,0.0469328618992482
0,0.0164658100272687
0,0.0473103311272697
0,0.0465713408213028
0,0.045752358769009
0,0.0190444958069592
0,0.0387950869681233
0,0.0203208364109461
0,0.0478724508848278
0,0.0480317229113626
0,0.0467737284776792
0,0.0210258212174595
0,0.0469417025758911
0,0.040214149790446
0,0.0477000142714392
0,0.0122998902509179
0,0.0483684232878621
0,0.0480541809824046
0,0.0475647052830861
0,0.0241421046355014
0,0.0195871416366323
0,0.0473544594318597
0,0.0188979846796828
0,0.0225154108236297
0,0.0481587750384664
0,0.0484121994006232
0,0.0458557601551165
0,0.0473548735207611
0,0.0450973356744238
0,0.0471650698781971
0,0.0173179673563648
0,0.0453778927236883
0,0.0481480855016208
0,0.0205463802200901
0,0.046974439247234
0,0.0479134183917862
0,0.0311599981291999
0,0.0479831261888137
0,0.0469678599896271
0,0.0483748382323194
0,0.046125257461409
0,0.0219875297164668
0,0.0460572656552434
0,0.0480721346400446
0,0.0161142384564261
0,0.0482179580187949
0,0.038561700184161
0,0.0485192805254255
0,0.0185878931732598
0,0.0189913846093638
0,0.0451979023652029
0,0.0452751758784361
0,0.0477304702123134
0,0.0480122052374445
0,0.047575470903858
0,0.0452221288191762
0,0.0164648255074699
0,0.0443450685516069
0,0.0485933527221504
0,0.0479046456235299
0,0.0453127100540689
0,0.047464586790774
0,0.0366737883559611
0,0.0367961482790274
0,0.0248265042161866
0,0.027738570436484
0,0.0201033744212199
0,0.0476398932169351
0,0.0478926933902919
0,0.0139814255591822
0,0.048399554851076
0,0.04659545897104
0,0.0479581715372861
0,0.0198215717988612
0,0.0451726147492654
0,0.0359070482306796
0,0.0466659261019917
0,0.047260292545987
0,0.047055838840503
0,0.0220130696570036
0,0.046835990168986
0,0.0346407223615526
0,0.0216145108034511
0,0.018352723676365
0,0.047877496978494
0,0.0481803359261305
0,0.0347279865857804
0,0.0192587011187903
0,0.0466903579894873
0,0.0458740915590406
0,0.0346197545883192
0,0.0476085565870967
0,0.0480325203459657
0,0.0394971169195202
0,0.048535947202145
0,0.0468031037032274
0,0.0474795036199534
0,0.0455391585668286
0,0.0480757028709513
0,0.0203991045472915
0,0.0191074569238346
0,0.0480059380488387
0,0.0190815661773411
0,0.0480613721078121
0,0.0271972334047672
0,0.0460326395961062
0,0.0476046602875091
0,0.0463179030333585
0,0.0450750099190183
0,0.0461266139223191
0,0.0453760742155291
0,0.0352964846064625
0,0.048495544267737
0,0.0479190902353119
0,0.0214387029874042
0,0.047229299098478
0,0.0303414662673284
0,0.047235049293673
0,0.0460125635398263
0,0.0161044318616034
0,0.0183928707456206
0,0.045555718249621
0,0.0480882528495695
0,0.0193171126786273
0,0.0467003821694559
0,0.0475114928418878
0,0.0476516644432733
0,0.0188606240935861
0,0.0314013147208575
0,0.0453840570355267
0,0.0480117660308746
0,0.0473067676831428
0,0.0483746329691082
0,0.0225994573292592
0,0.0466776466033463
0,0.0272200697610941
0,0.0473113166323456
0,0.0207744634080543
0,0.0278534332289419
0,0.0480331108243903
0,0.0210884843645449
0,0.0469668050300903
0,0.0482198283732222
0,0.0303557559221284
0,0.0126168183062598
0,0.0482122240183928
0,0.0481157255948492
0,0.0547033516970116
0,0.0473631018104614
0,0.034488858948003
0,0.047175730417957
0,0.0478578660205465
0,0.0145092815669962
0,0.023918135632256
0,0.0204265303977395
0,0.0475945094248179
0,0.0216737807840695
0,0.0481795777263797
0,0.0267370914844718
0,0.0325113130520609
0,0.0198177762148555
0,0.0220305928020951
0,0.0481153219206489
0,0.0481936199683058
0,0.018599463512974
0,0.0485514209846316
0,0.1745767622438661
0,0.04773016113744
0,0.0148610755504731
0,0.0332888350754425
0,0.0448646661500223
0,0.0188488671478052
0,0.0484935783182188
0,0.0466559889373735
0,0.0476957105477087
0,0.0475473020973012
0,0.0199604457088075
0,0.0372401582919849
0,0.0199320760905876
0,0.0458739211235616
0,0.0158957987382631
0,0.0468601226925386
0,0.0305285649300818
0,0.0205544507319556
0,0.0220022739643589
0,0.0475096056417557
0,0.0214541825075938
0,0.0456458256809823
0,0.0987757315260482
0,0.0478125557810948
0,0.0191012446771554
0,0.0215535934274585
0,0.0472739810571588
0,0.0460181917503698
0,0.0208489261629296
0,0.0390252044376647
0,0.0490619300996905
0,0.0205064860485529
0,0.0198948655372515
0,0.0459409028571341
0,0.04769252364543
0,0.0477491640754377
0,0.0474370340951295
0,0.0213003374105287
0,0.0478166334163997
0,0.010245009696914
0,0.0479342872717094
0,0.0454195288838943
0,0.0371682073223668
0,0.0475750394127696
0,0.0664742827734509
0,0.0324505819789572
0,0.0480677511538777
0,0.0097529878469086
0,0.0476062198398033
0,0.0485478735190318
0,0.0186356766935191
0,0.048315074969844
0,0.0481961582842609
0,0.0462408194450804
0,0.0456427508280323
0,0.0482328267002671
0,0.0471846979575604
0,0.0475663194210162
0,0.0455389505396113
0,0.0318781963591562
0,0.0482901171840377
0,0.099594603906728
0,0.0319416360950541
0,0.0452381121592761
0,0.0142923742049815
0,0.0483506574239863
0,0.0477278027395917
0,0.0457739638202795
0,0.0562987061626526
0,0.1000637159886755
0,0.0248129624200526
0,0.0485186623093303
0,0.0199239682519282
0,0.1647600934151068
0,0.0232597474741867
0,0.0216053950171246
0,0.0157703460780032
0,0.04771489620778
0,0.0186048146092895
0,0.0456002581788095
0,0.0475968481002634
0,0.0477881962837102
0,0.018090166844954
0,0.0475391371905682
0,0.0202829891139663
0,0.0484792035477242
0,0.0484016027420037
0,0.0479152784147177
0,0.022163487399146
0,0.0292032433489979
0,0.0454049437164141
0,0.0483429567909289
0,0.0476490458775217
0,0.0465391542970951
0,0.0347888238562885
0,0.0482785456210353
0,0.0475679538428445
0,0.0074443709130275
0,0.0249569933244415
0,0.0203488587342823
0,0.0123817725033978
0,0.0478052832638384
0,0.0544440299418179
0,0.0462667475865521
0,0.0484463438246506
0,0.0206862565672428
0,0.0480952308669698
0,0.0168507646164472
0,0.0475106281320864
0,0.0476255877774721
0,0.0676692989060509
0,0.0478764045596438
0,0.0298312435235511
0,0.0478612701075171
0,0.0474887101703394
0,0.0190739830336666
0,0.0473866327317564
0,0.0428439367898044
0,0.0277477618123946
0,0.0475191549069461
0,0.0469086491184255
0,0.0452031468104709
0,0.0277394466405634
0,0.0396493870601628
0,0.0462489564698474
0,0.0136938609795009
0,0.038807843572425
0,0.0483477536793766
0,0.0477888305827806
0,0.1535883858488256
0,0.0481199235575295
0,0.0462321868910415
0,0.0480459364722079
0,0.0468926168943768
0,0.0454756543747307
0,0.0192251109043913
0,0.048052578750972
0,0.0480631765388699
0,0.0471719680997559
0,0.0370403677275183
0,0.0240601527830771
0,0.0481205998527156
0,0.0205304486136512
0,0.0461067108100316
0,0.0482810718994524
0,0.0170722206669557
0,0.0476575066898158
0,0.0470159906728842
0,0.04818238563249
0,0.0478854503381472
0,0.0472540388468265
0,0.0217855098662779
0,0.0452384830209183
0,0.0479017173752874
0,0.0292528879679329
0,0.0464358662109545
0,0.0479254965011851
0,0.0480050515447325
0,0.0209967660535105
0,0.0461883893656511
0,0.0454069178636589
0,0.0469835215825411
0,0.0249600624118047
0,0.0357872180290949
0,0.0480095157108679
0,0.0475563801831733
0,0.0464944673262798
0,0.0480859231109237
0,0.1249010020698604
0,0.0456861455369561
0,0.0478860526554659
0,0.0165192320233423
0,0.0477294649632936
0,0.0484384905349825
0,0.0128266057420859
0,0.0481932531408377
0,0.0204065245204327
0,0.0569117806107097
0,0.0087296255972287
0,0.0447113067564046
0,0.0477280684660776
0,0.0482692944326046
0,0.017657128312341
0,0.0451972869917256
0,0.0485607138987629
0,0.0406975246831606
0,0.0186972434699973
0,0.0476622362164776
0,0.0202422555809002
0,0.0447764593227522
0,0.0553488542584833
0,0.0190312861126047
0,0.0184548479514996
0,0.047432881739666
0,0.0467060411174775
0,0.0124706515199274
0,0.0332943782470697
0,0.0218367169263388
0,0.0461115667852016
0,0.0456189730579243
0,0.0483910396349334
0,0.0482830048994761
0,0.0433710468333596
0,0.0482616397481184
0,0.0164430571014268
0,0.0220587973742379
0,0.0466638830452144
0,0.0481878605077333
0,0.0465786129660727
0,0.0129414357187319
0,0.0161002941180972
0,0.0326360244847447
0,0.0484480720784653
0,0.0395833070049943
0,0.0420418195997943
0,0.0479006481293411
0,0.0163250794655995
0,0.0218822965683807
0,0.0460198589481049
0,0.0473739909406674
0,0.0475557882349905
0,0.0184649006941448
0,0.0349333086092572
0,0.0475133667808102
0,0.0450556954876342
0,0.0480909557973955
0,0.0482631533893217
0,0.0469474695795976
0,0.019882588445891
0,0.0274289840360925
0,0.0147708136223937
0,0.0470256465060192
0,0.0472572564020821
0,0.0211790434816278
0,0.0475985073488038
0,0.0478498021988208
0,0.0211853287457801
0,0.0470345975328574
0,0.0480826841245414
0,0.0470873306376054
0,0.0483289916301143
0,0.0462586725430845
0,0.048270277427552
0,0.0186823137074642
0,0.0452337306458376
0,0.0474058960036642
0,0.0367563592215933
0,0.0198545932327713
0,0.0220278258397285
0,0.02411092079297
0,0.0452402810715752
0,0.0443232729874409
0,0.0122836036447236
0,0.0448493128561446
0,0.038800549214171
0,0.0475202584077814
0,0.0481460187135716
0,0.0211390779001371
0,0.0480275901004197
0,0.0240373020593852
0,0.0456184878515113
0,0.0345928076553397
0,0.0475417097261938
0,0.0474514449886444
0,0.0213480201179411
0,0.0478193374245332
0,0.0452609961879569
0,0.0474461796223119
0,0.0475732941281614
0,0.0453234346346061
0,0.046926268196775
0,0.032493073596779
0,0.0475213881544752
0,0.0476428699867722
0,0.0459357644694012
0,0.0482494717687349
0,0.0219632051890631
0,0.0303697598582895
0,0.0159913630613034
0,0.0484151295436507
0,0.0190943619748651
0,0.0476665302280558
0,0.0123159137861205
0,0.0428172793393483
0,0.0480212756099639
0,0.0246982389696101
0,0.0471363661005025
0,0.0166634546599996
0,0.041620336353618
0,0.0210060332205866
0,0.0483273350733495
0,0.0433877776835667
0,0.0479219249891568
0,0.0466273555178542
0,0.0474358768561954
0,0.0205098900212433
0,0.0474273135674331
0,0.021617263795548
0,0.0480466874732868
0,0.0200613984191214
0,0.0481994985062428
0,0.0208329673151029
0,0.0189463016364837
0,0.0484240365922086
0,0.0208010073083113
0,0.0161303700709034
0,0.0217077524770064
0,0.039280257063009
0,0.0453149587972236
0,0.0473549953904157
0,0.0475666916987304
0,0.0166206256606043
0,0.0249309309973924
0,0.0480342800460043
0,0.0249903362527838
0,0.0203129933070548
0,0.0219543876364188
0,0.0480211410175295
0,0.0217515838228209
0,0.0453941623148405
0,0.0483518706843517
0,0.0157828784365017
0,0.0218066166193666
0,0.0468957739091338
0,0.0212848237364751
0,0.0251488453945996
0,0.0124512498091846
0,0.0483956557932716
0,0.05978765096536
0,0.0484292967414121
0,0.024134044981492
0,0.0216688710371408
0,0.0448495524683082
0,0.0470692148968645
0,0.048334152141292
0,0.0380001482154181
0,0.0478397239375977
0,0.0477040692137374
0,0.0222270092741979
0,0.0209764703112649
0,0.0195198709427455
0,0.0139317661315223
0,0.032434181722506
0,0.0217717210517383
0,0.0170074922330341
0,0.0163741490551833
0,0.0473578286002361
0,0.0448400104247082
0,0.046118436511463
0,0.0457630774163068
0,0.045544435488953
0,0.0479332923818844
0,0.0359605959118194
0,0.0471356180624593
0,0.0389816905960213
0,0.0473580577504583
0,0.0481713212631655
0,0.0480200961291047
0,0.0298324196184988
0,0.0210889317457082
0,0.0401793579761664
0,0.0552766330901914
0,0.0208106976917644
0,0.0220599706221781
0,0.0198724529755633
0,0.0471403098119666
0,0.0253336867307239
0,0.0550608828840373
0,0.048478871638645
0,0.0478116964301488
0,0.0458934421962486
0,0.0455960705380235
0,0.0220122056242674
0,0.0474585269663048
0,0.0482739816202904
0,0.0656988281407314
0,0.0471381202537786
0,0.0470407727223297
0,0.027473370094263
0,0.0477291004162461
0,0.0211141722408801
0,0.0470294406877662
0,0.0469801415053575
0,0.0215633415556414
0,0.0209621783064984
0,0.0481233357143867
0,0.0347299638097149
0,0.0217394878545569
0,0.0203366878997715
0,0.031150527334364
0,0.0198540288829575
0,0.0151141569833228
0,0.0483606911128999
0,0.021716145088823
0,0.0482143084625403
0,0.0189706188865587
0,0.0456128347504458
0,0.0475968447127462
0,0.0472370963956776
0,0.0479055475422547
0,0.0479358458588736
0,0.0482237698633984
0,0.0482226474344405
0,0.0217982193516675
0,0.0186883001608437
0,0.0452809459907598
0,0.0450703535455853
0,0.0242266091202986
0,0.0478745333265975
0,0.0162183087746757
0,0.0386433391790061
0,0.0412770872515489
0,0.0460167448073178
0,0.0457164198815104
0,0.0439276918469041
0,0.0477403697650723
0,0.0480462893905254
0,0.0453482508643122
0,0.0220114501748168
0,0.0205053145704041
0,0.0468583041654478
0,0.0197584007433207
0,0.047142391813286
0,0.0482550736161808
0,0.0282864648449399
0,0.0479868347681552
0,0.0220080070027129
0,0.0475816773896855
0,0.04627619824524
0,0.0264994627105626
0,0.0210845269028121
0,0.0478416062047406
0,0.0457906132047666
0,0.0710593926877165
0,0.0247284999961854
0,0.0153301478133096
0,0.0193970234998039
0,0.0358193658808606
0,0.0475023031718065
0,0.0484596167038177
0,0.0467659329254552
0,0.0465996936491526
0,0.0630302908945566
0,0.0216574564820815
0,0.0478041974134405
0,0.0482789398901716
0,0.0325649544741111
0,0.0479860669411006
0,0.0476627425986638
0,0.0476047859335898
0,0.0482587295232267
0,0.0424998486180647
0,0.0458108931013452
0,0.0210733036183178
0,0.046044550682353
0,0.0478480407883531
0,0.0481826001405588
0,0.0478389627527935
0,0.0147789614948612
0,0.01885963649788
0,0.0175916148289405
0,0.0220147810943398
0,0.016239802042991
0,0.0156202018323714
0,0.0401548931130093
0,0.04722605218388
0,0.0226418118371005
0,0.0472547305369089
0,0.0476052642834698
0,0.0218722681487865
0,0.0195087118157854
0,0.0398288155640243
0,0.0477187791529564
0,0.0481785588935226
0,0.0993235879238842
0,0.0366569089762624
0,0.0162818146701986
0,0.0160962996304209
0,0.0150644945976382
0,0.0365571941277901
0,0.0396425685679265
0,0.0216377241561587
0,0.0186061159813493
0,0.0483718830655705
0,0.0485192595762806
0,0.0158518052048073
0,0.047556058672843
0,0.0301914257911674
0,0.0453853426042074
0,0.0484544385931468
0,0.0193092753081798
0,0.0347274681411076
0,0.0188698437032159
0,0.0442816984121187
0,0.1650328629795675
0,0.0213256992192364
0,0.0350047201096149
0,0.0198704122723043
0,0.047475499314123
0,0.0473625648915382
0,0.0472208122472606
0,0.0483087405288133
0,0.0450242535890662
0,0.0452060777534795
0,0.0467935252881675
0,0.0159258885790861
0,0.0479052255560822
0,0.0479087482564201
0,0.0103967958277621
0,0.0422837423026661
0,0.0467012511227049
0,0.0480702619060809
0,0.0479989846596996
0,0.0460497571845084
0,0.0409586081258612
0,0.0483299922794349
0,0.0213592072870406
0,0.0316374491981211
0,0.0200550621099619
0,0.0527672367782566
0,0.0470553108553389
0,0.0211865898844351
0,0.0122692751644954
0,0.0455822018603354
0,0.0655060740856179
0,0.0217337333060179
0,0.1820895343423672
0,0.0480684435715624
0,0.0476659264043909
0,0.0219343447857189
0,0.0473069540895007
0,0.0195009475258996
0,0.0474629910877222
0,0.0581529436726819
0,0.0198979090290667
0,0.0241242803189599
0,0.0457495421229734
0,0.0482268318574215
0,0.0477714838105684
0,0.0667595622705595
0,0.0483468185270222
0,0.0191121536732074
0,0.0346959091075597
0,0.0464136931220626
0,0.0479882266420443
0,0.0467804236713636
0,0.0479499580480954
0,0.048479486915655
0,0.0206984468117636
0,0.047698845723193
0,0.0451907685988563
0,0.0461431553120086
0,0.0136983984947364
0,0.0477159420305031
0,0.0481626840371115
0,0.048070190709825
0,0.0456747416922786
0,0.0472686962281244
0,0.0474093031126711
0,0.0164934590737841
0,0.0478351105843349
0,0.0220474260094209
0,0.0454136369932776
0,0.0185155566619306
0,0.0452306137093281
0,0.0456833110247016
0,0.0350369525954414
0,0.0177732251693346
0,0.0183938407665682
0,0.0473312702075269
0,0.0390174351202935
0,0.0482224228646404
0,0.0149881653572725
0,0.0208751470705318
0,0.0460218087104879
0,0.0469698000022634
0,0.0479297903034258
0,0.0233052753133304
0,0.0480947541087719
0,0.0428141892399316
0,0.0475146502700733
0,0.0313144907538967
0,0.0456488344943467
0,0.0552428044782845
0,0.0477500727079208
0,0.0476946533776614
0,0.045685644109472
0,0.0137099534787639
0,0.0126401011326102
0,0.0289410056591806
0,0.0185134209483445
0,0.0475063977158205
0,0.0480869592755434
0,0.0448056184161061
0,0.0456966795467427
0,0.0475378388837565
0,0.0455189090976537
0,0.0479098278019769
0,0.0459248771199227
0,0.0151014478035891
0,0.0482198015411016
0,0.0346340245040453
0,0.0482513541222504
0,0.0480056629826462
0,0.0211791516554387
0,0.0180008559523049
0,0.0479202652962275
0,0.0470116335887584
0,0.0204842109466971
0,0.0213413464327257
0,0.0354302438924474
0,0.0480188084934179
0,0.0475947968692426
0,0.0349265171483723
0,0.0211407469296744
0,0.0451993958239829
0,0.0354701835315282
0,0.0276037182956305
0,0.047581364554947
0,0.0456685031034325
0,0.0210705925537288
0,0.0480189860333579
0,0.0193399028697511
0,0.0480765221399442
0,0.0219444338529535
0,0.0366321397343479
0,0.0480097979990333
0,0.0164555506156427
0,0.0217116283227081
0,0.0459872667915324
0,0.045932902016077
0,0.0463234997041622
0,0.0221764033334383
0,0.0128428511952425
0,0.0274843681450894
0,0.0478027225233619
0,0.0458930093979897
0,0.0214792482968718
0,0.0229569421187524
0,0.0477505414824255
0,0.0475829984705582
0,0.0481107400277404
0,0.0150159007262256
0,0.0217327831519809
0,0.0355785729196828
0,0.0434080402269392
0,0.0324862844742834
0,0.0190328323137129
0,0.0474842041732415
0,0.0483739479870226
0,0.0482218463954127
0,0.0197162286411695
0,0.0480458830202199
0,0.0179835496635321
0,0.047259991975426
0,0.0467021677007758
0,0.0174952727387316
0,0.0483850733057242
0,0.0219584467017437
0,0.0309323501716116
0,0.0474650796051463
0,0.0368348325407999
0,0.0196613966899767
0,0.047556219201223
0,0.0478560086682321
0,0.0460649310762189
0,0.0479010181488766
0,0.0463333364225998
0,0.0467785463469193
0,0.0202858500222655
0,0.0481161025633355
0,0.0280921622233166
0,0.0215455946954913
0,0.0206280945651154
0,0.0484572359679447
0,0.0449864243663165
0,0.0456295810447994
0,0.0401710678897184
0,0.0466704203161092
0,0.0485811955925573
0,0.0468299733905796
0,0.0200486478688951
0,0.0191760812708969
0,0.0476771064990676
0,0.0480204330379334
0,0.0503740004527816
0,0.0470718591917257
0,0.028810491402704
0,0.0454413818185504
0,0.0454935229524542
0,0.041004029918661
0,0.0478271662712644
0,0.0483977890708835
0,0.0670463857651095
0,0.0481817612874651
0,0.0202071090551019
0,0.0170027619247742
0,0.0209011535307126
0,0.0347302912973918
0,0.0462212612405642
0,0.0452691480956333
0,0.0265759793663465
0,0.0476089368797473
0,0.0457128255252712
0,0.0199105674659937
0,0.0179618818232293
0,0.0476129720479435
0,0.0218732978660455
0,0.0475046054981194
0,0.0186846875847518
0,0.0466515238504748
0,0.0157976690997351
0,0.0208716929752605
0,0.0136221413498594
0,0.066811885223018
0,0.0459905686578738
0,0.0209771043137333
0,0.0139404803464507
0,0.0129681095113369
0,0.0479176173174603
0,0.0466187138650223
0,0.0457580538528487
0,0.0455831339316368
0,0.0478335480068816
0,0.0217034683995535
0,0.0479433622964153
0,0.0126128492504634
0,0.0475466004892363
0,0.045674416034878
0,0.0484356738516206
0,0.0479877001142802
0,0.0217437821237769
0,0.0482633983844347
0,0.0469321094883642
0,0.0209014270896801
0,0.0480368147275926
0,0.0475447099046612
0,0.0144121610543656
0,0.01998885513512
0,0.0469892313342825
0,0.0484004558501811
0,0.047999430839537
0,0.0142614674434026
0,0.0454800408889469
0,0.0463686128933131
0,0.046481292431996
0,0.0457935520678276
0,0.0462438861648865
0,0.0478324091818413
0,0.0220331269881441
0,0.0485086858353758
0,0.0471650770093461
0,0.0459873191172498
0,0.0466410671664857
0,0.0218569245499571
0,0.0281049898513192
0,0.0482655736108699
0,0.0125491789660536
0,0.0478778632259882
0,0.0480425259373348
0,0.046050149946695
0,0.03384064875754
0,0.0246338461266318
0,0.0479170837070489
0,0.02120527817785
0,0.0142133453040144
0,0.0220086335390324
0,0.0475937394874014
0,0.0221085811368542
0,0.016037354616617
0,0.0480461856197288
0,0.0485262106180799
0,0.0462784173794368
0,0.0357729346307822
0,0.0480451035781988
0,0.0377065303468789
0,0.0476157036752667
0,0.0420224180194736
0,0.0478264291689249
0,0.0218968455336003
0,0.0480857356261009
0,0.0218610077168634
0,0.0475772888601354
0,0.0476489744614456
0,0.0169761648810549
0,0.0199826696100178
0,0.0448480645647164
0,0.0471390929798101
0,0.0469826725055179
0,0.0211313068530136
0,0.0818659413446764
0,0.0475616465431623
0,0.0473298328391237
0,0.0486266953273771
0,0.0471442186770264
0,0.048551429550935
0,0.0475280259667571
0,0.0461342257193001
0,0.0458604704814169
0,0.0156302625272897
0,0.0479697253638473
0,0.0345863959380661
0,0.0200038885197984
0,0.0457699443038865
0,0.0172235787653377
0,0.0483391043063374
0,0.0173394533878683
0,0.0211915912737546
0,0.0613929941780436
0,0.0158939733984523
0,0.0211438025173227
0,0.0248088270884652
0,0.0463834639821374
0,0.0465656470083891
0,0.0409415565361502
0,0.0478384845241369
0,0.047143346429462
0,0.0332988010872663
0,0.0477500001969672
0,0.0482959721533897
0,0.0473784324380844
0,0.0199401237798412
0,0.0462376003508015
0,0.0463268594085085
0,0.045756499512309
0,0.0463197983099924
0,0.0482764447345176
0,0.020776983689529
0,0.0538889644046178
0,0.0469820117011758
0,0.0483766444148962
0,0.0466251289273094
0,0.0417245229067703
0,0.0477877708945073
0,0.0478337381441648
0,0.0483247314135177
0,0.0163768725999512
0,0.0452747997614123
0,0.0160725034950722
0,0.0156710937348645
0,0.0215108809571993
0,0.0349026997065931
0,0.0480652519936438
0,0.0453676232752191
0,0.0477568530402677
0,0.0478840501533331
0,0.04662583716454
0,0.0468605206800428
0,0.0480169934682015
0,0.0482295667563667
0,0.0479203156647706
0,0.0470289789243807
0,0.0460555082925204
0,0.0347939322715574
0,0.0483792499375861
0,0.0398903162326446
0,0.0473656843797443
0,0.0478937892843028
0,0.0484978858940758
0,0.0205462830818993
0,0.0475198490766617
0,0.0276215082449467
0,0.0473203394108843
0,0.0339493482902484
0,0.0480129357306192
0,0.0454132978001761
0,0.0188046840319761
0,0.0460527782511041
0,0.0484807437539204
0,0.0448568706961556
0,0.0464871427758127
0,0.0314147293492995
0,0.0208388708860193
0,0.0176098620527474
0,0.0473582127045711
0,0.0120993401494734
0,0.0216098921794592
0,0.0198646058929876
0,0.0452260121649057
0,0.0475297724611792
0,0.0372374191523826
0,0.0198487954130013
0,0.0439951018876195
0,0.0792080118976987
0,0.0470173195625441
0,0.0474823126655835
0,0.0477922211086785
0,0.0200967408781403
0,0.0481341564304525
0,0.0478814218632891
0,0.0218718352818177
0,0.0217772471156692
0,0.0326679151694047
0,0.0197527117570001
0,0.0125896277178611
0,0.0221120066946934
0,0.0481001164982241
0,0.0414065176733804
0,0.0400630950338654
0,0.0482447412073237
0,0.0475972679880137
0,0.0478905152172035
0,0.0484273211221899
0,0.0252820759728375
0,0.0475941985870169
0,0.0479921190007615
0,0.0472099472955082
0,0.0659848865911923
0,0.0143178629093847
0,0.0454412092986041
0,0.0480670928781329
0,0.0483483982064743
0,0.0479895458743049
0,0.0475976143687591
0,0.0484666899368611
0,0.0483916007651255
0,0.0453654655177242
0,0.0129650678226401
0,0.0210651255220344
0,0.0158044494716359
0,0.0457440336311679
0,0.0457778086951334
0,0.0206747163486886
0,0.0480665829301192
0,0.0478191782544583
0,0.0468630591250829
0,0.0366610194794097
0,0.0475506522315596
0,0.0475852809187874
0,0.0454855570322258
0,0.0480423079335147
0,0.0452992545522316
0,0.0210233151309699
0,0.0135049726292684
0,0.0462362444531077
0,0.021829376352922
0,0.0482044549611081
0,0.0357551765007966
0,0.0471753345480051
0,0.047607117436258
0,0.047173350163028
0,0.0484003930832817
0,0.0122417228317662
0,0.0197304382373827
0,0.0470608046526534
0,0.0475451720149583
0,0.0483611043863138
0,0.0194663243291999
0,0.0469201033749685
0,0.0207175509748029
0,0.0198487866437497
0,0.0461372594116667
0,0.0471100105016009
0,0.0124687361600581
0,0.0471599115915414
0,0.0247486504124047
0,0.0480344259981982
0,0.0465014948318192
0,0.0474697162943811
0,0.0165791035941873
0,0.0162114901644394
0,0.047836821139905
0,0.0159980963475409
0,0.1068824712419733
0,0.0482813935895389
0,0.0195427204380144
0,0.0484579749632535
0,0.0210591620514232
0,0.0532236012771019
0,0.0162188156044821
0,0.0123593460743989
0,0.0196253381422109
0,0.0202487982401504
0,0.0455826282751518
0,0.0455307593682109
0,0.0178670526756593
0,0.0480276640730865
0,0.0124493003010436
0,0.0190121002621598
0,0.0478145733666756
0,0.0481546793814533
0,0.0483826053341998
0,0.0471478523688127
0,0.0354634337022333
0,0.0483430139957157
0,0.0333016142495954
0,0.0210623226144253
0,0.0266653042130842
0,0.0483702064677498
0,0.0456941580058
0,0.0410408899473094
0,0.0251862698880094
0,0.0473275752986851
0,0.020016599857192
0,0.0459868930396286
0,0.048131456754874
0,0.0151391568754325
0,0.0457031037330085
0,0.0474736510127902
0,0.0322433163192713
0,0.0366285165997396
0,0.0162009037082227
0,0.0482077655189261
0,0.0475865276928876
0,0.0153540993098099
0,0.0454000173105802
0,0.0474099275884867
0,0.0200084869804264
0,0.0454729060565557
0,0.0471656060528746
0,0.0453404086571838
0,0.0468750691084898
0,0.047899045112779
0,0.0465135040412836
0,0.0483280128912344
0,0.0473688992297263
0,0.0189136051999658
0,0.0475875673049039
0,0.0484601792394952
0,0.0211011848261187
0,0.0213649086275611
0,0.0213927172780712
0,0.0466006312487457
0,0.048200487061968
0,0.0476619955642249
0,0.0205350933842492
0,0.0476053580728966
0,0.0483932512718974
0,0.0141069638467134
0,0.0379770154442014
0,0.0471765457795966
0,0.0201742745622118
0,0.0476645757682921
0,0.0439317477416835
0,0.0219800708577981
0,0.036986074309268
0,0.0247430599581944
0,0.0460177551233551
0,0.0307117412357412
0,0.0483548576657941
0,0.032762846209866
0,0.0209424321346707
0,0.0117322086941918
0,0.0646853456339099
0,0.0483077808883389
0,0.0484473107498697
0,0.0601205229110397
0,0.0471993809253584
0,0.0401503706881809
0,0.0598799953063356
0,0.0457000847637265
0,0.047500361117919
0,0.0134253045730605
0,0.0207180447269016
0,0.048436139997393
0,0.0482814376897239
0,0.0220709047999495
0,0.0157951166172359
0,0.0454364781647268
0,0.0161024594337596
0,0.0330079286643438
0,0.0480327049912472
0,0.0162497201494577
0,0.0453232534817265
0,0.048305008969674
0,0.0475129283682741
0,0.0152971061466452
0,0.0471606717137289
0,0.0166771411525016
0,0.0248639428986057
0,0.0197156307248658
0,0.0468412053103671
0,0.0264999937215307
0,0.0205490607774886
0,0.0483892184625834
0,0.0473393084953607
0,0.0456807840844517
0,0.0475526559324165
0,0.0205668681037448
0,0.0458543502856175
0,0.0376830883929072
0,0.0480086555197302
0,0.0455415884254969
0,0.0446973996524314
0,0.0125331184457565
0,0.0186107614479669
0,0.0483283039464138
0,0.0452042761914328
0,0.0480527527149496
0,0.042456352100873
0,0.0421753442894632
0,0.0223985108057994
0,0.0209838991857942
0,0.036652564905488
0,0.0380021287039256
0,0.0482127660970927
0,0.0187647582027172
0,0.0460141738891545
0,0.0162007853236373
0,0.0395297534501897
0,0.0483745480005908
0,0.0482649012500831
0,0.0464365149704093
0,0.0482894025459122
0,0.0480612846609619
0,0.0473043726308717
0,0.0160581364343594
0,0.0477906589760759
0,0.0482233609307323
0,0.0159005122417896
0,0.0402144354500085
0,0.0468600264536853
0,0.0220138657820947
0,0.0462035170199602
0,0.0453340157014775
0,0.047840833500722
0,0.0665168046121306
0,0.0439669765538169
0,0.0343339494795586
0,0.0467796905083064
0,0.0460059772696716
0,0.0480630870323011
0,0.0454674978631191
0,0.04745116278997
0,0.0473715410078974
0,0.0212263616423716
0,0.0205534145045333
0,0.0481314877628143
0,0.0193375565322979
0,0.0216238841129548
0,0.048421981676246
0,0.0219732832068433
0,0.0169485446157975
0,0.0457689639477117
0,0.0165246324905566
0,0.0482197090008491
0,0.0484238915236113
0,0.0366873549522768
0,0.0477357676044049
0,0.0475830271431779
0,0.0482653169611093
0,0.0349337630930753
0,0.0174074256081558
0,0.0480690709338862
0,0.0484277800996804
0,0.0191656319842765
0,0.0480872539260595
0,0.0208647184956919
0,0.0219719144109682
0,0.0469693451503042
0,0.0448632141702416
0,0.0482404977972308
0,0.0480884016902333
0,0.0199633683396913
0,0.0198820903673297
0,0.0205537986787574
0,0.0481537469417479
0,0.0454172669440553
0,0.0478376517592397
0,0.0471356538746017
0,0.0473833563945347
0,0.0228194151466235
0,0.0457866269360626
0,0.0163074992140857
0,0.0473032411013402
0,0.0191409586885112
0,0.0484083619890408
0,0.0204988991576817
0,0.0473294255041315
0,0.0457473173106144
0,0.0326859788621918
0,0.0129803264237871
0,0.0472125990381847
0,0.0478129909116196
0,0.0483327222244921
0,0.0462419272734311
0,0.0460115554647823
0,0.0468808932582908
0,0.0124429478845123
0,0.048328109671058
0,0.0482386892039882
0,0.0138148951104944
0,0.0137690063127047
0,0.0480706760461771
0,0.0241138461952053
0,0.0349475523484961
0,0.0481781235397832
0,0.0482874300941394
0,0.0475404529573626
0,0.0399514918001433
0,0.0479020340598701
0,0.05319359138562
0,0.0600682870461063
0,0.0457421221108494
0,0.0473950606737427
0,0.0473441351571987
0,0.0482041109157775
0,0.0262312092011678
0,0.0456892569664175
0,0.0452198199388875
0,0.0453987487568897
0,0.0468033319380904
0,0.0166617103668414
0,0.0161454128661836
0,0.0457156957426706
0,0.0277379964944165
0,0.0454885580317223
0,0.0481687976294579
0,0.0481565337699644
0,0.0210560050021604
0,0.0162097500057815
0,0.0454845973166436
0,0.0482605550416308
0,0.0479108139244439
0,0.0215745021906598
0,0.0159916822462176
0,0.0471749662313693
0,0.0455798022725101
0,0.0482824852996301
0,0.014514370430513
0,0.0249304331090899
0,0.0470553354568533
0,0.0473003162245671
0,0.0472199063888497
0,0.0485432369935674
0,0.0479026258405325
0,0.0348592602354462
0,0.0484040659098222
0,0.0252645168923789
0,0.0476018181181182
0,0.0190645811145235
0,0.0467916369973174
0,0.0137283723474056
0,0.0462446194100755
0,0.0455181236125581
0,0.0470330822839258
0,0.0126534518966479
0,0.0482119107401661
0,0.0479580103283369
0,0.045263170608797
0,0.0166839424965326
0,0.0481560929299258
0,0.0167183795126507
0,0.0483721350023853
0,0.0477059195740602
0,0.0152316272769987
0,0.0470047693044674
0,0.0457390437884874
0,0.0274826705053163
0,0.0475539973425001
0,0.0219152798158995
0,0.0456430897925383
0,0.0471230083388802
0,0.0213257516439714
0,0.048056477269692
0,0.0477265268559985
0,0.0480851963874771
0,0.2193234601972077
0,0.0206612581902603
0,0.0202958477622167
0,0.047819000671312
0,0.0468051653168065
0,0.0219760401322397
0,0.0481050211061478
0,0.0458371248228362
0,0.0476781757542886
0,0.0491454665650242
0,0.0460001195591102
0,0.0484612405863437
0,0.0484923085879666
0,0.0456779078712364
0,0.018396893724012
0,0.0327350264336537
0,0.0463234562470401
0,0.0484618738494907
0,0.0401724537788776
0,0.0156159947859086
0,0.0121131635122339
0,0.0128986811314529
0,0.0481652199727228
0,0.0283425024557744
0,0.0478887485964855
0,0.0482436588240891
0,0.0247646408195441
0,0.0548400810647505
0,0.0402207329555687
0,0.047307348768458
0,0.0465549174701633
0,0.0166540619753776
0,0.0209436302361939
0,0.048175428617086
0,0.0477470733554599
0,0.0482962901464358
0,0.04806130757783
0,0.0456760369434455
0,0.0462463880347825
0,0.0199927827617466
0,0.037286369976901
0,0.048402330359271
0,0.0213958305724533
0,0.0471825902120712
0,0.0482887516101139
0,0.0475184862669748
0,0.0479139146217312
0,0.0414827663189749
0,0.0469923871584325
0,0.0208563122990006
0,0.0410585263264282
0,0.0217411468624096
0,0.0454046684059019
0,0.0473307165913264
0,0.0473696365392706
0,0.0483744417069856
0,0.0474146618061282
0,0.0477205812954024
0,0.0473473463638116
0,0.0454251053912544
0,0.0482945029356736
0,0.0253568387138236
0,0.0471928665019495
0,0.0220174013975161
0,0.0481467706017704
0,0.0272478001220518
0,0.0209189638104897
0,0.0205386902361204
0,0.0458473503995339
0,0.0201287995250166
0,0.045668627908902
0,0.0454262177222438
0,0.0147245799683278
0,0.0472220293445918
0,0.1014419805639452
0,0.0480121160884163
0,0.0199487653963468
0,0.0474772970351406
0,0.0786894074226193
0,0.0484220400813187
0,0.0215546461027606
0,0.015755681103819
0,0.0149826705093454
0,0.0220142667613449
0,0.0219502116743211
0,0.0160504399342909
0,0.0157790577408084
0,0.0453198181460643
0,0.0199084485497803
0,0.0280463187214367
0,0.048406338162884
0,0.021084074657046
0,0.048233390132495
0,0.0122099489533297
0,0.046322834445229
0,0.0203864053952765
0,0.0452809526192769
0,0.0149235777723541
0,0.0162214715005142
0,0.0476880471334705
0,0.0184558650184881
0,0.0460736299461819
0,0.0170466989852925
0,0.0391834849168263
0,0.0200837912555613
0,0.0461463040688857
0,0.0469722798321545
0,0.0070063857220772
0,0.0208766148892522
0,0.0464547344628136
0,0.0473452624448637
0,0.0475186744464192
0,0.048125699510091
0,0.0478549110643923
0,0.0476246245072527
0,0.0483170103274218
0,0.0480217222470605
0,0.0235816275489944
0,0.0465568772232672
0,0.0460475438240704
0,0.0190807082799992
0,0.0480511091245433
0,0.0212454317175985
0,0.0459572586340462
0,0.0451730845253266
0,0.0475892095374641
0,0.0474933944592932
0,0.0477016641350261
0,0.0457401345999321
0,0.0457389333722385
0,0.0210322225501049
0,0.0217474863436588
0,0.0467443454175042
0,0.0146248579718606
0,0.0173041823934234
0,0.0481685068896225
0,0.0549441519727831
0,0.0271767008117831
0,0.0477917567266793
0,0.0456437855317225
0,0.0478159924189617
0,0.0455314091873437
0,0.0476792791345308
0,0.0471143719618223
0,0.0483094784495818
0,0.0474696447827607
0,0.0184557248846129
0,0.013130819500639
0,0.0457219852606624
0,0.0458440221798471
0,0.0476099174789364
0,0.0349038980393279
0,0.0208272957179407
0,0.0470403803072801
0,0.0473674623795722
0,0.0473388843160343
0,0.0480854531854789
0,0.0471788441247163
0,0.0324928793091948
0,0.0167530423374331
0,0.0484786714700272
0,0.0216711602314759
0,0.0150334580955378
0,0.0449849687619138
0,0.1647343822402113
0,0.0482623868736368
0,0.0478053618654629
0,0.0402300947271186
0,0.0448472833508019
0,0.0101580927227883
0,0.0469746550621632
0,0.0461044271256521
0,0.0207304750835085
0,0.0125037134293896
0,0.0236572632313685
0,0.0179362890484805
0,0.0247591525965849
0,0.0207937968646926
0,0.0170817316555715
0,0.0416199103782618
0,0.0483048075037623
0,0.021302466030786
0,0.0480950036475933
0,0.0396845046000386
0,0.0484952937527123
0,0.0463308631044447
0,0.047970227397393
0,0.0459190603249177
0,0.046651410885177
0,0.021296181549576
0,0.0474694883499999
0,0.0387487411012731
0,0.0465807514437195
0,0.0477892167095861
0,0.0483968307073956
0,0.0249380052364112
0,0.02495609845836
0,0.0221255797562815
0,0.0220886773375763
0,0.0131803950570326
0,0.0476748125565301
0,0.0721494136232474
0,0.0476048397588143
0,0.0210570777388085
0,0.0448500684908715
0,0.0480952880324159
0,0.0219465673278096
0,0.0158257955076944
0,0.0478335581251289
0,0.0481997854050252
0,0.0334613828698362
0,0.022222496423206
0,0.0474857130470215
0,0.0219128275249456
0,0.0451435645339531
0,0.0475489674149917
0,0.0472545378781153
0,0.0480153289669369
0,0.0210295954481361
0,0.0185696020897136
0,0.0211526296529991
0,0.0345273994160946
0,0.043207527763365
0,0.0471021781737168
0,0.0476078618326774
0,0.0454044209677594
0,0.0480928627984944
0,0.0475480874024302
0,0.1249399844607114
0,0.0276199306184624
0,0.020831589893831
0,0.0474714292184239
0,0.0297877293025265
0,0.0216608722479714
0,0.0481777097320002
0,0.0198845713148947
0,0.0461783432185678
0,0.0152207539159202
0,0.0484167131557679
0,0.0453184459770103
0,0.0251780186138054
0,0.0483720450165821
0,0.0480384223306514
0,0.0484672815111609
0,0.0469620567173998
0,0.045269232531297
0,0.0458352619738784
0,0.0111351395194028
0,0.0482065283114948
0,0.0251213910842381
0,0.0475822669122758
0,0.0389169970356595
0,0.0306243015167632
0,0.0168721823441062
0,0.0450546663620123
0,0.0204872437094638
0,0.0205093704741745
0,0.0473675024012165
0,0.0463346143124883
0,0.0468045247138064
0,0.0196976766249754
0,0.0480161976263486
0,0.0325071828558267
0,0.0482889501784879
0,0.0481183098860242
0,0.0481045028373761
0,0.0457596062347753
0,0.0481184521405095
0,0.0477460530909261
0,0.0259646121124854
0,0.0479059208709829
0,0.0451602354919381
0,0.0174960910999319
0,0.0176955639850901
0,0.0479591169185685
0,0.0173605234349384
0,0.0394292566742197
0,0.0468504234737111
0,0.0482333497671799
0,0.0394433068676749
0,0.0450058609841893
0,0.0198266433488854
0,0.047812032135348
0,0.0465917258041485
0,0.0454761490728131
0,0.0452388322090144
0,0.0195922879327573
0,0.0482222806704699
0,0.0473572252175527
0,0.0310370042775022
0,0.0220831369314951
0,0.015120147600753
0,0.0475277273446963
0,0.0475520248955369
0,0.0484566707391062
0,0.0475887417287978
0,0.0467968519747326
0,0.0185567635879341
0,0.0454756010054116
0,0.021866106970028
0,0.0454687425593044
0,0.0474974453308474
0,0.0479787839733162
0,0.0483893793412598
0,0.0175058807491595
0,0.048324826346672
0,0.0189281691948922
0,0.0479094300240434
0,0.0205668383825029
0,0.0159621751009789
0,0.0480430377786292
0,0.0221136226988293
0,0.0668049090140554
0,0.0721207134724477
0,0.0459062818013214
0,0.0219021903766155
0,0.0174998769704345
0,0.0223372733816967
0,0.0475474824997975
0,0.0481617857076073
0,0.0226158641751223
0,0.0387638135478325
0,0.0477883018822438
0,0.048154678493132
0,0.0387160818140883
0,0.0468813112683832
0,0.0149169548167913
0,0.0217323543700324
0,0.0483686170677721
0,0.019650679671799
0,0.0481555830983551
0,0.0479132015993341
0,0.0283382269995865
0,0.0481996531100118
0,0.0217522755843333
0,0.0209184028198916
0,0.0448619522845953
0,0.0461133648686856
0,0.0203366507050074
0,0.0456789422388514
0,0.0483195750069086
0,0.0367558756082905
0,0.0480885272994762
0,0.0463820523326401
0,0.0548928385243077
0,0.0198184079648656
0,0.024073907325748
0,0.0458661126883681
0,0.0219257326492112
0,0.0215813245476537
0,0.04575609564493
0,0.0484187855542066
0,0.0195476807762763
0,0.020808682217788
0,0.0479464818029653
0,0.021288489142899
0,0.0257545457764203
0,0.0467853116498577
0,0.0454610088548722
0,0.0274601704555234
0,0.0347415890439836
0,0.0198892148234468
0,0.0462393502324769
0,0.0246281137823264
0,0.0476437262044879
0,0.0126209492040981
0,0.0473128170408976
0,0.0520835888224562
0,0.0178158032740375
0,0.0175006068284614
0,0.0239206654529366
0,0.0476515375148007
0,0.0176771787195929
0,0.0456786674857953
0,0.0475468729150971
0,0.0212272406138497
0,0.047707184899915
0,0.0478759075248921
0,0.0473083965548272
0,0.0306282994344979
0,0.0475404126693288
0,0.0477485942533263
0,0.0475678939006295
0,0.0478003501835571
0,0.0288011896192588
0,0.020053412441273
0,0.0470019384601667
0,0.020741389587119
0,0.0176778920566208
0,0.0477003119691736
0,0.0480082269914236
0,0.0475187984090487
0,0.0480181637684806
0,0.0482473589049281
0,0.0155944788997674
0,0.0480311920371761
0,0.046789187061256
0,0.0354312775924979
0,0.0930547116608744
0,0.0482705384150323
0,0.0485062044548804
0,0.0120764737707535
0,0.0157507625695115
0,0.037027685284245
0,0.0480627001223314
0,0.0450031879986692
0,0.0209191988089032
0,0.0483889485611251
0,0.0217123506233423
0,0.045535240648247
0,0.0173668508050228
0,0.0230856943049495
0,0.0195936567020381
0,0.0243640602491358
0,0.0454131883901489
0,0.0483616710649771
0,0.0220764907663648
0,0.045082870869525
0,0.0477783861943885
0,0.0463800554294875
0,0.0476555536483896
0,0.0458583176147147
0,0.045704664856613
0,0.0211251921211396
0,0.0481603247087854
0,0.0112315842090185
0,0.0204427755112566
0,0.0210983701669418
0,0.0476994358392235
0,0.0464555725201354
0,0.0199193717273141
0,0.0458740997389017
0,0.0437635009817938
0,0.0480695202298143
0,0.0205928747191089
0,0.0455590487756955
0,0.0480255776235175
0,0.0156228842961235
0,0.0469671493810529
0,0.0401492893177318
0,0.048204281228545
0,0.0481069873718324
0,0.0468106425113549
0,0.0592465570574096
0,0.0174852734989388
0,0.0461015588990745
0,0.0428151248427446
0,0.0197420852214399
0,0.0177560553065951
0,0.0475394125680813
0,0.0371129961806556
0,0.0478214882041979
0,0.0208056475154754
0,0.0475499027973586
0,0.0156889784265192
0,0.0456715423668631
0,0.0217944667408026
0,0.0474729204599774
0,0.0433705593352601
0,0.0154898579087313
0,0.0484626928759407
0,0.0477557067133974
0,0.0471892523428941
0,0.0246110642963026
0,0.0220967699054822
0,0.0177910469539049
0,0.0217188571832651
0,0.0451702742038236
0,0.0474248906246226
0,0.0225362250570136
0,0.0460535029226728
0,0.0375600461584937
0,0.0478921327639627
0,0.0473356913426049
0,0.041268268863279
0,0.0221999754966885
0,0.0100464462586741
0,0.0482724623675894
0,0.0427434074588477
0,0.047955710250621
0,0.047492770347576
0,0.016227237187811
0,0.0447428080316851
0,0.0470263645909746
0,0.0449869080317833
0,0.0484063515759333
0,0.0476117711798299
0,0.0477319205583684
0,0.047876438315775
0,0.0454709710427886
0,0.0462561692493871
0,0.0281707692319009
0,0.0481158973396617
0,0.0479124041297683
0,0.0457781081130388
0,0.0140358368405746
0,0.0219077929056079
0,0.047822377995629
0,0.0470373168864018
0,0.0194609860635945
0,0.0477322130381827
0,0.0206835151628444
0,0.0482236233154874
0,0.0483055131236874
0,0.0399214073504386
0,0.048115874188921
0,0.0473554258044282
0,0.0471815734096564
0,0.0480339868062788
0,0.0710096186445793
0,0.045462941485309
0,0.0455495425753904
0,0.0161457735538143
0,0.0471103465378596
0,0.0481176272802898
0,0.0458450744832295
0,0.0292076941795934
0,0.0273993058619609
0,0.0452755842765402
0,0.0480884285402933
0,0.0155452722737942
0,0.0473550151330581
0,0.0478305974901197
0,0.0454114617965036
0,0.0474553240937879
0,0.0208102703066169
0,0.0439808724589019
0,0.0120589587891304
0,0.0455513223524491
0,0.0480722663895356
0,0.012162709626987
0,0.0469224944121697
0,0.0252290059362249
0,0.0466513703204565
0,0.0332997652770271
0,0.0483493133286012
0,0.0469096480180291
0,0.0473683217121901
0,0.017320992487066
0,0.0467541985566364
0,0.0086319762587406
0,0.0473050089082348
0,0.0349382481527163
0,0.0348010467328296
0,0.0452225934378061
0,0.0460482543953746
0,0.0478563581118436
0,0.0197073919479304
0,0.0468868630193274
0,0.0481871582277325
0,0.0205424234506426
0,0.0473314596243728
0,0.0468118285158157
0,0.0210535424962568
0,0.0454278339363862
0,0.0121000533540513
0,0.0472095142350546
0,0.0476929845084922
0,0.0466932714084782
0,0.0473547754796288
0,0.0470796514674676
0,0.0466462520185359
0,0.0473853575350256
0,0.0477239053995718
0,0.0463161401686494
0,0.0196277311262544
0,0.047177166254308
0,0.0473697282999075
0,0.0209415898654429
0,0.0184876759487268
0,0.0449551243804502
0,0.0254070683239769
0,0.0483307608646486
0,0.0483241081332659
0,0.0480710909468333
0,0.0469981209521235
0,0.0193867726885543
0,0.0452205005629949
0,0.0214773735576604
0,0.0467646471650823
0,0.0475546567755476
0,0.0459053910087416
0,0.0479168895393723
0,0.046779900381685
0,0.0458681863044922
0,0.0463726858765585
0,0.0477967187428784
0,0.0482424566978596
0,0.0545257078557112
0,0.0276310645687154
0,0.0481361556507111
0,0.0124484872123461
0,0.0205940407552988
0,0.0473076121903215
0,0.0454816680661694
0,0.0471442163209164
0,0.0627892571259976
0,0.0469883043867597
0,0.0207075401426295
0,0.0476710790800554
0,0.0482517906600551
0,0.018402731683219
0,0.0457341119177077
0,0.0328291181713705
0,0.0479141760035125
0,0.0214175559413813
0,0.0243530337704211
0,0.0467327517067654
0,0.0472708513924308
0,0.0219976345796534
0,0.0223300356179914
0,0.0185326958751328
0,0.0860322658921752
0,0.0215825969873563
0,0.047523450120903
0,0.0199672204770028
0,0.0274789930020862
0,0.0221362957668151
0,0.0584867290411007
0,0.021361871747547
0,0.0475164207208696
0,0.027633987607982
0,0.0174173239054992
0,0.0482264328910067
0,0.0480881700841255
0,0.0447843731426769
0,0.0476341407249081
0,0.0363615432722381
0,0.0484294969233983
0,0.0182851532908575
0,0.0163555120585275
0,0.025014775901345
0,0.0178614203803451
0,0.0484155377473648
0,0.037683093412125
0,0.0483845234967338
0,0.0479143252664389
0,0.0460244319959286
0,0.0245132475042853
0,0.0483488124362899
0,0.0468603149325411
0,0.048413272109044
0,0.0210776066800552
0,0.0475190558779629
0,0.0396841254725274
0,0.020053509625248
0,0.0460983472118699
0,0.0476963033456801
0,0.0271057857180873
0,0.0207527442997513
0,0.0474896442969026
0,0.0428698845367427
0,0.0483500532340305
0,0.048128340547926
0,0.0207040235350544
0,0.0450379612606788
0,0.0201767046647836
0,0.0473032385598478
0,0.0465956262886875
0,0.0472518674633879
0,0.0194664449508019
0,0.0208115138560241
0,0.0158001724676233
0,0.0452316441249192
0,0.0205624340161087
0,0.0434761307883607
0,0.0480073043221521
0,0.020927032784307
0,0.0137331116054685
0,0.0206357616878751
0,0.0473696130937564
0,0.0377048020952817
0,0.0202848936283161
0,0.0481165290978202
0,0.0456429467330622
0,0.0148280307185988
0,0.0481484715927511
0,0.045718435698987
0,0.0475258460700042
0,0.0473596679856674
0,0.0213420637649526
0,0.0476954086129975
0,0.0472007236588235
0,0.0481804005744578
0,0.0452330384275818
0,0.0215962150487159
0,0.0475959552216174
0,0.0469708009087215
0,0.0153988344943073
0,0.0475466119141852
0,0.0332491598719729
0,0.0477032604242432
0,0.0476497753175754
0,0.0483857304631451
0,0.0474294008728812
0,0.0143794288344744
0,0.0325098099692231
0,0.0473652357104075
0,0.0461658214374971
0,0.0457982968668561
0,0.0467323964810281
0,0.0264831507468744
0,0.0458881235677282
0,0.0480869697583159
0,0.0165375050675449
0,0.0218774447520556
0,0.020502895313942
0,0.0477750838609707
0,0.0448500804414245
0,0.0480564068189238
0,0.0473965919454123
0,0.0820877520359446
0,0.0393732077782634
0,0.0429669952877992
0,0.0545080308007403
0,0.0180204750027626
0,0.047019037863657
0,0.048155148626664
0,0.0414622671834449
0,0.0325791438508742
0,0.0174222356760066
0,0.0479012857110311
0,0.0482398263605669
0,0.0454144448142358
0,0.0466563567734593
0,0.0207551502151852
0,0.0295883667635661
0,0.1916401070787461
0,0.0207251379401165
0,0.0479219111104268
0,0.0481273103875455
0,0.0448459606436478
0,0.0458901665261493
0,0.048090343245673
0,0.0424987140546655
0,0.0157945912542035
0,0.0177532593709484
0,0.0147614675411304
0,0.045797833414775
0,0.0473088456024942
0,0.0158523209430355
0,0.0219097052255054
0,0.0163763170713359
0,0.0480245069353538
0,0.0480079516394101
0,0.0212634723088404
0,0.0184445454133691
0,0.0475904833413721
0,0.0211667175121572
0,0.0169055817304139
0,0.0276754102997053
0,0.0471352275779072
0,0.0205305143911738
0,0.0483890215408506
0,0.0473784146438555
0,0.0478586686246763
0,0.0482209810941416
0,0.0481320752920507
0,0.0480900986852844
0,0.02366281476431
0,0.0476523371193933
0,0.0475662895788449
0,0.0212907482263203
0,0.0208419003137887
0,0.0306746275619309
0,0.0480951604452458
0,0.0484122213572618
0,0.0450154282031765
0,0.0479065538377855
0,0.0484106394786848
0,0.0473288318476053
0,0.0163018707041535
0,0.045952351958152
0,0.0475181685913278
0,0.0251522176944463
0,0.0485900878698789
0,0.0209071525897203
0,0.0436278901829948
0,0.041279698647531
0,0.0475092357529416
0,0.0281966465723151
0,0.0388269101494863
0,0.0453450181858218
0,0.047315393897795
0,0.0474863441570263
0,0.048322511599118
0,0.0123794124548565
0,0.048089199574498
0,0.044984034719435
0,0.0220301724446924
0,0.0481922644978649
0,0.0478183726223609
0,0.0484348053973825
0,0.0208740895561959
0,0.0479891114907121
0,0.0478763644119898
0,0.0481014631115731
0,0.0477275730503367
0,0.0477172154028335
0,0.0197112036005608
0,0.0462833937451316
0,0.0482214679823265
0,0.0241329534071025
0,0.0460873797484038
0,0.0202417221024451
0,0.0484520621717825
0,0.0189488008937764
0,0.0376615441540252
0,0.0184913123527136
0,0.0215049680610182
0,0.0479182490834333
0,0.0184384754737654
0,0.0481808635718523
0,0.0468008730763757
0,0.055334760580482
0,0.0198480030846904
0,0.0455964820502576
0,0.0483863790488699
0,0.0482680928279202
0,0.0480832787469097
0,0.0219538546244447
0,0.0484845139616827
0,0.0460071440911497
0,0.0465472746248858
0,0.0475955629973056
0,0.0211167065617316
0,0.0212962969427265
0,0.0453994248094983
0,0.0375728488462293
0,0.0209189686499754
0,0.020710161864422
0,0.0219405262511272
0,0.0260032684420508
0,0.0466954733706353
0,0.0206556325012929
0,0.0464516898671325
0,0.0217973372114315
0,0.0190808112515073
0,0.0427225245015219
0,0.0458429616596526
0,0.0452021373567988
0,0.0479107531746639
0,0.0275304318163926
0,0.0197880325109739
0,0.0313821987636632
0,0.0477611822063851
0,0.0146641631459596
0,0.0457302767503641
0,0.0480820022173098
0,0.0144299407122081
0,0.0482275444476623
0,0.0452387888554521
0,0.0251389544588597
0,0.0215525963749935
0,0.0484913634800754
0,0.0478703799243019
0,0.0480999519713383
0,0.0459316936814796
0,0.0240112140463633
0,0.0260230450064436
0,0.0213866833844279
0,0.0168252450385945
0,0.0473435798151873
0,0.0449432931056735
0,0.0456864928280669
0,0.0480873717760087
0,0.0469405661382567
0,0.0482259308706027
0,0.0444032210197341
0,0.0469141356684736
0,0.0478814641364311
0,0.0480208210083627
0,0.0475932524816902
0,0.0483943955121257
0,0.0470442449003129
0,0.04821670682512
0,0.0217873303438038
0,0.0481632567961293
0,0.0210096050182189
0,0.048192224110214
0,0.0447812189878668
0,0.0213981140949402
0,0.0250452280653951
0,0.0476475769668643
0,0.0480163065002039
0,0.035537331785365
0,0.0469939881145968
0,0.0470300060247943
0,0.0353541771436587
0,0.0166883552382945
0,0.0480471842665649
0,0.0202213030279957
0,0.0468157644028892
0,0.0483900103780672
0,0.0452495250480742
0,0.0472732154497872
0,0.0478932044379747
0,0.0217067528602981
0,0.0474749770616079
0,0.0342774611479278
0,0.0160316763674463
0,0.018790319612251
0,0.0131999111537207
0,0.0467449942344251
0,0.0472149836542289
0,0.0476437519491775
0,0.034500103354503
0,0.0484297781044398
0,0.0547058203867956
0,0.0457560361420292
0,0.0225977568891987
0,0.0452403215020027
0,0.022136575342118
0,0.0402289656346648
0,0.0476476495825746
0,0.0482005524662447
0,0.0206367112303681
0,0.0470214440356232
0,0.0469343609988361
0,0.0479121798121837
0,0.0478161556276575
0,0.0469490553172713
0,0.0470266066090312
0,0.0157288049283811
0,0.0468878706954085
0,0.0479609524526505
0,0.0367414587511038
0,0.0169407863177424
0,0.0466063602917693
0,0.0447250469221688
0,0.0482434600856866
0,0.0122390310109375
0,0.0280944144315432
0,0.0143121520688315
0,0.0459598746942932
0,0.0482130983796394
0,0.0174526666603432
0,0.0143343200896967
0,0.0470495326328485
0,0.0483286240535304
0,0.045465926599642
0,0.04774167418745
0,0.1246780493861646
0,0.0210465300914903
0,0.0472591531390769
0,0.0467686660090909
0,0.0461528555926738
0,0.0195957688966388
0,0.0480668878136185
0,0.0484025522192476
0,0.0207956837056786
0,0.0213904543594527
0,0.0177540833111333
0,0.0476147402584961
0,0.0480082645451417
0,0.0208102427016066
0,0.039353191861138
0,0.048284184704483
0,0.0271888668626103
0,0.0214698368515861
0,0.047804617257153
0,0.048127049556424
0,0.0477499955416329
0,0.0475337686935763
0,0.0210864548541768
0,0.0159665334604066
0,0.0482387841478786
0,0.0463318126534014
0,0.0471870215453018
0,0.0141576799588609
0,0.0467454140220853
0,0.0205871795967819
0,0.0215876570011201
0,0.0357820328802315
0,0.046064126769076
0,0.0481500796488175
0,0.0490242191706227
0,0.048181426775247
0,0.0455376679305262
0,0.0476974066569353
0,0.017697704365933
0,0.0480282525117027
0,0.0477480157203693
0,0.046142821955355
0,0.0160530025805186
0,0.0454839541070378
0,0.0457617309723537
0,0.0182910454807662
0,0.0218710201332341
0,0.0216532153530718
0,0.0479781367961032
0,0.0347335879130087
0,0.0456229839011328
0,0.0482729060775896
0,0.028192491889856
0,0.0161950184003237
0,0.0230241806600514
0,0.0225208212365679
0,0.0212103598512571
0,0.0401698208560953
0,0.0479083473397826
0,0.0212324476348236
0,0.0485541217413399
0,0.0476707817293343
0,0.0143851176623442
0,0.0459448462202562
0,0.0475171298386182
0,0.0414443958662026
0,0.0484253566439519
0,0.0193023170589974
0,0.0470341754445268
0,0.0477198051448075
0,0.0178097857625371
0,0.034340135461876
0,0.0163431240600822
0,0.0250078543199404
0,0.048584651595387
0,0.0477418154655861
0,0.045490554215646
0,0.0481761291883725
0,0.045083383215292
0,0.1915634658725696
0,0.0475213202312203
0,0.0478742305793794
0,0.0473097630284369
0,0.0457384271825271
0,0.0190739529290702
0,0.0456507646928605
0,0.047337656986158
0,0.0470200962545001
0,0.0207163453918991
0,0.0366354987641507
0,0.0472478890931712
0,0.015863220312109
0,0.0482821260649408
0,0.0199974892234154
0,0.0476763610268035
0,0.0482632747904989
0,0.045207247285346
0,0.0478232752760827
0,0.0468626281364621
0,0.0476894676614956
0,0.0214926818550529
0,0.0473563670498193
0,0.0210140386006832
0,0.0172034759876803
0,0.020530833625743
0,0.0479192119168313
0,0.0461445248337244
0,0.0238911734083625
0,0.0483189067032156
0,0.0291988585264697
0,0.0156363381865765
0,0.0177337238734666
0,0.0194009466213131
0,0.0457290829408154
0,0.0466997529195227
0,0.0273587760059851
0,0.0274840704087323
0,0.0211676999200037
0,0.0482514183817338
0,0.0301128203242358
0,0.0476660924418458
0,0.0179261331820957
0,0.0477121504853922
0,0.0327368279600463
0,0.0483893906180453
0,0.0206059229577936
0,0.0161230534455148
0,0.0448525023981885
0,0.025054752406624
0,0.0446884822035106
0,0.0475079209642581
0,0.0462157717291694
0,0.0243772348034213
0,0.014539351803448
0,0.0187626163326368
0,0.0482697431954354
0,0.0188090874979819
0,0.0476187781134764
0,0.0467832104931504
0,0.0465525318528077
0,0.0477901320078258
0,0.0475729643912998
0,0.0292050169865528
0,0.0483530784076279
0,0.0193495646781135
0,0.045040792613854
0,0.048295513352216
0,0.0466841882183096
0,0.0474323312033582
0,0.0484430802368657
0,0.0188175360940171
0,0.0333071973369816
0,0.0480627029154294
0,0.0366666675999167
0,0.0200066812081347
0,0.0470670166899083
0,0.0216747842526934
0,0.0215658704156628
0,0.046810710569809
0,0.0347122122304683
0,0.0477530508323954
0,0.0259777625947041
0,0.0480970396955646
0,0.0477638520711096
0,0.0482818349950446
0,0.0480134319737909
0,0.045208232631913
0,0.0470141855360687
0,0.0482546394145843
0,0.0194211672713623
0,0.0217040678314342
0,0.0210735835139165
0,0.0384003497409837
0,0.0482600579119374
0,0.0447597717669579
0,0.0446323163531155
0,0.0213147119865964
0,0.0475542631727218
0,0.0159228333751338
0,0.0219143113521656
0,0.0454277216619472
0,0.0480686856564444
0,0.04696189429237
0,0.0461189000966702
0,0.0221708162161969
0,0.0482862446143243
0,0.0484670856744041
0,0.0341044840676763
0,0.0472734172103012
0,0.1938361196597437
0,0.0399996192241931
0,0.048394274818816
0,0.0160827280495753
0,0.0162647447244091
0,0.0479036266869785
0,0.045416702110441
0,0.0346154989912209
0,0.0482167496351843
0,0.0215436230890914
0,0.0486389426799164
0,0.0475764363559096
0,0.0456645667839551
0,0.0473050649102998
0,0.0482151736102377
0,0.0484317442355162
0,0.0473673277539935
0,0.0394407099960843
0,0.048511393982969
0,0.0460808831397265
0,0.0478185784769954
0,0.0483032494296149
0,0.0211790503125803
0,0.0457074418623878
0,0.0455814002191287
0,0.0222532062758985
0,0.0472574919745216
0,0.0467828843604233
0,0.0516924318461533
0,0.0472174246902051
0,0.0208083113303611
0,0.0219324346233786
0,0.0482394066696198
0,0.048126327564335
0,0.0481572815332836
0,0.0366524211882567
0,0.0414777459158557
0,0.0206436708807322
0,0.0212636702141386
0,0.0475513399767076
0,0.0238702128901592
0,0.0331417787582933
0,0.0479124096572569
0,0.0218623253577919
0,0.0147211153849299
0,0.048424611629323
0,0.0466196563066859
0,0.0217230562215541
0,0.0161225511241747
0,0.0478916139935176
0,0.0451287332911231
0,0.0484670160865844
0,0.0458307830304674
0,0.046589147397353
0,0.019057346954782
0,0.0477801180997171
0,0.047719982028387
0,0.0471482300773201
0,0.0199665014753006
0,0.0470523411416296
0,0.0480969606299021
0,0.0456797356722782
0,0.0194788908103763
0,0.048253758877756
0,0.0475412418244413
0,0.0474933364441184
0,0.0483893077316908
0,0.0203684410194827
0,0.0477504537249531
0,0.0206873391094164
0,0.0215990134356409
0,0.0212606521760365
0,0.0217234719856364
0,0.0199185781238333
0,0.0197855695843315
0,0.0659197227213597
0,0.0553409617207694
0,0.048205359569626
0,0.0475814147147312
0,0.0173359590528097
0,0.0456523015237748
0,0.0210580797821487
0,0.0461374693901888
0,0.0304824832750428
0,0.0187605803259652
0,0.0358755204789047
0,0.045827166103593
0,0.0306321704507101
0,0.1648477053934374
0,0.0460244049293183
0,0.0482857598191577
0,0.0481574077314499
0,0.0367699785965162
0,0.0245678054472066
0,0.0474877654708415
0,0.018651275027786
0,0.0485633385710832
0,0.0218264609376212
0,0.0484821851357774
0,0.0166153532085607
0,0.0479215565319362
0,0.0478844871655657
0,0.0479115267275763
0,0.0480970439766868
0,0.0347157386810058
0,0.0475212123589553
0,0.0366652437219443
0,0.0468076123468695
0,0.0178486608422598
0,0.0465972768283313
0,0.0480006720539575
0,0.0482703078658453
0,0.0475975953962262
0,0.0139623713403462
0,0.0475836211968475
0,0.0450323098442161
0,0.0484183720738467
0,0.0483698261068452
0,0.0139963281428196
0,0.0167591874252259
0,0.0480544797199901
0,0.0476764330759701
0,0.0454417312487523
0,0.0477503644882738
0,0.0207902899647203
0,0.0740376816277108
0,0.1647299763438979
0,0.047552669745447
0,0.06102212481917
0,0.0197567908208381
0,0.0179279704673918
0,0.0209603997622427
0,0.0482194565676153
0,0.0468450901892788
0,0.0226086662436002
0,0.0478988799331825
0,0.0475464975205548
0,0.0466219158240466
0,0.0421839282247123
0,0.0475145978848678
0,0.0348221516283385
0,0.0455642533193621
0,0.0478327182148
0,0.0458331320033715
0,0.0456972637179929
0,0.0154388015961857
0,0.0472555382653328
0,0.0475541660169163
0,0.0469093664418888
0,0.0463407734699441
0,0.0481892153294178
0,0.0479068774689421
0,0.0480889901796888
0,0.0481766624266023
0,0.0466021351057946
0,0.0810489381340637
0,0.0160951236248875
0,0.0476231561900227
0,0.0201035366552288
0,0.045742408019281
0,0.0182339819815575
0,0.0475491052784242
0,0.016389755766622
0,0.0434952367778446
0,0.0477282055126676
0,0.018563590898853
0,0.0211152529869967
0,0.0482176110795683
0,0.0479965893115953
0,0.0205807368596991
0,0.0472460253221044
0,0.0364871938718428
0,0.0484500538815858
0,0.0175155335361485
0,0.0347094973551317
0,0.0218491101004825
0,0.0216616213459745
0,0.0480802863231214
0,0.0483853581357151
0,0.016921759518795
0,0.0219295251430498
0,0.0199098990301175
0,0.0471939338946213
0,0.0478538841485
0,0.0190964857730972
0,0.0452093146427424
0,0.0475273046316563
0,0.0477511901684898
0,0.034781439865736
0,0.0210652466567995
0,0.0466012123251154
0,0.0209036459400757
0,0.0212010524453063
0,0.0476815204830755
0,0.0141041992905033
0,0.0455829300128553
0,0.1646923478833721
0,0.0148794084103647
0,0.0477758622129426
0,0.0448480541793358
0,0.0480781871887368
0,0.0479021502550653
0,0.0477907830744665
0,0.0482839988635031
0,0.0197213199817928
0,0.0479408473711869
0,0.0198633693785064
0,0.0468855214611042
0,0.0399205060401438
0,0.0455251204659031
0,0.0483438616673808
0,0.0475155587613732
0,0.0166908235009626
0,0.0474696376698928
0,0.048637138081514
0,0.0473826590947074
0,0.0474821365939441
0,0.0483364747153336
0,0.0220112015060516
0,0.0715339124287107
0,0.0473873994565539
0,0.0157337056679077
0,0.0207391523635245
0,0.0473135488769307
0,0.0477125065651584
0,0.0476524274676765
0,0.0475630786807871
0,0.0200859614251032
0,0.0206179778129423
0,0.0204627949626018
0,0.0480710679876449
0,0.048333248604311
0,0.0483040191272649
0,0.0447857541291059
0,0.0478038504652301
0,0.0447506409370742
0,0.0478133824561314
0,0.0480665303443311
0,0.0189728174925096
0,0.0480908168959123
0,0.048195798353735
0,0.0482892390759728
0,0.0219378159921386
0,0.0180397196303974
0,0.0481641992131766
0,0.0477501094755574
0,0.0473533362601397
0,0.0481175238322455
0,0.0172201123741865
0,0.0464442067761546
0,0.1823143661544894
0,0.0481647780839588
0,0.0456941950916671
0,0.0483837990751893
0,0.0477975180093171
0,0.0124794973467401
0,0.0452478830329391
0,0.0463764997174747
0,0.0475293342081787
0,0.0174084503619554
0,0.0452145758145083
0,0.0481951239365987
0,0.0447795779166979
0,0.0479825017817284
0,0.0318843300344646
0,0.0481613716356143
0,0.0393148481527467
0,0.0480448886542302
0,0.0475833705929214
0,0.0466939013611606
0,0.0266802576512315
0,0.0464155049539304
0,0.0452929003995357
0,0.0471992546215871
0,0.0271905773991032
0,0.0160858431892474
0,0.047256868183914
0,0.0459764135385494
0,0.032520114922661
0,0.0449564107917192
0,0.0318734041164403
0,0.0471323916767616
0,0.0354699251218067
0,0.0474355505868813
0,0.0485482205750548
0,0.0207960333971856
0,0.0472539854306943
0,0.0151143363346043
0,0.0483043928312152
0,0.0470135184031641
0,0.0480818043340245
0,0.0205415295632616
0,0.0473258549374867
0,0.0315389234040597
0,0.0454047930505601
0,0.0456555403626699
0,0.0481670227148215
0,0.0389281059125258
0,0.0141402904955303
0,0.0481714384071292
0,0.0474593941564824
0,0.0458541596069562
0,0.0210520746867413
0,0.0279011180186225
0,0.0191040969843543
0,0.0477489785386301
0,0.047619849094619
0,0.0153786725494906
0,0.0427407865716726
0,0.0479876047038329
0,0.0460908077312272
0,0.0443398467258143
0,0.02206049947333
0,0.0190307214876639
0,0.0454333777922544
0,0.0457639453081358
0,0.0186097836431912
0,0.048341281858716
0,0.0247379122252982
0,0.0485684145950644
0,0.0205307817344733
0,0.0211763520858519
0,0.0218239536587198
0,0.0481372569691467
0,0.0484005407749669
0,0.0461521540585319
0,0.0458639858038108
0,0.0178472458161782
0,0.0478951730312573
0,0.019365575857681
0,0.0452431038833277
0,0.0478252164330744
0,0.0456280930686182
0,0.0481649651097818
0,0.0473148178643163
0,0.0195658541063954
0,0.0476772625785999
0,0.0434003872044832
0,0.0466970970341171
0,0.0327015951912857
0,0.019275678368954
0,0.0475040882900787
0,0.046124532128332
0,0.0214568438325761
0,0.0478147617185701
0,0.0167928310618168
0,0.0173337471252484
0,0.0480857482144782
0,0.04649308884757
0,0.0168513446368315
0,0.0465768141358421
0,0.0469058144514148
0,0.0471429526922796
0,0.0484948959679658
0,0.0476645787163101
0,0.0399047967562721
0,0.0204471037417039
0,0.0472569086262511
0,0.0457714140657119
0,0.0457004890136229
0,0.0122710971347932
0,0.0475149650747149
0,0.0480898962449325
0,0.0435844379274357
0,0.0302844893862613
0,0.0470816828623171
0,0.0271824571858213
0,0.0469267206491347
0,0.0463944540946944
0,0.0477602048581299
0,0.0220445950010805
0,0.0474341662102929
0,0.0257945015543572
0,0.0178238631430421
0,0.0471454491828498
0,0.0207388511817474
0,0.0480731032656749
0,0.0218470536755541
0,0.0477779015279986
0,0.0172088629726742
0,0.0482629532239213
0,0.0347163245218197
0,0.0163611311377158
0,0.0394616085664145
0,0.0486075805008229
0,0.0135511087547217
0,0.048221996038648
0,0.0204178874597496
0,0.0475958242158891
0,0.046416284780828
0,0.0480807938035724
0,0.0456768989123198
0,0.0470289601450091
0,0.0454812378057069
0,0.0158027462845123
0,0.0331649661877979
0,0.0469318358752226
0,0.0479979812132942
0,0.0453608465506768
0,0.0471586654893915
0,0.0190101685335999
0,0.0351632361080623
0,0.047271630920859
0,0.0481266085898625
0,0.0478759396727625
0,0.0479453320584757
0,0.0475982311286087
0,0.0473579418919001
0,0.0202336818245852
0,0.0508864950161707
0,0.0409819273580998
0,0.0463777517949117
0,0.0234283637029879
0,0.0122152897122663
0,0.047659875802975
0,0.0475947684194134
0,0.036737476441093
0,0.0472696733695056
0,0.0452005017764347
0,0.047573635576896
0,0.018841543228895
0,0.0479203429070258
0,0.0208668085787054
0,0.0491773653604582
0,0.0346312833782641
0,0.0357749277611999
0,0.0474127709083522
0,0.0218679430110605
0,0.0461956571904182
0,0.0162060946393483
0,0.02805614071093
0,0.0472460495718024
0,0.0343875699788401
0,0.047871952501392
0,0.0251597916004636
0,0.0260709700545345
0,0.0348186262587773
0,0.0305222226400271
0,0.0456851593633194
0,0.0470238846591272
0,0.0472555200143048
0,0.0464935851536535
0,0.0482363580048807
0,0.0473492402771979
0,0.0156743579562541
0,0.0203376655365516
0,0.0477892439587451
0,0.046733359122511
0,0.0218812442525839
0,0.0483697955534987
0,0.0218991783415559
0,0.0476466621488518
0,0.0392998508149078
0,0.0470195216134739
0,0.0478171205671282
0,0.0483426235789501
0,0.0186586894558473
0,0.0211746326683209
0,0.0451130949011355
0,0.0185023896360075
0,0.043372457560595
0,0.0157912808688426
0,0.0210613788322348
0,0.020670706301083
0,0.0199632045761367
0,0.0473201185888305
0,0.2832573573134814
0,0.0461195787996603
0,0.02725728172086
0,0.0193743536292586
0,0.0484574275432735
0,0.0467820859900499
0,0.0182894887200395
0,0.0380466327892984
0,0.045391512908859
0,0.0477278883470224
0,0.0484709886798058
0,0.0477498889598771
0,0.0467634905585408
0,0.0464438452182675
0,0.0158949434334453
0,0.0231640459277555
0,0.0218797786937813
0,0.0469288255376222
0,0.0209067746466003
0,0.0208027033020026
0,0.0478792577619931
0,0.0235503296582498
0,0.0474392634298887
0,0.0482468301477263
0,0.0465830197416948
0,0.060773934377107
0,0.0452960110271624
0,0.0241394343427623
0,0.0477519664412047
0,0.0358317136714031
0,0.0467514457517843
0,0.0464020449972514
0,0.0175680991754348
0,0.047451358271108
0,0.024872348968431
0,0.0470668436961645
0,0.0422611206008919
0,0.0456085539909464
0,0.0472077246734937
0,0.0454705844264823
0,0.0282662426195683
0,0.0173673161552027
0,0.0486445370486852
0,0.0475706970125447
0,0.048166033438869
0,0.0159131545359874
0,0.0480876909001946
0,0.0467911976604624
0,0.0460117136184563
0,0.047911108504275
0,0.0206628187598217
0,0.0461489648521917
0,0.0475053350999162
0,0.0266552379705656
0,0.0174403055539328
0,0.0216113520270821
0,0.0486321966963844
0,0.0293399020288162
0,0.0477495914528689
0,0.0471400274615104
0,0.0461498723873318
0,0.9233259862837812
0,0.0451765669969558
0,0.011694442694231
0,0.0162924154493012
0,0.0459884907919747
0,0.0474801797970094
0,0.0324175286246739
0,0.0473674251746186
0,0.0464632293012318
0,0.0218050602370838
0,0.0154633791898948
0,0.0198905304872481
0,0.046692638856827
0,0.0472985716350552
0,0.0410143262778834
0,0.0342133774993516
0,0.0218537987550122
0,0.0484943560542751
0,0.047879446842561
0,0.0475496389111822
0,0.0476614979090128
0,0.018280200863336
0,0.0248124196533276
0,0.0481994444404823
0,0.0447684043080837
0,0.0485718134789842
0,0.0479117504101305
0,0.0173724161795685
0,0.0480740153130543
0,0.0469779811948703
0,0.0472578725991267
0,0.0457473520199306
0,0.0450456065961302
0,0.0216255338707654
0,0.0470243273464212
0,0.0210734906359964
0,0.0191771494565423
0,0.048176872912722
0,0.0379822216160115
0,0.0203475053836959
0,0.0713694832551384
0,0.0438759702587144
0,0.0460418175421223
0,0.047002882714741
0,0.0250036702305166
0,0.0207860970394476
0,0.0481745051843532
0,0.0209584975100041
0,0.048369671128117
0,0.0477225936933936
0,0.0219558874011956
0,0.017178209353347
0,0.0225869354755021
0,0.0482100686291522
0,0.0208954023841693
0,0.0222377649632119
0,0.0203746571016566
0,0.0459803055053629
0,0.0479954493177542
0,0.0205673091381444
0,0.0482419183516841
0,0.0153671558603031
0,0.0254796164759617
0,0.0192125083014347
0,0.0428412126116417
0,0.015954618244737
0,0.0212630084935131
0,0.0475720627080205
0,0.021239603952532
0,0.1648656066357632
0,0.047880305871533
0,0.02036780504437
0,0.0454345874902006
0,0.0168828091636783
0,0.0196767496467151
0,0.0481194689345951
0,0.0219741515534448
0,0.02030113642866
0,0.0481732303480145
0,0.0166568445341243
0,0.0475145470163612
0,0.0475831226968801
0,0.0357767368476889
0,0.0216316342171814
0,0.0138413340200935
0,0.0376920032752459
0,0.0481868439933894
0,0.0485103561810186
0,0.0480482593052257
0,0.0200263510788729
0,0.0458901724413682
0,0.0461054012048576
0,0.0201742015211627
0,0.0204329005814704
0,0.0474179686056299
0,0.0484869426532873
0,0.0213110049299202
0,0.0215776626817484
0,0.0484074211220686
0,0.0480911438300202
0,0.0450113214923573
0,0.0478991352222066
0,0.0456869298470545
0,0.0208258855197251
0,0.0481021443112085
0,0.01737133475639
0,0.0458377536027975
0,0.0228329274949017
0,0.0461893762153236
0,0.0197642245008957
0,0.0463659280623652
0,0.0475207820378755
0,0.0479008674893152
0,0.0147557775105313
0,0.0473574177076204
0,0.1646186515418558
0,0.0468383944972537
0,0.047699995707549
0,0.0469652630867889
0,0.0472056689769676
0,0.0349253383578551
0,0.0472564073246115
0,0.0848015338276462
0,0.0544408752831882
0,0.0484552625560146
0,0.0480444329474641
0,0.0473218320771023
0,0.0142238635259091
0,0.0220515082789925
0,0.0202553686278591
0,0.0482021041522096
0,0.0481715912312816
0,0.0204482155469104
0,0.0483694286889272
0,0.708648958918807
0,0.0313045368716195
0,0.0468490295556187
0,0.0423760045514393
0,0.0214134299977847
0,0.0478095333558127
0,0.0485377509610327
0,0.021679344620625
0,0.0463894602476587
0,0.0458206073998624
0,0.0482535311972561
0,0.0478749945551836
0,0.0212002089201623
0,0.0332892751732021
0,0.0482072234536275
0,0.0478546414627446
0,0.0288117415189889
0,0.0466486387916878
0,0.0454502285635975
0,0.0186291773308699
0,0.0184551971373403
0,0.0477833976604872
0,0.0454198203500624
0,0.0484167099223168
0,0.0485226218192759
0,0.0479897961688768
0,0.0479767714891965
0,0.0339532082312142
0,0.022036131051909
0,0.045365941235762
0,0.03550661058707
0,0.0174543203019481
0,0.045559273471526
0,0.0483789047641457
0,0.0217956917978403
0,0.0344038268327785
0,0.0481419934902273
0,0.0245699845501856
0,0.0481584576329421
0,0.0457652463812259
0,0.0474210135937506
0,0.0483616117561392
0,0.0213714059219941
0,0.0478528936504357
0,0.0192152950056746
0,0.0454854059431724
0,0.0484116917390347
0,0.027736061577296
0,0.022600745119759
0,0.019041553128598
0,0.0201307687915877
0,0.0291870066285951
0,0.0478400426184982
0,0.0452494153079955
0,0.0475646887293103
0,0.0481228495593214
0,0.0482820259227747
0,0.0148270165869351
0,0.0452224531453029
0,0.0354481806878824
0,0.0589785705582023
0,0.0481040046035213
0,0.0175241140575704
0,0.0475264498108577
0,0.0243686620481573
0,0.0302685657974395
0,0.0456757797738845
0,0.0241367469453888
0,0.0196845468819587
0,0.0477095431924496
0,0.0158460256359052
0,0.0401977836852361
0,0.0456401873435929
0,0.0287786693793098
0,0.0458698575054004
0,0.0227864375508228
0,0.0482391317914353
0,0.0221154564844213
0,0.0478996641791791
0,0.0452531661389951
0,0.0222293992935168
0,0.0479955258858322
0,0.0485546968022567
0,0.0480718315154898
0,0.0254679731331112
0,0.0464318738390479
0,0.0171239238464003
0,0.0467883982559803
0,0.0461006860658251
0,0.0157927843101906
0,0.0219850974747046
0,0.048040658276328
0,0.0483302275820025
0,0.0611689582489805
0,0.0476023552351908
0,0.0215745443662135
0,0.0484199836860769
0,0.0460546185227894
0,0.0483618525222191
0,0.0483980092759923
0,0.0177810675542578
0,0.0482960244243656
0,0.0459996172885091
0,0.0483467091006495
0,0.0479423915709216
0,0.0401664896141157
0,0.031173019486876
0,0.0490446044905541
0,0.0483738201973101
0,0.0481366916171176
0,0.019707038580803
0,0.021828984243376
0,0.04726504927987
0,0.0127759620644282
0,0.017478529728361
0,0.0474127171394102
0,0.015094603919738
0,0.0468770330253429
0,0.045859212579557
0,0.0468018707409469
0,0.0194125807184484
0,0.0490118867615485
0,0.0475472518285902
0,0.0468449303284649
0,0.0158685600292792
0,0.0483936307859281
0,0.0484435581399998
0,0.0455684897927986
0,0.0459590467494661
0,0.0357162258393472
0,0.0471899050354449
0,0.0332971857008784
0,0.0394539492521701
0,0.0141374934362441
0,0.0219063460444554
0,0.0217839298012454
0,0.0476087040557512
0,0.047257038134783
0,0.0149482011297172
0,0.021979177682428
0,0.0454690576439466
0,0.0472518182976514
0,0.0389169582374243
0,0.0204957538958342
0,0.0212367083073366
0,0.0354797136074261
0,0.0472720545197512
0,0.0210523138168159
0,0.0196403018510464
0,0.0397489466223705
0,0.0482966049864448
0,0.0218958925666419
0,0.0170481774148875
0,0.0178351072358846
0,0.046867190226178
0,0.0216663208354692
0,0.0482813515294154
0,0.0479122634254693
0,0.0166207448449374
0,0.037030665890291
0,0.0470061817969084
0,0.0472538031766371
0,0.0480449319338983
0,0.047591422070596
0,0.046740391335997
0,0.048033757325822
0,0.0484531748140464
0,0.0475899626881878
0,0.0479957008826863
0,0.0217154460015619
0,0.0478067887570807
0,0.0331956647277538
0,0.0478762512748021
0,0.0487175265459248
0,0.0469747864902108
0,0.0479651936505899
0,0.0469796248532707
0,0.0462648766732411
0,0.0464956984032126
0,0.0205981411673021
0,0.0474850669673103
0,0.0209165154418654
0,0.0215845402012966
0,0.0477499863366472
0,0.0378764202990041
0,0.0484095665213389
0,0.0457772854491492
0,0.0454232784210095
0,0.0158434322118226
0,0.0449957408368607
0,0.0483080074413083
0,0.0220213670258154
0,0.0481113026594351
0,0.0438673804159189
0,0.0193580075191955
0,0.047872660872897
0,0.0479875889117593
0,0.0455547063834362
0,0.0449904038918804
0,0.0470306757053797
0,0.0462943250514024
0,0.0198552793108702
0,0.0454842123055377
0,0.0184991877044585
0,0.0298348709156521
0,0.0454710211457416
0,0.0217466893544335
0,0.0222234130156254
0,0.0206662394120922
0,0.0222890292148011
0,0.0481541642231613
0,0.0176558269941197
0,0.0477546121732271
0,0.0448800744379361
0,0.0210500944733256
0,0.0475519147973741
0,0.0478136944460321
0,0.045357607641024
0,0.031420797214663
0,0.0211089164511814
0,0.0210343910047621
0,0.0399385090823075
0,0.0202382098522739
0,0.0482581580327939
0,0.0457623607074869
0,0.0489473776775671
0,0.0470700005651127
0,0.0471841312510069
0,0.0452993502290635
0,0.0449561284214569
0,0.0479927221015046
0,0.0200244336997304
0,0.0479874310140608
0,0.0462918286343263
0,0.0476893343877172
0,0.0472503430312296
0,0.045881446807584
0,0.0341893843488067
0,0.0288116431275679
0,0.0483135798070388
0,0.0174671593937234
0,0.0467336653445621
0,0.0480276513315366
0,0.0219749440101275
0,0.0175608949094668
0,0.0475624867219667
0,0.019368270175414
0,0.0186104748451468
0,0.0475081683819724
0,0.0213072121722761
0,0.04520692656534
0,0.0166153017082727
0,0.0474376065741155
0,0.0175828909746992
0,0.0457461076057194
0,0.047491697247932
0,0.0345566349905946
0,0.0164473742876785
0,0.0474241806495503
0,0.0483166883196517
0,0.0251035498323561
0,0.0460463366116871
0,0.0454698034757202
0,0.047516263720715
0,0.0455747440250918
0,0.0171850304231991
0,0.0185620912260852
0,0.0482573586313798
0,0.048468716043693
0,0.0138638017203281
0,0.0190089310546877
0,0.0173021930314992
0,0.0460221733029077
0,0.0174026971889076
0,0.0238917594368342
0,0.0220884741972564
0,0.046139388294765
0,0.045333430886466
0,0.0178981847376799
0,0.0475482896526637
0,0.0212018756362044
0,0.0474932517268992
0,0.0466590068182657
0,0.048076635331102
0,0.0222125553632647
0,0.0479122021598102
0,0.0485021980035127
0,0.0454808707484333
0,0.0243910765667144
0,0.0195801947979096
0,0.0476721318284366
0,0.0214582813358228
0,0.0177568725543327
0,0.0161818037308873
0,0.0170155385287604
0,0.019378881391039
0,0.0175634403300455
0,0.0468551522216607
0,0.0219565025341615
0,0.0476484234386462
0,0.0481366884254601
0,0.0473773879965777
0,0.0162773693593986
0,0.0473122004183329
0,0.0483846262403164
0,0.046992865447107
0,0.0482346902307772
0,0.0480377811120653
0,0.047922280298692
0,0.0210804866724406
0,0.0451250028800411
0,0.0409257818473121
0,0.0186482724393871
0,0.0377191790178456
0,0.0566236939606629
0,0.0480329965592979
0,0.0479842460997601
0,0.013792165151261
0,0.0484065304167804
0,0.0482414253781361
0,0.045649668161651
0,0.0473668606406359
0,0.0474514755694742
0,0.020356751073855
0,0.0075537696667788
0,0.0475242018126524
0,0.0156378113610367
0,0.164675727109518
0,0.0122581632204318
0,0.0485492217636765
0,0.0482544841295808
0,0.0158791802423721
0,0.0550003759819382
0,0.0471781274344824
0,0.0453205987572611
0,0.0473011232678997
0,0.0481581422945093
0,0.0162544689958981
0,0.0467815940661044
0,0.0194669472909695
0,0.0218065879362877
0,0.0170665107901592
0,0.0439187959124857
0,0.0213466698527799
0,0.0286343881439487
0,0.0215602773905975
0,0.0475552708332346
0,0.0219649348206728
0,0.0461170570385625
0,0.0469943126539446
0,0.045800512736334
0,0.0409061217699046
0,0.0479580417360265
0,0.0220265673205089
0,0.0451647687670645
0,0.0452358899410109
0,0.0483885679903952
0,0.0470654979619165
0,0.0217960470999578
0,0.0303475856977653
0,0.0480898191918873
0,0.0189809909452534
0,0.0479904794539257
0,0.017970526415556
0,0.0213463515174197
0,0.0298199451516672
0,0.0165950498514359
0,0.0454719235742833
0,0.0478747740128826
0,0.0455225089709893
0,0.0479993803740433
0,0.0212980862565981
0,0.0476061356382299
0,0.0478712678903532
0,0.0451711341633745
0,0.0663068549850111
0,0.0484224467571351
0,0.0218772155475818
0,0.0480700808247768
0,0.012476983692948
0,0.0201423323309742
0,0.0338241697095956
0,0.0163778958013478
0,0.0172993691544806
0,0.0195897236784007
0,0.0193746903145409
0,0.0479137825624721
0,0.0452332812036326
0,0.0481449384759332
0,0.0466420589383878
0,0.047609694973891
0,0.0477498854878891
0,0.0171496627380857
0,0.0482843734827891
0,0.0479397711625355
0,0.0460155685613304
0,0.0451747049028964
0,0.0480419660372578
0,0.0479262522678739
0,0.0449849039093551
0,0.0472881715802168
0,0.0480102552597682
0,0.0479896201410468
0,0.0468424642867057
0,0.0481602728153216
0,0.0115762134374762
0,0.0481266899149839
0,0.0461360307717729
0,0.0476784199940171
0,0.0260347155481509
0,0.0213448988585151
0,0.0551840562812807
0,0.0482340394266047
0,0.0471968293867084
0,0.0455663379087423
0,0.0271918948527984
0,0.0140706815449174
0,0.0480991632685729
0,0.0462296739642106
0,0.0471985364753359
0,0.0696035838993857
0,0.0480542405188204
0,0.04759511603057
0,0.0472689445482841
0,0.0216136477148967
0,0.0209381177704432
0,0.0480784155291761
0,0.0199474206492882
0,0.0478331481974699
0,0.0452045530070364
0,0.0476214949914537
0,0.0200077856453654
0,0.017352863718657
0,0.0479197219725823
0,0.0657708048077052
0,0.0479260006699646
0,0.0480359233914256
0,0.0474672107070642
0,0.0220465964403793
0,0.022040507445176
0,0.0203454259384727
0,0.0474013387521149
0,0.0478748222466645
0,0.0136042083995573
0,0.0298191578158869
0,0.0439717825627708
0,0.0207927244069834
0,0.0120510180086592
0,0.0481899884030822
0,0.0220579284053066
0,0.0211646899588243
0,0.045264279582275
0,0.0477843091091016
0,0.0479865671745497
0,0.0314978121392156
0,0.0473718776027701
0,0.0482250053646125
0,0.0480892810779513
0,0.0461369036307587
0,0.0484590946974723
0,0.0452019462619336
0,0.0174922214254727
0,0.048148248949717
0,0.1325892831151504
0,0.043933228399325
0,0.0459438776964506
0,0.0483469311718173
0,0.0472547030701448
0,0.0479952609939287
0,0.0209641312674134
0,0.0346002579193927
0,0.021060261544212
0,0.0479532272325203
0,0.0480057425070347
0,0.0109469556697446
0,0.0465306828142899
0,0.0314833496043164
0,0.0454245291760225
0,0.0468331061687465
0,0.0476072748737745
0,0.0478457141707923
0,0.047357495999432
0,0.047726567477877
0,0.0277418013103194
0,0.0473455619328843
0,0.0482213493795707
0,0.04829482945531
0,0.0478864221944099
0,0.0249765024568431
0,0.0457675981235923
0,0.0478978028384044
0,0.0473664602734748
0,0.0476251193463153
0,0.0218717198016018
0,0.0095642712301459
0,0.0478077474054614
0,0.0474772975409832
0,0.0188974259271848
0,0.0190217210868431
0,0.0480762277590411
0,0.0215393253579671
0,0.0474387083874381
0,0.0464288150062989
0,0.0177759296372328
0,0.047937992213856
0,0.0474939986198038
0,0.0468323386527693
0,0.0371999131352684
0,0.0324291655726994
0,0.0479154168198476
0,0.0477845495895917
0,0.0219455630954617
0,0.0448612763342489
0,0.041832054825841
0,0.0422559083315674
0,0.0462723416196848
0,0.0161138059666342
0,0.0482196387810818
0,0.0484207093051685
0,0.0449616342557607
0,0.0480759277160942
0,0.047159299081772
0,0.047827762894776
0,0.0479026733085071
0,0.0485192304898086
0,0.0190648546187488
0,0.0458385376589608
0,0.0483008371072153
0,0.0468180566930557
0,0.0480779767893702
0,0.0433634139810454
0,0.0482553217093387
0,0.0221432910698056
0,0.0202655017162425
0,0.0211390964604131
0,0.0206363208002466
0,0.0343136675878901
0,0.0476899879433607
0,0.045761484471404
0,0.0399097833107082
0,0.0471479627945777
0,0.0475837471484665
0,0.0159258807013817
0,0.0215196204869674
0,0.0460566461446192
0,0.0456669893347045
0,0.0482295917733028
0,0.0476334728073748
0,0.0274750677640404
0,0.0626169168835174
0,0.0479277102867046
0,0.0483963919579771
0,0.0251634281101265
0,0.0483186477306526
0,0.0476799220583188
0,0.0214560912495533
0,0.0298197476376385
0,0.0194939876561491
0,0.0480499993841209
0,0.0217581909173595
0,0.0202703477775416
0,0.048153512136801
0,0.0449647719761028
0,0.0166046940063038
0,0.0163360314141773
0,0.0469725294277009
0,0.044677313799259
0,0.0387806581494551
0,0.0482813828700616
0,0.0480458095800059
0,0.0136373050761661
0,0.0470736626149185
0,0.0452513145580911
0,0.04703449209009
0,0.0453459224349702
0,0.0481514491839171
0,0.0216277025054224
0,0.0219545300144703
0,0.0457964564900684
0,0.0478263516037337
0,0.0471465829578951
0,0.0447883584160579
0,0.0468241648042656
0,0.0462633086817888
0,0.0189319040726891
0,0.1208807389945315
0,0.0176299205920955
0,0.0281666619971296
0,0.0146347134073452
0,0.0480155148806497
0,0.0410036652335897
0,0.0479176502921142
0,0.0203554836247276
0,0.0601929567428936
0,0.0477020653253633
0,0.0293066975949143
0,0.0160614261117824
0,0.0463937043120289
0,0.0458620199041098
0,0.0483991230251194
0,0.0482016129965937
0,0.0211884396794528
0,0.0483239317526209
0,0.0168913282019055
0,0.0468234244116281
0,0.0191811175900364
0,0.0485280749387634
0,0.0213310189402212
0,0.0286745351766334
0,0.0483703752113873
0,0.0484646482902595
0,0.0208265557977089
0,0.0454385820954504
0,0.0144595778143333
0,0.014292026047784
0,0.0481389975251281
0,0.0470523520589475
0,0.0474087981369465
0,0.0477853286903287
0,0.0209292991557306
0,0.0154992323957942
0,0.0481436022562471
0,0.015686956021141
0,0.0715851600517649
0,0.0175949188293202
0,0.0484165476950287
0,0.0154730237512385
0,0.0482279656011979
0,0.0483047721156202
0,0.0543033662303367
0,0.0454043240085553
0,0.0478054188785002
0,0.0328627968519044
0,0.0215200298396901
0,0.0484497094402829
0,0.0458752614560313
0,0.0461400199048712
0,0.019353197007692
0,0.0485873818151402
0,0.047812122147923
0,0.046064260631051
0,0.0218016951115926
0,0.0447728572717626
0,0.0480251558815867
0,0.0186260796427105
0,0.0482825801985558
0,0.0212298815158368
0,0.0483521201431202
0,0.0937826589497659
0,0.0219342502920284
0,0.0194552798706804
0,0.0220265971281536
0,0.0193429850501632
0,0.0477601088648934
0,0.0474821310081497
0,0.0472646431695498
0,0.0460711211431876
0,0.0196724661013025
0,0.0189570930381648
0,0.047010396827869
0,0.0428787921326738
0,0.010444824490685
0,0.0219401224757848
0,0.0480382462262011
0,0.0596703953317724
0,0.0309157557090958
0,0.065674052180681
0,0.0476777373224887
0,0.0194303289224518
0,0.0146785511645108
0,0.045843439434651
0,0.0458951240685459
0,0.0069066477423642
0,0.0183157921366589
0,0.0216247909834415
0,0.0222147994323359
0,0.047012110151776
0,0.021486471986273
0,0.0486063149294131
0,0.0464863881979982
0,0.0459315484179085
0,0.0471652872252257
0,0.0346445372334867
0,0.0478119499170112
0,0.0481344210427504
0,0.0484116583118356
0,0.047013906841713
0,0.0479036983107702
0,0.0476141007543096
0,0.0449741770103868
0,0.0393832675403801
0,0.0479122090160151
0,0.0467841657622391
0,0.0206910238074306
0,0.0472215002795984
0,0.0475913152071132
0,0.0472673482602617
0,0.047832985275017
0,0.0231262541249334
0,0.0346787827955614
0,0.0370809927681583
0,0.0189687168495811
0,0.0483271552455412
0,0.0476453436566779
0,0.0464178158717065
0,0.0476838148836077
0,0.0213975555119631
0,0.0218842600752799
0,0.0261548297697861
0,0.0198395317993685
0,0.0452265223814683
0,0.0190858763565844
0,0.0454998126091755
0,0.026459394711532
0,0.0469191246465418
0,0.0189416130001435
0,0.0476313098657649
0,0.0164232360548978
0,0.0483304996321996
0,0.0480295904176935
0,0.0479026738864494
0,0.0477500861908202
0,0.0216227382575018
0,0.0389028993046389
0,0.020826390099423
0,0.0210959471734012
0,0.0471584020838284
0,0.0484502399683701
0,0.0476211054679638
0,0.0178099723366182
0,0.048313846280949
0,0.0240192650426509
0,0.0467569214906381
0,0.0187372243209628
0,0.0272811884233899
0,0.0153172265727881
0,0.0475993291518079
0,0.0467304343770554
0,0.0477526279502332
0,0.0479121602487597
0,0.0450234565164607
0,0.0464659927851154
0,0.0449713263445248
0,0.0452721773339953
0,0.0372540003424623
0,0.0477517442064849
0,0.011628229455516
0,0.0483913852504903
0,0.0480303674381112
0,0.0218831111471328
0,0.0479180776325906
0,0.0448904297171088
0,0.0213842513258306
0,0.0467727615891355
0,0.0467729595756206
0,0.0160870762574224
0,0.0485777777410698
0,0.0467050325834709
0,0.0170222605067083
0,0.0366809865322698
0,0.0206402492907099
0,0.0298207826883329
0,0.048359317870611
0,0.0475728709046617
0,0.0479951796882952
0,0.0166569106337673
0,0.0481229145532837
0,0.0469796195318582
0,0.022047111295941
0,0.0464109251284842
0,0.0480488877864722
0,0.1076499189827336
0,0.0357812808172669
0,0.0457178323379927
0,0.0475854759775505
0,0.0471323969162876
0,0.0168622471175094
0,0.0177396548171062
0,0.0219170868779312
0,0.0474935688905587
0,0.0215473675303176
0,0.0467376832899489
0,0.0458760142209695
0,0.0222915936892201
0,0.0206206220336717
0,0.0215619316599365
0,0.0468149149826038
0,0.0466016479137229
0,0.0200682303785276
0,0.0442837711301263
0,0.0478367300946262
0,0.0139771975446601
0,0.0333671730281751
0,0.0205439269292833
0,0.0212987093574279
0,0.0471428108014973
0,0.0455246173378357
0,0.0668299632026161
0,0.0482650231459376
0,0.0480582997347063
0,0.0466268174090728
0,0.0140979293356887
0,0.0159433107941551
0,0.0461179940678185
0,0.0476565083372233
0,0.0440939515000339
0,0.025225270276634
0,0.0302709003888601
0,0.0480695793378021
0,0.0208693722161618
0,0.046704108220952
0,0.047958329986754
0,0.0201622287539295
0,0.0123097483268791
0,0.0476111469134259
0,0.0474825516528199
0,0.0448180670274641
0,0.0191375190814426
0,0.0475752843843085
0,0.0447686647102348
0,0.0473089067926086
0,0.0451739026655344
0,0.0465884723424527
0,0.0476991639703778
0,0.0468420226830131
0,0.0469852812598331
0,0.0483034936927283
0,0.0483609651193694
0,0.0467772518408728
0,0.0402104192077639
0,0.0477538598028562
0,0.0180233597536338
0,0.0476995883904347
0,0.0450140049297329
0,0.0476430334947777
0,0.0197227533402035
0,0.0199661699615272
0,0.0523833543502264
0,0.0475234216007743
0,0.0479056148368732
0,0.0208299141135436
0,0.0163283940045355
0,0.0380496802927675
0,0.0483290286093837
0,0.0465242004880417
0,0.0209555958843381
0,0.0483437911013145
0,0.1401448212973641
0,0.0473630678504953
0,0.0343016688940662
0,0.0484139190573633
0,0.0473630054175264
0,0.0454522335097307
0,0.0453976971469733
0,0.0467886301301283
0,0.0467486666627322
0,0.0477786946327054
0,0.0147727336276943
0,0.0185032679681192
0,0.0474980973273594
0,0.0428579565257373
0,0.0927802166111259
0,0.0471399366343954
0,0.0470631837478967
0,0.047603897508365
0,0.0204251816910087
0,0.0216900900623419
0,0.0383122167278214
0,0.0481032401315219
0,0.0220000592478262
0,0.0475506698648444
0,0.0408720175429712
0,0.0190495031188011
0,0.0209499021996577
0,0.0459948481331148
0,0.0985506686642355
0,0.0448653828170074
0,0.0461303961581611
0,0.047242845072662
0,0.0475551877859541
0,0.0479917401059373
0,0.0212589509812455
0,0.0365250804746406
0,0.0240718313406286
0,0.0159388898971851
0,0.0480882376755754
0,0.0258239693841871
0,0.0229569255986303
0,0.0483692446056614
0,0.0210925356032914
0,0.0480442910118128
0,0.0454360590746472
0,0.0327543288979789
0,0.0277806278979995
0,0.0479937456178599
0,0.0165309963841812
0,0.048340300860649
0,0.048448063459762
0,0.0219194617958132
0,0.047266501802604
0,0.048397397682149
0,0.0481654763136044
0,0.047519078254441
0,0.0482221682801309
0,0.0485396650151425
0,0.018374844725915
0,0.0185526048549281
0,0.0462364153218857
0,0.012672407312679
0,0.0478021740458967
0,0.0458898058721043
0,0.0212200619973627
0,0.0154960356127907
0,0.0152764711784088
0,0.0208055729550871
0,0.0453645347971182
0,0.0482696418107104
0,0.020958131969734
0,0.0481746986512886
0,0.0169389826927855
0,0.0481530816651532
0,0.048502843667116
0,0.019489965389891
0,0.0480604079645936
0,0.0527113247585261
0,0.018415008092173
0,0.0482236700469182
0,0.0197857362910224
0,0.0387734651730746
0,0.0482815655388827
0,0.048485852048064
0,0.0247252122747671
0,0.0212139539579881
0,0.0131644953258737
0,0.0131342759051678
0,0.0484295416545191
0,0.0249454924216589
0,0.0217452756367606
0,0.0478398900569241
0,0.0254895106537603
0,0.0482936324415074
0,0.0369611787659077
0,0.0246498448607955
0,0.1502165892708921
0,0.0199760543694675
0,0.0479979724848887
0,0.0192801417440104
0,0.048009463570859
0,0.0481665726724916
0,0.0264550090679422
0,0.046858378284282
0,0.0340966302222099
0,0.0460530598167297
0,0.0478819391278589
0,0.0214574960128488
0,0.0481155820976434
0,0.0482511366733778
0,0.0484181126324036
0,0.0548260018131991
0,0.1823151079848144
0,0.0210589085292185
0,0.0483280750746107
0,0.0483318681358463
0,0.047338622689455
0,0.0302970664237291
0,0.014591770225282
0,0.047470194026093
0,0.0460566420941528
0,0.0214590913957372
0,0.0482756313155552
0,0.0478040686138216
0,0.0349331314871661
0,0.0478992504066396
0,0.0456646565336287
0,0.0389376502443652
0,0.0144167155434107
0,0.0191717889871694
0,0.0393441142083059
0,0.0472652028146796
0,0.0161556969191125
0,0.0482523334703465
0,0.0212271739325741
0,0.0219238861558487
0,0.0454394493085967
0,0.048442225585435
0,0.0161275267528659
0,0.0189439916670853
0,0.0219406493889207
0,0.0475884003596955
0,0.0472550670545057
0,0.0209707746176965
0,0.0470086809912076
0,0.0221026347278863
0,0.0468419260168354
0,0.0463767747518257
0,0.0167171139825015
0,0.0467315216416506
0,0.0477915899328692
0,0.0144279918602189
0,0.0989692144736168
0,0.0482777392825077
0,0.0454801573162437
0,0.047851480852761
0,0.0454812885625439
0,0.0479013939290643
0,0.0484675029221185
0,0.0479084378373786
0,0.0414417160831988
0,0.0455633653109852
0,0.0453187143156397
0,0.0477467289483224
0,0.0476087297185237
0,0.0483045576574199
0,0.0480971138448869
0,0.0124013146821627
0,0.0237575385770127
0,0.0479200018330189
0,0.0484296933284186
0,0.0398495902409764
0,0.0481292460750731
0,0.0395059419898241
0,0.0207955688413601
0,0.0216310856692719
0,0.047689865262135
0,0.022146273357209
0,0.0485042591727295
0,0.0211448639061059
0,0.0210033908749512
0,0.0478382699240219
0,0.0207631243222262
0,0.0476936477136588
0,0.0247121088128518
0,0.0476710661298554
0,0.015483787250649
0,0.0160891132138516
0,0.0478169864654074
0,0.0474436153089887
0,0.0553925810961934
0,0.0252798483626457
0,0.0457830727908401
0,0.0358146613748378
0,0.0357737656301517
0,0.0448490217602156
0,0.0474013998307151
0,0.0272010179672957
0,0.0216240746184426
0,0.0482533823161266
0,0.0446948645828744
0,0.0162766812743096
0,0.0219856956750219
0,0.0456461708180073
0,0.0481955231565537
0,0.0477960063130815
0,0.0131257698543066
0,0.0171426189455892
0,0.0484008875295324
0,0.048067139860277
0,0.0346116812075732
0,0.0481255974984003
0,0.0473634611806738
0,0.0219128414253187
0,0.0184368819554433
0,0.0189754485528051
0,0.0480676604370329
0,0.0480383054839826
0,0.0199647083080864
0,0.0312797988000597
0,0.04542754483714
0,0.0473386717600135
0,0.0194480952916417
0,0.0217685200860199
0,0.0189660077844248
0,0.0215410210535851
0,0.0175616601290796
0,0.046923686119044
0,0.0271969840330566
0,0.0307815747165336
0,0.0474861328125658
0,0.0169561662030589
0,0.0789939059952393
0,0.0475377566416289
0,0.0481984225980587
0,0.0411100780944725
0,0.04769782495188
0,0.0211573971723796
0,0.0483889778327575
0,0.0219632458210979
0,0.0483606274375317
0,0.0219947191904407
0,0.0370615156176361
0,0.0409290429829191
0,0.0479279066799583
0,0.0483054125220882
0,0.0469939179196501
0,0.046524895221725
0,0.0467741530053201
0,0.0406899756623028
0,0.0453563944167113
0,0.0479929816032591
0,0.0471326634297586
0,0.0474737681375168
0,0.021044871812009
0,0.0201590988891095
0,0.0218551887776043
0,0.0217071411936283
0,0.0159826882209323
0,0.0476482917699307
0,0.0470296431897757
0,0.0209065194497616
0,0.0433040618998376
0,0.0480086565496949
0,0.0476653266723506
0,0.0475763449150569
0,0.0482274708137799
0,0.0202373052368737
0,0.0493449450632423
0,0.0464872241448407
0,0.020068719979202
0,0.0484602565834815
0,0.0476494268858954
0,0.0481002599454447
0,0.0174394246875631
0,0.0357482804819286
0,0.0191933598891901
0,0.048011968691362
0,0.0319850654897488
0,0.0476051637244482
0,0.0464613207271713
0,0.0470397999141952
0,0.0212144836472986
0,0.0196310553256024
0,0.0469650773682681
0,0.0479580078414508
0,0.0193103864790145
0,0.0207310391063637
0,0.0188612194506649
0,0.0159478278405591
0,0.047669007242426
0,0.0475544274227467
0,0.0162521528357965
0,0.0480437164231216
0,0.0355578688007973
0,0.0302398319595402
0,0.0472349288192411
0,0.0201124284603724
0,0.0455194345830019
0,0.1246953551223309
0,0.0483904392888675
0,0.0454671474997912
0,0.0198454299637379
0,0.0459852084776656
0,0.0460191142463259
0,0.0183456533586874
0,0.0454692289364903
0,0.034942155940206
0,0.0697597486451626
0,0.021796391080248
0,0.0098723150080427
0,0.0459569680065748
0,0.0412140956142093
0,0.0466768915748986
0,0.0484266735166933
0,0.026000147071483
0,0.0483936016239458
0,0.045830712248481
0,0.0467940479059066
0,0.0461634575718613
0,0.0218048632658272
0,0.029199163123871
0,0.02598124412871
0,0.0204341456810855
0,0.0202292056571093
0,0.0212309398208888
0,0.020570962897825
0,0.0611668606005536
0,0.0213375597823396
0,0.0478336166022679
0,0.0483449903067845
0,0.0473590918302467
0,0.0469662186878125
0,0.048315751182001
0,0.0204401750550402
0,0.048255606388463
0,0.0208811235133047
0,0.045891446978888
0,0.024234800006598
0,0.0254314741301872
0,0.0474279395175867
0,0.0475826126986774
0,0.0468631892716816
0,0.0471563527379393
0,0.0475025353974898
0,0.0451124193398689
0,0.0482430684324126
0,0.0151519606818929
0,0.0461817145777294
0,0.0339541815407427
0,0.0262523986664859
0,0.047546147274041
0,0.0476341125050766
0,0.0478931318698738
0,0.0547684483250095
0,0.0164162210709253
0,0.0215698888141317
0,0.0477502038394012
0,0.0472349043790372
0,0.047104903952708
0,0.0355409410662287
0,0.0189065511762824
0,0.0220283770950198
0,0.0478964180741129
0,0.0475507126091734
0,0.0469853293456773
0,0.0481004765822747
0,0.0475540846757184
0,0.0147206518045666
0,0.029197081339657
0,0.0475538564745643
0,0.0459745374340736
0,0.0485778247521629
0,0.0348370548414135
0,0.0218763118346979
0,0.0191483285413091
0,0.0461780329905711
0,0.0292792310551336
0,0.0200167981605165
0,0.0456668479794061
0,0.0483189046481199
0,0.0222652654852865
0,0.0210022220445169
0,0.0485100055080248
0,0.0477002163364933
0,0.0146606191177249
0,0.015049428371341
0,0.0211091972068937
0,0.0433796114726949
0,0.0201274280988885
0,0.0482635589475957
0,0.0473498205583509
0,0.0471641775674855
0,0.0484176772238057
0,0.0477759280688602
0,0.0469978636798556
0,0.0218271271477392
0,0.0222863117437142
0,0.0475477666729348
0,0.0482621596958747
0,0.0449975132259357
0,0.0358535138400177
0,0.0472722274232637
0,0.034633238979351
0,0.0484977267082265
0,0.0141915329285574
0,0.0172310987452388
0,0.0449985952674513
0,0.0453378896332492
0,0.0458501489102797
0,0.0149285230326306
0,0.0161240933706816
0,0.0483449988529183
0,0.0303172072627163
0,0.0452122507362702
0,0.0464390443096109
0,0.03124423457671
0,0.0358606454107516
0,0.0185244748350386
0,0.0479143973458559
0,0.0475556744769839
0,0.0466261325181342
0,0.0481586246715387
0,0.0482311980116996
0,0.0459413446363234
0,0.0481316167786325
0,0.0454807644501595
0,0.0471242286708132
0,0.020521885684647
0,0.0482252197836863
0,0.0209719173604572
0,0.0479053308057164
0,0.0474776943187161
0,0.0476488280760863
0,0.0484377998675163
0,0.0218467851219259
0,0.0475491077135661
0,0.0480771101638253
0,0.048403381623283
0,0.0212083647562351
0,0.0218935240773614
0,0.0304881701488855
0,0.0136081205894163
0,0.0417243740705584
0,0.0475487480135754
0,0.0480967314292785
0,0.0483042305953727
0,0.0484960618512181
0,0.0091870382858948
0,0.0475983193735528
0,0.0482059035206956
0,0.047692579702203
0,0.0120290399299753
0,0.0332675440512546
0,0.0454679888149417
0,0.04822282189483
0,0.0466584106134727
0,0.0205506681401956
0,0.0484025081622051
0,0.0329487547907973
0,0.0482102555081323
0,0.0474267180554715
0,0.0203900105721298
0,0.0158043477633382
0,0.0347153735629315
0,0.0216761749480314
0,0.04525072235484
0,0.0206972681844945
0,0.0221137578992316
0,0.0462297544148129
0,0.0469442842755363
0,0.023220843323785
0,0.0205339179499218
0,0.0419552158588611
0,0.0475626252288941
0,0.048436960884573
0,0.02478439468354
0,0.0463703975140859
0,0.0478587003847651
0,0.0461919872378505
0,0.0482611982931938
0,0.0451507298658512
0,0.0471714779213133
0,0.0477900078823849
0,0.0718018745127631
0,0.048300776625076
0,0.0343820466126519
0,0.0211723969584353
0,0.0210399671537454
0,0.042812962718721
0,0.0475324127954675
0,0.0201304469443091
0,0.0467221292275551
0,0.0455082668129684
0,0.0200831648002641
0,0.047809588628055
0,0.0478679835492239
0,0.0471544158584663
0,0.0482345766102689
0,0.0455725784548638
0,0.0325830239827343
0,0.0212687986122029
0,0.0466721875394025
0,0.0482510110943192
0,0.0454795444416248
0,0.0490170304188032
0,0.028678182882332
0,0.0448654760134551
0,0.0477855748063916
0,0.0172173822608685
0,0.0479081587615023
0,0.0218414184300001
0,0.0482651202637063
0,0.047083978637128
0,0.0356262736529868
0,0.0225135964798278
0,0.0466744900454227
0,0.0485892914481135
0,0.0470167467907386
0,0.0475068695246644
0,0.0480058709543828
0,0.048361773804562
0,0.0203134932641673
0,0.0466829727115164
0,0.0481607296377693
0,0.0478036323387874
0,0.0219792072200978
0,0.0166373630892549
0,0.0288087181907632
0,0.0472188817670794
0,0.0455548855680997
0,0.020317519270359
0,0.0855556314254206
0,0.0205110235631368
0,0.0449855446277876
0,0.0218869942262079
0,0.0474540090867566
0,0.0218481173461165
0,0.0303349591802903
0,0.0464454399942037
0,0.0480103624294326
0,0.0177045606465406
0,0.0251754475186418
0,0.0452447876630625
0,0.020034588993477
0,0.0472565805301165
0,0.0476173231867161
0,0.0169602331988755
0,0.0466738532911815
0,0.0212557877605174
0,0.0214694843504323
0,0.0477986313840635
0,0.0221493158039755
0,0.0474660389349359
0,0.0458444003806021
0,0.0483137650800822
0,0.0210655352516085
0,0.0200524116813388
0,0.0481251654119872
0,0.0347663313320526
0,0.012712588852471
0,0.0456486998730829
0,0.0211296303651605
0,0.0100681894804461
0,0.0288060752532739
0,0.0456171395742132
0,0.0215041916412694
0,0.0201729907404946
0,0.0377395744306946
0,0.0348854312189795
0,0.0220194358916668
0,0.0471741876125605
0,0.0471079593126623
0,0.0461296647355835
0,0.0187717168638955
0,0.0471876818220078
0,0.0402103278511948
0,0.0217004240125835
0,0.0371351471850183
0,0.0475996037140777
0,0.0387675669560365
0,0.0472513053171034
0,0.0461419927467441
0,0.047650163866725
0,0.0399356013324678
0,0.0484338850794924
0,0.0456669383326875
0,0.0480948252384447
0,0.0455397889332498
0,0.045870171679676
0,0.0203123983622698
0,0.0821221493084334
0,0.0258867463063175
0,0.0206322789561611
0,0.0480903028151968
0,0.0477265657841151
0,0.0458360918709363
0,0.047036772388937
0,0.0476118829895929
0,0.0474700074361776
0,0.0447365879826601
0,0.0178335222162549
0,0.0471881550439953
0,0.0484875064558831
0,0.021842241709091
0,0.0476447647105005
0,0.0238184537959807
0,0.0466374440023085
0,0.0481951678166493
0,0.0474345177068598
0,0.0483104107840853
0,0.0460609537826074
0,0.0480041567218982
0,0.0155297107076993
0,0.0475047415952109
0,0.018073559750624
0,0.0212934165665829
0,0.0457007301306312
0,0.0476818150499943
0,0.0479210086307936
0,0.0485420001311598
0,0.046013101099581
0,0.0466447596847579
0,0.0221191297734455
0,0.0480084329529153
0,0.0460413316449398
0,0.0212706177288731
0,0.0472591893325498
0,0.0485386856484855
0,0.0484943521178094
0,0.0207248321508988
0,0.048053724899318
0,0.0129145003634052
0,0.0448540839602599
0,0.0222505971483219
0,0.0214739627973451
0,0.0463310149285244
0,0.0668306277514452
0,0.0310576735810215
0,0.048290797772871
0,0.0207176998399089
0,0.0401987569303176
0,0.0174548381296825
0,0.0213741325807684
0,0.048223799829688
0,0.0120321162303587
0,0.0366559926028235
0,0.0473543535953676
0,0.0350123306221892
0,0.0221572744880193
0,0.048319079530223
0,0.0478155737481644
0,0.0447762183360503
0,0.0277428007604279
0,0.0479903584215233
0,0.0553286433067157
0,0.045932897555086
0,0.020291626444248
0,0.0480884474977531
0,0.0484476412590797
0,0.0568477628908429
0,0.0472583076138081
0,0.0455466172228683
0,0.0254329815798388
0,0.0207087672674975
0,0.0460487225981456
0,0.0237376366255958
0,0.0185631139374121
0,0.0218527418581663
0,0.0479510864327897
0,0.0382192961214283
0,0.0480772535881573
0,0.0476572716231479
0,0.0480691799143761
0,0.0477867394219161
0,0.0480228790531561
0,0.01482889277577
0,0.0162903841613246
0,0.0210365286814575
0,0.0469815705276421
0,0.0482248345888033
0,0.0484240512795017
0,0.0427821987635197
0,0.0477172264587356
0,0.0476086099659473
0,0.0480500447807293
0,0.0479011928475341
0,0.0219239637390592
0,0.0477795730419537
0,0.0209824937778869
0,0.0422836562623394
0,0.0475689407737691
0,0.0483835124546399
0,0.0470336508165994
0,0.0161391531597649
0,0.029189490116215
0,0.0455482023587202
0,0.048370900269192
0,0.0460572175670549
0,0.0173114653162071
0,0.0480209112794279
0,0.0478340518824987
0,0.0479487297759698
0,0.0482201410123987
0,0.0130723159068341
0,0.0478545408713372
0,0.0215635582872693
0,0.0475331671660812
0,0.0250317775365176
0,0.0482631891125214
0,0.027411819142292
0,0.0365544411664902
0,0.0271760351568372
0,0.0154951208696861
0,0.0476575593584299
0,0.0147743557226543
0,0.0166290025150978
0,0.0215354776231192
0,0.046965915710275
0,0.020676112651737
0,0.025379047474992
0,0.015512273516033
0,0.022124681592886
0,0.0475932243337543
0,0.0677848161889845
0,0.0208531292708752
0,0.0477681084398081
0,0.0457870232326765
0,0.0207983032014137
0,0.0407428816347542
0,0.0473210146528852
0,0.0125790884878567
0,0.0482064127099945
0,0.0207842629660855
0,0.0464833433020621
0,0.0480782864739255
0,0.048033729051314
0,0.0218367328468521
0,0.0178399533008591
0,0.0484356078684582
0,0.0220490018797486
0,0.0368690611765393
0,0.0460645298183524
0,0.0199096793435306
0,0.021075546640312
0,0.0464028506999102
0,0.0157948707550042
0,0.0476244582118638
0,0.0456003044739704
0,0.0480966864286258
0,0.0482287012577419
0,0.0481529793826018
0,0.01950580586905
0,0.0394152990445043
0,0.0219952774978452
0,0.0483398654221258
0,0.047685061313463
0,0.0156832782382415
0,0.0193949152960984
0,0.0480327214545567
0,0.02054558429397
0,0.0481355178842539
0,0.0302842700240075
0,0.0455283735855848
0,0.0220705986721782
0,0.0218251640131086
0,0.0452586224456929
0,0.0483901497958266
0,0.0483432397982798
0,0.0479197100199379
0,0.0472585456420697
0,0.047302069372256
0,0.0476744545752333
0,0.0483129648464965
0,0.0592790155514666
0,0.0198167546453565
0,0.0450187525979774
0,0.015811512582695
0,0.0223885577172247
0,0.047888750627911
0,0.0475398806273403
0,0.0857516627305092
0,0.0467501814786519
0,0.0480933469517951
0,0.0484938603856639
0,0.047921967556499
0,0.0265285489512595
0,0.044806108726267
0,0.0481439272487166
0,0.0477030288633435
0,0.0484976346344488
0,0.0484366908490981
0,0.0480945650991544
0,0.0463274171846637
0,0.0485499976353174
0,0.0188903123192067
0,0.0464963339628259
0,0.0347527832330077
0,0.0207130924621726
0,0.0239273741896567
0,0.0101087683331807
0,0.0476780671367271
0,0.0188234321969185
0,0.0367949594456423
0,0.0484759000732303
0,0.0477995779995807
0,0.0310653722788846
0,0.0480226903587831
0,0.0483916590254547
0,0.0481180757625586
0,0.0460930511240052
0,0.0161138135430519
0,0.0453657553308959
0,0.0141547776018946
0,0.0191994263225498
0,0.0219238622166667
0,0.0192106842547429
0,0.0191830793442742
0,0.0479243557753241
0,0.0482389696478635
0,0.0452598316569817
0,0.0208404478263697
0,0.0461839192640598
0,0.0475548463248111
0,0.0469526230136404
0,0.04780726630367
0,0.0349436113744701
0,0.0218336213587654
0,0.0478203159887769
0,0.0483366211868844
0,0.0474393015626357
0,0.0473175863037874
0,0.0218843985217241
0,0.0332897722795067
0,0.0247187407896837
0,0.0477334214495071
0,0.0211076321047703
0,0.0393592583263651
0,0.047539166551236
0,0.0210809586378224
0,0.0155921725266529
0,0.0475421975353993
0,0.0358629014220131
0,0.0346708426726689
0,0.0196821573144129
0,0.0293097794542045
0,0.0485443660025087
0,0.0209604502458192
0,0.0150035580115442
0,0.0453834613418061
0,0.0456186226632151
0,0.0211450261102207
0,0.0325117298464785
0,0.0456963243009655
0,0.0453790310662124
0,0.0456756771795156
0,0.0219806269172691
0,0.015903594791025
0,0.0475273614285392
0,0.0311475664368317
0,0.0155717679731123
0,0.0457176198730243
0,0.0482794925335689
0,0.0150713374743429
0,0.0136966446469018
0,0.0463601883761453
0,0.0466469007063087
0,0.0219962845567514
0,0.0469269059444433
0,0.037218866639233
0,0.0346184864416859
0,0.0468143592761699
0,0.0484315671131294
0,0.0479564061008551
0,0.0264758477756567
0,0.0306285354109656
0,0.0186821165210909
0,0.0480917107244324
0,0.0466967356305081
0,0.0184872892621717
0,0.0591745760427878
0,0.0149301538959435
0,0.0477196741107472
0,0.0222602102842604
0,0.048166599081081
0,0.0258227869632657
0,0.0452413206838721
0,0.0482870962176974
0,0.0203114646877862
0,0.0483362786745549
0,0.0394378399038186
0,0.0209027597621321
0,0.0146989459396676
0,0.0260019220585262
0,0.0479082639272793
0,0.0237177664831602
0,0.0108662622984871
0,0.0456924111034228
0,0.0473435626423628
0,0.0261761498424076
0,0.0222081909572249
0,0.0469708470709001
0,0.046193824196213
0,0.0474341629812046
0,0.0475501454647519
0,0.0193778585711911
0,0.0206240330884443
0,0.0470451974328118
0,0.03799755930207
0,0.0470371340898629
0,0.0314916238825687
0,0.0194076004775747
0,0.0470620106574293
0,0.046981136476482
0,0.0197877609360595
0,0.0223378532511431
0,0.0398161969206247
0,0.0474940049276982
0,0.0190251972693819
0,0.0212727519527257
0,0.0200038668709853
0,0.0478520982254626
0,0.0479367098615296
0,0.0214063439360735
0,0.0206512001549412
0,0.0208253551941571
0,0.0255654816937432
0,0.0482591733513839
0,0.0192726953657844
0,0.0393592556665325
0,0.0531412213683537
0,0.048290214403682
0,0.0154757175328292
0,0.0475875843035465
0,0.0217952638610075
0,0.0358058029423605
0,0.0480637237380383
0,0.0475795208851783
0,0.0480420802828505
0,0.0295902038752949
0,0.0461456905966678
0,0.0473215912107757
0,0.0161854707114367
0,0.0476870046723224
0,0.0459402963855214
0,0.0211615264090508
0,0.0209002095979876
0,0.0167158198101653
0,0.0220250621897274
0,0.0480409710649222
0,0.0478654943470023
0,0.0479019851378482
0,0.0476930175469858
0,0.0175004275354113
0,0.0469268816644976
0,0.0216335566860913
0,0.0435233048253389
0,0.0536056518849673
0,0.0147510221892186
0,0.0394352159676562
0,0.0150258634038201
0,0.0483505473448581
0,0.0155812941888792
0,0.0473779451076376
0,0.0481571621205469
0,0.0477457230161352
0,0.0479880637202786
0,0.0481845009446673
0,0.0454898439055598
0,0.0126438540739707
0,0.0482261777490588
0,0.0454739367762226
0,0.0436759476098673
0,0.0153881384207222
0,0.0250489107261629
0,0.0820593494354984
0,0.0480813416455783
0,0.0372686586095988
0,0.0325515712720837
0,0.0245768380602655
0,0.058161135876717
0,0.0458895231274768
0,0.0078144730264925
0,0.0203646984753114
0,0.0163436959238291
0,0.0350183923505131
0,0.0465702591360125
0,0.0477660274934855
0,0.0475159280591638
0,0.0198482807097665
0,0.0467731559306779
0,0.0471746460115907
0,0.045506364588282
0,0.0471350786302616
0,0.0439167887977583
0,0.0122233131906675
0,0.0474915726283838
0,0.0454206726925425
0,0.0221317841325649
0,0.0453642451081985
0,0.0477502921846987
0,0.0484212130404793
0,0.0470231409732582
0,0.0452206211933183
0,0.0481709063998948
0,0.0483201244036264
0,0.0481147806555765
0,0.0130113427281373
0,0.0210964142110473
0,0.0219700979721849
0,0.0313439448726537
0,0.0131843685157498
0,0.01989875996741
0,0.0478150193969697
0,0.0484553416047588
0,0.0190261053807692
0,0.0292704548124891
0,0.047332912031712
0,0.0473836301053852
0,0.0551837948526528
0,0.0121126822405091
0,0.0467855520391452
0,0.0477014795337031
0,0.0219325858052187
0,0.0472168111138192
0,0.0209476804959739
0,0.0479884787874979
0,0.0625092603255999
0,0.0482316542436535
0,0.0472244102563405
0,0.0482435810820751
0,0.047720488863684
0,0.0189307365457333
0,0.0208711039766175
0,0.0474100111315299
0,0.0457606478132244
0,0.0400116343438009
0,0.0218481150547496
0,0.0469062456988892
0,0.047992851812745
0,0.0151731332240442
0,0.0355107160510485
0,0.0447119232463932
0,0.0468343220409838
0,0.0476491874938423
0,0.0456952039652252
0,0.0139520977317383
0,0.0478517206271347
0,0.0483152063994482
0,0.0457254320927753
0,0.0276284786020723
0,0.0464801946581672
0,0.0179440602606424
0,0.0452429108889982
0,0.048006385678674
0,0.0190749432697903
0,0.0472217668911184
0,0.047271610735632
0,0.0217055214396406
0,0.0485067032623999
0,0.0222504310654506
0,0.0482722445072583
0,0.0449388676500921
0,0.0452272057812487
0,0.0483757857737798
0,0.0486779918031078
0,0.0467091145789388
0,0.0370545065306651
0,0.0464987676983722
0,0.0221506819349253
0,0.0232962311951827
0,0.0276349089496419
0,0.0510724816354508
0,0.0484079195146166
0,0.0453792114926721
0,0.0188704479785837
0,0.0460956956390888
0,0.0240483551183699
0,0.0480864990724032
0,0.0478521115399574
0,0.0205146603865645
0,0.0212872102997964
0,0.0196119766219427
0,0.0417393732353596
0,0.0254318734444466
0,0.0167600165239914
0,0.0473639464032263
0,0.0205444891591426
0,0.0210214324245363
0,0.0474866102494477
0,0.0327425096866302
0,0.0479147289827295
0,0.0213809286945782
0,0.0475818383305264
0,0.0469885787631372
0,0.0452022826146499
0,0.0216205235508453
0,0.0147268951452684
0,0.0219466860641235
0,0.0155657482832206
0,0.0451695021535963
0,0.0185660943336859
0,0.0473771888301273
0,0.0480108233950366
0,0.0482500044346635
0,0.047969124767152
0,0.0194471286678716
0,0.0160784817331601
0,0.0222047728909224
0,0.048345799913998
0,0.0457213235470521
0,0.0457242391673581
0,0.0833453562711455
0,0.0219162771635473
0,0.0484550808767033
0,0.046372396743723
0,0.0209013446407309
0,0.0469550166156561
0,0.0220423424883262
0,0.0189250972908869
0,0.0194963933135137
0,0.0176606254649814
0,0.0390486671613803
0,0.0482211186649128
0,0.0203606289739436
0,0.0155474165915989
0,0.0477368053086969
0,0.047993987121277
0,0.0472196789501131
0,0.0406998988944977
0,0.0479557127345837
0,0.0625768210958649
0,0.0359601457852535
0,0.048521396060843
0,0.0454714295767239
0,0.0455605004806982
0,0.0236129546759051
0,0.0479998002119434
0,0.0532853200986098
0,0.0348977990902407
0,0.0219895688249848
0,0.0483963382313833
0,0.0213007488755383
0,0.0177470240583644
0,0.0480870758140064
0,0.0785446211052804
0,0.0120640454664358
0,0.0188314959163384
0,0.0455149548474447
0,0.0462434540138254
0,0.0456806285813943
0,0.0217587798656296
0,0.0467388259600635
0,0.0185255645637269
0,0.0140168076943401
0,0.0358153229043491
0,0.0166246669947661
0,0.0160689512440532
0,0.0167554351375866
0,0.0239523100933767
0,0.0476619661088861
0,0.0186716202823663
0,0.0185112017752704
0,0.0481437327160171
0,0.048175268933819
0,0.0455784061092169
0,0.021395310552571
0,0.0478351149714592
0,0.0389937748537405
0,0.0477302497573548
0,0.0220079235594137
0,0.0194547871446699
0,0.0483034325334589
0,0.0483109091432983
0,0.0477153694467283
0,0.0450169200671341
0,0.0463668379069827
0,0.020949640796208
0,0.02014304455681
0,0.0462140232423654
0,0.0467131547970474
0,0.0484033169083999
0,0.0475687864136743
0,0.0251195382736653
0,0.0318825658820356
0,0.0199434357060705
0,0.0452722289063105
0,0.0428337362124252
0,0.025960293241764
0,0.0172241129985189
0,0.0356825923630171
0,0.050610720695785
0,0.0484596423855159
0,0.0480872923433579
0,0.046028481213399
0,0.0274090264464238
0,0.0473017039479873
0,0.0253148216071705
0,0.0455403029379665
0,0.0202838487316944
0,0.0457904927294754
0,0.0463583087327124
0,0.0477285559696203
0,0.0472750024940744
0,0.0157140188478505
0,0.0450559728670986
0,0.0374303851356163
0,0.0479501666386261
0,0.0148997908624171
0,0.0167294183163773
0,0.0482704951837709
0,0.02494970368346
0,0.0476508859672788
0,0.3503855633349185
0,0.0463843016518042
0,0.0482615544683482
0,0.0473499731240595
0,0.0457125620651613
0,0.0479148793248082
0,0.0475850840170454
0,0.0469669496541424
0,0.0179634263405396
0,0.0187496481887731
0,0.046858314957765
0,0.0481632117519841
0,0.0479706387860857
0,0.0150725821081857
0,0.020580533432866
0,0.047256563868209
0,0.0173761964974867
0,0.045255226655993
0,0.0165584938106591
0,0.0219137935715337
0,0.0271594376953437
0,0.0366065520378882
0,0.0476192860512445
0,0.0473554301029172
0,0.0458973642068858
0,0.0482415791353985
0,0.0480102314026034
0,0.0161592230055159
0,0.0457855101546575
0,0.0473543030482469
0,0.0469483702586631
0,0.0293704079552072
0,0.0456572438177682
0,0.0477042659051945
0,0.0482051221851143
0,0.0474582862713431
0,0.0480179958276066
0,0.7079390006571189
0,0.055285048590083
0,0.0668166142671728
0,0.0476679086423465
0,0.0261046513227903
0,0.0482375999534771
0,0.0475523406011389
0,0.0482692145663825
0,0.0466485436310792
0,0.0482553297541393
0,0.0459593520423176
0,0.0220042341101087
0,0.0471111361371072
0,0.0476466025191096
0,0.0143386155149151
0,0.0376898437262854
0,0.0467502940165244
0,0.0473362682550987
0,0.0450194214487283
0,0.046777040198518
0,0.0452334842214007
0,0.0476223160936287
0,0.0398383285695493
0,0.0470402028936017
0,0.0467745302348089
0,0.0481674583280889
0,0.0479401353501236
0,0.0457299537704112
0,0.0210519946943434
0,0.046775016576698
0,0.05256752148442
0,0.0187378278814468
0,0.020366973546406
0,0.0482537219870155
0,0.048370555649274
0,0.0482616931240563
0,0.0220799574566437
0,0.047813207631304
0,0.0122590786845648
0,0.0451541898440877
0,0.0476312923014044
0,0.0484781900795847
0,0.04654290811059
0,0.0450900939500268
0,0.016266450502366
0,0.0469532389466169
0,0.0457567105981948
0,0.0482503305988589
0,0.0472551943824559
0,0.0270653798038102
0,0.0475490925683155
0,0.0346799825060031
0,0.0471646604403211
0,0.0211216165241317
0,0.0477290459242217
0,0.0219928181152143
0,0.0452117138136886
0,0.0210213291930168
0,0.0172538653964825
0,0.0179702207294238
0,0.0451719626469223
0,0.0288099636379511
0,0.0483668557619644
0,0.0475558728926768
0,0.0464225948143
0,0.0473151632047892
0,0.0147849536989016
0,0.0484273602477357
0,0.0480317348447884
0,0.0217685537580931
0,0.0218161593021998
0,0.0212597166988798
0,0.0452138929584699
0,0.0479477113644675
0,0.0218646117978883
0,0.0244407979476134
0,0.0240652687260602
0,0.0182767684097209
0,0.0191118996882646
0,0.0140327164097992
0,0.0536268406771816
0,0.038997603346507
0,0.0473242241839143
0,0.0221778501566817
0,0.019605765254979
0,0.0199397033653382
0,0.0475049550775433
0,0.0474512299975613
0,0.0219427311219757
0,0.0455260856124901
0,0.0483692586046626
0,0.0464452703947287
0,0.0370324134241204
0,0.0239435608623546
0,0.0482738931060304
0,0.0145356174639237
0,0.0123703943789122
0,0.0211463250835704
0,0.0475387012570397
0,0.0158649672964857
0,0.0450412063685356
0,0.0483649193804567
0,0.0209475100972926
0,0.0483679406757209
0,0.0461383858179652
0,0.0475514854875603
0,0.0453738224881873
0,0.0472552033863505
0,0.0628014398067755
0,0.0481024972178535
0,0.0453953811474298
0,0.0720569798034368
0,0.0367396903869022
0,0.0297216947731072
0,0.0346865284816803
0,0.0461057418243986
0,0.0484688229564311
0,0.0479312165964962
0,0.0345952783239127
0,0.025795350888967
0,0.0164176304021223
0,0.0183335627760359
0,0.0462161099118098
0,0.0177042881287506
0,0.021026779109406
0,0.0348789354554475
0,0.0457561807084724
0,0.0245828763745805
0,0.0209539290540252
0,0.0476275607200421
0,0.0454195307283407
0,0.0154544933621166
0,0.0368600641788753
0,0.0480561313148216
0,0.0481297573918709
0,0.0206586071577986
0,0.0470063529584209
0,0.0459857445855681
0,0.0481474714857315
0,0.0354767181292543
0,0.0449581235216041
0,0.0542374745737923
0,0.04825248602533
0,0.0157004866896332
0,0.0471593023604897
0,0.0476027546560811
0,0.0183863950847025
0,0.047508521667688
0,0.0473725928191202
0,0.0312491387166425
0,0.0402404150445543
0,0.0238622597313892
0,0.0478950246429476
0,0.0477292214872799
0,0.0220729428737137
0,0.0482873013837371
0,0.0476523144414159
0,0.0468233520295099
0,0.0333039857709112
0,0.0472603684913961
0,0.0451164185075059
0,0.0209437858377255
0,0.047698122703366
0,0.0246200843491207
0,0.0208408650778296
0,0.045436292444781
0,0.0453658888995056
0,0.0481094566956609
0,0.0216940460234695
0,0.0200186701987557
0,0.047732426104099
0,0.0478714420284829
0,0.0484507642426898
0,0.0477500331509401
0,0.0458934344060711
0,0.0476395950569238
0,0.0481964601066306
0,0.0189926308184281
0,0.048158798853398
0,0.0472932204922817
0,0.0202291135389824
0,0.0482830163119361
0,0.0479121411559888
0,0.0388281391386263
0,0.0615971042535835
0,0.0169498350108309
0,0.0476056411937568
0,0.0484517577650434
0,0.0460826651558517
0,0.0133002471111711
0,0.0482515400051849
0,0.0478095241036403
0,0.0455739237257662
0,0.022140967006394
0,0.0552262891159744
0,0.0189946779975754
0,0.0470189539744265
0,0.0460670001137972
0,0.0480886618295944
0,0.0476214438631453
0,0.048019113279347
0,0.0481622593173052
0,0.0389880346268053
0,0.0217580409789964
0,0.0274762152602473
0,0.0481546352113505
0,0.0478551732361187
0,0.0480601268313574
0,0.0209263286380783
0,0.0473502197777106
0,0.0475048120054155
0,0.0483783523761488
0,0.0473563211281691
0,0.0475785529456615
0,0.0461951246928437
0,0.0209641654535679
0,0.047728609189208
0,0.0469072858860787
0,0.0449868687788
0,0.0195091868060458
0,0.1650042883427935
0,0.0208221192729887
0,0.0193845937004333
0,0.0455495607113818
0,0.0473836227020154
0,0.0459532594844981
0,0.0464733183861264
0,0.0327386610006867
0,0.0483533875801405
0,0.045475569253219
0,0.0481210446696586
0,0.0330267000256547
0,0.0479018280959912
0,0.0208489449554994
0,0.0472528523407686
0,0.0333025550282558
0,0.0476210624208321
0,0.0208041753177277
0,0.0479888110652506
0,0.0473312548959148
0,0.0482859182892109
0,0.0218457292166492
0,0.0481482998993028
0,0.0476166695110684
0,0.0260694997405889
0,0.0452394265506735
0,0.0169101816778126
0,0.0135091751201094
0,0.04712858409141
0,0.0478836076770682
0,0.0190796636099324
0,0.0483388983009511
0,0.0473060036946994
0,0.0479956566353836
0,0.0454135188756527
0,0.0186956397524717
0,0.0456292389114833
0,0.0191340026806424
0,0.0479903708256163
0,0.0466699099881016
0,0.0482487616183662
0,0.0478254632690285
0,0.0325502117751387
0,0.0476833872665916
0,0.0478267573705158
0,0.0118960387123044
0,0.0472189242560551
0,0.0484108048232595
0,0.0474687592997019
0,0.0483567154658187
0,0.0394464383467787
0,0.0301972849536747
0,0.0451822017190069
0,0.0459044420916724
0,0.0475693262134493
0,0.0475471498224582
0,0.0245569756760352
0,0.0465416193368112
0,0.0455417142274004
0,0.0484638609088329
0,0.0457745039932648
0,0.0471010689232289
0,0.0478214284411089
0,0.0203962945933838
0,0.04825430715691
0,0.0485061283042613
0,0.019099157964504
0,0.0453661896420308
0,0.0158069570293257
0,0.0473288823588422
0,0.0187718256540392
0,0.0138088543402718
0,0.0451616883649085
0,0.0460203351645295
0,0.0213461080214825
0,0.0458900464366435
0,0.0477142195266622
0,0.0233465138486156
0,0.0484193049207151
0,0.0467863141349701
0,0.020971934034079
0,0.0473063758448345
0,0.046137222445432
0,0.037053245078474
0,0.0475684948284926
0,0.0219421423593132
0,0.0160932358486475
0,0.0479107971125338
0,0.0215898813046749
0,0.0477838520509036
0,0.0346528757724664
0,0.0483917173877445
0,0.0457722757984295
0,0.0428680948159103
0,0.0481989746791169
0,0.0253232644982096
0,0.0357733450517613
0,0.0384030701493069
0,0.0207572947543626
0,0.0272748313047393
0,0.0189330633972283
0,0.0481350308876589
0,0.0209956783954917
0,0.0483809960761559
0,0.0145959918561639
0,0.0123588753582713
0,0.048016588211021
0,0.0452270582883751
0,0.0186951250535272
0,0.0189628195378033
0,0.0482246590811404
0,0.0452379737303401
0,0.0478411817645261
0,0.0196968863551709
0,0.0186923316773961
0,0.0483188711224849
0,0.0679387216254588
0,0.012942986178827
0,0.0473243758403782
0,0.04532377597528
0,0.0482150053442308
0,0.0478196878144589
0,0.0481774646788959
0,0.0484238501846546
0,0.047018114329642
0,0.0475124427792162
0,0.0226266936960266
0,0.047335840456764
0,0.0472702579857266
0,0.0393923169508962
0,0.0484710117759483
0,0.0471782512201594
0,0.0203200465960515
0,0.0475418550909889
0,0.018844277963822
0,0.0354543261634699
0,0.0232869166075457
0,0.0469717457856975
0,0.0193122696397654
0,0.0185791557592316
0,0.0146779636974718
0,0.0482020591649651
0,0.0475001412702894
0,0.048502355032297
0,0.0177768171069869
0,0.0480635678887306
0,0.0778987908791893
0,0.0173954588795115
0,0.0480432702974408
0,0.0462996169010539
0,0.04736288695384
0,0.0219548229718236
0,0.0659126826606139
0,0.047564807922057
0,0.0355207248481241
0,0.0347570385271108
0,0.028156769255577
0,0.0468589328379979
0,0.0480811992483409
0,0.0466950250073321
0,0.038404885787535
0,0.021566022070633
0,0.0454535482351282
0,0.048066660219713
0,0.0480703226557918
0,0.0189973113052276
0,0.0475263880667884
0,0.0199622455766095
0,0.0469643011113438
0,0.0164758416139619
0,0.0480717278588917
0,0.048440761206654
0,0.0452716995681781
0,0.055213442961559
0,0.0480083604634659
0,0.0140910898840707
0,0.0187733630818888
0,0.0464940399497371
0,0.0367164319611219
0,0.0337845393654248
0,0.0237163257572739
0,0.0483475457111359
0,0.0474160826359431
0,0.048261430016119
0,0.0477274478856885
0,0.0215997759327388
0,0.014610625394395
0,0.0479121056928135
0,0.0544561257045504
0,0.0189400484224843
0,0.0202919376089886
0,0.0164502108731965
0,0.0188181748869566
0,0.0483167444291013
0,0.0478045206867857
0,0.0477831456444591
0,0.0358403422171797
0,0.0380473090801409
0,0.0375392184210819
0,0.0480204039517547
0,0.0209332553793503
0,0.0327649890643943
0,0.0219814077513021
0,0.0481810669042508
0,0.0446832159935559
0,0.03042280372576
0,0.0452428452780986
0,0.0308024686202421
0,0.0477444242696857
0,0.0479353157848816
0,0.0460959799145122
0,0.0476838171436335
0,0.0482680958236908
0,0.0238855811905996
0,0.0454218946299604
0,0.0210082487136831
0,0.0476193267072205
0,0.0205544761074202
0,0.0249923237531464
0,0.0475558558249236
0,0.0163492818077611
0,0.0454639706319683
0,0.0241170455855615
0,0.0202657881795109
0,0.0479115962199071
0,0.0210721433494531
0,0.0434936482812022
0,0.0475854960170481
0,0.0456749490111069
0,0.0187729460533586
0,0.0482045801968537
0,0.1769915521852377
0,0.047750122014898
0,0.0455397362250469
0,0.020970146408981
0,0.04843284113386
0,0.0220083056119418
0,0.0454055925728146
0,0.0478074824970291
0,0.0467980985129787
0,0.0483753786859232
0,0.04751869050937
0,0.0477278079213352
0,0.04823534313151
0,0.0479238156388536
0,0.041832179389938
0,0.0481917376835544
0,0.0303705555135399
0,0.0216322116053823
0,0.0217720218028532
0,0.0455086760575281
0,0.0457796786788604
0,0.0464000699989178
0,0.0466957969725779
0,0.0155222430667935
0,0.0198293941803897
0,0.0484039265099904
0,0.048229182782644
0,0.0482826968970063
0,0.0368062420549685
0,0.0473506598213514
0,0.0478397882782266
0,0.0479087210375813
0,0.0370786465443266
0,0.0457687239400453
0,0.0473830088800373
0,0.0480084541237058
0,0.0325008934186731
0,0.0216481866807595
0,0.0398261749480833
0,0.0213001672040959
0,0.0240000117376284
0,0.0482118570633206
0,0.0219139646772896
0,0.0481351804750377
0,0.048614777369412
0,0.0217313580822109
0,0.0475346760812485
0,0.020007180921006
0,0.0484130374539806
0,0.0180833815561227
0,0.0305328689220505
0,0.0204561049808094
0,0.0475610749317343
0,0.0468406612163157
0,0.0201707814396051
0,0.0220191015732852
0,0.0372639252216052
0,0.040859583894911
0,0.0466058865647253
0,0.021705411038866
0,0.0469764311797933
0,0.0484018646632199
0,0.0216928318077207
0,0.0470147215120892
0,0.0199767145690747
0,0.04778099818114
0,0.0468873935761224
0,0.0552809928557621
0,0.0459776691410638
0,0.0478259752034289
0,0.0198260475140192
0,0.0452215912266101
0,0.0337597309704935
0,0.0473672887177998
0,0.0356173467208875
0,0.0453657941774586
0,0.0161683622373531
0,0.0472575031997885
0,0.0465629380588407
0,0.0480836457426112
0,0.059311275820372
0,0.0259716622497038
0,0.021604378654052
0,0.0201511357112636
0,0.0251193274214807
0,0.0477644483131495
0,0.0463736765955434
0,0.0150148886265194
0,0.0477504046266582
0,0.0203638713889134
0,0.0481530372501445
0,0.0460087778380257
0,0.0219012525518758
0,0.0481868720234563
0,0.0463691690720764
0,0.0464207341909957
0,0.046793381707126
0,0.0202868274997355
0,0.0480881645179165
0,0.0478122179184769
0,0.0476002866286509
0,0.0212069307075473
0,0.0213635961060032
0,0.0481437584381652
0,0.0474535160728466
0,0.0199693012779908
0,0.0402360134624273
0,0.0479264279285733
0,0.0470209684032368
0,0.0220152789683742
0,0.0482465644818409
0,0.0477136780237226
0,0.046228332041213
0,0.0461579588005319
0,0.0481526237200181
0,0.045829608230608
0,0.0483753314734561
0,0.0212940863489978
0,0.0475805130608761
0,0.0202832715931721
0,0.0458031870995031
0,0.0483802414932598
0,0.0409629276720053
0,0.066253013002074
0,0.0218081224594054
0,0.0159463757560849
0,0.037033304796887
0,0.0188535087222281
0,0.0479336458186278
0,0.0156032514863001
0,0.0470722445599023
0,0.0475225393274343
0,0.0206134738052978
0,0.0311613676424873
0,0.019177512332129
0,0.0480738311570514
0,0.0479921549152769
0,0.0591180940019208
0,0.0457420060650541
0,0.0355076342994973
0,0.0455866127089163
0,0.0480691111352162
0,0.048379930450813
0,0.0471543825635933
0,0.027082436027191
0,0.0325622071441972
0,0.0144328576133716
0,0.0200611923454882
0,0.0199186346877717
0,0.048279094992755
0,0.0188852855305783
0,0.0460227803314507
0,0.0481789541730216
0,0.0480743918845334
0,0.0210457355447146
0,0.0476846109411398
0,0.0473949836119169
0,0.0480827623245085
0,0.0359642339229104
0,0.0480779535781002
0,0.0202934377640712
0,0.0545264296681539
0,0.0480041686486287
0,0.0210434091415717
0,0.0459428736675885
0,0.0440350964979534
0,0.0433799539371484
0,0.0259117265605656
0,0.047361246065395
0,0.0221321412191068
0,0.0467560168086532
0,0.0473508706264765
0,0.0454188521347022
0,0.0480505287082838
0,0.0470913903544453
0,0.0484896392182215
0,0.0218445741398444
0,0.0481374165431058
0,0.0457286374760605
0,0.0481694404043287
0,0.048081342870401
0,0.0279459095448572
0,0.0186084023545615
0,0.0461299850812731
0,0.0189906767398473
0,0.021537589820876
0,0.02194201812575
0,0.0481021802597699
0,0.0478325409763953
0,0.048258131051134
0,0.0206163066600741
0,0.0472163915170091
0,0.0452658157674585
0,0.0467875112336955
0,0.1650617982799457
0,0.0209740943547214
0,0.0482884023373343
0,0.0476529626006856
0,0.0461982505535884
0,0.0468780712355996
0,0.0477046807473383
0,0.0476781487487316
0,0.0450932715218782
0,0.0465814234397606
0,0.022189206768096
0,0.0482800611373398
0,0.0452000406266054
0,0.0472038767408672
0,0.0286128986927136
0,0.0202436987909909
0,0.0457024605830478
0,0.0477186536834408
0,0.0196037497216402
0,0.0477310830436531
0,0.0197229385023079
0,0.0469335037677354
0,0.0357312293587292
0,0.0475294128531555
0,0.0476598471853327
0,0.0476594605573128
0,0.0157837523043111
0,0.0482633544949654
0,0.0205617943781607
0,0.0187635605871726
0,0.011007709154258
0,0.0185792548246689
0,0.0346267916978944
0,0.0178237382136063
0,0.0483890877911555
0,0.0451128642840093
0,0.022142483192701
0,0.0205809473650791
0,0.043914781041394
0,0.0477995559452285
0,0.1001849774653827
0,0.0202230378288115
0,0.0458665277260323
0,0.0479973465003826
0,0.0207348198084193
0,0.0474816427439202
0,0.0197263676907391
0,0.019939380071083
0,0.0478161154105549
0,0.015889938333845
0,0.0472415037352473
0,0.0401971476501099
0,0.0215414941004001
0,0.047907907103478
0,0.0484848580899542
0,0.0481349465606719
0,0.0482484307875026
0,0.0460448458955529
0,0.0277452353330877
0,0.0481533888722512
0,0.0472807524213259
0,0.0368036418296704
0,0.0482908273084684
0,0.04799195461494
0,0.0202299684842629
0,0.0480700778655033
0,0.0475215906075044
0,0.016196876128042
0,0.046567493105479
0,0.0478831022682158
0,0.0219426288197737
0,0.0348686837959989
0,0.0484101795174281
0,0.0185540240097753
0,0.0484647942873574
0,0.0485157155399223
0,0.0250302458684302
0,0.0193735212604404
0,0.0478022494488141
0,0.0215547302989669
0,0.0483360958920396
0,0.04834402751328
0,0.0366304764812737
0,0.0457918350388661
0,0.0210735317026272
0,0.0380156142305209
0,0.0482424660409803
0,0.0473241491539219
0,0.023255753783193
0,0.0472745745983648
0,0.0203170931173849
0,0.0207393986465506
0,0.0313975471349461
0,0.0470997882844146
0,0.0121218792444687
0,0.0302385587297339
0,0.0472529180433882
0,0.0199122970715169
0,0.038884394720111
0,0.0480137443038793
0,0.0152686567127879
0,0.0482969243891111
0,0.047987206329226
0,0.0456727926922802
0,0.0246988206598954
0,0.0453670239146909
0,0.0150159070107359
0,0.0160903522712364
0,0.0480203592549832
0,0.0448486266011461
0,0.0480400333565382
0,0.0477762686859421
0,0.0479929582327935
0,0.0451023825013702
0,0.0212931336839086
0,0.0205390111870621
0,0.0365049324950789
0,0.0475531232085236
0,0.0474651344790909
0,0.0158712818823318
0,0.0466995343010306
0,0.0465774379541011
0,0.0219799504582069
0,0.0440106990034872
0,0.017216396327129
0,0.0327362389129136
0,0.0472191823208101
0,0.0456415161381241
0,0.0159799034217673
0,0.0471683810181535
0,0.0484048719399874
0,0.0162932771327451
0,0.0149728028101892
0,0.0480450827305269
0,0.0220413379786906
0,0.0483415578447332
0,0.0212266381992426
0,0.0203511369755101
0,0.0462998414143823
0,0.0482141984142356
0,0.0212838393860331
0,0.0483649520864994
0,0.0218373203413404
0,0.0219624587461495
0,0.0473539431995257
0,0.0417091217125139
0,0.0211886223824151
0,0.021131095144478
0,0.0454692698280524
0,0.0465002553060696
0,0.0469686205910782
0,0.047103039433033
0,0.0465993390245142
0,0.0482554861298063
0,0.0483461572177072
0,0.0346136942607063
0,0.0174693449473972
0,0.0458408815244163
0,0.0183646136948388
0,0.0454698041997102
0,0.0250308873626938
0,0.0433566398155566
0,0.0474829578065867
0,0.0479633980907014
0,0.0483906251418457
0,0.0474356107293647
0,0.0216175825742395
0,0.0392724668348089
0,0.0199478633626571
0,0.0483981570936147
0,0.0261996705378387
0,0.0251232064848583
0,0.0212776745356334
0,0.0478425733138962
0,0.047203017099411
0,0.0218072176093884
0,0.0484901772249193
0,0.0483001877333579
0,0.0447816731797945
0,0.048225650376136
0,0.0206315751134075
0,0.0371155580165741
0,0.0471246832735261
0,0.0433844082504653
0,0.0473513000245086
0,0.0477534204611165
0,0.0477965655345855
0,0.0128532464261889
0,0.0480608984249353
0,0.0463831928689347
0,0.0483834306388039
0,0.0347975280462281
0,0.0482312864140834
0,0.0217466016662748
0,0.0472590785272429
0,0.0409320316338359
0,0.045325641633054
0,0.0479249674126192
0,0.0218107080826515
0,0.0453786042384548
0,0.0478330669533777
0,0.048155392269102
0,0.0200692221034491
0,0.0481412897969379
0,0.0461660236277502
0,0.0468107178041443
0,0.0452259430760901
0,0.0437528392573397
0,0.0453658232515494
0,0.0472916010811131
0,0.0476584999939181
0,0.0469307939836598
0,0.0464617429909852
0,0.047911395435026
0,0.0161587593957133
0,0.0200402451790408
0,0.0482362207702223
0,0.0480462260495017
0,0.0187498259259028
0,0.0291848540548937
0,0.0479049612583837
0,0.0475298028322729
0,0.0458841208520896
0,0.0283746430072827
0,0.0469712101485659
0,0.0481713765569935
0,0.0485365205939717
0,0.0480892983806476
0,0.0484881540000815
0,0.0475506824843589
0,0.0476446402655473
0,0.0479111109639828
0,0.02770326190014
0,0.0479019911054264
0,0.0547593117789757
0,0.0656480435049954
0,0.0478018204885151
0,0.0180155301500926
0,0.0461167614192248
0,0.0474714285151204
0,0.0221393429870373
0,0.0467376961310612
0,0.0474028029063567
0,0.0219757917602177
0,0.0217572567360221
0,0.014943831053799
0,0.0178721679252184
0,0.0184227660196552
0,0.0455600280823454
0,0.0265260441142427
0,0.0456852818445182
0,0.0467691019393598
0,0.0471139932485391
0,0.0482513163672554
0,0.0449982780588883
0,0.0452454911606648
0,0.0479745317444177
0,0.0481153360811631
0,0.0368118068911322
0,0.0481817322661791
0,0.0125441755996742
0,0.0484356399584844
0,0.0197742792828029
0,0.0408661840346713
0,0.0481461930028109
0,0.0484347217952478
0,0.0479169816367338
0,0.0477134197836191
0,0.0457732759104317
0,0.0452273007535043
0,0.0251710634212894
0,0.0230026147251903
0,0.0210822967846363
0,0.0218373349055414
0,0.0281169605802686
0,0.0472558943114531
0,0.048172899694901
0,0.0470356104826659
0,0.0480737055328569
0,0.0204644174111508
0,0.0210172844662461
0,0.0474429325342127
0,0.0467467584573287
0,0.0451603123732923
0,0.021274852244951
0,0.0461892848038307
0,0.0482591035309711
0,0.0457470228134826
0,0.0277637350318135
0,0.0483940621275826
0,0.0386775078800273
0,0.0478023965793943
0,0.0344034268672218
0,0.0485327497270956
0,0.0161858505823382
0,0.0456866164081581
0,0.0455847486227841
0,0.0479405550775517
0,0.0211519325071209
0,0.015481812751881
0,0.0261737150434545
0,0.0476895965906775
0,0.047392197932277
0,0.04521234640454
0,0.0481039874615873
0,0.0208556986443165
0,0.0473589579043604
0,0.0479203328831102
0,0.0459340422369688
0,0.032507958478025
0,0.0367268153147489
0,0.0348036296363716
0,0.0479971245066341
0,0.0215216472709084
0,0.0474783524607435
0,0.0470395457332495
0,0.0437101143126508
0,0.0480111220971328
0,0.027499252581479
0,0.0480713399692304
0,0.01479451579509
0,0.0454522859854298
0,0.0473121785148062
0,0.0477938969088766
0,0.0480880532826601
0,0.0473612010955643
0,0.0480258134033612
0,0.0354770090559182
0,0.0458578869969199
0,0.0194102639601236
0,0.0240874625108387
0,0.0211119717348165
0,0.0147707164063941
0,0.0474978773745562
0,0.0210339434100298
0,0.0470126082175169
0,0.0242226426624662
0,0.0450182331935603
0,0.0480964509506577
0,0.0338107731830538
0,0.0414181781327225
0,0.0461008818183093
0,0.0483230022934414
0,0.0484451481154128
0,0.0485560926128821
0,0.0211921759177707
0,0.0153192514869805
0,0.0475114195443131
0,0.0469258089738467
0,0.047903425320464
0,0.0475981264051423
0,0.0204524479782784
0,0.0481642793520595
0,0.0480927589869921
0,0.0483191460674632
0,0.0402190774073603
0,0.0434293075037965
0,0.0482548248723454
0,0.0177089843487767
0,0.017974378753182
0,0.0240518722746695
0,0.0218714088738473
0,0.0471733355013957
0,0.0216144133801478
0,0.0204301791297869
0,0.021913980774708
0,0.0479228084132721
0,0.0233066444606905
0,0.0482885821187448
0,0.0473787877294285
0,0.0208475352469213
0,0.0348797115975235
0,0.0448235735177179
0,0.0474636776725125
0,0.0325140349859655
0,0.0346278446174277
0,0.0454193546526808
0,0.0294393682651599
0,0.0472014903130883
0,0.0479929109506116
0,0.0473469823095483
0,0.0457072976320336
0,0.0473383629268186
0,0.0456782167016247
0,0.0478359786529992
0,0.0471543770735909
0,0.0477822492274016
0,0.0479245615071076
0,0.0475569535768489
0,0.0295185132828089
0,0.0475744320856561
0,0.0449584112846818
0,0.0367591994293982
0,0.0482613530932281
0,0.0456886799128554
0,0.0199924643062244
0,0.0092602933723359
0,0.0206695407034599
0,0.0458591957723924
0,0.0470413454148726
0,0.0476154767125267
0,0.0482273761953554
0,0.046936908981012
0,0.0457626925959237
0,0.0474839044825898
0,0.0456326720925974
0,0.0482815814033799
0,0.0481310103676839
0,0.02057788933976
0,0.0151260485819912
0,0.0546500170376338
0,0.0473089218470631
0,0.0192769728144507
0,0.0164551976736798
0,0.0453663818704856
0,0.0475721207470233
0,0.0484794678098569
0,0.0483117516018542
0,0.0475519591365886
0,0.04660518987677
0,0.022014414047889
0,0.024935009316961
0,0.0465208487719907
0,0.0386976276440158
0,0.0484999877338069
0,0.0427456108036689
0,0.0222024739143437
0,0.039434065794795
0,0.0484309793860485
0,0.0162155212661641
0,0.0592468886319391
0,0.0464396170458419
0,0.0480334766212683
0,0.0482514611209596
0,0.0204358678867521
0,0.048318492996905
0,0.0158174565078667
0,0.0449399207086758
0,0.0468076803782341
0,0.0467483942108803
0,0.0473419407754407
0,0.0210312761003584
0,0.0217719674613209
0,0.01733029242919
0,0.0457178787457926
0,0.047805093259813
0,0.0480387978243265
0,0.0367967173596007
0,0.0162440400081906
0,0.0457892179916397
0,0.0468951548560294
0,0.0464266222488251
0,0.0461008981584298
0,0.0480492135296314
0,0.0199092895476223
0,0.0477435669798175
0,0.0238880699407456
0,0.0461552728144391
0,0.0466286378559653
0,0.0184077248912667
0,0.047310554498465
0,0.0551797506534412
0,0.048393894836153
0,0.0222628599165337
0,0.0133547901991059
0,0.0195456617582002
0,0.0476107961228112
0,0.0337978495474276
0,0.0367671138029776
0,0.0480419833816884
0,0.0459719309495088
0,0.0143380904706029
0,0.047811709892308
0,0.017379595854731
0,0.0167964310036278
0,0.0168777625021063
0,0.0148394518947545
0,0.0451905175090344
0,0.0475753865581303
0,0.0211503251961783
0,0.0158501799997907
0,0.018568111894043
0,0.0480199238931931
0,0.0203488587923405
0,0.047517298897534
0,0.0177527611039332
0,0.0199564444957999
0,0.018508770189211
0,0.0195342026192001
0,0.0482944422860977
0,0.0206881475013976
0,0.0453862481955129
0,0.10765689845621
0,0.0476663212827209
0,0.0471095993925402
0,0.045708188663658
0,0.0181819041853196
0,0.0469353823373858
0,0.0210707219826494
0,0.0454235205357528
0,0.0464460800648106
0,0.048176831400288
0,0.0366727225660973
0,0.0483897624966048
0,0.0207548303621403
0,0.0475412089459514
0,0.0465345040077882
0,0.0484400832236496
0,0.0481714451551963
0,0.0454181149737958
0,0.0480707374366119
0,0.0144274816906794
0,0.0218479087443931
0,0.0463877530063624
0,0.025390480419535
0,0.0182230708666995
0,0.0439232120526743
0,0.0245414236686045
0,0.0461881030862634
0,0.0162899078445947
0,0.0474979503919688
0,0.0219736460544342
0,0.0473948422994048
0,0.0456998380683977
0,0.047796404496424
0,0.0187323357792653
0,0.0480046241250769
0,0.0473495317112331
0,0.0190938134853467
0,0.0475674003403386
0,0.0200289867091743
0,0.0480690983771757
0,0.0481082562765792
0,0.0313290271865894
0,0.0484486946719264
0,0.0314940892036906
0,0.0480269632733297
0,0.0393830898095486
0,0.0122365412769046
0,0.0502821372522809
0,0.0396409184168257
0,0.057172187131481
0,0.0480852855355741
0,0.0476638030869545
0,0.0273946783355996
0,0.0482947825795749
0,0.0457409043376842
0,0.0212174776177495
0,0.0151677951949523
0,0.0407017304018983
0,0.0213786576038444
0,0.0478070954513841
0,0.0203534993203115
0,0.0481264136520161
0,0.0481080458133573
0,0.0200493115658355
0,0.0459871674218502
0,0.0390053331669753
0,0.0136197822518027
0,0.0473451069088188
0,0.0479971435579601
0,0.0350950245901139
0,0.046933053621203
0,0.0177480681736405
0,0.0192131781648918
0,0.0477492434950261
0,0.0480332697131079
0,0.0192986721677867
0,0.0220935269445944
0,0.0419712171897964
0,0.020485559393858
0,0.0468296530515304
0,0.0481862159059359
0,0.0478680779518053
0,0.0471270093443664
0,0.0219273977953108
0,0.0480685955640704
0,0.997540010363922
0,0.0239962516263925
0,0.0483579650850931
0,0.0484252060981587
0,0.0224439332593799
0,0.0484128295744432
0,0.0401941225963056
0,0.0186087763829024
0,0.0482586602983276
0,0.0462409278064586
0,0.04751615373775
0,0.0155620876852874
0,0.0458308701759097
0,0.0347316465300837
0,0.0483813849802288
0,0.0456485337012544
0,0.020452456241335
0,0.0204767318127947
0,0.0275480982375866
0,0.0163097358256226
0,0.0461285752699957
0,0.047454427718354
0,0.0461879908105581
0,0.0333008440765796
0,0.0210740182488036
0,0.0175032571590998
0,0.0484027050008877
0,0.0456068230600961
0,0.0210218100985936
0,0.0480026084981603
0,0.0482869841517102
0,0.0462278821953228
0,0.0477167797818281
0,0.02852909174723
0,0.0451900134456084
0,0.0475538209891521
0,0.0179732678183319
0,0.0482564031493939
0,0.0461762289007875
0,0.0470479420338095
0,0.0183750104614129
0,0.0483920960467637
0,0.0482248710595145
0,0.0467824593944787
0,0.0458574868292765
0,0.0185643102775084
0,0.0137793023633289
0,0.0467638798180479
0,0.0461093981820406
0,0.0143761058897832
0,0.0482706516131639
0,0.020546198924531
0,0.0480871487177691
0,0.0208885611222244
0,0.0461389976144617
0,0.0455264371051849
0,0.0480086709941806
0,0.0479714089645394
0,0.0482034408655157
0,0.0468403368687285
0,0.0480885856060249
0,0.0219927331293268
0,0.0464995251494098
0,0.0463711156528403
0,0.0340748435509458
0,0.0203810164975511
0,0.0222166421891589
0,0.053366928006741
0,0.0480857837512722
0,0.0435634492584234
0,0.0179651902157414
0,0.0469786225999607
0,0.045494915352401
0,0.0507086338508253
0,0.0281059963144184
0,0.0166442180935239
0,0.0295427685618992
0,0.0249951985732422
0,0.0476922192656112
0,0.0472516774281715
0,0.0332754418091988
0,0.04778959499721
0,0.0476768030362724
0,0.0484903419479284
0,0.0457027788010991
0,0.0598708580554913
0,0.0484479130743069
0,0.0463900524882199
0,0.047795815778166
0,0.0484802922626658
0,0.0225384629526999
0,0.0625144614391638
0,0.048173531895523
0,0.0476609684862178
0,0.0480973037623964
0,0.0479958342371563
0,0.0483831067086425
0,0.0183114184229452
0,0.0175043659822078
0,0.0478217614820859
0,0.0213529625110801
0,0.0456924364020135
0,0.0476554039926985
0,0.0464395791868552
0,0.0476048338392569
0,0.0452842844011331
0,0.0456792954398807
0,0.0472623336708299
0,0.0479030459692668
0,0.0206795584955367
0,0.0482652681530514
0,0.0148173425905323
0,0.017116354460354
0,0.0186796709193972
0,0.0111068759143005
0,0.0460591345230614
0,0.0215808335529307
0,0.0206351980779744
0,0.0372538086108815
0,0.0172748788547612
0,0.0482475681202112
0,0.0198329759450565
0,0.0241685910397264
0,0.0461757481647889
0,0.0280681017868075
0,0.0118926410137463
0,0.0479975590001468
0,0.0345335755399688
0,0.0482291744106017
0,0.0293245816784791
0,0.0467321478381081
0,0.0482192889362358
0,0.0188040826421271
0,0.0483308408455763
0,0.0342441339452468
0,0.0469086896506977
0,0.0467364347307166
0,0.0480978745874585
0,0.0480887570669388
0,0.0222247441442244
0,0.0208704416008289
0,0.021064226399568
0,0.0483066141088697
0,0.0178459819649208
0,0.1647259457900177
0,0.0372536108733093
0,0.0480665187040194
0,0.048127497763361
0,0.0473392874743478
0,0.0199302215073113
0,0.0477789220879196
0,0.0250313420658737
0,0.0163598700932103
0,0.0489705119340149
0,0.0452489959260927
0,0.026499122459072
0,0.0219054956039731
0,0.0220460687927823
0,0.048419159868453
0,0.0480911956091578
0,0.0719105046532619
0,0.0480788817135898
0,0.0474815332050284
0,0.0456530002254279
0,0.0314633892444501
0,0.0201325396831175
0,0.0478779608962395
0,0.020357787978583
0,0.0186984992945597
0,0.0433946150069129
0,0.0211310349314925
0,0.0195913090123859
0,0.0471368777959652
0,0.0480091935646385
0,0.0451679843193592
0,0.0477992907943008
0,0.0188715932808577
0,0.020810653666065
0,0.0467993590389583
0,0.0105856144832475
0,0.0141254898898216
0,0.0473447765729566
0,0.0482443212830191
0,0.0482902967265219
0,0.0207807675616683
0,0.0545119074903496
0,0.0160545237715216
0,0.0473095199942921
0,0.0477348628969099
0,0.0189144033584447
0,0.0376825813150592
0,0.048551997067287
0,0.0485062329215211
0,0.0483096752456279
0,0.0483106863214537
0,0.0125876066194959
0,0.0220039175658829
0,0.0208753418492988
0,0.0478334566164956
0,0.0483429707243913
0,0.0178572380686722
0,0.0249596593571112
0,0.0455944816632648
0,0.027147669131387
0,0.0147923776294943
0,0.0219517160045915
0,0.0480350186775247
0,0.0479756039987315
0,0.0219294688866421
0,0.0239830433047157
0,0.0467733280971441
0,0.0200412580917413
0,0.047611856124537
0,0.1746977406114113
0,0.0475446493300993
0,0.04630350156265
0,0.0480532444679662
0,0.0190632257433067
0,0.0233202608428305
0,0.0156585250593619
0,0.0480871182474265
0,0.0104749253842698
0,0.0480849391267207
0,0.0190688929483156
0,0.0205789026084827
0,0.0201162668697194
0,0.0197517948885215
0,0.0478129259550528
0,0.0476691036407677
0,0.0372869154879145
0,0.0260608032794097
0,0.0461375779099159
0,0.0525655060223238
0,0.0204200460141157
0,0.0479928027132626
0,0.0480321018682555
0,0.0210031684315089
0,0.047774070174957
0,0.0477838028832166
0,0.0453366157163332
0,0.0359479982437164
0,0.0457092313758122
0,0.0475777789581013
0,0.0458500943934627
0,0.0481648523406046
0,0.0394493153620832
0,0.0178237237496803
0,0.0370046067593779
0,0.0272925770565836
0,0.0168175245229617
0,0.0475779963062151
0,0.0452005326042128
0,0.0482879509796597
0,0.0476519404277443
0,0.048329125318759
0,0.0483137845597564
0,0.0205807203234954
0,0.0152770084826934
0,0.0480721671215537
0,0.046585144041432
0,0.0480813230188026
0,0.0468752990162011
0,0.0482767563369604
0,0.0482030821083665
0,0.0475982310353201
0,0.0462185292587436
0,0.0220728214854551
0,0.0325164483295352
0,0.0479329816317996
0,0.0447738059136445
0,0.0160030755990094
0,0.0483029715763488
0,0.0250439555306946
0,0.0461453896703377
0,0.0478338320392828
0,0.047586005162719
0,0.0246557448773728
0,0.0100687616094379
0,0.020534072479539
0,0.0467714028170882
0,0.0135834995775445
0,0.0483027512520862
0,0.0161905999307447
0,0.0245557578752981
0,0.0179011901883794
0,0.0388672462230642
0,0.0196708387589105
0,0.0455434443482581
0,0.0478142016799446
0,0.0459584456934863
0,0.0323449805783984
0,0.019668271850634
0,0.0482909951463647
0,0.0200412610267592
0,0.048248131822816
0,0.0217584624626303
0,0.0478463003522201
0,0.0459531590179858
0,0.0482673574356028
0,0.0459415355925307
0,0.0310549020574827
0,0.0262883393115043
0,0.0332853758354748
0,0.0465043757993577
0,0.0202990951217958
0,0.0219661115952064
0,0.0470252435012764
0,0.0984392195089853
0,0.0211249388864552
0,0.0484526182386754
0,0.014163970898601
0,0.0477274833583691
0,0.0482946767237819
0,0.0482537431745478
0,0.0460840480464659
0,0.0476068958777768
0,0.0190313191333772
0,0.0394666115910367
0,0.0485468875465122
0,0.0453379522183006
0,0.0482537569234636
0,0.0204638504854815
0,0.0467709265168153
0,0.0509533254961559
0,0.021624889749205
0,0.046858335544548
0,0.0469762926193981
0,0.0696654935580555
0,0.0474820796911465
0,0.0207531051732881
0,0.0479928799150896
0,0.032812391559499
0,0.0367608362942517
0,0.0456784211701953
0,0.0354821698464915
0,0.0428108092751616
0,0.0473962332499805
0,0.0482493997893683
0,0.0199609907146288
0,0.0176679691585654
0,0.0250501325448296
0,0.0475104811269408
0,0.0483367782197938
0,0.0455997599217924
0,0.047647213069067
0,0.048477924630225
0,0.0376917248046314
0,0.0485247077747756
0,0.0125643524286302
0,0.036669021926726
0,0.033791755485204
0,0.048344182080682
0,0.0312733545600851
0,0.0196631746611422
0,0.0483579945903499
0,0.0456899318057339
0,0.022582057645648
0,0.0352093089796302
0,0.0220353824871064
0,0.0480727992117098
0,0.0460550183554886
0,0.0154842631033956
0,0.0219327569646673
0,0.0141251666157516
0,0.0455602140560282
0,0.0276815692988802
0,0.0357464006026186
0,0.0160864979502897
0,0.0142518693119856
0,0.0398859310976652
0,0.0482924054877876
0,0.0452112448083085
0,0.0479098494260406
0,0.0484282992094776
0,0.0457701438354012
0,0.0197553475027838
0,0.0458452705756722
0,0.0458931100058787
0,0.0167641676361894
0,0.0175548744700102
0,0.0480731021465516
0,0.0211097045915891
0,0.0175256208726222
0,0.0191251376782012
0,0.047435502232547
0,0.02408407550179
0,0.0182659643418372
0,0.0478438389767957
0,0.0199908002560643
0,0.0467237393268948
0,0.0476826955596264
0,0.0124232174887066
0,0.0448100244333784
0,0.0214958590163592
0,0.0173165001858392
0,0.0485404545926263
0,0.0464135131848987
0,0.0278189730419963
0,0.046193528121455
0,0.0564889440449264
0,0.0210269264467519
0,0.0478446677730114
0,0.0455319195171397
0,0.0464641779095234
0,0.0221169491957734
0,0.0203111798758826
0,0.0474336954159074
0,0.0170366903992812
0,0.0474216786054861
0,0.0477090232450405
0,0.0460994989833759
0,0.0158425827040198
0,0.0432003933384106
0,0.0219950481426957
0,0.0475448777300803
0,0.0173091746095277
0,0.0461282667174101
0,0.045668523763369
0,0.0480528821927181
0,0.026036963220021
0,0.0178618288718158
0,0.1900156639957834
0,0.0475166718183034
0,0.0478764831606672
0,0.0478762240551079
0,0.0210062587482084
0,0.0468268900878366
0,0.0481760961535782
0,0.0454426424554569
0,0.0479948884291988
0,0.0458318586898231
0,0.0469860140014193
0,0.0479153479176691
0,0.0474440874225422
0,0.0162732238363823
0,0.0480523671425788
0,0.0201830353624549
0,0.0465512033903196
0,0.0478066518866105
0,0.0475810972150821
0,0.0470243338858886
0,0.0496247505486742
0,0.046603925057453
0,0.047225952917756
0,0.0469907632859585
0,0.02812390632058
0,0.0198074171839185
0,0.0480275378278074
0,0.0214944254152181
0,0.0472506748872715
0,0.0357935934699243
0,0.048205489922492
0,0.0478085339681461
0,0.0475604234894661
0,0.0468725556381088
0,0.0479143746034734
0,0.048268834161346
0,0.0477144093463116
0,0.0480433438883987
0,0.0478203478119159
0,0.0479333030355495
0,0.0473904111061817
0,0.0479870557290241
0,0.047314094986635
0,0.0482143614747733
0,0.0225077348422891
0,0.045986473938694
0,0.0212244953905639
0,0.0219303763107761
0,0.0368906476146149
0,0.0457655755558865
0,0.0458493809731601
0,0.046213173776008
0,0.0208264756268682
0,0.0202659692686643
0,0.0205498179493885
0,0.0369139487771838
0,0.0207222360664965
0,0.020056248878551
0,0.0482304221595544
0,0.0189295926202999
0,0.0455863125583844
0,0.0470195722126768
0,0.0480264260372225
0,0.048067065084043
0,0.0478716246694389
0,0.0458109692147421
0,0.0447738681814144
0,0.0238689018169417
0,0.047492403676838
0,0.0479888328502263
0,0.02195918952171
0,0.0462129278058156
0,0.0446923547737085
0,0.0456398514974245
0,0.0454686553480042
0,0.0476993882682336
0,0.0245697490956571
0,0.0297725847431941
0,0.0457548819199307
0,0.0213483300132337
0,0.0466999776220534
0,0.045491679816457
0,0.0456950452035475
0,0.0483854929201154
0,0.0470269415562705
0,0.047692418125564
0,0.0483894585489288
0,0.0218533666583056
0,0.0473794725207727
0,0.0471919373014426
0,0.0455770851791845
0,0.0466509706328827
0,0.0297986918096702
0,0.0215501498058514
0,0.0181516200743844
0,0.0502698821352266
0,0.0474860130536266
0,0.014992803573534
0,0.0449325408464266
0,0.0447747874672621
0,0.0191807781473886
0,0.0214075122964881
0,0.047677868580716
0,0.047937677441441
0,0.0089238522290701
0,0.0475236065506598
0,0.0480944992861646
0,0.0474654731014326
0,0.0467741869440374
0,0.0469235514149502
0,0.0342470846410854
0,0.046989599577276
0,0.0481006897708208
0,0.0214493954378714
0,0.028788892647895
0,0.0455794335341019
0,0.0480739882888249
0,0.018975576081739
0,0.034504230271552
0,0.0480974420310587
0,0.0452271148603043
0,0.0137223359678424
0,0.0210400870454138
0,0.0310692817337906
0,0.0208071476452643
0,0.04790732767414
0,0.0471464032059077
0,0.0136152334114337
0,0.0475440213722508
0,0.0477616173447345
0,0.0453858781560463
0,0.0466265817577585
0,0.0187697602424775
0,0.018641236635254
0,0.0310677415295581
0,0.0477271808458243
0,0.0476558497429838
0,0.0170416896811482
0,0.0469926691610311
0,0.0478894417938243
0,0.0482552072101398
0,0.0464931319678591
0,0.0476794558357185
0,0.0480054803211458
0,0.0204234551510375
0,0.0458245861096929
0,0.0458642869125834
0,0.0474231776380049
0,0.0354988870599248
0,0.006335736059118
0,0.0467719803004994
0,0.1456909974114809
0,0.047726711376517
0,0.0139486579467087
0,0.047580806277738
0,0.0210795430433631
0,0.0475204083821248
0,0.0241265398756173
0,0.0481152706345103
0,0.0483291963703803
0,0.0479143726724249
0,0.0468627891070825
0,0.0481281666001829
0,0.0481875276427235
0,0.04735995088718
0,0.0456800213255878
0,0.0161350020608464
0,0.0188799228573208
0,0.0466599732616742
0,0.0312948172054011
0,0.0211360641229876
0,0.0476174543545329
0,0.0457038846628765
0,0.0179700215920807
0,0.0409423727829586
0,0.039503786566495
0,0.0480468836347374
0,0.0279098674708161
0,0.0221366012091084
0,0.0504519991249897
0,0.024065015916278
0,0.0475909100636279
0,0.0482847390348839
0,0.0483826950287743
0,0.0379960528191144
0,0.0350559943047744
0,0.0160649518303715
0,0.0485156283770872
0,0.0161455242537604
0,0.043664540929829
0,0.0473458925042861
0,0.0466087739707217
0,0.0471112758530211
0,0.0366469416759111
0,0.0202281110601954
0,0.022247777552564
0,0.0459045240754751
0,0.0191798171589181
0,0.0214094584711604
0,0.0176272291326965
0,0.0475167436242939
0,0.0461915891722944
0,0.0467807862265043
0,0.0482751490916686
0,0.0197700453219176
0,0.0206937051441148
0,0.0481077233203342
0,0.0200408472267115
0,0.0457184429341988
0,0.021053229250858
0,0.0203182961804575
0,0.0202853401452773
0,0.0397136130181982
0,0.0184222453525051
0,0.0200195937774415
0,0.0219867846015436
0,0.048071826001993
0,0.047552040328242
0,0.0247572235581318
0,0.0450848367145159
0,0.0151463213657961
0,0.0220027091147874
0,0.1456269828589839
0,0.0484068609471641
0,0.047839435341427
0,0.0428158946708636
0,0.0475050273434575
0,0.0474399824219087
0,0.0477258988165566
0,0.0210154294586796
0,0.0428259459823301
0,0.0479942305679906
0,0.0231182194746644
0,0.0458386857386331
0,0.0482179585105528
0,0.0476869839434711
0,0.0176249643973938
0,0.0484015668748634
0,0.0453691825575703
0,0.0454140712270773
0,0.0452250574666274
0,0.0482027282328325
0,0.0195077110530228
0,0.0477305308582677
0,0.0323847188962129
0,0.020090578782361
0,0.0483408333012863
0,0.0477593213174282
0,0.0217951626674779
0,0.0165094541732466
0,0.03585374645925
0,0.0197718590194221
0,0.0460497292690321
0,0.02177028810752
0,0.0417552760095714
0,0.0475302591991015
0,0.0417399033863369
0,0.0232758197898483
0,0.0176208847923472
0,0.0219155711626092
0,0.021006206510332
0,0.0450509290864264
0,0.0473428952293847
0,0.0563044686044994
0,0.0222031724497372
0,0.0199290628701675
0,0.0445858195638079
0,0.0485317093443085
0,0.048097943019321
0,0.0480286859523664
0,0.0483084890823759
0,0.0202887793443694
0,0.0173571239352974
0,0.0459670813854895
0,0.0158325002454672
0,0.0210072601541485
0,0.0458643432285707
0,0.0483672973871669
0,0.0163737966772744
0,0.0175770859131838
0,0.0461106370385773
0,0.0454535267541149
0,0.0280584879994503
0,0.0216422513122535
0,0.0482207175565598
0,0.0216629756463269
0,0.0163341946609046
0,0.0474304153498177
0,0.0468418098980589
0,0.0210961113800208
0,0.0476404226602314
0,0.0481724553540112
0,0.0190126903793195
0,0.0474325262868024
0,0.0457641770721143
0,0.0196669189102166
0,0.0483239352440717
0,0.0472911474657088
0,0.0476754045137511
0,0.0172071658424215
0,0.0205105672625582
0,0.0475495019332835
0,0.0210813989882811
0,0.0475954380747876
0,0.0461382549846656
0,0.0171180400783823
0,0.0422889130797347
0,0.0477272698603958
0,0.0482862257744024
0,0.0468200593882126
0,0.0454705484123003
0,0.0205454773740442
0,0.0476571803034496
0,0.0601124069531062
0,0.0202136669981488
0,0.0591670808453732
0,0.0214003057980856
0,0.0467764213085157
0,0.0184715748003068
0,0.0459578479757175
0,0.0484345135501786
0,0.0205395211449345
0,0.0482208312691036
0,0.0548684199314264
0,0.0219012298538954
0,0.0458028688221459
0,0.0452777089978548
0,0.047719649678256
0,0.0473061957319519
0,0.0457336356535035
0,0.0477390555569995
0,0.0473363620878398
0,0.0473091641892669
0,0.0469905591966652
0,0.0452592244588094
0,0.0476463044082634
0,0.022690099843151
0,0.021141330406136
0,0.0481437542883465
0,0.0155593880336937
0,0.0455472551321053
0,0.0467446796432061
0,0.0177511406870088
0,0.0483804302708636
0,0.0264366217827857
0,0.0479357280128353
0,0.0478104911920731
0,0.0449876187677805
0,0.0202705654831412
0,0.0481397893715341
0,0.0480360864305392
0,0.021743620398006
0,0.0424216898239243
0,0.0477499879980276
0,0.0484900612074032
0,0.047980547176865
0,0.0481978624399303
0,0.047903155041126
0,0.0449397101522175
0,0.0155864912827625
0,0.045410278453136
0,0.0479942375387194
0,0.0480441251963694
0,0.031028617454397
0,0.0212922822919814
0,0.047477878707574
0,0.0451131748158827
0,0.0480234671704329
0,0.045383907141853
0,0.0475927766990195
0,0.045365911423048
0,0.0475673227552022
0,0.0473113556255905
0,0.0162250170408982
0,0.0464580127781347
0,0.0480682168100605
0,0.0183890026357114
0,0.0352921647635816
0,0.0252694939922763
0,0.0121173782408004
0,0.0275433718229427
0,0.0401473321562465
0,0.0481544457416108
0,0.0316397344206038
0,0.0485692056851437
0,0.022053212724568
0,0.0250535751886211
0,0.0173236934936731
0,0.0458526243717721
0,0.0239761096019877
0,0.0475724535213204
0,0.0482122040809021
0,0.0177114374049126
0,0.0480452303244322
0,0.0477498868240111
0,0.0469834457510247
0,0.0092032333566403
0,0.0471314155655479
0,0.0483025380906036
0,0.0475949045519394
0,0.0469421815552743
0,0.0458043532635982
0,0.0388121353921351
0,0.0476080330205648
0,0.0210286207986401
0,0.0193344549654544
0,0.0218271376124533
0,0.0346053400446525
0,0.0185605122485704
0,0.0479317843661521
0,0.0482946934551053
0,0.0192665764010537
0,0.0259506164792099
0,0.0245912100526221
0,0.0479101021221037
0,0.0218958989514029
0,0.020897467662615
0,0.0406951546513977
0,0.0276348297906341
0,0.0220146195109473
0,0.0471867177657523
0,0.0475704537635476
0,0.0141935505574381
0,0.01252542715813
0,0.0473769875193218
0,0.0221971522956699
0,0.0453079901090476
0,0.0231991031264949
0,0.0461321740493276
0,0.0458295896766824
0,0.0352229870792965
0,0.042876560412196
0,0.04736553256934
0,0.0470219130039475
0,0.0432965866962865
0,0.0178413212558733
0,0.0471718638535216
0,0.0456859071612471
0,0.06681890748827
0,0.0483817255579952
0,0.0477052184278726
0,0.0286639331190423
0,0.0295363267305536
0,0.047826123266548
0,0.023381773164095
0,0.0464411186182456
0,0.0466784313141535
0,0.0478026657422514
0,0.0451910277797831
0,0.0161176668128193
0,0.0473458693001046
0,0.0480388966229823
0,0.0481982404272688
0,0.0162258838906208
0,0.0218668523610225
0,0.0475314769158425
0,0.0477217305787777
0,0.0221309916827377
0,0.0189781054323016
0,0.0293085888843369
0,0.0475473813729507
0,0.0402127594418062
0,0.0467105344296318
0,0.0475045211066223
0,0.021990602913059
0,0.0473683889282925
0,0.0460534281436781
0,0.0484511679793309
0,0.0131822532456192
0,0.0180003528033568
0,0.0345441954118752
0,0.0464671446976774
0,0.0347941460059207
0,0.0181404849058365
0,0.0484178793543701
0,0.0156956233182237
0,0.0205599137950016
0,0.0480420786089129
0,0.0485874125243664
0,0.0480905108581259
0,0.0467764108019747
0,0.0364244526801032
0,0.0205594046700885
0,0.0480723856521787
0,0.0374389159817971
0,0.0470313378034442
0,0.0481647807562735
0,0.0197451187121452
0,0.0213386529609021
0,0.048313107874708
0,0.0482321733664616
0,0.0475166949897585
0,0.0470356805635589
0,0.0473624595201129
0,0.047424220506412
0,0.0480320767143025
0,0.0458301223904148
0,0.0161449566127469
0,0.0482804671124404
0,0.0465868636574974
0,0.0205946787188473
0,0.0211789130160929
0,0.0454259823811839
0,0.0453381847755159
0,0.0485201401430796
0,0.0479473113976719
0,0.0169889045174104
0,0.01899158541801
0,0.0483948226370811
0,0.0213110090913343
0,0.0167177533705582
0,0.0470899940824604
0,0.0175029979725563
0,0.0447093464269746
0,0.0142783426773367
0,0.018274699534685
0,0.0480703138031198
0,0.0234919945009916
0,0.0452083633782263
0,0.0205222769266481
0,0.0539404064774226
0,0.0484021128697406
0,0.047902926301096
0,0.0249698411958007
0,0.0456837747379643
0,0.0484025483576623
0,0.0456803528945758
0,0.0208338081429204
0,0.0194692816074591
0,0.023282297342117
0,0.015689481682718
0,0.045868604784292
0,0.0194078043396545
0,0.0484870290896557
0,0.0471478763279758
0,0.0469711776851845
0,0.0475958756154429
0,0.0474226188163019
0,0.0480359770097763
0,0.021938484243489
0,0.107641981216193
0,0.0478172571777646
0,0.0388220125158543
0,0.0483273379836043
0,0.0163172848194279
0,0.0121969073842082
0,0.0110364029294919
0,0.0794927079806126
0,0.0473306416742944
0,0.0220628936405641
0,0.0197989480970585
0,0.0219151373463882
0,0.0265090879447302
0,0.048444612216159
0,0.0209163252159168
0,0.0477030597369511
0,0.0482695653005352
0,0.0467854441558741
0,0.0485501847105604
0,0.0456892599451538
0,0.0210837934052746
0,0.0235872321728626
0,0.0475301376250519
0,0.0479580917149704
0,0.0453907451345272
0,0.048485088017035
0,0.0455730631723158
0,0.0163728976506447
0,0.0201724684506379
0,0.0447396663705887
0,0.0190347862330652
0,0.0480063056291681
0,0.0314826002959217
0,0.0481954587767525
0,0.0218833300719714
0,0.0472700722327427
0,0.0470141355772374
0,0.0224541928070576
0,0.0450845566953206
0,0.0357876461437303
0,0.0219027036870062
0,0.0468505662661754
0,0.0158340249585278
0,0.0480526006003357
0,0.0201274256105413
0,0.0478404270886458
0,0.0463882009012435
0,0.0457128200264692
0,0.0477877525429452
0,0.0482722103644948
0,0.0249468867348598
0,0.0482111875160129
0,0.0481133941157531
0,0.0472587051050147
0,0.0465200913248116
0,0.047158767044944
0,0.0439067533296283
0,0.0454682175150138
0,0.0453301914213809
0,0.0478834746053928
0,0.0481016106851685
0,0.0480767604172023
0,0.0503556894503663
0,0.0475516097589463
0,0.0476980834175299
0,0.0465956809141321
0,0.0337778600508358
0,0.047723452315532
0,0.0467489426389465
0,0.0460101650962114
0,0.0165131228814411
0,0.0459465627253736
0,0.0378324376442596
0,0.0483916824591318
0,0.0484396366833109
0,0.0166260301695517
0,0.0253306863862331
0,0.010373802797257
0,0.0304271282711347
0,0.0078788443404183
0,0.0485276981521551
0,0.0476684635179052
0,0.0286949226955747
0,0.0451404610535072
0,0.0220892023743581
0,0.034883040967788
0,0.020799926111396
0,0.0197818266280952
0,0.0436654956580484
0,0.0210901231608988
0,0.0482747312110124
0,0.0141238584886447
0,0.0220072420874494
0,0.0276836279193338
0,0.0174165719857729
0,0.0163129873878053
0,0.0483877977422073
0,0.0198325203570513
0,0.0481949807333552
0,0.0454729411746963
0,0.0219986516554553
0,0.0216298796217981
0,0.0220020342736589
0,0.0466068420076706
0,0.0239454126408944
0,0.047958020555513
0,0.0246053187022053
0,0.028817837625036
0,0.0476101477402751
0,0.0187305053825647
0,0.0482922826079322
0,0.0181596794695927
0,0.0856263269063015
0,0.0137505670999207
0,0.0470418935722363
0,0.0456779838806631
0,0.0250617249625052
0,0.0715156458670706
0,0.0210395393172078
0,0.0339582534334928
0,0.0470209791954395
0,0.0343079990966436
0,0.0482589195653425
0,0.0474270188391975
0,0.0198892688124963
0,0.0475302602503021
0,0.0332953426710186
0,0.0342832474708387
0,0.045747048514643
0,0.0484974157472154
0,0.0192848029395327
0,0.020801542108426
0,0.0475817586613291
0,0.0474807393224065
0,0.020527500799357
0,0.0209773928257035
0,0.0196748550097488
0,0.0459419390653749
0,0.0450718071223525
0,0.0175076162304498
0,0.0482480622118299
0,0.0216468619348202
0,0.0484934021977635
0,0.0476977225867961
0,0.0213213001479263
0,0.0483261015223489
0,0.0477284408974937
0,0.0476101545306543
0,0.0161916579362925
0,0.0457771940673579
0,0.0483917988438225
0,0.0176189331613184
0,0.035952704930403
0,0.0482040810994815
0,0.0201606318186279
0,0.0411772572793938
0,0.0117043347515854
0,0.0191101836487221
0,0.0476806146622325
0,0.017816723469197
0,0.0479771178998061
0,0.0473694681938695
0,0.0473597120628952
0,0.0218945434514714
0,0.0358587731834271
0,0.0162165212995639
0,0.0201246166107772
0,0.0211192939312966
0,0.0483509968172078
0,0.0112345993750657
0,0.030507442480708
0,0.0479031009072443
0,0.0479087612051475
0,0.0471865067457939
0,0.0164962453468464
0,0.0204711011266357
0,0.0279403074652707
0,0.0277339336067736
0,0.0479829808166914
0,0.0481808841741994
0,0.0475508369981966
0,0.0461519160497569
0,0.0482505344459321
0,0.0216335762595065
0,0.0484245736080985
0,0.0388089755432497
0,0.0366388479272825
0,0.193622979024536
0,0.0472432908429224
0,0.0471375650332916
0,0.1457073387969026
0,0.0470344350609548
0,0.1823470299284588
0,0.0480363784739419
0,0.018692222606437
0,0.0475183941445376
0,0.0111755268785157
0,0.0472349300424157
0,0.0517304901300063
0,0.0467135253423497
0,0.0481715674308061
0,0.0482409642385318
0,0.0476914031652772
0,0.0479070948953569
0,0.0474871814795968
0,0.0283027489220556
0,0.0422898506230915
0,0.0236068286400446
0,0.0453254716989527
0,0.0655553134049704
0,0.0480160402592282
0,0.0210276473727583
0,0.0482020083493414
0,0.0198296458508443
0,0.0217976604705835
0,0.0457233279211197
0,0.0212601031620747
0,0.0454324004982175
0,0.0345786907554269
0,0.0218706714414716
0,0.0254650674530151
0,0.0481992705214122
0,0.0480352004754412
0,0.0161480728399451
0,0.0458179425964551
0,0.0201570144013738
0,0.0467094357287129
0,0.0479390861426747
0,0.0481526168468491
0,0.0480119843760447
0,0.0475123063151362
0,0.0457717817104339
0,0.0457164023768935
0,0.0482217615478608
0,0.0459843324823813
0,0.046966042086415
0,0.0456564155512743
0,0.0476186230222899
0,0.0485132606513272
0,0.0182635490455346
0,0.0473692769802846
0,0.0141802504248873
0,0.0477502871095616
0,0.0471565201015815
0,0.0167855244781308
0,0.0484273575672088
0,0.0210666542231528
0,0.0463408227225526
0,0.0399196055049724
0,0.0480095885668685
0,0.0480139980109855
0,0.048352035705773
0,0.0472348835827057
0,0.0480723153106612
0,0.0178785547135548
0,0.0177623777790745
0,0.048424960265035
0,0.0479146423460577
0,0.0203405615233118
0,0.0339534072896734
0,0.0450292505450269
0,0.0479915735024139
0,0.0454802669621137
0,0.0175937137584537
0,0.0474837544250824
0,0.0455191505496495
0,0.0208942301412669
0,0.021843914612179
0,0.0482591069759353
0,0.0263153020193352
0,0.0454392204741991
0,0.0452699003485089
0,0.0465115153625627
0,0.045312677443014
0,0.0456878649202955
0,0.0484224461798151
0,0.0463636909164685
0,0.0183966529675031
0,0.0145029355996392
0,0.0191259718054137
0,0.0454267950413729
0,0.0472359769558962
0,0.0350637207346945
0,0.0271648701118019
0,0.0478670359068908
0,0.0436717492169495
0,0.0482517326953335
0,0.0481151316937994
0,0.0212153511000324
0,0.0480556133264176
0,0.0213191060261562
0,0.0270989998109133
0,0.0133793712686479
0,0.0212012286974575
0,0.0474319020066352
0,0.0220789521460295
0,0.0350998456973263
0,0.0194015250961414
0,0.0459718205004879
0,0.0483172298709834
0,0.045085618698582
0,0.0480708317575096
0,0.0455527286235537
0,0.0472757306792904
0,0.012521104302301
0,0.0477984887753242
0,0.0481692315637998
0,0.0480933493639202
0,0.0471387637985935
0,0.0193434247312932
0,0.0483713577623299
0,0.0128613189079847
0,0.0482399357391786
0,0.0354638078547921
0,0.0455277113303426
0,0.028193499122803
0,0.0359013980981591
0,0.0211779832096041
0,0.0208908292907557
0,0.0213269522878442
0,0.048055740198029
0,0.0196823481411827
0,0.0473595887221061
0,0.0475480260106266
0,0.0215219057556369
0,0.0134815405743199
0,0.0433800545102907
0,0.0467855235224018
0,0.0482303298132144
0,0.047617900037023
0,0.0464317457621619
0,0.0200846426070644
0,0.0109051761385113
0,0.0465826603867524
0,0.0198286274151762
0,0.0473324955661935
0,0.0220629140766723
0,0.046276558960973
0,0.0464371264548844
0,0.0219432798115734
0,0.0160970525521609
0,0.0483632378695865
0,0.0166028731415761
0,0.0479993368450225
0,0.0328304645786375
0,0.0482736860971993
0,0.0483661394799312
0,0.0219274142425701
0,0.0457745475283977
0,0.0464189768645312
0,0.020926741901425
0,0.0478392927882405
0,0.0159455866518591
0,0.0215384766748618
0,0.0160413712138534
0,0.0483138500652094
0,0.0401538160749782
0,0.0199198807448463
0,0.0389410805918162
0,0.0070796859673291
0,0.0482419164645996
0,0.047486953510002
0,0.0479336332723835
0,0.0482900883628954
0,0.0455506272133168
0,0.0199936322090489
0,0.0478810949680157
0,0.0457289008523526
0,0.0289919513859216
0,0.0199793407443483
0,0.0476495191992806
0,0.0466005280075813
0,0.0476105902072469
0,0.0456414849458759
0,0.0470772713117204
0,0.0597619288015283
0,0.046612392047906
0,0.0453281698518617
0,0.0469388869802297
0,0.0483539383756765
0,0.0394809219756622
0,0.0269869769185488
0,0.0165267325572147
0,0.047648558728966
0,0.0154142525993394
0,0.0349189443308593
0,0.0180024879308761
0,0.0454314189910906
0,0.0473756150664821
0,0.0160615142473525
0,0.0211511957693686
0,0.0452765509075417
0,0.0220134667544687
0,0.0194638020029287
0,0.0207844621181173
0,0.0452148249570625
0,0.0479367168126395
0,0.0196403745067576
0,0.0474324064995404
0,0.047044832670007
0,0.0457044825602068
0,0.0475928498834844
0,0.0485199959443892
0,0.0367026223022018
0,0.0218738754031852
0,0.0159735111771483
0,0.0469294114907401
0,0.0343834476475999
0,0.042744414622591
0,0.0199763430196448
0,0.045955259483018
0,0.0169877373289784
0,0.0474810767701843
0,0.0477553727825915
0,0.0244146417367533
0,0.0454179324019139
0,0.045703008573791
0,0.0240829442298457
0,0.0470034680615185
0,0.0478398562687147
0,0.0483644078038114
0,0.0293745649949824
0,0.0485107498009621
0,0.0478733863901206
0,0.0476143739013178
0,0.0481938905426276
0,0.0247407344210096
0,0.0298738924896938
0,0.0172936400017503
0,0.0473555599153965
0,0.02879759082593
0,0.0175270275473098
0,0.048307429809153
0,0.0293293449288604
0,0.0455972202049478
0,0.0218847623877577
0,0.0372640783336294
0,0.0471708857384839
0,0.0072358808695133
0,0.0472542713967835
0,0.0471442379825072
0,0.0481714720063309
0,0.0482630941185166
0,0.0478127923265009
0,0.0279910808069525
0,0.0477338802694309
0,0.0472146530056103
0,0.0214453874578262
0,0.0474837178930529
0,0.0484394829480548
0,0.0219334995143032
0,0.0477513958891532
0,0.047614222644941
0,0.0478047620030926
0,0.0479333398333351
0,0.0485493270907151
0,0.0355049854025966
0,0.0205438707635957
0,0.0200612189423596
0,0.0454171453404595
0,0.0246828241966442
0,0.039379782002678
0,0.0154102684474178
0,0.0453249663436554
0,0.0471833429846197
0,0.0474633236607361
0,0.0474948388741156
0,0.0198055097982595
0,0.0478561457623418
0,0.0214216721890924
0,0.045420463319025
0,0.0185635062911417
0,0.045918274021536
0,0.0367598212415326
0,0.0211430826797328
0,0.0220184837785048
0,0.0485013020492589
0,0.0459604622867379
0,0.0483280277347189
0,0.0482621791764215
0,0.0252980661760096
0,0.0480111326368257
0,0.0473119916757108
0,0.0461565047143471
0,0.046216744311657
0,0.0473451654053655
0,0.0125627340366045
0,0.0471387588099152
0,0.0484704723715658
0,0.0244856637601666
0,0.0480254360733978
0,0.0189038038288989
0,0.0259896877385309
0,0.0474797370980327
0,0.0288227423583278
0,0.0319706372297561
0,0.0171098939456355
0,0.0164426451306964
0,0.0283104935252031
0,0.04841061573255
0,0.0536858954656883
0,0.0453176687354715
0,0.0479789202483212
0,0.0472761921467552
0,0.0213377923921402
0,0.0280564208395152
0,0.0452373840552158
0,0.032437456471161
0,0.048222692946295
0,0.0192850322805418
0,0.0481794842201403
0,0.048210216396531
0,0.0461599751000953
0,0.0220427122986698
0,0.03063678309961
0,0.0219093146171244
0,0.0475133943262726
0,0.0152149953559382
0,0.0221851409142089
0,0.0343808121630138
0,0.0457153746712358
0,0.0472925005424849
0,0.0119791893918381
0,0.046020153858712
0,0.0484044811952979
0,0.0462378933573793
0,0.04820797803972
0,0.0483190930393995
0,0.045259029401501
0,0.0476185425923777
0,0.0147213675871145
0,0.047206051837557
0,0.0121193098731225
0,0.0474790050079965
0,0.0473183372159035
0,0.0191799747870224
0,0.0481547589150074
0,0.0221186328901843
0,0.0452853269539502
0,0.0471776347222686
0,0.0464707680302583
0,0.0475098677428843
0,0.0471153008706339
0,0.0476783818755527
0,0.0461617317592981
0,0.0484460622039246
0,0.0324572294171065
0,0.0212261720311928
0,0.0597063170075605
0,0.0259533161301258
0,0.016692524179642
0,0.0420447109578111
0,0.0413967079053802
0,0.0465002906630413
0,0.0471399660176247
0,0.0373362893446159
0,0.0481893646315948
0,0.0472676705388057
0,0.0196637713049923
0,0.0389070118136584
0,0.0455345832113463
0,0.0108768437850597
0,0.0453441765851249
0,0.0222641787858758
0,0.0483867456323043
0,0.0213333769062739
0,0.0213846665259767
0,0.0205182132618327
0,0.0459381650165359
0,0.045872389459044
0,0.0459558859840466
0,0.0484022642935089
0,0.0469518313243788
0,0.0301410679685298
0,0.0140285536763732
0,0.0480710569807144
0,0.0462723279656075
0,0.0475761868111898
0,0.0372792531100403
0,0.0179969682356261
0,0.0171713466361401
0,0.0124609643988431
0,0.0204872047206899
0,0.0461179061671372
0,0.0469843824204687
0,0.0471976575090435
0,0.0203299185765651
0,0.0478190260224222
0,0.0341921772992301
0,0.0173567192767689
0,0.0482976950871637
0,0.0218438564130903
0,0.0409894598243521
0,0.0475270868019032
0,0.0185399457913811
0,0.0472662352105916
0,0.0480827307199717
0,0.0479672028893792
0,0.0478137658283431
0,0.0480068017937016
0,0.0198059312024738
0,0.0447743997466095
0,0.0476377696983606
0,0.0433164548967979
0,0.0475683755778729
0,0.0218615509871694
0,0.0313029321696513
0,0.0294872136611548
0,0.0477019560434693
0,0.0149715853392462
0,0.0165860893404802
0,0.0322769485640007
0,0.0121159764474195
0,0.0172276098713132
0,0.0479335230394999
0,0.0217441208926349
0,0.0162540918495916
0,0.0483146330520898
0,0.0480152201003605
0,0.0215070441914283
0,0.0476354946655199
0,0.0423796205107946
0,0.0135962192819467
0,0.018632159557334
0,0.0470099011875593
0,0.0394214748279225
0,0.0482794900766531
0,0.0366668609720534
0,0.0480481485979144
0,0.0203747536515323
0,0.0215230578647913
0,0.0216986451250464
0,0.0461637389798449
0,0.0207131383694645
0,0.0484408580392679
0,0.0479691256403621
0,0.0486012961993735
0,0.045245154158592
0,0.0482905632943914
0,0.0994135162807296
0,0.0448164436063549
0,0.0474117972884501
0,0.0460625363638904
0,0.047700234885506
0,0.0473969651949749
0,0.0478394600382763
0,0.0475930170968014
0,0.0453275715083445
0,0.0371787152798208
0,0.0460678593639123
0,0.0191360869033357
0,0.0347786193038981
0,0.0480192161901582
0,0.0479999349392186
0,0.0209345907507944
0,0.048378387732623
0,0.0465659682687931
0,0.0471362824517153
0,0.048159740156524
0,0.0480285500308204
0,0.0448491943656366
0,0.1317115731393496
0,0.0474939565169542
0,0.021320534876803
0,0.0201889360131513
0,0.0210526916004375
0,0.0357408623350304
0,0.0234649388229758
0,0.04643568757288
0,0.0204217423014101
0,0.0483099208392283
0,0.0214318794000767
0,0.0468107204808403
0,0.0181690875751384
0,0.0480732031230779
0,0.0477500070404976
0,0.020559811902038
0,0.0482747971266623
0,0.0198614138939999
0,0.018861613159307
0,0.0472085337332124
0,0.0483313667944508
0,0.0478141789264635
0,0.0467531840554271
0,0.0512160797420128
0,0.0480749811125925
0,0.0159250505285192
0,0.0218572090390737
0,0.0476698965144008
0,0.0469850341222462
0,0.0183331077263695
0,0.0473105118211967
0,0.0485178655134865
0,0.0455555480666309
0,0.0482556633733101
0,0.0367639390713098
0,0.0473716899364033
0,0.047262985352226
0,0.0478107953101792
0,0.0166008554908337
0,0.0451128138419691
0,0.0249152238688433
0,0.0241264720049079
0,0.0477149808360633
0,0.0481162827705121
0,0.0472143089161429
0,0.0478965324653127
0,0.0927535766897235
0,0.0456860517783923
0,0.0189294756890624
0,0.0451961314210256
0,0.0473377703314152
0,0.0481945048753366
0,0.0460608568316149
0,0.0482508995517694
0,0.0163420852013625
0,0.0480151396310228
0,0.0163723695480958
0,0.0464927478188328
0,0.0469815046864251
0,0.0466831439959764
0,0.042142072046169
0,0.0218628970618882
0,0.045202591421534
0,0.0485930760815175
0,0.0206685337250781
0,0.0482788341429324
0,0.044848704772877
0,0.0173554581050228
0,0.0193942613673916
0,0.0469902144348744
0,0.0472550657516266
0,0.0372144046689507
0,0.0184837325962767
0,0.0173873648222673
0,0.0454065246300209
0,0.0473627904950641
0,0.0124391245948396
0,0.0482938559684949
0,0.0480726241051729
0,0.0346363700337708
0,0.0481167066446747
0,0.0196591608776074
0,0.0470144167938869
0,0.0484589370814442
0,0.0480866106239173
0,0.0459449176513772
0,0.021898008155069
0,0.0472215484543731
0,0.0790199694623344
0,0.0474681956221616
0,0.022176700405274
0,0.0447851733706771
0,0.0482543440893866
0,0.0146533065841547
0,0.0482500583084069
0,0.0478673918330618
0,0.0222507491640056
0,0.0384719181008754
0,0.0325244643423291
0,0.0665327238504806
0,0.0342377391020622
0,0.0479962890757955
0,0.0469805807251959
0,0.0185277129909173
0,0.0482434562567562
0,0.0421737945012149
0,0.0250350399729544
0,0.0928341920792834
0,0.0467812060089322
0,0.0161945645267225
0,0.0454776705130218
0,0.0150934682225899
0,0.0480632055445415
0,0.0481266401008714
0,0.0467569852762757
0,0.0471357304984743
0,0.022573920813261
0,0.0473060202530647
0,0.0205135634753879
0,0.0250840267301022
0,0.0215385579109902
0,0.0484173607363244
0,0.0380175065685181
0,0.0351037926735959
0,0.0475614335336796
0,0.0464945795427713
0,0.0470648029623416
0,0.0219310200771214
0,0.0456706547194633
0,0.0480865618951774
0,0.0462335616344463
0,0.0212011893111861
0,0.0458340203338204
0,0.0453624751573934
0,0.0138065574665863
0,0.0209730892787845
0,0.0481211209685909
0,0.0474800469036921
0,0.0261896584598666
0,0.0203611422646601
0,0.0471312211695382
0,0.0469135494789948
0,0.0473152502977951
0,0.0478411768152357
0,0.0200228171638468
0,0.0423249404651303
0,0.0219593029882022
0,0.047319837758292
0,0.0218158774045134
0,0.0474281721977167
0,0.0146663875079854
0,0.0483546272399011
0,0.0475062617813782
0,0.0484951375301642
0,0.011172694410589
0,0.0476654998714358
0,0.0454416206833728
0,0.0458087723148204
0,0.0207179108164133
0,0.0213713212717556
0,0.0482522805773854
0,0.0482706792242332
0,0.0218467898582932
0,0.0219772839795789
0,0.0205673729497899
0,0.1400280794850167
0,0.0240634511828132
0,0.0481831020039103
0,0.0482422093670914
0,0.0483428667213299
0,0.0463308766667038
0,0.0182708038438781
0,0.0484490354968533
0,0.0462993095037931
0,0.0452758293012324
0,0.0160741736120953
0,0.0358154026733991
0,0.0332968098662932
0,0.0159526003173887
0,0.0370601925672707
0,0.0222023425495587
0,0.0207043611160045
0,0.0479112214994239
0,0.0481626239447962
0,0.0146473483081787
0,0.0483733056589077
0,0.0175454685527633
0,0.0219498485766076
0,0.0475810055338457
0,0.0451925894929591
0,0.0416626440421695
0,0.0483395329234483
0,0.045262469099748
0,0.0215135912224013
0,0.0214231102015852
0,0.0181576848578606
0,0.0211045611191235
0,0.050834532046202
0,0.0207928866165941
0,0.0292803340178501
0,0.0476077048282446
0,0.016753117852599
0,0.0478997413289498
0,0.0407083854600519
0,0.0148140813752888
0,0.0174627746569015
0,0.0349451074783537
0,0.0196499678737383
0,0.0186350245792861
0,0.0218664630806234
0,0.0458721349087119
0,0.0454702313441891
0,0.0216325622139202
0,0.0470588040327912
0,0.0295103395032738
0,0.047358781959234
0,0.0194003535211596
0,0.0468496335025168
0,0.0217734943220467
0,0.0128398425634726
0,0.0485487402820075
0,0.0174314778748548
0,0.0449496181832295
0,0.0463424539812133
0,0.0483415940171534
0,0.0454564615882968
0,0.0474778957417519
0,0.0474944871782024
0,0.0474806243012705
0,0.0219882273442856
0,0.0214574264580007
0,0.0456629109381241
0,0.0616466919923661
0,0.0461092538478862
0,0.0314593285517263
0,0.0200215052014424
0,0.0484304565057864
0,0.0459525336891214
0,0.0479553083693187
0,0.0208770525959102
0,0.0482801477387673
0,0.0218835181516209
0,0.047826824515726
0,0.0477579828341764
0,0.0146110592952726
0,0.0347940257529827
0,0.0390789300932434
0,0.0165879415939224
0,0.0155173203729528
0,0.0197224817335247
0,0.0627648913516386
0,0.0203551256527565
0,0.0159617329097317
0,0.0188892175460528
0,0.0466033545478635
0,0.0483151909864048
0,0.0194980162629915
0,0.0399258088786905
0,0.019700697937122
0,0.0472698714021815
0,0.0186470349003722
0,0.0473648001459113
0,0.0469393535983933
0,0.0394947908386533
0,0.0483932189391876
0,0.0480364766852502
0,0.0481246568088094
0,0.0455430461467514
0,0.0209240246716501
0,0.0480317239799905
0,0.0474532556910557
0,0.0159799765785021
0,0.0216648448019753
0,0.0223866998649138
0,0.0220298568659989
0,0.0458696437263157
0,0.0469820077405197
0,0.0454266606454538
0,0.047561220516283
0,0.0162464268818998
0,0.0199533098315564
0,0.0461307643252883
0,0.020276816564759
0,0.0485618822387614
0,0.0470293136710477
0,0.024889203762771
0,0.0627048794849054
0,0.0482225290017195
0,0.0464493381581867
0,0.023472538575484
0,0.0454348892334398
0,0.0317409613475227
0,0.0417959961581852
0,0.0483834381644557
0,0.048057880977643
0,0.0213138389649066
0,0.0483249283623479
0,0.0206458242824437
0,0.0472212462123833
0,0.0471682723632668
0,0.0472206992754454
0,0.0242113586066473
0,0.045759776177924
0,0.0470013676959208
0,0.0156610732668253
0,0.0461117527820252
0,0.0366385355778295
0,0.0458042773441189
0,0.0474877763672202
0,0.0213182822289721
0,0.0482302503233871
0,0.021723445953771
0,0.0480767641501033
0,0.0472228196880911
0,0.0181630414744609
0,0.0142661489189859
0,0.0207109175941677
0,0.0472076269235926
0,0.048243409348748
0,0.020150510539926
0,0.0217272584351773
0,0.0615400949201378
0,0.0249056889216266
0,0.0472210021667221
0,0.0463540211150993
0,0.0210552269403705
0,0.0467522918490593
0,0.0219476552038634
0,0.0298161923343128
0,0.0202881180663328
0,0.0282901051239357
0,0.0480636370675815
0,0.0171044921190814
0,0.0286236285661195
0,0.0399925525358262
0,0.0481436953868398
0,0.0470457146249531
0,0.018563827732987
0,0.0482073453607654
0,0.0479072617588545
0,0.0479879296996458
0,0.0218209380062686
0,0.0215357730443617
0,0.0280711110055785
0,0.0209677302857193
0,0.0210368076093918
0,0.0476998177751567
0,0.0180738966897198
0,0.0220094812244782
0,0.0454104713276147
0,0.0216851359616805
0,0.0483251809733482
0,0.0870638425276396
0,0.0458765372354317
0,0.0248176031899962
0,0.0339528439729891
0,0.0483784270614413
0,0.0207924383900527
0,0.0208944142019145
0,0.0208848179698461
0,0.0481616833686545
0,0.0476085973010314
0,0.0483396910479176
0,0.0217906826417763
0,0.0479203102785083
0,0.0481376960450466
0,0.0470190211057888
0,0.0464344522347567
0,0.0186253859849448
0,0.0469881419069873
0,0.0455419908312917
0,0.0469821921786174
0,0.0213241897931336
0,0.0203279459462376
0,0.022826101907109
0,0.0370172974359809
0,0.0481278851215514
0,0.0482498516453097
0,0.0483902058906672
0,0.020878160289883
0,0.0130741952572797
0,0.0208542767143752
0,0.0184126383403108
0,0.0193393301309463
0,0.0147878381565385
0,0.0177340741377213
0,0.0428368385954264
0,0.0219218675988208
0,0.0185531475153279
0,0.0178315197912386
0,0.0477604010417799
0,0.0210577788915416
0,0.0482448694841801
0,0.0482259383998978
0,0.0465152047610705
0,0.0395026233489545
0,0.0477693460953518
0,0.0482068749294327
0,0.0483522972312088
0,0.0471787870160495
0,0.0552259124916654
0,0.0469303831058456
0,0.0461763735773852
0,0.029197965096423
0,0.012351547657552
0,0.0819646948512139
0,0.047438917319102
0,0.0211395691112743
0,0.0473998817664023
0,0.0348006081853819
0,0.0218906950522256
0,0.0472723711932052
0,0.0475838308510283
0,0.0483826830446788
0,0.0157362970352006
0,0.0220259363911919
0,0.0148694986910461
0,0.0220061274331259
0,0.0483031560273707
0,0.0480826948285904
0,0.0235608133683193
0,0.0482994853795428
0,0.1325649672835848
0,0.0221066207440294
0,0.0272041246115882
0,0.6323006290467585
0,0.032479808623107
0,0.0460605734288831
0,0.0454098595892746
0,0.0480168821759717
0,0.0458184155228321
0,0.0471585580227981
0,0.0397286556376716
0,0.0482644600876176
0,0.0464583319891882
0,0.0148319159507476
0,0.0254356804848163
0,0.0215793256478824
0,0.0460693094809987
0,0.0473288264479509
0,0.0484048318791914
0,0.0372405118612196
0,0.0779923407035176
0,0.0481830853048019
0,0.0369212858534305
0,0.0482831853433329
0,0.0477832668863409
0,0.0208772345679747
0,0.0484689134328116
0,0.0486204135315105
0,0.0480712859079325
0,0.048159208875194
0,0.0478403277752842
0,0.0482653265237132
0,0.0468716407659993
0,0.0481580970650676
0,0.0271704503712923
0,0.0189411549262936
0,0.0155679598394246
0,0.0451796900310583
0,0.0250429449246581
0,0.0168295639470938
0,0.0476593963432475
0,0.0551170258095733
0,0.0188368881725414
0,0.046246264388966
0,0.0468803914654206
0,0.0219346709578093
0,0.0325963251053674
0,0.0471470440824441
0,0.047512084287688
0,0.0477950162928182
0,0.0474470471894967
0,0.0471338119511838
0,0.0203742971787079
0,0.0214066865519526
0,0.0202758604926565
0,0.0481074689201779
0,0.0482364442766934
0,0.0478989478244251
0,0.0480286754693907
0,0.0207917256951783
0,0.0326649543309743
0,0.0480534069072348
0,0.0348432841319327
0,0.0167529754206671
0,0.0147464137203351
0,0.0197940196057529
0,0.0476084195678314
0,0.0178926987077279
0,0.0480682128423739
0,0.047003843227527
0,0.0196681698895872
0,0.0145366531854755
0,0.0198741616512509
0,0.0482188950811611
0,0.038790904674989
0,0.0481028473025084
0,0.046981241674824
0,0.0464081326906966
0,0.0432050930547376
0,0.0473327160145129
0,0.0287053329863283
0,0.0455416646127585
0,0.0474689995344343
0,0.0459255790084312
0,0.0480385717024374
0,0.0460065185028772
0,0.0483101930377517
0,0.0479122753730538
0,0.0332870722354896
0,0.0206673767373478
0,0.044852417547344
0,0.0136766239396674
0,0.0218500041949442
0,0.0473039534417622
0,0.0416013295200742
0,0.0478683144164549
0,0.0458841620214062
0,0.0471428343801144
0,0.0475052004221969
0,0.034667004229963
0,0.0147317828634479
0,0.0209919955489981
0,0.046965533331467
0,0.0199249513878155
0,0.0209609948589864
0,0.027168991154621
0,0.0199153185831953
0,0.0205892637279062
0,0.0479216552414574
0,0.0520328373184998
0,0.0479281850533944
0,0.0374766942187294
0,0.0469833186386288
0,0.0454287656113003
0,0.0141760303190408
0,0.0213911822939869
0,0.0479530968054985
0,0.0466722027184778
0,0.0481553877644181
0,0.0453249453679872
0,0.0473081928604015
0,0.04541598192273
0,0.0466934290210268
0,0.0159480545188853
0,0.0207537383792222
0,0.0469832764926418
0,0.045703903067255
0,0.0456643083484142
0,0.0484146818025999
0,0.045682040592999
0,0.0482658951613862
0,0.0216840913819545
0,0.0196342641107999
0,0.0466027531748941
0,0.0154149725792951
0,0.0480368922309062
0,0.0460201483901491
0,0.0461343021736571
0,0.0468498691368147
0,0.0484155195037717
0,0.0195751042891205
0,0.0401835203403222
0,0.0476393601307339
0,0.0482337284529163
0,0.0217831858536773
0,0.0470787359248005
0,0.0238582213396523
0,0.0223993868392154
0,0.0478060447413002
0,0.0154493408657099
0,0.0215445803767302
0,0.0175706856508807
0,0.0221146805842849
0,0.0437740174640331
0,0.0476734036323048
0,0.018776439312495
0,0.04098339017466
0,0.047899024534269
0,0.0219331254176788
0,0.0466713074400229
0,0.047905450420198
0,0.0477779747988823
0,0.0219176590402979
0,0.0318666666125195
0,0.0158756877332276
0,0.0204001613492347
0,0.0206002743257147
0,0.0161557492634459
0,0.0479952356141734
0,0.0478904235406675
0,0.1821596737174931
0,0.0466253384902115
0,0.0150034733032233
0,0.1325705705430301
0,0.0212551362943
0,0.0483629368700904
0,0.0164009147521344
0,0.0479553900927142
0,0.0614967088557798
0,0.0194452471323268
0,0.017955562444496
0,0.0479198356102489
0,0.0191743503882549
0,0.0482430493777797
0,0.0346177344163811
0,0.0482407316207545
0,0.0275376294569064
0,0.0452723834598504
0,0.0482857211594062
0,0.0483797335401304
0,0.0211522029706709
0,0.0476071426471437
0,0.0440418026164545
0,0.0236177272468782
0,0.0476270087847924
0,0.0251094300114977
0,0.0459616876864866
0,0.045756182248822
0,0.0461121437893399
0,0.0191559954568021
0,0.0478952348335035
0,0.0173603339508753
0,0.0470274446657846
0,0.0477769101473496
0,0.0178436390397328
0,0.0453676755867787
0,0.0470523314394063
0,0.0482031312741618
0,0.0474855097618309
0,0.0466002577908096
0,0.0205880433552848
0,0.0471485775081653
0,0.0475003149695704
0,0.0194970598091763
0,0.0484886307991272
0,0.0458889585479667
0,0.0474123680250063
0,0.0475206502995422
0,0.0160867163381234
0,0.0215943208942896
0,0.0483663855131667
0,0.0462466659132984
0,0.0282888549390351
0,0.0206206786890843
0,0.0164952316133351
0,0.045683080650176
0,0.0275766534045111
0,0.0591353332049329
0,0.0475954766762716
0,0.0452334335555624
0,0.0216748439433697
0,0.032506891564296
0,0.0482124874484774
0,0.0305067194305445
0,0.0455383153715263
0,0.0164433224973328
0,0.0475041619972011
0,0.0459284342124703
0,0.0153959495226001
0,0.0450520543821315
0,0.0452007317642483
0,0.0169941773329159
0,0.0160989093861056
0,0.0482556092735099
0,0.034300792122084
0,0.0478131613136458
0,0.0188885204281251
0,0.0484052284058524
0,0.0163442515118376
0,0.0478276563136859
0,0.0575370345180742
0,0.0178491955417423
0,0.0349398176045306
0,0.0481626834881787
0,0.0220201569356652
0,0.0410566379993736
0,0.0473790905421554
0,0.0112223869840865
0,0.0473394228347368
0,0.164966580598119
0,0.0480348275385746
0,0.0483771425608405
0,0.0460467255663857
0,0.0470082126530309
0,0.0484972889986518
0,0.0480227898824302
0,0.0502883601163837
0,0.0457343757463241
0,0.0478988812980177
0,0.0480602036379712
0,0.020605836147093
0,0.0459548644115654
0,0.0475460229970709
0,0.0203078427207779
0,0.0477659912441319
0,0.0205666984595264
0,0.0210043885015069
0,0.0193892785316776
0,0.0484286813037201
0,0.0483928692818873
0,0.0474699263341458
0,0.0372528830990233
0,0.0218689147707864
0,0.0482765963225589
0,0.0253064194340208
0,0.0328434644812868
0,0.0130229129797285
0,0.0478736182311269
0,0.0471835220912308
0,0.0529664548074968
0,0.0545968125795246
0,0.0122059591819733
0,0.0217877832800854
0,0.0480002925513577
0,0.0482506662306233
0,0.0460987657626786
0,0.0481444659366846
0,0.0480487409861851
0,0.046494950329905
0,0.0216439328282938
0,0.0212254499581577
0,0.047527408773439
0,0.0219105270121203
0,0.0221990553286205
0,0.0213014140243856
0,0.047841302190635
0,0.045478034330994
0,0.0484260058928751
0,0.0372828503468424
0,0.0485099725691873
0,0.0477855977869239
0,0.0213100192604328
0,0.0476766512953203
0,0.0481394778146752
0,0.0272001610527441
0,0.0482675157286227
0,0.0402098481447039
0,0.0220681695456707
0,0.046025743066102
0,0.0164246077837805
0,0.0474070030330398
0,0.0479377060700612
0,0.0479021575107246
0,0.0205964278435647
0,0.0476483679340681
0,0.0205851552790843
0,0.0163011181299594
0,0.0142569071322775
0,0.048048348078964
0,0.0219887548590912
0,0.0479772342309684
0,0.0474690955356282
0,0.0471687086177217
0,0.0250092772237115
0,0.0473552051378798
0,0.0524732404725267
0,0.0181463703962214
0,0.0480610092185905
0,0.0271708904511492
0,0.0180828200611169
0,0.0473450816162654
0,0.0453630013082284
0,0.0480999013721398
0,0.0480737230560584
0,0.0453692447997842
0,0.0199356692499353
0,0.0292829831908496
0,0.0483766153739503
0,0.0862602643926704
0,0.044996804410559
0,0.0184375888955246
0,0.0467855958455811
0,0.0482493206616983
0,0.0482887557702688
0,0.0467440421982063
0,0.045667757297799
0,0.0205135842231465
0,0.0452475291540224
0,0.0458253160518071
0,0.0480818902830839
0,0.015712490359551
0,0.0211930224923547
0,0.0299884436055061
0,0.0100368823435472
0,0.0189503854238686
0,0.0196150565299617
0,0.0297668757126557
0,0.0468549598247554
0,0.0355490231475011
0,0.0233098117783279
0,0.0199708753557708
0,0.0463707221609701
0,0.0483072721159652
0,0.0121013806989153
0,0.0199043756199165
0,0.0483892377198923
0,0.0366157472379465
0,0.0481244278445412
0,0.0198836312515092
0,0.0457236681809097
0,0.0355128464336958
0,0.0163579564288126
0,0.0346260017089921
0,0.0472766304520966
0,0.0637690718959706
0,0.0483702284055968
0,0.0480324250898833
0,0.0484922951790771
0,0.0473923474270498
0,0.0472268451475468
0,0.0481394400822752
0,0.0163221862801797
0,0.0275976475511724
0,0.0477279315575635
0,0.0177746044950898
0,0.0461384021124165
0,0.045833913769607
0,0.0448077044040863
0,0.0481516837485157
0,0.0457065921298381
0,0.0219815925909798
0,0.1648566319580149
0,0.0475988615232024
0,0.0196771523726312
0,0.0475204340649465
0,0.0480179055660801
0,0.044316027711753
0,0.0481328017423852
0,0.0478155042130453
0,0.0483349339999785
0,0.0476243516009048
0,0.0551684911540539
0,0.0144982912375977
0,0.0478467419026474
0,0.0207731853165536
0,0.0165970263066059
0,0.0483285224014428
0,0.0118666895815361
0,0.0478256585832749
0,0.025509700034567
0,0.0205032711000756
0,0.0468104075732765
0,0.0478692773919797
0,0.0253848103116316
0,0.0479722588819702
0,0.0471931954431501
0,0.018504085884569
0,0.0210346314368557
0,0.047955239101753
0,0.0478676374872906
0,0.0480677055545755
0,0.0210162273946357
0,0.0461113028802793
0,0.0481518825390594
0,0.0479603719327497
0,0.0480373602465646
0,0.0359729197487898
0,0.0527080971541014
0,0.0474975354078893
0,0.048212142601232
0,0.048134117544249
0,0.0190407072178939
0,0.0469715193683441
0,0.048492553427288
0,0.0201274076462135
0,0.0122736851577684
0,0.021180034701718
0,0.0478403046586904
0,0.022021620800316
0,0.0475296574010088
0,0.0469547678233614
0,0.0454757624128136
0,0.0463605062710304
0,0.0473413570433132
0,0.029949579011771
0,0.0423731857795146
0,0.015053847624544
0,0.0186486983277023
0,0.1269081611081841
0,0.0452063213660469
0,0.0482876320591235
0,0.0485755137029586
0,0.0274412209823859
0,0.0206965398611138
0,0.0398894988304445
0,0.0475545185220024
0,0.0197295950539169
0,0.0461521971361959
0,0.038731160756015
0,0.0462411307592607
0,0.0474552683466525
0,0.020619657990367
0,0.0202129715531871
0,0.0454938458873285
0,0.0185397430254434
0,0.0198950291044163
0,0.0185683445400274
0,0.0159599991670843
0,0.0485499064633767
0,0.04839111573387
0,0.0500661447690107
0,0.0479828588992581
0,0.0461828141922701
0,0.0477000967486551
0,0.0481845385556301
0,0.0163369206575199
0,0.0470932503180681
0,0.0457558922218993
0,0.0460273751521845
0,0.045249206503112
0,0.0271997298526907
0,0.0460064139956887
0,0.0210722518464872
0,0.0453648347586702
0,0.0474640328098881
0,0.0209871281631955
0,0.0478181922187719
0,0.0478968543960936
0,0.0123258425852931
0,0.014509487566934
0,0.036729965921056
0,0.0212897989337069
0,0.0479070305728254
0,0.0503851845310613
0,0.0179251486623317
0,0.021711540096418
0,0.0477511888747097
0,0.0218942362451962
0,0.0328279388504076
0,0.0160074836347707
0,0.0474645502971147
0,0.016018005778129
0,0.0222256645209339
0,0.0146041838410173
0,0.0173590915574767
0,0.0476741448950604
0,0.0470134606279567
0,0.0324688367827543
0,0.0480978316662769
0,0.0279278532355034
0,0.0457148541892963
0,0.0457834854857189
0,0.0433913407152568
0,0.0482451960881365
0,0.0478265715041105
0,0.0181985045086452
0,0.0636830190097318
0,0.0477119855669494
0,0.0423709630513738
0,0.0163310771769596
0,0.0460224116123793
0,0.048530174535419
0,0.0185149909797454
0,0.0462471125988163
0,0.0484331530277209
0,0.025097324858973
0,0.0480163281890126
0,0.0481911341001744
0,0.0220119165719958
0,0.0179482871386351
0,0.0190604077146362
0,0.0478830333555392
0,0.0191127472249171
0,0.021519066183197
0,0.0467554351054431
0,0.0239078184801959
0,0.0461327590646681
0,0.0347220449605091
0,0.0213554388316694
0,0.0455853732579107
0,0.045547267643325
0,0.0482183051142142
0,0.0477164416048909
0,0.0477987176453988
0,0.048242167487009
0,0.048301736811611
0,0.0483732031704016
0,0.0217951561166439
0,0.0213107386411563
0,0.0388016661380034
0,0.0452381407415369
0,0.0476927204751614
0,0.0184263644846637
0,0.0599482792669568
0,0.0451130980053215
0,0.0474814079797073
0,0.0482086228411843
0,0.0125234794529064
0,0.0182181170329113
0,0.046132609232845
0,0.017405143990093
0,0.0452307079927431
0,0.0480069582397506
0,0.0349534546836224
0,0.0469693241463331
0,0.048251091412879
0,0.0145662966298884
0,0.0346189587501474
0,0.0464368123500285
0,0.047540671351381
0,0.0480965347119372
0,0.0482644824572378
0,0.0200035531938482
0,0.0484350174645314
0,0.040056709824307
0,0.048188108189677
0,0.0452703451563816
0,0.0349717523629543
0,0.0483728608186283
0,0.0210479400392362
0,0.0476104941345264
0,0.0476088126996079
0,0.0480115031871597
0,0.0463728166818625
0,0.0455530900951689
0,0.0482618205898677
0,0.0292933234156989
0,0.0480604131374004
0,0.0455267665427244
0,0.0143382650163847
0,0.0447375469914893
0,0.0214237884935567
0,0.1251340198791925
0,0.0216021738780584
0,0.0465585486564876
0,0.0187520990500551
0,0.0482789110388285
0,0.0332785340663938
0,0.0480349964607194
0,0.021261185472606
0,0.0448390233566825
0,0.0171538696931391
0,0.048040329689304
0,0.0476414585094331
0,0.0484050527786011
0,0.0473567220280574
0,0.0468671078241901
0,0.0310626703065128
0,0.0476509979858268
0,0.0483250969655215
0,0.0478271478132948
0,0.047959405586837
0,0.0479850588493389
0,0.046810399240591
0,0.02698962522605
0,0.0479012879156728
0,0.0205831398618861
0,0.0161518718465228
0,0.046265216732015
0,0.0363123360542554
0,0.0212654802821828
0,0.047372637876471
0,0.0198035355401622
0,0.0219016319877576
0,0.0457382913063126
0,0.0211110219484518
0,0.0149738240242319
0,0.0328395308849415
0,0.0460629294670633
0,0.0145129950232296
0,0.046787128751808
0,0.0227602811445984
0,0.0457091093927818
0,0.0484175539830197
0,0.0485873285926518
0,0.0460703675465246
0,0.0246225982229612
0,0.0373075574425334
0,0.0218098292656777
0,0.0668963283094162
0,0.0484085569451231
0,0.0136489012900141
0,0.0483272175473342
0,0.0240429209909247
0,0.0480357835276548
0,0.0483061175424187
0,0.0476024720976563
0,0.0454879338522009
0,0.0478022971216924
0,0.047900659278165
0,0.0483956194891149
0,0.0377092384968679
0,0.0174162460248621
0,0.0472095631416632
0,0.044876632519141
0,0.0478446582711148
0,0.02193628004052
0,0.0482139601572165
0,0.0474160237097513
0,0.0466452443381216
0,0.0452076118877218
0,0.0472096170109853
0,0.0480383187653523
0,0.0475454260515917
0,0.0219589440247662
0,0.048248287187072
0,0.0470681514712543
0,0.0474724029435657
0,0.0172415637954705
0,0.0112445531475519
0,0.0473424099917564
0,0.0189888220842329
0,0.0475525867445143
0,0.0481933079509468
0,0.048463380827657
0,0.0479552174434725
0,0.0696527192152575
0,0.0480246083407106
0,0.0185670458856114
0,0.0478974975369518
0,0.0219518160599614
0,0.0156091795909888
0,0.0121277458234267
0,0.0150303312367009
0,0.0484012725566511
0,0.020176461328877
0,0.0460896960824535
0,0.020592844449492
0,0.0481658556503537
0,0.0338866335032098
0,0.0219530180487167
0,0.0471275816989818
0,0.014948002072689
0,0.0471057927336865
0,0.0375213541009784
0,0.0469818722920878
0,0.0478490993220088
0,0.0478649617141567
0,0.0550784700237176
0,0.0483871115975209
0,0.0475022152517719
0,0.0216419755809921
0,0.0482620605671652
0,0.0192037644555682
0,0.0204747484917699
0,0.0483975054809453
0,0.0475970619198021
0,0.0473407139527356
0,0.0150159457004057
0,0.0235707916412243
0,0.0174602456352522
0,0.0199181735839508
0,0.0365961497219181
0,0.0460125010369012
0,0.0123987199904684
0,0.0399358170227744
0,0.0476875401344534
0,0.0475043074049586
0,0.017043380196643
0,0.0465976215149868
0,0.019888380296613
0,0.0465963193208248
0,0.0462663536248539
0,0.0800613477350733
0,0.0190704037702403
0,0.0478148152861861
0,0.0165102038604695
0,0.0482454293815508
0,0.0161458139873152
0,0.0191184596867804
0,0.0259925604645466
0,0.0447133751140083
0,0.0393800975127033
0,0.0660239861525418
0,0.0209330721118053
0,0.0464378333957779
0,0.0186861180703522
0,0.0475462850490964
0,0.0479137826531006
0,0.0480608476984694
0,0.0482086191811934
0,0.0149762094179182
0,0.0484696071354766
0,0.0451771345592521
0,0.0473437553324384
0,0.0456977467167705
0,0.0473462863952599
0,0.0199915771762214
0,0.0163318954708402
0,0.0475049276154268
0,0.0484631938279966
0,0.0163411224157345
0,0.0176804879606533
0,0.0144203326818343
0,0.0481606907260652
0,0.043662438994113
0,0.0483884701568611
0,0.0460328132302738
0,0.0480891089987305
0,0.0161351675281517
0,0.0372637794056726
0,0.047996200905934
0,0.0154742427863045
0,0.0461762931030987
0,0.0466418044207163
0,0.0478941506768432
0,0.015469507185048
0,0.0452330083233201
0,0.0475687154310149
0,0.0402082296351194
0,0.0221137574704393
0,0.0473171672829037
0,0.0148596946793438
0,0.0479212052732089
0,0.0191226243010637
0,0.0459873771655414
0,0.0151644941955256
0,0.0272219199862049
0,0.0468249550324167
0,0.0481369682510911
0,0.0155965818570053
0,0.0206140818254769
0,0.0421003087908119
0,0.0210028198618184
0,0.0961053731514494
0,0.0482685210047569
0,0.0482933236916711
0,0.019740892712917
0,0.021205968551128
0,0.0467484273592165
0,0.0476732682127804
0,0.0181894133893995
0,0.0170094945559629
0,0.0482645588150071
0,0.0184912477922769
0,0.047528134486431
0,0.0484519455312922
0,0.0474143561765837
0,0.0454628012656412
0,0.0214168496248866
0,0.0483514623598494
0,0.045864468780687
0,0.0387570644184752
0,0.0461689930940184
0,0.0376855419798374
0,0.0483347500802844
0,0.0220179577909137
0,0.0451731844199319
0,0.0482644398074744
0,0.045413552395851
0,0.016276530977286
0,0.0477429837946344
0,0.0192226008306948
0,0.0298182434346356
0,0.0222441534170787
0,0.0448885673539789
0,0.0458668411503803
0,0.044939099349225
0,0.0376852470253777
0,0.0484985247423345
0,0.0455962299963213
0,0.0479167103086162
0,0.0484076713694603
0,0.0470137113579434
0,0.0150875950436415
0,0.0473309841994904
0,0.0215257658149074
0,0.047634136243308
0,0.043931224656267
0,0.0443469410533092
0,0.0149532017504024
0,0.0203254293882836
0,0.0125737172343029
0,0.0204627441655412
0,0.0214498851892584
0,0.0457127836402408
0,0.0206014114567923
0,0.0470747837721039
0,0.0596663549181088
0,0.0458304513884351
0,0.0210280180831457
0,0.0468900706784471
0,0.0129701129658567
0,0.0220027001791988
0,0.0216941181570259
0,0.0473354664052376
0,0.0475731366736679
0,0.046810560131028
0,0.0476650131152014
0,0.0475727659075605
0,0.0138786176314708
0,0.0656570504617838
0,0.0475567186601137
0,0.0211343125657388
0,0.0461872455588052
0,0.0482110530759513
0,0.0285715812071034
0,0.1821293842697242
0,0.0162078819941199
0,0.0267583990865303
0,0.0216928558181276
0,0.0480340404494545
0,0.0338056687897174
0,0.0482576049895483
0,0.0481509907037345
0,0.020813704851772
0,0.0209835785570812
0,0.0476788419954559
0,0.0218685052454817
0,0.0171781504976894
0,0.0208936854175382
0,0.0480534989823133
0,0.0477514265893615
0,0.0217223352344403
0,0.0481861706926028
0,0.0473319622742597
0,0.0481157567183196
0,0.0158101103368439
0,0.0455146678134318
0,0.019339468866595
0,0.0482217360497945
0,0.0468588165569117
0,0.0211942837917406
0,0.0149823505420263
0,0.0325327123695203
0,0.0466133188404903
0,0.0373084907950137
0,0.0479580500751689
0,0.0480086991087193
0,0.0461927926814903
0,0.0475463234270794
0,0.0480407086308067
0,0.0188469071799719
0,0.0454691314677804
0,0.0452013112983672
0,0.0480356177901848
0,0.0210521556192921
0,0.0439212071946559
0,0.043528228855939
0,0.0470833381114541
0,0.0122773669485158
0,0.0469862425623962
0,0.013521434515117
0,0.0668689133471914
0,0.0179034447725766
0,0.0477298474334197
0,0.0476939086784288
0,0.0255712630555123
0,0.0481400107558821
0,0.0482818824013113
0,0.0472483377702609
0,0.0480167040445816
0,0.0066190323274671
0,0.0173385162031425
0,0.0131453673210798
0,0.0480879102169363
0,0.0480310608633625
0,0.0467022338878523
0,0.0484162452978191
0,0.0315379277014797
0,0.1917140819083386
0,0.0476969568909377
0,0.035771408544783
0,0.0483161249312502
0,0.0484464858602778
0,0.0459096780817861
0,0.0636566311234228
0,0.0114391058853612
0,0.0308611633061085
0,0.0481467846531563
0,0.0482445990548369
0,0.0469997797300789
0,0.0462941847622331
0,0.0550163270958564
0,0.0451915423213423
0,0.0454817637887167
0,0.0165226822866901
0,0.0483829528617548
0,0.0190693874537935
0,0.0476109802751083
0,0.0474124652836157
0,0.0452739784968248
0,0.0482670367595194
0,0.0202253447755449
0,0.0150454456478176
0,0.0468104272776431
0,0.0470020351951396
0,0.0481565003323292
0,0.0482588299962166
0,0.045651008996447
0,0.0241490840858971
0,0.0467796459181177
0,0.0449741777282364
0,0.0147796819327805
0,0.0455217754529389
0,0.0209617069036648
0,0.0199519488527256
0,0.0475441669488679
0,0.0207489058745203
0,0.0123533813004874
0,0.0462572519458791
0,0.045211935558628
0,0.036591345796614
0,0.016096272423326
0,0.048375165512177
0,0.028768605404393
0,0.0459866252168228
0,0.0470678841041453
0,0.0129083880698022
0,0.0136314458310012
0,0.0484568601900917
0,0.047901608978921
0,0.0482234511145806
0,0.0388256914608565
0,0.0190274001408522
0,0.0478870708156635
0,0.0305198031547385
0,0.0480675915396162
0,0.0477681835273857
0,0.0474443039989777
0,0.0209223623529991
0,0.0475045401966574
0,0.025481780448205
0,0.0658976356881415
0,0.0402009813668075
0,0.0292192685899533
0,0.0451489517910723
0,0.0482368383687485
0,0.0416321101325704
0,0.0190794605757702
0,0.0469918690058901
0,0.0475829076805298
0,0.0243066211684455
0,0.0150158957479354
0,0.046536579874343
0,0.0453970091881615
0,0.0150151632333377
0,0.0478480274516154
0,0.0483574398982422
0,0.0407803146294301
0,0.0349829306760747
0,0.0472121936837923
0,0.0480868940710163
0,0.0252746389565457
0,0.0100060103706868
0,0.047822188918124
0,0.0208525367945152
0,0.0450250212305793
0,0.0467791937740635
0,0.0455878322607374
0,0.0188231550113416
0,0.0474938357384127
0,0.0472673479864778
0,0.0450974272289328
0,0.0210912265573485
0,0.0461210585203771
0,0.0478868966962616
0,0.0454294231091359
0,0.0480681344094717
0,0.0477169603079283
0,0.0482409482668473
0,0.0458181690252752
0,0.0470248347177089
0,0.0456701137548256
0,0.0475064136114151
0,0.032515070158583
0,0.0478070349234908
0,0.0472422326984783
0,0.0453339646674121
0,0.0463696243368069
0,0.0475756164240486
0,0.0409916452296308
0,0.0254065756697055
0,0.0473597585748766
0,0.0202847091226432
0,0.0483094083023642
0,0.0475710260309828
0,0.0197377662795785
0,0.0484097064150956
0,0.037401630951444
0,0.0241869644107205
0,0.0485117458599517
0,0.0455762174005118
0,0.0465828474198684
0,0.0131849964375276
0,0.0462181241105264
0,0.0482578706528462
0,0.0480737639096793
0,0.0439457273496253
0,0.019089039761733
0,0.0478264581084601
0,0.047963677891437
0,0.0428306583797385
0,0.0211907061494444
0,0.0288209046862659
0,0.0395961654828113
0,0.0204851088196302
0,0.0476018052693383
0,0.0220409514795919
0,0.0482509892578845
0,0.0453335106065724
0,0.0452978563838581
0,0.020872623040413
0,0.0482414050047578
0,0.0183130597399753
0,0.0402151010547652
0,0.0208553544624202
0,0.0478598895039731
0,0.0273860285560063
0,0.04778693511132
0,0.0162934718341728
0,0.0466829733587405
0,0.0359354959714233
0,0.0471541642594886
0,0.0212481881115986
0,0.0480081575482873
0,0.0461732808468508
0,0.0312453103230345
0,0.0137589379598455
0,0.0474775875215256
0,0.0240583138191131
0,0.0159794742848433
0,0.0479223466477296
0,0.0485188910010688
0,0.0476955896466284
0,0.0455545414249874
0,0.0481848418427425
0,0.0462515429389765
0,0.0451572592998916
0,0.0482822643830227
0,0.0389668839753614
0,0.0482185178042458
0,0.0471713260233334
0,0.0480712509492433
0,0.0476411718210924
0,0.0191147702159546
0,0.0465261921583481
0,0.0462849410742525
0,0.0448670286675473
0,0.0469073381948985
0,0.0472862497866558
0,0.0186404983180159
0,0.0165366132567163
0,0.0453441752593183
0,0.0475483454746603
0,0.0207063653744756
0,0.047518864237321
0,0.0457432782192794
0,0.032861553855282
0,0.0213190776506484
0,0.0379820813112327
0,0.0483748623946938
0,0.0482376066204415
0,0.0365047057794768
0,0.0131393624491772
0,0.014740162814172
0,0.0484007940737013
0,0.0208095945078136
0,0.039442501308529
0,0.0482912458900242
0,0.0457107793602756
0,0.0480302329054803
0,0.0454584315721426
0,0.0376951220286132
0,0.0474113548939376
0,0.0454877024069804
0,0.0464336847366832
0,0.0398578718613185
0,0.0187360854505572
0,0.045563570882057
0,0.0358137572030762
0,0.046523961072455
0,0.0479158669266116
0,0.0471931252312247
0,0.0126001011945645
0,0.0447881269087558
0,0.0355353084461475
0,0.0475453332389891
0,0.0483751175484421
0,0.0475942221269597
0,0.0456060587510533
0,0.0460664774730862
0,0.018315612871127
0,0.0470488044072776
0,0.050937879945115
0,0.0479766571451229
0,0.0167255495369762
0,0.0476563412065248
0,0.0198432907558984
0,0.0162977568938315
0,0.0196728554333979
0,0.0371259429985077
0,0.0477836324190404
0,0.0456776205492988
0,0.0475507311769803
0,0.0208251430441785
0,0.048167577533827
0,0.0482422648951109
0,0.0166773179797809
0,0.016306882429755
0,0.0221750939419962
0,0.0482226375294157
0,0.0475029510234761
0,0.0480076549266768
0,0.0140846898968105
0,0.0221439390197926
0,0.0477503925832019
0,0.0482886136898299
0,0.0459012439037359
0,0.0474843270518086
0,0.0483413964058748
0,0.046315999144347
0,0.0232765097263241
0,0.0126501827116701
0,0.0484559645097399
0,0.02159888687448
0,0.0481007444513209
0,0.04805959255997
0,0.0432657045007116
0,0.046049869549204
0,0.0354718928553887
0,0.0273927099261365
0,0.0481282114958698
0,0.0204439130693391
0,0.0457027423528427
0,0.0485051110577173
0,0.0219169717045466
0,0.0480153022458084
0,0.0161421995084319
0,0.0217266566702061
0,0.0479199850947553
0,0.042854392562258
0,0.0211173731582409
0,0.1647267786814816
0,0.0476868134571904
0,0.0325077815198418
0,0.0206705808772494
0,0.0211263829333013
0,0.0480631654260708
0,0.0463923707492097
0,0.0447923973450429
0,0.0224612790089959
0,0.0208681965403101
0,0.0215089267312889
0,0.0453368278083022
0,0.0190284833731049
0,0.0529063299230001
0,0.0483455869044427
0,0.0258581530097311
0,0.0477090840696288
0,0.041802551975026
0,0.0463993817653375
0,0.0472195240005544
0,0.0480936798578909
0,0.0255614840268393
0,0.036684441685608
0,0.0455489504391249
0,0.0452933114150697
0,0.0483876359927455
0,0.0156914692221246
0,0.0153756428755687
0,0.0211639874771845
0,0.0477427663054404
0,0.0469692270028118
0,0.0218201261571862
0,0.0165304584771754
0,0.0219930454993543
0,0.0162860679152157
0,0.0484197559278001
0,0.0104930999193043
0,0.0205863405080428
0,0.0159567650990751
0,0.0205402577192042
0,0.0481109015073997
0,0.021991265219564
0,0.0264884247364342
0,0.0477010666572261
0,0.0466331332462253
0,0.0478036691718709
0,0.0203923735698992
0,0.0372304207373539
0,0.0149820257239547
0,0.034773695950936
0,0.0476824748679702
0,0.0470954276677571
0,0.0465038916662156
0,0.0376896834574672
0,0.0168452532495154
0,0.0274972960989509
0,0.04832685141357
0,0.0479838140232862
0,0.0485165394484645
0,0.0401605611696391
0,0.02180384035836
0,0.0484669721765984
0,0.0220236183693884
0,0.0219139863322896
0,0.0482825233175896
0,0.0472202693067347
0,0.0388076947853741
0,0.0258753736811909
0,0.0357858207075446
0,0.0212602824662649
0,0.0479028329040236
0,0.0478087836035425
0,0.0471820032940535
0,0.0216016160807702
0,0.0474676869797235
0,0.0249190056969641
0,0.0447903916761777
0,0.0137292224531332
0,0.0137761894178091
0,0.0210022027047062
0,0.020614842178903
0,0.0213910338034547
0,0.0474476826450641
0,0.0820029932090753
0,0.0156624945153159
0,0.0477229656904596
0,0.0478188874705665
0,0.0451134586524951
0,0.0157877379649273
0,0.0222376510002758
0,0.0205355872552042
0,0.0453523226601363
0,0.0185594228663577
0,0.0482626345974266
0,0.0157950154284355
0,0.0207923964305876
0,0.0453783651133627
0,0.048154823004715
0,0.0357830957382684
0,0.0212697157765095
0,0.0198808678384991
0,0.0481924623458218
0,0.0457520035957574
0,0.0198974360058717
0,0.0475620635016373
0,0.0325003408392466
0,0.0187967977575404
0,0.0644179944278939
0,0.0463861552266784
0,0.0475225016349568
0,0.044819414912865
0,0.0990036112406554
0,0.0452271246810769
0,0.0259694360096051
0,0.0484519869851931
0,0.0452307359510465
0,0.0481574929515102
0,0.0476372629924892
0,0.0212638669605318
0,0.0365893083251665
0,0.0218149329787148
0,0.0206132773850629
0,0.0480421051596109
0,0.0474204418023182
0,0.0483841613620165
0,0.0346566528774755
0,0.0481496947169207
0,0.0151377296280048
0,0.0459566784058537
0,0.0250131503886353
0,0.0459824539246737
0,0.0348984393045139
0,0.0475624561632852
0,0.0461805527820735
0,0.012422373097172
0,0.0203679944431342
0,0.0166038867985852
0,0.0201599678930105
0,0.0482920187081497
0,0.0305167142096419
0,0.0464754423096788
0,0.0479552191253098
0,0.0277354539934524
0,0.0482828193005306
0,0.0451420871269337
0,0.0452438749113075
0,0.0177082940715523
0,0.017204119868568
0,0.0453662847827193
0,0.0459633343947171
0,0.048102236138839
0,0.0476142542976481
0,0.0458676435757368
0,0.0212036999748683
0,0.0139163377980214
0,0.0191012906208362
0,0.0480657869668343
0,0.048183510230295
0,0.0211823507269498
0,0.0219281536399594
0,0.0215324820747017
0,0.012204948302341
0,0.0481236655140905
0,0.014931338279387
0,0.0219524247399074
0,0.04745144824228
0,0.0473976570369279
0,0.0142481146324766
0,0.0428180638085412
0,0.045933187355703
0,0.0482833057786245
0,0.0476027737331828
0,0.0219172956281882
0,0.0244434627082685
0,0.0459266499335563
0,0.0545409913608611
0,0.01973685249715
0,0.0239875878879368
0,0.0406859196586338
0,0.0323944587092944
0,0.04779628544857
0,0.0480251812887061
0,0.0477254000380702
0,0.0466133582926705
0,0.047257081776034
0,0.0464212482855905
0,0.0455385079761222
0,0.0477010031100732
0,0.0307064988816852
0,0.0482325460306776
0,0.0476488479365184
0,0.045416365274743
0,0.0480214198959446
0,0.0475513691096321
0,0.022596822283827
0,0.0167047968579819
0,0.0477918906197756
0,0.0357891495752025
0,0.0466698687039553
0,0.0451128489995028
0,0.04770676021448
0,0.0170417593344444
0,0.0393800994537858
0,0.0482224806757447
0,0.018652308288653
0,0.0449979910995274
0,0.0479300297854476
0,0.0462118570669709
0,0.0481212373595649
0,0.0482732543333344
0,0.0240039067798521
0,0.0190206216613387
0,0.0401572470381849
0,0.019550459611721
0,0.0437676368527387
0,0.0486055780271299
0,0.0455619003030478
0,0.0480294417261239
0,0.0483047256709276
0,0.0129039985369457
0,0.0458463340411322
0,0.0161629116519327
0,0.0451792123475545
0,0.0480452936220305
0,0.0159934599370486
0,0.0471320076425672
0,0.0217485911923215
0,0.0214369746387549
0,0.0348788453545432
0,0.0469658572954385
0,0.0073510836742
0,0.0481753382756406
0,0.0181978022167695
0,0.047145803551932
0,0.0598435958678405
0,0.0482507746520897
0,0.0474503850655991
0,0.0201978231039155
0,0.0207157160858653
0,0.0456654454991235
0,0.0132356060837764
0,0.0476619878285429
0,0.0478944809057524
0,0.0479957486717288
0,0.0473694524583726
0,0.0484414244382824
0,0.0246997108080924
0,0.047257811047583
0,0.0475528219102304
0,0.0472295384892251
0,0.0484051538090117
0,0.018865447527986
0,0.0454645842706973
0,0.0325173856402971
0,0.0472218859807968
0,0.0477017489264513
0,0.0477749205660498
0,0.0160000701202293
0,0.0345539680365877
0,0.0218753197118275
0,0.0402090009346357
0,0.0357648133772248
0,0.0482982089666695
0,0.0366697334944907
0,0.0219590704139144
0,0.0424669267125101
0,0.0272506683900021
0,0.0206338168404995
0,0.0250847676541309
0,0.0184791357402658
0,0.0472193837732057
0,0.0178511047516312
0,0.0475377077667551
0,0.0475642018816469
0,0.0142144991724408
0,0.0483945453123179
0,0.0484978579660687
0,0.0389513949092162
0,0.0510973422401521
0,0.0480552326941717
0,0.0178948951438592
0,0.0372277982562697
0,0.0219414992232409
0,0.0202326822489832
0,0.0135646025006863
0,0.0999431967771526
0,0.024053651787996
0,0.0474195210669515
0,0.0510691730369156
0,0.0214743855412309
0,0.048073539479076
0,0.0218070607540146
0,0.0458825691230855
0,0.0145436278923306
0,0.0448683186135937
0,0.0190686681396901
0,0.0347822250605322
0,0.0477896061488117
0,0.0277502181046751
0,0.0474787851566929
0,0.0211504976219451
0,0.0544057961541031
0,0.0479247206124052
0,0.0113013277893692
0,0.0219818635742985
0,0.0454195843961492
0,0.0478803431989209
0,0.0354925312238038
0,0.0482462047541298
0,0.0484304565523782
0,0.0184343848537399
0,0.0215433974284142
0,0.0479316883521765
0,0.0480696324842628
0,0.0156604693389422
0,0.0173828268156077
0,0.0484877359945336
0,0.0199247083481437
0,0.0185167508326285
0,0.045045953012291
0,0.0476005687993342
0,0.0207629374951895
0,0.0125493768632109
0,0.0484952005019677
0,0.0474821129858147
0,0.0427798501891888
0,0.0481955548437677
0,0.0158994940982323
0,0.0483493505138013
0,0.0275559309935268
0,0.0454332996563956
0,0.0480320066179077
0,0.0162111786724896
0,0.0480600340266355
0,0.04792050458321
0,0.0479291818774831
0,0.0470300165241612
0,0.0175527123044068
0,0.0475788365951242
0,0.0458838704646375
0,0.0222468555798811
0,0.0476464392641638
0,0.048293053616018
0,0.0475978548738866
0,0.0204858891035201
0,0.0483856430514317
0,0.0203240561187741
0,0.0479850588191465
0,0.0475337525501509
0,0.0471704038140604
0,0.043912769663185
0,0.0436131448052177
0,0.0484095314229296
0,0.0245698558145161
0,0.0213291710099169
0,0.0225433307066172
0,0.0482362169975919
0,0.0218537731796996
0,0.0166330957091646
0,0.0479167635595567
0,0.0241181923750955
0,0.0476709140758021
0,0.0454370200934671
0,0.0475891952500452
0,0.0484467470341724
0,0.0453165227383946
0,0.0469713354614247
0,0.0219681938350005
0,0.0358628814354551
0,0.026167858929504
0,0.0237179325533981
0,0.0477675270768435
0,0.077616827137719
0,0.0454603282203029
0,0.047723903601322
0,0.047848892150428
0,0.0209493186998712
0,0.0475546119821219
0,0.0463234582589984
0,0.047821617185708
0,0.0485828806329778
0,0.0220336722223691
0,0.0371745693640028
0,0.0172302501132776
0,0.0197803731985368
0,0.0188204334582884
0,0.0484776457598577
0,0.0474224527570588
0,0.0476045682447618
0,0.0464344217757937
0,0.0468726292547502
0,0.0457262280694027
0,0.0165124817631524
0,0.04701390651331
0,0.0476960135026202
0,0.0581253707177637
0,0.0448641482366863
0,0.0478895159116646
0,0.047496022466816
0,0.0427595553483424
0,0.0482451498382392
0,0.0454063526073012
0,0.0465888728677974
0,0.0474131632320124
0,0.0272400098073184
0,0.0477390726218662
0,0.0447856741027423
0,0.0465517211504293
0,0.0137867940903577
0,0.0475601107547096
0,0.0355560087235181
0,0.0483606091250341
0,0.0479676143134926
0,0.048115714078183
0,0.0478011444721584
0,0.0480715804339279
0,0.0328442916558511
0,0.0483146067794215
0,0.0478510346658648
0,0.0159816880987688
0,0.0470271928632144
0,0.0463946716787328
0,0.0452283845529501
0,0.0419243876124017
0,0.0455287475318467
0,0.0457002397173511
0,0.0455170687070533
0,0.0120549489301751
0,0.0134607903116013
0,0.0483061844428645
0,0.0483139508142059
0,0.030597051217428
0,0.0470219610419992
0,0.0485902554420358
0,0.0473178913885992
0,0.0484895977840224
0,0.0478967221137735
0,0.0455649383035261
0,0.0298899214109761
0,0.047764897720889
0,0.048363918536228
0,0.0282602549698163
0,0.0240966570080577
0,0.0461483871197433
0,0.0462120483362826
0,0.048015705604261
0,0.0137021362105971
0,0.0481977188470622
0,0.0302440833011372
0,0.0447416707997641
0,0.0329784135032907
0,0.0480744184723314
0,0.0181844635276355
0,0.0478170494770206
0,0.0482758085517237
0,0.0459181975292717
0,0.0484720162191827
0,0.0396716571059235
0,0.0469730082758366
0,0.0482268047308332
0,0.0216486416547595
0,0.0134690023211739
0,0.0477277779450379
0,0.0150906764976815
0,0.0472565781903698
0,0.0479482088748932
0,0.0315074113424799
0,0.0475542142479849
0,0.0482893278784602
0,0.0207023833327501
0,0.0212467266897598
0,0.0451813350705381
0,0.0481593949634971
0,0.0367056819022379
0,0.0483301974915418
0,0.0461287364795537
0,0.0477478973453456
0,0.0446738354274035
0,0.020351569333084
0,0.0212237366483598
0,0.0457745371816204
0,0.0216836070952735
0,0.0669085380604461
0,0.0466667580124235
0,0.0167065848595968
0,0.0477362901411336
0,0.0483788247038322
0,0.0453704636564506
0,0.0249744358367343
0,0.0212042905274454
0,0.0217250623861671
0,0.021992301820938
0,0.0164996720659867
0,0.0476144197036576
0,0.0460459832622388
0,0.0170122101644109
0,0.0466191951285918
0,0.0480742183385161
0,0.0173084711830554
0,0.0465494854936915
0,0.045478629871942
0,0.0199223415849327
0,0.048073207040149
0,0.048244739939807
0,0.0208853172914927
0,0.047220606478065
0,0.0467355063585339
0,0.045217030187892
0,0.0490318368821907
0,0.0480632960901202
0,0.0464596374012965
0,0.0355147786281508
0,0.0480996440229906
0,0.0482934547172477
0,0.0451178648116497
0,0.0476938873737184
0,0.0464204525293192
0,0.0219984466687989
0,0.009232126377186
0,0.0477706863795482
0,0.0472709668359004
0,0.0346470416460801
0,0.0456815041563804
0,0.0478880522617793
0,0.0475226926265182
0,0.0349257890418377
0,0.0461634831323202
0,0.0461351725324643
0,0.0216415670118834
0,0.0478238783216883
0,0.0187125056118612
0,0.0484084670644913
0,0.019840528430084
0,0.0482902495301272
0,0.0202967232893661
0,0.0470664747941834
0,0.0480692390260096
0,0.0553859496164351
0,0.0482906182421778
0,0.0454235615686384
0,0.0477868678308814
0,0.0484163976272567
0,0.0202612925860301
0,0.046767769122885
0,0.0206539364262189
0,0.0126068799080399
0,0.0447815208296624
0,0.0216702667777386
0,0.047728661223175
0,0.0197979727276792
0,0.046792982380776
0,0.0474923436908249
0,0.0193804913167844
0,0.0205640508876542
0,0.04787686132378
0,0.0298314531434443
0,0.0573051200415235
0,0.0185444905219796
0,0.048540932117783
0,0.0242601581019548
0,0.0481161167978091
0,0.0483458615164841
0,0.046659638670745
0,0.0475790101539102
0,0.0476779468524468
0,0.0473098876595544
0,0.0479669350736534
0,0.0159478658819606
0,0.0459508068478961
0,0.0191175770947301
0,0.0462432750148695
0,0.0483340889597458
0,0.0122127973768874
0,0.0477501680105861
0,0.0478820370794132
0,0.0482216592961965
0,0.0471449131233373
0,0.0160355885567364
0,0.0464873012467297
0,0.0220129406393064
0,0.0466979041975418
0,0.0478679384730073
0,0.0359710292837506
0,0.0342954744507543
0,0.0481517017709123
0,0.0219120373932696
0,0.0178204221172985
0,0.0468597446119969
0,0.0484183798659257
0,0.0484539181652999
0,0.048072441956421
0,0.0272156710406148
0,0.0467568902360288
0,0.0210834484758422
0,0.0334650541259713
0,0.0147630931178498
0,0.0470222792532451
0,0.0364780839164404
0,0.046864973393569
0,0.0209853322803804
0,0.0184773742501734
0,0.0220428557211091
0,0.0218835767112642
0,0.0484918447754658
0,0.0481082452321796
0,0.0474985817509939
0,0.1457488865042939
0,0.0162717220912744
0,0.0482901119839545
0,0.0482001835332066
0,0.0485236223312179
0,0.0401524791154001
0,0.0480968775470901
0,0.0480511587735478
0,0.0205478161683779
0,0.0477793561920806
0,0.0399436438730767
0,0.020049252898924
0,0.0250417383179184
0,0.0249759728601901
0,0.0149523648806366
0,0.0223021920501949
0,0.0475149364775375
0,0.0176375451492377
0,0.0475345358328392
0,0.0203401099104444
0,0.0146952998130715
0,0.0478795426998307
0,0.0185634676609979
0,0.0407095309659281
0,0.046005920864699
0,0.0169638422759385
0,0.0168756479412604
0,0.0456161054275738
0,0.0221145068771628
0,0.0187186406561421
0,0.047572274877537
0,0.0208816496695565
0,0.0208196679884768
0,0.0205998101357227
0,0.0389315493955514
0,0.0344828523667322
0,0.0210924907162606
0,0.0480082809052593
0,0.0366712984327507
0,0.0183657645755767
0,0.0485390802593903
0,0.0244704453470155
0,0.0452694571811329
0,0.0211374981407017
0,0.046464321646791
0,0.0211868030469844
0,0.0474637973542246
0,0.0462390011828455
0,0.0208638262308697
0,0.0470773458903555
0,0.033858117689265
0,0.0183355443612336
0,0.0471812449242129
0,0.0465254696519953
0,0.0475543514283475
0,0.0178322483055345
0,0.0163734737529629
0,0.0466370099922234
0,0.0194344405633713
0,0.0480385715173257
0,0.0452990164668687
0,0.0188156517643763
0,0.0457400525388482
0,0.0466090195346961
0,0.0478247472050065
0,0.0474726603590159
0,0.0366162409655388
0,0.0472764733854418
0,0.0174035015900536
0,0.0463754833216877
0,0.0484639451189827
0,0.0532107779609107
0,0.0216350472938193
0,0.0469362598832894
0,0.0287368091567484
0,0.0250320583403684
0,0.0475391975465692
0,0.0466000618477265
0,0.0148259379646327
0,0.045243061465236
0,0.0410374513753171
0,0.0472191868429336
0,0.0485984341001802
0,0.0389876446643828
0,0.0202790954705671
0,0.0451728957781873
0,0.0481427357870727
0,0.0197471320460887
0,0.0483041417124623
0,0.0171576969485352
0,0.0485273208389849
0,0.048496696597939
0,0.0469779324397683
0,0.0155243798490404
0,0.0395765074022204
0,0.0456779186170657
0,0.017262331508223
0,0.0216970454441438
0,0.0464095598408219
0,0.0475523142574679
0,0.0478386687817352
0,0.0473748147918382
0,0.0206267213932023
0,0.0167951325992719
0,0.048076451294524
0,0.0350039423496448
0,0.0451115345884784
0,0.0478752278025407
0,0.0469679588580173
0,0.050273589004351
0,0.0158693331772098
0,0.0473460761536368
0,0.0481917640227796
0,0.1933044976821035
0,0.0177792154868361
0,0.0186329855171686
0,0.0480617280207251
0,0.0484408423649413
0,0.0377066544992633
0,0.0261509986876831
0,0.0221458896248337
0,0.0476074530822442
0,0.0189811298314365
0,0.045498149588826
0,0.016182896317216
0,0.0219799001567666
0,0.0221532697159121
0,0.0367906445007836
0,0.0473517267890651
0,0.0461833514302252
0,0.021994839256983
0,0.0471601908024816
0,0.0328368940974672
0,0.0475499345435636
0,0.0480470537222824
0,0.0141790884574864
0,0.0483327006491167
0,0.0541750003715146
0,0.032934542523586
0,0.0178392768737776
0,0.0219635724784859
0,0.0219968735436851
0,0.0475414012361239
0,0.0481165077121521
0,0.0477243467576804
0,0.0188207875498299
0,0.0475538146118726
0,0.0451826000665059
0,0.0157772668653891
0,0.0359703905476885
0,0.0247323764686452
0,0.0450048860976962
0,0.0453252399372181
0,0.048362161675253
0,0.0219217168514207
0,0.0209892821357617
0,0.022211809470521
0,0.0473723608543118
0,0.0656458165659798
0,0.0480711263728669
0,0.0484645998471805
0,0.0249070353763508
0,0.0475093421853802
0,0.0253384508681629
0,0.0479038499708228
0,0.0480820730765243
0,0.0214052551134756
0,0.0472695178004381
0,0.0463159942551034
0,0.0215542806701971
0,0.0481507550033151
0,0.047328039541232
0,0.0411751956079237
0,0.0476158594535269
0,0.0482696311250603
0,0.0461414895139812
0,0.0195265689599254
0,0.0241311609871561
0,0.0215773415077098
0,0.0203389911146651
0,0.0197225598513835
0,0.0477547050584773
0,0.0459576176630224
0,0.0470339400295889
0,0.0479878640441243
0,0.0459663021434099
0,0.0219671090874279
0,0.0467418016154829
0,0.0476187598981054
0,0.0313837562447283
0,0.0210424274661431
0,0.0846509822729181
0,0.0451736188263154
0,0.0434515659145237
0,0.045194832277946
0,0.018354973104691
0,0.0469914097163891
0,0.0475515997256509
0,0.0481306311873552
0,0.0377153788206261
0,0.0781080592753329
0,0.0472208199492864
0,0.0208581287305628
0,0.0210589294229228
0,0.048448131021466
0,0.0193056142680378
0,0.0357426028548359
0,0.0453888275253305
0,0.0350986930495461
0,0.0479228379458518
0,0.0162123929222001
0,0.0928310403013648
0,0.0253726218676179
0,0.0473400739271723
0,0.0476600047386159
0,0.0483842376716569
0,0.0481532752674742
0,0.0474221492706504
0,0.04593396285343
0,0.0200147933062333
0,0.0465939815040357
0,0.0422689723905811
0,0.0345468339639332
0,0.0281650661439736
0,0.0155306924398887
0,0.0211896568203676
0,0.0315395689556915
0,0.015979360687532
0,0.0457762795773606
0,0.0200801976335043
0,0.0476639673777555
0,0.0216931597075276
0,0.0211996880980201
0,0.033329820273255
0,0.0480531620562586
0,0.0210059383897242
0,0.046769206925624
0,0.0459365135472127
0,0.0475537339914863
0,0.0210423601496761
0,0.0474681653242909
0,0.0471315672239713
0,0.0280704564098778
0,0.0473700160081965
0,0.0480560123465021
0,0.0206510413126206
0,0.0480658291894049
0,0.018149115584329
0,0.047978826284745
0,0.021591892784512
0,0.0293665213047934
0,0.0186834338542431
0,0.045840607879445
0,0.0471776777293092
0,0.0483763624937388
0,0.0167027745494477
0,0.0479277560169195
0,0.0460633297227893
0,0.0483034243364846
0,0.0475781474247233
0,0.0470676686411024
0,0.025187849318531
0,0.0480307912653573
0,0.0478331081228415
0,0.0463713501743245
0,0.0173458370284695
0,0.0450442439147669
0,0.0483718531338802
0,0.0217620504097521
0,0.0478242673046801
0,0.0357836822681017
0,0.0152473937331693
0,0.0208085794694357
0,0.0345981448229048
0,0.0474256406602476
0,0.0483031242876807
0,0.0218486784142923
0,0.0542659218633465
0,0.0456958261628959
0,0.0216915629969945
0,0.0454817197237564
0,0.0199758964683983
0,0.0479461691041177
0,0.0434182882868962
0,0.0467916068383114
0,0.0482319081966914
0,0.0207366262907375
0,0.0169040658863048
0,0.0187111774261397
0,0.0467492180588674
0,0.0993506872510405
0,0.0477719610000535
0,0.0480706401328276
0,0.0474340491629104
0,0.0482140274766792
0,0.0471319412243051
0,0.0171342993564346
0,0.0483660294006151
0,0.0453885132312957
0,0.0478391100997603
0,0.0482948629971721
0,0.0192513760720893
0,0.0469308211711815
0,0.0479100297893798
0,0.0596994984652291
0,0.0207082906122539
0,0.0478611741358106
0,0.048097896059492
0,0.0727253992580004
0,0.0125098126754229
0,0.0480807462453946
0,0.0241491585651147
0,0.0216018460174955
0,0.0478006225725463
0,0.0476634109744058
0,0.0215876460889273
0,0.0453502607400376
0,0.0470128539527557
0,0.0480502379461595
0,0.0464270227290342
0,0.0456752265526908
0,0.0484708509350525
0,0.0204621125956436
0,0.0452390112406822
0,0.0186507542640878
0,0.0480157898240452
0,0.047925783931759
0,0.0215388093923314
0,0.0148979492758314
0,0.0220083467459396
0,0.0482103740278117
0,0.0455213881509413
0,0.0452767862136593
0,0.0484512045942568
0,0.0219180972510423
0,0.0177336118692191
0,0.0457734942112607
0,0.0150681661832061
0,0.0328447039704613
0,0.0454595781575805
0,0.0461280452755005
0,0.0464095420867261
0,0.021470953218376
0,0.0188817467287773
0,0.0476510287061067
0,0.0369715524606559
0,0.0473081309774682
0,0.03547292976679
0,0.0479556256897638
0,0.0792421388850543
0,0.021407110528837
0,0.0476515096073632
0,0.0218115252608202
0,0.0598252767412208
0,0.0218876763199626
0,0.0457217028957636
0,0.0221069168442887
0,0.0182710888773864
0,0.019342297528664
0,0.0480203875660386
0,0.0473056014382345
0,0.0282362493755714
0,0.0165795414891264
0,0.0225963756759055
0,0.0199500378593461
0,0.0354061109818793
0,0.01922175344609
0,0.0203719784674643
0,0.0179842726961784
0,0.0475283986094081
0,0.0374592285174244
0,0.0192446363320552
0,0.048089814698411
0,0.0485164148044623
0,0.0469694564783506
0,0.0346054380024636
0,0.024765339683114
0,0.0218115480618878
0,0.0473761881808571
0,0.045417065042583
0,0.0393380628635353
0,0.0476353802921735
0,0.0446950869009681
0,0.0475376032719611
0,0.035517588766909
0,0.0471701254169065
0,0.0142664561661832
0,0.0465597289711013
0,0.040694134786097
0,0.0199897429476152
0,0.0189396485908171
0,0.0458587639513452
0,0.0482520956130516
0,0.0662498974431562
0,0.0157549581619324
0,0.047794768681771
0,0.0455264725150343
0,0.0470255933391512
0,0.0222355939117202
0,0.0223926506087984
0,0.0478628855499433
0,0.0467912337289138
0,0.047223082294351
0,0.0470151566005333
0,0.1459885615182198
0,0.0457752763622429
0,0.0200877129324658
0,0.0467724185803776
0,0.0366387207715313
0,0.0347121335383269
0,0.0452223044528107
0,0.0351497533871691
0,0.0102650566019186
0,0.046555221090403
0,0.0200130596313049
0,0.04581294723683
0,0.035784230733822
0,0.0482804862242733
0,0.0187764867112682
0,0.0143082521437326
0,0.0458694387112757
0,0.0473259476579049
0,0.0172187500400884
0,0.0478645591849771
0,0.0415667016258226
0,0.0483363951946676
0,0.0287482494385229
0,0.045572497808909
0,0.0454375362407895
0,0.0210860720561469
0,0.018158643470485
0,0.0473126075819896
0,0.0204304366913715
0,0.0480463568654608
0,0.0220274803489915
0,0.0480070672910547
0,0.0357802201366948
0,0.0479934918812908
0,0.0191532348140064
0,0.048008493535601
0,0.0472560485171006
0,0.046860618550957
0,0.0068180174609997
0,0.0480477631009181
0,0.0478401094683007
0,0.0331188478158831
0,0.0125164755652352
0,0.0214331048244226
0,0.0213662336457849
0,0.0483404340116559
0,0.0221551133619416
0,0.0477083735582939
0,0.0480307563480259
0,0.0253639884915346
0,0.0483759037209229
0,0.0464469442381757
0,0.01883417257565
0,0.0207406868021428
0,0.0475586386403863
0,0.0477976622663028
0,0.0478305835847036
0,0.0481798738636557
0,0.0458571956217865
0,0.047562954794309
0,0.0470079550016966
0,0.020742623458139
0,0.0342471046638456
0,0.0482215157545174
0,0.0480734286656682
0,0.0480245152566334
0,0.045637253633269
0,0.0473046907148713
0,0.0276426206486764
0,0.0479237390015533
0,0.0223342781486261
0,0.0437677746622364
0,0.0447901230357364
0,0.0477499740797727
0,0.0473418351661723
0,0.0484167146496008
0,0.0484031204595322
0,0.0475108031833623
0,0.0286022208951066
0,0.0422538306928989
0,0.0380232512437115
0,0.0485472843946869
0,0.0461413810895935
0,0.0295331807647329
0,0.0472215047064802
0,0.0480203944592486
0,0.0366271040719276
0,0.0216698436629302
0,0.0459429223635371
0,0.0480008698717589
0,0.0483038655885945
0,0.0475773778933159
0,0.0480803703054582
0,0.0452594474615632
0,0.0480394254508389
0,0.0470229856059814
0,0.0472724342843691
0,0.047749993857841
0,0.048394562519113
0,0.0187022534310805
0,0.0598679272101891
0,0.0178343622861465
0,0.047902226708719
0,0.0454675186739973
0,0.0481029136583097
0,0.0482367809998732
0,0.021584745086623
0,0.0482206673331663
0,0.0274947971010968
0,0.0479974835338981
0,0.0483896205357143
0,0.0478609953032038
0,0.048114599635617
0,0.0199807414087874
0,0.0483519338461828
0,0.0209194779936346
0,0.0465903266362782
0,0.0386056724764502
0,0.044686698947524
0,0.0451527119807103
0,0.0189292719882457
0,0.0451652560612261
0,0.0168295317260773
0,0.0272821906779654
0,0.0459718568983079
0,0.0478455167066971
0,0.0456818124111654
0,0.0463909680849162
0,0.0472540209286222
0,0.0473671539604328
0,0.0346987299430077
0,0.0197601390812257
0,0.0147586591883777
0,0.0242870424648368
0,0.0318723948924258
0,0.0396072195958988
0,0.020680276276701
0,0.0480687361911034
0,0.0210939228825441
0,0.0480084145856163
0,0.0447603085243294
0,0.0224762557788916
0,0.0448546979592513
0,0.0467453695052667
0,0.0193895112062774
0,0.0483861861055007
0,0.0481321855226813
0,0.0085667430852292
0,0.0484488702361294
0,0.0454554178002188
0,0.0220851404101925
0,0.048631722719833
0,0.0450346355775607
0,0.0149290625491299
0,0.0735584587824777
0,0.0480410786451281
0,0.0220646865336098
0,0.0222186815969763
0,0.047747540285022
0,0.0468097433999825
0,0.0349634414578727
0,0.0210052643272442
0,0.0198449527521245
0,0.0479015961676279
0,0.0483032762884385
0,0.0484376531290162
0,0.048550815749175
0,0.0196873181707895
0,0.022051654136128
0,0.0220094789041453
0,0.0433404795847726
0,0.0482978479848155
0,0.0478696845436735
0,0.0476882151266068
0,0.0357348510150615
0,0.0481445663060487
0,0.0479031770762733
0,0.0476188991004625
0,0.025076972796461
0,0.0354693860276991
0,0.0169323966807283
0,0.0452641950185803
0,0.0452334001737696
0,0.0139163695631064
0,0.0463959791299029
0,0.0217441149871703
0,0.0454808273539066
0,0.0472661903700558
0,0.0260878021378501
0,0.019116163007458
0,0.0473356358795343
0,0.0161018391279278
0,0.0480628098493927
0,0.0288418479943045
0,0.0483365049835967
0,0.04368046153129
0,0.0455625626268454
0,0.0480897955502075
0,0.0367188786952548
0,0.0472764214795976
0,0.0216549539222349
0,0.0482043919824485
0,0.0174349728648949
0,0.0219636001002311
0,0.0203072131560889
0,0.0199137628091977
0,0.038507940577751
0,0.0474769142320686
0,0.0461564188679244
0,0.0190329270365613
0,0.0472598458898651
0,0.0124521899497476
0,0.0469248538665366
0,0.0484101628835439
0,0.0480875171073205
0,0.0482643228075689
0,0.0231536229028905
0,0.0487639780915729
0,0.0480611235054299
0,0.0185525660964791
0,0.0333110799265013
0,0.0186001698181708
0,0.020391511246248
0,0.046051629508082
0,0.0454484795640025
0,0.0461326263797644
0,0.0480148605266526
0,0.0470422062968823
0,0.0215479273748902
0,0.0372354461413056
0,0.0484879654417098
0,0.0123145754622713
0,0.0461356004261902
0,0.0483725136143007
0,0.0482850614999373
0,0.0136908867700704
0,0.0471709753993731
0,0.0453718223317069
0,0.0472631001486388
0,0.0479222544806876
0,0.0212829974535644
0,0.0477044734028589
0,0.0241297761233169
0,0.0189011932308948
0,0.0452970165122363
0,0.0452475735020214
0,0.0474289085736972
0,0.0143346981135462
0,0.0349918753815784
0,0.0480286340433801
0,0.019940632414927
0,0.0226206966053002
0,0.0141821689812412
0,0.046336173787241
0,0.020512482536731
0,0.0210377238486531
0,0.0192810896996149
0,0.0481167068807981
0,0.0624911709808278
0,0.0481386208041309
0,0.0473599517857388
0,0.0447691597343466
0,0.0473099245485939
0,0.0325182526331716
0,0.0423810036720087
0,0.0485282010765679
0,0.0174576743571548
0,0.0123251249080879
0,0.04586840334985
0,0.0158277094837803
0,0.0278864394254898
0,0.045090243360597
0,0.0460701542723333
0,0.0481379125501007
0,0.0484692382279559
0,0.0167464072809843
0,0.0480602965732386
0,0.0366669065282649
0,0.0186527921264274
0,0.0253310242257973
0,0.0471457736231302
0,0.0309716695024296
0,0.0325294997471361
0,0.0452859854771156
0,0.0128405675965686
0,0.0470084939986186
0,0.0159432639881462
0,0.0216589480054414
0,0.0471544075145342
0,0.0451144383741481
0,0.0479224699894816
0,0.0122778116701144
0,0.0448626628588316
0,0.0175807713096458
0,0.0299054068681167
0,0.0454260124415564
0,0.0473633024660274
0,0.0475585446482765
0,0.0484098866842969
0,0.020658699750813
0,0.0478241858651269
0,0.0455565873977447
0,0.0221988625386842
0,0.0201948704090477
0,0.0480795005755806
0,0.0468355181372115
0,0.0213688502259198
0,0.0480932027180184
0,0.0470393539777593
0,0.0520632478637049
0,0.0470517722007477
0,0.0476239727493736
0,0.0477493987970113
0,0.0481262003469603
0,0.0452756329773865
0,0.047510818920283
0,0.017468048218914
0,0.0474058584360861
0,0.0158737148128474
0,0.0483587838320147
0,0.0475228230212083
0,0.0471612043137384
0,0.0204636176481817
0,0.0473075414851456
0,0.0270562917171704
0,0.0483801151441708
0,0.0483195195790729
0,0.0158879132205378
0,0.0480206631461866
0,0.0241793931255391
0,0.0421925488749457
0,0.048594942394026
0,0.0817105995993665
0,0.0483479039124201
0,0.0472308139702843
0,0.0469978670561898
0,0.0475897482908361
0,0.0477678283754549
0,0.0195277047011542
0,0.0147271161950814
0,0.0462914884817363
0,0.0463827429503366
0,0.0473660272952143
0,0.0479169637539588
0,0.047047680903582
0,0.0482594664567996
0,0.0214224472898679
0,0.0278662597367393
0,0.0476856394330396
0,0.0476732140853168
0,0.0463303013332688
0,0.0456987633731059
0,0.0481065407374624
0,0.0375205106270509
0,0.0456508307465333
0,0.0478726869689495
0,0.0481558624284506
0,0.0480977323625842
0,0.022023795222533
0,0.0479406378127136
0,0.0419550811242604
0,0.0223997248354301
0,0.0485817524925066
0,0.0463414676417849
0,0.0471767926439316
0,0.0485103247736349
0,0.0479233099781044
0,0.021117884239392
0,0.0366273630705236
0,0.0219429707067374
0,0.0183999175205787
0,0.048199329390685
0,0.0478020765218371
0,0.0212350068151542
0,0.0473626635992086
0,0.047655179861927
0,0.0271867912013635
0,0.047601112502732
0,0.0209233944866331
0,0.0537859666546969
0,0.0324917514576742
0,0.0447973771588597
0,0.0482249405140974
0,0.0163720764058975
0,0.0219752988148995
0,0.0485650592011425
0,0.0470193702423523
0,0.0207238452075865
0,0.0451991690974322
0,0.0813175170832377
0,0.0478777456595678
0,0.0275081794485541
0,0.0474359411690151
0,0.0203304607422745
0,0.0174118961048142
0,0.0480010856038123
0,0.0357330027111154
0,0.0475745395511211
0,0.0390021716516848
0,0.0142747056850154
0,0.0218196237168394
0,0.0479126563078518
0,0.0454842024303166
0,0.034188488331164
0,0.0480334322489629
0,0.0183945528121982
0,0.0461610002045798
0,0.0467509103934938
0,0.0240497240417953
0,0.0481477292059029
0,0.0485158202847228
0,0.0483048939778868
0,0.0596724923309567
0,0.0220010336990329
0,0.044288214497756
0,0.0480697123273218
0,0.0121275033303978
0,0.0458182802268756
0,0.0454473487469361
0,0.0472880158371407
0,0.0480878615841703
0,0.0451813111780829
0,0.0206312637411673
0,0.045403480081929
0,0.044837323533198
0,0.0208861227051394
0,0.021745673451893
0,0.0209002264441123
0,0.0479985429219219
0,0.0481084423950448
0,0.0480089430679831
0,0.01864486334274
0,0.0199535938947343
0,0.0461472148786017
0,0.0480298829858216
0,0.020633373383697
0,0.0216855324348494
0,0.019327655822226
0,0.0467783306873483
0,0.0481775049553675
0,0.0479184624867491
0,0.0204550175701127
0,0.0465461046773085
0,0.0314818644557466
0,0.0451774124795741
0,0.0232284501696951
0,0.0469033209862166
0,0.0466507610262504
0,0.0475433653635966
0,0.0478676623546615
0,0.0214726365299638
0,0.0474283712249712
0,0.0478986128884013
0,0.0483747784974702
0,0.0225827222721403
0,0.0471160874642107
0,0.0218961307737105
0,0.0457804607061728
0,0.0479295044313727
0,0.0483424838699641
0,0.047350392387876
0,0.0468156340904527
0,0.0472601286769307
0,0.1651106460534983
0,0.0475453447295414
0,0.0447111878351948
0,0.0454757640179221
0,0.0474380642385543
0,0.0099825874819032
0,0.0456921574425077
0,0.0155658813573057
0,0.0474733613976011
0,0.0215216270619134
0,0.0477421649231601
0,0.0480375452137331
0,0.045117777195028
0,0.0370823880250171
0,0.0479333844750946
0,0.0401909475209709
0,0.0547099793971524
0,0.02219908574223
0,0.0433734636389012
0,0.0223104016025125
0,0.0477149810758339
0,0.0207942932579043
0,0.0480910831972988
0,0.0473529446968669
0,0.0476439059198258
0,0.0257819188566137
0,0.048414781676876
0,0.0470800226900353
0,0.022025246382741
0,0.0448280036519144
0,0.048158521979939
0,0.0473530410734146
0,0.0188670891024448
0,0.0484835012255625
0,0.0218062927251519
0,0.0475541735628218
0,0.048279896905962
0,0.0346403223541221
0,0.0472506356247444
0,0.0221416585420434
0,0.0478830138135303
0,0.0468325829966318
0,0.0303093092924554
0,0.0484190247985842
0,0.0646960731259893
0,0.0426392015811514
0,0.0447739285278905
0,0.0247698064124385
0,0.0344158786748811
0,0.0463302888160935
0,0.0480931584619706
0,0.0462462489368143
0,0.0481979035093593
0,0.0332972998103677
0,0.0211978221020999
0,0.0479184198807369
0,0.0196889578577487
0,0.1648836730792717
0,0.0125299021074272
0,0.0239885711483311
0,0.0390398527917065
0,0.0453617971849663
0,0.0461182571232445
0,0.039658726277325
0,0.0432092777569058
0,0.0469717017379924
0,0.0220591708949278
0,0.0479043516388858
0,0.0220320545214507
0,0.0174693739803735
0,0.0485165567262361
0,0.0205145804062766
0,0.0469062160019076
0,0.0175741805691016
0,0.0481172235289461
0,0.0484291424491958
0,0.0213226402512237
0,0.0460564490062076
0,0.0485310900698205
0,0.0294846044628022
0,0.0475073367424429
0,0.0197697073949357
0,0.045470492016344
0,0.0465064120785078
0,0.0451951662047142
0,0.020798240226659
0,0.0213412931349523
0,0.053261962465516
0,0.047967156642293
0,0.0241105245431706
0,0.0476095828418845
0,0.0483800499978902
0,0.0217990989616328
0,0.0458786310944019
0,0.0135198196183781
0,0.0154582788100912
0,0.0466986282020562
0,0.0388296217738007
0,0.0188636771054233
0,0.021812328477166
0,0.0454681495203565
0,0.0484799926962033
0,0.0454112606834927
0,0.0215965828881514
0,0.0302848777572223
0,0.0470193173684541
0,0.0482075578508834
0,0.0461097572804942
0,0.0482051447577301
0,0.0160127008218885
0,0.0452612862348778
0,0.0483999079805349
0,0.0455263409466036
0,0.0475484230046206
0,0.0464823056666488
0,0.0480645723382858
0,0.0475548127005081
0,0.0217234246653545
0,0.0454753701588565
0,0.0217559066735626
0,0.0433792472988305
0,0.0471513635100873
0,0.0473047544076619
0,0.0469707879888982
0,0.0399507589474684
0,0.0258490124368172
0,0.0466966493579789
0,0.0477716848318321
0,0.0409051341280007
0,0.0484814173684546
0,0.0460519630861828
0,0.0474719511329111
0,0.0220550841596247
0,0.045369421776984
0,0.0481716798544127
0,0.0471667430596051
0,0.0357951187680241
0,0.0205646118878384
0,0.0483788015469718
0,0.0480256372026071
0,0.0154582364521802
0,0.0480696669394216
0,0.0481016915172178
0,0.0482149829455318
0,0.0472016186077676
0,0.0469369165748935
0,0.0146610233292431
0,0.0475551801639838
0,0.0610307587163385
0,0.0221965447151546
0,0.0467030607884276
0,0.0451495057631361
0,0.0478478265598368
0,0.0455560217362842
0,0.0201061985082284
0,0.0459063497493651
0,0.046181456732416
0,0.0463685889671386
0,0.0183063220350717
0,0.0482447875172099
0,0.0459509934391435
0,0.0481732222910055
0,0.0211729080976192
0,0.0477875469641995
0,0.0478404283486132
0,0.0478819816405915
0,0.0471722565881966
0,0.0410220868638148
0,0.0474441469857381
0,0.0475045639666475
0,0.0219370768724031
0,0.0191405996644578
0,0.0198569838201924
0,0.0200105753312959
0,0.0463937762507219
0,0.018634796702016
0,0.0201069031700078
0,0.0153168845541729
0,0.045764593433364
0,0.04128960245684
0,0.0205654635561462
0,0.0316200829747915
0,0.0454556285137631
0,0.0213014536658164
0,0.0274362237954737
0,0.0457154744813916
0,0.0211199516248229
0,0.0481728124263588
0,0.0478301080456269
0,0.0454731258200889
0,0.0210808430333957
0,0.0326179296955277
0,0.0476106723062233
0,0.0927662777711898
0,0.0450673926797874
0,0.0366169877140925
0,0.0485854338846808
0,0.0472494461384741
0,0.0222165524029532
0,0.0226323484079861
0,0.0258369853091831
0,0.053478476481001
0,0.0457916067982044
0,0.0216640020867495
0,0.0482792604529597
0,0.0467674016754825
0,0.0143382549081223
0,0.0477884587236747
0,0.0463849160154614
0,0.0547704734518813
0,0.0192219834364015
0,0.0473717326206971
0,0.0483052348253509
0,0.0476065762601917
0,0.0481766061810375
0,0.0465953975891062
0,0.0188821424558133
0,0.0162375493636744
0,0.046887849756175
0,0.0467788981750486
0,0.0483548045327741
0,0.0478536548703731
0,0.018510662180125
0,0.0274519380188245
0,0.0480113276474862
0,0.0217765312261237
0,0.0475135309678578
0,0.0452150318354968
0,0.0199482233732384
0,0.0455411585228746
0,0.0477060110536917
0,0.0199294004460435
0,0.0483730453017337
0,0.0203950807178664
0,0.0159853316814666
0,0.046074577889476
0,0.0197043585038914
0,0.0220612214848431
0,0.0459840925064572
0,0.047998549808339
0,0.0345627947251597
0,0.0482627303958419
0,0.0169994317749871
0,0.0206285708978479
0,0.0464077390692034
0,0.0376838291982567
0,0.0215361641612523
0,0.0157789445031571
0,0.0479000507752623
0,0.0184279956944765
0,0.0482122018501065
0,0.0456142678271297
0,0.0148493205045604
0,0.021049487303537
0,0.0454628106534748
0,0.0465200170491912
0,0.0476001865310129
0,0.0276556711853871
0,0.0351873482611506
0,0.0451968253994092
0,0.048549099864222
0,0.0247082903661575
0,0.0449557470507265
0,0.0466191518716796
0,0.0468392415810957
0,0.0465450988731492
0,0.0325105667513516
0,0.0470191605096669
0,0.0162327691111651
0,0.0308865382717803
0,0.0478827121727954
0,0.0172652752140295
0,0.0477991222483023
0,0.0328164026565578
0,0.0474935865154396
0,0.0211550177945369
0,0.0452234691756994
0,0.019583921484919
0,0.0471909599356593
0,0.0248591336415148
0,0.0463039288853064
0,0.0467919476924646
0,0.0480197186923236
0,0.0481784235911548
0,0.0205618752324353
0,0.047469288071657
0,0.0471493003937443
0,0.02557045712293
0,0.0163062190616573
0,0.0458525353380676
0,0.0467887212355168
0,0.0149621518423449
0,0.0179181908619649
0,0.046937663371672
0,0.0480921221284176
0,0.0197632116504191
0,0.0485054334424367
0,0.0460144565695999
0,0.0479552322661735
0,0.0473705560887284
0,0.0410476216814465
0,0.0480295725516759
0,0.0469791810666213
0,0.0476791895393193
0,0.0192616252491453
0,0.0457940498341806
0,0.0478720126998013
0,0.0192908333009882
0,0.0479652708230582
0,0.024577121121888
0,0.0470252147199916
0,0.0481483864116298
0,0.0366217976736024
0,0.0209945250052148
0,0.0181514608060652
0,0.0482287088791777
0,0.0452503366318021
0,0.0367809679718968
0,0.0206288222313088
0,0.0191166040074982
0,0.0163714543828903
0,0.018011782497483
0,0.0449862026437127
0,0.0486345099503915
0,0.019433844956798
0,0.0478229629828732
0,0.0474765744012644
0,0.0199713651541998
0,0.0174497867293501
0,0.0332685235562477
0,0.0484789704386434
0,0.0479835492155819
0,0.0472927006180867
0,0.0143042441998266
0,0.0469977969867859
0,0.0459468115052248
0,0.0456575713302996
0,0.0476486936346488
0,0.0221823063844162
0,0.0186671149562815
0,0.0213147947611574
0,0.0222252820304217
0,0.0215819989765426
0,0.02206000139704
0,0.0276774241446861
0,0.0480203228704159
0,0.0483891322716682
0,0.0253460637284147
0,0.0666219659072709
0,0.0662155689365294
0,0.0207054213476341
0,0.015853579934058
0,0.0484127510754628
0,0.0480043049024066
0,0.0208177964958899
0,0.0454207983853711
0,0.0230247938172253
0,0.0219147009741035
0,0.0452133379401244
0,0.0466756345003706
0,0.01596637351487
0,0.0610475975194416
0,0.0475397821572476
0,0.0190149817220353
0,0.0453590184858651
0,0.0472991356369536
0,0.058994182962987
0,0.039013584534371
0,0.0459404164505662
0,0.0372668249530125
0,0.0456452037930406
0,0.012522214117454
0,0.0478160071738347
0,0.0481582170017342
0,0.0209528797778679
0,0.0239051870997934
0,0.047916843941873
0,0.0483813522762952
0,0.0189550379729621
0,0.0184059453843019
0,0.0174812295270539
0,0.0173434075989745
0,0.0219055749119726
0,0.0484232970401163
0,0.0203446696354503
0,0.0473633739965972
0,0.0207687996216997
0,0.0456194137189029
0,0.0454651816144162
0,0.0143243144971078
0,0.0209413718544228
0,0.0426102069644408
0,0.0480294460190784
0,0.0480726559494737
0,0.0190769185606763
0,0.0483188822964997
0,0.0483024063997992
0,0.0452619091516321
0,0.048369680835277
0,0.0468635972236716
0,0.046230983467786
0,0.0413457315361482
0,0.0480537926456263
0,0.0344842639952723
0,0.0452411614826998
0,0.0320109416081785
0,0.0476438423441347
0,0.0355451729143874
0,0.0458080740335249
0,0.0326678659500094
0,0.0236343382662353
0,0.0478393330775175
0,0.0248642280775864
0,0.0482918085569848
0,0.0479148971240543
0,0.0450884649859186
0,0.0455367293022379
0,0.0482508589127629
0,0.0216368897549685
0,0.0456813809986661
0,0.0483353372383908
0,0.0472436028719432
0,0.0483494824028179
0,0.0317621036473372
0,0.0480437086930626
0,0.0484046946233119
0,0.0478651475580182
0,0.0476084902311301
0,0.0481852785980495
0,0.0204016303635277
0,0.0345461443491737
0,0.0475721814934699
0,0.0478269151191374
0,0.0474505374005433
0,0.0477361841490426
0,0.0120887604879809
0,0.0480941950652582
0,0.0450357864221536
0,0.0474495214957474
0,0.0472991514353563
0,0.0476592979402051
0,0.0314566871015347
0,0.0480008184102445
0,0.0176865315731737
0,0.0409135378405158
0,0.0469522058990948
0,0.0476701472705897
0,0.013767647153459
0,0.0219011350515139
0,0.0482474289479689
0,0.0475918685724683
0,0.0279256932179477
0,0.0450020749690618
0,0.0175967835866181
0,0.03945795204781
0,0.0459872136656971
0,0.0141070681225299
0,0.0440228369140016
0,0.01796541789046
0,0.0482316613399736
0,0.0475722503488791
0,0.0480961329659886
0,0.0207438734465626
0,0.0200736591455915
0,0.0471952320033437
0,0.04791038781612
0,0.0482857775793002
0,0.0188540813779366
0,0.0462961730414212
0,0.01910715023233
0,0.0475476364951342
0,0.0486487506555866
0,0.0177897859961191
0,0.0162014912775932
0,0.0379895983658968
0,0.0124403695634582
0,0.0272050394325131
0,0.0427943726452547
0,0.0451155345137324
0,0.0473716068021404
0,0.0480704959105544
0,0.0481657660122266
0,0.0478487040203388
0,0.0483515101061291
0,0.048388875467259
0,0.0174895824649965
0,0.0106784156169884
0,0.0203551504482713
0,0.0475793035622355
0,0.0482454452557073
0,0.0258136381210295
0,0.0482639940149127
0,0.0455967840485198
0,0.0454086385004805
0,0.0221540087496386
0,0.0534584947080992
0,0.048044202413876
0,0.0460180947110347
0,0.0277206452488473
0,0.0472350972093894
0,0.0470072933027926
0,0.0184939413931565
0,0.0212639271098069
0,0.0368225053035626
0,0.0168609001225633
0,0.047531555592055
0,0.0476995263564446
0,0.0456645188614647
0,0.0463841871810176
0,0.0177666442729066
0,0.047826351441631
0,0.0120880581016591
0,0.0200992590368651
0,0.012322804781549
0,0.0443323135645737
0,0.0478616226392389
0,0.0217469630214176
0,0.034911685335469
0,0.0480756739510066
0,0.0238933970462511
0,0.0467952973970338
0,0.047227115412469
0,0.0469145279861348
0,0.0478236697670681
0,0.0482332666925485
0,0.0477674719407831
0,0.0468192878400833
0,0.0481665352968185
0,0.0242625422892195
0,0.0483296076829076
0,0.0467888818039654
0,0.0157909237829413
0,0.0214541786455621
0,0.0211381161811782
0,0.0668425275370335
0,0.0468486229133019
0,0.0324914964815448
0,0.0453345234492186
0,0.0467689519265329
0,0.0472349092777836
0,0.0479960618376386
0,0.0480442233533519
0,0.0211880150033522
0,0.0479064226221954
0,0.0282151173452365
0,0.0466773862422642
0,0.0192889451835013
0,0.0481499119860199
0,0.0482337943802793
0,0.046691042059777
0,0.0480335561804911
0,0.0467737384115695
0,0.0207244650457274
0,0.0470219266300308
0,0.0482916169707348
0,0.047918659281742
0,0.0158551018472623
0,0.0477972981204055
0,0.0485172166428131
0,0.0453986964231605
0,0.0483814156875301
0,0.0482677543104402
0,0.0380320098890582
0,0.0471827903265882
0,0.0186538992259367
0,0.0483383365420207
0,0.0480910642220685
0,0.028057160947855
0,0.0468656631565447
0,0.0170793151824932
0,0.0218796604529943
0,0.0447858372263853
0,0.0401596362936138
0,0.0716585590428532
0,0.0455782850467536
0,0.0219060881921229
0,0.0201865919620728
0,0.0456689134373069
0,0.0650212692942564
0,0.0389069289130865
0,0.0210151214978767
0,0.0213573804895024
0,0.0160185167445704
0,0.0471324761923052
0,0.0205484854050308
0,0.048008314742756
0,0.0462172940809878
0,0.0457413058048832
0,0.0475518768229914
0,0.0454415683334171
0,0.0192097805839498
0,0.0459480666341028
0,0.0197916606510483
0,0.0482243756733777
0,0.0201275192426973
0,0.0283886535251774
0,0.0218422842966433
0,0.0477101208462874
0,0.0474651184522274
0,0.0457232663734477
0,0.0251015450800771
0,0.0220632005239205
0,0.0480241446250385
0,0.0198841827336539
0,0.0233187102267398
0,0.0481144978347079
0,0.0465980604734313
0,0.0477704097786187
0,0.0451184875760267
0,0.0483232541749511
0,0.0402184121520809
0,0.0483656504854042
0,0.060957920007706
0,0.0468611060594665
0,0.0176308448857544
0,0.0372540831683921
0,0.0475123901097514
0,0.0474743555813987
0,0.0473307400448708
0,0.0219140728916536
0,0.021874345817858
0,0.0452115010496279
0,0.0475258829725251
0,0.021384608242001
0,0.0346026761568625
0,0.016820866874863
0,0.0480402249813891
0,0.048293472670511
0,0.0453189945204796
0,0.0121909445999382
0,0.0454431986807825
0,0.0454681145376996
0,0.0460433272538791
0,0.0373681194537738
0,0.0478934276175929
0,0.0479187177328591
0,0.0193984820901544
0,0.047494531018281
0,0.0191155466264737
0,0.0486020847787897
0,0.0458414753502659
0,0.0462711257887524
0,0.0456463264111566
0,0.0182543331672989
0,0.0165310762561137
0,0.0468887821930422
0,0.048251191106831
0,0.0150411477485873
0,0.0480635450257742
0,0.0254330317960332
0,0.022003083620188
0,0.0478514716709415
0,0.0207788192673544
0,0.0420615540480037
0,0.027201892486967
0,0.0325045618670502
0,0.0476017815324635
0,0.0466341799216091
0,0.0480412372089346
0,0.0219696927818877
0,0.0485951101509487
0,0.0454210077919456
0,0.0452398972960128
0,0.0469777701593319
0,0.0158228958844679
0,0.047731958569261
0,0.0285823092094576
0,0.0452581946052464
0,0.0461491740836874
0,0.0254335015094425
0,0.0483200171569714
0,0.0176406384046308
0,0.0461095471545566
0,0.0304662549322545
0,0.0354224804160643
0,0.0475832469328401
0,0.0478752915660936
0,0.017169474808542
0,0.0194903423476028
0,0.0480416303183063
0,0.0462384484304484
0,0.0207085066438492
0,0.0483053699567317
0,0.0198888821967627
0,0.0456994781849392
0,0.0483275727085965
0,0.0163308710198027
0,0.0478693873740968
0,0.0187595206478407
0,0.0469760877450095
0,0.046180293804652
0,0.0090445100645225
0,0.0221075126255668
0,0.0356707078598886
0,0.0199140096769498
0,0.0461222696081455
0,0.0478244129319824
0,0.0469724122744273
0,0.0470246033231549
0,0.048530768370039
0,0.0480997271442784
0,0.0455489564429733
0,0.0461449503827067
0,0.0385564404275729
0,0.0478742429894284
0,0.0468404987454559
0,0.0474337365616299
0,0.0198085366783751
0,0.048307667078211
0,0.0473331657783065
0,0.0481748905622017
0,0.0484795632306743
0,0.0475979038131817
0,0.0481466069790973
0,0.0485219720084526
0,0.0480969286834612
0,0.0372636350355171
0,0.0482947833794498
0,0.0485223450332699
0,0.0466073234197251
0,0.0291886639075567
0,0.0216140713316444
0,0.01835548716599
0,0.0451128244317878
0,0.0481281495041958
0,0.0478983653970348
0,0.0488143500496136
0,0.045802981539361
0,0.019041673212721
0,0.0462413472635303
0,0.0478619331718392
0,0.0479021152258421
0,0.0470833434455777
0,0.0396776994574557
0,0.0601191506463848
0,0.0271897214878451
0,0.0162279511491496
0,0.0455438144128252
0,0.02019580031705
0,0.0461151097904574
0,0.020694369639034
0,0.0219416080206465
0,0.0474662781740361
0,0.0413521858330825
0,0.0463549643856108
0,0.0455837236951898
0,0.1651303937996908
0,0.0478160470116849
0,0.021954010709014
0,0.0485742280941944
0,0.0457331214000044
0,0.0200530347304923
0,0.0232885418527539
0,0.0479262405434907
0,0.0481960084512269
0,0.0479936512947947
0,0.0218099109418199
0,0.0137975336646299
0,0.048008625411192
0,0.0475557593760766
0,0.0201833787700006
0,0.0314856035785121
0,0.021158054986964
0,0.0164468957572341
0,0.0458511744422308
0,0.0306659940281586
0,0.0472203703177449
0,0.0477053011327249
0,0.0484819072160996
0,0.0453193348064353
0,0.0654071461357612
0,0.0211374302531403
0,0.042287468362303
0,0.0215942697379365
0,0.018925146446901
0,0.0457669121130867
0,0.0182031690706739
0,0.0339591638990789
0,0.0466927531211858
0,0.020569229668096
0,0.045884918486354
0,0.0475256459416901
0,0.0464252695294563
0,0.0458613977166801
0,0.0485154520686649
0,0.0478335538581826
0,0.0480688467368269
0,0.1642897001458433
0,0.0475031357092909
0,0.0158295775457265
0,0.0480809804443458
0,0.0478787426932575
0,0.0477275990631773
0,0.0474051858595004
0,0.0184281391455917
0,0.0470824149316585
0,0.0475085184143398
0,0.0465727144786748
0,0.0477338819489127
0,0.0179396657809173
0,0.018743610918379
0,0.0783811096038024
0,0.0205539711283256
0,0.0479866177794048
0,0.0122749510257402
0,0.0370755509697583
0,0.0470836020666368
0,0.0479674917855611
0,0.0482167850765682
0,0.0453467979089105
0,0.0241599298865227
0,0.0474308921868228
0,0.0176007167112805
0,0.0480943050785568
0,0.0473335795801305
0,0.0472584148593898
0,0.021081775452652
0,0.0192190594299388
0,0.0174052771715592
0,0.0475461830363192
0,0.0473716274745134
0,0.0364150032734498
0,0.0480530079306391
0,0.0342253758216575
0,0.0473501889329223
0,0.0198971088183373
0,0.0271080667749192
0,0.0461754961122127
0,0.0117148679111267
0,0.0459844523246015
0,0.0217461889971731
0,0.0212751055232537
0,0.0219279717263173
0,0.0484311155141083
0,0.0188599951005698
0,0.0447730121587861
0,0.0260391865782753
0,0.0484866959378201
0,0.0482930758151978
0,0.0124855795839697
0,0.0453587963019481
0,0.0481938071165355
0,0.020986725816743
0,0.0482418698269938
0,0.012327366055004
0,0.0473580930167374
0,0.0455585720994986
0,0.0479527746328762
0,0.0451007455535966
0,0.0471076964990741
0,0.0463319815702171
0,0.0469699568418416
0,0.0471403024182557
0,0.0482626341582767
0,0.0473708844724405
0,0.0466915297153775
0,0.0164141333427091
0,0.0473513854710086
0,0.0477549135192478
0,0.0476108465055106
0,0.0473106282350703
0,0.0483300369353733
0,0.0222246292069621
0,0.0198767022187611
0,0.0206048276286006
0,0.047925795450059
0,0.0156476968379177
0,0.0509613653347243
0,0.061938237263234
0,0.0465486366804769
0,0.0458454964346244
0,0.0483709541266474
0,0.0476362819637596
0,0.0446755330317689
0,0.0221539544174848
0,0.0478569863695747
0,0.0223131525543435
0,0.04859196764039
0,0.0482629494912881
0,0.0202600922244339
0,0.048402849192464
0,0.0216707418731991
0,0.0473955408037684
0,0.0473549089860392
0,0.0205870823876554
0,0.0451088346132826
0,0.0325352056572
0,0.0479041173594784
0,0.0456953953481793
0,0.0483928846066803
0,0.0150788630825749
0,0.0249922223742979
0,0.0207608450500112
0,0.0474184204896875
0,0.0469912075018194
0,0.0132315148282652
0,0.0461772513092577
0,0.0208569739134054
0,0.0259415179976146
0,0.0308357602321407
0,0.0452385136833742
0,0.0193400294791419
0,0.0240346631863379
0,0.0620941043854948
0,0.0409171482880317
0,0.0453031892919914
0,0.0482176403198449
0,0.0141446576464371
0,0.048025099102299
0,0.0457336988262608
0,0.0220087564356632
0,0.0477952138311167
0,0.019842541064684
0,0.0232855826130997
0,0.0184372456018849
0,0.0457564030499297
0,0.0473784755018815
0,0.0159441397287746
0,0.0103316865176859
0,0.0478862947442557
0,0.0215896644994655
0,0.0203651391585644
0,0.0344274532215774
0,0.0142706838660115
0,0.0213289043602672
0,0.0472183236903882
0,0.0481437640976296
0,0.0249352071204659
0,0.040920097132984
0,0.0354811473875533
0,0.0467706408379632
0,0.0475777815515065
0,0.0205101824047338
0,0.0175334889208379
0,0.0216404727135935
0,0.0453286386746482
0,0.0479150161004253
0,0.0459335398943391
0,0.020684270155068
0,0.0458636467890604
0,0.0477989051665682
0,0.0427848287978465
0,0.0254137791051757
0,0.0481613455893948
0,0.0480280980798783
0,0.0448155316552946
0,0.0475491783052627
0,0.0484204306424044
0,0.0198993968631131
0,0.0218567688199536
0,0.0187672448053791
0,0.0476538250810589
0,0.0258229446922218
0,0.0455289062262838
0,0.0470943878694023
0,0.0457826084574465
0,0.0210769025416387
0,0.0470953324498286
0,0.048323293548488
0,0.0482791641969337
0,0.0217980721612846
0,0.0464129249519155
0,0.0474186914424327
0,0.0482134429415592
0,0.0261005659487097
0,0.0482811434451282
0,0.0480263239334677
0,0.0481591954819484
0,0.02004799355858
0,0.0475955968571011
0,0.0455137545874563
0,0.164938697573975
0,0.0457559198233439
0,0.0481400612978993
0,0.0408704407187916
0,0.047589652182074
0,0.0258461709216637
0,0.0478392306482439
0,0.0309662291024817
0,0.0480216790597978
0,0.0191718502832024
0,0.0476152207435841
0,0.0477427753345366
0,0.0305193913718628
0,0.0312447148008539
0,0.0456851332111956
0,0.0394960060630313
0,0.0107084396331064
0,0.0247320832691719
0,0.0164505973893942
0,0.0148836823531492
0,0.0470773607475879
0,0.0478757847543617
0,0.1763509520724277
0,0.0182889188459963
0,0.0457539236181303
0,0.0372005240873907
0,0.0475191440535645
0,0.0478232715499701
0,0.0482816977177801
0,0.0278424183618411
0,0.0481745574446393
0,0.0476876004189062
0,0.0465709592755882
0,0.0475722436687772
0,0.0469443110375853
0,0.0219387572443811
0,0.0272081803707621
0,0.0212788763510341
0,0.0464917450781949
0,0.04768920790733
0,0.0552579946302443
0,0.0253311210418738
0,0.0481683100168505
0,0.0482486558382295
0,0.0470236005917963
0,0.0480951919899663
0,0.0484813105579948
0,0.0476240694759877
0,0.0472126568719641
0,0.0473965021214939
0,0.048301991589706
0,0.0455877025832169
0,0.0125511897506116
0,0.0468074710347726
0,0.0484262980494802
0,0.0221297181141515
0,0.0197456924188245
0,0.0480874445671702
0,0.0218669193553224
0,0.0482915766521031
0,0.0475425167010042
0,0.0472330089664385
0,0.0217820670334527
0,0.0297069162674843
0,0.044812386007663
0,0.0478010803219512
0,0.0457147133554339
0,0.038772191984857
0,0.0552495494877132
0,0.0471917196878339
0,0.0207573642136409
0,0.0481337651376942
0,0.0221387445753115
0,0.0484970889333813
0,0.0197679314278886
0,0.0475274153573373
0,0.0479050514460755
0,0.0478760400511281
0,0.021815092321167
0,0.0461181668039368
0,0.0481667963093408
0,0.0479126673998647
0,0.0199982489981292
0,0.0473333347127523
0,0.0471513221883355
0,0.0219729974863683
0,0.0482507758547639
0,0.0483275383407397
0,0.0469988654747536
0,0.0725903369259971
0,0.0178066028730322
0,0.0182797182141451
0,0.0456862358422443
0,0.0696099008094084
0,0.0220389811523033
0,0.048143560478632
0,0.0461318770402208
0,0.0328009876209573
0,0.0453026596483811
0,0.0469917080241429
0,0.0215396705469786
0,0.0217085311491244
0,0.0210587987444395
0,0.0455572586983117
0,0.0211441779824172
0,0.0482634396020389
0,0.0476115935837089
0,0.0446061665888955
0,0.0480736748055798
0,0.0278726608109843
0,0.0478313862225622
0,0.1746798336730281
0,0.0213187324156601
0,0.0485921698812823
0,0.0448888683874145
0,0.0452675164642834
0,0.0236294097221256
0,0.0481216932346199
0,0.0484027927746391
0,0.0208086052598011
0,0.054018196326943
0,0.0451118526843227
0,0.0480710708601153
0,0.0477923536002602
0,0.0452923190660367
0,0.0470506807181384
0,0.0357717937463156
0,0.0218540376250956
0,0.0324852664808135
0,0.0473453626967274
0,0.0121805256667841
0,0.0188035612507412
0,0.0148973114689513
0,0.0454977823650694
0,0.0452055364186237
0,0.0456637807052166
0,0.0188501185607655
0,0.0207336962583112
0,0.0464846329529136
0,0.0453402993008501
0,0.0480217668599306
0,0.032532613544484
0,0.0481542699260553
0,0.0472111572526781
0,0.020371757310193
0,0.0563257741939264
0,0.0479010997206214
0,0.0475249536977564
0,0.0469224278412349
0,0.048181580764469
0,0.0454001300781662
0,0.0478728806166024
0,0.0470323680827779
0,0.0563782961668796
0,0.0272845180886592
0,0.0482384487118784
0,0.0610897574515997
0,0.0484287990765397
0,0.0468061642648304
0,0.0473030880859514
0,0.0207223698491731
0,0.0452428973058618
0,0.0596747651731512
0,0.0464789382624432
0,0.0207787065489228
0,0.0355520664271012
0,0.037137725157266
0,0.0198936911092693
0,0.0189317851809905
0,0.029245216988685
0,0.0480880873641652
0,0.0482454428388025
0,0.0164293166042786
0,0.0454747565775036
0,0.0460776406496651
0,0.034621893977641
0,0.0481741151124606
0,0.0472583912310016
0,0.0125396428484033
0,0.0472770383993845
0,0.0458719690338176
0,0.0328107208071804
0,0.0219464560117116
0,0.0465629691389807
0,0.0212947466845039
0,0.0218687543870074
0,0.0478910425057355
0,0.0482527880097851
0,0.0473614625244106
0,0.0476522458190169
0,0.0453271271820402
0,0.0486356992194415
0,0.0214109484734701
0,0.047507762569556
0,0.046503668549643
0,0.0474727819475881
0,0.0475711417493181
0,0.0218943109754919
0,0.0220529859605612
0,0.0257367477400841
0,0.0383673763190413
0,0.0472194394907461
0,0.0474619322540066
0,0.0478169337356317
0,0.0211471689742831
0,0.016494508750326
0,0.0156877621900434
0,0.0482813115872513
0,0.0471375215656234
0,0.0477198270004789
0,0.0158183399423347
0,0.0474109009207712
0,0.02055680546997
0,0.0218690812882696
0,0.0113799143444048
0,0.0202875567685191
0,0.0220970184151206
0,0.0125175700354765
0,0.0485302038171207
0,0.0191230783237205
0,0.0480119403380856
0,0.0715528441283458
0,0.0476827449945694
0,0.1746723646118457
0,0.018652137776315
0,0.0214449782594045
0,0.0453852790975491
0,0.0272580677600475
0,0.0454147564654056
0,0.0191835950898866
0,0.0470396389045756
0,0.020991775365099
0,0.0207800673605911
0,0.0273111721279434
0,0.0482816076646278
0,0.0474858993334356
0,0.0345381825189104
0,0.0479264067134165
0,0.0201782510471284
0,0.0484197056054892
0,0.0476687852425736
0,0.0221676157475985
0,0.0197332492081734
0,0.0214650256545704
0,0.0473874102643427
0,0.0473576156322497
0,0.0454499979836768
0,0.0244600926705751
0,0.0463282561212546
0,0.0193702221268403
0,0.0451750961581277
0,0.0179263852379552
0,0.0481871306489564
0,0.0298512827804877
0,0.0470477088229775
0,0.047335915110738
0,0.0463866484616583
0,0.0165419714434063
0,0.0449853290938239
0,0.027876938817838
0,0.0484032381330406
0,0.0135845406054727
0,0.0472593950798305
0,0.0483399252958919
0,0.0477380149501586
0,0.0417098946954952
0,0.0275675627305474
0,0.0120542895073919
0,0.0456819236550158
0,0.0842141238133861
0,0.0205920124047538
0,0.047926139307436
0,0.0473478003677385
0,0.0473555350418713
0,0.0356929352010527
0,0.0201527465293903
0,0.0173344581342515
0,0.0485033058262846
0,0.0458181462037923
0,0.0457084762909429
0,0.0467549316240749
0,0.0472657919109638
0,0.047631975203477
0,0.0457340390707432
0,0.0474875263005442
0,0.0278014497982176
0,0.0208604630248418
0,0.0478445202623076
0,0.0131388879715107
0,0.036889728392405
0,0.019937436599792
0,0.0208618548947819
0,0.01757105244696
0,0.0199788658323697
0,0.0286038768813381
0,0.0470430749745476
0,0.0207724871185235
0,0.0220609998499519
0,0.0484542983517645
0,0.0469333471255647
0,0.0456858034958595
0,0.0483731539480669
0,0.047809685730296
0,0.0481306098125707
0,0.016225823302556
0,0.0158558413723583
0,0.0190766364828328
0,0.0477353394579907
0,0.0212500634373672
0,0.0167841580850124
0,0.0469224342629839
0,0.0219904595351083
0,0.0208391603762649
0,0.0477676423644433
0,0.0161961955481382
0,0.0483996187951158
0,0.0483077684332717
0,0.0483815803008546
0,0.0401595133796269
0,0.0454151255038789
0,0.0150808737784214
0,0.0483772633129914
0,0.0219193878785705
0,0.0471421582605597
0,0.0564205845254889
0,0.0467890454621915
0,0.0366503579223143
0,0.0467464131681125
0,0.0328511419593221
0,0.0432805476630288
0,0.0465159007062896
0,0.0345389798790319
0,0.0481510747814494
0,0.0478278131573751
0,0.0225133136493487
0,0.0248088471124941
0,0.048005617550189
0,0.0473764013899854
0,0.0474766595535449
0,0.0482229600779203
0,0.0483917760674237
0,0.0219210229712351
0,0.0452534844282008
0,0.0462814801944533
0,0.0160461820342892
0,0.0212591249591287
0,0.0454300361057303
0,0.0465034101598794
0,0.0485193996861843
0,0.0149527851337884
0,0.0468145617871041
0,0.018079548178761
0,0.0475129206380337
0,0.0479131367780328
0,0.0475805936430271
0,0.0455148383315596
0,0.0479120634187158
0,0.0479724387920901
0,0.0211161932334264
0,0.047605759533577
0,0.0478388846669528
0,0.0210564613824857
0,0.0476796700004757
0,0.0478050092370871
0,0.0457655966297793
0,0.0456834675143064
0,0.0481657066997271
0,0.0233937247152168
0,0.0483349574900842
0,0.0480281555862195
0,0.0479175506934864
0,0.0466924488760504
0,0.0211880369017841
0,0.0203858634532996
0,0.0454592042483716
0,0.0358100169842474
0,0.0233188704799081
0,0.0734927274357259
0,0.046325784426043
0,0.0474528972135884
0,0.0472899128000446
0,0.0484967569784397
0,0.0354786159354975
0,0.045882595608525
0,0.0167095671331035
0,0.0200553594110807
0,0.0532717219022255
0,0.0452053871401742
0,0.0485298956537202
0,0.0363974565403968
0,0.0481908980915825
0,0.0190500025954457
0,0.0481889282445662
0,0.0483190302395366
0,0.0394321192675606
0,0.0124920546903166
0,0.048116406021064
0,0.0479571859608341
0,0.0141689319802121
0,0.0218796659593766
0,0.0480908298259088
0,0.0141163559402651
0,0.016220695981058
0,0.0455743580046309
0,0.0189997536171568
0,0.0482666981486508
0,0.0349811949260193
0,0.0464297158661979
0,0.0453786609538775
0,0.0163599493039002
0,0.0461930030117995
0,0.0474698707423568
0,0.0434113057150799
0,0.0186943979869198
0,0.0205974652473945
0,0.0208327030101911
0,0.0275734639455522
0,0.0409833152423042
0,0.1209873928131732
0,0.0480971297742732
0,0.0455812433219547
0,0.0479922891293771
0,0.0219261116135937
0,0.0537926156607853
0,0.0371431762644567
0,0.0215321604409138
0,0.0205653399961743
0,0.047546243579152
0,0.0205040693956496
0,0.0217855382728048
0,0.0592479433864223
0,0.0467868136409219
0,0.021689146843478
0,0.0484686783026091
0,0.0215331936526282
0,0.0484987773841811
0,0.0220804873579349
0,0.0426956371825535
0,0.0136192601947342
0,0.0467877572794056
0,0.0178446716782798
0,0.0256987327555298
0,0.0659136464529965
0,0.0472158376586753
0,0.0402283962924918
0,0.0483131209712996
0,0.0467003998538636
0,0.0185105142534845
0,0.0397908363936733
0,0.0470053996754609
0,0.047001184054442
0,0.0483408998184195
0,0.0482337628222433
0,0.0451789870779317
0,0.0470485672868517
0,0.0348151069829435
0,0.0203200278868116
0,0.0453285589015672
0,0.0273804120686108
0,0.0472763162922149
0,0.0132179930678576
0,0.0219913204959626
0,0.0456711656379906
0,0.0614924727423025
0,0.0210451609219427
0,0.046415812121489
0,0.0190758613909137
0,0.0484603496118159
0,0.0178075751134007
0,0.0476528039701741
0,0.0466265658420555
0,0.0175262308227905
0,0.0484514088250321
0,0.0179966143477989
0,0.0525671911531015
0,0.0235668814443199
0,0.057106425744723
0,0.1077101398938532
0,0.0349134475109951
0,0.0474983625890361
0,0.0481593235516434
0,0.0480241925241618
0,0.048071323823421
0,0.04815921978211
0,0.0210397663247078
0,0.0454083687611148
0,0.0475652355229626
0,0.0399756530938422
0,0.0208352393863888
0,0.0457765920096056
0,0.0779958523338022
0,0.048239599394792
0,0.0469808017074788
0,0.0179066480648494
0,0.0472545412209046
0,0.0550043231962258
0,0.0458504101310884
0,0.0195981125664318
0,0.04829945921544
0,0.0475517966959084
0,0.0483169587663666
0,0.0459958748954033
0,0.0462984571541438
0,0.0187106780294447
0,0.0479873381477957
0,0.0455224934144444
0,0.0476917244498478
0,0.0485226097006754
0,0.0452505335750861
0,0.0456556512734966
0,0.0478713771363159
0,0.0262706259042417
0,0.0372645476589118
0,0.0212179282835776
0,0.0475765380865106
0,0.0473284353009181
0,0.047820226295648
0,0.04658273778984
0,0.0471912441157529
0,0.0314733078538829
0,0.0452386375377616
0,0.0480604639831914
0,0.0480778344371645
0,0.0463741966322912
0,0.0469265163932807
0,0.0479443546534382
0,0.0464346154861354
0,0.0483622700778641
0,0.0121981922545262
0,0.0220101592852007
0,0.0172669645121421
0,0.0214350749014482
0,0.0461446646540183
0,0.0480836744248961
0,0.0163562531854537
0,0.0455178796019631
0,0.046749771658546
0,0.0479876660596489
0,0.0247728630723355
0,0.0300863125066654
0,0.0212875858970956
0,0.0477833302073999
0,0.0215947768379019
0,0.0473542503910957
0,0.0477940574155762
0,0.0479261974006343
0,0.0460309831312266
0,0.0409360085084118
0,0.0449570366576568
0,0.0345960870672019
0,0.0456033058303534
0,0.0464267527977168
0,0.0485496470537072
0,0.0483253109869001
0,0.0193785755853124
0,0.0452119528367407
0,0.0475032428144463
0,0.0482649865231902
0,0.0458991032468638
0,0.0211156539024809
0,0.0451309542858194
0,0.0185878864565597
0,0.0480602501767119
0,0.0211138742600536
0,0.0163164758778452
0,0.0228004082258343
0,0.0481843466406763
0,0.0168688274881413
0,0.0472097044160048
0,0.0479306840473117
0,0.0165352902805768
0,0.0484654673540471
0,0.045130311962388
0,0.0347020598455835
0,0.0189451792324669
0,0.0466810433802017
0,0.0454350616458547
0,0.0327956562558606
0,0.0481914564321042
0,0.047907348630957
0,0.0209804426371938
0,0.029807407010512
0,0.0359614572363173
0,0.0482555107611936
0,0.0218178140845506
0,0.1821194392432172
0,0.0476582928951354
0,0.0480928664735087
0,0.0481265319190038
0,0.01894231986126
0,0.0473363998001273
0,0.0483764131584376
0,0.0158014830709506
0,0.0212703774226156
0,0.0349161666912238
0,0.0139974943798866
0,0.0476075536465681
0,0.0480560388189902
0,0.0721123493057672
0,0.0475939276308604
0,0.0203860824952817
0,0.0482303028964233
0,0.0196966336164717
0,0.0159836848394134
0,0.0219348230285732
0,0.0451150897296847
0,0.0457611156967297
0,0.0467245795860738
0,0.0481553447565582
0,0.0204239994285328
0,0.107528959462324
0,0.0169229706075489
0,0.0214395076621324
0,0.0460511928391846
0,0.0179518283568124
0,0.0178426793616043
0,0.0308763026467168
0,0.0172690916784785
0,0.0484293390327889
0,0.0477968437737606
0,0.0219320082971758
0,0.0484409001605745
0,0.0124801896948357
0,0.021870285774421
0,0.0428353892323266
0,0.0213469097403424
0,0.0170370559416798
0,0.0477215495736376
0,0.0119896059719393
0,0.0482318696275809
0,0.0471004900044008
0,0.017461019689808
0,0.0205093184904242
0,0.0205808276735933
0,0.0709857007088158
0,0.0475778586836366
0,0.045978129957343
0,0.047810017788179
0,0.0596742516293375
0,0.0177264895589055
0,0.0477537628888917
0,0.0469166417934575
0,0.0181829722482927
0,0.030366064532546
0,0.0387595787445456
0,0.0478569114231393
0,0.0193463898495479
0,0.047355210932724
0,0.0393924628612982
0,0.0250395094025024
0,0.0484106624272147
0,0.045554468145946
0,0.0468596582608961
0,0.0184370819942814
0,0.0178111441405225
0,0.0474262382706401
0,0.0164959494966114
0,0.0210800778366324
0,0.0153265086225256
0,0.0170266979573375
0,0.0204178153300447
0,0.0450866737596611
0,0.0478128225011204
0,0.0470050557847319
0,0.0467511650806814
0,0.0363792937942717
0,0.0480775182744848
0,0.014830893264141
0,0.0208893268392374
0,0.0469870266139963
0,0.0206852780784076
0,0.0344675526861408
0,0.0477022327593884
0,0.046835601920783
0,0.0149535796635719
0,0.0158685572833554
0,0.0402275589957049
0,0.0146071860916885
0,0.0208479715014688
0,0.0468489381218392
0,0.0476591005237642
0,0.0484934263227422
0,0.0482393600739779
0,0.0197050436683872
0,0.0482695934537118
0,0.0217433391073798
0,0.0466079540772899
0,0.0219228546238867
0,0.0277359272742211
0,0.0454376265759361
0,0.0464662047992445
0,0.0480159554230979
0,0.0481042113866277
0,0.0482292642551275
0,0.0212773184355414
0,0.0440053726538459
0,0.0458595992686018
0,0.0414349066338293
0,0.044796166723646
0,0.0153299751500053
0,0.0473557574325097
0,0.0477501504042833
0,0.0475074621813975
0,0.019838758656521
0,0.0473645781091158
0,0.0475664395595704
0,0.047637395261067
0,0.0481866276177371
0,0.0448687765907723
0,0.0475264997786471
0,0.0482709563981973
0,0.0195094950824716
0,0.024739283404988
0,0.0147373438209208
0,0.0483050646422578
0,0.0188405399556227
0,0.0454046704036241
0,0.0462963848555406
0,0.0402249650844572
0,0.0241916223467059
0,0.0475635814465581
0,0.0465823981289072
0,0.0209188735853109
0,0.0171493275583242
0,0.0357948215944333
0,0.0475083066977662
0,0.0191928555857861
0,0.0177128213190609
0,0.0479196425354485
0,0.0396842170883767
0,0.0183701361949029
0,0.047492941847005
0,0.0462917870777036
0,0.0277887516939819
0,0.0465364202060065
0,0.0467351596478789
0,0.0455555964657597
0,0.0482470500495476
0,0.0456683841818529
0,0.0421161905154027
0,0.0481986655769728
0,0.0264070356230773
0,0.0482010086182977
0,0.0206036312467893
0,0.0222534014091105
0,0.0213470072364849
0,0.0484491792478206
0,0.0480084777516283
0,0.0480693377335696
0,0.0209190969147709
0,0.0463467069494608
0,0.0213594026753021
0,0.0468892483682422
0,0.0351408369068505
0,0.0211352255923129
0,0.0204187314431985
0,0.0481046052155825
0,0.0332811469371045
0,0.0460481470760855
0,0.047980389950474
0,0.0237192189820113
0,0.0456652639723225
0,0.0327182595395679
0,0.0148401995899557
0,0.048486792057808
0,0.0174589274322245
0,0.045776783268767
0,0.0275334485569089
0,0.0632141574705237
0,0.044239507024052
0,0.0159471945907342
0,0.0461038786569611
0,0.0141199776543352
0,0.0349166497918148
0,0.0209795896417667
0,0.0218709018549526
0,0.0484052215742082
0,0.0200020770341729
0,0.0173239628945189
0,0.0211074960498932
0,0.0476970933590678
0,0.1076862823184266
0,0.0478138061273612
0,0.0158542284812467
0,0.0457754742166703
0,0.047354883882717
0,0.0467537793171757
0,0.0483700965759372
0,0.0473395803993719
0,0.018652070899548
0,0.0440841741976329
0,0.0276323156671415
0,0.0480975748672578
0,0.0240396470224889
0,0.0468220837854073
0,0.0186522161681472
0,0.0483695519428861
0,0.0149728547581727
0,0.0185101893009029
0,0.0461411971310495
0,0.0482429421263433
0,0.0465130643364394
0,0.0479871161788489
0,0.0472588033551401
0,0.0190057320630856
0,0.0793725629270519
0,0.0433732960218696
0,0.0182067275872807
0,0.0461232927224862
0,0.0476643609847989
0,0.0476445845009969
0,0.0480368428233283
0,0.0219702745044613
0,0.0219507497134954
0,0.0480253546302058
0,0.0184792295564438
0,0.0452279907144889
0,0.0477020300451658
0,0.0136296790960816
0,0.0482283784522998
0,0.0240247022657764
0,0.0220065871718117
0,0.0478337753926545
0,0.0475510508314919
0,0.0481268047864417
0,0.0470206643063711
0,0.0479306187154169
0,0.0470575365746301
0,0.0211996671002566
0,0.0462233971008031
0,0.0481022915323172
0,0.047677656380142
0,0.0323574214120915
0,0.0346061379225004
0,0.0199876767435578
0,0.0247974602682518
0,0.0474024562467283
0,0.0219094833753427
0,0.0476454851856939
0,0.0219672824033193
0,0.048188216396847
0,0.0475629740294888
0,0.0480697006940015
0,0.048090328686275
0,0.0142362907316609
0,0.0223273221994731
0,0.0473609035664879
0,0.0465204340518073
0,0.0550992003859439
0,0.0476515665919486
0,0.0210993145664412
0,0.0470679108131503
0,0.0480780720362217
0,0.0449954921243479
0,0.048402117884366
0,0.0210697281847994
0,0.0305908992659234
0,0.0448642710157358
0,0.0473772891446654
0,0.047684415848406
0,0.0408875502501025
0,0.0454262140045124
0,0.0477501156837706
0,0.0140752553681426
0,0.046774760986608
0,0.020711066014609
0,0.0484980526862182
0,0.0325042497378026
0,0.046344421751527
0,0.0478184039609346
0,0.0483881174177939
0,0.0479323706728249
0,0.0135985185213228
0,0.0478152293224665
0,0.0349566719228119
0,0.0346456761867821
0,0.0482566827803436
0,0.0191913900168518
0,0.0479928962275077
0,0.0193527946026181
0,0.0465935668083461
0,0.0475533863505448
0,0.0452497433458112
0,0.0596770103587804
0,0.0470277175467804
0,0.0428395804131424
0,0.0345937815683329
0,0.0475602276430251
0,0.047915619082698
0,0.0164165915305562
0,0.0355693868058122
0,0.0478131444518598
0,0.0478718332432209
0,0.0149836332530491
0,0.0200961351269585
0,0.0456467414899044
0,0.0476615906513504
0,0.0480674870149613
0,0.0471644919877878
0,0.0480995496779583
0,0.0153866682561638
0,0.0477737089142498
0,0.0469426789871354
0,0.0482495917382616
0,0.0480864962600806
0,0.047004459755043
0,0.0484593394865987
0,0.0530471467839933
0,0.0451678115097127
0,0.0480675311342144
0,0.0448069989084811
0,0.1076354492576365
0,0.0466107240017688
0,0.0483733462449272
0,0.0483873641911053
0,0.0480875422849358
0,0.0207674717876009
0,0.0452338600659466
0,0.0198145234975209
0,0.015644637634952
0,0.0482699367343635
0,0.0182087803903582
0,0.024945349484598
0,0.0202945023501898
0,0.0454953823743671
0,0.038430543162502
0,0.0471715297227565
0,0.0453089263106252
0,0.0454878078146911
0,0.204111995245173
0,0.0460154530937459
0,0.048215471033939
0,0.0186058350008022
0,0.0476490033510083
0,0.0484113706474185
0,0.0460926427860154
0,0.0372777987142094
0,0.0484053159171578
0,0.0481942351371367
0,0.0448650914076855
0,0.0172216397485858
0,0.0469873345937371
0,0.0466803592363284
0,0.0481130086049908
0,0.0193505072437454
0,0.0314663610183884
0,0.0169066636334227
0,0.0481021465901845
0,0.0388354212965457
0,0.0483217784136062
0,0.0222461553909669
0,0.0183645668727827
0,0.0182930117065829
0,0.0483105899869749
0,0.0481697666226478
0,0.0463647714046176
0,0.0207929523798964
0,0.0354266779211387
0,0.0178158059809363
0,0.0474282358942796
0,0.0211994120156003
0,0.0201272924739345
0,0.0198541706259623
0,0.0218761844543673
0,0.0471465288721379
0,0.0484936113713243
0,0.0223162760436398
0,0.0216379505725087
0,0.0457514270167601
0,0.0217404024416396
0,0.016675927713154
0,0.0475888175897153
0,0.0474185826890953
0,0.018358780957691
0,0.0387863332656933
0,0.0454770132380332
0,0.0157889010459552
0,0.0470166772980462
0,0.0195770118268258
0,0.0202893944622129
0,0.0209824513667697
0,0.0183961972436256
0,0.0220217849995351
0,0.0218795924664577
0,0.0470120478118351
0,0.0372785593786059
0,0.0455245430665213
0,0.0178271941861937
0,0.0456922069664851
0,0.0470991109963095
0,0.0482454203261295
0,0.0218515187192374
0,0.0482888099219054
0,0.0303913639531048
0,0.0484124076589962
0,0.0485085384599271
0,0.0480409897995954
0,0.0478089076852176
0,0.0208429447784375
0,0.0508795421939451
0,0.0221406557296333
0,0.0467269800003791
0,0.0475677662334321
0,0.046038225400756
0,0.0478609467257908
0,0.0478087009415419
0,0.0389384412172466
0,0.0191542756490645
0,0.0191372294383514
0,0.0473670530247894
0,0.0482281854329445
0,0.045399405002543
0,0.0480373113560587
0,0.0254314460949495
0,0.0478998578992367
0,0.0456974282292076
0,0.0481164805028621
0,0.0357728725443795
0,0.043342315949158
0,0.0503516910720793
0,0.0138559850722219
0,0.0424282658815232
0,0.0478027743689668
0,0.0477272701729858
0,0.0471329974865451
0,0.02168530767649
0,0.0458440659402244
0,0.0143260821913745
0,0.021623658925387
0,0.015374199536274
0,0.0473381016682396
0,0.0473310499590439
0,0.0459486178970607
0,0.0113040957124136
0,0.0486435071986154
0,0.0475461874986911
0,0.0441099907517081
0,0.0483949191933549
0,0.0484698270552758
0,0.0484929196955619
0,0.0218647571632365
0,0.0219462231914898
0,0.0204181741495478
0,0.0467997297140773
0,0.0453776624809135
0,0.0483051996121937
0,0.0483770557240518
0,0.0216718851499489
0,0.0211072568337706
0,0.0413599992073619
0,0.046884331928616
0,0.0192788116276558
0,0.0202930629452473
0,0.0461839456368631
0,0.0217329012305935
0,0.0484981820856973
0,0.0356648338075446
0,0.030789675848876
0,0.0482873279178928
0,0.0149352564606664
0,0.0472260271803353
0,0.0469782483582322
0,0.0217180141527887
0,0.0386618096527351
0,0.0452283528613079
0,0.0480878940446054
0,0.046061743454957
0,0.0178851644987724
0,0.0467655819002418
0,0.0478415500836141
0,0.0477114764054038
0,0.0454411765385352
0,0.0456665948854418
0,0.0473415929644954
0,0.0217063855078963
0,0.0483923026013469
0,0.0143426347613373
0,0.0477175680877251
0,0.0467047048407968
0,0.0479071954963421
0,0.0468466869710034
0,0.0479841087819678
0,0.0466522946160375
0,0.0154258538169783
0,0.0472633510460011
0,0.0479893298711503
0,0.0482955415778335
0,0.0471001266721467
0,0.021806502181636
0,0.0480694652891153
0,0.0477500963849397
0,0.0207904497933488
0,0.046670125901679
0,0.0485502398295537
0,0.0530805554593865
0,0.0486256970731931
0,0.0346878498714035
0,0.0482826962776018
0,0.0398620245551728
0,0.0481098704729086
0,0.0451961574706276
0,0.0457513954588997
0,0.019738262048567
0,0.04796496910179
0,0.0469030458427912
0,0.0478818972894477
0,0.0454210817980619
0,0.0314878891144004
0,0.04722738792873
0,0.0186441881668879
0,0.0481480237445819
0,0.0473624033487604
0,0.0472277493521775
0,0.0467459528117089
0,0.0472181222605969
0,0.0476001692367948
0,0.0219447429810402
0,0.0149042727284608
0,0.0153732920133044
0,0.0451758477290521
0,0.0478020160583695
0,0.019352808333591
0,0.0453284531578897
0,0.048390646832541
0,0.0475547517773366
0,0.0479554325231096
0,0.047905916187937
0,0.046973505075999
0,0.0472097854282221
0,0.0472602982090051
0,0.0481300112368129
0,0.0398796010785333
0,0.0636572402977583
0,0.046431228474762
0,0.0475683786211477
0,0.0471327983284463
0,0.0475742555775667
0,0.0455123608128434
0,0.0460490685110616
0,0.0471809080104112
0,0.0219826392842142
0,0.016850626590144
0,0.0173121906589005
0,0.0479024719133402
0,0.0118912670465119
0,0.0167361542105415
0,0.0475501813598443
0,0.0278884958904827
0,0.0456391100226765
0,0.0206737461887558
0,0.0474691976864976
0,0.0211835243859587
0,0.0478984413120721
0,0.0394294691650475
0,0.0211306344789473
0,0.0479166835466913
0,0.0552935139191706
0,0.030209013654535
0,0.0458302001413263
0,0.0466731132255832
0,0.0298187859396813
0,0.046623441992692
0,0.0205139182762488
0,0.0185877256965532
0,0.0217448449847667
0,0.0210072219398144
0,0.0478266015055898
0,0.0459745870095893
0,0.0467732053496851
0,0.047826082696091
0,0.0446841310277127
0,0.0476082565167393
0,0.0273629068609739
0,0.0644806676177901
0,0.0259577227733261
0,0.0486581203857641
0,0.0107754398523565
0,0.0402080921219348
0,0.0456216080500052
0,0.0454762670470104
0,0.0482423071392175
0,0.0462628800298615
0,0.0481636910272522
0,0.0454749602461441
0,0.0479982514724076
0,0.0589630831418953
0,0.0475133187371128
0,0.0478015951902505
0,0.0482721669180733
0,0.0181490326937107
0,0.0288206760800363
0,0.0202359794717536
0,0.0483120584387071
0,0.0479130627747809
0,0.0468109604409932
0,0.0479008894871203
0,0.0377285350544009
0,0.0484756936039679
0,0.0166974068792517
0,0.0173790869549815
0,0.0473068998248378
0,0.0477940673228594
0,0.045312684733601
0,0.3690633203914522
0,0.0272180993882012
0,0.0481559488712323
0,0.0475517242128183
0,0.0397190552894207
0,0.0449727195410937
0,0.016158562025931
0,0.0480656293944174
0,0.0162965490610571
0,0.0483229242729078
0,0.0471431315081286
0,0.0456044225779186
0,0.0206514354635254
0,0.0327014159103689
0,0.0449972660730419
0,0.0484505248122265
0,0.0481437072859909
0,0.0471046315984784
0,0.04527443938743
0,0.0220486855517291
0,0.0457346675911068
0,0.0276274080812293
0,0.0461443854449528
0,0.0475511947630544
0,0.0478509144326922
0,0.0272715649780024
0,0.0480803044570308
0,0.0202062204850875
0,0.0222061166980193
0,0.0465781026486915
0,0.0463867581091825
0,0.0477939226455808
0,0.0463802671980798
0,0.0480730797763598
0,0.045893291902715
0,0.017798907174959
0,0.0433778034280407
0,0.010903048683135
0,0.0474703178031251
0,0.0454114119589135
0,0.0254678672091343
0,0.04750864208435
0,0.0481619992330177
0,0.0213673034358474
0,0.0484748217672387
0,0.0478148951809576
0,0.0483040213586211
0,0.020723928291089
0,0.0219789266295513
0,0.0206430578540292
0,0.0476069957481623
0,0.0469908580768108
0,0.0482488388420375
0,0.0452456841805477
0,0.0428055934097321
0,0.0422928437672676
0,0.0477875109856694
0,0.0184920381524667
0,0.0140035577421623
0,0.0274976272531358
0,0.0357847356012784
0,0.0477949780494761
0,0.1207742306488238
0,0.04808588685228
0,0.0144992484038153
0,0.0221750181610905
0,0.0367634283131733
0,0.0136199527293904
0,0.0205839288736632
0,0.0477091649580942
0,0.0190101140696206
0,0.0349417740984872
0,0.0481459939351404
0,0.0483393700993915
0,0.0182568107273409
0,0.0165102618663486
0,0.0473987448421868
0,0.0479885719855218
0,0.0193527121306065
0,0.0367424909355256
0,0.0477102043045004
0,0.0469286681415526
0,0.0476468581341821
0,0.0193959316103239
0,0.04228517721818
0,0.01252811236846
0,0.0177534458778112
0,0.0400028829868793
0,0.0480844826725396
0,0.0457918554336484
0,0.0161988216357731
0,0.0218184888372652
0,0.0249251116142345
0,0.0473107206959981
0,0.046936631167856
0,0.0482557207527442
0,0.047511397137797
0,0.0480854642264658
0,0.046979689933983
0,0.0483294316968689
0,0.048276960539592
0,0.0453043635178537
0,0.0475546571241823
0,0.0478239361914156
0,0.0476944792055513
0,0.0376769613336502
0,0.0191041052240972
0,0.0434709685588211
0,0.0150959644666002
0,0.0453136019266501
0,0.0458421121445994
0,0.0456913035317311
0,0.0437592396536951
0,0.0218234973209351
0,0.0274723255774996
0,0.0478786716730094
0,0.0298212165166619
0,0.0208832837555237
0,0.0454717539282627
0,0.0382506442407412
0,0.0209482700719369
0,0.0199293351020627
0,0.0475631016064694
0,0.0470053687748181
0,0.0218946497319811
0,0.0483482199419575
0,0.0478387888952345
0,0.0451930787718076
0,0.0354496065425204
0,0.0485371121021434
0,0.0199115471497959
0,0.048170015414773
0,0.0457525664409311
0,0.0100580282383715
0,0.0120439853169418
0,0.0474480580395315
0,0.0204064693266831
0,0.0482902681710829
0,0.045692067515952
0,0.0459592330560664
0,0.0480404148504387
0,0.0457207104420785
0,0.0480758949653353
0,0.0476270580081006
0,0.0482549413154606
0,0.0186524800723717
0,0.0163068535301595
0,0.0295992797355
0,0.0774342529640807
0,0.0473915012619049
0,0.0158719480928752
0,0.047979847413248
0,0.0452370620101176
0,0.0479110923548266
0,0.0475808349226217
0,0.0249408001109838
0,0.048324712232033
0,0.0476366536615108
0,0.0389751477888069
0,0.0157886659067414
0,0.0287892131360517
0,0.0217899369095331
0,0.023276765909607
0,0.0481436906408201
0,0.0156298568593422
0,0.0453313381068936
0,0.0248505128813651
0,0.0477824536783183
0,0.0215767257421133
0,0.0476110815727364
0,0.0466254171025659
0,0.0192911375986784
0,0.0207363124577306
0,0.0161325729072333
0,0.0477993893083429
0,0.0473714068990237
0,0.0131579165122487
0,0.0932711717068822
0,0.0165170371965423
0,0.0480002130637965
0,0.0433755465046182
0,0.0216535028868246
0,0.0482584271806655
0,0.0157622030051602
0,0.0153822072967407
0,0.0211486161599743
0,0.0222619141694804
0,0.0161820659552694
0,0.1760591573255507
0,0.0222058415125094
0,0.0453382730823991
0,0.0455403324661162
0,0.019400720964056
0,0.046044254091465
0,0.0293050282104009
0,0.0209188966947316
0,0.0136191342589734
0,0.0475466751670352
0,0.0471871442786639
0,0.0163436957583076
0,0.0455094375204567
0,0.0472520772002717
0,0.01792151107759
0,0.036658601227715
0,0.0452772379894461
0,0.0475211224551965
0,0.0477891402390902
0,0.0204032649512398
0,0.0479213432612269
0,0.0388192316690638
0,0.0200618426067718
0,0.0462853049095051
0,0.0479958419031874
0,0.0452425504215089
0,0.0377001515422091
0,0.0472173746571124
0,0.0474772539864363
0,0.0199950776527368
0,0.0409527997987867
0,0.0479123909581673
0,0.0434258607114726
0,0.0209695926367725
0,0.0474780470912954
0,0.0480201280519205
0,0.0454720074031962
0,0.0473357625574802
0,0.0482717806240588
0,0.0460707229333674
0,0.1648033353034539
0,0.0206945759948409
0,0.0220471013451828
0,0.0476101866235706
0,0.0205940745462729
0,0.0474366600900864
0,0.0347735667739732
0,0.0480640609773335
0,0.0456830227109225
0,0.0474300006630143
0,0.0254660682257867
0,0.0197955969090902
0,0.0479375820743344
0,0.0581741416411794
0,0.0479954515141379
0,0.0481825555697768
0,0.0484110284416937
0,0.0185513199567475
0,0.0211599511351111
0,0.0481822677007172
0,0.0481997409970813
0,0.0213644668744469
0,0.0209060754366618
0,0.0482848880583754
0,0.0483503972798843
0,0.0167439390979611
0,0.0475430934144671
0,0.0457924293110431
0,0.0389569677164866
0,0.0484784109731901
0,0.0188442385835884
0,0.0465917322656984
0,0.0217821527775607
0,0.0482558912973082
0,0.047362713668276
0,0.0367289140795039
0,0.046822285033576
0,0.0121265642253528
0,0.0168575305062252
0,0.0474689449683887
0,0.0219821002339126
0,0.02813356936344
0,0.0480025799018549
0,0.0464859527725491
0,0.0482774033815388
0,0.0477960269707023
0,0.017566709683093
0,0.04595270434218
0,0.0463320961958538
0,0.0484186854471606
0,0.0483689640483636
0,0.04427600426356
0,0.0478944573827914
0,0.0209713916384248
0,0.0482107983132063
0,0.0464969678605361
0,0.0482535780472163
0,0.0467926064225602
0,0.0476559382437543
0,0.0215897579110039
0,0.0454788775426987
0,0.0479277013914708
0,0.0271923467333556
0,0.0215916206176622
0,0.0480710311315
0,0.0212741272883824
0,0.0470164453407294
0,0.0275800386755434
0,0.0204142346895137
0,0.0185306691151983
0,0.0482677383200112
0,0.0297212857439567
0,0.0475605147574732
0,0.0483239780153739
0,0.0215289402177166
0,0.0481533527125186
0,0.0454220818461191
0,0.0477736994974425
0,0.01433170294461
0,0.1403790641231489
0,0.0459298770999733
0,0.046808525085509
0,0.0657428338076005
0,0.0479234509334662
0,0.0473550290753281
0,0.0468180143691598
0,0.0480886050207899
0,0.0481203216714773
0,0.0313416317819953
0,0.0174901983698606
0,0.031702361168184
0,0.0460120414892132
0,0.0475206760289314
0,0.0161168724453515
0,0.0477301358200851
0,0.0259260131069222
0,0.0200296053077155
0,0.0456564636550735
0,0.0482856891135861
0,0.0480683016456517
0,0.0484144652951965
0,0.0206361931584888
0,0.0461983392951143
0,0.0483592059304128
0,0.0458940554694476
0,0.0475580326627786
0,0.0512743258746091
0,0.0216088285084546
0,0.047254373130044
0,0.065598782620233
0,0.0241417463583816
0,0.0473720658041018
0,0.0228139721941419
0,0.0467932914253969
0,0.0472567349358439
0,0.0461880462954171
0,0.0531421821412157
0,0.0482872976727378
0,0.036785624159479
0,0.0478291906595253
0,0.0466918280010481
0,0.0470335861670157
0,0.0476646783141211
0,0.0215895052679699
0,0.020603073241518
0,0.0156335613209477
0,0.0188271659940077
0,0.0219848704108925
0,0.0482248388305759
0,0.0204930735058917
0,0.0478537331489825
0,0.0463893646679542
0,0.0208387704293105
0,0.0314545033905177
0,0.0473953574682995
0,0.0457567886207615
0,0.0416629274340046
0,0.0221978684627329
0,0.0460194779132576
0,0.0214764964773133
0,0.0478440761817733
0,0.0479478093828439
0,0.0469680097089187
0,0.0482371090230293
0,0.0193218144455569
0,0.0476484931728749
0,0.0219688419074417
0,0.0203897861672133
0,0.0471557899982975
0,0.0216132046607992
0,0.0160286499480199
0,0.0164032477739993
0,0.0475220610484614
0,0.0484166430479314
0,0.0366329426905004
0,0.0504186349454767
0,0.0458307135349347
0,0.0126494792537685
0,0.0484675702843285
0,0.0447747288803204
0,0.0402215819505529
0,0.0459972571509389
0,0.0349705424136958
0,0.0457654131324371
0,0.0247291016034088
0,0.0138033738545655
0,0.0327712136383551
0,0.0344734401718338
0,0.0481243431910606
0,0.0217031981847961
0,0.0210577271496184
0,0.016731089739656
0,0.0469314857662692
0,0.0454110629360753
0,0.0457360613853754
0,0.0479293901694578
0,0.0519874584488927
0,0.0477048849125392
0,0.048071809022889
0,0.020305600781431
0,0.0483042438204455
0,0.0480797172504822
0,0.0209005290096148
0,0.0460601674423746
0,0.014083932970145
0,0.0219244467028852
0,0.0462810744237246
0,0.0459117843880574
0,0.0662117331809628
0,0.0219442722695585
0,0.0459943824124369
0,0.0482823764656347
0,0.0479194606052798
0,0.0475558170718312
0,0.047541549445531
0,0.0454784974190438
0,0.0323992324849239
0,0.0483247718071685
0,0.0480198576058868
0,0.0306147821100463
0,0.0463181746631315
0,0.0472449875537651
0,0.0197201150381706
0,0.0174985759073239
0,0.0357952106238382
0,0.0481678344542545
0,0.0483001595449769
0,0.0332906355467729
0,0.0456777704712973
0,0.0120913850309972
0,0.0168386797041735
0,0.048431962954736
0,0.0220146430122409
0,0.0479039074110584
0,0.0479013519083445
0,0.0484170944043246
0,0.0408989533838147
0,0.0207862763107663
0,0.0450745824668027
0,0.0367117086461803
0,0.0478193334668521
0,0.0480860985456129
0,0.034689188696087
0,0.047400661598813
0,0.0480738124448685
0,0.034401585070425
0,0.0481512134219565
0,0.0477500481288603
0,0.0462133171652064
0,0.0478268931469104
0,0.0480849822508718
0,0.0229657194379103
0,0.0191013780971747
0,0.0483766585189094
0,0.0482254798839356
0,0.0471463440802249
0,0.0220741830446073
0,0.0200123546071945
0,0.0180201984974636
0,0.0123119971140747
0,0.0467267896021829
0,0.0210985371451108
0,0.1649572070348104
0,0.01612363887109
0,0.0387888287528309
0,0.0477149705479581
0,0.0480318707132896
0,0.0455273063410983
0,0.0482188765325791
0,0.0207538394644166
0,0.0472066396719777
0,0.0480256352819939
0,0.0205781135684382
0,0.0219786135174248
0,0.0211323170363151
0,0.0453099112059234
0,0.0448491659252019
0,0.0324888694913623
0,0.0394386749585646
0,0.0480744978537372
0,0.0485953166332784
0,0.0478262774591872
0,0.0252503311789475
0,0.0471847040913453
0,0.0209693362748393
0,0.048402754745369
0,0.0211251982440261
0,0.0210970342509885
0,0.0480060306668116
0,0.0465996822717026
0,0.0480723474148729
0,0.0126417485245803
0,0.0347688224216707
0,0.0473215470610899
0,0.0478454478348934
0,0.0454633337657092
0,0.0474646386000578
0,0.0219643764762774
0,0.0472640065946845
0,0.0468324733854921
0,0.0503069092609268
0,0.0475739195147259
0,0.0476951524420006
0,0.0159498521185016
0,0.0272773200579193
0,0.0454319403900851
0,0.0221528951823772
0,0.0457828736457566
0,0.047977829496265
0,0.0479457977782297
0,0.0455277280734621
0,0.048036998673963
0,0.0478281555649909
0,0.0477534333503589
0,0.0181857314476712
0,0.0473390187785889
0,0.0479653100038653
0,0.0216145941443957
0,0.0474378361429697
0,0.0475588949910441
0,0.0479211082589038
0,0.0476519915483095
0,0.0474506521997353
0,0.0220107747993907
0,0.017387942666276
0,0.0477521364038957
0,0.0452427334991364
0,0.0472177716686707
0,0.0349707206775442
0,0.0202272996674354
0,0.0457189006435466
0,0.0220300877910464
0,0.0484366739856907
0,0.0482099958383399
0,0.0459441153099955
0,0.0172443536506184
0,0.0453565135420422
0,0.0454543484518329
0,0.047573485995043
0,0.0451486054325708
0,0.0478737077240022
0,0.0450837627491375
0,0.0484312670740081
0,0.0483016033903054
0,0.0472645394685466
0,0.0475079195240172
0,0.0103013604320336
0,0.0475054756274508
0,0.015783673866492
0,0.0208264537032099
0,0.0210739708573347
0,0.0474938242616328
0,0.047407024561519
0,0.0162797285319825
0,0.0458303277127946
0,0.0456026711144889
0,0.0465202990786724
0,0.0473732146177655
0,0.0461773505007999
0,0.0452787018589399
0,0.0472744090266405
0,0.0210260132827716
0,0.0451131979560012
0,0.04823990037861
0,0.0478393828577286
0,0.0475768674201053
0,0.0467315431779332
0,0.036741109535421
0,0.0474521657328012
0,0.0655640464656353
0,0.0428256491077223
0,0.0206362014542938
0,0.0450715864009908
0,0.0210863562889078
0,0.0480440802055067
0,0.0471478145161439
0,0.036769189144163
0,0.02099347736927
0,0.02213731719698
0,0.0355417496267997
0,0.0480769923425424
0,0.0475818054614
0,0.046246305379465
0,0.0220717473385612
0,0.0475563603509579
0,0.0464846398470111
0,0.0462368435504713
0,0.0144013145984043
0,0.0702023327089002
0,0.0471407638473247
0,0.0154245827651673
0,0.0482818557919926
0,0.0158103722756243
0,0.0478892739344947
0,0.0275276083813339
0,0.0482284683234573
0,0.019796227395164
0,0.0235169658027842
0,0.045516483242029
0,0.0292338173756887
0,0.0480179979265699
0,0.0469784767457515
0,0.0453527377619435
0,0.0457442644795075
0,0.0151688062120885
0,0.0477250623299787
0,0.0482803245127112
0,0.0483965298634252
0,0.0463912094126668
0,0.0483538108729197
0,0.0359299375837276
0,0.0120022950298719
0,0.0461484682511512
0,0.0212795804310864
0,0.0213916535424868
0,0.0217038957401539
0,0.0121178863087986
0,0.0200820890674364
0,0.0387545592328877
0,0.0376701272006103
0,0.0472018475472972
0,0.0243322199534351
0,0.0459672621184588
0,0.0458306772200065
0,0.0450980496031958
0,0.0259695234824565
0,0.0482498298139037
0,0.0475072411430004
0,0.0479446844925061
0,0.0475293185604212
0,0.0482836635666574
0,0.0470698877551461
0,0.0150335779127529
0,0.0216894898949914
0,0.0474499180274537
0,0.0457665524277714
0,0.018595904176852
0,0.0482270757436658
0,0.0325261376376755
0,0.0220097145569072
0,0.0190101128984922
0,0.0472492478370751
0,0.0476056925948059
0,0.0209110845865724
0,0.0480328458015612
0,0.0475063057698678
0,0.0218050395665689
0,0.0455799914098272
0,0.0471528271445422
0,0.1747171374342779
0,0.0209982973217719
0,0.0201773127728166
0,0.0338006000246728
0,0.019118846514114
0,0.029594320851944
0,0.0463545593698662
0,0.0470041351052388
0,0.0482437914683249
0,0.0483813889337268
0,0.0219084050939399
0,0.0484881735704491
0,0.0470635569256768
0,0.0479691286536711
0,0.0453087133082193
0,0.0478760520212249
0,0.0219368922741179
0,0.0478324747943381
0,0.0314925232157106
0,0.0475550954768489
0,0.0324359232425864
0,0.0451177656159061
0,0.0134930378103592
0,0.0203300164932355
0,0.047553753511856
0,0.0462199156925454
0,0.0477084628824249
0,0.0486527735888707
0,0.0673014211809236
0,0.0479461734352763
0,0.0464888194058294
0,0.0200884020051305
0,0.0470861100549133
0,0.0197220617331909
0,0.0345615119865896
0,0.0467725649199345
0,0.0481554665890881
0,0.0482044928250228
0,0.0145440637488669
0,0.0392417699501694
0,0.0147460663239842
0,0.0171770880435452
0,0.0455899724975777
0,0.0187872893906443
0,0.0148229984085969
0,0.0471848333234071
0,0.0381430402843729
0,0.045040382707634
0,0.0455989467628438
0,0.0452554092582889
0,0.0450152265464994
0,0.0470174187758121
0,0.048281340207419
0,0.0485160944908166
0,0.0479122545194498
0,0.0164200846110807
0,0.0204997133310393
0,0.0156223937660939
0,0.0465927464770704
0,0.0479922864618696
0,0.0209722541725046
0,0.0481536967753497
0,0.0471149536995243
0,0.0475456570420555
0,0.0476143565771328
0,0.0480923167815774
0,0.0208742920518678
0,0.0473906613254937
0,0.0219082418393495
0,0.0519726645932153
0,0.048361023392359
0,0.0453891926577789
0,0.0479010413793162
0,0.0471287179784162
0,0.0469810101929472
0,0.0267706060636645
0,0.0777094957234188
0,0.0452354972085254
0,0.0462183654521455
0,0.0462668658901868
0,0.047881626466358
0,0.0483158753688331
0,0.0349162509171569
0,0.0218028383920502
0,0.0192890779322203
0,0.045262078836274
0,0.0220504340941527
0,0.0464381070761615
0,0.0481842309213742
0,0.0276432174238289
0,0.0475763087177233
0,0.0478396909767007
0,0.0464578781550421
0,0.0484349600887417
0,0.0473394630580886
0,0.0482792187766597
0,0.0186235874704891
0,0.0727095242122316
0,0.0170689988641929
0,0.0480697333175315
0,0.0480328705266816
0,0.0485047333247211
0,0.0193470332142324
0,0.0470446450746567
0,0.0483661662684996
0,0.04807300252027
0,0.0481268722107667
0,0.0184216074570237
0,0.0358546928659761
0,0.0462712051401358
0,0.0379857896875949
0,0.0472697656404576
0,0.0219571171043111
0,0.0188643756416763
0,0.0408411085742497
0,0.0484310286415989
0,0.0389201644923345
0,0.0469740947683946
0,0.0469908765432037
0,0.048135562380329
0,0.0458321807637674
0,0.0194746703484193
0,0.0478479390338004
0,0.0408683160011278
0,0.0174692984806159
0,0.0468881605624449
0,0.0457964048442335
0,0.0472546814717514
0,0.0313070441634317
0,0.0469905438297403
0,0.0162759000651612
0,0.048066103319975
0,0.0479968683167529
0,0.0480579035987199
0,0.0323810365550371
0,0.0346441791430615
0,0.0220295265727953
0,0.0297518186137785
0,0.0455262621083612
0,0.032510406178964
0,0.0190819940213218
0,0.0406819502628182
0,0.0205740548456174
0,0.0457748205591394
0,0.0471732542460838
0,0.0209957352210422
0,0.0458992379889871
0,0.0449856283600885
0,0.0461423451304355
0,0.0255825631714725
0,0.0185794782650564
0,0.0455573264666426
0,0.0203672354812205
0,0.0482152375938895
0,0.0305161032342979
0,0.0371313989178096
0,0.0474654129505006
0,0.0478466683811957
0,0.0485424361634286
0,0.0184266433931836
0,0.0447411082154018
0,0.0482220105084317
0,0.0378399034620647
0,0.0477589769813403
0,0.0139975329395511
0,0.0221125044732355
0,0.0472420268250648
0,0.0454522943252497
0,0.0208459516216431
0,0.020508304710304
0,0.0463930910376923
0,0.0469664614975946
0,0.048458191852841
0,0.0215422890402292
0,0.020374824263233
0,0.0479724264391869
0,0.0221343310923421
0,0.030508277351578
0,0.0146687399979359
0,0.0479249796019958
0,0.0462622386269677
0,0.0474291525872464
0,0.0217678484316981
0,0.0160233176970104
0,0.0581697256723712
0,0.0463722756139125
0,0.0189270887754441
0,0.0358595469381233
0,0.0190465727723443
0,0.0160642933781441
0,0.0469637656581196
0,0.0159863185214882
0,0.1246336105547511
0,0.0452791089789652
0,0.0210559410357927
0,0.0314883473464729
0,0.016289377222545
0,0.0469930198717215
0,0.0479719531720096
0,0.0480034870152461
0,0.0185675194054846
0,0.0473455667177261
0,0.0471834155200558
0,0.0480010329923784
0,0.019182249306273
0,0.0206736446545551
0,0.0154923991911912
0,0.0247720323771097
0,0.0479773289197706
0,0.0482485817802219
0,0.0341000922286962
0,0.0483976392890067
0,0.0454346313483207
0,0.0163187031189402
0,0.0216793860814718
0,0.024111870645793
0,0.0469277185042543
0,0.0476069495691856
0,0.0200566747902312
0,0.0206049744963198
0,0.0216559415536976
0,0.0235452564991143
0,0.0482327369570992
0,0.060948938220791
0,0.0215836072031861
0,0.0202860529500204
0,0.0310543699966995
0,0.020452748445679
0,0.0408745773145511
0,0.0457426550441799
0,0.0470268486776063
0,0.0478660413074041
0,0.0468857905147096
0,0.0401642029884292
0,0.0469799608780181
0,0.0480088710892553
0,0.0476802059685773
0,0.0453810618885748
0,0.0482977106744348
0,0.046426389236435
0,0.0303661168042695
0,0.0108027710842313
0,0.0210263577954451
0,0.0212021999033343
0,0.0184470645923771
0,0.0427897723288181
0,0.0210599070244557
0,0.0455407535615682
0,0.0300739171934782
0,0.0434967942746938
0,0.046231647223853
0,0.022014405716651
0,0.0219554739443936
0,0.0473577656621614
0,0.0199441674768087
0,0.0451695389957682
0,0.04637009905291
0,0.019086425201053
0,0.045367426676044
0,0.0461486234262531
0,0.0474371737503903
0,0.0483200009633575
0,0.0194836779236323
0,0.0232735043973935
0,0.0466009843249882
0,0.0160385561246466
0,0.0401562722034011
0,0.0454054321555526
0,0.0483961853631925
0,0.0219894986559113
0,0.0476889219375869
0,0.0265047093191876
0,0.0466000722201384
0,0.0077969253130271
0,0.0475303826246729
0,0.028632987737611
0,0.0144862957922869
0,0.0480996664119232
0,0.0456429830416074
0,0.0347551563827661
0,0.0203690385578714
0,0.0139232566486365
0,0.0142372347776907
0,0.0211844639435091
0,0.0210350305997247
0,0.0474578195595947
0,0.0208660040450963
0,0.0479703874580708
0,0.0456637863095051
0,0.0208068827332486
0,0.0472242635052855
0,0.021117339000933
0,0.0443696453514401
0,0.0479982086561405
0,0.0481828132478339
0,0.0236329536023566
0,0.047019097190287
0,0.0472348344099151
0,0.0156921558099051
0,0.0481965078212804
0,0.0483688368575889
0,0.0195697706444054
0,0.0406873018943104
0,0.0478743257073802
0,0.0473375948326829
0,0.0193850513512583
0,0.047207844979582
0,0.0481582463077612
0,0.0196846537608212
0,0.0473457424026783
0,0.0477114594031607
0,0.1230435367840006
0,0.0160910918720267
0,0.0311608322947475
0,0.0379636582764508
0,0.0407112154871555
0,0.0217560112179425
0,0.0479494726424291
0,0.0550875264146518
0,0.0480860105323895
0,0.0472249535411655
0,0.0480956017282056
0,0.0367421386774526
0,0.0476995006044133
0,0.0710036203124902
0,0.0324984473701581
0,0.0147813644136586
0,0.0472576069365143
0,0.0124594172874854
0,0.0482970583510793
0,0.0469387707737944
0,0.0250466404176371
0,0.0168529662678975
0,0.0367628942509629
0,0.0228948319256946
0,0.021944751861456
0,0.0354875173266141
0,0.021793537044475
0,0.0163596477752962
0,0.0475483103227261
0,0.0144412117552003
0,0.0478807324321728
0,0.0481555606579719
0,0.0418851234673357
0,0.0252900694087381
0,0.0146688647396649
0,0.0216807364348795
0,0.0479633492709185
0,0.0452597841062271
0,0.0481927171838422
0,0.0221615088635532
0,0.0464562845229422
0,0.0482251989301731
0,0.0453239797227303
0,0.0460570527814754
0,0.0472392824674937
0,0.0455540742189338
0,0.0485018842178865
0,0.0338410752186242
0,0.0219496324487723
0,0.0477079050997675
0,0.047778599590757
0,0.0376983025329475
0,0.0476821091463292
0,0.0212853645260886
0,0.0196089210617093
0,0.0349170967007563
0,0.0156505116046748
0,0.0185769384557388
0,0.048342883085651
0,0.0457113973868494
0,0.0136267109231961
0,0.0483082454414774
0,0.0220212781560905
0,0.0455176329735358
0,0.0366746782968019
0,0.0480440528836183
0,0.0455208159936312
0,0.045545875581087
0,0.0158240975969528
0,0.048225019829019
0,0.0218079317973803
0,0.022110233913375
0,0.0191724383775131
0,0.0461176474510722
0,0.0388520450353363
0,0.0458357964974345
0,0.0399566280780574
0,0.0476898542392209
0,0.0484774588644054
0,0.0440440394708656
0,0.0477355165638964
0,0.0473087241004115
0,0.0555247941415472
0,0.0241018878763514
0,0.0481092433321695
0,0.048003663514308
0,0.0418168140313543
0,0.0174397257198315
0,0.0401733572854824
0,0.0469858064173042
0,0.0476452728693592
0,0.0468534438158185
0,0.0464142032174282
0,0.015887590242102
0,0.0478630310193138
0,0.0188958770710914
0,0.0409694802949913
0,0.0478122789318373
0,0.0459558165184779
0,0.0461314650531849
0,0.0198524017227412
0,0.0475501079401179
0,0.0477849408293125
0,0.0210953087526954
0,0.0146282564066141
0,0.0481616357604442
0,0.047899724569792
0,0.0483776968858015
0,0.0188565450008166
0,0.0453149479484633
0,0.0207861943015601
0,0.0483177416370607
0,0.0376853832204462
0,0.0481681625594906
0,0.0121687990146686
0,0.074739273967593
0,0.0596521311245985
0,0.048078838690421
0,0.0371063262768121
0,0.0468883184904066
0,0.0473736013947432
0,0.0485373464258466
0,0.0190201437646076
0,0.0220706460914406
0,0.0198308048606998
0,0.0263481262245046
0,0.0141319026480154
0,0.0461485257827981
0,0.0212534358917784
0,0.0483175030523984
0,0.0455642616292841
0,0.0221585055188182
0,0.0461772179827699
0,0.0480640978763005
0,0.0122743970959267
0,0.0203700609739222
0,0.0480886743699182
0,0.0466626055468021
0,0.0475559729584086
0,0.0476019407590584
0,0.0476704266977824
0,0.0476528574289024
0,0.0470250053767253
0,0.016782525183065
0,0.0439543082985969
0,0.0212460580494182
0,0.0477333278892822
0,0.0481533924490103
0,0.0157716791171792
0,0.0196818308061116
0,0.0364945603331424
0,0.0485056162183557
0,0.048239155300777
0,0.0401931585551692
0,0.0467483427873614
0,0.0626694395596114
0,0.0482970679593149
0,0.0463190535127416
0,0.0452374099477801
0,0.048272164897193
0,0.0199361131810143
0,0.0476500043627927
0,0.0480656429970695
0,0.0464991354240753
0,0.0467232909477845
0,0.0479134549169993
0,0.0454167562341446
0,0.0480966683862698
0,0.0469166910649952
0,0.0451202491717305
0,0.0537987143247728
0,0.0219232294046713
0,0.0482001839054805
0,0.0276822019336267
0,0.0120148654342228
0,0.0216937487387998
0,0.0218712197692966
0,0.0169059765963543
0,0.0207193429352278
0,0.0420164051416505
0,0.0457416263712865
0,0.0171263503110572
0,0.0465012428385032
0,0.0478457067466319
0,0.0376795316141152
0,0.0210700770263783
0,0.0480343916832926
0,0.0216163450694956
0,0.0241615953684918
0,0.016478594380627
0,0.0366700879917348
0,0.024676745964498
0,0.0480514986969275
0,0.0159161620659907
0,0.0484920328796009
0,0.0200701641963903
0,0.0277479888357883
0,0.0255976499665273
0,0.0152829561270156
0,0.0476124415921561
0,0.0484794422655871
0,0.0476505623416693
0,0.0481496084906218
0,0.0208017241544218
0,0.0162732802591983
0,0.0151864206138539
0,0.0200739232153308
0,0.0464722247991281
0,0.0484075044063773
0,0.0480061755242967
0,0.0434655939825413
0,0.0248395073940514
0,0.0252371969897977
0,0.0205692054924938
0,0.0475629850505491
0,0.0387625668431875
0,0.0463761098287
0,0.0220426630377314
0,0.0156947708069861
0,0.0200041479021131
0,0.0574398372595046
0,0.0477004018301607
0,0.0216419198878935
0,0.0341051862414566
0,0.0484106740828737
0,0.0481226368636669
0,0.047905447274687
0,0.0447866800222342
0,0.0456658624972769
0,0.0484392778188949
0,0.0466207237604826
0,0.0461513162570702
0,0.0242041808810563
0,0.0455519194018668
0,0.0479701009375276
0,0.0199711433170728
0,0.0475506505098424
0,0.0210016199881985
0,0.0481510822002534
0,0.0364105585270619
0,0.0466097465592552
0,0.0450748854352575
0,0.0192568089703023
0,0.0158359542550406
0,0.0463891153257187
0,0.0466706445174727
0,0.0457857452510866
0,0.0472911270579615
0,0.0448485440308722
0,0.0174176412739962
0,0.0325983897193946
0,0.0140840446080353
0,0.0483659838609475
0,0.0470364245127128
0,0.0478161520460055
0,0.0451621869228595
0,0.0449493680535262
0,0.0330420812185465
0,0.0121050188321842
0,0.0476426728192452
0,0.0324649829220366
0,0.0204357085747481
0,0.0167661969501086
0,0.0146855187720645
0,0.0242526948055023
0,0.0484638649141854
0,0.0481171627882103
0,0.0314259127522395
0,0.0367922226193132
0,0.0474719166441839
0,0.0474230650352295
0,0.0219278259488367
0,0.048289146802654
0,0.0215984224565862
0,0.0149201471076698
0,0.0220474366324589
0,0.0307918993660383
0,0.0476650380470555
0,0.0193034642342208
0,0.0474130487318086
0,0.047164318347167
0,0.0212849795098301
0,0.0469948351666324
0,0.0209189110783442
0,0.0428212941340398
0,0.021736369941308
0,0.0387988557934522
0,0.0484474605816595
0,0.0482687901934306
0,0.0475650020331079
0,0.0325497328239406
0,0.0190945703133135
0,0.021050255589044
0,0.0295685808108056
0,0.0198369284362998
0,0.0220966671812112
0,0.0454769865532625
0,0.0472107591301101
0,0.0214167699091719
0,0.0216828601335688
0,0.0469649621115814
0,0.0471479191703867
0,0.0253317101774112
0,0.0184999496043576
0,0.0480341780994318
0,0.0432460607024933
0,0.0185797022451825
0,0.048028475459793
0,0.0469590542871193
0,0.04485602640562
0,0.0355650852133676
0,0.1822830890900884
0,0.0181133060347223
0,0.0467574775548557
0,0.0468022182434871
0,0.0464360999520134
0,0.0262268478392362
0,0.0464153534429289
0,0.0448852520752997
0,0.0480933358345404
0,0.0187748390958656
0,0.0479128795463645
0,0.0482527200758754
0,0.0178007831160758
0,0.0476013816592743
0,0.0470593356544856
0,0.0483867928687907
0,0.0258401457522096
0,0.047890602636952
0,0.026602572486956
0,0.0211072221533057
0,0.0481463431041032
0,0.047974389782817
0,0.0201377288083554
0,0.0218536495933352
0,0.0260927502417839
0,0.0248264270392124
0,0.0167502705107925
0,0.0461835616749791
0,0.045456270384051
0,0.0482539775259768
0,0.0159448203549469
0,0.0447915987848352
0,0.0484796779317261
0,0.0210990593683229
0,0.0271461163802986
0,0.0218898190020033
0,0.048423523728889
0,0.0473373684850741
0,0.0475536722974833
0,0.0484968868818399
0,0.0483237932441432
0,0.0354785384420352
0,0.0464585561703039
0,0.0468885457135716
0,0.0371822193393514
0,0.0187417421472882
0,0.0456947752439821
0,0.0467539990395466
0,0.0222331781509716
0,0.0457672502863352
0,0.0327809005301604
0,0.0217338197406253
0,0.046031702051244
0,0.0461277036997218
0,0.0481539807845091
0,0.0187273971573749
0,0.0482736521059694
0,0.0200718541693171
0,0.0158641564361812
0,0.0212252129470859
0,0.0340354156243811
0,0.047665344664978
0,0.0390177624020279
0,0.0357984961217824
0,0.0471124623612246
0,0.0295495082901218
0,0.0454176061744312
0,0.0453921115992175
0,0.047555191949432
0,0.0465679068273021
0,0.0304163241336666
0,0.0383604190670306
0,0.0461273653842179
0,0.0482785101854253
0,0.0478518019790875
0,0.0848852684934428
0,0.0211518792427527
0,0.0480538069168639
0,0.0483640206587396
0,0.0199645470796609
0,0.0394350031191839
0,0.024405454688674
0,0.0219277353514758
0,0.0179709259445784
0,0.0452696933611175
0,0.046675789864332
0,0.0186800577865977
0,0.047361299169058
0,0.0142230171300797
0,0.024485217824556
0,0.0460142825950089
0,0.0476031267042185
0,0.0453560162116498
0,0.0473932308998396
0,0.0200264704423128
0,0.0467531412230492
0,0.0472181898524774
0,0.0461310743204455
0,0.0480645312957029
0,0.0232750025612613
0,0.0255116164928753
0,0.021905337981749
0,0.0118694792442648
0,0.0472579597546664
0,0.0469586019353475
0,0.0443939053016881
0,0.0478991640238331
0,0.0483820813672133
0,0.0470718824384429
0,0.0483684542171362
0,0.0468046057316759
0,0.0483874163406977
0,0.0366717026512938
0,0.0482826692865344
0,0.0454654292227171
0,0.0473044730608675
0,0.0218110033156752
0,0.0473552667999171
0,0.0616986971996921
0,0.012214337688067
0,0.0457358556580017
0,0.0240731184302857
0,0.0600342631531095
0,0.0185006571182202
0,0.0481507976188072
0,0.0450739727481723
0,0.0482458964422855
0,0.0249393042713645
0,0.0272202460160189
0,0.0466000398719614
0,0.0202942961378568
0,0.0484851318164875
0,0.0182947085844002
0,0.0482314950883135
0,0.0482524311114875
0,0.0478707403528744
0,0.039368507587293
0,0.0339530026400264
0,0.0483912088045552
0,0.0477048511929331
0,0.0203528822093946
0,0.0200586035365942
0,0.0483605901455452
0,0.0376542127970825
0,0.0484354679083242
0,0.0473524959185557
0,0.0482416178255479
0,0.0234398618130339
0,0.020828050866314
0,0.0479132607918152
0,0.014721999717471
0,0.0151615611912149
0,0.0453830385212975
0,0.0355477381167604
0,0.0216633090979783
0,0.0482917025681508
0,0.0359566147771827
0,0.0264589353735511
0,0.0484117707988942
0,0.0477493700800003
0,0.0476523848448994
0,0.0208614226559734
0,0.0482357340722361
0,0.0453434678254226
0,0.0342109778274352
0,0.0474204894088948
0,0.0476536492720199
0,0.0389470819761467
0,0.0204766733188948
0,0.0184316338233585
0,0.0475144263855469
0,0.048055916857336
0,0.0476462266817906
0,0.048352782932114
0,0.0223798405657079
0,0.0209953295074737
0,0.0473470190557291
0,0.0468382491187425
0,0.0364467549905134
0,0.0186115958884888
0,0.0192535285899338
0,0.0482377797240189
0,0.0482510903430373
0,0.0478922310170644
0,0.018423995275171
0,0.0482410608049794
0,0.048221643143852
0,0.0219800195405051
0,0.0186947488773241
0,0.0478273054937884
0,0.0220985640876952
0,0.0479581992375619
0,0.0452163352295908
0,0.0477325823168283
0,0.0482756644980536
0,0.0440499328192297
0,0.0479890145288344
0,0.047841127327412
0,0.0208477932046641
0,0.0431038108277474
0,0.0440124672613612
0,0.0481044226861938
0,0.0466717176630582
0,0.0457063317946213
0,0.0470408680016695
0,0.0481717463442289
0,0.020871153553658
0,0.0461368325091368
0,0.0475691159075119
0,0.0211161550716873
0,0.042830295878797
0,0.0153249876410416
0,0.0472526443730078
0,0.0482103681697372
0,0.0160432183233848
0,0.018566142978152
0,0.0478946641591814
0,0.045700198697886
0,0.0194380691315008
0,0.0483582518499381
0,0.0473960240079231
0,0.0414481909112809
0,0.0157550798662692
0,0.0206455606232419
0,0.0191788642870734
0,0.0478931330882104
0,0.0456467687086736
0,0.0455584650857258
0,0.0456754940365059
0,0.0469888204578193
0,0.0212494555167931
0,0.0481751987302071
0,0.0482584455133492
0,0.0171715197248991
0,0.0354965874448365
0,0.0215803848792647
0,0.0210719362974734
0,0.0473430634086589
0,0.047615144761245
0,0.0214679233661348
0,0.0167877064951838
0,0.0480079106050468
0,0.047907041817519
0,0.0473400257592719
0,0.0169221225803348
0,0.0141728349398489
0,0.0472603598279914
0,0.0210235474495207
0,0.0217327943032632
0,0.0476295399146828
0,0.0210762489197582
0,0.0476968788334336
0,0.0468588881899343
0,0.0401674710347598
0,0.047865878110903
0,0.0197137612727272
0,0.0483054092941321
0,0.0237776469621932
0,0.046284751663753
0,0.021340084600537
0,0.0481238015384567
0,0.0215467666083589
0,0.0191841709940912
0,0.0484511302009734
0,0.0476606100488806
0,0.0476939817756086
0,0.0174560247593167
0,0.1746828812362292
0,0.0250732292100252
0,0.0467450568203698
0,0.0480089163260954
0,0.0485603300817595
0,0.016507071746185
0,0.0468104798737565
0,0.0476511717670155
0,0.016712323006854
0,0.0262780932981675
0,0.0482152728070524
0,0.0156008287068017
0,0.0205429392854541
0,0.0455576601040604
0,0.0236002790212982
0,0.0483931246676806
0,0.0668215079534302
0,0.0354353533403913
0,0.045038372836459
0,0.0478272090982397
0,0.0482839692285466
0,0.0098013556677922
0,0.0452531447850323
0,0.0200783293112262
0,0.0191452663868116
0,0.0468633945492414
0,0.0480112077800474
0,0.0478397565082347
0,0.0150970734833339
0,0.0111683178385572
0,0.0483601986519695
0,0.0096440841841456
0,0.0538381107925416
0,0.0483499031472542
0,0.0221207447301756
0,0.0480348671476499
0,0.0240250984045513
0,0.0478795068779752
0,0.0462896611873471
0,0.0473873137048867
0,0.048231654183608
0,0.0452834916311686
0,0.0240654025328586
0,0.0469935350476365
0,0.0453567704680543
0,0.0481237694347117
0,0.0448446695728937
0,0.0208342032553362
0,0.0484145006920395
0,0.0210854074682511
0,0.0474685624135286
0,0.0473958720504826
0,0.0470178649113172
0,0.0471390734819991
0,0.0273768330656494
0,0.0158746066897717
0,0.048068348172493
0,0.048269662668191
0,0.0216516596508969
0,0.0477514153260351
0,0.0483679488730286
0,0.046759206877318
0,0.0101320066689048
0,0.0484069811661441
0,0.0451990448508472
0,0.0215803223314081
0,0.0454024931702078
0,0.0482835024716854
0,0.0366076227179101
0,0.0412748163643776
0,0.0205029187614426
0,0.0259737655521626
0,0.0470134969084233
0,0.0581002430969166
0,0.0468062627807142
0,0.0240378044236966
0,0.0159933724003752
0,0.0480804527937749
0,0.0456106628492519
0,0.0456772133988175
0,0.0387663116228764
0,0.0483081355758397
0,0.0151755621080707
0,0.0205439156160695
0,0.0219804144973114
0,0.0476926782326885
0,0.0460481523244066
0,0.0478259256840326
0,0.0202155511057558
0,0.0477161335771005
0,0.0481408511121021
0,0.0480238083444945
0,0.0214711314413462
0,0.0477747192139666
0,0.0218078520430184
0,0.0446899308863706
0,0.0198077988340607
0,0.047488335574509
0,0.0483554729174482
0,0.0134625561552319
0,0.0198943902620039
0,0.0454264620293727
0,0.0211091014076186
0,0.015498385860656
0,0.047340677737432
0,0.0456723997462582
0,0.047201285673174
0,0.0141606704973042
0,0.0259629045880511
0,0.0481313326536375
0,0.0179019047911688
0,0.022100985964394
0,0.0483099307183417
0,0.020170788540217
0,0.047993134292257
0,0.0484216715436863
0,0.0211335260411537
0,0.0210088364939065
0,0.0481657420815333
0,0.0112389090540505
0,0.0456917054705476
0,0.0479172584278946
0,0.0469840797932528
0,0.0474647381882297
0,0.0187313040489703
0,0.0387388605965185
0,0.0247343919459039
0,0.0201620323311874
0,0.046435136239351
0,0.04675806337383
0,0.0485287840255715
0,0.0479111083748275
0,0.048151185492895
0,0.0396732181953928
0,0.020517778314035
0,0.0481109302257076
0,0.0141839230842849
0,0.0475165723125645
0,0.016816856850382
0,0.0478117905110374
0,0.0454257874599498
0,0.0478534097910443
0,0.0191171185500921
0,0.0282523824990645
0,0.0482794022785286
0,0.0479979817049161
0,0.048534270218708
0,0.017408814856731
0,0.0482660238608758
0,0.0480062854512117
0,0.0210778701541935
0,0.0217628763119759
0,0.0194357185754801
0,0.0201430985182691
0,0.0469918426059283
0,0.0461746256392681
0,0.0241512085321766
0,0.0480977810886986
0,0.0221195649344741
0,0.0484129811933977
0,0.0469205304128155
0,0.0194002718435234
0,0.0215453418391255
0,0.0213451483966034
0,0.048184128018283
0,0.0198380772335807
0,0.0480849881392804
0,0.0473604880182392
0,0.0188852845587413
0,0.0076763076572655
0,0.0478585590825904
0,0.0456797558504826
0,0.0219527489691176
0,0.0470437132357687
0,0.0478846840822652
0,0.0483473433924539
0,0.0482325194442847
0,0.0475099316366791
0,0.0483024252454986
0,0.0480071039936314
0,0.1458346004813435
0,0.0249925566910003
0,0.0221708954706398
0,0.0456425322471198
0,0.0188923403510996
0,0.0183925499046359
0,0.047570326133879
0,0.0480788763953113
0,0.0461271203747401
0,0.0481654917121419
0,0.0479040830552907
0,0.0194266224976689
0,0.0210843099515788
0,0.0186233040351899
0,0.0220219478620199
0,0.0636649877048906
0,0.0148261236344425
0,0.0222181285522677
0,0.0483807270630508
0,0.0206808918699037
0,0.0397284838313052
0,0.0366836842545658
0,0.0355608538125543
0,0.0380421487646262
0,0.0552819549319588
0,0.047506484080968
0,0.0215310635130602
0,0.0482989476192061
0,0.0219787229153466
0,0.0127380898454561
0,0.0474022491749209
0,0.0194082056132391
0,0.0482361562562771
0,0.0210475966052232
0,0.0467978560164478
0,0.0366197917829435
0,0.0452947609641812
0,0.0482064310054073
0,0.0609850306565498
0,0.0253001668266233
0,0.0143677793062431
0,0.0214955179169381
0,0.0469067851999594
0,0.0455879953366756
0,0.0481803531959487
0,0.0456690524797174
0,0.0207622437775635
0,0.0475834956743466
0,0.0484489596012236
0,0.0476409549119022
0,0.0213530777281764
0,0.0482979626332123
0,0.0482902594729632
0,0.0465630779961622
0,0.0481756945769918
0,0.0471450777211166
0,0.0480859850681842
0,0.0171470440081224
0,0.0454142073078122
0,0.0203300667505092
0,0.0481296476308849
0,0.0214155884014431
0,0.0448581425640419
0,0.0212830688593992
0,0.0450063991858611
0,0.0309724168080439
0,0.0473566376790795
0,0.019922338408715
0,0.0207901387535475
0,0.0611028700248624
0,0.0164978673152172
0,0.0458874380957286
0,0.0453171223056288
0,0.0464958751550492
0,0.0456790537562923
0,0.0211745242364122
0,0.0248315203458302
0,0.0211006169004543
0,0.0326650495173284
0,0.045681551741384
0,0.0473443011408426
0,0.0454603702439086
0,0.0465434363887459
0,0.046474919266003
0,0.0475447401457691
0,0.0477269969063361
0,0.0472640370790183
0,0.046805704657167
0,0.0413864526060494
0,0.0480909257942854
0,0.0344425363412969
0,0.0279262696851951
0,0.0451157531475219
0,0.0203368280046084
0,0.0168163818252297
0,0.0345282299919764
0,0.047706957723324
0,0.0463966524506527
0,0.0467553572895581
0,0.0467470297574275
0,0.0485402257192854
0,0.0477062886593527
0,0.0482369584260671
0,0.0174721729718097
0,0.0480049109168063
0,0.0099653471271626
0,0.0219317265271299
0,0.0343803360841544
0,0.0483038283289333
0,0.0346891771414316
0,0.0478440801289506
0,0.0480598333392758
0,0.0439288564391028
0,0.0477463371703566
0,0.0190743701921423
0,0.0141473829323633
0,0.0481996873748562
0,0.0221310087039523
0,0.04822654705339
0,0.0477935269350964
0,0.0480957774814215
0,0.0736171701207717
0,0.0483897442953795
0,0.0485048999999533
0,0.0481397341618416
0,0.0475750630713249
0,0.0484844251715668
0,0.0211201530962922
0,0.0483611128779132
0,0.0471165170237514
0,0.040187175950148
0,0.0189884248339515
0,0.0473133589053601
0,0.0410328251929768
0,0.0160793873891975
0,0.0444781410519182
0,0.0480271749773484
0,0.0188078718679535
0,0.0202771279744348
0,0.0475240890896945
0,0.0466102300673186
0,0.0472874067152328
0,0.0448472201776437
0,0.0479768611735166
0,0.0260925212464331
0,0.0203261861671731
0,0.0462160242996859
0,0.0218951983772719
0,0.046015253562386
0,0.0111138150172953
0,0.0331564040345154
0,0.0260423589533553
0,0.0480385905274852
0,0.0176339727667105
0,0.0475471524609578
0,0.0478439472420172
0,0.0484761625892458
0,0.0479589500002757
0,0.0120073484819234
0,0.0219976574205064
0,0.0477128048393639
0,0.0483469127768267
0,0.0179188857757337
0,0.0199542665719108
0,0.047366025276028
0,0.0217922663949612
0,0.0473660461870957
0,0.0474346057617704
0,0.0211314120738845
0,0.0458957449152512
0,0.0460810279842763
0,0.0458927045766619
0,0.0170932638872261
0,0.0471086479368968
0,0.0481748254592176
0,0.0191568575468285
0,0.0447860647601064
0,0.0178294687000204
0,0.0184210324715062
0,0.018378409711551
0,0.047626588804522
0,0.0479084821416423
0,0.0455223888522346
0,0.0482675444189712
0,0.0102224424650525
0,0.0473178328175072
0,0.0452131559916615
0,0.0474009702449299
0,0.0122800596021534
0,0.048236240452721
0,0.020586909723522
0,0.0454180740346446
0,0.0483391546007931
0,0.048521817694043
0,0.0183395393893146
0,0.0482107273825328
0,0.0458402493471376
0,0.0428674252340385
0,0.055310697106283
0,0.0194492684146497
0,0.04806322080081
0,0.021505138768499
0,0.0482575472513837
0,0.036747670026776
0,0.0480264957347021
0,0.016328493525749
0,0.0716000132602293
0,0.0479988387314479
0,0.0219945640171962
0,0.0485321857205464
0,0.0479127159717646
0,0.0469700009217743
0,0.0452080933075276
0,0.0473040017430363
0,0.0475561819313586
0,0.044811175448149
0,0.0218669882965752
0,0.0453733099690413
0,0.0219192348993849
0,0.0480933697574617
0,0.0482990220632616
0,0.0448671650171286
0,0.0215046290838308
0,0.047840172811282
0,0.0214201508766059
0,0.0210665247955438
0,0.0475987610849773
0,0.0458558472502235
0,0.0478503856786936
0,0.0478883547920252
0,0.0473404688023088
0,0.0200508385548868
0,0.0302127267543952
0,0.0122040606960227
0,0.0475491006504658
0,0.0176917413489294
0,0.0423623656489112
0,0.0482327584543309
0,0.0181907419242021
0,0.0463136101326884
0,0.0480478381810942
0,0.0187788614916396
0,0.0482528972390993
0,0.1772821854168886
0,0.0186827628945834
0,0.0453827289390891
0,0.0197964468403953
0,0.0139403312140492
0,0.0194723907304047
0,0.0250192026597811
0,0.0461618226103076
0,0.045104033659638
0,0.0179723363682069
0,0.0200180154403286
0,0.0484837619789625
0,0.0593717904039082
0,0.0469614899545794
0,0.0473624982567296
0,0.0201570075354819
0,0.0477494980028611
0,0.0472096310122193
0,0.0124527997922474
0,0.0220263906535326
0,0.0480387581650365
0,0.01629713076709
0,0.047339386046273
0,0.0471929904100587
0,0.0462154811541984
0,0.0460970668004367
0,0.0458824593002665
0,0.0471821606296425
0,0.0479027547209412
0,0.020611105710409
0,0.0219933448564472
0,0.0482418439317959
0,0.0462783002999547
0,0.0453836377585088
0,0.047912386974134
0,0.0484787441186296
0,0.0467528571178954
0,0.0468061275523467
0,0.164623433112597
0,0.0210190213850852
0,0.0477146136079696
0,0.0319646183881262
0,0.0357654691320959
0,0.0542156351689862
0,0.0196253992739811
0,0.040157148692084
0,0.0480728374065954
0,0.0485163021673349
0,0.021587255327773
0,0.0480619514106535
0,0.0481044910945191
0,0.0454305620413024
0,0.0484399849244612
0,0.0481024622065743
0,0.045860002615104
0,0.0482236261048075
0,0.0482918135104465
0,0.0483376876045863
0,0.0636906724356875
0,0.0477398771425349
0,0.0478703428874516
0,0.0475782993119909
0,0.0452271477397897
0,0.0209969759968098
0,0.0458591746221371
0,0.0484133565521378
0,0.0227792742586335
0,0.0484925999555563
0,0.0158423748292024
0,0.0483316001818095
0,0.0481614297458564
0,0.0393851346034915
0,0.0452535228646912
0,0.0481270685665186
0,0.0219112896308689
0,0.0473182852569622
0,0.0401687780550681
0,0.0483081191483323
0,0.0452507856131589
0,0.0200932080031173
0,0.0468685529898601
0,0.0471596345123254
0,0.0447629467259523
0,0.0461790822975655
0,0.0464544973473603
0,0.0203510464955897
0,0.0452186938664108
0,0.0480204801802556
0,0.0215670282533724
0,0.0467402069822061
0,0.0423747294422288
0,0.0199655695293118
0,0.047917909149918
0,0.0480459047716184
0,0.0483780244225989
0,0.0485807759764807
0,0.048495144467126
0,0.0314098815206796
0,0.0366425891335826
0,0.0183565559563231
0,0.020263821576092
0,0.0194683623015847
0,0.0480563753138669
0,0.0156419443975846
0,0.0346362184570145
0,0.0313080120616024
0,0.0186011290602829
0,0.0480389046468923
0,0.0473538758887675
0,0.0472276613716887
0,0.0483449427359408
0,0.0480066761798253
0,0.0478148828327339
0,0.047559328332903
0,0.0160392956935594
0,0.0477767536965651
0,0.0201040925619651
0,0.0165248362305358
0,0.0483607998897027
0,0.0198670425160536
0,0.0198222875489677
0,0.047197716402443
0,0.0461447910263985
0,0.0477390931358845
0,0.0217307183784868
0,0.0480844145496421
0,0.0464826760285234
0,0.0191504096594898
0,0.0482593646438192
0,0.0481255193267624
0,0.0484303865369267
0,0.0481012687032011
0,0.0464200930352948
0,0.0215432232641424
0,0.0791794619130833
0,0.0328187885440738
0,0.0233358678126555
0,0.0270971833809498
0,0.0110393848147939
0,0.0483733001166594
0,0.0473814632709861
0,0.0205002039126701
0,0.018933102265346
0,0.0478755760125776
0,0.0150175309095088
0,0.0192922127695007
0,0.0454266661401746
0,0.0357700224562498
0,0.0482001987492708
0,0.0370785812233073
0,0.0453551440758316
0,0.0452332101791442
0,0.0479952198595703
0,0.0422884001761401
0,0.0477135527454241
0,0.0340552855748713
0,0.0478635625300968
0,0.0455268955892911
0,0.021367977618512
0,0.0475339866046104
0,0.048459372284354
0,0.0368694442716435
0,0.0475942872537842
0,0.0482323343330315
0,0.0448149920635422
0,0.0472627438315873
0,0.0240119024040609
0,0.0474799331779956
0,0.0454422759358554
0,0.0208035690185318
0,0.0213848962934358
0,0.0474944141916597
0,0.0455531321747762
0,0.0475415898475316
0,0.0474122902447712
0,0.044182305113311
0,0.0213795009625666
0,0.047767022955613
0,0.0314472768057511
0,0.0217938731080973
0,0.0470108486158903
0,0.0475439745720791
0,0.0271169376504958
0,0.038797479483104
0,0.0172110915286171
0,0.0088066914126073
0,0.0255370249380625
0,0.048449878897854
0,0.0204862150346747
0,0.0480043784423119
0,0.0466751518917479
0,0.0475729547100058
0,0.0206821519994105
0,0.0473068120192302
0,0.0207240968727133
0,0.0467871139816048
0,0.0472254832204772
0,0.0480234328816393
0,0.0211084122158883
0,0.0478815961990041
0,0.0187238661158244
0,0.0468049467457419
0,0.0121276056881466
0,0.0473684138941626
0,0.0306410123587233
0,0.0479810786832891
0,0.0477289898929342
0,0.0185300627762665
0,0.0203339571001065
0,0.0469260218654438
0,0.0480290798082439
0,0.0245486247338213
0,0.0217265159038477
0,0.0471223061229084
0,0.0478076818708457
0,0.0461418181100044
0,0.0473854027334921
0,0.0459487044286154
0,0.0347259805850627
0,0.048094719878955
0,0.0151029811946223
0,0.0190413740829742
0,0.025011388713326
0,0.0476566462317099
0,0.0480196280890084
0,0.0482538807784875
0,0.0482335111432834
0,0.048156917797677
0,0.0186435544613071
0,0.048079241395494
0,0.0209273787566559
0,0.0476647616425623
0,0.0208946336418086
0,0.0479882730024425
0,0.0477277192621873
0,0.0483536625114006
0,0.0467591839833876
0,0.048298054438001
0,0.034711029131144
0,0.0471130342452642
0,0.0467475703881845
0,0.0477799695011436
0,0.0461411415331389
0,0.045754666426139
0,0.0169576737460612
0,0.0187972562672491
0,0.0482755224364377
0,0.0485465235735997
0,0.0241080073490951
0,0.0275020669954624
0,0.0210137617853469
0,0.0614473771610863
0,0.0482634205088252
0,0.0195276451969653
0,0.0250524017609344
0,0.047235008269862
0,0.0401311104135121
0,0.0450847180936055
0,0.0213095509014289
0,0.0478708357076674
0,0.0220909320506976
0,0.0482060093446717
0,0.0347180984660108
0,0.0212445849215375
0,0.0458766667603497
0,0.0475535161125967
0,0.0209293014595663
0,0.0476426248436748
0,0.0213622926385411
0,0.0590349218234974
0,0.0171171909136224
0,0.021411817837375
0,0.0161849916202685
0,0.0203258931980444
0,0.030512544124925
0,0.0387386369156185
0,0.0481490510371547
0,0.0457151916942811
0,0.0478403897789553
0,0.0188469100687718
0,0.0188970228188146
0,0.0472271173907867
0,0.0215559852082993
0,0.0199557394001275
0,0.0187385013013983
0,0.0448474578009797
0,0.0288145449273384
0,0.0479121567469867
0,0.048358295391148
0,0.0452494904869609
0,0.0455956905554058
0,0.0470068899417142
0,0.0485236167134998
0,0.0272683464232092
0,0.0460078931379228
0,0.0146599747583302
0,0.0482243077739203
0,0.0207710018671755
0,0.0193214223085759
0,0.0482419189685586
0,0.0465048477028727
0,0.021564271353036
0,0.0456338261806315
0,0.0481052512428182
0,0.046881313395742
0,0.0165936602797459
0,0.0476694339420176
0,0.047609574409443
0,0.0475551908953662
0,0.0448497295417278
0,0.0332970785890393
0,0.0470305687978829
0,0.0474474411096879
0,0.0195009389124525
0,0.0451005463794897
0,0.0462738803227582
0,0.0480077619942091
0,0.0177908218671384
0,0.0484309843968902
0,0.0471051833253339
0,0.0210930861291527
0,0.0482010423900696
0,0.0477292117352606
0,0.0204938926462458
0,0.0193041844839606
0,0.0479284017509762
0,0.0221299504094297
0,0.0395739710792956
0,0.0102954094606382
0,0.0160709057455454
0,0.0467567499242949
0,0.0478667185296068
0,0.0461596182419811
0,0.0422844702071175
0,0.0285930727419793
0,0.0479214888572648
0,0.0478133027234448
0,0.0159214302442765
0,0.0455408842682793
0,0.0480073275564486
0,0.0398574043803797
0,0.0304496727317616
0,0.0161012124638595
0,0.0206247804837815
0,0.0239579521459912
0,0.0125246613863925
0,0.0472675542493792
0,0.0216835173648565
0,0.0207745712365801
0,0.048399218329579
0,0.0352858606421398
0,0.048038870799559
0,0.0481030441204886
0,0.0309237245660898
0,0.0452865943229036
0,0.0410105388497138
0,0.0470260457070752
0,0.0472296002262284
0,0.0275832280334572
0,0.048085266658517
0,0.0462183220693488
0,0.0464138738629394
0,0.0477453963635739
0,0.0477782736843053
0,0.0463745734273171
0,0.0380961091216364
0,0.046779507766212
0,0.03250518620534
0,0.0176429700900081
0,0.0274643876559555
0,0.0477502824156089
0,0.0476709442666339
0,0.0460125658498375
0,0.0456587820787623
0,0.021580498525613
0,0.0472697210984208
0,0.0466653474797204
0,0.0166841768043557
0,0.0219201711083003
0,0.0207787803178952
0,0.0480915778906796
0,0.0477506023968598
0,0.021952156172086
0,0.0219291772284401
0,0.0480083391996579
0,0.0476461838520217
0,0.0219493528704226
0,0.0205557755527796
0,0.0251465400886107
0,0.0460589940884886
0,0.0476755013538725
0,0.0480681626705191
0,0.0475222760437191
0,0.0476901148934788
0,0.0159144368468282
0,0.019775912676463
0,0.019926939383701
0,0.0467114448251423
0,0.0456900031266203
0,0.047973761581549
0,0.0478320919177162
0,0.045433851503059
0,0.0189085807239801
0,0.0474286827328796
0,0.0474832988778671
0,0.038782456915852
0,0.0447855998483087
0,0.0484120833242103
0,0.0744718480118315
0,0.0163053443423435
0,0.0465991867563273
0,0.0201431557956331
0,0.0216547985382926
0,0.0221661141775368
0,0.0473315225431782
0,0.0217570100989128
0,0.0217333614965753
0,0.6712692591499125
0,0.0315404566032362
0,0.055726885383487
0,0.0326900321539104
0,0.0480894712746296
0,0.0475328867781116
0,0.020927122534378
0,0.02608228623176
0,0.0125156178605219
0,0.0452630568165314
0,0.0210420865729724
0,0.0148753349691218
0,0.0456167993304997
0,0.0209997712190647
0,0.0482926725473801
0,0.0157126223234572
0,0.0474745045312247
0,0.0467447153367509
0,0.0480729894688094
0,0.026078645982979
0,0.0483308665946896
0,0.0477983219188688
0,0.047984214057234
0,0.0175538363665673
0,0.0464230969503472
0,0.0479962324992735
0,0.0466732529507057
0,0.0366729172913077
0,0.0152401939116806
0,0.0478615684126504
0,0.0668259560846645
0,0.0480851222984189
0,0.0454307177119321
0,0.0458504071248376
0,0.0480391993268749
0,0.0480883389881222
0,0.047550801883113
0,0.0215197650178083
0,0.0472167341986479
0,0.0208831737026698
0,0.0193597208812647
0,0.0147362954101478
0,0.0478254178854244
0,0.0249787818475341
0,0.0466222632850881
0,0.0475464795759349
0,0.0179381610091973
0,0.047373409083808
0,0.047377366402649
0,0.0387096404993186
0,0.0211928631431833
0,0.0447908387487307
0,0.0478103539454711
0,0.0477692341504568
0,0.0482414549908435
0,0.0298210030631952
0,0.0211324393332606
0,0.0460454431842782
0,0.046608273196623
0,0.0475539444438797
0,0.0476719686429621
0,0.0355056052398694
0,0.0274877483787544
0,0.0471480932295852
0,0.0458888701873062
0,0.0293510124384877
0,0.0288105863629958
0,0.0483108741497891
0,0.0480976820002223
0,0.318786817801152
0,0.0136877373978543
0,0.0476978823771054
0,0.0213544383305787
0,0.0472100892618014
0,0.0271564720699631
0,0.0484870192640539
0,0.0477499857888035
0,0.0191886708362289
0,0.0448830123460477
0,0.0478057092618112
0,0.0480640654823541
0,0.0456846529131941
0,0.0470605285161823
0,0.0475282512537414
0,0.0212177499442179
0,0.0478262546306336
0,0.0481436905688299
0,0.2591411865168956
0,0.0358440659464045
0,0.0210992077140536
0,0.0481604122019819
0,0.0480272169128578
0,0.0483350136026324
0,0.0475544437110614
0,0.0551179552545811
0,0.0484859730749431
0,0.0164819223367218
0,0.0455435094417431
0,0.0463997969204779
0,0.0482384351283882
0,0.0472878159599621
0,0.0483854000788331
0,0.0150355242238259
0,0.0484943597193361
0,0.0191981434618165
0,0.0479564062863447
0,0.0478352729077623
0,0.0157196179804983
0,0.0208409069317794
0,0.0475083532170727
0,0.1077076094149044
0,0.048319577324029
0,0.0215982804373843
0,0.020967153891203
0,0.0178453219912454
0,0.0484020672938999
0,0.0466150403493138
0,0.0470085323070074
0,0.0155060983502389
0,0.0147857256868343
0,0.0346252921575557
0,0.0157739808098893
0,0.0475264576762708
0,0.0476781651250609
0,0.0478406492973972
0,0.0483101252894254
0,0.0477523371073904
0,0.0183982424297037
0,0.046876455734722
0,0.0313494365217397
0,0.0486040124645804
0,0.0176215093310837
0,0.0162673491342642
0,0.0458524783720696
0,0.0260806452821121
0,0.0216018655097364
0,0.021381953638812
0,0.0477499553475259
0,0.0457126498988924
0,0.0482545091712689
0,0.0199142671413575
0,0.0462968344432921
0,0.0477452889557515
0,0.0480091463614975
0,0.048239242842352
0,0.0479283945969401
0,0.0455692185855222
0,0.0552909694243403
0,0.0212075808051835
0,0.0459416643954525
0,0.0481962346266582
0,0.0219511130081017
0,0.0347042649349131
0,0.0177553825710279
0,0.0477533393787724
0,0.0480400169463956
0,0.0479447664802682
0,0.0471832061425407
0,0.0475718653147875
0,0.0472731742169332
0,0.0454540605793209
0,0.045518674162528
0,0.0452762928445229
0,0.0474889312336708
0,0.0209138507453146
0,0.0454995051130782
0,0.0157007336526983
0,0.0453580054110041
0,0.0457286867422451
0,0.0530599114676045
0,0.0215150598922499
0,0.048593153451354
0,0.0464260048925327
0,0.0478501315547512
0,0.0484351400899257
0,0.0454762834365445
0,0.0241120423196409
0,0.0468133675361032
0,0.0476407110245603
0,0.0484017456121537
0,0.0219825976890104
0,0.0482081859908541
0,0.0208840287912603
0,0.0350788807063459
0,0.0184593631884435
0,0.0475527846187944
0,0.0482765330569213
0,0.0471109555931094
0,0.0191430912119165
0,0.0069595815827058
0,0.04809924956421
0,0.0174668799777465
0,0.0205892238734639
0,0.0475105439452217
0,0.0250361412839208
0,0.0188065406558158
0,0.0193475577711578
0,0.032823943468866
0,0.019428172883314
0,0.0185930223336691
0,0.0476982148465435
0,0.0480623328719417
0,0.0230444033710737
0,0.0476267483583081
0,0.047209163906267
0,0.0479900437271464
0,0.0470421291256472
0,0.0478121559829543
0,0.0220189940489331
0,0.0463926395329631
0,0.045317667306007
0,0.0477081986397002
0,0.0349154411305764
0,0.047350014315166
0,0.0452233491370463
0,0.024154039794656
0,0.0142830657506293
0,0.0478485976506536
0,0.0206356081601396
0,0.0208050341756586
0,0.0162208479076107
0,0.0178656210573164
0,0.047799322790966
0,0.0135000169430662
0,0.0470794461951613
0,0.0481463683202441
0,0.0480736665513291
0,0.0400450540089095
0,0.0220150222037055
0,0.0162812433237386
0,0.040244847953976
0,0.048256293706984
0,0.0454835464942439
0,0.02179733004189
0,0.0472587651626549
0,0.0260669116858341
0,0.0479950594941124
0,0.0461528516600742
0,0.0480682411365977
0,0.048432441809864
0,0.0455763493592144
0,0.046857492329463
0,0.016563499183098
0,0.0466243921011333
0,0.0158946112102684
0,0.0209798110098333
0,0.0480768411436828
0,0.0469825414192701
0,0.0481808321713214
0,0.0220379826245177
0,0.0203926952321788
0,0.045615510289708
0,0.0468496115470393
0,0.0240962471532571
0,0.0173223790688504
0,0.0148348783499477
0,0.0167957799246825
0,0.0477657366836105
0,0.0220846985641495
0,0.0140526580177081
0,0.0219876731040836
0,0.024093242206903
0,0.0146958405365467
0,0.0160710572302406
0,0.0165840869864609
0,0.0460208444469439
0,0.0548014649635786
0,0.0332839160544756
0,0.0553357189896692
0,0.0452351964687156
0,0.0473586248790436
0,0.0183258232275436
0,0.0219975890649281
0,0.0479117342851068
0,0.0469003472945393
0,0.0261643582647327
0,0.0480027270013728
0,0.0210012270345171
0,0.0475512510910993
0,0.0480728620428842
0,0.0159692148744205
0,0.0162861505502887
0,0.0092889388649043
0,0.0482544110010199
0,0.0476393791413229
0,0.0455378794148419
0,0.0477952140546053
0,0.0481777140641829
0,0.0475778101326289
0,0.0454346066304813
0,0.0107988459145727
0,0.0160868487468532
0,0.0240689165250003
0,0.0441679804232985
0,0.0485561356134866
0,0.0312490692129525
0,0.0476993725423151
0,0.0217381670948577
0,0.0460211971611163
0,0.0216913777600067
0,0.0409583545050684
0,0.0191095366790477
0,0.0408681674841562
0,0.0206632842690696
0,0.0481058376557927
0,0.0172126671390099
0,0.0468002800503587
0,0.0482568805305384
0,0.0204982644223615
0,0.0191067335547347
0,0.0485022724897289
0,0.0473430482103038
0,0.0201148162492024
0,0.0455398505085485
0,0.0480124968156008
0,0.0185356204323742
0,0.0469225883644656
0,0.0251853197275636
0,0.0480944850403731
0,0.0470456548722455
0,0.0456570673611003
0,0.0484146359229343
0,0.0164112820696427
0,0.0472535976458939
0,0.0469915477740012
0,0.0479228622736166
0,0.0218651712148093
0,0.0185146667935174
0,0.0470690522199336
0,0.0381724069555595
0,0.025026866075811
0,0.0474949445613359
0,0.0476392325253456
0,0.0177494568793014
0,0.0447801150622759
0,0.0472921470314135
0,0.0219418146197722
0,0.047654219750896
0,0.0324925186997638
0,0.0481560737700607
0,0.0452704544049534
0,0.0553315527645858
0,0.0472045337825983
0,0.0146715221235749
0,0.0483140373475773
0,0.0460502695333897
0,0.0470763442544822
0,0.0484817569504446
0,0.0481518312457481
0,0.0454078017548472
0,0.0485500216803746
0,0.0157578328924799
0,0.0282601934362885
0,0.0481792427892781
0,0.0478781119558401
0,0.0211830083513597
0,0.0270445810442561
0,0.0475505492941441
0,0.0481213647504667
0,0.0221303069297453
0,0.045645036547626
0,0.0478192091973681
0,0.016227330835699
0,0.0484338537648588
0,0.048426915448187
0,0.0450788778342658
0,0.0469928350612017
0,0.0472760208063229
0,0.0193354629140027
0,0.0454713657173208
0,0.0480330394571852
0,0.0204698141537237
0,0.0288036667559077
0,0.0627168270453408
0,0.0216149247986431
0,0.045714775702862
0,0.048248400033666
0,0.02131193068472
0,0.0173085444962157
0,0.048304067054799
0,0.0475157804098931
0,0.046810885435236
0,0.0355122220932512
0,0.0482496395859096
0,0.0247667369483494
0,0.0154794453402579
0,0.0424167942536869
0,0.048280505106005
0,0.0184688882461739
0,0.0217257921777385
0,0.0124332750563155
0,0.0478397757688366
0,0.0477288236363359
0,0.0173567248587714
0,0.0485408767720424
0,0.0456002006452228
0,0.0174989613289836
0,0.0156538363924136
0,0.0474741813436245
0,0.0459633786110851
0,0.0470334076109891
0,0.0222591292533071
0,0.0309785345573975
0,0.0216145483664071
0,0.0195049548910164
0,0.0358044283898739
0,0.0482992668815936
0,0.0471819947123399
0,0.0452275096218731
0,0.0457366256436847
0,0.0475761325309996
0,0.0190336828721081
0,0.0449959917138022
0,0.0179810036329448
0,0.0472667621075762
0,0.0205052625511402
0,0.0460480635467872
0,0.2190462375568966
0,0.0189409322986225
0,0.0376317608793547
0,0.0482823822445975
0,0.0162417447835941
0,0.0169319638873806
0,0.0453973088186237
0,0.0485966688897433
0,0.0248059990001891
0,0.047249699372252
0,0.048006261832252
0,0.0469518401486641
0,0.0502732685369245
0,0.04830594337726
0,0.0484785236123926
0,0.0454857702449859
0,0.0481048934405073
0,0.0477339104390065
0,0.0205048109421275
0,0.0480601912825478
0,0.0229237969252242
0,0.046759206638472
0,0.0467851430397791
0,0.0471401848781769
0,0.0198626136276691
0,0.0122736425892336
0,0.0522221716353899
0,0.0452778639276739
0,0.0476081128524033
0,0.0206288362963248
0,0.0782206548675076
0,0.0214035208855549
0,0.0483441287256073
0,0.0159736916840727
0,0.0215233950179158
0,0.0459460773641738
0,0.0468045696283003
0,0.0459277146892932
0,0.0479539363702565
0,0.0304027292790163
0,0.0154305582307363
0,0.0452433884003229
0,0.0475704743346514
0,0.0468629207199386
0,0.0210252434523534
0,0.0143709756451402
0,0.0478810919670352
0,0.0215342495671303
0,0.0478531536358425
0,0.0369496875432374
0,0.0481887443646907
0,0.0173995826311443
0,0.0138581816009531
0,0.0478843502419738
0,0.0171107994274759
0,0.0176423423802076
0,0.0451944638357526
0,0.0455923017087388
0,0.0472553698620868
0,0.0545438498744093
0,0.0480304869324463
0,0.0459689320865968
0,0.0474023695406948
0,0.0144293271686176
0,0.0171772822940843
0,0.0206059466203554
0,0.0474116780124246
0,0.019793719705939
0,0.0220124717460697
0,0.0458542042797495
0,0.048359164798325
0,0.0213222565577472
0,0.0326850453996817
0,0.0456861963701091
0,0.0349128750269194
0,0.021949269955958
0,0.0279064465328021
0,0.0450922394062942
0,0.0476786575611565
0,0.0455205541469923
0,0.0139850375163283
0,0.0482886032510864
0,0.0162772008272568
0,0.0161624618256454
0,0.0484028256634517
0,0.0198498116925289
0,0.0157660416589371
0,0.0455427916180232
0,0.0142086638541039
0,0.0182650250678641
0,0.047794289894965
0,0.0463555621862279
0,0.0482271837098134
0,0.0379915238251422
0,0.0469358957968315
0,0.020982416519834
0,0.04800801390097
0,0.037715341442242
0,0.0314863552569935
0,0.0478990886298207
0,0.048421208936177
0,0.0146805986613795
0,0.0463223585275425
0,0.0164417545977408
0,0.0477915560702206
0,0.0159235063868834
0,0.0450401802836495
0,0.0471854080524644
0,0.0432609459680729
0,0.047189458541961
0,0.0222473408096215
0,0.0193630724404414
0,0.0479903318063434
0,0.0457702163701069
0,0.0274386653382226
0,0.0365988996484847
0,0.0481844255161327
0,0.0483902418168741
0,0.0456136752921362
0,0.0389981895387268
0,0.0476604339156018
0,0.0476054104047438
0,0.0476520123498563
0,0.020106020739873
0,0.0413320351242829
0,0.046395526451933
0,0.0448145844869015
0,0.045835329590506
0,0.0366016760721921
0,0.0481502482646706
0,0.0479471073409323
0,0.0475189349024123
0,0.0237662722749781
0,0.0314980587051108
0,0.0196864680602967
0,0.0399517963251566
0,0.0481978455773956
0,0.0483812605760954
0,0.0188715075500401
0,0.0483927250454567
0,0.0475659749747367
0,0.0480335768347191
0,0.0297984921890251
0,0.0507100111513266
0,0.0458142243301481
0,0.0480856176819885
0,0.0469846288325193
0,0.0219923808883475
0,0.0452255127352793
0,0.0427277248829926
0,0.0469469433792953
0,0.0477155204571317
0,0.0124238420071056
0,0.0477502224814512
0,0.0475648429482072
0,0.0460058075800663
0,0.0478651844488967
0,0.0457742718253825
0,0.0479316314001439
0,0.0189221988206432
0,0.0177833345554086
0,0.0481529277068468
0,0.0482819801296533
0,0.0476100699207623
0,0.0461420995975835
0,0.0461436778169737
0,0.0157030480423627
0,0.0480766824582896
0,0.0217556000527609
0,0.0468568655525554
0,0.0454127586161833
0,0.0479926946753274
0,0.0474485684427575
0,0.0476095937339776
0,0.0175476057723008
0,0.021165678357071
0,0.0202630696676686
0,0.0140531094062469
0,0.016220844618754
0,0.01642480003015
0,0.0229780524994687
0,0.0216901915598754
0,0.0164170700422462
0,0.0477982700345843
0,0.0164867828794325
0,0.0484708694828717
0,0.0173311850445585
0,0.020063903051999
0,0.0409197582437171
0,0.016006391400796
0,0.0218669219289534
0,0.0208226433333128
0,0.0117739532532277
0,0.0372655448806863
0,0.013830071297909
0,0.047376984121113
0,0.0482681123870177
0,0.016778936632481
0,0.0480114337702657
0,0.0465224826131318
0,0.0389436207714453
0,0.0715432918749697
0,0.0179841555053743
0,0.0463722940279559
0,0.0455591064394762
0,0.0458501463082655
0,0.065634584457268
0,0.0219849351522717
0,0.0458745212314058
0,0.0467119030786601
0,0.0196114079232089
0,0.0480282002519573
0,0.0281394955388691
0,0.0481510963257584
0,0.0260046940089452
0,0.0449928965393943
0,0.0469685619280082
0,0.0194736575833215
0,0.0311550255401953
0,0.04554006323903
0,0.041272843534759
0,0.0462852195568982
0,0.0453543592862355
0,0.0467392551358903
0,0.0355337457805843
0,0.0195717243853376
0,0.0480630694710982
0,0.0449967479836085
0,0.0472379615325107
0,0.0475203619748003
0,0.0475215820554251
0,0.0475959636252733
0,0.0464045905064268
0,0.0778057138451371
0,0.0220833903274944
0,0.0460224594701142
0,0.0481995465696264
0,0.0215740697186276
0,0.04790180859013
0,0.0210811274124697
0,0.0203489161927265
0,0.0379885168141233
0,0.0476208956187039
0,0.0455270371815971
0,0.0285411206007133
0,0.0466124293788178
0,0.0481072960889882
0,0.0346065140563727
0,0.0205539241923207
0,0.0478368019124549
0,0.0469787120954795
0,0.0475627379407542
0,0.0219138815131737
0,0.0201010564929646
0,0.047722463437491
0,0.0455760966488151
0,0.046192387887138
0,0.0387776232799769
0,0.0467772866194439
0,0.0250344103077536
0,0.0240348773948436
0,0.0151654731413171
0,0.0191759282329352
0,0.0206018500045152
0,0.0212613947050061
0,0.0525678011795225
0,0.0208547036586132
0,0.0216635529220621
0,0.0484797433115511
0,0.0463956410426145
0,0.0480101828416348
0,0.0393497894635826
0,0.0372670225603573
0,0.0483910449374035
0,0.0474847013099813
0,0.01480481106643
0,0.0140796560589728
0,0.0221073942205228
0,0.0482385947013547
0,0.0217986993867467
0,0.0212995140799056
0,0.0456693114727943
0,0.0169009092782468
0,0.014176367349419
0,0.0477551795473541
0,0.0476036134722303
0,0.047570398568521
0,0.0459359135599626
0,0.0459595926966706
0,0.0480965782486437
0,0.0481946490643372
0,0.0201721605838625
0,0.0204753770555835
0,0.0581654073718638
0,0.0468983319687648
0,0.020820789901326
0,0.0158991030920822
0,0.0482761375585263
0,0.1647174907884582
0,0.0483085708053486
0,0.0479270609692397
0,0.0484038787589037
0,0.0476672175568143
0,0.0480039345565965
0,0.0483031928992833
0,0.0478226518014061
0,0.0165104680388146
0,0.0485561631121269
0,0.0355819391821288
0,0.0459649669293245
0,0.0343468249000436
0,0.0179678609178217
0,0.0481904822790607
0,0.04785300793292
0,0.0347000689419073
0,0.0367618572472998
0,0.0479474471976033
0,0.0664253758036385
0,0.0475058343637963
0,0.0204834823662363
0,0.0453421466424927
0,0.0478378875892444
0,0.0434425177541563
0,0.0294084230669613
0,0.0477343320491584
0,0.0467500485559902
0,0.0168901941577667
0,0.0218699179950336
0,0.0243785093929822
0,0.0478422894958909
0,0.0478574985786174
0,0.048059225683898
0,0.0218910306508671
0,0.0458319579962695
0,0.0461689847846986
0,0.0163359441060329
0,0.0219925140885209
0,0.0195577571315787
0,0.0484487089107513
0,0.01841870124816
0,0.0368763685986877
0,0.0480775525753467
0,0.0190610954698207
0,0.0205700115539867
0,0.0468353894899923
0,0.0476511280129175
0,0.0482884614010552
0,0.0209040316758148
0,0.0208382089307686
0,0.0482239696107339
0,0.0172346301642236
0,0.0455213310875473
0,0.0408789816593816
0,0.0188590062442915
0,0.0313768584092436
0,0.0484430097465054
0,0.0483581524620561
0,0.0178667526008542
0,0.0473701984643117
0,0.0545124129623262
0,0.018649574646662
0,0.0219546871505669
0,0.0170379664607117
0,0.0472528370658406
0,0.0157417779607826
0,0.0475306806532334
0,0.0457182005310525
0,0.0453134888991108
0,0.0247759354969304
0,0.0481060200842819
0,0.0475128646122674
0,0.0216445679728608
0,0.0479149187313439
0,0.0210436960409679
0,0.0211303135280813
0,0.0185076853440977
0,0.0469858312663603
0,0.0448303551144384
0,0.0478395723366563
0,0.0481913806690267
0,0.0473454620016182
0,0.0469996709339949
0,0.0479557782177427
0,0.0482084218897567
0,0.0457747734427346
0,0.0479962921649505
0,0.0219730914362063
0,0.0452369439951127
0,0.0466445924456499
0,0.0469656499195442
0,0.0442490597610345
0,0.0478594239575297
0,0.0286866193638449
0,0.0475047055984574
0,0.0471438641839915
0,0.1820697453727711
0,0.0455511911185707
0,0.0184493026027063
0,0.0461469758829357
0,0.0459357651838034
0,0.0283532510466849
0,0.0475520379888435
0,0.048262819648106
0,0.0456393358000222
0,0.0475813880485133
0,0.0476483428447168
0,0.0479934501391828
0,0.0479240026032556
0,0.0479434567180369
0,0.016819618500681
0,0.0478834707976646
0,0.0220445743938498
0,0.0379959747401338
0,0.0195454345529472
0,0.0200166174687522
0,0.020320284759005
0,0.0484468869783214
0,0.0243261814412981
0,0.0471489952482967
0,0.0193521409142258
0,0.0217856682275218
0,0.0484397161258545
0,0.0452793112418159
0,0.0209725950178307
0,0.0358537298082873
0,0.0476432188122255
0,0.0220598193132277
0,0.0152917374406805
0,0.0481730188234122
0,0.0188655708739661
0,0.0464396840757078
0,0.0482756479079212
0,0.0098941586186884
0,0.0454072930563664
0,0.0318900177073044
0,0.0225664713199076
0,0.0476546912750685
0,0.0467532591680356
0,0.0478365216101757
0,0.0479187127216038
0,0.0479884427629888
0,0.0480818051365686
0,0.0196545522689669
0,0.0310550564281588
0,0.0349284624082122
0,0.0475671239778653
0,0.0448646249932346
0,0.0481614532990358
0,0.0187130670424085
0,0.0476108445160774
0,0.0185853533568876
0,0.0469224065421559
0,0.0478634243073171
0,0.0231718351035815
0,0.0470212527546491
0,0.0372943402117165
0,0.0464782247251296
0,0.0473924732586473
0,0.0464558931176589
0,0.0215072961186283
0,0.0460531598700185
0,0.0199654268999507
0,0.0366414681146786
0,0.048020218692315
0,0.0469971880018214
0,0.0457190907494278
0,0.0195700651966393
0,0.0207880546918277
0,0.017450761318846
0,0.048030810819675
0,0.0484640283902807
0,0.0473987661942621
0,0.0357822460138725
0,0.0343206697227829
0,0.0584817785341565
0,0.0470708793921501
0,0.0479043281661524
0,0.0277602166363999
0,0.0456355666356542
0,0.0213360084863373
0,0.029293862068074
0,0.0220192751331736
0,0.0481899394433366
0,0.0456897118999183
0,0.0176527728938223
0,0.0475192545428437
0,0.0478228392570772
0,0.0435473181460249
0,0.0357642038362055
0,0.0483778873710162
0,0.0480064094259568
0,0.0475878423214003
0,0.0481284061599477
0,0.0220417408297269
0,0.0471478431448786
0,0.0468389596011078
0,0.0312918881195013
0,0.0482323669240134
0,0.0265867789997893
0,0.0200069885818364
0,0.0453507162716546
0,0.0481027604572109
0,0.0480326442165177
0,0.0483246596534654
0,0.0467935778477627
0,0.048604226281446
0,0.0790611653832049
0,0.0272005814719156
0,0.0119695876475258
0,0.0365741742410895
0,0.040678076254924
0,0.0473111446892771
0,0.0325330977369669
0,0.0485473569025069
0,0.0478189405283061
0,0.0460562579163657
0,0.0477525381853185
0,0.0470829459580808
0,0.0122277853906914
0,0.0483464385819676
0,0.0308451721623981
0,0.0481746785531089
0,0.0483905908816357
0,0.0477973267772661
0,0.021039272999963
0,0.0532354313097386
0,0.0164523355212894
0,0.0477381604598055
0,0.0219700763430714
0,0.0482274230694617
0,0.0458202764502138
0,0.0447763367688756
0,0.0219792230224064
0,0.0183543992475764
0,0.047576143906321
0,0.0205483120372261
0,0.0454558263520165
0,0.0459497764390069
0,0.0476201260554627
0,0.0475452895910662
0,0.0470258168274341
0,0.0464483941264419
0,0.0305067222232891
0,0.0479291470729193
0,0.0478227794005219
0,0.020268227861171
0,0.0289817482156055
0,0.0668353886236194
0,0.0476582049427862
0,0.0179026230465353
0,0.018368173744156
0,0.0481860217778146
0,0.0485349180621863
0,0.0478979127169773
0,0.0474116914372028
0,0.0350569003102602
0,0.0468024836688567
0,0.0481788009088366
0,0.047874482878122
0,0.048403628500195
0,0.037228608517603
0,0.0483077048274905
0,0.021053593216309
0,0.0297218633514705
0,0.0481398651387799
0,0.0368203357027198
0,0.0452482862109366
0,0.0473932578477561
0,0.0216372915164141
0,0.0305264741317848
0,0.0217639434461746
0,0.0136089315920633
0,0.0367440372936434
0,0.0124979647272624
0,0.0482227989312623
0,0.1649948404070271
0,0.0453883362092861
0,0.0478394087206323
0,0.0289169585402779
0,0.0218178355175515
0,0.1457912682116249
0,0.0455384515596535
0,0.0276326944186083
0,0.0394730283598535
0,0.0479569514609342
0,0.0198767293188036
0,0.0462595729978432
0,0.012407887292793
0,0.0452257828025947
0,0.0470127304327469
0,0.038914155764248
0,0.0200691407490782
0,0.0476199135494731
0,0.0480496680175211
0,0.0216009173653304
0,0.0217781155007295
0,0.0205430599996173
0,0.0477796852442105
0,0.0484266191818249
0,0.047614242034966
0,0.026229119724045
0,0.0217182956536099
0,0.0482111636170636
0,0.0465438603711359
0,0.0125906375571849
0,0.0385670150910489
0,0.0417852413522387
0,0.0205432225301358
0,0.0478328679886632
0,0.0454276975258289
0,0.0537778774571658
0,0.0217485067244823
0,0.0457158351940833
0,0.0454057856926804
0,0.0454774308568944
0,0.0472904426292865
0,0.0186744591520385
0,0.0451727597785168
0,0.0481366291884183
0,0.04815678330274
0,0.0477743157944798
0,0.0473565497375459
0,0.0200390192128339
0,0.015880676727975
0,0.0478515130367331
0,0.0464995978108725
0,0.0475925941922673
0,0.0479735950844887
0,0.0484406066573148
0,0.0482222861712823
0,0.0484024830085241
0,0.0464834012448486
0,0.0216381507944456
0,0.0485917769928563
0,0.0237802172149551
0,0.0476695328370723
0,0.0204004196708378
0,0.0454142452172006
0,0.0453455362286538
0,0.0455352920324419
0,0.0470103996191318
0,0.0402121233386658
0,0.0481115868484648
0,0.0454200882935384
0,0.0259882086048817
0,0.0662520612599042
0,0.0475485275451175
0,0.0469954500740973
0,0.0219959557097982
0,0.0210820403552716
0,0.0470241376174558
0,0.0482604527654593
0,0.0475330917881405
0,0.0472720307852659
0,0.0151374788809362
0,0.0483763972822685
0,0.0478786641779494
0,0.0478390883896728
0,0.0332878288034629
0,0.0377091456929703
0,0.0453309424673027
0,0.0483717858950401
0,0.0212405846125615
0,0.0481548352534424
0,0.0474489042297688
0,0.0450533574488476
0,0.0462443635356977
0,0.0485943660320289
0,0.0463947760162911
0,0.0482721641884046
0,0.0273201582825435
0,0.0211657108376818
0,0.0477520165267972
0,0.0484793602547877
0,0.0473548742307068
0,0.0482119582335829
0,0.0475176890932239
0,0.0483963311834577
0,0.0475892283578641
0,0.0467440620004971
0,0.0469043308008517
0,0.0206109907924992
0,0.0277312044882151
0,0.0221524525720567
0,0.0183025905579162
0,0.0480325798955565
0,0.0236839720159471
0,0.0422839548629919
0,0.0253297289616168
0,0.0408531467897438
0,0.0298189701854694
0,0.0219625144644164
0,0.0480992002220711
0,0.0138332282326219
0,0.0473913286874736
0,0.0469435727144703
0,0.0483690370899581
0,0.0452069904512296
0,0.0484561157016628
0,0.0482843527419541
0,0.0475699794363222
0,0.0456427325245711
0,0.0485499374232026
0,0.0159563445934416
0,0.0460200270922814
0,0.0276930080758847
0,0.0408768360376676
0,0.0477266889074147
0,0.0470922168892561
0,0.0543711764858924
0,0.0477597001823661
0,0.0477086771343976
0,0.0179428381603096
0,0.0101242894836043
0,0.0481351022323896
0,0.0220212624416728
0,0.0190728432382482
0,0.0482247161815042
0,0.020089189607865
0,0.03729843308003
0,0.0104744782001641
0,0.0483585824641342
0,0.0457872693108076
0,0.0207878881605352
0,0.0190131290131577
0,0.0481670078456331
0,0.0482871184473506
0,0.020697959818687
0,0.0483098700984752
0,0.0481441039539097
0,0.0474826286864702
0,0.0456871509765156
0,0.0481602014687319
0,0.0116444223154626
0,0.0485172845627017
0,0.021443374007873
0,0.04648171921258
0,0.0460209383958186
0,0.0482370720959067
0,0.0186670713541977
0,0.0211076818559423
0,0.0187769614578865
0,0.0184947255479362
0,0.0479663839632092
0,0.0205231685642902
0,0.0592951418112631
0,0.0482393675785033
0,0.0468615521313203
0,0.02146270732076
0,0.0472365262295425
0,0.0709146538565684
0,0.0200591547167532
0,0.0484918298037341
0,0.016839489705876
0,0.0223853456337703
0,0.0395749941892849
0,0.0480321480439876
0,0.0485420280037068
0,0.0478865597583967
0,0.0467109825381415
0,0.0216108734503012
0,0.0483902483396094
0,0.0293131642107614
0,0.0220463124683266
0,0.0222909829974496
0,0.047694399354904
0,0.0482892287023883
0,0.0455626993429744
0,0.0472894213421006
0,0.0467183253072998
0,0.0483803095090192
0,0.0472821741624705
0,0.0218292260563398
0,0.0473860432103824
0,0.0260055123599819
0,0.0453107199932202
0,0.0484200646694171
0,0.0344180362097066
0,0.0474293629409415
0,0.0199035684559229
0,0.0480616305371502
0,0.0129898898615958
0,0.0203583933965341
0,0.0453197015765628
0,0.0199890971454468
0,0.0482007004822012
0,0.0479781922808495
0,0.0216292131966525
0,0.0466942174331808
0,0.0453281542605939
0,0.0457822786382906
0,0.0476698505717624
0,0.0471203852905949
0,0.0198271313077431
0,0.0475916376724429
0,0.0451880586880594
0,0.0325265596151981
0,0.0475199493189362
0,0.0433229888236537
0,0.0451683812728095
0,0.0482298053423452
0,0.0472586716181833
0,0.0177996361508499
0,0.0466282949494313
0,0.0212679570919774
0,0.0480578936527403
0,0.0219367037180084
0,0.0410032289887162
0,0.0482170429138838
0,0.0147143472178254
0,0.0474656171938624
0,0.0474563952761407
0,0.1458084433111187
0,0.0143740147300049
0,0.0468614024723932
0,0.0165338578374445
0,0.0347180866470415
0,0.0458690204724266
0,0.0476632176629514
0,0.0480351672892369
0,0.0454847328438335
0,0.0174537152197565
0,0.0288090764226426
0,0.0472230273071546
0,0.0482872262472053
0,0.0463816535121836
0,0.0480993602948209
0,0.0478012090546363
0,0.0479010419074303
0,0.0348940457023611
0,0.0467546047179492
0,0.0483701951910763
0,0.0467476782474543
0,0.0480872114814327
0,0.0451094850824309
0,0.0455374737460524
0,0.0292950207183802
0,0.0219336538853913
0,0.0481542126040696
0,0.0295696288891056
0,0.045213824715759
0,0.04822687428308
0,0.0247396606755506
0,0.0219368427622611
0,0.0214166356077801
0,0.047507389412968
0,0.0409954173892441
0,0.0217851405799463
0,0.0216288109800018
0,0.0260021556008293
0,0.0458985548946364
0,0.0457406331711984
0,0.0209249296226643
0,0.0202439854728583
0,0.022650222602195
0,0.0476072266536147
0,0.035516758191154
0,0.0480048218744055
0,0.0220003874283923
0,0.0249371046236913
0,0.0124860169242383
0,0.0206865444885472
0,0.0481008715869658
0,0.0481143013440179
0,0.0348004408521323
0,0.0220501934060606
0,0.0479902178058772
0,0.0481983955790422
0,0.0158055878037772
0,0.0240366727104444
0,0.0471885606531747
0,0.0480962775388714
0,0.0454293888689345
0,0.0198468093018505
0,0.021559545856319
0,0.0456418928901152
0,0.048019563340805
0,0.0186556984205194
0,0.0480781324388288
0,0.042068243427354
0,0.0466988747064668
0,0.0484247139539759
0,0.0183198940893437
0,0.0480057073114751
0,0.0471086989387862
0,0.0480873388615189
0,0.0465596870686431
0,0.0471692010630654
0,0.0159052089988694
0,0.0203594419955286
0,0.0473493470952531
0,0.0473151141487199
0,0.0471677294195514
0,0.0478013229207524
0,0.0186476301739529
0,0.0476028193140504
0,0.0466884733736518
0,0.0215657358980427
0,0.0183999116500478
0,0.0134803954043228
0,0.0483904692545706
0,0.0474729920216427
0,0.0305354054596404
0,0.0467405249066864
0,0.0451968852370314
0,0.0476860699720988
0,0.018263015218418
0,0.0279456102869034
0,0.0482367549048306
0,0.0475568140844053
0,0.0470340918906409
0,0.0213868163209126
0,0.0223219300467493
0,0.0472009752271783
0,0.0479058493022116
0,0.0475033949526239
0,0.0484077654260542
0,0.048393639844494
0,0.030528599247816
0,0.0149596305476167
0,0.0484714454238631
0,0.008819695960142
0,0.0314111439519193
0,0.0160495851400022
1,0.2519519267134665
1,0.9991405489433852
1,0.9999999994887686
1,0.7113161456127128
1,0.525473699306536
1,0.9999999994887686
1,0.9999999994887686
1,0.944243825146626
1,0.954052133114271
1,0.7404717504156382
1,0.9999999994887686
1,0.7312058056165702
1,0.8060440415350653
1,0.992137836235506
1,0.5785107620720229
1,0.9972437408467818
1,0.7413846893093194
1,0.9989538647066952
1,0.9991405567642117
1,0.0493044105888739
1,0.9822278244375496
1,0.63649369470227
1,0.6363631045992517
1,0.9999999994887686
1,0.9999999994887686
1,0.9999999994887686
1,0.9999999994887686
1,0.9964610846373751
1,0.5230900393556935
1,0.9999999994887686
1,0.8716299341301973
1,0.9990030663314964
1,0.912708937724577
1,0.998627576421238
1,0.9913701817992576
1,0.9999999994887686
1,0.5255049877011833
1,0.9352201974816052
1,0.7898281977134131
1,0.992919687465124
1,0.9988220227255444
1,0.8430383785105053
1,0.9352725588714912
1,0.9999999994887686
1,0.9345625890964104
1,0.9661247843852568
1,0.9999999994887686
1,0.9999999994887686
1,0.7791447934043909
1,0.9999999994887686
1,0.8168070088361835
1,0.9921402894830712
1,0.9999999994887686
1,0.9396443501697817
1,0.9298943592024024
1,0.9999999994887686
1,0.9999999994887686
1,0.9352776843322314
1,0.9799956847671484
1,0.5280978154266301
1,0.9999999994887686
1,0.9999999994887686
1,0.9910399401041098
1,0.8900273597332322
1,0.8824151957764677
1,0.8717440260648437
1,0.9999999994887686
1,0.9999999994887686
1,0.545058594940927
1,0.6291052290649658
1,0.5255195986309569
1,0.9974809488669232
1,0.9838002912162744
1,0.5209410003773803
1,0.9913694246587964
1,0.9999999994887686
1,0.6051251744713215
1,0.8167706434580594
1,0.9999999994887686
1,0.9568841754532096
1,0.7792696220800237
1,0.9971664808971216
1,0.997480247872336
1,0.7894837739589411
1,0.9999999994887686
1,0.5328070314868217
1,0.9999999994887686
1,0.5254695251416428
1,0.979846159993932
1,0.9443402779498
1,0.99895371468266
1,0.9352123132289611
1,0.9771140523592085
1,0.9999999994887686
1,0.9999999994887686
1,0.8429721451462746
1,0.827328560504627
1,0.9999999994887686
1,0.9557279015629232
1,0.9999999994887686
1,0.9774782898972268
1,0.9999999994887686
1,0.79543389577611
1,0.9560264976557528
1,0.5230823110879405
1,0.9995972355925532
1,0.5273570015080568
1,0.8273818223741449
1,0.982435864967202
1,0.9999999994887686
1,0.9999999994887686
1,0.9999999994887686
1,0.983616014225221
1,0.9989542260567288
1,0.997163295687456
1,0.9999999994887686
1,0.1134745944395779
1,0.7402999453277099
1,0.0476398980729992
1,0.5438263481822663
1,0.888258526595758
1,0.9836191087795528
1,0.6175068107595931
1,0.9999999994887686
1,0.9995970827533304
1,0.9999999994887686
1,0.8272829237691733
1,0.9999999994887686
1,0.9999999994887686
1,0.927878090925429
1,0.8255687630981712
1,0.95034548822613
1,0.4870425688688767
1,0.997161308515538
1,0.9988241021909976
1,0.5436848479309894
1,0.7895735163705181
1,0.955770578062908
1,0.9987896119682524
1,0.5203326356641177
1,0.9999999994887686
1,0.5249624406749557
1,0.9999999994887686
1,0.9855993040466252
1,0.933733954423824
1,0.7193798100518032
1,0.9999999994887686
1,0.9999999994887686
1,0.9999999994887686
1,0.5231294720932631
1,0.7111272423407645
1,0.9855810633321078
1,0.9337407817666756
1,0.798817921088425
1,0.7231579495657323
1,0.7999445279757673
1,0.9632246077176831
1,0.3487873502215775
1,0.9990031166649492
1,0.7305421495767547
1,0.7414488483964601
1,0.5259779364812178
1,0.9999999994887686
1,0.9999999994887686
1,0.9824317094588106
1,0.9921385376592418
1,0.955739347466152
1,0.9676785602352526
1,0.8770339265537682
1,0.9822147249865358
1,0.99895541340446
1,0.5971791359830392
1,0.6238087165695722
1,0.9824549453205608
1,0.736240985839397
1,0.8167581640046724
1,0.9976003300169144
1,0.5972143112051649
1,0.5258220526314472
1,0.741285802775428
1,0.9975977912396804
1,0.9937009365044638
1,0.9910397659004032
1,0.8429667594881518
1,0.9999999994887686
1,0.9999999994887686
1,0.0469919456202197
1,0.3482526718563741
1,0.9999999994887686
1,0.9999999994887686
1,0.9999999994887686
1,0.996349204110146
1,0.9797793422122144
1,0.7896856580797772
1,0.9972240144912295
1,0.9443129396021984
1,0.9991404256219826
1,0.9999999994887686
1,0.9999999994887686
1,0.9337094048913056
1,0.9590799254809408
1,0.8166788152458433
1,0.93452847765908
1,0.9999999994887686
1,0.7987737124958139
1,0.9929222494842516
1,0.9999999994887686
1,0.5329199631022173
1,0.8900433273418527
1,0.8900871437765165
1,0.8085542729478541
1,0.9396385687119628
1,0.9310298032125566
1,0.9999999994887686
1,0.8862038145910325
1,0.9988026915711484
1,0.9999999994887686
1,0.5201547567299026
1,0.7896040311449928
1,0.5345520341765613
1,0.9855980080002268
1,0.983616842554812
1,0.7512201996498376
1,0.8254364203284964
1,0.0479068237384786
1,0.9999999994887686
1,0.9999999994887686
1,0.5270067973947233
1,0.9999999994887686
1,0.8716677766085076
1,0.7412689017467435
1,0.9999999994887686
1,0.9999999994887686
1,0.9999999993917352
1,0.9288993997945264
1,0.9999999909203114
1,0.9856092413466666
1,0.524944121513331
1,0.6176520762459309
1,0.9999999994887686
1,0.9929753358767056
1,0.9999999994887686
1,0.9999999994887686
1,0.5772614186444218
1,0.9443057531087184
1,0.933736257874724
1,0.8836731887898893
1,0.9995973417551404
1,0.7462167135427542
1,0.9397313778442382
1,0.7303006852850464
1,0.9999999994887686
1,0.8966862582988075
1,0.9999999994887686
1,0.9999999994887686
1,0.5608568262035515
1,0.9929768207245618
1,0.9999999994887686
1,0.0488368185947316
1,0.9987891979080769
1,0.9999999994887686
1,0.9495430926140898
1,0.7791465230989344
1,0.9921369536365132
1,0.746383761484468
1,0.9336969356756888
1,0.9999999994887686
1,0.9345712253782236
1,0.5334499323471097
1,0.9797911248212822
1,0.9750063520784278
1,0.9937026172992924
1,0.9533357204781996
1,0.9999999994887686
1,0.367033652388512
1,0.7884844337415575
1,0.9999999994887686
1,0.9999999994887686
1,0.6176034657872531
1,0.0298195694554619
1,0.9987902368295296
1,0.5668065762911018
1,0.9556888445562216
1,0.5331925267523823
1,0.5871520832586431
1,0.9278572296438912
1,0.9999999994887686
1,0.1570106822302754
1,0.8167066479732965
1,0.7412729666318763
1,0.955753045306908
1,0.7988540866114933
1,0.9999999994887686
1,0.560345727786416
1,0.9988224806354848
1,0.7121868252477742
1,0.5437362315088685
1,0.5254835807040356
1,0.7362301226681955
1,0.999140765969393
1,0.6291563225441454
1,0.9991411111183164
1,0.2694943947029283
1,0.9999999994887686
1,0.8728954052960001
1,0.8901100245562766
1,0.9929865966309172
1,0.9964387875310164
1,0.5260305807180241
1,0.5273744944395348
1,0.9999999994887686
1,0.9999999994887686
1,0.521148630966298
1,0.5999031242876254
1,0.9999999498935876
1,0.5408803468414946
1,0.998823882494309
1,0.9991414587104964
1,0.7111726719944728
1,0.980005285440998
1,0.9420709360449274
1,0.5047087377556804
1,0.800066552511273
1,0.5201666387131166
1,0.0485860144082567
1,0.9999999994887686
1,0.9999999994887686
1,0.7403947542792675
1,0.9921427460573734
1,0.0485509741549113
1,0.6051389186588505
1,0.9337174238952072
1,0.9999999994887686
1,0.9502861658512164
1,0.9967586037186796
1,0.6887518947143442
1,0.9822245535693548
1,0.9397189684982702
1,0.9989537729119684
1,0.9797886110950385
1,0.9989527293605492
1,0.9750071557311228
1,0.9999999994887686
1,0.9989554543845708
1,0.7989193331002596
1,0.9921404739270312
1,0.8346517346938859
1,0.9999999994887686
1,0.5772257240026061
1,0.9336901715589284
1,0.999141843092892
1,0.525813679106307
1,0.7231390976067307
1,0.6177006208812046
1,0.9999999994887686
1,0.9996805412841748
1,0.9503198182537064
1,0.954043281207583
1,0.9987889105953364
1,0.9967156950805574
1,0.9999999994887686
1,0.9798491284838357
1,0.9999999994887686
1,0.9999999994887686
1,0.9999999994887686
1,0.8823354105382963
1,0.9999999994887686
1,0.9999999994887686
1,0.9503072096726014
1,0.9999999994887686
1,0.985597972554187
1,0.9630606626850976
1,0.7758916447263081
1,0.9989544986021852
1,0.9798445096856732
1,0.977106719329308
1,0.0474348774046465
1,0.8823522641686088
1,0.9999999994887686
1,0.8000499017822781
1,0.9540402822285682
1,0.9999999994887686
1,0.9999999994887686
1,0.9999999994887686
1,0.9999999994887686
1,0.9999999994887686
1,0.9921389030770192
1,0.1977935774843779
1,0.9999999994887686
1,0.9967152852108364
1,0.7895810050975215
1,0.933730690570081
1,0.9991411505630476
1,0.6240176374711022
1,0.9999999994887686
1,0.7087752395618939
1,0.9967591246810406
1,0.9999999994887686
1,0.6451188527238197
1,0.979842363079136
1,0.8247158587715154
1,0.999140997257736
1,0.9921452014396162
1,0.6454539203916524
1,0.7402273688633306
1,0.9999999994887686
1,0.9999999994887686
1,0.9999999994887686
1,0.983816473260532
1,0.9999999994887686
1,0.8273132708414097
1,0.9999999994887686
1,0.5681871104349838
1,0.9999999994887686
1,0.9999999994887686
1,0.5328021806705918
1,0.8422879909644658
1,0.9989549551710218
1,0.9901525119747676
1,0.9798466700196292
1,0.9999999994887686
1,0.998789509146519
1,0.9999999994887686
1,0.977487525656342
1,0.9988233876478068
1,0.9824438220970284
1,0.991371698431242
1,0.5201082971337535
1,0.9420752798411316
1,0.9999999994887686
1,0.8346792562651224
1,0.9972212098866754
1,0.5670385538540162
1,0.9999999994887686
1,0.5346141127129457
1,0.7403728080784214
1,0.5766634947270571
1,0.9921402466058072
1,0.9921423960887702
1,0.4965823021649111
1,0.9999999994887686
1,0.9999999994887686
1,0.998824924923468
1,0.9999999994887686
1,0.9999999994887686
1,0.9999999994887686
1,0.5203035998827362
1,0.9971614222253444
1,0.3759575926504667
1,0.997158748476074
1,0.9774866173326148
1,0.9999999994887686
1,0.9800090166759758
1,0.9991409250883776
1,0.6240090385317426
1,0.9999999994887686
1,0.0472226350192898
1,0.8901176128299062
1,0.9257944909970558
1,0.9910446894435414
1,0.9999999994887686
1,0.9999999994887686
1,0.9632130811714348
1,0.9913682925135884
1,0.9999999994887686
1,0.9989545904745802
1,0.9999999994887686
1,0.8823406108944222
1,0.9988027257225592
1,0.9999999994887686
1,0.9262855746969956
1,0.8823620689554169
1,0.9999999994887686
1,0.9999999994887686
1,0.9999999994887686
1,0.9337505246785184
1,0.7362137255913389
1,0.949539854948181
1,0.996810227473935
1,0.9991406135547964
1,0.9999999994887686
1,0.532993776016136
1,0.7403363125554684
1,0.7795929052776494
1,0.7231981374095098
1,0.9995975667044448
1,0.9999999994887686
1,0.9999999994887686
1,0.7112180724322396
1,0.7113637582163056
1,0.979778509096326
1,0.5283400213797854
1,0.9999999994887686
1,0.9999999994887686
1,0.9999999994887686
1,0.9987899312193445
1,0.997165754579548
1,0.7362230296659303
1,0.3755683636774853
1,0.4565568438482901
1,0.8965986991711102
1,0.8273047293583984
1,0.9921383671346
1,0.9999999994887686
1,0.728386567882866
1,0.99137738259765
1,0.9971607067288272
1,0.9999999994887686
1,0.9560400286691392
1,0.5766164907917524
1,0.7313563046000306
1,0.9999999994887686
1,0.9991411887947156
1,0.9999999994887686
1,0.5964843946107219
1,0.9921393050715136
1,0.9913698079584228
1,0.9824430330955048
1,0.9999999994887686
1,0.9986271548800506
1,0.9999999994887686
1,0.9989662718972658
1,0.0479099925469728
1,0.5260607507288756
1,0.048423674476072
1,0.9999999994887686
1,0.8059488360297188
1,0.9999999994887686
1,0.99137056389449
1,0.9999999994887686
1,0.998955320988548
1,0.9989537248164956
1,0.9999999994887686
1,0.7462709009361497
1,0.9967161809601888
1,0.9560225550428644
1,0.7999346273844876
1,0.9855910057130836
1,0.7404351300168373
1,0.9999999994887686
1,0.6292506335299458
1,0.9999999994887686
1,0.9999999994887686
1,0.9999999994887686
1,0.4274740362295782
1,0.9991405358990982
1,0.9999999994887686
1,0.9987898718107254
1,0.5249367400237085
1,0.5683700935358852
1,0.9560515671124712
1,0.9999999994887686
1,0.9999999994887686
1,0.9856044427346028
1,0.6888116325395189
1,0.9822179725819832
1,0.9540323387609806
1,0.9991290645923072
1,0.9396890935492492
1,0.9921448476099368
1,0.2121657227167871
1,0.9999999994887686
1,0.9999999994887686
1,0.9257940025106886
1,0.5328709812064614
1,0.346688825627692
1,0.9630658891244256
1,0.9989533566004504
1,0.9838113256984784
1,0.0485725458935948
1,0.8716111244515943
1,0.9532824381227964
1,0.9345799356256426
1,0.7464850091583203
1,0.9557823426290424
1,0.9988243225801852
1,0.8823089844253664
1,0.9999999994887686
1,0.9999999994887686
1,0.9590946205363632
1,0.9999999994887686
1,0.7793682768507328
1,0.6173627755620099
1,0.5413898568761729
1,0.5778461177206967
1,0.7361540284446465
1,0.597196720004355
1,0.524925794446572
1,0.6887734659402408
1,0.9999999994887686
1,0.6941158780719956
1,0.7897306442981861
1,0.9999999994887686
1,0.9999999994887686
1,0.9257897658644568
1,0.9999999994887686
1,0.963062030421535
1,0.9988238389889286
1,0.0484343538293577
1,0.9337335676600134
1,0.834665441757005
1,0.9999999994887686
1,0.7513957229018406
1,0.9971584972676404
1,0.520173848935931
1,0.9999999994887686
1,0.5345613421466837
1,0.9999999994887686
1,0.9991268007869984
1,0.9999999994887686
1,0.7362655634624016
1,0.998954095473726
1,0.6434594547210476
1,0.5274150224806095
1,0.427364511945807
1,0.9999999994887686
1,0.9774792910003506
1,0.9999999994887686
1,0.0294320508233492
1,0.9968213109534312
1,0.8900987222110818
1,0.9774893685269802
1,0.9991412274545164
1,0.9999999994887686
1,0.9999999994887686
1,0.8429941741163155
1,0.9999999994887686
1,0.9999999994887686
1,0.9989669592198096
1,0.9855928849089328
1,0.9963537275612048
1,0.9999999994887686
1,0.7846105565810083
1,0.9989530908107552
1,0.9999999994887686
1,0.7361973946975491
1,0.9967595150612736
1,0.0483692917224553
1,0.7361844687900487
1,0.9999999994887686
1,0.9999999994887686
1,0.3902714847565601
1,0.9999999994887686
1,0.9913762552372
1,0.9502894215459212
1,0.998955045574029
1,0.9771162345959726
1,0.5587598216149621
1,0.9443309924511692
1,0.9999999994887686
1,0.9999999994887686
1,0.2122331011116217
1,0.8882707849598787
1,0.8274383299202392
1,0.9999999994887686
1,0.9999999994887686
1,0.9999999994887686
1,0.9997253119464952
1,0.9988030201923568
1,0.9999999994887686
1,0.9999999994887686
1,0.9855966130342302
1,0.9774910300588056
1,0.9990039228606284
1,0.5596781895843346
1,0.6050871984045538
1,0.7090319503661103
1,0.9999999994887686
1,0.9297371611537188
1,0.9901307572250546
1,0.7513120191391555
1,0.9967596539727244
1,0.97693554092611
1,0.5210013367371159
1,0.9999999994887686
1,0.925791704373924
1,0.9910422620510738
1,0.6887681948076916
1,0.5437619848720263
1,0.7111453316004297
1,0.9999999994887686
1,0.5332825639182888
1,0.5772508368878927
1,0.5259498546621546
1,0.9999999994887686
1,0.9999999994887686
1,0.7113090948500941
1,0.7404413325947752
1,0.9495408977280254
1,0.9999999994887686
1,0.021293735755922
1,0.979797874430814
1,0.9443009295483712
1,0.8274200126040665
1,0.9397115063401678
1,0.997533304490717
1,0.7758803783992059
1,0.949527832568998
1,0.5874196077776307
1,0.7306560444245563
1,0.999140689980108
1,0.9999999994887686
1,0.9995973030271708
1,0.9999999994887686
1,0.9999999994887686
1,0.9337316642044295
1,0.9991408785686756
1,0.5231171545327998
1,0.8346063632292984
1,0.9999999994887686
1,0.9999999994887686
1,0.9797777720058888
1,0.5504824448407504
1,0.8970416865212204
1,0.9997244301959356
1,0.9999999994887686
1,0.9999999994887686
1,0.975023146135094
1,0.9999999994887686
1,0.9352017932506744
1,0.9999999994887686
1,0.9999999994887686
1,0.9991308353303056
1,0.6242510777817848
1,0.7988033245938465
1,0.9988240884578806
1,0.9774921551298816
1,0.5250257876031863
1,0.9532893645875978
1,0.9999999994887686
1,0.7362391534539924
1,0.9800095611796356
1,0.6325415728719077
1,0.9771060218737252
1,0.9443263787294952
1,0.1208578952736589
1,0.9999999994887686
1,0.9999999994887686
1,0.992143443332921
1,0.9999999994887686
1,0.9921444984808252
1,0.8822846792284242
1,0.8803036578589178
1,0.9999999994887686
1,0.9990042509746864
1,0.9836178960283878
1,0.5200626045845929
1,0.9495518459485622
1,0.8422467814470269
1,0.9999999994887686
1,0.9921380189260468
1,0.5200852431822122
1,0.9999999994887686
1,0.7112543711755888
1,0.9774746245688624
1,0.9999999994887686
1,0.8253088153696243
1,0.9822343883827938
1,0.9495300038179556
1,0.9986269274374496
1,0.9989518645677772
1,0.95579216436965
1,0.9989531342769216
1,0.9921381883845568
1,0.8822824575805138
1,0.9999999994887686
1,0.605152738623567
1,0.8882728282220395
1,0.9999999994887686
1,0.0482856527428303
1,0.9972420346457224
1,0.9991287712675472
1,0.9999999994887686
1,0.52827213498751
1,0.751245107252503
1,0.9127192763621436
1,0.9337131465915488
1,0.9999999994887686
1,0.9986269891353858
1,0.9999999994887686
1,0.9922048919145784
1,0.9999999994887686
1,0.9297318593167638
1,0.9288757366435252
1,0.9989672166448036
1,0.9630661977544682
1,0.9999999994887686
1,0.9999999994887686
1,0.5419567939636311
1,0.9502990336825634
1,0.5972320119575298
1,0.9999999994887686
1,0.730568359278099
1,0.6437268308088404
1,0.643566278811454
1,0.9989544773814768
1,0.7231204011396594
1,0.9975304799773894
1,0.9999999994887686
1,0.991372876144719
1,0.9999999994887686
1,0.9999999994887686
1,0.9990029482135382
1,0.9999999994887686
1,0.0482378919491754
1,0.9352333629393742
1,0.9838181763785172
1,0.8085916344509705
1,0.9340451302829478
1,0.9967202920806972
1,0.9999999994887686
1,0.730752767577509
1,0.9999999994887686
1,0.955796049753089
1,0.7512535084601752
1,0.8711206044915856
1,0.2118715980854685
1,0.921933273665351
1,0.8429886434274669
1,0.9999999994887686
1,0.6290871849178264
1,0.9443147515472996
1,0.8967175720881772
1,0.9991296544554202
1,0.9540463527680096
1,0.5259790120923766
1,0.95579019580503
1,0.9989554568979606
1,0.8000531892655327
1,0.8273332241737826
1,0.992133646593213
1,0.7893351137388448
1,0.9999999994887686
1,0.9967587321750416
1,0.6567469143468732
1,0.9988036344673032
1,0.9443356183500962
1,0.9989532270495138
1,0.9278799328680152
1,0.9967156737762132
1,0.9999999994887686
1,0.109289842509208
1,0.9999999994887686
1,0.8770055786605881
1,0.9999999994887686
1,0.193844459891519
1,0.7402751834579002
1,0.5201467761050318
1,0.9532962869111312
1,0.9880700436246284
1,0.9971565990902524
1,0.3388120227839045
1,0.9968209790465868
1,0.9999999994887686
1,0.0117726487290458
1,0.5766018796420732
1,0.9964584858617912
1,0.9988028732752756
1,0.5204566434332645
1,0.9590763138257298
1,0.9999999994887686
1,0.9999999994887592
1,0.8273415935740146
1,0.998789250734575
1,0.6435126711640151
1,0.9999999994887686
1,0.955754953823988
1,0.9971605419497802
1,0.9991407756822062
1,0.5329162911892342
1,0.9630628108287655
1,0.3431091872991019
1,0.8901063035219556
1,0.8167644196584483
1,0.9964596659283652
1,0.9630547806631744
1,0.9999999994887686
1,0.9990027929248332
1,0.8965837591457517
1,0.5329073153155632
1,0.9962213516585054
1,0.955788235261362
1,0.5258003023171266
1,0.9988031110308856
1,0.7311345815021525
1,0.9560303275508236
1,0.9999999994887686
1,0.9999999994887686
1,0.9999999994887686
1,0.9396221104309732
1,0.7089213265769063
1,0.991373968699204
1,0.8246492889948491
1,0.9999999994887686
1,0.9999986929405896
1,0.9999999994887686
1,0.99882327464653
1,0.9999999994887686
1,0.5209314635593166
1,0.9855972601550758
1,0.9999999994887686
1,0.9999999994887686
1,0.5260143862477139
1,0.7895362550074099
1,0.1208548527424148
1,0.9999999994887686
1,0.99298645480463
1,0.9855916481941877
1,0.5327700084938171
1,0.6997814360539297
1,0.9999999994887686
1,0.9999999994887686
1,0.6222708594150359
1,0.9967162877872688
1,0.5249209808678122
1,0.9999999994887686
1,0.8555312660027297
1,0.7412198275412124
1,0.99879013169554
1,0.975012410664567
1,0.9999999994887686
1,0.9999274659857426
1,0.9495059954804212
1,0.5260921479787928
1,0.570224886932795
1,0.7630104830572507
1,0.9999999994887686
1,0.6948356166456999
1,0.7404151123870385
1,0.9396294749199064
1,0.9999999994887686
1,0.9999999994887686
1,0.9929870791538232
1,0.2332357007854123
1,0.956008154506981
1,0.9999999994887686
1,0.99895414794993
1,0.998965958122104
1,0.996716141849468
1,0.5281196688670919
1,0.9800008371259646
1,0.9999999994887686
1,0.9337449611049526
1,0.9855999687764744
1,0.9999999994887686
1,0.998953954794909
1,0.7121470064505135
1,0.8247058396659075
1,0.9824227305908624
1,0.3999299207533196
1,0.9999999994887686
1,0.9124442081777394
1,0.998802961652857
1,0.9999999994887686
1,0.9990031220310882
1,0.9990028300996896
1,0.926283635393254
1,0.6052087132465049
1,0.9999999994887686
1,0.6105836977425317
1,0.9944502027609372
1,0.9999999994887686
1,0.5274095201406521
1,0.7113819279993291
1,0.9999999994887686
1,0.9999999994887686
1,0.9420339871784856
1,0.6361225657861379
1,0.9999999994887686
1,0.9996806982530296
1,0.9999999994887686
1,0.9126674640350644
1,0.7404921268154743
1,0.997481643228672
1,0.5430721754049921
1,0.8967089970700224
1,0.9967607642340354
1,0.9999999994887686
1,0.950324026206668
1,0.9288813360324684
1,0.8167818436966874
1,0.8346930194415378
1,0.7112361707112166
1,0.8555415943893255
1,0.9999999994887686
1,0.9999999994887686
1,0.5202822748478121
1,0.9988024992014612
1,0.8967433671127627
1,0.9999999994887686
1,0.9999999994887686
1,0.9901297931819312
1,0.9988248618929884
1,0.2254115701058849
1,0.9999999994887686
1,0.9999999994887686
1,0.0484021628253582
1,0.9999999994887686
1,0.0486220866576865
1,0.7790756610686057
1,0.5205553953790942
1,0.5437491301279035
1,0.9991405391181836
1,0.5230352343309542
1,0.9999999994887686
1,0.8823986274289333
1,0.9999999994887686
1,0.9605043328098842
1,0.9999999994887686
1,0.9999999994887686
1,0.9921364479161424
1,0.9999999994887686
1,0.104832935690277
1,0.9991415969797628
1,0.999680357490918
1,0.7113272553560165
1,0.9999999994887686
1,0.7512618733027582
1,0.9999999994887686
1,0.9289012575347088
1,0.5969295465503609
1,0.9964602132226
1,0.9495082222329162
1,0.9999999994887686
1,0.7314019745733648
1,0.604830295322717
1,0.778933423548795
1,0.7413442568625881
1,0.9988029050786262
1,0.977101856165576
1,0.998823739190051
1,0.9999999994887686
1,0.9263056860767186
1,0.8556511718826213
1,0.9590835896522104
1,0.0478730758338506
1,0.6434062968778916
1,0.9630535919956058
1,0.9999999994887686
1,0.983818139131482
1,0.9991408979972716
1,0.9999999994887686
1,0.723187469021368
1,0.9987888344724154
1,0.0484214224581728
1,0.5328509005947416
1,0.9262851874250188
1,0.8837020663325742
1,0.9999999994887686
1,0.8429141394656011
1,0.9630647598717298
1,0.9999999994887686
1,0.9999999994887686
1,0.9999999994887686
1,0.9999999994887686
1,0.9999999994887686
1,0.9999999994887686
1,0.9999999994887686
1,0.013959735270923
1,0.9999999994887686
1,0.9989533621611651
1,0.9999999994887686
1,0.9999999994887686
1,0.9999999994887686
1,0.9999999994887686
1,0.992143789551302
1,0.9999999994887686
1,0.9999999994887686
1,0.9989527746065184
1,0.0847102903021575
1,0.9971638304456578
1,0.5207610575920752
1,0.5206419050785784
1,0.999129949457964
1,0.9279421746890648
1,0.7402635824967515
1,0.9999999994887686
1,0.9968073158450323
1,0.954096723239704
1,0.7988396138538562
1,0.9540714085973698
1,0.9999999994887686
1,0.9972248257163586
1,0.8901137862373847
1,0.0208200577757048
1,0.9999999994887686
1,0.9836238792614412
1,0.9971627067728824
1,0.9921410360181744
1,0.4953405633034802
1,0.9999999994887686
1,0.7895584701520855
1,0.8804257735908831
1,0.9999999994887686
1,0.9988258581732752
1,0.0477928626274391
1,0.9988022822443972
1,0.9999999994887686
1,0.789439200208618
1,0.520227978105809
1,0.0881581227378916
1,0.8258648449410382
1,0.9999999994887686
1,0.6048812143465717
1,0.9999999994887686
1,0.9999999994887686
1,0.5414130256391614
1,0.9999999994887686
1,0.9999999994887686
1,0.998953889805262
1,0.939696536315088
1,0.9987890418423078
1,0.5328195347007475
1,0.9999999994887686
1,0.9258194020412152
1,0.5682333835967491
1,0.9999999994887686
1,0.9999999994887686
1,0.9999999994887686
1,0.5255369238143248
1,0.9396915284061936
1,0.999140916606111
1,0.998788887501372
1,0.9999999994887686
1,0.985590391556288
1,0.926280292038152
1,0.0485773210263471
1,0.477894845877122
1,0.7513538769665299
1,0.9997248763054408
1,0.7759272889359464
1,0.9999999994887686
1,0.7362821354765456
1,0.9797748709800884
1,0.7404613289270925
1,0.8273911931301774
1,0.9999999994887686
1,0.33988331894626
1,0.9974795552852302
1,0.8882635584116272
1,0.9988024512657536
1,0.7363319031240196
1,0.9971611873920232
1,0.9972215934379858
1,0.92975547197961
1,0.8967480232689052
1,0.9910419670234027
1,0.6379872008934977
1,0.9988025431723236
1,0.9999999994887686
1,0.9999999994887686
1,0.9971604535186576
1,0.7513705014329242
1,0.730779112445584
1,0.871718225230737
1,0.7087150406659363
1,0.9999999994887686
1,0.7989340242096754
1,0.9999999994887686
1,0.9336788977627468
1,0.8002415924188027
1,0.9999999994887686
1,0.9799984340934164
1,0.925831686709208
1,0.998966906626061
1,0.9560496090767724
1,0.9909844869056352
1,0.9989532923298912
1,0.9967610882466416
1,0.9999999994887686
1,0.998788939268848
1,0.9999999994887686
1,0.7757381430146317
1,0.6437703717152135
1,0.9999999994887686
1,0.955780360325788
1,0.9999999994887686
1,0.9999999994887686
1,0.9999999994887686
1,0.9999999994887686
1,0.9257895282574417
1,0.9999999994887686
1,0.9999999994887686
1,0.925779142523558
1,0.8429173524072254
1,0.999141959032499
1,0.998789093794584
1,0.4749117635670801
1,0.9999999994887686
1,0.928887862570588
1,0.9929849000532478
1,0.7113760795424559
1,0.9999999994887686
1,0.8900985334884123
1,0.5414492901559593
1,0.9999999994887686
1,0.9921388905825974
1,0.9999999994887686
1,0.6479527709958652
1,0.9999999994887686
1,0.9999999994887686
1,0.842944423600804
1,0.8428021173620677
1,0.9913679070626272
1,0.9999999994887686
1,0.5767436591210409
1,0.7413272655502335
1,0.775909390029865
1,0.9971654272941456
1,0.959070800217398
1,0.3566730385352394
1,0.8715920101482297
1,0.9989554103721158
1,0.9797944873919184
1,0.9999999994887686
1,0.3357407585422303
1,0.8967675773177851
1,0.9999999994887686
1,0.9262973926051872
1,0.9989540004765703
1,0.9495335956203732
1,0.9999999994887686
1,0.9999999994887686
1,0.9921386069562176
1,0.6240037726634461
1,0.9836252344817544
1,0.9999999994887686
1,0.9999999994887686
1,0.949503852824502
1,0.9999999994887686
1,0.9989530452307512
1,0.7801002072059219
1,0.9278723534863856
1,0.9964397210206748
1,0.9988026342148664
1,0.740232545077816
1,0.9989544541582926
1,0.9999999994887686
1,0.9999999994887686
1,0.9336772384913548
1,0.9989548181168626
1,0.9999999994887686
1,0.5597686442265669
1,0.9999999994887686
1,0.9336800133877224
1,0.9999999994887686
1,0.9967609618900724
1,0.8823182996956341
1,0.7309545441722618
1,0.8422768301931497
1,0.9999999994887686
1,0.9797928156208702
1,0.9991414191018312
1,0.5254470769943304
1,0.9971599000442948
1,0.9345973252770232
1,0.9989544083537656
1,0.8273083655187798
1,0.9999999994887686
1,0.6492140341932915
1,0.9262761373760642
1,0.8966443057152842
1,0.9968049202296336
1,0.997159174947189
1,0.9989546814010856
1,0.1279012349109241
1,0.9999999994887686
1,0.7193260059918473
1,0.7312295533616956
1,0.928908371619708
1,0.9971602732608732
1,0.9999999994887686
1,0.7304638538772145
1,0.998954590147092
1,0.9999999994887686
1,0.9999999994887686
1,0.9991407374412336
1,0.9991404546720792
1,0.9999999994887686
1,0.9901318419057922
1,0.9999999994887686
1,0.9999999994887686
1,0.9999999994887686
1,0.9999999994887686
1,0.5327969025916173
1,0.9963545455430268
1,0.8901306778688141
1,0.9929184058289944
1,0.959114765357154
1,0.9999999994887686
1,0.9999999994887686
1,0.5273657171789234
1,0.9396791592253896
1,0.9310538068659756
1,0.7894243645034489
1,0.9560284531793174
1,0.5345744930744906
1,0.9999999994887686
1,0.9556984469039438
1,0.9999999994887686
1,0.9824453900516896
1,0.9989531354615366
1,0.636574269137789
1,0.9999999994887686
1,0.9921409056183544
1,0.9781505606174972
1,0.6543516810237064
1,0.8882800930092558
1,0.8168181209562124
1,0.5686082045140786
1,0.9999999994887686
1,0.959068985262143
1,0.639511008599757
1,0.9999999994887686
1,0.8167758238873157
1,0.8716425235145729
1,0.7404373608001941
1,0.0743325083244607
1,0.9560360365445596
1,0.9999999994887686
1,0.5260830485708765
1,0.5686954318358107
1,0.9774746374794372
1,0.9560370370871352
1,0.723166444360123
1,0.8428376896998405
1,0.5273919841543875
1,0.9999999994887686
1,0.9967601753714932
1,0.6001609747619617
1,0.6241110604134043
1,0.9345798698791828
1,0.7403776832874182
1,0.9824390636706009
1,0.95032611545241
1,0.9999999994887686
1,0.6240459401540108
1,0.998899185386781
1,0.9999999994887686
1,0.9999999994887686
1,0.9557568973353622
1,0.9991406513045684
1,0.9999999994887686
1,0.950353077083988
1,0.9999999994887686
1,0.7790986488921917
1,0.2458670997904945
1,0.9921320099091724
1,0.9986272117619116
1,0.9999999994887686
1,0.8966250775176422
1,0.9975977686810495
1,0.9999999994887686
1,0.7112635748739536
1,0.8476151196823967
1,0.534685688911011
1,0.7404241196098509
1,0.7963128443810237
1,0.9999999994887686
1,0.5207014425276446
1,0.9988245558174628
1,0.9999999994887686
1,0.9590890770046886
1,0.7402788407652011
1,0.9999999994887686
1,0.9838037204616064
1,0.9503355230956096
1,0.780548154229988
1,0.882264944510152
1,0.9999999994887686
1,0.8429004387633242
1,0.9986273285919972
1,0.5250481016018037
1,0.7895888863061838
1,0.9971578480005976
1,0.9999999994887686
1,0.9999999994887686
1,0.5699212689887108
1,0.9989543108620418
1,0.8254537084007215
1,0.9921399413381248
1,0.9999999994887686
1,0.9799893793056984
1,0.8191641708569556
1,0.963227109443131
1,0.939600598145118
1,0.9999999994887686
1,0.7404631766355695
1,0.9279651442273184
1,0.5258875843907973
1,0.9999999994887686
1,0.9396106220281304
1,0.9988242680849992
1,0.9999999994887686
1,0.9999999994887686
1,0.8166818945260184
1,0.77558198081103
1,0.9263085277031956
1,0.9910394021052172
1,0.998803544707598
1,0.9420655286083348
1,0.9988023174963392
1,0.9975974819168631
1,0.7363072605533652
1,0.997244000605222
1,0.7361985925939399
1,0.9991410740164716
1,0.9988029781577058
1,0.9824477910166728
1,0.9999999994887686
1,0.9999999994887686
1,0.9774810847793048
1,0.5668373043407229
1,0.9975982544968394
1,0.9999999994887686
1,0.8715921786693944
1,0.5346639399739834
1,0.9999999994887686
1,0.9345200216385792
1,0.7092516895358726
1,0.9126672400170684
1,0.9999999994887686
1,0.9999999994887686
1,0.996821220114299
1,0.9999999994887686
1,0.7282638940977344
1,0.7362727136758498
1,0.7990283871628358
1,0.7113459428300553
1,0.9988218333833252
1,0.8836731505146216
1,0.9799867411705512
1,0.963229545476064
1,0.979777397095949
1,0.9991404929161802
1,0.8716931628055739
1,0.7121075407174648
1,0.9855807212625536
1,0.9630630877630998
1,0.9999999994887686
1,0.5264161113505346
1,0.9999999994887686
1,0.9921455487059786
1,0.9557062825473196
1,0.6049840514891122
1,0.8085611480948132
1,0.6888179683576989
1,0.9999999994887686
1,0.9991410362729238
1,0.9999999994887686
1,0.8272981751806205
1,0.9999999994887686
1,0.9990029099841786
1,0.5583669021645818
1,0.9991414574696424
1,0.5346645621877528
1,0.6292804760164835
1,0.99752907046546
1,0.9986267008056536
1,0.9999999994887686
1,0.7987441817642228
1,0.9991406519581504
1,0.9997249416592744
1,0.9632319831486704
1,0.9964395074567552
1,0.9999999994887686
1,0.9262907855807012
1,0.8882482099194138
1,0.9921380359257456
1,0.933708269820812
1,0.9999999994887686
1,0.997534013493466
1,0.5203227789594704
1,0.8555675290497688
1,0.9999999994887686
1,0.6464198410458328
1,0.9918694704244476
1,0.9910390524899328
1,0.8822606021240891
1,0.9337260259384794
1,0.7536701958364594
1,0.9533212680021356
1,0.5973368296323177
1,0.5202997543490988
1,0.2877228320842829
1,0.6367267995753885
1,0.9989534076039632
1,0.979775728261308
1,0.9968088949823614
1,0.9999999994887686
1,0.9921374983535712
1,0.9502798834369066
1,0.9556944800528646
1,0.9999999994887686
1,0.999140512471609
1,0.9999999994887686
1,0.989350555167997
1,0.8967169950084082
1,0.9971608373637298
1,0.9999999994887682
1,0.751228443411366
1,0.8555364958623296
1,0.882287145462781
1,0.9988028182861556
1,0.9774930975541484
1,0.9991320183223172
1,0.3296408891398658
1,0.3472788856726215
1,0.9999999994887686
1,0.8255808843127215
1,0.9968041235723902
1,0.9557258470923262
1,0.9975980618033844
1,0.5793101585751479
1,0.9838057877223496
1,0.9999999994887686
1,0.9999999994887686
1,0.9337008237260236
1,0.6437593206770607
1,0.9999999994887686
1,0.9999999994887686
1,0.9975996411847424
1,0.816803952776781
1,0.9999221269943462
1,0.9999999994887686
1,0.9999999994887686
1,0.9999999994887686
1,0.5333276946815939
1,0.9568775672872114
1,0.9999999994887686
1,0.9352228179572898
1,0.9999999994887686
1,0.9986272516441086
1,0.0484966236253399
1,0.7192995583611933
1,0.9999999994887686
1,0.9991137952096042
1,0.7113546473924219
1,0.9989551396946272
1,0.0485445651466896
1,0.871601495914237
1,0.9396097253698948
1,0.9991408528895644
1,0.9999999994887686
1,0.6399150918681086
1,0.9989550003695472
1,0.689003915059516
1,0.9999999994887686
1,0.9999999994887686
1,0.9999999994887686
1,0.9443449428465402
1,0.9999999994887686
1,0.3835065558193483
1,0.6695669566784935
1,0.9999999994887686
1,0.8715041808216301
1,0.5345970285857052
1,0.9989669006102636
1,0.9126882060158056
1,0.9824374832716828
1,0.6516781244154611
1,0.998788553483574
1,0.9999999994887686
1,0.9989529545747284
1,0.9289173889798696
1,0.979997336411399
1,0.9560263962373002
1,0.9967606933001342
1,0.9590708167990772
1,0.990989841436251
1,0.9855860031873276
1,0.9337219062875424
1,0.9987899765564336
1,0.7758644126917823
1,0.9999220361358802
1,0.9999999994887686
1,0.9987901845016668
1,0.9999999994887686
1,0.9999999994887686
1,0.7987589252566968
1,0.9971582450202916
1,0.9999999994887686
1,0.9999999994887686
1,0.5495419652464973
1,0.9975778800484744
1,0.5240184938057486
1,0.9396592261070166
1,0.8001162941390484
1,0.5508877727652469
1,0.9630489284979428
1,0.528163326981479
1,0.7363068573067124
1,0.524959000800563
1,0.9396443772535088
1,0.9964602131284278
1,0.9742785518516082
1,0.9999999994887686
1,0.711318205792804
1,0.9999999994887686
1,0.9967599149270976
1,0.9958715479401532
1,0.997598154706582
1,0.9999999994887686
1,0.7988106568801496
1,0.9999999994887686
1,0.9999999994887686
1,0.996761228022606
1,0.998952864089446
1,0.9999999994887686
1,0.9999999994887686
1,0.9836253982751744
1,0.9999999994887686
1,0.9999999994887686
1,0.9989542710926442
1,0.8836721514717242
1,0.9797776625979668
1,0.9800039590818302
1,0.8966290873533567
1,0.9999999994887686
1,0.9999999994887686
1,0.8166394085277419
1,0.9999999994887686
1,0.9999999994887686
1,0.9495586458552268
1,0.890102419019367
1,0.9989995118614317
1,0.9590854528854362
1,0.8059355450668155
1,0.9503379955732252
1,0.9999999994887686
1,0.9999999994887686
1,0.9999999994887686
1,0.9560010314785248
1,0.9989533768468404
1,0.9999999994887686
1,0.5495471954754502
1,0.7988976046556296
1,0.8882773974799977
1,0.92889034658513
1,0.9929114624257156
1,0.5765888567146257
1,0.9971602084599676
1,0.6363124608006253
1,0.9337063435627126
1,0.9999999994887686
1,0.9560399586070089
1,0.9989534966768968
1,0.9999999994887686
1,0.7896556883062446
1,0.9999999994887686
1,0.9999999994887686
1,0.6240076125117069
1,0.9999999994887686
1,0.985600647318256
1,0.9999999994887686
1,0.9999999994887686
1,0.9503505549815884
1,0.929866365378688
1,0.9999999994887686
1,0.9967603047640504
1,0.9999999994887686
1,0.9971565403947956
1,0.9999999994887686
1,0.5327607786310358
1,0.9999999994887686
1,0.992137841814299
1,0.9990005777789642
1,0.6365375600417176
1,0.9968099576538004
1,0.533350200845009
1,0.9999999994887686
1,0.9503161290034214
1,0.9999999994887686
1,0.5328383517643441
1,0.6361727483918319
1,0.9999999994887686
1,0.9901381372147948
1,0.5460655985021202
1,0.9999999994887686
1,0.9797768294264776
1,0.9987900286930124
1,0.9999190222599432
1,0.9443542073188782
1,0.9999999994887686
1,0.9999999994887686
1,0.8822726300813747
1,0.7894392813996185
1,0.9999999994887686
1,0.9987894563256542
1,0.9999999994887686
1,0.0486781674989233
1,0.5328958187759844
1,0.9798488217187324
1,0.8715669216570393
1,0.9297412766512136
1,0.9999999994887686
1,0.7414165036847511
1,0.8716487960823778
1,0.534488633491004
1,0.9999999994887686
1,0.047593781278715
1,0.5281851547373404
1,0.9999999994887686
1,0.7562200634834165
1,0.9258042833697334
1,0.5259678832817659
1,0.9991405306687172
1,0.9987900797584432
1,0.8836142768711928
1,0.0483004508704362
1,0.9999999994887686
1,0.9909898583558462
1,0.9936992662692872
1,0.9352254966988384
1,0.9972213755270324
1,0.8345959101782163
1,0.9999223792943286
1,0.8246216772695639
1,0.997158444843212
1,0.9967605033788524
1,0.9824493747816856
1,0.9999999994887686
1,0.9590909517819874
1,0.7894690232867804
1,0.985601986767501
1,0.5255144294844044
1,0.8555519743338128
1,0.9999999994887686
1,0.7809305317021776
1,0.9999999994887686
1,0.7304789035097605
1,0.9797701972584212
1,0.9913763750907464
1,0.9800070665001424
1,0.9910383660760156
1,0.9999999994887686
1,0.9989546350900712
1,0.8192333023549494
1,0.997162594540411
1,0.406786314042907
1,0.8060102821356945
1,0.983619285374102
1,0.9999999994887686
1,0.9797747053433604
1,0.7462500221141789
1,0.9540382295602228
1,0.9971601103730195
1,0.9337045835292312
1,0.9999999994887686
1,0.9987899235511652
1,0.9971602819563548
1,0.5682178542362532
1,0.98397061439315
1,0.9557432928311153
1,0.1514840955616014
1,0.9999999994887686
1,0.7195258652234645
1,0.9346145499501424
1,0.5281414100756229
1,0.912677831970902
1,0.9999999994887686
1,0.9999999994887686
1,0.9999999994887686
1,0.8255448280543138
1,0.95603405683078
1,0.9997243988907372
1,0.9999999994887686
1,0.9999999994887686
1,0.8967948378865712
1,0.9557335805708286
1,0.8059765220745991
1,0.9999999994887686
1,0.736172796443462
1,0.8822849685029182
1,0.950293652346246
1,0.9999999994887686
1,0.5282478973558433
1,0.7403520681813404
1,0.9999999994887686
1,0.998955368214821
1,0.0846045876487407
1,0.9972208222216288
1,0.8966403174141547
1,0.9999999994887686
1,0.9921373290784912
1,0.164334271395381
1,0.9774838286465484
1,0.1457468668125559
1,0.997161076436123
1,0.5670802694438039
1,0.9999999994887686
1,0.9999999994887686
1,0.0485015861422234
1,0.6350204666551047
1,0.9999999994887686
1,0.3442120019518911
1,0.6325625131953455
1,0.3693735779564197
1,0.2473076213770296
1,0.5413536301319231
1,0.977470926576026
1,0.9918686871098576
1,0.9279160002967886
1,0.9901299430091276
1,0.4987880416563245
1,0.9999999994887686
1,0.8698761623429514
1,0.9972207845667074
1,0.95031555065275
1,0.5249185550795673
1,0.9800012158511104
1,0.9988255568785472
1,0.9999999994887686
1,0.9503305496880744
1,0.9557666336479906
1,0.9999999994887686
1,0.9533420354173748
1,0.9999999994887686
1,0.9986261152740908
1,0.9900699574236452
1,0.9991404818909118
1,0.9999999994887686
1,0.9999999994887686
1,0.8716928415970644
1,0.9999999994887686
1,0.8900116358254754
1,0.9989537896819032
1,0.5346195215056844
1,0.9988261949834812
1,0.9999999994887686
1,0.9396220489761664
1,0.8000671440692503
1,0.9999999994887686
1,0.4131465172975608
1,0.9999999994887686
1,0.8000888969747508
1,0.998802178434728
1,0.9972409389799866
1,0.9298753951736536
1,0.9995912551999576
1,0.5338235837178896
1,0.8172750706650739
1,0.8716613528190921
1,0.5201197296416564
1,0.9337268020961148
1,0.8822827021507974
1,0.9991409599706386
1,0.9999999994887686
1,0.9988022247249884
1,0.333511122457866
1,0.5509809035039628
1,0.9999999994887686
1,0.8882705078366521
1,0.3292960285541265
1,0.9991412650437036
1,0.9797802038978236
1,0.7999388677081783
1,0.6365666805122571
1,0.9999999994887686
1,0.9991311320038012
1,0.6573778831518738
1,0.9999999994887686
1,0.9999999994887686
1,0.9824565451919623
1,0.9990032635728932
1,0.999597319814142
1,0.789528584775888
1,0.9964613694477966
1,0.9909894815683646
1,0.779198747881306
1,0.9997249659588736
1,0.8430051666899996
1,0.6366901070600157
1,0.9999999994887686
1,0.5200966668701205
1,0.8057421276877239
1,0.9669685109327638
1,0.9495460936294668
1,0.9990031451388848
1,0.9999999994887686
1,0.9999999994887686
1,0.9999006402941012
1,0.9999999994887686
1,0.99752294279844
1,0.9999999994887686
1,0.985603314279909
1,0.5503232370133423
1,0.9781683187064164
1,0.9999999994887686
1,0.9503221874292604
1,0.8118382765294831
1,0.9503463750961998
1,0.9503092508296954
1,0.9999999994887686
1,0.9999999994887686
1,0.0475048421173679
1,0.9337248824844584
1,0.9999999994887686
1,0.9297141493199494
1,0.0205142056102561
1,0.8254305699220117
1,0.9999999994887686
1,0.9540373772974168
1,0.9999999994887686
1,0.8345803542725133
1,0.5255302385673722
1,0.5257546083916114
1,0.8882743144629137
1,0.9999999994887686
1,0.9999999994887686
1,0.6174106340577009
1,0.992136790484753
1,0.9999999994887686
1,0.9988241559987716
1,0.9781541046775588
1,0.9999999994887686
1,0.9999999994887686
1,0.9987896653801152
1,0.991370948485338
1,0.996437862657734
1,0.9967172138960882
1,0.7512786196403649
1,0.9420805922646592
1,0.9999999994887686
1,0.9999999994887686
1,0.7122265896861082
1,0.7304942077389045
1,0.6489505932796278
1,0.9999999994887686
1,0.9971563756615708
1,0.9999999994887686
1,0.9999999994887686
1,0.9262879137394122
1,0.9909873694719206
1,0.9968078583256984
1,0.5258051473060934
1,0.9999999994887686
1,0.8167897952919413
1,0.9999999994887686
1,0.9999999994887686
1,0.9999999994887686
1,0.979776579163772
1,0.8716236769985023
1,0.5259821967049692
1,0.9997249062060662
1,0.7113364854059723
1,0.9999999994887686
1,0.9397463618402256
1,0.9988032493831248
1,0.6437811829950116
1,0.9999999994887686
1,0.9997248042920276
1,0.9797631318326396
1,0.5229902411595547
1,0.051557815678253
1,0.956029759410326
1,0.7306298731002225
1,0.9816047756596824
1,0.983815488757248
1,0.925781422507739
1,0.99137131402858
1,0.888284677583148
1,0.5437002552602708
1,0.9999999994887686
1,0.9999999994887686
1,0.9798029329276482
1,0.7112908528301022
1,0.9396369442393178
1,0.7307439882450488
1,0.9999999994887686
1,0.5260162271451655
1,0.92889850521635
1,0.6239859757462718
1,0.9999999994887686
1,0.0478664479387114
1,0.9988240493891763
1,0.9999999994887686
1,0.9989536814781778
1,0.8715798221423725
1,0.9999999994887678
1,0.9591001167317118
1,0.999127335077098
1,0.7404033664830789
1,0.9999999999260476
1,0.985586330148204
1,0.9999999994887686
1,0.5254353265600882
1,0.9999999994887686
1,0.9999999994887686
1,0.7122663607900787
1,0.9999999994887686
1,0.9999999994887686
1,0.9991407826791056
1,0.9999999994887686
1,0.9967604450950004
1,0.746283306587619
1,0.8901023882835061
1,0.9396741902949368
1,0.9337290402036352
1,0.5437105531894217
1,0.9964596425560824
1,0.9999999994887686
1,0.8000427584101287
1,0.998954088189195
1,0.9999999994887686
1,0.956041808477064
1,0.9999999994887686
1,0.9999999994887686
1,0.97999466760301
1,0.985603981497728
1,0.7413357839775401
1,0.9999999994887686
1,0.9340412673568655
1,0.5328186063615579
1,0.9999999994887686
1,0.9991409211358676
1,0.3840154892182382
1,0.9971624738889076
1,0.9971548104119914
1,0.9999999994887686
1,0.992139380783742
1,0.998954543984938
1,0.8255867793731693
1,0.9999999994887686
1,0.9999999994887686
1,0.9278756453193776
1,0.7989556671232605
1,0.9999999994887686
1,0.9797730124207512
1,0.3402549310876493
1,0.9999999994887686
1,0.9999999994887686
1,0.8167616952187571
1,0.4014193646087576
1,0.9988230380086598
1,0.9910393135391946
1,0.9289052086922608
1,0.0485229475304294
1,0.9999999994877676
1,0.7988613642259839
1,0.944356547245464
1,0.8429117450694502
1,0.9999999994887686
1,0.5201431728598492
1,0.9590890822696224
1,0.9999999994887686
1,0.5436976738121159
1,0.8716676196830105
1,0.996760698847601
1,0.9999999994887686
1,0.9262786199840738
1,0.9999999994887686
1,0.9967595905236348
1,0.963207313155444
1,0.8428923194935366
1,0.2876642697840754
1,0.5913881915484033
1,0.9991417580583324
1,0.963228315060125
1,0.9999999994887686
1,0.93372031787952
1,0.8429501443727299
1,0.9988230278022716
1,0.9999999994887686
1,0.6171784839869742
1,0.9999999994887686
1,0.9502903660247138
1,0.7894838811327595
1,0.9999999994887686
1,0.7793297326080393
1,0.9975642386766536
1,0.7305770441933788
1,0.872396078855164
1,0.7402426770780847
1,0.9336878807792158
1,0.9999999994887686
1,0.9999999994887686
1,0.9999999994887686
1,0.9999999994887686
1,0.5327843031360915
1,0.5767397029627664
1,0.5683546282469216
1,0.8967215864580504
1,0.9999999994887686
1,0.9999999994887686
1,0.9987903406923202
1,0.0475678007243857
1,0.5260057378724623
1,0.4004550684829752
1,0.7511951457526137
1,0.9964390409597094
1,0.5599419509982198
1,0.8882908455321176
1,0.9999999994887686
1,0.9258300232780492
1,0.177959603345277
1,0.9995973922197556
1,0.9989541801004252
1,0.9999999994887686
1,0.9999999994887686
1,0.9999999994887686
1,0.9999999994887686
1,0.9963540410421228
1,0.9995977414857128
1,0.62913420747066
1,0.7790984787495616
1,0.9999999994887686
1,0.982450181361663
1,0.9999999994887686
1,0.9921360986197848
1,0.983809231554586
1,0.0480277897686355
1,0.741294359169357
1,0.8716805542103387
1,0.9999999994887686
1,0.9337330554247586
1,0.8254120029311173
1,0.5328955707547215
1,0.9987898212117914
1,0.9999999994887686
1,0.9999999994887686
1,0.9289093644525308
1,0.9999999994887686
1,0.9989527724179474
1,0.999140830883814
1,0.0486459443884146
1,0.982438141817781
1,0.933691322527864
1,0.8422825737454153
1,0.9600523823230106
1,0.3926233056554677
1,0.0483536397497976
1,0.0127971544951956
1,0.939639394042498
1,0.9988029460032456
1,0.8166163092736385
1,0.949545229652357
1,0.9999999994887686
1,0.5604133562082256
1,0.9989537411031596
1,0.9824333826839188
1,0.9999999994887686
1,0.7405032202777785
1,0.8165379315508996
1,0.9999999994887686
1,0.8422693387597707
1,0.9999999994887686
1,0.9999999994887686
1,0.9999999994887686
1,0.9838085395081798
1,0.9999999994887686
1,0.9999999994887686
1,0.926290175702004
1,0.9288891436526288
1,0.8085501747004741
1,0.5872307282688692
1,0.9999999994887686
1,0.9800088385989086
1,0.9999999994887686
1,0.9971606286494324
1,0.5334086391263743
1,0.9999999994887686
1,0.999597375892901
1,0.9989665865895356
1,0.8000403718151345
1,0.998802043393176
1,0.959072635810294
1,0.9262835314206456
1,0.7303170592279826
1,0.9999999994887686
1,0.9988222015914036
1,0.9999999994887686
1,0.5495343819379875
1,0.9989546805663344
1,0.9999999994887686
1,0.7989991775906444
1,0.0484693748529074
1,0.998953952039134
1,0.9990031837002143
1,0.9632381093820862
1,0.9999999994887686
1,0.5603080044911973
1,0.736384524583913
1,0.8555260116518636
1,0.9798453269319568
1,0.997157720774672
1,0.7362208917623403
1,0.9560224724954144
1,0.6050842097126309
1,0.9999999994887686
1,0.842933777552449
1,0.9964399634657776
1,0.6365802479020113
1,0.9502924669973242
1,0.9999999994887686
1,0.979992932515106
1,0.9999999994887686
1,0.9557607949559122
1,0.9824422158905574
1,0.7087556872031318
1,0.9999999994887686
1,0.8555623646259607
1,0.9999999994887686
1,0.8836456407837624
1,0.8423016313027302
1,0.9999999994887686
1,0.9999999994887686
1,0.9299024005118878
1,0.9999941204034573
1,0.9533025677038688
1,0.9972214833161196
1,0.9999999994887686
1,0.9999999994887686
1,0.9999999994887686
1,0.9126811430780076
1,0.9901315516000372
1,0.7403861329590987
1,0.9991329065851224
1,0.7112090342046952
1,0.8967136538515785
1,0.9999999994887686
1,0.7896033248450083
1,0.9396344334353928
1,0.2560098739843402
1,0.9999999994887686
1,0.9420704000084368
1,0.9262812619193836
1,0.8769827773748163
1,0.9999999994887686
1,0.9987897166476356
1,0.998966862092027
1,0.9278850688586066
1,0.6241481238111232
1,0.9855935022632544
1,0.9964610831099872
1,0.0478410677505805
1,0.9901326835101149
1,0.9999999994887686
1,0.7896332815917021
1,0.824737093880352
1,0.6755365878246481
1,0.9557413258989996
1,0.9929160040400998
1,0.9999999994887686
1,0.997531894225388
1,0.9495539540722456
1,0.9420690568864806
1,0.9855817537839104
1,0.9557550341612656
1,0.9999999994887686
1,0.5509077931360712
1,0.992135741760798
1,0.982436673809882
1,0.9999999994887686
1,0.6243402333749022
1,0.9999999994887686
1,0.9258145662090468
1,0.9999999994887686
1,0.520538090890944
1,0.355399722247826
1,0.0483926257658974
1,0.9963535718313736
1,0.9999219770468264
1,0.998627387345542
1,0.9997245072215806
1,0.9396294842322394
1,0.9999999994887686
1,0.8758762014791389
1,0.9999999994887686
1,0.9443379893967798
1,0.8247493831223492
1,0.5327331658405473
1,0.9279532291271718
1,0.9798570360019496
1,0.8715795105789562
1,0.933709957260726
1,0.992981312623112
1,0.9988244379299476
1,0.9999999994887686
1,0.9855838740569652
1,0.63255205715668
1,0.5767109030390837
1,0.9999999994887686
1,0.8716173104251103
1,0.956028576041514
1,0.9590799519790036
1,0.730673775945686
1,0.9918734771467108
1,0.9297436473679764
1,0.9999999994887686
1,0.9310457608590296
1,0.9495190851898976
1,0.5202394769310236
1,0.9999999994887686
1,0.9771111302855776
1,0.9999999994887686
1,0.9999999994887686
1,0.9971588935017832
1,0.5315918855715377
1,0.9771204137183797
1,0.9989539389912028
1,0.5231193938362051
1,0.5509253094239321
1,0.9558039321845384
1,0.5257799000954968
1,0.4779965244866671
1,0.9336898291752916
1,0.7513790134696032
1,0.8900593499314267
1,0.6293815507314852
1,0.9502840906647156
1,0.9999999994887686
1,0.9774755526712458
1,0.9999999994887686
1,0.8429224674463525
1,0.5675447092086275
1,0.942052601429092
1,0.979983933634302
1,0.9999999994887686
1,0.9799911654407414
1,0.9824541448020584
1,0.5203770286726405
1,0.934640232164988
1,0.9989539083345288
1,0.931037792728507
1,0.9968204731900978
1,0.9999999994887686
1,0.730796827499124
1,0.9971630634106168
1,0.736156448181142
1,0.8900641618811616
1,0.9999986898136324
1,0.992979817046026
1,0.5419669768872628
1,0.9800079223294674
1,0.6366448383732506
1,0.9999999994887686
1,0.9557510087220976
1,0.9989532722849108
1,0.9971560313588158
1,0.9999999994887686
1,0.998823943237756
1,0.9999999994887686
1,0.998802854615166
1,0.9999999994887686
1,0.9800017291331152
1,0.5260384663543906
1,0.9991403827677976
1,0.9999999994887686
1,0.9557002844323094
1,0.9999999994887686
1,0.8882765066385288
1,0.6050978798602874
1,0.9503282206620314
1,0.8823134039846662
1,0.9999999994887686
1,0.8967204313252108
1,0.9443194250562732
1,0.9856009857927446
1,0.9999999994887686
1,0.998955180145302
1,0.9557491369262788
1,0.9989540439352466
1,0.8966708683236714
1,0.9999999994887686
1,0.9988247363177044
1,0.9999999994887686
1,0.9999999994887686
1,0.5413768069299779
1,0.9967605651834534
1,0.997154086675841
1,0.9999999994887686
1,0.9855979736653246
1,0.7306034779839553
1,0.9999999994887686
1,0.9999999994887686
1,0.9774672509074328
1,0.9999999994887686
1,0.8900946533735098
1,0.9999999994887686
1,0.9999999994887686
1,0.9971622395234128
1,0.9257981600784498
1,0.8429832062637097
1,0.5329513414837349
1,0.992146258309934
1,0.9999999994887686
1,0.9967592567086042
1,0.708738914843198
1,0.9921409973835578
1,0.7120678653553669
1,0.5254649853373256
1,0.9781652739642192
1,0.9991408052721628
1,0.9971589557062952
1,0.999136173384661
1,0.8167458983552955
1,0.8855529503908098
1,0.9839735049168984
1,0.9921392387515424
1,0.977487097446728
1,0.831332394090377
1,0.534565197870586
1,0.8001205175964633
1,0.9797903080475192
1,0.9258205294425832
1,0.979793655467826
1,0.3450177844826915
1,0.9997246454975688
1,0.998956228139964
1,0.996761233572899
1,0.9913711175025398
1,0.9999999994887686
1,0.9396468607936814
1,0.5972884346336516
1,0.9909864088097172
1,0.9838009629870264
1,0.5250035653105274
1,0.7302954127171679
1,0.9999999994887686
1,0.9999999994887686
1,0.9999999994887686
1,0.9397164591879256
1,0.9336816512966304
1,0.5329648415908391
1,0.5254389652552225
1,0.9774921720472785
1,0.9999999994887686
1,0.5201603042397138
1,0.985595988538232
1,0.9989531814609875
1,0.9999999994887686
1,0.9999999994887686
1,0.8900946946161965
1,0.9999999994887686
1,0.6240741329628616
1,0.9999999994887686
1,0.9999999994887686
1,0.9988247979858452
1,0.9337199152148452
1,0.3440717991326116
1,0.9999999994887686
1,0.2560460156922041
1,0.944322825791172
1,0.539055665565643
1,0.949564908151212
1,0.7539859641970449
1,0.5414362277538752
1,0.9999999994887686
1,0.7792197012180141
1,0.977473686677944
1,0.5766147748718699
1,0.7987294112840913
1,0.9971613588753204
1,0.9298752674816498
1,0.9975347156336946
1,0.8423134251711364
1,0.9913736720788924
1,0.9999999994887686
1,0.93966924497197
1,0.996760045987776
1,0.9999999994887686
1,0.9999999994887686
1,0.9989540435585202
1,0.9999999994887686
1,0.956030358110734
1,0.9540553221530084
1,0.9999999994887686
1,0.9999999994887686
1,0.950296647846636
1,0.8717117805686265
1,0.7243393212827935
1,0.9967593908936044
1,0.9999999994887686
1,0.9989553160184336
1,0.5254920104331876
1,0.020647363825865
1,0.9972211002277854
1,0.5259494288790101
1,0.9971630613530952
1,0.9838051070685944
1,0.9999999994887686
1,0.9991413813659894
1,0.999681217106576
1,0.9745676083367236
1,0.5682231056150365
1,0.9856013213237914
1,0.9262960224161448
1,0.7404547382956618
1,0.9590671704924416
1,0.9986268553344068
1,0.9989541806671904
1,0.990985650526452
1,0.8967016427202215
1,0.9822311076931922
1,0.9991414958443688
1,0.979775818389166
1,0.0484682770218957
1,0.5328638022198
1,0.9590745115625536
1,0.7232089386691877
1,0.456553045740331
1,0.0485649768034432
1,0.5972402308432576
1,0.9991409548557578
1,0.949501960043988
1,0.99759617793718
1,0.9976017193602176
1,0.92629805076089
1,0.9971570272782572
1,0.5974825743328005
1,0.7231467782369561
1,0.9262859225313458
1,0.8900833647269555
1,0.9999999994887686
1,0.9999999994887686
1,0.9396196331580792
1,0.9556886112601164
1,0.9999999994887686
1,0.7788244196085434
1,0.9257967645891704
1,0.9991416112179096
1,0.9989550918133624
1,0.9855984880030416
1,0.9990037255083062
1,0.5206331969257891
1,0.2947671915605124
1,0.5332600283954745
1,0.9999999994887686
1,0.9560282222652876
1,0.9999999994887686
1,0.9988027949516648
1,0.9986272717124164
1,0.9999999994887686
1,0.9999999994887686
1,0.7305595922158129
1,0.5201874240401575
1,0.9297337262303088
1,0.6888014488723169
1,0.7404435321273952
1,0.9999999994887686
1,0.933745340915374
1,0.9278831997159462
1,0.956034280429478
1,0.5328446448502092
1,0.3615618121632454
1,0.5329299150799168
1,0.9631970491292456
1,0.9999999994887686
1,0.8429391895469519
1,0.7988251101026247
1,0.9971562645061962
1,0.5202550536910033
1,0.9396245604867984
1,0.7691870507814803
1,0.9968083729181536
1,0.9999999994887686
1,0.9999999994887686
1,0.9999999994887686
1,0.5792454773212188
1,0.5674203070948749
1,0.7790581074354989
1,0.9999999994887686
1,0.9913770026156744
1,0.9774902963457583
1,0.9632188495385616
1,0.7791792035472126
1,0.9968081189806804
1,0.8254135891590402
1,0.8000365355187099
1,0.9771214896598028
1,0.9997247994682482
1,0.5329596852102061
1,0.9999999994887686
1,0.9289066389822944
1,0.5346366014276897
1,0.9999999994887686
1,0.5328663847912453
1,0.9921487189119343
1,0.9824445989331432
1,0.7895510233140169
1,0.9999999994887686
1,0.8967096208729004
1,0.9822212482279982
1,0.9968094239345912
1,0.7361644033856091
1,0.9590780960644628
1,0.9836201184679172
1,0.9999999994887686
1,0.992142044039242
1,0.8900294341883745
1,0.9967578948983156
1,0.9999999994887686
1,0.9336857066485276
1,0.9533149595756004
1,0.7192733730602817
1,0.9999999994887686
1,0.5670474784725715
1,0.7403691093616682
1,0.9557587933642454
1,0.9999999994887686
1,0.9999999994887686
1,0.9533502695902556
1,0.6173009532136242
1,0.9999999994887686
1,0.9298848689121912
1,0.9967597812482694
1,0.9999999994887686
1,0.9999999994887686
1,0.9989552311947444
1,0.5327501039667564
1,0.9799982056776468
1,0.7512034245073556
1,0.9560457601832684
1,0.9999999994887686
1,0.9997245798721724
1,0.9999999994887686
1,0.9999999994887686
1,0.9999999994887686
1,0.9999999994887686
1,0.8555937015091603
1,0.9999999994887686
1,0.9999999994887686
1,0.9921377419282644
1,0.9600590918707642
1,0.9971569907853636
1,0.896698218638236
1,0.998627003329244
1,0.9798415577033608
1,0.9999999994887686
1,0.5608261111639576
1,0.9910406163884972
1,0.9999999994887686
1,0.6237604785767167
1,0.9839704908277592
1,0.9991404218098322
1,0.9337406311662664
1,0.9999999994887686
1,0.5327978157163863
1,0.9999999994887686
1,0.9999999994887686
1,0.9999999994887686
1,0.9999999994887686
1,0.9999999994887686
1,0.7556333543059819
1,0.9461486557600224
1,0.8715104016965978
1,0.9999999994887686
1,0.9989544201141995
1,0.9396170998187646
1,0.950311379585816
1,0.8001046980744958
1,0.9396990517176528
1,0.5329324909299699
1,0.9797852302779216
1,0.9999999994887686
1,0.5328030654653808
1,0.9967170798988304
1,0.520389274181088
1,0.9968216365948764
1,0.5583640504780161
1,0.9999999994887686
1,0.9999999994887686
1,0.9987902896333278
1,0.7307087855544964
1,0.5495490389700347
1,0.9337476553408536
1,0.8275666730726047
1,0.741350128550707
1,0.9532616789727436
1,0.9999999994887686
1,0.982438248462695
1,0.9997249541320192
1,0.800166035342533
1,0.9999999994887686
1,0.9999999994887686
1,0.8430108692453062
1,0.9337212010071853
1,0.996460794603136
1,0.9999999994887686
1,0.6241994403006745
1,0.9999999994887686
1,0.9999999994887686
1,0.9999999994887686
1,0.7122364008231408
1,0.9900753741531132
1,0.9769438376836358
1,0.9999999994887686
1,0.9991302453876096
1,0.979772862507505
1,0.741425153240911
1,0.983809934750742
1,0.9999999994887686
1,0.9999999994887686
1,0.991378150096734
1,0.5346008744535387
1,0.9999999994887686
1,0.9988034530296878
1,0.7305333411408945
1,0.8823227834379875
1,0.9999999994887686
1,0.9999999994887686
1,0.8000584890987149
1,0.9770819182383256
1,0.977469070097963
1,0.9929828100230228
1,0.834720724052047
1,0.9490529302123704
1,0.7405229899550182
1,0.9999999994887686
1,0.9999999994887686
1,0.9382561040110478
1,0.8966098897974325
1,0.9971566967107908
1,0.8823642139345997
1,0.8823673625777605
1,0.9798540230235694
1,0.5934394453135132
1,0.5329177453479125
1,0.2504047024527495
1,0.751286927069917
1,0.9288723616821188
1,0.9988260952015666
1,0.9988229289167432
1,0.7306649688816779
1,0.9999999994887686
1,0.9495322012999784
1,0.3479085216373286
1,0.9838143840453256
1,0.6889266882327918
1,0.933698390874525
1,0.9630655440019156
1,0.9988236894135236
1,0.7894466295715309
1,0.9999999994887686
1,0.927864812813475
1,0.9774940134731568
1,0.991040012144551
1,0.9999999994887686
1,0.7464173926830759
1,0.9999999994887686
1,0.990989089500361
1,0.7231684098289671
1,0.9971580969225684
1,0.6436735010694173
1,0.9989671644702952
1,0.9987895591495882
1,0.6362619703230963
1,0.9798453394198346
1,0.1372921386210999
1,0.983807194046985
1,0.8429997763678576
1,0.9630689474290812
1,0.6395878423791844
1,0.9999999994887686
1,0.629170956903811
1,0.9918751140548504
1,0.576556845299001
1,0.7113729190052663
1,0.9999999994887686
1,0.9999999994887686
1,0.9999999994887686
1,0.9929783051309596
1,0.97999643834317
1,0.9999999994887686
1,0.9988033634664044
1,0.990988330625758
1,0.9990032208696904
1,0.9999999994887686
1,0.9632307591804796
1,0.5417339704487091
1,0.9999999994887686
1,0.5329397257017386
1,0.9996793866792708
1,0.9999999994887686
1,0.8255987941544924
1,0.9921368037631078
1,0.944303250447506
1,0.9999999994887686
1,0.7803048610474244
1,0.9352280874643584
1,0.7121915926836756
1,0.722926795785894
1,0.9798012203413394
1,0.5214075676213437
1,0.9999999994887686
1,0.9299040401724502
1,0.6171046731317638
1,0.9999999994887686
1,0.9991415285959336
1,0.8824374936695796
1,0.7403605574846174
1,0.5603037512469041
1,0.9971579715983476
1,0.9999999994887686
1,0.5935317337773078
1,0.7473893017320247
1,0.9999999994887686
1,0.6290582989958341
1,0.9997247028125348
1,0.9999999908834912
1,0.9999999994887686
1,0.9999999994887686
1,0.9999999994887686
1,0.9557940768325872
1,0.9971599566727172
1,0.5204653740323049
1,0.9976010264812568
1,0.5346297202876987
1,0.5273705035257796
1,0.9630703169976884
1,0.9971572583562162
1,0.9987880700335762
1,0.8258596968709558
1,0.7512368360784892
1,0.9995973244026312
1,0.8769578194034785
1,0.731111158800495
1,0.9991408445819734
1,0.9999191517416656
1,0.7405079301578839
1,0.5328258411268118
1,0.9999999994887686
1,0.9999999994887686
1,0.0650868790201478
1,0.576570148780475
1,0.9971631796824836
1,0.5346421797346608
1,0.9999999994887686
1,0.9999999994887686
1,0.9989542020293792
1,0.5765872897267081
1,0.8345605043845173
1,0.9967608339570748
1,0.8823094378646744
1,0.9999999994887686
1,0.5259747068150767
1,0.9999999994887686
1,0.9975954885196424
1,0.950328570099004
1,0.999597600832578
1,0.9503177178026802
1,0.9503327401291132
1,0.9988028828976282
1,0.9999999994887686
1,0.7463502719796814
1,0.9999999994887686
1,0.9977476220827888
1,0.9967159321485832
1,0.9999999994887686
1,0.9999999994887686
1,0.998803066670822
1,0.9997254133627442
1,0.991373208624686
1,0.991042970221491
1,0.9918778062063458
1,0.9774753944371796
1,0.5257714678600555
1,0.8555467580224514
1,0.8966942308970244
1,0.9921333001095208
1,0.7894615918604665
1,0.9913658242501115
1,0.9989547266054732
1,0.9337040696556376
1,0.9921430933803244
1,0.99635437161979
1,0.8769896286204424
1,0.8346634506813342
1,0.8000731086131216
1,0.9921483670123198
1,0.9999999994887686
1,0.9999999994887686
1,0.9999999994887686
1,0.9999999994887686
1,0.6887848625584979
1,0.9856019755618136
1,0.993694260990354
1,0.9999999994887686
1,0.0485845999515002
1,0.9999999994887686
1,0.9396403092212552
1,0.9972209924433268
1,0.5255311610018136
1,0.9929228896583052
1,0.9999999994887686
1,0.711281692066166
1,0.3864843486220251
1,0.9557764296486858
1,0.8556302533865839
1,0.5346203879608545
1,0.9824406199996252
1,0.9999999994887686
1,0.7111998319875467
1,0.8166373045253024
1,0.8247137635240941
1,0.5259597978752862
1,0.9921473026493054
1,0.5255022437969709
1,0.5258657716966949
1,0.9991405448516474
1,0.8247265325583837
1,0.998789406312724
1,0.9799920245756653
1,0.3373680390054504
1,0.7113611014300503
1,0.8345593533546698
1,0.9967621480512334
1,0.9279293659580424
1,0.9974823397212728
1,0.9397014864032902
1,0.712251403991161
1,0.9967181044090206
1,0.9999999994887686
1,0.9999999994887686
1,0.9560321454229304
1,0.996461955731395
1,0.7088115701797835
1,0.5686585577321741
1,0.541366733435082
1,0.9999999994887686
1,0.5509568808885276
1,0.8247283570948657
1,0.998789982487202
1,0.7511867918166185
1,0.979843693508546
1,0.7232393918140635
1,0.9991404681005628
1,0.8882721202240677
1,0.1169724094226947
1,0.9999999994887686
1,0.998802930238588
1,0.9443078859253484
1,0.9310699282951364
1,0.9540346680784266
1,0.8349273954526192
1,0.9909887147700404
1,0.0484672325883861
1,0.9557529844394989
1,0.9999999994887686
1,0.9999999994887686
1,0.5509497308769189
1,0.9855947639541872
1,0.9999269847128064
1,0.9999999994887686
1,0.999139617508652
1,0.7514376335544578
1,0.6364790783909682
1,0.0483520425231372
1,0.996818975856116
1,0.8254311323775773
1,0.9560379685796024
1,0.9209381634021984
1,0.9999999994887686
1,0.8715573992591126
1,0.188710491181069
1,0.9971621253818116
1,0.8715307772861602
1,0.9800123567570028
1,0.9999999994887686
1,0.9999999994887686
1,0.5168633986678373
1,0.9999999994887686
1,0.9991403324585348
1,0.7513454870321474
1,0.7305092885113655
1,0.8167766356112784
1,0.9999999994887686
1,0.991037994407378
1,0.597433745752891
1,0.963225877810086
1,0.896655552053803
1,0.9996810603976076
1,0.963037241524355
1,0.8000732150864627
1,0.975017761019795
1,0.9999999994887686
1,0.5254246302578993
1,0.9560442709056228
1,0.9999999994887686
1,0.9971628492509566
1,0.9999999994887686
1,0.998954365967463
1,0.9909887108275376
1,0.6291384813721209
1,0.9999999994887686
1,0.5258937382447578
1,0.9630430730689358
1,0.9999999994887686
1,0.5508745049339225
1,0.9262787282879528
1,0.9999999994887686
1,0.8303928740695279
1,0.9999999994887686
1,0.7895435154429413
1,0.9901316285100288
1,0.9999999994887686
1,0.6051946514772834
1,0.7313640685295197
1,0.525993949884439
1,0.9999999994887686
1,0.9999999994887686
1,0.9989534081598894
1,0.7305245155702589
1,0.9988029191600376
1,0.9262857845984254
1,0.8716047268709227
1,0.6051805920791369
1,0.9297460795834506
1,0.996805722133427
1,0.5255350336633594
1,0.9989670595428136
1,0.9999999994887686
1,0.9999999994887686
1,0.5200738514836406
1,0.7833548272267334
1,0.9337047992598172
1,0.9995977075732456
1,0.9999999994887686
1,0.9999999994887686
1,0.9999999994887686
1,0.9922055640076756
1,0.9967610912574048
1,0.9999999994887686
1,0.9999999994887686
1,0.9999999994887686
1,0.9999999994887686
1,0.925802671108422
1,0.9999191193678364
1,0.9988025896589172
1,0.8166525243017239
1,0.9967612954812048
1,0.5683671411091217
1,0.9999191843137842
1,0.8429665254158631
1,0.9797870329702164
1,0.939627093686066
1,0.9632344160396948
1,0.3367097160451418
1,0.7511784791988633
1,0.998642636621274
1,0.9999999994887686
1,0.9999999994887686
1,0.9999999994887686
1,0.8855321023462693
1,0.6436197997569476
1,0.9999999994887686
1,0.9838165482900976
1,0.8900948901463736
1,0.9989533165869796
1,0.9987891466233644
1,0.9999999994887686
1,0.2350977100099888
1,0.896713046878455
1,0.5766416289468427
1,0.9913728355020902
1,0.5316209435646378
1,0.9560153127523712
1,0.9999999994887686
1,0.7794301295789113
1,0.890058052856564
1,0.9999999994887686
1,0.9781576497985678
1,0.7313716344228787
1,0.6458749698731946
1,0.5207813379404744
1,0.2635444091209627
1,0.9824533682420966
1,0.7895587238887614
1,0.9999999994887686
1,0.9774949383701056
1,0.7402066234151063
1,0.979864725857599
1,0.7405098146798248
1,0.7231854804661111
1,0.9999999994887686
1,0.9503593149157918
1,0.9533033199515026
1,0.9999999994887686
1,0.9999999994887686
1,0.7797874879537431
1,0.9910419735769584
1,0.990989453201886
1,0.9999999994887686
1,0.9262899219047472
1,0.9797877514842992
1,0.0131782418888592
1,0.1170880870080345
1,0.9999999994887686
1,0.9590781049611248
1,0.816676228824753
1,0.7403349784598416
1,0.9345369461210576
1,0.0104482566633636
1,0.7464511608188907
1,0.8900718080901093
1,0.9999999994887686
1,0.998627001461994
1,0.9774912419286136
1,0.9999999994887686
1,0.8715827090450595
1,0.9999999994887686
1,0.7895737467790991
1,0.9278999357880446
1,0.0477017998366385
1,0.7361715225176887
1,0.9999999994887686
1,0.1976702995095286
1,0.5678597025943904
1,0.9396716792900962
1,0.9918760563096756
1,0.5329542877498584
1,0.9999999994887686
1,0.9336861800068482
1,0.9999999994887686
1,0.9967604384219004
1,0.9336992328703336
1,0.9707988473268964
1,0.9989538102284848
1,0.9999999994887686
1,0.9921368815835278
1,0.7194427105422709
1,0.9591202360330658
1,0.9999999994876366
1,0.7307351534692115
1,0.9999999994887686
1,0.9988032029075083
1,0.180781772537009
1,0.9999999994887686
1,0.6172990047475906
1,0.048073312783442
1,0.9999997193262756
1,0.5201313480616622
1,0.9999999994887686
1,0.9999999994887686
1,0.9999999994887686
1,0.8901255331510498
1,0.8823398298473163
1,0.9989538550350312
1,0.9999999994887686
1,0.9999999994887686
1,0.9990028414511836
1,0.9999999994887686
1,0.9999999994887686
1,0.5975315611001392
1,0.9533087592923872
1,0.926286278946075
1,0.9964398663449392
1,0.9797827117787424
1,0.8254321012878945
1,0.9989670100702956
1,0.567942734911778
1,0.9999999994887686
1,0.8000573997072858
1,0.9630617163884594
1,0.9975973853849096
1,0.7897284567780767
1,0.9999999994887686
1,0.9999220084695972
1,0.8900947496295784
1,0.8901153789427336
1,0.9999999994887686
1,0.6242884605445762
1,0.9988227682001202
1,0.9999999994887686
1,0.9999999994887686
1,0.9988026109085784
1,0.950326455685899
1,0.9999999994887686
1,0.8882672712914338
1,0.933722545234266
1,0.998789768397738
1,0.9999999994887686
1,0.9972207180332636
1,0.9999999994887686
1,0.7087630501561841
1,0.979786939078344
1,0.8429778894062068
1,0.7513036380333493
1,0.9991413416511312
1,0.7896481932417062
1,0.999999632046106
1,0.0476104644657279
1,0.9999999994887686
1,0.9999999994887686
1,0.9999999994887686
1,0.5772510697234841
1,0.5971922666096235
1,0.9999999994887686
1,0.9967610272436654
1,0.5495308813017685
1,0.8901100152511163
1,0.9999999994887686
1,0.9972212499073836
1,0.5168454218876354
1,0.9337271163650858
1,0.9999999994887686
1,0.2117151940002368
1,0.9989543620436824
1,0.7305946399377544
1,0.9337163202598824
1,0.0484482020451509
1,0.9999999994887686
1,0.9396667009869132
1,0.9999999994887686
1,0.8885376311366278
1,0.9420900407896072
1,0.8060999964614244
1,0.1569705993288917
1,0.9999999994887686
1,0.9999999994887686
1,0.9838130013677168
1,0.9262932844043238
1,0.525931323562094
1,0.7413226193358367
1,0.1778088692273686
1,0.997161540586468
1,0.9999999994887686
1,0.9999999994887686
1,0.7086687399782731
1,0.9989521831324568
1,0.8346578164977785
1,0.8769736592469757
1,0.8882712528488956
1,0.9560398890795336
1,0.9988022450270716
1,0.9999999994887686
1,0.939706507999713
1,0.9798491330522864
1,0.5327885518919296
1,0.9999999994887686
1,0.9975311856827712
1,0.9964385921795956
1,0.5509617156244323
1,0.958988906575033
1,0.9999999994887686
1,0.999141450161992
1,0.876975307209516
1,0.9503353903470656
1,0.9913747307488026
1,0.8167952315623657
1,0.9345031381401284
1,0.9855986322693026
1,0.0553588756953911
1,0.9999999994887686
1,0.949516920616022
1,0.0430707039432028
1,0.9999999994887686
1,0.7895883533923184
1,0.9989538408664688
1,0.9999999994887686
1,0.9913680918556312
1,0.7405355187455022
1,0.9999999994887686
1,0.9988259593838316
1,0.9999999994887686
1,0.9298846524883628
1,0.9816141500440624
1,0.9997245005725602
1,0.9855835194343208
1,0.97984993614304
1,0.9975978704667942
1,0.9974830396542508
1,0.9999999994887686
1,0.6365156464456595
1,0.9999999994887686
1,0.9999999994887686
1,0.9999999994887686
1,0.9975989476490283
1,0.5259094452739748
1,0.6566278370953871
1,0.8882790424753388
1,0.9918809784520528
1,0.7896108391303022
1,0.8254909183100193
1,0.8422935294220579
1,0.9262978941550098
1,0.9999999994887686
1,0.9971582205148852
1,0.9999999994887686
1,0.0484829531072193
1,0.9921465997888432
1,0.9999999994887686
1,0.9999999994887686
1,0.9964382283328772
1,0.9989550916912182
1,0.7404094112720261
1,0.7361482189039193
1,0.9999999994887686
1,0.8965910604417157
1,0.5333051237900381
1,0.5280760149376369
1,0.9999999994887686
1,0.9999999994887686
1,0.9797769416711212
1,0.9999999994887686
1,0.7799355406657711
1,0.9999220677894008
1,0.9968096891994886
1,0.534657682561802
1,0.9988023606171216
1,0.8347069144251518
1,0.9750097771294396
1,0.9853714011611476
1,0.9999999994887686
1,0.8347035672299219
1,0.9999999994887686
1,0.9999999982798212
1,0.9988024064266068
1,0.8900985372258156
1,0.9988254932614038
1,0.9590835686090444
1,0.5973853547032817
1,0.9989535329354756
1,0.5682127959509383
1,0.9999999994887686
1,0.9298940695388914
1,0.9345712588602684
1,0.8716141048411127
1,0.9557220446881638
1,0.9999999994887686
1,0.408598757549162
1,0.3331406082528303
1,0.7231560989344655
1,0.7313414042087161
1,0.8882836409095797
1,0.9999999994887686
1,0.944370537225662
1,0.9999999994887686
1,0.7510706762367195
1,0.5254550537684648
1,0.7896781729727425
1,0.9999999994887686
1,0.9999999994887686
1,0.9999999994887686
1,0.9999999994887686
1,0.9999999994887686
1,0.955784317655458
1,0.9999999994887686
1,0.9999999994887686
1,0.872342521243115
1,0.9503348410759048
1,0.9999999994887686
1,0.9999999994887686
1,0.9396517960914968
1,0.9999999994887686
1,0.9999999994887686
1,0.9495387294878256
1,0.9999999994887686
1,0.9337143843835256
1,0.7758564204229547
1,0.9443426289012822
1,0.5437233729401698
1,0.997532598702438
1,0.9999999994887686
1,0.9989535733731736
1,0.9999220994243248
1,0.9999999994887686
1,0.8968104895256068
1,0.8346235454696457
1,0.9971617749782208
1,0.8247118600991215
1,0.9998498969699088
1,0.9999999994887686
1,0.5346483595826165
1,0.9999999994887686
1,0.7758482897579281
1,0.8165896950928665
1,0.8247692038107958
1,0.9999999994887686
1,0.9999190868731476
1,0.9975771169547504
1,0.7791387596461216
1,0.9600388359667166
1,0.6437376276837197
1,0.9999999994887686
1,0.9999999994887686
1,0.9999190545756742
1,0.9968182271288076
1,0.9797961929882926
1,0.9999999994887686
1,0.9999999994887686
1,0.9126776792644368
1,0.9855959999343836
1,0.9999999994887686
1,0.9989551842987
1,0.9999999994887686
1,0.9999999994887686
1,0.8715102540324
1,0.9999999994887686
1,0.9503376523820908
1,0.9999999994887686
1,0.9836172205260966
1,0.9800067557626638
1,0.7113311201906829
1,0.0483814264644245
1,0.9999999994887686
1,0.9443495374701428
1,0.8900910097881337
1,0.5329315707161926
1,0.9921416959344156
1,0.9971598406135088
1,0.731364295781499
1,0.9988243803686876
1,0.8555129236119571
1,0.9856006360621938
1,0.5683785093670374
1,0.9999999994887686
1,0.9999779001545228
1,0.9988024289390066
1,0.5254948485275137
1,0.9967615506930896
1,0.9997250339139644
1,0.9988326528479398
1,0.0484177155958075
1,0.825628785352421
1,0.5202009590418946
1,0.9999999994887686
1,0.9999999994887686
1,0.9824365711022492
1,0.9991413043424644
1,0.9503682046227038
1,0.8059153815049725
1,0.9986271789378578
1,0.9968065184410636
1,0.9918726687050032
1,0.9999999994887686
1,0.9337231349733572
1,0.7895136817782459
1,0.997162007031995
1,0.9999999994887686
1,0.9351808608848592
1,0.9999999994887686
1,0.9855762160317184
1,0.9337222187628372
1,0.8193088955642935
1,0.9219259089395856
1,0.9999999994887686
1,0.9988044088247776
1,0.9443216887608232
1,0.8274994602086209
1,0.8967325112559291
1,0.5259271765833958
1,0.6290295573525081
1,0.987896015701388
1,0.99914137377745
1,0.9999999994887686
1,0.9909871692478154
1,0.9999999994887686
1,0.9420712877057964
1,0.7279763376700934
1,0.9990002085693888
1,0.8086283885648702
1,0.8167567646422152
1,0.9909936485222268
1,0.9322766667424244
1,0.9999999994887686
1,0.998953453732096
1,0.9999999994887686
1,0.5608876079279951
1,0.5683419940341411
1,0.7304488019417243
1,0.6366366319835712
1,0.9999999994887686
1,0.9991268865223976
1,0.9999999994887686
1,0.9532754742524586
1,0.9999999994887686
1,0.9999999994887686
1,0.9989538616007296
1,0.9999999994887686
1,0.991373592660132
1,0.992141339737454
1,0.9999999994887686
1,0.9999999994887686
1,0.8769853540638222
1,0.9999999994887686
1,0.9999999994887686
1,0.9630603437065716
1,0.808514570473875
1,0.9990026746317838
1,0.9999999994887686
1,0.94434159854918
1,0.9442985885788752
1,0.9999999994887686
1,0.8823852114735082
1,0.934588646514396
1,0.0483333048301605
1,0.9999999994887686
1,0.0267003987432206
1,0.855609268968221
1,0.960496573709584
1,0.9999999994887686
1,0.8346978646545851
1,0.9901319866671008
1,0.9918702737204826
1,0.9999999496925476
1,0.9999999994887686
1,0.9921422178834348
1,0.9352386320797336
1,0.9968197221475404
1,0.9855874086079796
1,0.9630638387045432
1,0.9975669907154828
1,0.740484092047316
1,0.9999999994887686
1,0.8000418613451317
1,0.9999999994887686
1,0.9991403695702856
1,0.9999999994887686
1,0.842851374923966
